8.040699 -8.767861 -4.381535 -11.446982 -0.604448 0.766014 -6.377426 -1.988554 -2.949926 -9.403426 0.280626 -6.580830
8.588907 -9.353185 -4.095187 -11.894315 -0.679546 0.984719 -6.678195 -2.161422 -2.723900 -9.687064 0.561968 -6.777553
8.588907 -9.353185 -4.095187 -11.894315 -0.679546 0.984719 -6.678195 -2.161422 -2.723900 -9.687064 0.561968 -6.777553
8.588907 -9.353185 -4.095187 -11.894315 -0.679546 0.984719 -6.678195 -2.161422 -2.723900 -9.687064 0.561968 -6.777553
8.588907 -9.353185 -4.095187 -11.894315 -0.679546 0.984719 -6.678195 -2.161422 -2.723900 -9.687064 0.561968 -6.777553
8.588907 -9.353185 -4.095187 -11.894315 -0.679546 0.984719 -6.678195 -2.161422 -2.723900 -9.687064 0.561968 -6.777553
8.588907 -9.353185 -4.095187 -11.894315 -0.679546 0.984719 -6.678195 -2.161422 -2.723900 -9.687064 0.561968 -6.777553
7.611795 -9.634369 -3.663012 -11.381807 -1.185665 0.992462 -6.684109 -2.385620 -2.192150 -8.733099 0.262663 -6.484313
8.588907 -9.353185 -4.095187 -11.894315 -0.679546 0.984719 -6.678195 -2.161422 -2.723900 -9.687064 0.561968 -6.777553
8.303969 -9.036292 -4.073545 -11.553035 -0.623797 0.997635 -6.293030 -2.255833 -2.806418 -9.549625 0.398405 -6.641547
8.377267 -9.099602 -4.354989 -11.758080 -0.680990 0.799646 -6.740893 -1.895967 -2.832119 -9.520287 0.448278 -6.713231
8.588907 -9.353185 -4.095187 -11.894315 -0.679546 0.984719 -6.678195 -2.161422 -2.723900 -9.687064 0.561968 -6.777553
8.588907 -9.353185 -4.095187 -11.894315 -0.679546 0.984719 -6.678195 -2.161422 -2.723900 -9.687064 0.561968 -6.777553
8.588907 -9.353185 -4.095187 -11.894315 -0.679546 0.984719 -6.678195 -2.161422 -2.723900 -9.687064 0.561968 -6.777553
8.588907 -9.353185 -4.095187 -11.894315 -0.679546 0.984719 -6.678195 -2.161422 -2.723900 -9.687064 0.561968 -6.777553
8.588907 -9.353185 -4.095187 -11.894315 -0.679546 0.984719 -6.678195 -2.161422 -2.723900 -9.687064 0.561968 -6.777553
8.588907 -9.353185 -4.095187 -11.894315 -0.679546 0.984719 -6.678195 -2.161422 -2.723900 -9.687064 0.561968 -6.777553
8.009414 -8.694457 -4.682718 -11.699988 -0.023709 0.650803 -6.068115 -2.088590 -3.349777 -9.879369 0.239312 -6.553428
7.090174 -11.101965 -3.008872 -11.821399 -1.909040 1.017604 -7.315583 -3.646589 -1.116504 -8.643843 0.821147 -6.614614
8.588907 -9.353185 -4.095187 -11.894315 -0.679546 0.984719 -6.678195 -2.161422 -2.723900 -9.687064 0.561968 -6.777553
8.588907 -9.353185 -4.095187 -11.894315 -0.679546 0.984719 -6.678195 -2.161422 -2.723900 -9.687064 0.561968 -6.777553
8.588907 -9.353185 -4.095187 -11.894315 -0.679546 0.984719 -6.678195 -2.161422 -2.723900 -9.687064 0.561968 -6.777553
8.588907 -9.353185 -4.095187 -11.894315 -0.679546 0.984719 -6.678195 -2.161422 -2.723900 -9.687064 0.561968 -6.777553
8.588907 -9.353185 -4.095187 -11.894315 -0.679546 0.984719 -6.678195 -2.161422 -2.723900 -9.687064 0.561968 -6.777553
8.588907 -9.353185 -4.095187 -11.894315 -0.679546 0.984719 -6.678195 -2.161422 -2.723900 -9.687064 0.561968 -6.777553
8.588907 -9.353185 -4.095187 -11.894315 -0.679546 0.984719 -6.678195 -2.161422 -2.723900 -9.687064 0.561968 -6.777553
8.588907 -9.353185 -4.095187 -11.894315 -0.679546 0.984719 -6.678195 -2.161422 -2.723900 -9.687064 0.561968 -6.777553
8.346760 -9.063200 -4.399503 -11.746490 -0.669258 0.770344 -6.746540 -1.854503 -2.860631 -9.506633 0.433263 -6.716570
8.588907 -9.353185 -4.095187 -11.894315 -0.679546 0.984719 -6.678195 -2.161422 -2.723900 -9.687064 0.561968 -6.777553
8.588907 -9.353185 -4.095187 -11.894315 -0.679546 0.984719 -6.678195 -2.161422 -2.723900 -9.687064 0.561968 -6.777553
8.588907 -9.353185 -4.095187 -11.894315 -0.679546 0.984719 -6.678195 -2.161422 -2.723900 -9.687064 0.561968 -6.777553
8.588907 -9.353185 -4.095187 -11.894315 -0.679546 0.984719 -6.678195 -2.161422 -2.723900 -9.687064 0.561968 -6.777553
8.588907 -9.353185 -4.095187 -11.894315 -0.679546 0.984719 -6.678195 -2.161422 -2.723900 -9.687064 0.561968 -6.777553
8.588907 -9.353185 -4.095187 -11.894315 -0.679546 0.984719 -6.678195 -2.161422 -2.723900 -9.687064 0.561968 -6.777553
7.965583 -8.657953 -4.411150 -11.377229 -0.601125 0.765656 -6.292111 -2.043128 -3.072303 -9.455264 0.253193 -6.622970
8.588907 -9.353185 -4.095187 -11.894315 -0.679546 0.984719 -6.678195 -2.161422 -2.723900 -9.687064 0.561968 -6.777553
8.588907 -9.353185 -4.095187 -11.894315 -0.679546 0.984719 -6.678195 -2.161422 -2.723900 -9.687064 0.561968 -6.777553
7.411456 -10.466539 -3.660459 -12.020446 -1.768134 0.850824 -7.573658 -3.257265 -1.034048 -8.675051 1.091760 -6.394029
6.918433 -7.804844 -5.806100 -11.650981 0.799787 -0.285309 -5.679856 -1.978563 -4.009343 -10.225206 -0.625462 -6.140342
8.492096 -9.226655 -4.610782 -12.148601 -0.196116 0.626332 -6.534392 -2.106024 -2.958636 -9.913612 0.228241 -6.415722
8.324684 -9.029397 -4.395991 -11.821470 -0.293237 0.656110 -6.433183 -2.167750 -2.931604 -9.840145 0.376296 -6.488010
8.588907 -9.353185 -4.095187 -11.894315 -0.679546 0.984719 -6.678195 -2.161422 -2.723900 -9.687064 0.561968 -6.777553
8.588907 -9.353185 -4.095187 -11.894315 -0.679546 0.984719 -6.678195 -2.161422 -2.723900 -9.687064 0.561968 -6.777553
8.588907 -9.353185 -4.095187 -11.894315 -0.679546 0.984719 -6.678195 -2.161422 -2.723900 -9.687064 0.561968 -6.777553
6.158146 -8.624391 -4.380351 -10.620698 -0.780454 0.651191 -5.832614 -2.071429 -2.583753 -8.098202 -0.815942 -6.083605
8.588907 -9.353185 -4.095187 -11.894315 -0.679546 0.984719 -6.678195 -2.161422 -2.723900 -9.687064 0.561968 -6.777553
8.588907 -9.353185 -4.095187 -11.894315 -0.679546 0.984719 -6.678195 -2.161422 -2.723900 -9.687064 0.561968 -6.777553
8.588907 -9.353185 -4.095187 -11.894315 -0.679546 0.984719 -6.678195 -2.161422 -2.723900 -9.687064 0.561968 -6.777553
8.588907 -9.353185 -4.095187 -11.894315 -0.679546 0.984719 -6.678195 -2.161422 -2.723900 -9.687064 0.561968 -6.777553
8.588907 -9.353185 -4.095187 -11.894315 -0.679546 0.984719 -6.678195 -2.161422 -2.723900 -9.687064 0.561968 -6.777553
8.588907 -9.353185 -4.095187 -11.894315 -0.679546 0.984719 -6.678195 -2.161422 -2.723900 -9.687064 0.561968 -6.777553
8.381635 -9.101972 -4.355167 -11.764437 -0.673956 0.800512 -6.737801 -1.897051 -2.837313 -9.528195 0.449483 -6.720037
8.588907 -9.353185 -4.095187 -11.894315 -0.679546 0.984719 -6.678195 -2.161422 -2.723900 -9.687064 0.561968 -6.777553
8.588907 -9.353185 -4.095187 -11.894315 -0.679546 0.984719 -6.678195 -2.161422 -2.723900 -9.687064 0.561968 -6.777553
8.588907 -9.353185 -4.095187 -11.894315 -0.679546 0.984719 -6.678195 -2.161422 -2.723900 -9.687064 0.561968 -6.777553
8.588907 -9.353185 -4.095187 -11.894315 -0.679546 0.984719 -6.678195 -2.161422 -2.723900 -9.687064 0.561968 -6.777553
8.588907 -9.353185 -4.095187 -11.894315 -0.679546 0.984719 -6.678195 -2.161422 -2.723900 -9.687064 0.561968 -6.777553
8.588907 -9.353185 -4.095187 -11.894315 -0.679546 0.984719 -6.678195 -2.161422 -2.723900 -9.687064 0.561968 -6.777553
8.588907 -9.353185 -4.095187 -11.894315 -0.679546 0.984719 -6.678195 -2.161422 -2.723900 -9.687064 0.561968 -6.777553
8.588907 -9.353185 -4.095187 -11.894315 -0.679546 0.984719 -6.678195 -2.161422 -2.723900 -9.687064 0.561968 -6.777553
8.588907 -9.353185 -4.095187 -11.894315 -0.679546 0.984719 -6.678195 -2.161422 -2.723900 -9.687064 0.561968 -6.777553
8.588907 -9.353185 -4.095187 -11.894315 -0.679546 0.984719 -6.678195 -2.161422 -2.723900 -9.687064 0.561968 -6.777553
8.588907 -9.353185 -4.095187 -11.894315 -0.679546 0.984719 -6.678195 -2.161422 -2.723900 -9.687064 0.561968 -6.777553
8.588907 -9.353185 -4.095187 -11.894315 -0.679546 0.984719 -6.678195 -2.161422 -2.723900 -9.687064 0.561968 -6.777553
8.588907 -9.353185 -4.095187 -11.894315 -0.679546 0.984719 -6.678195 -2.161422 -2.723900 -9.687064 0.561968 -6.777553
8.588907 -9.353185 -4.095187 -11.894315 -0.679546 0.984719 -6.678195 -2.161422 -2.723900 -9.687064 0.561968 -6.777553
8.588907 -9.353185 -4.095187 -11.894315 -0.679546 0.984719 -6.678195 -2.161422 -2.723900 -9.687064 0.561968 -6.777553
8.588907 -9.353185 -4.095187 -11.894315 -0.679546 0.984719 -6.678195 -2.161422 -2.723900 -9.687064 0.561968 -6.777553
8.588907 -9.353185 -4.095187 -11.894315 -0.679546 0.984719 -6.678195 -2.161422 -2.723900 -9.687064 0.561968 -6.777553
8.588907 -9.353185 -4.095187 -11.894315 -0.679546 0.984719 -6.678195 -2.161422 -2.723900 -9.687064 0.561968 -6.777553
8.588907 -9.353185 -4.095187 -11.894315 -0.679546 0.984719 -6.678195 -2.161422 -2.723900 -9.687064 0.561968 -6.777553
8.588907 -9.353185 -4.095187 -11.894315 -0.679546 0.984719 -6.678195 -2.161422 -2.723900 -9.687064 0.561968 -6.777553
8.588907 -9.353185 -4.095187 -11.894315 -0.679546 0.984719 -6.678195 -2.161422 -2.723900 -9.687064 0.561968 -6.777553
8.588907 -9.353185 -4.095187 -11.894315 -0.679546 0.984719 -6.678195 -2.161422 -2.723900 -9.687064 0.561968 -6.777553
8.588907 -9.353185 -4.095187 -11.894315 -0.679546 0.984719 -6.678195 -2.161422 -2.723900 -9.687064 0.561968 -6.777553
8.588907 -9.353185 -4.095187 -11.894315 -0.679546 0.984719 -6.678195 -2.161422 -2.723900 -9.687064 0.561968 -6.777553
8.588907 -9.353185 -4.095187 -11.894315 -0.679546 0.984719 -6.678195 -2.161422 -2.723900 -9.687064 0.561968 -6.777553
8.588907 -9.353185 -4.095187 -11.894315 -0.679546 0.984719 -6.678195 -2.161422 -2.723900 -9.687064 0.561968 -6.777553
8.588907 -9.353185 -4.095187 -11.894315 -0.679546 0.984719 -6.678195 -2.161422 -2.723900 -9.687064 0.561968 -6.777553
8.588907 -9.353185 -4.095187 -11.894315 -0.679546 0.984719 -6.678195 -2.161422 -2.723900 -9.687064 0.561968 -6.777553
8.588907 -9.353185 -4.095187 -11.894315 -0.679546 0.984719 -6.678195 -2.161422 -2.723900 -9.687064 0.561968 -6.777553
7.080834 -7.913432 -5.497992 -11.241258 -0.123134 -0.108445 -6.393198 -1.326259 -3.519903 -9.162273 -0.343305 -6.428576
8.588907 -9.353185 -4.095187 -11.894315 -0.679546 0.984719 -6.678195 -2.161422 -2.723900 -9.687064 0.561968 -6.777553
8.588907 -9.353185 -4.095187 -11.894315 -0.679546 0.984719 -6.678195 -2.161422 -2.723900 -9.687064 0.561968 -6.777553
8.588907 -9.353185 -4.095187 -11.894315 -0.679546 0.984719 -6.678195 -2.161422 -2.723900 -9.687064 0.561968 -6.777553
8.588907 -9.353185 -4.095187 -11.894315 -0.679546 0.984719 -6.678195 -2.161422 -2.723900 -9.687064 0.561968 -6.777553
8.588907 -9.353185 -4.095187 -11.894315 -0.679546 0.984719 -6.678195 -2.161422 -2.723900 -9.687064 0.561968 -6.777553
8.588907 -9.353185 -4.095187 -11.894315 -0.679546 0.984719 -6.678195 -2.161422 -2.723900 -9.687064 0.561968 -6.777553
8.588907 -9.353185 -4.095187 -11.894315 -0.679546 0.984719 -6.678195 -2.161422 -2.723900 -9.687064 0.561968 -6.777553
8.588907 -9.353185 -4.095187 -11.894315 -0.679546 0.984719 -6.678195 -2.161422 -2.723900 -9.687064 0.561968 -6.777553
8.588907 -9.353185 -4.095187 -11.894315 -0.679546 0.984719 -6.678195 -2.161422 -2.723900 -9.687064 0.561968 -6.777553
8.588907 -9.353185 -4.095187 -11.894315 -0.679546 0.984719 -6.678195 -2.161422 -2.723900 -9.687064 0.561968 -6.777553
8.588907 -9.353185 -4.095187 -11.894315 -0.679546 0.984719 -6.678195 -2.161422 -2.723900 -9.687064 0.561968 -6.777553
8.588907 -9.353185 -4.095187 -11.894315 -0.679546 0.984719 -6.678195 -2.161422 -2.723900 -9.687064 0.561968 -6.777553
8.588907 -9.353185 -4.095187 -11.894315 -0.679546 0.984719 -6.678195 -2.161422 -2.723900 -9.687064 0.561968 -6.777553
8.588907 -9.353185 -4.095187 -11.894315 -0.679546 0.984719 -6.678195 -2.161422 -2.723900 -9.687064 0.561968 -6.777553
8.588907 -9.353185 -4.095187 -11.894315 -0.679546 0.984719 -6.678195 -2.161422 -2.723900 -9.687064 0.561968 -6.777553
7.384517 -8.984254 -5.263479 -12.013665 -0.661371 0.065162 -7.079595 -1.406164 -2.757136 -8.789541 -0.048919 -6.214307
8.029041 -8.468173 -4.541254 -11.327167 -0.360451 0.620331 -6.202805 -1.555798 -3.347844 -9.202470 0.244188 -6.388278
8.588907 -9.353185 -4.095187 -11.894315 -0.679546 0.984719 -6.678195 -2.161422 -2.723900 -9.687064 0.561968 -6.777553
-11.655169 11.631010 -19.824722 -1.496683 3.067106 -16.696222 -5.598503 5.063524 -25.832466 -7.848375 1.672609 -8.333961
-17.799963 16.499056 -23.171438 1.799136 1.234993 -23.182789 -6.979843 5.059718 -33.302006 -7.984341 2.613370 -6.061430
-15.455038 13.564553 -19.912411 0.674578 -0.265283 -20.428427 -7.796489 5.913838 -28.044106 -6.128357 2.893910 -5.370133
-14.686316 12.686217 -19.741423 0.301745 5.045087 -18.698942 -2.687415 1.289549 -25.100437 -9.274002 0.169449 -2.596753
-12.286667 12.591825 -19.088598 -0.557179 4.931725 -16.448488 -1.549435 0.923386 -24.968433 -10.075730 -0.306918 -5.398889
-10.923787 9.786415 -16.708126 -1.611729 3.270095 -16.182526 -5.565863 3.102175 -21.434137 -7.261303 1.057570 -2.088291
-11.662216 12.519864 -18.057341 -0.176691 1.813395 -16.894588 -5.048717 4.312733 -24.608337 -6.082797 0.101255 -4.438352
-16.814957 11.655293 -20.025488 0.994822 4.823890 -18.710773 -2.328282 -0.149442 -25.155840 -8.420208 -0.118417 -2.256622
-15.011269 12.956719 -18.429123 1.741134 0.770632 -19.423008 -6.480675 3.207565 -26.317144 -6.704131 2.356291 -3.770476
-14.849541 11.681097 -19.001431 0.313655 3.072977 -19.012569 -4.841439 3.549227 -24.423046 -6.571671 0.097458 -2.413702
-12.199456 8.502553 -14.570462 0.013219 3.457466 -15.041215 -2.865981 -0.154268 -18.362650 -7.124036 0.513018 -0.310374
-14.260180 12.625127 -18.287754 1.314836 3.326810 -18.899826 -4.258669 2.141307 -24.944143 -7.659468 0.255516 -2.528389
-14.028161 14.108404 -19.220903 1.661526 1.851086 -19.056908 -5.500887 2.892360 -28.983114 -9.208293 2.048808 -6.123873
-12.586976 12.591245 -18.516977 0.004789 3.348675 -17.872496 -3.840535 3.073487 -24.619621 -7.306747 -0.250620 -3.518309
-11.130081 11.422395 -16.549313 0.433852 -0.417169 -15.429733 -6.387094 4.782306 -23.571779 -5.559093 1.964472 -6.328608
-12.000446 12.040719 -17.005156 0.588468 1.268103 -16.979424 -5.764056 3.599532 -23.815298 -6.308166 1.455782 -3.926250
-13.066379 10.993487 -17.443052 0.050871 2.978538 -17.209948 -4.230287 2.547732 -22.175266 -6.999350 0.100766 -2.028110
-13.257005 12.008621 -17.792246 0.210440 4.628429 -17.552763 -1.994877 0.121165 -22.948303 -8.442896 -0.518299 -2.151996
-15.712303 13.154659 -18.649698 2.262377 -0.463126 -19.437452 -6.722147 3.431456 -27.380497 -6.001133 2.422816 -4.883069
-13.227942 13.714911 -19.913273 -0.277815 4.321803 -17.774555 -2.539947 2.371223 -27.605532 -9.885249 0.637947 -4.842861
-17.525312 13.871966 -21.026556 1.424000 4.072599 -21.544357 -3.605872 1.636435 -28.621576 -8.809211 -0.052448 -1.481805
-21.870186 17.067850 -24.269527 4.012525 2.952710 -25.873623 -5.214702 1.036343 -35.101311 -9.644225 1.129193 -3.405093
-15.571256 14.013639 -21.889637 -0.462863 5.203932 -20.878748 -3.401573 2.970154 -28.166794 -8.915389 -0.838033 -2.380815
-14.222558 12.861271 -20.272205 -0.848536 6.269111 -19.548332 -2.890328 1.884938 -27.085880 -10.503436 -0.802463 -2.120790
-21.179552 16.851252 -25.671421 2.249081 0.292527 -26.230782 -10.120970 6.678300 -34.701969 -5.866207 1.906265 -5.159087
-12.621623 10.298194 -16.024368 0.690277 -0.457546 -17.176283 -7.315433 4.563897 -21.983189 -4.030907 1.964663 -2.134610
-15.099450 14.039362 -18.617838 2.367467 -1.167200 -19.805208 -7.082343 4.919939 -27.988134 -5.622758 2.267424 -5.245944
-19.222284 15.231892 -22.073618 2.933621 0.439042 -23.695759 -6.756038 3.958276 -31.845751 -5.927596 0.757889 -3.990266
-15.603320 13.762540 -20.292906 0.819219 3.247051 -20.723055 -4.216176 1.995193 -27.166658 -7.466095 0.365587 -2.771613
-20.847046 14.897802 -23.648447 2.942963 2.168812 -24.848911 -5.442883 3.518952 -31.467117 -7.062676 -1.211671 -2.449038
-13.548162 13.734745 -20.237509 -0.028354 3.224230 -19.651590 -5.722740 4.436711 -27.283487 -8.371694 0.816197 -5.113878
-16.464827 11.810987 -20.716284 -0.117402 2.224347 -21.045790 -6.392416 5.308023 -25.501104 -4.810997 -0.567734 -2.911797
-16.243576 11.833482 -19.459127 0.329241 3.752568 -19.233147 -2.705955 1.469453 -24.332443 -5.944378 -0.879172 -0.349039
-13.726731 11.888940 -19.039906 -0.665594 6.258480 -17.384548 -0.991251 0.402548 -24.435591 -10.522069 -0.073960 -1.958438
-12.324112 11.440282 -19.155556 -1.099195 1.793506 -18.364689 -7.555244 6.430844 -24.238319 -5.711181 0.957738 -4.518233
-12.106899 12.226957 -18.643873 -1.004685 3.407108 -17.405310 -4.578069 3.899902 -24.776308 -7.918778 0.494773 -2.840604
-16.824518 11.461099 -19.957693 0.807084 4.471908 -20.056948 -3.166477 2.384107 -25.953165 -7.049265 -1.264497 0.013147
-12.728778 12.069484 -18.136257 0.438746 -0.980542 -17.011654 -7.512866 6.278518 -25.455587 -4.775234 2.596065 -5.387372
-12.187251 12.878485 -17.474829 0.767218 1.077304 -17.448156 -5.438997 3.368165 -25.466490 -6.971939 0.985052 -5.404961
-11.817088 11.263781 -17.357853 -0.054637 -1.601476 -17.210003 -8.883168 6.601932 -24.179367 -3.714856 2.416084 -4.541362
-12.758773 10.597038 -17.164951 -0.043137 -0.155653 -17.591373 -8.231997 4.617890 -23.885254 -5.557425 3.147705 -4.029718
-18.103828 14.805768 -22.631226 2.129526 0.054843 -22.375214 -6.886064 5.819350 -32.597782 -6.221910 -0.067629 -5.375052
-12.742200 10.699421 -17.507698 -1.064704 3.063632 -18.345306 -5.661355 4.330434 -21.911232 -5.199874 -0.199587 -1.482396
-10.494799 12.087764 -17.278650 0.170546 -0.504738 -17.076277 -7.439780 4.872738 -25.392389 -6.761945 2.525344 -6.406894
-9.882483 9.140997 -14.227936 -0.026479 0.618771 -14.465219 -6.118953 3.899278 -18.980997 -4.959665 1.150346 -3.214003
-11.786968 11.561305 -17.941313 -0.880947 1.918211 -17.580717 -6.593703 5.131557 -23.275785 -5.722368 1.108086 -3.460247
-13.206739 11.568046 -19.773827 -1.564759 5.705302 -18.276009 -3.280415 2.277475 -24.394291 -8.984478 -1.475529 -0.647745
-15.905592 15.658556 -21.945539 1.701425 2.353076 -21.258797 -5.151406 3.886111 -31.650532 -8.091523 0.708954 -5.397410
-18.201759 15.192191 -22.486206 2.107777 2.093945 -22.312075 -5.293280 3.299872 -31.431801 -7.965637 1.019040 -5.150725
-17.913479 16.212694 -23.722431 1.069733 1.519853 -22.457598 -6.618239 4.012968 -31.668356 -8.003681 2.833741 -7.259675
-7.104883 8.483829 -15.300354 -3.159233 3.165183 -13.263807 -5.349277 3.831061 -18.906796 -7.229935 0.671608 -4.044520
-9.457149 9.924866 -15.441894 -1.319649 0.314997 -14.970116 -7.311898 5.143491 -21.030722 -4.775534 1.697427 -4.092950
-9.192231 11.013724 -15.660177 0.132628 1.607779 -14.820786 -4.506044 2.146951 -24.069979 -9.422564 1.992770 -6.467789
-18.918478 15.668504 -23.206091 1.673776 6.796496 -22.085405 -0.684560 -2.201959 -31.679897 -13.590591 0.481945 -3.507181
-8.705978 10.348564 -15.482279 -1.541923 5.348180 -13.852408 -1.216240 0.517356 -20.251740 -10.099230 -1.023657 -3.944434
-34.898518 20.712425 -36.986763 3.806645 10.022489 -36.625637 -0.374348 -2.263333 -47.446892 -13.096189 -6.120055 0.990402
-10.571616 11.474670 -18.165005 -1.043222 5.310528 -16.929255 -3.622115 2.560714 -23.558561 -9.326314 -0.735729 -4.421198
-9.706206 10.401453 -17.552591 -2.556969 0.501866 -15.560083 -6.995835 6.210171 -23.056988 -6.103109 1.920146 -6.961625
-18.355503 15.934238 -23.923100 2.530653 -1.301102 -23.290350 -9.654410 6.502536 -35.197647 -7.355856 3.513730 -7.132246
-21.930891 18.762226 -26.896408 3.416808 -0.661075 -26.517626 -8.960345 5.808131 -38.640045 -8.484698 3.998589 -6.992708
-24.778784 18.728937 -28.075809 3.375914 1.020877 -28.708336 -7.494935 3.661667 -38.696415 -7.969761 2.720537 -4.055076
-10.692747 11.868964 -19.295317 -1.459521 3.885042 -16.642693 -4.529660 3.006788 -26.077414 -10.733667 1.564052 -6.412098
-12.715129 10.918765 -16.784266 0.269830 -0.997694 -17.034670 -6.810581 4.682483 -22.293053 -4.436482 1.397783 -3.985670
-10.110160 10.790420 -17.028912 -1.581056 3.183997 -15.971750 -5.195529 4.373497 -21.044228 -6.620217 -0.273355 -3.428138
-22.734707 16.371367 -23.343227 4.598677 -2.446708 -26.155621 -9.796352 4.167874 -34.276218 -5.082455 3.599697 -5.397999
-22.587425 17.743479 -25.460661 4.453753 1.860105 -26.147917 -4.747090 2.095028 -36.783276 -8.635221 1.207254 -3.721353
-12.082850 12.176427 -18.146601 -0.587522 5.613608 -17.467089 -2.638793 1.407033 -23.728086 -9.951936 -0.850834 -3.792712
-10.700310 9.507825 -17.825256 -2.398103 -1.082766 -15.930745 -8.455071 5.247072 -25.217775 -6.976327 4.666628 -9.684880
-18.610739 13.990692 -18.813772 4.335433 -0.037273 -21.318443 -5.087365 1.629542 -29.036057 -7.028019 1.484324 -3.542191
-16.615824 13.761061 -20.713051 0.471783 2.031090 -20.543617 -5.947597 4.255941 -27.355930 -7.434433 2.544805 -2.985836
-17.854645 14.731565 -19.759886 3.389613 -3.003778 -22.652084 -9.736193 4.147858 -30.808041 -5.728976 5.055223 -5.014160
-18.541979 16.255785 -23.845200 1.555136 -1.070779 -22.898182 -9.074021 5.907296 -33.381031 -6.638575 4.290080 -8.309492
-11.348868 11.836505 -17.248743 -0.640429 1.286057 -16.185074 -5.064565 3.535411 -23.827517 -7.205431 2.148943 -4.927598
-25.722874 19.016638 -30.649052 2.359509 5.332952 -28.714228 -4.937927 3.010564 -40.064404 -12.072189 1.931030 -2.629923
-11.988520 12.464042 -19.457535 -1.279642 -1.604348 -18.873055 -9.889040 8.015640 -27.209869 -5.388689 3.211562 -8.303911
-10.041850 11.056868 -17.980772 -2.636776 4.724373 -15.440861 -3.239658 2.223661 -23.142138 -10.202744 0.379371 -6.038512
-9.893437 9.695196 -16.724615 -2.215205 5.958838 -14.021604 -1.135900 0.741336 -20.249243 -9.835374 -0.591332 -3.011541
-8.876593 10.039559 -16.572025 -2.132079 6.743725 -13.105006 0.400400 -1.048742 -20.655439 -11.953916 -1.434429 -4.404486
-14.998251 14.102361 -20.808615 0.625984 4.440127 -19.436468 -2.738915 1.534249 -29.464066 -11.126170 1.598332 -5.722717
-16.262829 14.538221 -22.209797 1.070366 -2.347869 -22.142229 -11.621207 7.563672 -31.728390 -5.707414 4.578524 -8.539629
-13.737662 12.385653 -20.101227 -0.764241 1.780206 -18.575382 -7.247615 4.653084 -26.462591 -7.535185 2.734249 -5.522586
-18.602135 16.205376 -24.024225 2.220795 2.583967 -23.982975 -6.153041 3.047288 -33.019257 -9.106116 1.486204 -5.179429
-19.447302 16.689232 -23.665707 2.916037 2.536144 -24.222055 -5.520996 2.879968 -33.397430 -8.620746 1.046981 -4.250107
-21.065722 15.493741 -24.066612 2.089577 -0.849520 -25.600023 -9.556014 8.011709 -33.766518 -5.067552 2.112644 -3.995248
-12.851171 11.826757 -16.809338 1.971860 0.870169 -16.595425 -4.405745 1.653127 -25.738333 -7.884325 1.622610 -6.039155
-14.714343 12.750242 -19.578815 -0.193419 -2.198067 -20.468668 -10.341119 7.132662 -28.257303 -5.981927 4.366951 -5.315107
-17.640314 16.896854 -23.286352 2.199376 -0.613210 -24.002220 -9.158441 6.042256 -35.775875 -7.340132 1.929850 -7.894015
-22.554451 16.903324 -24.431017 4.219261 1.469127 -27.356249 -7.175198 2.076260 -36.048737 -8.162065 2.199114 -3.860271
-15.225233 14.151608 -21.585535 1.171164 2.854922 -20.984316 -6.302827 4.533263 -29.626682 -7.861983 0.709372 -4.818791
-16.983183 14.400040 -21.612518 1.575826 4.686253 -21.816422 -4.674009 -0.065894 -28.889853 -11.457679 2.139130 -4.443985
-14.379868 14.990756 -22.297815 0.634061 5.213785 -20.367908 -3.698085 2.175892 -31.380556 -11.897908 0.127951 -6.111149
-17.451729 16.939348 -23.744114 1.557684 1.561248 -22.310564 -6.479745 5.335157 -33.819302 -8.983638 2.030333 -6.134326
-14.122933 13.705955 -18.988026 1.058660 2.545166 -19.089617 -4.261114 2.121984 -27.973000 -9.265658 1.181384 -4.963881
-13.962001 15.236487 -19.399202 1.878972 2.000318 -19.403383 -4.204255 3.342539 -29.934462 -9.109979 0.471640 -5.814204
-8.000043 9.394486 -17.483923 -3.219144 5.746978 -13.915717 -2.967399 2.795792 -21.670431 -9.726644 -0.950133 -4.566459
-21.484451 14.417341 -24.081724 3.036156 -0.501995 -25.622272 -10.943923 7.234286 -34.663074 -4.983542 2.411284 -5.047801
-17.036398 15.509006 -21.412336 2.910261 -0.140658 -21.555428 -5.640492 3.156221 -32.271290 -7.312613 0.999169 -5.629032
-13.948031 13.803480 -21.065662 -0.075582 0.806843 -20.097572 -8.343334 4.433775 -29.863129 -8.872702 4.408083 -6.648306
-11.091390 12.108399 -18.697533 -1.062764 0.217001 -17.188137 -7.850987 5.512619 -25.818983 -6.917791 3.063029 -6.395714
-13.826394 15.175788 -20.614557 0.421699 1.038986 -19.579807 -6.412586 4.083520 -29.663462 -8.657057 3.035192 -7.214579
-12.621056 -20.593351 11.334579 1.049678 -17.313951 3.557134 -3.230006 -14.278965 -5.694416 -8.756316 0.452968 -6.080674
-22.976631 -29.592897 15.543360 2.139816 -25.884964 0.812216 -5.419237 -23.658905 -3.628309 -5.711053 -1.156962 -5.199135
-32.514259 -34.404087 21.022762 6.320432 -35.874683 -3.719990 -11.147656 -29.385496 -5.384306 -4.648808 -0.307074 -6.541336
-21.133711 -29.511225 16.470432 1.021894 -26.423479 -0.853479 -9.660111 -21.225788 -1.971504 -4.958339 -0.465119 -4.213173
-23.998585 -32.866055 16.597979 1.196556 -28.713854 0.721767 -9.099824 -25.249910 -2.818065 -5.214464 -2.195720 -4.706694
-10.649337 -23.569767 10.322411 -3.807644 -17.897732 5.217403 -4.598585 -14.357300 -1.135693 -7.010460 2.368933 -7.642569
-11.088892 -20.346132 11.572348 0.320501 -16.285908 2.123036 -5.181885 -13.706304 -2.687387 -6.287891 -0.619015 -4.653710
-15.140044 -25.696545 12.955754 -0.187499 -21.263208 2.920096 -6.050022 -18.617460 -2.127398 -6.593111 0.023926 -6.416682
-13.570125 -27.484669 10.980002 -4.903496 -20.942644 4.035335 -8.657285 -17.316704 2.964501 -3.970920 1.025371 -5.312206
-21.782480 -27.621031 15.428863 1.981401 -25.780987 -0.351066 -8.608095 -19.941666 -3.911818 -6.471465 0.629965 -5.702438
-21.617834 -27.304811 16.600306 3.440025 -25.712057 -0.896193 -8.171328 -19.957026 -3.841151 -5.576661 -1.275470 -5.127780
-27.234934 -33.921627 15.896580 0.470182 -32.667297 1.855655 -8.468161 -27.016600 -1.289799 -3.682033 2.216457 -8.927867
-19.411180 -30.451286 15.714503 -0.099396 -25.208284 3.106433 -7.198143 -21.346674 -2.695828 -7.007779 -0.108654 -6.147303
-18.664984 -27.343418 12.827064 -1.376739 -21.516754 -1.570906 -9.099860 -18.872118 2.192460 -2.404581 -2.234988 -2.198840
-9.541352 -22.330961 9.460670 -4.159917 -16.713900 5.016129 -5.388837 -13.810439 -0.385736 -6.344317 2.225374 -6.495040
-16.414743 -29.037430 12.894234 -3.267193 -23.572382 6.229376 -4.691273 -20.466696 -1.946687 -6.372898 3.873596 -9.358078
-18.687140 -28.435411 14.037768 -1.260925 -23.985641 3.085169 -6.488437 -20.031994 -1.534551 -5.775672 1.460638 -6.423593
-13.707102 -26.784605 12.507757 -3.968065 -20.784193 2.733305 -8.066247 -17.070982 1.535829 -4.602565 1.413093 -5.108603
-13.778296 -27.648375 8.455454 -5.706742 -20.541990 9.189898 -1.636547 -19.269638 0.858536 -5.456226 2.937305 -9.930202
-16.124178 -24.308289 12.857816 -0.799610 -20.182869 -0.050393 -7.218423 -16.238350 -1.352527 -3.833600 0.249807 -4.194748
-15.394129 -22.904417 13.308497 1.397408 -19.210011 0.258174 -6.303923 -16.152218 -3.024312 -5.620128 -0.976914 -4.102901
-13.675901 -23.129290 12.562953 0.731040 -17.838938 3.145296 -3.281654 -16.563568 -3.433443 -6.107046 -0.802516 -4.855522
-17.942869 -24.670933 13.228507 2.002704 -21.600193 2.746717 -3.140931 -19.156879 -5.305391 -7.938345 -0.666034 -6.005353
-18.903347 -27.403982 15.230082 2.229508 -24.828566 2.196321 -7.331689 -19.301498 -4.191592 -6.300335 -1.903546 -3.581631
-17.530268 -28.566835 12.867399 -1.138178 -24.461502 5.661295 -6.362700 -19.659290 -1.343459 -6.086235 0.007268 -5.752195
-18.052946 -27.065172 10.988095 -2.788178 -21.188059 2.163658 -5.890617 -19.978477 -0.110761 -5.712207 0.618466 -4.984455
-20.569185 -31.014103 11.735680 -3.329494 -23.707325 -0.945492 -10.077984 -23.544037 3.778262 -1.406192 0.383479 -3.042625
-21.480659 -28.771940 15.665092 2.721153 -25.512072 2.540390 -3.906009 -23.167713 -5.468440 -7.615462 -0.628233 -6.003406
-19.331715 -29.393845 15.816059 0.574269 -24.513485 2.864824 -6.140440 -20.496798 -3.346573 -6.933969 -0.870807 -5.830249
-23.761110 -28.577457 18.106020 4.910547 -28.113218 0.515567 -6.266556 -23.036943 -6.153873 -6.139736 0.158121 -7.818374
-27.122738 -29.594143 16.909575 6.066575 -29.383911 -1.776002 -8.119083 -24.690187 -5.790623 -5.398018 -1.020993 -4.875608
-18.655790 -26.288076 14.284654 0.817317 -22.852566 1.614714 -6.123325 -19.417366 -2.622553 -5.222852 -0.549208 -4.705308
-23.464331 -33.228096 17.506729 1.408955 -29.594681 4.605282 -5.825435 -24.479589 -3.763383 -7.376145 -1.111659 -6.968392
-20.963396 -30.208162 15.143129 -0.755739 -26.510113 -0.852658 -11.762401 -22.265400 -0.695098 -3.850214 0.434159 -4.569991
-26.564177 -33.677662 14.854462 0.762765 -27.220819 3.392495 -2.042656 -26.449419 -5.041948 -8.783862 -2.071131 -6.604723
-20.407526 -30.631697 13.985780 -0.080886 -26.499912 6.750442 -4.041921 -22.306553 -1.848725 -5.794505 -0.702326 -7.324439
-24.695778 -29.330416 14.906689 1.914039 -27.340326 -3.530971 -11.506484 -23.507683 -1.668426 -2.257028 -0.210606 -3.645362
-29.672676 -32.693985 20.685795 8.125233 -31.712976 -2.834875 -8.464075 -27.165607 -8.596150 -6.881240 -2.364602 -5.896217
-38.322285 -39.975101 24.472265 8.138772 -39.442749 -8.563681 -16.485998 -32.833652 -5.277535 -4.062122 -3.762104 -3.104025
-24.277403 -29.646599 16.436459 1.266806 -28.835194 -4.143528 -13.826254 -24.068012 0.304975 -1.783141 -0.362667 -2.912615
-23.646790 -29.766273 16.340607 1.627222 -28.627518 -1.220238 -10.924730 -24.784452 -0.077118 -0.746422 -0.521682 -4.310766
-22.732229 -29.512983 18.356871 4.828287 -28.015879 0.583337 -8.080034 -22.479721 -5.330891 -6.384884 -1.862846 -6.091730
-24.029125 -25.252249 16.601068 6.519699 -23.839804 -2.488366 -5.840440 -22.565603 -6.508586 -4.973831 -3.259033 -2.392532
-24.054808 -28.764515 19.173668 6.971541 -28.586119 0.865868 -6.305605 -22.734854 -8.159397 -7.902011 -1.335020 -6.835458
-36.457932 -40.070915 19.351595 0.963983 -38.331928 -5.847628 -16.081732 -33.706219 1.690942 1.978270 -1.386243 -2.925650
-24.143965 -29.972519 15.689905 1.472995 -27.470909 -1.728669 -10.373932 -22.782093 -1.364291 -3.539767 0.165163 -4.449464
-31.608377 -31.640976 21.520393 8.066632 -33.501678 -8.775415 -15.056476 -27.724836 -4.958034 -3.110051 -2.119630 -3.209423
-27.183020 -32.576813 17.190762 2.455701 -31.108988 -2.829312 -12.039069 -25.615200 -0.973383 -2.865478 -1.044973 -4.226756
-22.392593 -28.983004 17.086245 2.559713 -27.478180 -2.095750 -10.953923 -22.628773 -1.949633 -4.206460 -0.754032 -4.805488
-29.248295 -31.059412 18.823717 7.596728 -29.516369 -2.328001 -7.798235 -25.957241 -8.539828 -6.760818 -3.070464 -3.915639
-28.012228 -31.017649 16.467224 0.966459 -31.292982 -6.292237 -16.151533 -26.031153 2.818035 0.948803 1.788735 -4.246732
-25.215706 -26.253181 17.120646 5.740548 -26.556149 -3.910375 -9.345940 -23.082806 -4.948028 -4.531826 -1.144336 -4.290256
-26.276573 -28.230366 17.920624 6.275780 -27.659065 -4.031756 -8.965336 -23.788746 -5.084728 -3.618836 -1.697881 -4.468010
-26.718433 -27.223000 15.816113 4.630819 -26.508728 -5.482256 -10.091507 -24.095963 -4.178670 -3.875104 -2.060734 -1.441745
-28.196724 -29.083782 20.670313 8.802237 -32.138676 -4.269186 -10.299789 -25.337145 -6.542009 -4.345690 -0.738845 -6.317840
-20.540508 -23.477318 15.628364 4.351541 -23.756218 -3.459204 -9.401563 -19.274570 -2.798177 -2.367015 -0.421058 -4.065022
-25.587355 -26.074287 18.722448 7.627357 -27.710247 -3.655628 -8.997940 -23.171019 -6.381032 -5.172306 -1.326516 -5.117187
-29.563009 -29.064348 19.225708 6.094666 -30.433195 -9.959258 -14.862989 -25.833851 -2.790025 -1.359628 -0.454101 -2.432382
-23.830204 -26.716555 16.691071 2.677941 -28.449791 -4.693508 -13.169130 -22.302151 -0.606283 -1.779598 0.917013 -4.168894
-26.591204 -29.489542 17.713640 3.605381 -29.486179 -5.696385 -12.583384 -25.025198 0.242259 -0.124473 -1.046214 -2.950202
-24.980921 -34.147694 17.148659 0.549573 -30.599539 1.407196 -9.887816 -25.527466 -0.824319 -5.987881 -1.179657 -6.249356
-30.412207 -31.146101 20.847874 6.706820 -32.878674 -6.813323 -13.825080 -27.134674 -2.187800 -1.466646 -1.637276 -4.210886
-33.529816 -34.003513 20.696302 4.002457 -37.199020 -8.736485 -17.619810 -29.627462 0.787329 0.615481 0.778159 -3.795392
-26.412090 -27.135351 18.725113 7.456773 -29.307482 -4.081482 -9.136165 -23.863773 -4.838615 -2.818755 -1.104276 -5.236009
-24.719328 -25.799313 16.900150 5.146962 -25.524517 -6.153944 -11.423678 -22.269165 -3.082255 -2.917022 -1.861313 -2.496509
-27.361910 -32.361126 16.879414 2.197963 -30.881147 -1.746474 -11.322618 -26.209148 0.685769 0.279008 -1.737750 -3.574656
-22.711906 -27.329659 17.854364 4.027349 -26.291637 -3.590533 -11.008821 -21.912004 -3.034795 -4.366549 -1.677749 -3.633580
-26.072170 -26.292845 19.073524 7.147023 -28.807041 -6.916605 -12.542052 -22.526960 -5.122900 -3.243186 0.051052 -4.821201
-30.633379 -32.363533 22.724453 9.768898 -33.116428 -4.674847 -10.925900 -27.423208 -8.837718 -7.134026 -3.161995 -5.622601
-25.999716 -30.818108 19.276409 5.154223 -29.469999 -0.964410 -8.413628 -24.821938 -5.855830 -6.534995 -2.245275 -5.147949
-16.086544 -23.408585 13.953395 1.557693 -21.706980 -0.197772 -8.604494 -17.730835 -2.812029 -5.886240 -0.185362 -5.122701
-16.929123 -20.611197 12.637260 2.024003 -19.131289 -3.889078 -8.711061 -16.353313 -3.012205 -4.613528 0.385885 -3.244556
-19.741203 -24.163076 16.246603 4.426671 -23.263424 -2.334671 -9.249546 -19.122412 -4.138661 -4.560845 -0.748973 -5.087837
-20.395805 -24.891865 15.408794 2.737335 -23.895493 -2.777011 -10.476602 -19.836655 -1.309252 -3.049417 -0.391878 -3.730710
-26.117626 -28.257553 17.340076 4.186718 -29.871853 -4.897642 -12.359715 -23.492033 -0.976126 -1.144994 -0.500336 -3.321419
-5.229834 -17.422728 6.235308 -4.292900 -11.495765 3.514708 -4.364268 -10.667902 -1.796290 -7.204836 1.378460 -5.753523
-11.844603 -20.659441 11.123413 -0.778087 -16.241100 0.334468 -6.774815 -14.474633 -1.208721 -5.184533 0.355708 -4.138808
-4.930523 -19.500570 7.368458 -5.590294 -11.853676 3.387436 -6.180617 -11.706285 1.908905 -5.080699 1.336960 -5.028809
-14.686280 -22.189678 12.529962 0.440932 -19.948692 0.749415 -7.442225 -16.470081 -0.818250 -3.532673 0.112139 -4.762696
-12.108485 -22.647020 10.050509 -3.962729 -18.111422 1.401263 -8.486300 -15.345597 2.910843 -2.463760 1.440233 -4.068404
-13.830517 -21.758865 12.378763 0.278611 -18.186399 -1.477508 -8.274187 -15.437256 -2.027462 -4.806746 0.271061 -3.722607
-14.257657 -21.654678 12.585845 0.698208 -19.215837 -1.130740 -8.729644 -15.963255 -0.623233 -2.896012 0.035383 -3.728933
-17.675112 -24.617535 15.044162 2.915759 -23.445913 1.517300 -6.855221 -19.048840 -3.546425 -5.695711 -0.670630 -5.763131
-13.322342 -21.467937 11.672020 -1.097458 -17.761881 -0.154902 -7.818861 -15.396086 0.661283 -3.195072 0.306599 -3.294334
-20.322752 -26.360300 15.537446 2.013905 -23.989212 -3.257548 -10.740315 -20.373156 -1.427676 -2.541522 -0.258730 -3.270292
-21.748289 -27.201981 16.054277 2.633892 -26.675465 -0.245231 -8.933505 -21.332146 -1.259366 -2.127507 -0.334306 -4.941438
-19.521271 -24.661592 15.689590 4.568772 -23.597115 1.007119 -5.562541 -18.271364 -6.575478 -7.557673 -1.217248 -5.186608
-19.893787 -26.687759 18.151337 5.688747 -25.538752 1.840233 -5.719702 -20.339338 -7.479928 -9.497200 -2.205675 -5.926855
-19.126825 -23.691620 16.898932 6.311968 -22.790207 -0.902129 -6.692229 -18.895119 -7.659428 -7.576723 -1.764791 -5.192894
-25.111155 -29.783352 18.445993 5.684961 -28.109457 -2.287527 -9.279170 -23.683235 -5.262209 -5.293760 -3.265084 -3.006916
-24.321762 -26.848518 17.457232 4.685831 -27.627651 -4.762383 -11.362567 -22.471449 -3.004375 -3.297042 -0.498854 -4.085330
-20.288853 -26.306229 15.986446 1.818307 -24.240671 -2.905817 -11.046206 -19.709574 -2.227427 -4.853813 -0.761005 -3.381473
-19.471415 -23.084404 15.698153 5.193661 -23.287384 -1.057614 -6.417339 -18.476231 -5.961111 -5.862295 -1.223494 -4.869685
-22.473114 -27.619328 14.333444 -0.275977 -25.176714 -5.386183 -13.339246 -21.795864 3.525310 0.191877 -0.695145 -1.887770
-19.690128 -26.510019 13.551613 -0.870359 -23.271231 -5.042721 -12.977769 -19.267532 2.593556 -0.468221 -0.605347 -1.789925
-21.928989 -26.185204 16.106535 3.927697 -25.358128 -1.989505 -8.874686 -21.553738 -2.814988 -3.880148 -1.112715 -4.134588
-23.699612 -26.950489 15.893250 3.687700 -25.890182 -3.672203 -9.657726 -22.174204 -1.351306 -2.092967 -1.250811 -3.234709
-24.819948 -24.501692 16.036879 7.494525 -25.331320 -4.664112 -7.290713 -20.834375 -8.764035 -6.734920 -1.520355 -3.373709
-24.567564 -27.613264 19.302204 6.446466 -27.667589 -4.473485 -11.081057 -22.987103 -5.550967 -5.333881 -1.267094 -4.503985
-24.579449 -31.389879 16.430996 1.131073 -29.311321 -0.910986 -11.207600 -24.626228 0.204571 -1.874834 0.322760 -5.186863
-49.418625 -8.750988 1.839510 21.737881 -26.375412 -30.144901 -14.949486 -17.948450 -24.509644 3.541858 3.181550 0.682853
-52.409519 -13.188834 6.853741 24.464968 -27.222088 -26.637472 -9.532425 -27.028996 -25.081192 -2.645600 -0.684675 2.923500
-37.777245 -6.313135 3.833129 21.409155 -24.900959 -20.651320 -10.512894 -13.424357 -26.768316 -1.076781 3.390340 -3.984697
-40.285294 -6.281990 3.301307 23.343487 -20.970325 -18.528772 -3.904639 -16.844629 -30.197664 -6.731169 2.458737 -4.291159
-39.486012 -6.115405 0.847513 17.627441 -18.114973 -23.992714 -8.657573 -18.410875 -19.850533 0.494568 2.678486 3.407061
-35.003693 -7.249144 2.235550 17.830524 -17.922741 -18.816214 -7.478613 -13.667242 -23.411921 -2.035322 0.853906 2.125984
-42.070332 -5.132360 2.402506 22.458275 -22.382795 -23.399824 -9.058907 -15.069979 -28.999056 -2.389945 3.216069 -2.445640
-40.024334 -3.923018 0.875866 22.506176 -19.529593 -22.757553 -6.807700 -13.559630 -30.297892 -4.051520 1.966077 -1.017531
-39.996941 -9.668512 5.611481 22.684916 -25.203398 -20.015234 -9.313544 -17.516695 -26.719530 -2.001087 2.324794 -2.683623
-41.768517 -4.360338 0.225925 20.927074 -19.147451 -27.013662 -10.265368 -14.160484 -26.709499 0.114988 1.564198 1.733246
-39.185135 -4.941047 -0.797296 19.522100 -18.454990 -19.559536 -4.640627 -15.880026 -27.287971 -4.215273 1.461393 -1.386156
-38.645283 -9.172447 4.021327 20.740805 -20.021933 -18.102541 -5.491275 -19.866253 -23.434145 -4.326397 1.206642 -0.024616
-39.109612 -9.897764 5.033553 19.952536 -22.787487 -20.918142 -10.019263 -19.136526 -19.605433 0.711269 1.235899 0.361207
-43.832310 -4.735259 -0.835329 21.038076 -23.141211 -27.653955 -13.128389 -13.317563 -25.334681 3.643770 3.031374 -0.506621
-26.566944 -5.800198 3.088776 14.891065 -17.179445 -14.157644 -7.045263 -11.300036 -18.072926 -1.894651 1.506105 -1.160830
-30.629650 -4.354386 1.555596 17.537001 -19.277716 -15.868977 -6.658235 -11.418180 -23.015038 -2.096568 1.768040 -4.123419
-33.388302 -7.209529 0.645270 12.412953 -18.144276 -20.492146 -11.718294 -12.846003 -15.381494 2.472136 4.500951 1.544607
-32.747898 -4.015481 0.559061 14.951828 -13.674797 -19.878651 -6.036240 -14.257485 -18.166643 -1.288401 0.635110 1.924101
-43.471340 -8.897106 3.705670 20.957058 -24.955894 -24.665648 -12.438704 -17.560102 -22.371069 1.456750 2.467192 -0.116249
-41.482086 -7.729610 3.213207 20.437096 -21.358326 -22.511423 -8.445449 -17.901354 -24.340912 -1.124975 1.863280 -0.638983
-29.984447 -3.490343 -1.790452 13.694717 -11.873347 -15.841182 -2.423471 -12.699495 -19.709406 -2.895313 1.344285 0.303982
-40.047009 -5.681203 0.273802 18.768991 -19.841896 -22.846415 -9.475407 -15.107019 -22.032896 0.756055 2.992327 0.795247
-26.338182 -4.330710 2.279802 15.139003 -14.593922 -13.367579 -3.912013 -11.704940 -19.967642 -5.168396 2.770831 -3.956959
-18.563745 -6.782025 3.163667 9.270610 -14.637332 -7.783080 -5.605047 -8.032078 -13.476781 -3.132754 1.993891 -4.290075
-18.098534 -3.629581 0.012313 9.187026 -11.247702 -7.853557 -1.836556 -8.929717 -19.153307 -8.033738 2.258464 -5.255857
-32.994854 -8.876328 3.985389 15.196735 -20.904810 -18.016453 -10.242919 -12.847679 -15.915119 1.615336 0.834734 -1.916719
-49.229340 -10.285606 5.621227 28.008707 -27.607477 -23.053337 -6.566536 -23.406067 -31.878763 -4.073670 1.928574 -1.993128
-26.940378 -4.817615 -0.997675 10.873747 -12.306050 -13.603339 -3.851410 -13.106672 -17.133965 -2.295767 2.859851 -0.504496
-24.583174 -4.416286 0.298079 13.580125 -14.562560 -12.094525 -4.648774 -8.084182 -19.915112 -1.695899 3.011506 -3.365388
-28.958715 -7.079089 4.706917 17.279911 -17.929125 -14.828055 -5.795966 -13.411980 -20.003000 -1.916592 0.016943 -2.374106
-17.435738 0.219079 -5.375207 6.979090 -10.718930 -12.439988 -8.489474 0.541651 -19.179750 -0.149042 3.578584 -2.238383
-21.541727 -5.561260 2.743853 11.692483 -11.000723 -10.194809 -1.894584 -10.707254 -18.027767 -7.482534 1.281260 -1.719733
-33.252907 4.402088 -7.986154 15.556752 -9.666968 -24.305935 -6.757582 -7.874906 -29.784513 -5.611361 4.127388 -0.276088
-39.840851 -6.494926 0.905363 19.073225 -15.312518 -21.773943 -4.641409 -20.937607 -22.154318 -4.703686 -0.366573 4.156684
-24.560181 0.719570 -5.490224 11.508618 -10.798030 -16.477192 -5.752028 -5.238736 -20.279964 -0.324360 2.015165 -1.312123
-19.411015 -2.649768 -0.490142 10.092777 -12.320596 -11.200219 -5.351639 -5.360932 -18.672026 -3.460876 3.171786 -4.767570
-24.358286 -3.372551 1.606856 14.679415 -11.841753 -12.271454 -2.056292 -12.224113 -18.924713 -5.036490 -0.093137 -2.096582
-22.381502 0.462165 -6.882487 7.161242 -6.328454 -13.246937 -1.499137 -10.620936 -18.583483 -6.311371 3.830974 -2.644497
-28.436512 -4.738056 1.622101 13.943130 -16.751734 -17.596399 -9.550304 -9.742524 -17.951761 0.200069 3.454148 -2.333095
-23.902676 -1.041855 -1.946790 13.052753 -11.415050 -13.483332 -3.657259 -8.209324 -23.022606 -5.849945 3.240766 -4.345319
-26.405069 -2.330275 -0.760607 12.713804 -13.576678 -15.505966 -4.922090 -11.150997 -19.722481 -3.336585 4.336708 -4.728711
-24.387426 -1.959946 -1.050739 12.113325 -10.889949 -15.890339 -5.969122 -7.133898 -16.922499 0.274838 1.291908 0.229503
-32.988758 -3.841368 2.108048 18.416983 -18.166126 -20.057102 -8.618232 -14.477595 -22.854799 -2.323278 3.573371 -2.578150
-22.666765 0.481782 -5.347826 9.971032 -9.213593 -15.317247 -5.709880 -4.320965 -20.205084 -2.408968 3.062621 -2.297650
-24.226618 -6.641910 4.006864 12.215305 -17.822762 -14.541142 -9.244785 -9.587479 -14.210352 1.122606 2.908585 -2.637269
-24.940664 2.002611 -8.747259 9.163887 -9.905379 -17.911520 -7.017710 -3.958803 -21.722446 -1.229669 3.961977 -1.383612
-32.020763 -7.786086 3.655073 15.591795 -19.561090 -17.451889 -9.824725 -15.849409 -16.690794 -0.031728 3.510150 -1.867886
-17.420916 -0.818268 -3.241781 9.291921 -9.937603 -10.008495 -3.451387 -4.004576 -21.552183 -5.695649 3.175565 -6.118847
-25.701614 -3.108473 -4.913728 8.986984 -13.694309 -17.435160 -10.583146 -4.837034 -15.673932 3.435130 2.646099 0.955860
-24.119978 -4.171206 -4.224963 7.330625 -10.772986 -10.230852 -2.008851 -10.113191 -12.691349 0.096037 -0.141299 0.770429
-35.152962 -5.796553 2.778728 19.204399 -17.551023 -18.040211 -5.793704 -16.249895 -23.650640 -4.474052 2.470912 -2.171324
-33.639008 -8.179172 4.680706 18.984491 -18.963528 -14.524414 -4.348495 -15.613980 -21.917158 -4.640954 0.362869 -1.798941
-30.928358 -5.056602 0.878737 14.418034 -14.443575 -15.308970 -4.501547 -14.986090 -19.472767 -4.061780 2.872796 -1.055287
-38.640770 -4.790155 0.388634 19.226467 -25.378284 -22.244308 -13.552056 -11.763540 -25.358786 1.856040 6.612667 -5.275108
-45.525127 -8.935120 1.621995 22.147968 -27.662930 -22.453781 -11.466157 -18.423040 -28.590940 -1.938529 7.395031 -6.357783
-33.203930 -5.374732 0.040825 14.864139 -17.594061 -16.118040 -5.997569 -13.670957 -20.570551 -1.585957 5.525401 -3.710096
-49.683414 -8.505157 2.562902 24.581182 -27.614635 -26.863527 -11.681601 -22.096708 -29.322243 -0.138083 5.348821 -4.221588
-34.678776 -5.794649 1.147233 19.158703 -18.044611 -16.286995 -4.876928 -12.279527 -26.050003 -3.647025 0.805501 -2.534720
-45.301689 -13.445804 6.437786 22.178032 -26.325657 -19.343954 -8.344501 -22.112549 -22.196589 -2.143321 0.031392 0.621483
-41.077652 -9.357347 4.602211 22.092983 -28.308800 -19.167208 -9.734932 -15.293445 -28.192945 -1.289669 4.230075 -6.073098
-34.149357 -5.394654 -1.685493 16.974089 -17.307539 -16.452240 -4.676279 -11.724897 -22.549370 -1.048006 2.136772 -1.551201
-35.297539 -1.454650 -2.644277 17.797861 -18.243526 -18.926376 -5.722781 -13.569471 -28.496681 -3.305511 6.757683 -4.828532
-38.970692 -2.180073 -1.704942 20.241381 -18.270878 -22.456947 -7.038206 -13.975414 -30.776363 -3.956196 4.130561 -2.085731
-27.139429 -4.975176 -2.063622 9.808654 -18.117226 -14.274645 -9.605757 -6.391977 -19.739521 0.585451 8.386401 -5.679076
-33.462002 -3.997780 0.860970 18.869963 -15.367008 -16.053362 -2.904574 -15.640676 -24.252220 -6.608276 2.479775 -2.348247
-32.249783 -10.233004 5.728747 16.461845 -20.227409 -14.206743 -6.778222 -14.753182 -17.609169 -1.279363 -0.902930 -0.883677
-24.320646 -2.198434 -2.307119 10.479440 -11.998179 -15.235459 -7.140909 -7.033862 -16.769629 -0.511147 3.636251 -1.445322
-37.483250 -4.017217 -2.201375 19.420740 -16.216860 -16.712589 -0.082399 -16.592113 -28.736542 -7.542766 3.653806 -4.033363
-34.499432 -2.722034 -5.065680 15.886395 -17.927162 -18.100872 -6.669626 -12.468246 -24.105057 -0.811525 3.847634 -2.258902
-39.747593 -4.703822 0.212667 21.469780 -18.946115 -20.522064 -4.581267 -16.885876 -29.399584 -6.041999 4.736057 -4.939882
-45.334084 -13.744167 7.150980 22.646259 -30.184265 -23.731785 -14.516026 -17.746902 -23.449219 4.900838 -0.104984 -0.562398
-32.337036 -6.924108 4.240442 18.522673 -21.827349 -17.666183 -8.592870 -10.903901 -22.297617 -0.058448 2.770874 -4.019400
-42.348484 -10.117205 5.860404 22.479311 -25.170980 -18.557772 -6.606265 -20.777624 -27.791409 -5.897287 4.892161 -7.004729
-41.333576 -2.920273 -2.419375 21.565956 -20.556208 -23.627325 -6.938069 -16.866426 -27.856899 -1.574560 3.099310 -1.651852
-41.781105 -5.623805 1.900560 23.665859 -25.124393 -23.157257 -10.097869 -17.591513 -29.605965 -2.439713 6.157154 -5.361501
-44.513710 -12.620799 3.783146 18.808582 -26.814144 -21.202961 -11.805215 -20.228048 -22.277664 -0.227278 4.420789 -0.798926
-52.623970 -13.554404 5.200891 24.397001 -33.989746 -24.383963 -12.280713 -23.445770 -27.888491 1.373080 5.500512 -3.751625
-34.527336 -9.616335 7.113049 20.515804 -22.728226 -15.872150 -6.149384 -16.877806 -22.799477 -3.851758 1.816701 -4.194757
-47.221649 -5.257520 0.426928 23.426601 -23.925074 -26.295496 -11.167000 -17.907530 -28.502308 -2.103529 4.598720 -2.673552
-31.509405 -5.700232 1.229432 15.968385 -14.477980 -14.165600 -0.513252 -15.030959 -20.216152 -4.561662 0.582854 -1.578107
-38.158325 -4.573338 1.518952 21.277933 -18.725637 -22.360498 -8.654053 -13.795947 -23.640505 -1.258397 2.162521 0.294998
-31.947144 -5.163529 1.681992 16.536333 -17.183931 -17.038980 -6.893376 -13.364967 -21.263710 -2.411364 3.231734 -2.941161
-33.263676 -1.815703 -3.949502 15.755445 -14.496415 -17.993979 -3.160313 -13.025608 -25.882021 -4.338116 4.035989 -3.144033
-46.818436 -14.062788 7.654895 23.637421 -33.259319 -21.785185 -14.242146 -19.734198 -25.857683 0.936510 4.281881 -3.387904
-46.446964 -7.306786 3.217094 25.006195 -25.821455 -22.640190 -6.753710 -21.491968 -29.602077 -3.288125 4.147931 -4.125308
-37.985168 -9.690466 5.989462 19.562033 -22.742306 -19.735468 -9.584710 -15.936398 -23.112669 -2.527062 3.380716 -2.272049
-37.094986 -8.539701 2.909730 16.987516 -23.504690 -21.129326 -14.179464 -14.079350 -20.095442 1.762512 6.765953 -2.397452
-33.885136 -8.454110 2.782534 14.022085 -20.789608 -16.856646 -9.747440 -14.420128 -18.211689 -0.288218 4.796021 -1.273857
-40.934429 -8.696720 4.482639 21.008688 -26.278610 -21.503025 -11.209719 -17.044792 -22.804087 1.416875 2.178963 -2.907623
-26.426867 -7.986779 3.153190 13.473042 -15.958812 -9.004159 -1.985808 -12.771583 -19.810692 -6.095103 2.176046 -4.852616
-46.233749 -3.983161 -2.686859 23.303226 -26.893177 -25.254942 -11.633986 -16.631224 -31.346029 0.657131 6.015187 -4.082441
-47.885689 -4.278072 -1.518431 24.307755 -23.267275 -29.691923 -11.393186 -19.377111 -29.128368 0.046890 6.049445 -0.181926
-44.471870 -5.781315 1.965380 25.012379 -23.537804 -22.134418 -6.973686 -18.776346 -32.142502 -4.955460 3.985343 -3.503322
-51.263069 -10.899889 3.427859 25.619089 -28.275326 -24.945959 -9.051547 -21.561277 -28.542276 -0.695747 2.699384 -1.971579
-47.103817 -13.236221 8.432188 24.739668 -29.465511 -23.233418 -10.875941 -22.254841 -28.260365 -2.026506 3.308500 -4.425870
-37.012173 -11.687377 7.347116 19.449888 -21.741699 -13.672003 -3.513011 -20.141613 -23.957621 -6.898267 2.398268 -4.264054
-35.970837 -5.545404 2.119733 19.091288 -19.468218 -22.391380 -10.546438 -12.445680 -23.811911 -0.387555 4.068886 0.178172
-44.109169 -8.562692 2.511524 20.926632 -23.001873 -21.716017 -7.839389 -18.026251 -25.859928 -2.117700 3.039890 -0.962263
-37.760277 -3.562682 -0.543154 20.174513 -18.272114 -20.889269 -6.697760 -14.135779 -26.853157 -3.205314 3.077667 -0.145437
-32.873611 -4.125542 -3.608089 13.137116 -11.117301 -15.942326 0.113466 -14.567873 -21.446192 -5.675229 2.310011 0.177159
-12.538408 -1.745131 -13.079714 -4.026277 -8.638971 -13.243782 -13.815390 9.540533 -10.622987 4.478099 1.685584 -2.607578
-13.555496 -0.914986 -12.960984 -2.297813 -9.046154 -15.199844 -14.630136 10.931551 -13.999917 5.010484 1.272900 -2.010856
-6.187607 -1.141179 -11.405222 -5.398422 -4.663184 -10.402149 -12.700367 8.539211 -11.831049 -0.081638 1.273477 -2.576984
-16.351362 0.406234 -16.131987 -2.544715 -8.836255 -18.446228 -16.895927 12.019723 -17.472824 5.170597 0.364342 -0.069503
-19.785334 3.448296 -19.960825 -0.385164 -8.423275 -22.239447 -15.101458 14.636101 -21.291168 5.418690 -2.633004 -0.979611
-14.460295 -0.665451 -14.674117 -2.972266 -7.705630 -16.046190 -14.503251 12.442600 -14.519242 4.955592 0.527655 -1.629816
-13.071390 -4.354056 -12.360400 -4.613480 -10.227015 -14.306394 -15.711209 9.932832 -10.709643 4.944238 0.469568 -2.238505
-11.184683 -1.655220 -13.763654 -4.753294 -7.540163 -12.384538 -12.673427 10.260687 -15.359286 0.851585 2.387587 -2.789144
-5.321553 -4.885621 -10.242506 -7.238876 -3.659381 -7.181625 -9.968004 6.617296 -9.421005 -1.890718 1.584020 -4.913491
-4.563249 -0.884363 -8.523723 -4.217119 -5.293005 -8.428246 -11.394004 6.741234 -11.016161 -0.991561 2.122249 -3.403303
-3.620046 -1.907029 -9.440238 -5.908588 -4.837703 -8.885481 -12.403828 7.579145 -9.996315 -0.311097 0.752878 -3.456492
-8.080439 -1.278583 -10.985005 -4.693322 -4.969502 -11.921438 -12.970438 7.921700 -10.638907 1.814620 0.478876 -2.323657
-11.212873 -0.318839 -12.045722 -2.497224 -8.507545 -13.957126 -15.975924 10.052551 -15.029802 2.316583 2.826245 -2.064103
-2.638711 -0.903672 -11.497526 -6.561061 -3.652066 -8.242148 -10.566587 8.666460 -13.618822 -3.303297 1.878370 -7.417826
-5.638238 -2.596562 -10.478493 -5.812183 -4.999620 -9.085168 -12.393251 8.182020 -10.376144 0.007254 1.474635 -3.508584
-9.090242 -2.089089 -11.747231 -4.440411 -5.022573 -11.108369 -11.297503 7.675139 -9.564043 3.124160 0.156748 -3.688054
-5.339855 -0.137937 -12.363776 -6.164304 -4.596552 -11.350283 -14.728325 9.632511 -13.165889 -0.309295 2.161264 -4.626089
-4.009521 0.997572 -12.100399 -5.699047 -3.371842 -10.616748 -12.506038 9.206092 -13.779341 -1.873918 1.529449 -4.869020
-10.115381 1.605858 -14.392537 -3.509808 -5.016213 -10.944736 -8.216455 7.798582 -18.524179 -2.752088 3.475354 -6.811100
-12.651136 1.150559 -14.745990 -3.171912 -4.471289 -15.191971 -11.434525 10.640432 -17.045576 1.536909 0.233001 -1.997010
-10.779129 1.154642 -12.778289 -3.052818 -6.150747 -14.797544 -15.275908 8.425966 -15.494830 0.800251 3.049412 -3.174834
-7.503389 1.920497 -10.968098 -2.682788 -3.236038 -11.154953 -9.528063 6.126801 -14.387728 -2.584328 1.841927 -1.486213
-8.011690 0.240259 -12.811302 -4.733359 -6.786673 -12.629164 -15.379301 11.038561 -15.670673 0.715805 3.495179 -5.821383
-9.593205 -0.237208 -14.027328 -5.078734 -5.088267 -13.508714 -13.865250 10.767397 -15.146974 1.754176 0.256244 -2.411109
-13.082844 0.900015 -15.455295 -2.729099 -6.581134 -15.462446 -12.457853 11.992925 -16.230875 3.330156 -0.434202 -1.904313
-11.775965 -1.850804 -13.362775 -4.448025 -6.758258 -13.695414 -14.654692 9.021255 -14.935562 2.752464 0.932848 -0.880155
-15.504535 -2.022021 -16.967299 -5.260915 -2.674020 -15.373592 -9.897165 6.891207 -17.471270 -0.097594 -2.438100 4.245106
-10.226458 3.587463 -16.950466 -5.363679 -2.256130 -16.434084 -13.032684 10.213054 -18.140236 -0.257251 0.623608 -3.730096
-13.111785 4.524823 -17.458725 -3.057988 -5.361339 -18.737514 -13.781231 12.055507 -19.560757 1.766413 0.434416 -2.345569
-7.995724 4.055056 -17.036005 -5.468707 -2.180625 -14.297219 -11.279235 8.465853 -20.528053 -4.253694 3.531010 -8.785341
-11.958758 5.137473 -18.152365 -3.387137 -4.962202 -17.343962 -12.794803 12.417192 -20.952576 -0.475460 0.918206 -3.970769
-5.851840 0.795258 -13.767354 -6.188595 -1.492530 -11.333879 -11.359446 8.514659 -14.484129 -2.855847 1.546882 -4.062568
-13.270436 1.892067 -16.066998 -3.054347 -4.816675 -14.931475 -10.514444 9.535310 -17.097538 1.797512 -0.498922 -1.602184
-14.484055 0.811382 -16.255844 -3.429702 -6.133134 -16.916708 -13.882706 11.865000 -17.292469 3.816788 -0.115461 -0.749422
-3.480207 -0.667928 -12.196005 -6.890021 -1.526279 -9.278270 -9.127996 8.181401 -13.066320 -2.585097 0.382525 -5.246865
-8.220830 4.134995 -14.972474 -4.131361 -1.884822 -13.735735 -10.610158 9.227836 -16.716631 -1.487758 0.651012 -4.390273
-16.072601 0.254082 -16.975973 -4.188241 -2.688414 -17.214867 -10.340790 7.962196 -17.693407 1.355646 -2.144952 2.365241
-10.843001 0.849942 -14.692257 -4.659402 -3.264651 -15.373422 -12.916640 7.580275 -16.139212 -0.820907 0.691835 -1.576040
-13.034244 0.716883 -15.256089 -3.847688 -4.763183 -16.921288 -14.930173 8.996174 -16.366325 2.114620 0.045885 -1.426334
-12.120677 -0.584801 -14.854570 -3.777562 -6.011696 -14.692315 -12.509863 10.288123 -14.374595 3.336228 -0.670207 -1.698490
-11.953262 -2.736897 -13.898283 -4.888188 -7.940527 -13.365194 -14.487417 11.503536 -14.534951 3.588814 0.201907 -1.023790
-14.381345 2.475748 -16.291584 -1.583107 -7.537912 -16.648867 -13.570559 10.937892 -18.878401 1.811259 2.258806 -1.951272
-8.675431 0.780924 -13.360840 -4.063549 -3.841388 -11.209495 -9.910244 8.789829 -15.651413 -2.180183 2.326586 -4.837199
-6.868601 1.442223 -14.449703 -5.280345 -5.272912 -12.383338 -12.145571 12.039312 -17.172159 -1.498953 1.313126 -5.170773
-12.767452 0.686844 -15.065858 -3.720432 -5.391834 -14.744647 -11.973610 10.387648 -16.608253 2.128778 0.251260 -0.562547
-6.001060 1.117762 -11.494205 -4.351577 -2.150356 -10.243750 -9.055188 6.663346 -12.937572 -1.808347 0.782770 -2.473909
-15.447305 -2.025803 -15.029492 -3.020439 -6.795888 -15.518110 -13.082179 8.887196 -15.306222 3.640783 -1.518596 2.665489
-8.866586 -1.868672 -11.148300 -4.295298 -5.783358 -11.361849 -11.872413 8.197254 -10.324106 2.809293 0.196020 -1.740829
-7.666867 3.530244 -16.182009 -5.713324 -2.149183 -13.604992 -10.739779 10.092587 -18.140266 -2.875279 1.449723 -5.086194
-13.414062 -1.096665 -14.359033 -3.686292 -6.009986 -14.685351 -13.766558 9.838712 -14.364724 4.161940 0.031870 0.074509
-11.720123 -2.229218 -13.828158 -4.851886 -8.468940 -14.689633 -16.122133 11.814344 -13.529108 5.466359 -0.581988 -2.044064
-9.095446 0.649269 -15.761531 -5.129338 -6.725020 -14.983578 -15.061913 14.488565 -15.897179 3.703117 -1.649498 -3.462428
-11.537689 -0.270243 -12.309676 -2.598037 -5.366053 -12.151174 -9.119548 7.399472 -13.725798 2.054180 -1.191482 0.528600
-6.309215 -1.671644 -12.325128 -6.032549 -5.121537 -12.051186 -13.097924 10.708297 -10.908203 2.484946 -1.486142 -2.680536
-6.559080 2.808338 -16.286652 -6.191472 -5.261514 -14.252319 -14.082740 13.957908 -18.341957 -0.365361 -0.158194 -5.163209
-8.195648 4.825139 -17.015585 -4.971721 -5.046186 -14.910723 -13.194598 13.485615 -20.913130 -1.792057 1.434753 -5.556689
-6.596082 0.998762 -15.667182 -7.209027 -2.887214 -13.581455 -12.060765 11.831566 -15.829827 -0.976677 -1.181595 -2.322861
-6.364269 -0.134188 -14.858739 -7.283109 -3.230651 -12.947102 -12.581131 11.639287 -14.895652 0.666459 -1.788102 -3.107989
-13.441501 -0.224979 -15.087899 -3.952447 -6.954257 -17.034821 -15.051416 11.469732 -16.193827 4.951542 -1.741680 -0.727819
-8.262525 1.519329 -15.616481 -5.434610 -4.372146 -14.111680 -12.417765 12.604144 -16.318384 0.335390 -0.648630 -2.330552
-5.782729 -0.822179 -14.232750 -7.307503 -4.534863 -12.280254 -13.131591 12.687144 -14.515595 0.757407 -1.135388 -3.555289
-5.539654 1.156434 -15.725997 -7.454818 -3.934512 -13.452655 -13.609088 13.288966 -16.675297 -0.230370 -0.961388 -4.408048
-8.920174 4.100345 -16.313271 -4.480165 -2.617734 -14.891726 -11.260742 11.507394 -18.987595 -1.683928 -0.034028 -2.365522
-6.703077 3.603745 -15.326948 -5.426584 -2.225832 -13.754384 -12.379284 10.415798 -16.808249 -1.409353 0.663236 -4.886771
-9.475128 -1.823078 -12.293755 -4.902217 -8.202600 -13.755083 -16.375959 11.015409 -12.215602 3.735651 -0.077669 -2.235103
-12.270470 -2.657076 -13.706119 -4.723738 -8.619441 -16.137054 -16.864586 12.391837 -13.897753 5.441000 -0.997758 -1.612006
-9.380847 5.260160 -17.640799 -4.796843 -3.913352 -15.075680 -11.843753 12.444355 -20.952215 -1.976349 1.210898 -5.103448
-7.508762 2.821105 -16.349226 -6.082728 -2.982320 -13.889944 -12.283101 11.950075 -17.338705 -1.455740 0.828725 -4.226292
-5.098564 0.916087 -13.328767 -5.992864 -2.240364 -10.908022 -11.495217 8.235689 -12.880491 -2.287182 1.276266 -4.301139
-5.594706 0.970297 -13.435047 -6.255990 -4.262495 -11.220917 -12.237009 10.291803 -15.297602 -1.432667 2.463296 -7.223242
-3.890891 -1.751441 -12.913857 -7.427809 -5.867228 -10.640430 -14.066861 12.383573 -12.921216 0.354356 0.570287 -5.599972
-6.892555 -0.510286 -13.785993 -6.062140 -6.913335 -12.508125 -15.083639 13.353886 -14.790853 1.678332 0.763276 -5.257557
-11.670565 -0.105892 -15.694936 -4.742521 -5.354757 -14.823715 -12.399624 11.175538 -16.546919 1.181690 -1.089517 -0.558245
-6.767571 3.923779 -16.584988 -6.164702 -2.997899 -14.039166 -12.386277 11.423062 -19.507380 -2.502629 1.586478 -8.013697
-3.544331 0.954738 -13.931553 -7.074618 -4.050588 -11.396561 -12.865025 11.449221 -15.596996 -1.683914 0.468578 -7.191741
-6.059231 1.677286 -14.706521 -6.252490 -4.279228 -13.268479 -14.177777 12.468577 -16.130758 0.247031 0.774798 -5.481925
-7.636298 0.347521 -13.556303 -5.095890 -7.506946 -13.852742 -15.644984 13.551608 -14.826024 2.467554 0.909992 -3.898238
-9.514441 -0.111418 -15.328329 -5.814501 -6.448779 -15.406124 -16.593800 13.062712 -15.474040 2.852421 -0.236410 -3.726931
-6.152796 2.709949 -15.879707 -6.560747 -3.743874 -13.666943 -13.243098 13.160174 -16.767757 -0.113674 0.049420 -5.318880
-5.360441 -0.812053 -13.744230 -7.169685 -4.133343 -11.847144 -13.123410 11.817116 -13.679605 0.496362 -0.318334 -3.864469
-8.412371 0.168536 -14.592514 -6.387398 -2.983737 -13.613111 -12.320763 10.511554 -14.950717 0.620936 -1.027295 -3.765157
-8.709432 1.782287 -15.586399 -5.718376 -1.209603 -13.729312 -10.488420 9.611047 -16.288343 -1.751217 -0.794089 -1.931831
-6.466393 0.289913 -13.530019 -6.566781 -2.052190 -12.524183 -11.247600 9.420770 -13.244775 -0.538441 -1.379626 -2.281965
-9.618696 -0.216017 -15.746079 -6.248302 -7.071763 -15.713926 -17.353434 14.140305 -16.616415 3.091516 -0.202588 -4.632962
-7.501151 3.487763 -16.857748 -6.407701 -3.388950 -15.054543 -13.608908 12.863894 -18.493757 -0.047724 0.020363 -5.348680
-8.755636 2.309551 -15.396772 -5.201208 -4.603599 -13.665409 -13.313989 12.279578 -16.663095 0.601730 1.521139 -5.197071
-8.491467 1.565201 -15.047235 -6.012826 -2.265597 -13.794919 -12.313235 9.559048 -15.638301 0.107375 -1.290552 -2.860662
-7.814603 2.209533 -15.652448 -5.917539 -3.881425 -14.531334 -13.944857 12.379220 -17.080204 0.937509 -0.223384 -4.145651
-5.926926 1.996793 -14.847447 -6.394805 -3.260901 -12.727943 -12.553535 11.112840 -16.509888 -0.772970 0.670417 -5.681953
-6.721428 1.959876 -14.826789 -6.040519 -3.787114 -12.839098 -12.184755 10.629764 -16.766148 -1.198252 1.449408 -5.973861
-6.815039 3.248674 -14.360546 -5.259090 -2.394529 -12.275424 -10.611417 8.351642 -16.734715 -2.317418 1.494849 -5.545159
-5.727440 -1.407443 -13.108908 -7.118165 -4.166113 -11.280699 -13.138221 10.892825 -13.878963 0.448009 0.227311 -5.106822
-11.552787 1.333238 -17.105064 -6.046154 -3.124680 -16.527657 -13.781036 11.480535 -16.351847 2.197000 -1.819169 -2.760932
-8.408915 0.525797 -13.628640 -4.921589 -5.586483 -13.747738 -15.090290 10.192225 -14.866970 0.336123 2.341925 -3.571106
-8.191866 2.188051 -15.335400 -5.242832 -5.485385 -14.084625 -14.130634 12.274008 -16.964653 0.486188 1.535866 -4.784346
-2.491046 -1.557602 -13.610171 -8.440163 -4.631246 -10.222353 -13.476621 10.961277 -15.636818 -3.447235 2.230342 -8.068122
-8.094130 1.112212 -15.884282 -6.810112 -1.152724 -13.691237 -11.532985 9.707238 -16.173651 -1.168095 -0.459860 -4.808261
-8.023554 4.223626 -16.687784 -5.429696 -1.213751 -14.840585 -10.993326 10.895701 -18.287119 -1.514455 -0.554209 -5.296340
-2.730558 1.945483 -13.472775 -6.960378 0.706774 -10.303946 -9.511691 6.535299 -13.962450 -5.241486 0.636738 -4.866757
-7.344319 3.844084 -17.349649 -6.557586 -2.487622 -14.901108 -12.354312 12.879848 -18.740160 -1.585137 -0.229581 -4.732821
-5.729529 -20.652124 -1.462570 -12.191857 -9.771639 3.298227 -7.777811 -11.552848 7.119576 -3.397134 1.161672 -3.065874
-7.950511 -21.354076 0.552499 -11.720059 -12.563065 -1.503771 -13.106002 -13.316579 11.358468 0.098001 1.875520 -1.303951
-6.879454 -20.701063 -0.146078 -12.186709 -10.381934 -0.653009 -11.089682 -12.794739 11.126246 0.203799 1.367359 -1.066900
-16.338057 -25.866911 1.004616 -11.253116 -16.341227 -7.103121 -16.890728 -17.712975 14.315370 3.691455 -0.035068 2.004683
-20.181219 -31.447821 1.147491 -12.848799 -20.888744 -4.084094 -17.063503 -23.458189 16.439140 4.940288 0.928662 0.211407
-15.362539 -25.742889 2.688207 -10.110315 -15.160971 -2.458749 -10.790568 -18.008627 9.718713 1.330564 0.838025 -0.488432
-16.020496 -26.285059 1.321877 -11.409674 -18.232773 -2.011881 -13.476040 -17.955004 13.011522 4.482074 1.544258 -1.270582
-12.373713 -25.392689 2.917521 -10.889538 -14.804581 0.203824 -10.394558 -18.600893 9.942651 -0.586517 1.544339 -1.282990
-14.936269 -26.591791 -0.404013 -13.602547 -17.030191 -2.479282 -14.268846 -18.207209 13.624978 3.603590 2.977147 -1.724400
-12.425159 -24.271280 1.061999 -11.715406 -15.595570 -0.953852 -12.293909 -16.082035 11.612781 2.835998 2.329399 -2.026300
-7.936479 -22.883423 3.116397 -10.598216 -12.851979 0.461399 -10.937297 -14.550264 9.587956 -0.022085 2.706377 -3.427553
-12.448976 -23.398245 -0.579786 -13.214248 -15.954132 -5.320855 -17.536148 -14.481723 13.945729 2.742727 2.455329 -0.592547
-16.296280 -26.610865 1.584330 -11.237866 -17.440895 -4.702588 -15.086267 -19.011074 13.398283 4.285506 0.728164 0.506148
-10.403061 -21.100233 0.108431 -11.309356 -12.391878 -3.239616 -12.764765 -15.262859 11.520957 0.430520 0.867053 0.112945
-10.306626 -21.716005 -0.471649 -12.143785 -13.541466 -1.575970 -12.421129 -13.658619 11.429697 0.638373 1.492250 -1.454891
-15.940638 -28.809528 2.476238 -12.478030 -19.804718 0.466425 -12.635488 -20.202541 12.677881 2.789491 3.414294 -3.600538
-10.000570 -22.829409 4.240377 -9.439714 -14.516291 -1.338994 -12.523215 -15.338773 10.741248 1.038559 1.276598 -1.584561
-4.495540 -21.328739 3.025835 -10.727795 -10.871349 1.469293 -10.207404 -12.492757 8.161987 -2.120032 2.258334 -3.756239
-7.544887 -21.975363 1.534725 -11.396430 -11.899590 0.097884 -10.681396 -13.588598 10.671575 -0.270737 1.084478 -1.596181
-8.640919 -22.437147 1.242409 -11.441904 -12.584837 -1.416371 -12.626994 -13.636874 11.165705 1.342718 1.438205 -1.417145
-17.373442 -27.846687 0.282186 -13.458136 -19.793106 -4.263712 -16.936344 -19.482811 15.661974 4.718263 2.357183 -0.603177
-19.006783 -28.395639 -0.277689 -13.393050 -20.370111 -5.636833 -17.936789 -20.087627 15.472154 4.745793 2.662321 0.005525
-16.877478 -30.025230 3.567739 -11.935405 -20.659918 -0.558249 -13.964542 -20.698206 13.644373 4.248449 2.871247 -3.132114
-10.361986 -22.409298 1.708310 -10.445585 -13.817350 0.095223 -10.458702 -14.419453 10.127103 1.037278 1.376338 -2.112437
-10.646484 -21.365652 -0.986092 -11.934381 -12.376846 -4.278831 -13.650554 -14.329329 11.935010 0.481232 0.458714 0.752330
-16.985682 -27.552416 1.470886 -12.283324 -18.250542 -3.844975 -14.814192 -20.314636 13.797743 3.371882 1.638202 0.040791
-18.708101 -28.424377 -0.531368 -14.177361 -20.565296 -3.589716 -16.062939 -20.967028 15.268053 4.170513 2.482184 -0.602886
-14.355394 -26.860996 2.426655 -11.678766 -17.571314 -2.322731 -14.406614 -17.721914 13.451582 3.493328 1.614909 -1.053750
-12.928718 -25.181496 2.590770 -10.722896 -15.102231 -2.207688 -12.527184 -17.227356 11.205545 1.299050 1.882812 -1.527941
-12.701800 -23.978605 0.932378 -11.487245 -15.890679 -1.589945 -13.347472 -16.381891 11.869046 2.117479 2.264989 -0.764879
-10.929484 -24.145458 3.674798 -10.655377 -15.415069 -1.439049 -13.498308 -16.709478 11.735121 1.801477 3.071508 -2.761976
-14.083559 -24.408098 0.454235 -11.869738 -16.350677 -1.995967 -12.687193 -16.797161 12.588943 2.608674 1.443988 -1.278283
-11.142530 -23.569332 0.852592 -12.196824 -14.064443 -1.665755 -12.379138 -15.902348 12.187612 1.696333 1.210493 -0.474676
-11.126126 -21.425102 0.215361 -11.114067 -13.416442 -3.307083 -12.960989 -14.668406 11.383554 0.965183 0.706168 0.164228
-9.790719 -18.502470 -0.780367 -10.227230 -12.207802 -4.208524 -13.263098 -12.078043 9.215567 -0.694742 1.936393 -0.685878
-13.145485 -21.998350 2.413859 -9.113412 -15.323631 -4.605100 -13.920847 -15.168401 9.998701 1.865589 0.542165 0.515816
-15.181798 -22.380697 -1.795385 -11.939080 -15.577783 -6.941119 -16.632084 -14.920015 12.685255 2.753321 1.096138 1.057454
-14.567399 -26.193197 1.346134 -11.505774 -17.739422 1.339281 -9.559973 -19.119102 10.998293 1.866214 2.394892 -3.708300
-12.953077 -25.335440 2.341683 -11.515203 -16.757765 -1.144972 -13.458210 -16.571865 12.543828 2.575821 1.779274 -2.189939
-12.956485 -22.797956 0.483930 -10.962529 -14.761079 -4.392715 -14.403928 -16.037035 11.646878 2.165076 0.937624 0.652725
-11.857803 -23.962141 0.346086 -12.312327 -14.456028 -2.246148 -13.198355 -16.643373 12.763916 1.280144 1.411373 -0.680604
-9.609932 -23.025736 1.166974 -11.736759 -13.749921 -1.848130 -13.372782 -15.486471 12.096703 -0.026827 0.937027 -0.730800
-11.707941 -23.739649 1.470202 -11.009049 -14.144404 -0.752149 -11.093270 -16.152546 11.134075 2.352908 1.365150 -1.872074
-8.817553 -21.325726 0.055424 -12.065508 -11.203820 -1.061941 -10.411581 -14.704022 11.286957 -0.419889 0.816794 -0.650889
-11.733742 -22.591541 -1.461225 -12.905930 -13.554247 -5.095926 -15.515819 -15.189557 13.281174 1.658066 1.146979 0.883807
-12.599500 -23.860266 0.499620 -11.979394 -15.233738 -3.398713 -14.372367 -16.044062 13.050080 2.801063 0.818904 0.447615
-11.554437 -24.979767 3.969271 -10.262929 -15.637822 -1.702658 -13.374183 -15.050023 11.506935 2.206242 1.405671 -1.755921
-10.109241 -23.655005 2.156708 -11.356552 -14.375402 -1.488924 -13.206244 -15.321633 11.779367 0.825827 1.574675 -1.474692
-12.445410 -23.847464 0.469702 -12.097220 -14.230044 -4.054911 -14.615044 -16.725201 13.085678 1.836136 1.544880 -0.008413
-13.598561 -23.845390 0.140195 -12.630344 -16.573786 -5.815552 -17.568123 -15.819598 13.938754 2.433043 1.942521 -0.194211
-11.419062 -23.981825 0.672887 -11.218997 -12.910000 -4.394648 -14.232401 -14.095345 10.857092 1.984941 -0.095505 0.595869
-20.224718 -30.469830 0.251474 -13.593128 -21.963295 -5.778236 -19.517097 -22.348017 17.136583 6.132806 2.196049 0.673772
-1.856001 -15.438510 -0.203883 -9.486077 -6.865649 0.126314 -8.428374 -7.572023 4.385303 -3.361869 0.210964 -3.084620
-4.046645 -18.616076 1.833239 -9.456041 -9.921385 1.222035 -9.246650 -11.028721 7.090957 -2.452229 1.358541 -3.147582
-18.802551 -26.890854 -0.788759 -12.702840 -17.125303 -7.628283 -16.791391 -19.692013 14.769114 4.801140 -0.307218 2.717262
-10.578742 -21.531897 -1.297114 -12.866469 -13.265450 -4.324318 -15.609412 -13.064511 12.737301 2.294925 2.114727 -0.491590
-15.958895 -25.790709 -0.283535 -13.576585 -18.937359 -6.594036 -19.478062 -15.608658 14.836346 5.475593 2.698531 0.271892
-17.500443 -28.202154 1.173897 -11.539045 -17.195316 -5.946152 -15.759744 -19.208710 13.426987 3.979765 -0.112384 1.512195
-13.837843 -23.713198 -0.131799 -11.933792 -13.551519 -8.267131 -16.081730 -12.797215 10.223329 1.481099 -2.157876 2.472839
-14.961702 -23.618017 -2.597772 -14.280948 -16.180882 -7.358387 -18.171251 -13.139628 13.167122 3.650222 2.505530 0.221512
-13.817997 -22.866268 0.177045 -10.291734 -13.543310 -6.031552 -14.507447 -13.788809 10.932394 3.757318 -0.787562 2.137251
-14.035549 -21.446373 -2.841049 -12.933258 -15.064181 -8.217884 -18.478693 -13.331296 13.509552 4.495196 1.457836 1.937637
-12.012581 -20.941837 -0.962022 -12.071091 -14.747244 -6.581396 -17.003790 -11.038020 12.257227 3.883113 1.930038 -0.217121
-11.112781 -21.242430 -0.471584 -11.216498 -13.170378 -3.741153 -14.033958 -13.591544 11.688185 2.227973 1.311174 0.235007
-17.739933 -25.600121 0.324652 -10.257637 -16.449785 -7.756353 -16.730940 -16.845430 13.306943 5.149826 -0.347997 2.140807
-15.227048 -22.407890 -3.162580 -12.509706 -14.296914 -8.105247 -16.499853 -14.750912 12.085906 2.330081 0.173338 2.736262
-14.058408 -25.829138 1.078120 -12.334698 -16.520000 -4.672356 -16.429068 -17.569660 14.479952 3.490454 1.023097 0.409331
-18.740921 -27.293123 -2.487173 -14.596420 -19.329760 -9.283544 -21.160963 -18.170525 16.783243 4.853516 1.507471 1.707392
-13.105944 -21.087194 -2.104070 -12.230765 -13.435523 -6.623115 -15.883367 -13.703755 12.395114 2.351110 1.102208 1.169979
-14.194783 -25.005854 -1.313105 -13.599573 -15.408962 -6.882545 -17.800869 -16.684580 14.256227 3.275664 0.571590 2.047184
-19.500303 -26.745157 0.586242 -11.248690 -19.676939 -3.484300 -14.687314 -22.404894 12.970645 4.137254 3.130718 -1.442089
-11.420845 -17.209063 -3.448097 -11.822148 -10.964661 -8.740769 -15.618818 -10.229368 10.116226 2.356651 0.582281 2.053498
-3.696418 -16.345949 -2.441608 -11.287374 -7.214679 0.097380 -8.761113 -9.758193 7.175590 -2.275884 0.633881 -1.377750
-8.555178 -19.922356 -0.764997 -11.542489 -11.263454 -3.475567 -13.183348 -12.151646 10.184906 0.067884 0.870703 0.101468
-9.791316 -20.630852 4.532605 -7.318733 -11.592046 -3.630585 -11.071357 -12.556291 7.415452 0.689871 -0.184355 0.682986
-16.663134 -29.102955 1.806157 -12.371088 -18.945715 -4.058253 -16.719681 -19.998119 16.074783 4.691139 0.424777 0.476961
-11.098969 -21.502296 -1.588506 -12.375483 -12.906178 -5.137938 -15.206694 -12.536307 12.203825 2.615960 0.490462 1.225736
-10.635347 -21.807417 -1.990863 -12.553152 -12.063048 -3.542729 -12.990727 -13.730541 11.715159 1.355869 0.443555 0.681879
-12.670860 -24.781008 -3.068731 -15.048759 -14.079286 -5.616945 -16.852814 -16.493078 14.530085 3.167522 1.222081 1.837228
-14.352853 -20.949764 -2.175392 -10.844289 -11.669890 -7.113386 -13.522942 -15.046241 10.337181 3.352024 -0.533005 3.280898
-12.410192 -24.288191 0.144215 -12.249345 -14.256444 -4.339451 -14.632330 -16.420193 13.485866 2.645454 0.131364 1.242717
-12.009806 -23.408869 1.172033 -10.557387 -12.435312 -4.382594 -12.363456 -14.217643 9.666063 0.766325 -0.816642 0.991200
-7.567662 -21.856155 0.451962 -11.962358 -11.523102 -1.619914 -12.587829 -13.173203 10.632241 0.171374 1.390438 -1.005479
-14.942675 -22.422451 -3.595797 -13.749382 -14.376297 -8.953322 -18.285435 -14.464264 13.335574 2.466094 1.207294 1.899424
-7.082419 -16.688084 -0.120804 -9.938615 -10.861493 -3.748725 -12.613318 -8.511858 8.459275 1.039458 1.073552 -0.606464
-19.448048 -30.104218 0.947162 -12.882643 -20.280493 -4.845418 -17.199972 -22.430027 15.930688 4.688745 1.160381 0.716689
-20.349865 -28.484016 -1.670170 -13.783972 -21.123838 -5.749110 -17.546743 -18.858068 14.762233 5.099179 2.218178 -0.541022
-17.480492 -30.243244 1.695519 -12.254329 -17.348202 -1.298324 -11.751639 -21.202744 11.470409 0.254466 -0.628271 0.274252
-21.506237 -26.546574 0.118223 -10.587930 -19.987055 -9.015528 -18.414677 -19.798283 14.509794 6.320594 1.600222 2.057614
-20.540634 -25.649057 0.579651 -9.779671 -20.754450 -7.808810 -19.383492 -16.890005 13.616235 7.688091 2.292999 0.663437
-10.600561 -21.292543 2.757485 -8.934861 -11.808767 -4.058662 -11.447441 -14.109248 8.397080 -0.371497 -0.309469 1.320153
-14.709014 -25.605957 0.243575 -11.704515 -14.738368 -5.862177 -15.545814 -16.636734 13.724416 3.839071 -0.252388 1.778446
-13.030869 -22.064491 -1.972033 -13.213891 -15.076512 -7.270215 -18.395334 -13.583673 13.575193 3.176779 2.079659 0.666307
-17.490410 -28.437065 2.187417 -11.374855 -18.521915 -6.452533 -17.412041 -19.333782 15.191595 5.163181 -0.161729 1.408454
-17.865759 -25.132345 -1.347394 -12.060198 -16.802090 -7.428367 -16.190042 -18.247576 14.189654 4.773691 -0.107457 2.979628
-6.844581 -18.007160 -1.257870 -11.411901 -10.392160 -3.430718 -13.099111 -9.536548 9.594771 0.649548 2.008033 -0.892724
-22.029171 -25.662109 -3.949219 -13.894467 -20.461262 -11.055034 -22.173124 -18.867502 15.224117 6.076873 3.607104 1.663935
-19.442097 -27.387310 -1.026058 -12.233800 -19.751575 -6.847400 -19.609613 -19.722794 15.195229 6.827792 2.288950 -0.346450
-13.031549 -26.057140 1.838231 -11.869474 -16.968178 -1.811171 -15.542345 -17.232880 12.994415 1.559246 2.934154 -1.330924
-8.261518 -19.450087 0.658827 -10.457311 -12.776231 -3.439451 -14.072716 -11.716022 10.032472 0.187567 2.402766 -1.214223
-26.751759 -14.845394 -8.245193 -4.627846 -20.149576 -17.900070 -24.074965 -4.136470 1.865918 14.397921 2.618274 1.207149
-25.599703 -12.297223 -7.946313 -2.354181 -18.459356 -17.626068 -20.575880 -4.316498 -1.181988 14.415736 2.321007 2.281375
-24.943310 -16.203867 -7.561986 -6.396801 -19.204788 -17.012314 -22.111940 -6.446725 3.236003 11.362660 1.871713 3.668295
-24.676189 -14.953480 -3.247183 -0.944592 -19.378798 -14.799486 -16.857119 -6.591691 0.343838 12.355646 0.999615 1.098315
-26.573181 -14.060674 -7.106393 -1.107736 -17.603394 -19.974415 -21.182020 -1.327866 -4.232389 13.964987 -0.922764 2.237193
-23.551861 -12.214159 -4.826619 -0.521691 -14.768150 -15.023909 -14.785029 -4.100572 -3.458723 10.786852 -0.672316 3.477540
-29.342312 -15.045785 -6.358913 -1.225965 -19.596682 -18.964876 -19.018578 -6.909271 -0.120985 14.752372 -0.503485 4.609976
-33.817944 -17.471859 -10.887538 -4.733745 -22.797194 -20.732134 -25.380804 -7.000277 0.537016 16.519398 3.892128 2.469400
-28.829653 -15.549049 -6.118916 -1.932631 -21.611177 -16.366928 -21.190174 -7.057203 -1.038679 14.401863 1.355979 4.550024
-25.944798 -11.964458 -9.112927 -1.428186 -17.403765 -15.424170 -16.249580 -10.219694 -4.473293 11.387380 2.647098 0.013665
-23.193554 -15.151887 -2.465303 -0.897292 -18.698002 -14.889371 -18.064053 -4.853200 -0.131304 11.399467 -0.869588 1.265400
-26.618340 -14.836158 -6.549651 -2.674980 -17.167597 -13.393146 -15.433272 -10.659533 -0.627967 10.260997 2.107585 4.376569
-28.575871 -12.661733 -10.639195 -3.404715 -17.094767 -19.985054 -21.435390 -5.155362 -2.423640 12.611012 2.489292 3.327724
-28.218410 -11.409737 -8.112548 -1.293302 -20.622101 -20.442532 -25.221619 -3.994091 -2.529926 12.879381 5.308643 1.740124
-17.722120 -11.772354 -7.257358 -5.048703 -12.864311 -12.016930 -16.164890 -4.887979 1.290613 9.128172 2.010407 0.746661
-28.909460 -11.697897 -10.567409 -3.783796 -19.822613 -22.203028 -25.852064 -2.035451 -1.238767 14.407743 3.006580 2.509900
-25.869762 -9.350577 -10.093499 -1.826331 -17.664904 -20.403145 -22.379360 0.377018 -5.032052 12.710379 1.264446 2.926803
-27.925276 -10.949282 -6.820366 0.632270 -20.224518 -21.767490 -22.133181 -3.514902 -3.837038 14.351677 0.533498 5.066016
-20.519281 -9.174234 -6.538541 -0.853853 -16.960638 -15.720430 -18.559502 -0.833500 -6.838760 9.302588 3.548425 -2.803767
-21.210493 -7.570585 -6.933817 -0.179891 -14.538943 -18.000261 -18.017193 1.010654 -5.764037 10.130032 0.378043 1.947400
-32.620205 -13.162292 -12.047476 -2.992050 -20.023630 -20.525461 -23.090382 -5.941959 -3.118257 13.688211 5.301368 2.493212
-29.224283 -7.696342 -12.959306 -0.867788 -16.409176 -22.663473 -21.362793 -0.573610 -7.076380 13.118207 2.745948 2.389926
-29.351173 -12.033800 -8.822692 -1.301280 -18.345745 -19.749519 -20.414566 -5.307677 -3.906136 12.787081 2.771378 2.644231
-33.525513 -13.465015 -8.452983 1.815830 -22.874037 -24.755056 -23.299856 -3.675865 -6.998206 15.428856 0.230226 2.353760
-26.018414 -12.814543 -6.942593 -0.776034 -16.069782 -14.986747 -14.139952 -5.697992 -4.063924 10.823112 0.856991 2.439754
-25.241341 -13.381024 -8.896526 -4.429087 -15.855839 -17.661304 -19.362617 -5.598578 1.419226 12.272861 -0.169873 5.072340
-21.575775 -13.805658 -2.893678 -1.520931 -15.805800 -7.791841 -9.645910 -9.843760 -0.163282 9.461609 -1.458149 1.432444
-15.154535 -7.510951 -7.995112 -3.198088 -9.100780 -12.392098 -13.098254 -0.727682 -5.201096 6.364382 0.337186 1.770378
-29.967228 -10.920221 -9.132567 0.523353 -18.154026 -21.873520 -20.749989 -4.041186 -4.376736 13.372575 -0.315144 4.911463
-19.080225 -12.367513 -3.518190 -2.833427 -16.484148 -12.876817 -18.133150 -5.947025 2.937204 9.441051 2.140725 2.327474
-24.029606 -8.779499 -11.251854 -3.340684 -16.149992 -21.420376 -23.528566 2.423059 -4.663295 12.670941 0.839548 2.088453
-27.743086 -9.084636 -11.905308 0.110708 -17.317497 -22.653267 -21.901102 2.344866 -9.852096 11.778963 0.958965 0.985110
-27.721567 -13.837073 -7.927953 -4.391000 -18.223831 -16.402512 -18.239115 -11.594604 2.355363 8.258831 3.169552 3.923289
-31.952785 -12.852267 -12.365957 -3.507011 -21.010805 -24.221083 -27.894258 -2.030119 -2.663312 14.958127 3.406191 3.775520
-30.793390 -7.789541 -15.184180 -2.901807 -17.863836 -25.127211 -23.479826 2.056253 -6.154536 13.656244 0.258550 4.028511
-32.491482 -10.722920 -14.833103 -3.415324 -17.962013 -25.712677 -25.678595 -2.533272 -4.334723 15.140682 1.511988 4.961479
-29.166222 -14.723912 -7.952734 -2.021608 -19.745693 -21.308210 -23.910610 -6.363554 1.244615 14.666890 0.429249 5.923096
-29.696936 -10.522636 -12.139984 -0.829857 -19.987953 -25.380245 -24.840570 1.330702 -6.253697 15.341168 0.130786 2.813621
-33.873562 -15.985060 -7.373470 -0.561987 -23.271765 -24.769585 -26.206316 -5.419975 -1.069607 17.967703 1.432220 3.258957
-35.600979 -16.560934 -9.693002 -1.448274 -20.624027 -27.204720 -26.267817 -6.745354 -3.011286 16.819567 -1.263807 7.579802
-29.400734 -17.366219 -3.526337 0.173035 -20.571537 -16.438351 -16.679375 -8.049398 -2.151026 11.930053 0.001371 0.174082
-26.962683 -8.861967 -8.862887 1.011606 -18.774618 -20.732260 -20.366081 -0.529199 -9.361645 11.083769 3.637396 -1.797833
-29.345894 -12.771725 -9.362073 -2.709040 -16.357201 -21.668058 -21.123369 -7.083319 -1.638389 12.331149 0.441684 6.219234
-17.534075 -11.729285 -5.672013 -2.690815 -11.183543 -12.121073 -12.477083 -3.595745 -1.800598 6.976425 -0.955101 1.537893
-32.226460 -12.646897 -7.798759 2.503528 -19.731878 -21.231905 -18.091404 -4.472505 -7.090564 13.426484 -1.648062 3.220834
-27.726433 -15.086944 -9.859354 -4.822108 -17.820864 -20.443171 -22.807409 -6.350687 1.009155 13.642433 0.598968 4.773887
-24.619616 -10.550579 -8.166687 -1.137035 -14.968424 -17.227970 -17.303728 -1.518825 -5.122255 10.860021 1.583210 1.130046
-26.574701 -9.683686 -8.636277 0.239423 -16.743212 -20.198658 -19.893860 -2.696819 -4.591192 12.524909 1.137919 2.824603
-30.243868 -10.681993 -12.616309 -1.945820 -18.474195 -22.628639 -22.886568 -0.398622 -6.630617 13.581725 3.251036 1.938577
-28.788692 -13.632185 -8.914145 -2.112907 -20.550844 -19.354946 -22.653805 -2.637096 -5.183703 13.209976 4.642979 1.102669
-16.546669 -4.653026 -11.880547 -2.588210 -10.094739 -15.758602 -15.049997 5.142099 -9.108524 9.507195 -2.036520 1.308743
-23.629305 -13.309884 -8.229287 -3.599304 -18.298473 -13.729505 -15.669393 -2.987563 -5.294507 9.773560 4.491151 -3.892473
-25.772522 -15.499122 -4.317620 -1.183884 -19.965631 -16.087744 -18.138750 -4.515822 -1.545459 13.511698 -0.029345 2.584707
-36.271389 -18.581766 -13.776865 -5.205791 -24.241005 -18.787666 -20.947741 -8.466949 -3.187894 15.408391 3.970860 4.138249
-32.171535 -16.059887 -9.848430 -3.208621 -19.147444 -16.287937 -15.574972 -7.636137 -4.526393 12.928735 0.089521 4.789531
-27.658079 -14.067761 -8.717828 -1.484542 -19.146622 -14.025805 -16.290798 -5.858227 -5.902904 10.581420 2.824540 2.755479
-23.679995 -11.459889 -8.357810 -1.889879 -18.440859 -17.180094 -19.629805 -0.468118 -7.255973 10.575726 2.556287 -1.401650
-34.810612 -15.700023 -11.511685 -3.290115 -24.886873 -21.111149 -23.562401 -4.529854 -5.489942 17.515774 5.142912 1.294441
-26.345579 -17.382761 -5.519531 -3.305819 -17.683859 -12.453102 -15.020278 -8.748608 -1.102781 11.970132 0.761009 4.717911
-26.357265 -20.360191 -5.987118 -4.128216 -17.263123 -5.639372 -8.272484 -11.148575 -1.180415 8.212338 -1.378175 2.483272
-30.953171 -14.843819 -10.694395 -3.641305 -21.067228 -19.859856 -22.032051 -4.566476 -2.756461 14.936069 2.139631 4.774483
-29.350805 -19.924545 -6.799205 -3.794407 -20.889978 -11.792890 -15.171318 -9.298344 -0.220539 11.118748 0.790834 3.954025
-27.102560 -14.541613 -9.513403 -3.610863 -17.727280 -15.309236 -15.811814 -5.462471 -3.805905 12.686872 -0.533822 6.108273
-27.829460 -17.302265 -7.426187 -2.695207 -21.191887 -15.669138 -20.224358 -4.756015 0.357005 15.183306 -1.924342 4.722046
-31.845486 -19.285387 -6.894150 -1.494341 -21.468821 -12.321240 -13.620615 -9.431737 -3.261131 11.006145 1.987815 1.820658
-25.150484 -16.350033 -6.290529 -1.556491 -21.188608 -12.422021 -17.366638 -4.544448 -3.085406 10.906230 0.743919 -0.344114
-29.537565 -18.753927 -8.241724 -4.677526 -23.846298 -13.966947 -19.191858 -6.787871 -0.246883 12.390243 5.062728 -1.936942
-21.677279 -15.000870 -9.312268 -6.798149 -17.686886 -12.951167 -18.473793 -1.871798 1.160046 11.025004 3.218297 -0.503936
-29.055426 -20.514347 -5.639608 -4.201904 -23.637291 -14.329306 -19.195072 -8.717070 -0.319578 15.369020 2.565361 1.663655
-29.844223 -15.303467 -7.788189 0.621372 -22.700872 -12.691384 -14.104280 -4.051544 -8.984656 12.677299 -0.314801 1.558493
-23.905813 -16.251108 -5.832406 -3.810978 -21.366365 -14.338540 -20.433533 -5.298775 -1.657226 11.479635 5.084393 -3.638257
-23.367498 -14.458789 -5.691388 -2.066310 -19.671722 -15.136674 -18.794670 -3.169723 -2.541585 12.075329 1.787439 -0.152153
-26.235580 -15.184969 -7.131206 -4.888155 -21.530460 -18.192892 -25.265673 -4.480464 1.297796 12.503129 3.141202 1.832634
-27.656637 -15.723553 -10.383457 -3.645070 -18.788260 -14.443268 -17.483835 -2.674015 -4.086224 12.354940 1.077149 4.664596
-25.139135 -17.929417 -4.199704 -2.752211 -20.317303 -14.307941 -18.797350 -4.189466 -0.355986 13.797417 1.315243 0.188650
-29.924568 -15.068660 -6.270002 -0.126375 -22.578024 -20.912367 -23.456446 -4.657283 -2.144156 16.465057 1.234092 2.007508
-29.891788 -16.935614 -7.322929 -2.438822 -22.552326 -16.068481 -18.956881 -6.636612 -1.257914 15.926560 2.862387 0.039808
-22.960094 -12.547844 -6.594024 -2.643151 -18.175394 -17.311295 -20.881147 -1.846295 -2.184713 12.527363 2.523452 0.697444
-25.535650 -13.987425 -7.003711 -1.886558 -18.214405 -15.455077 -17.251942 -3.989731 -2.873877 13.178568 1.439601 1.938040
-24.240997 -14.566355 -9.096621 -4.791924 -17.376478 -14.730757 -17.474306 -1.943001 0.274023 13.746271 -0.824287 2.378735
-22.476198 -9.878612 -9.046421 -2.811681 -18.995287 -16.051069 -18.813137 0.062356 -5.382597 11.208788 3.972029 -3.651299
-29.513815 -20.894018 -1.921178 -0.864408 -24.237082 -11.923022 -14.679625 -10.749608 -2.411821 12.181282 2.534622 0.484395
-29.897682 -19.040598 -6.422383 -3.407227 -22.766796 -17.084637 -22.419165 -6.686285 -2.146869 14.718684 4.627028 1.461767
-31.148273 -17.521465 -8.888740 -5.163507 -24.067900 -18.801857 -25.972691 -5.594476 1.617188 16.797382 4.469813 1.137599
-22.142160 -13.379701 -3.631838 -1.006279 -20.215479 -15.275818 -20.242300 -3.497837 -2.232646 11.522031 2.433636 -1.384171
-27.674883 -16.875158 -5.554634 -2.249722 -22.036415 -18.350958 -21.966230 -4.611650 -1.317973 15.276680 2.301650 1.759544
-27.556259 -17.572300 -7.799164 -4.841540 -19.997225 -16.164461 -20.141287 -5.469147 0.093532 14.337199 2.613817 1.778113
-28.288790 -16.610115 -8.139783 -3.744510 -21.069370 -18.272030 -21.515158 -2.848871 -0.047286 15.496421 0.217295 1.671935
-25.556858 -15.326435 -5.914493 -2.156232 -20.333063 -16.847456 -20.054886 -4.707995 -0.590018 14.598712 1.496228 2.286101
-26.408342 -18.408392 -5.506257 -3.884577 -18.973434 -14.202041 -18.308462 -8.510979 2.013924 13.312137 0.050927 4.475075
-26.684942 -14.694233 -5.135214 0.014058 -21.490343 -20.625280 -23.422443 -0.925389 -2.785067 14.486608 -0.419158 2.582592
-28.775740 -17.192142 -8.410151 -5.354404 -19.320566 -13.385944 -16.222429 -9.746792 0.114327 12.595229 2.496415 2.142621
-25.187868 -11.667343 -10.368865 -2.730466 -17.304953 -19.547626 -19.687553 0.160446 -3.855574 13.004839 -1.230906 5.314071
-30.471003 -16.379534 -9.634495 -5.937539 -21.630878 -20.241232 -26.671412 -5.486558 2.628618 15.095315 2.578145 4.253938
-28.758245 -13.759286 -10.995082 -4.275670 -18.185703 -20.767233 -22.288511 -3.257860 -0.282452 14.569272 -0.039998 5.800129
-27.101826 -14.803443 -5.672617 -1.216720 -19.976442 -16.250828 -19.200079 -4.467326 -2.142768 13.994219 0.459781 2.517070
-29.779800 -18.344259 -6.988893 -4.741559 -23.731468 -17.909807 -25.146721 -6.816980 2.855919 16.574537 3.776264 1.174683
-30.369293 -14.500680 -8.110802 -0.134281 -20.521637 -18.057890 -19.121017 -3.779120 -5.662853 13.182831 1.083973 3.082301
-29.066154 -21.027576 -5.863144 -4.611258 -24.286182 -12.567801 -17.771841 -7.162374 -0.784273 13.641433 3.521646 -1.743505
-24.977879 -11.991814 -6.741845 -0.032900 -19.471458 -15.435568 -17.909332 -1.289591 -7.639630 10.384992 0.901833 -0.413694
-13.923046 -14.112720 -5.544443 -5.418346 -16.989199 -7.152605 -17.904390 -1.993631 -6.088720 0.912337 7.348388 -9.238988
-8.333171 -8.662718 -7.695211 -6.455608 -10.421269 -6.725453 -13.880391 -0.983461 -8.516411 -1.397151 7.112719 -9.779910
-17.159208 -6.156955 -10.842386 -4.188873 -12.590598 -12.748402 -16.561682 -2.823168 -10.342754 1.790035 10.811756 -7.595810
-27.332363 -8.066621 -12.004365 -2.703138 -18.458054 -20.282621 -24.092911 -4.196433 -7.447315 7.568253 10.423789 -0.357842
-17.108803 -14.297913 -5.503199 -5.857452 -16.538170 -8.854461 -19.704187 -7.813847 -2.376341 2.193042 10.817055 -8.165645
-4.725299 -15.133769 -5.436258 -10.462322 -8.237060 -0.385195 -11.314477 -3.068632 -2.121948 -4.570310 4.881196 -7.109194
-5.609146 -11.690936 -4.019238 -7.189425 -8.481321 -2.406550 -10.505219 -5.570273 -2.787810 -3.280508 6.113191 -8.571589
-12.449020 -7.994153 -7.770495 -4.597373 -9.997162 -9.216373 -13.701038 -4.849721 -9.033402 -0.971165 8.249250 -8.571125
-11.285021 -7.797017 -2.775728 -0.632824 -13.493536 -7.654237 -12.964552 -2.791815 -9.988550 -1.060884 6.996173 -9.136780
-20.290342 -9.557734 -2.373121 0.668830 -17.662020 -13.231311 -17.686411 -6.517185 -6.968010 3.788659 7.988988 -7.412820
-10.252362 -8.904622 -5.308663 -5.020076 -8.941622 -6.089386 -11.539079 -5.320957 -6.978796 -3.516715 9.193697 -8.068692
-6.302356 -5.676434 -9.014615 -6.277372 -7.515519 -6.551975 -12.139998 0.378218 -10.945531 -3.379245 7.715599 -7.858620
-17.032709 -6.934855 -6.869054 -2.258025 -11.841963 -11.278732 -14.527537 -5.867373 -10.196593 -0.428860 9.787180 -6.893680
-10.455770 -8.827394 -6.597499 -4.266828 -12.383985 -8.022542 -15.884548 -0.067870 -8.533054 0.938023 6.877668 -6.499258
-11.812477 -8.793870 -6.366737 -4.364904 -13.215953 -9.863395 -16.871838 0.078098 -8.564978 1.060787 7.661255 -7.566174
-10.280171 -11.280946 -6.601119 -7.185876 -10.325037 -5.659826 -13.841240 -4.562160 -2.483364 0.372459 7.142229 -5.201592
-7.584025 -14.998022 -3.532765 -7.513863 -12.223090 -1.513574 -13.154806 -3.610924 -6.035054 -3.899085 7.905972 -7.566467
-11.500180 -10.197688 -6.434037 -5.333382 -11.926343 -8.117320 -15.717132 -3.277512 -6.132113 0.114186 8.948710 -8.731047
-12.586668 -5.526760 -8.779603 -2.983089 -11.937620 -10.168468 -15.101007 -0.341796 -12.533036 0.281737 8.580970 -8.305820
-10.151258 -9.246902 -4.255289 -3.728101 -12.460000 -8.053061 -15.826760 -2.475536 -8.744398 -0.574419 8.303733 -8.200717
-12.282187 -5.034046 -7.720534 -3.174074 -10.583195 -11.800482 -16.872295 0.305390 -9.627055 -0.900367 8.392088 -5.095444
-12.212948 -5.274786 -10.758921 -5.595395 -3.585057 -7.402731 -6.163539 -4.767116 -12.335799 -7.284434 5.582929 -0.711475
-7.327087 -5.333782 -5.789687 -4.094815 -8.140018 -7.698082 -12.402464 -0.191482 -7.968393 -2.165584 4.560914 -3.237994
-9.867091 -5.202992 -9.028378 -4.910388 -5.020025 -6.118404 -7.648398 -6.301443 -9.063244 -5.390226 7.256973 -8.024307
-5.702980 -7.030127 -7.058628 -6.472979 -7.236325 -4.276854 -10.695291 -2.084449 -8.763937 -4.423504 7.249933 -7.921301
-6.339078 -7.310963 -3.761292 -4.018106 -8.459779 -6.727372 -13.127013 0.408027 -7.281967 -2.587728 5.713876 -4.307403
-13.130911 -5.888156 -6.547956 -3.725147 -10.996387 -9.222928 -12.846888 -4.006208 -7.284348 -1.285146 8.139428 -4.075705
-7.734268 -3.045066 -5.351827 -1.150255 -5.762537 -7.544016 -7.099847 -4.978178 -11.178079 -8.425611 4.618940 -3.934850
-7.371929 -9.036972 -6.533145 -6.206950 -8.210297 -4.428545 -10.528272 -4.215698 -7.199467 -4.651161 7.803214 -5.188157
-5.523114 -5.541525 -6.081356 -4.844135 -6.552783 -6.556729 -11.362453 -0.470745 -9.033255 -4.125831 6.910180 -6.031742
-14.792372 -3.239173 -11.970553 -3.973454 -9.114688 -8.741267 -9.525029 0.518131 -12.890480 -0.861290 9.669721 -6.870444
-11.216954 -7.361073 -9.674679 -6.398703 -8.185545 -9.990849 -14.758514 -2.779295 -5.861072 -0.765561 7.470759 -3.542749
-12.079803 -6.012533 -3.019896 -0.246678 -9.120322 -9.041427 -11.553391 -3.050606 -10.362074 -4.590713 5.460982 -2.119434
-14.455157 -10.390136 -7.140172 -5.167914 -11.456557 -7.487177 -13.527161 -8.172869 -3.572458 -1.024005 8.724497 -7.071651
-7.440052 -7.908268 -7.824383 -7.010900 -3.422717 -3.007947 -5.097431 -6.438004 -4.309334 -5.101324 3.111540 -3.270120
-10.140120 -4.567113 -6.576089 -2.400136 -9.441136 -8.442470 -12.407799 0.834552 -15.955695 -5.458270 9.473657 -10.682648
-19.968361 -4.850531 -13.240673 -4.867196 -2.555564 -8.945696 -2.368450 -11.778853 -10.211264 -6.805134 6.839651 0.736433
-11.614745 -2.260382 -9.596325 -0.955222 -5.966440 -7.607232 -6.651798 0.442419 -23.116533 -10.393279 6.858861 -11.223110
-6.094521 -3.525294 -8.992136 -4.249852 -4.505817 -6.554913 -8.440196 -3.967381 -14.395231 -8.651525 6.802685 -11.032408
2.110478 -14.511704 -0.836366 -10.390781 -5.139310 1.408099 -7.908581 -6.228063 2.443541 -4.411575 0.621615 -4.789411
-19.135162 -10.814826 -10.822751 -7.161012 -5.293877 -15.272940 -11.612185 -8.240630 -5.260870 -1.611215 -1.570322 8.587019
-25.456970 -8.631615 -11.639297 -2.511728 0.134774 -13.323318 1.618647 -11.499188 -13.582344 -5.633861 -5.072977 9.600260
-25.672712 -8.067859 -14.405434 -4.592092 -1.008118 -16.590076 -5.040177 -9.276812 -12.482745 -2.972208 -3.526223 10.821035
-20.243587 -5.431633 -12.739531 -3.771047 -0.404684 -15.334885 -4.821247 -6.552896 -9.024863 -2.480308 -3.847765 9.059582
-20.071083 -9.671548 -9.290682 -4.671501 -6.341920 -10.897037 -6.774079 -8.807863 -4.243121 -0.201234 -1.398971 5.955896
-21.326014 -9.841352 -13.529971 -7.247127 -0.997586 -11.787954 -2.313587 -10.750716 -8.547106 -4.837363 -3.540652 9.804831
-21.067261 -11.375561 -9.144474 -5.405704 -3.934349 -12.714009 -5.733508 -12.041477 -3.616706 -1.945211 -4.015495 8.811279
-23.083227 -6.391913 -12.433841 -3.747605 -2.462428 -17.965996 -8.101462 -5.929699 -9.562532 -2.799385 -2.246691 8.929997
-22.454504 -10.047812 -12.547989 -6.062519 -8.507401 -14.664221 -12.494604 -4.886327 -6.572919 4.354955 -0.059726 6.040256
-14.524651 -9.219549 -9.086780 -7.455061 -2.506443 -12.718024 -8.932522 -5.948265 -2.208979 -0.845241 -4.035249 6.415797
-25.202068 -9.864045 -13.113616 -5.756429 -3.343096 -19.188833 -9.303678 -10.507364 -6.894919 -2.670255 -4.296986 11.474176
-21.598164 -5.518552 -13.675797 -5.985437 0.105378 -15.820638 -4.086496 -9.229631 -8.984852 -4.276794 -2.267706 7.746965
-25.147722 -9.584390 -8.734653 -0.412244 -1.441495 -10.908489 2.664588 -15.107239 -13.589136 -8.957060 -4.002693 8.927644
-18.270157 -6.490313 -9.337971 -2.884268 -3.393982 -10.910309 -4.714355 -6.133600 -7.483237 -1.099945 -2.607939 6.507684
-20.726877 -8.847530 -13.500444 -7.421208 -0.858046 -15.019744 -6.039176 -9.447885 -5.316208 -2.872797 -4.177293 9.805965
-22.462175 -11.237337 -14.233088 -10.163605 -1.867021 -17.807039 -8.863916 -9.607406 -3.258631 -1.625231 -4.330939 9.042548
-17.396673 -10.485534 -11.175920 -8.044559 -1.965901 -11.144772 -5.499975 -9.343514 -2.422439 -1.810740 -4.999810 8.489820
-23.897917 -8.059212 -13.712489 -5.690515 1.365109 -16.955017 -2.971358 -10.149981 -8.119334 -3.072625 -7.023853 10.124204
-17.652073 -9.629678 -11.432997 -8.140815 -1.157624 -11.848022 -3.696005 -7.720896 -5.459865 -2.258090 -4.601584 6.837229
-20.855577 -10.008378 -12.802378 -7.554345 2.151151 -13.116705 -1.748927 -12.810291 -9.385765 -9.254555 -3.520164 9.674804
-19.095562 -13.302425 -9.324161 -8.541190 -1.453474 -11.463780 -4.637649 -10.619467 -4.720419 -3.720667 -4.601873 7.673263
-12.295148 -11.039053 -6.253011 -7.505804 -4.320545 -5.857195 -3.870493 -7.946178 -1.268163 -2.779084 -3.567208 4.474948
-21.233702 -10.672870 -12.175848 -7.854583 -2.219527 -14.454334 -5.413903 -9.278146 -6.572170 -1.672591 -4.382825 8.849162
-18.895283 -11.227492 -7.338636 -4.497414 -0.548289 -8.817946 0.078665 -12.076974 -8.527135 -7.872128 -5.682074 8.806476
-19.812067 -9.262700 -10.331191 -5.750526 -4.400295 -14.098559 -7.441031 -6.092765 -6.648846 -1.232386 -2.663393 6.361239
-22.287115 -6.715597 -14.789696 -6.150980 1.090800 -17.193665 -4.490282 -9.075193 -7.644555 -3.498628 -5.037137 10.651638
-17.017628 -12.405948 -8.145403 -7.190661 -6.352573 -12.172728 -11.307274 -7.307320 -1.625836 0.662639 -2.496128 6.975347
-19.660963 -9.323970 -11.148407 -6.310676 -1.279254 -13.181520 -5.707348 -9.255257 -8.348382 -4.025690 -2.601460 8.297923
-22.714838 -5.702771 -13.440675 -4.699287 -0.748597 -19.440668 -7.821620 -9.477539 -10.799240 -4.504951 -3.055246 9.728695
-18.674471 -10.171465 -11.448640 -7.048858 -1.108698 -14.111659 -6.918589 -8.208423 -6.469158 -3.387294 -4.113298 8.616508
-17.158775 -5.245838 -12.979513 -6.049417 0.176937 -10.212934 0.050240 -6.847577 -8.429937 -4.502520 -3.150876 5.537271
-13.702204 -5.331786 -10.792137 -5.894021 0.635524 -12.816043 -5.286493 -5.668533 -5.832833 -3.408134 -2.921674 6.103120
-19.731569 -11.451990 -11.886889 -8.650182 -1.867346 -12.854193 -5.981644 -11.474686 -2.635801 -3.373797 -4.645159 9.026060
-24.894846 -15.176128 -9.726271 -6.117837 -7.196706 -14.548170 -8.015038 -14.135440 -2.351440 -0.823844 -5.777548 10.104114
-21.711285 -11.711339 -10.930302 -7.847065 -4.432934 -14.837626 -9.268489 -12.158845 -2.010197 -1.125806 -2.186427 8.450239
-19.264431 -12.146256 -11.529367 -8.193101 0.903723 -11.345152 -2.074315 -12.564453 -6.628313 -6.823536 -4.975719 10.306281
-24.370590 -7.169499 -11.798549 -2.811913 -1.741499 -15.781841 -2.880001 -13.312323 -9.338618 -4.692976 -2.470610 10.485199
-17.218727 -11.491973 -9.413302 -5.897254 -2.481642 -6.610083 -2.375127 -6.644751 -6.215016 -2.932099 -3.441736 4.638192
-19.041449 -4.834056 -13.498789 -6.127228 -0.655266 -17.033428 -6.717078 -4.858158 -8.046659 -1.700949 -4.101182 7.902547
-19.112392 -6.642291 -13.770957 -7.140690 5.463443 -15.567616 -1.094416 -10.508314 -9.125113 -8.264548 -6.013837 10.052175
-21.052742 -9.374531 -12.514570 -6.436339 1.711097 -13.373772 -1.474263 -11.818305 -7.803891 -5.715759 -5.967573 10.494145
-21.034822 -7.153559 -14.640837 -6.049505 2.636519 -14.890460 -2.284944 -9.911994 -10.435205 -6.562943 -3.666358 10.402142
-25.230869 -9.218397 -11.717239 -3.177517 -4.718003 -17.669054 -8.661287 -9.409130 -8.634133 -2.050343 -3.152774 10.777460
-14.565782 -7.131928 -11.134144 -6.494776 2.540489 -11.067156 -2.182526 -7.638471 -7.516975 -5.033442 -3.553708 7.689584
-10.882844 -9.827809 -9.737936 -8.721208 -2.078263 -6.081508 -2.233420 -5.142237 -6.132326 -6.259548 -3.644285 3.247019
-16.113293 -7.279436 -9.581820 -5.366001 -0.696937 -13.008362 -5.252398 -8.606201 -5.655334 -5.316490 -3.164697 7.532619
-20.376631 -13.895738 -11.159238 -8.980134 -3.315733 -12.849309 -7.348550 -12.004155 -2.715662 -3.116199 -5.060620 10.222389
-18.255566 -9.324349 -9.572464 -5.008803 -2.348539 -12.282783 -5.243935 -8.672284 -5.113726 -2.416736 -3.592966 7.854074
-21.469885 -11.998568 -11.103680 -7.007805 -6.508700 -17.493227 -13.199801 -8.430843 -0.732013 3.411855 -4.524053 9.779804
-16.541233 -7.882010 -9.721409 -4.816380 -2.042357 -11.768200 -5.576119 -6.233252 -5.871038 -0.853410 -3.319594 6.678545
-17.051859 -4.192962 -7.475727 -0.387595 -0.902959 -10.888304 -1.869974 -7.441761 -9.911175 -3.780915 -3.019849 2.645920
-19.796259 -11.205667 -9.943194 -5.833654 -4.491796 -7.505451 -0.397149 -9.927384 -6.937171 -1.723775 -3.710827 6.851504
-22.143059 -7.690978 -9.092984 -2.162349 -4.564614 -12.498814 -3.568300 -10.877171 -6.626852 -1.306727 -3.195016 8.699324
-17.980518 -7.663954 -10.799268 -4.224510 -0.563830 -10.006527 -0.851049 -6.652038 -7.442926 -2.532584 -5.702665 7.929971
-18.711052 -5.685848 -11.365097 -2.815357 -3.673961 -13.953572 -7.021855 -1.262266 -9.707602 1.698298 -3.187680 5.904138
-25.699570 -9.761045 -8.493144 -0.096715 -7.424235 -11.347972 -2.801574 -10.062390 -13.051793 -1.328183 -2.421647 7.947882
-23.794434 -4.663293 -11.931009 -0.662247 -3.818364 -16.327095 -5.412924 -4.913300 -11.584069 0.014541 -4.556257 9.252074
-19.080196 -8.645630 -8.318852 -3.365403 -5.199835 -9.385581 -4.526347 -7.982474 -6.016313 -1.160887 -1.599783 5.919907
-20.600178 -9.457269 -9.080920 -3.692332 -2.729249 -8.240783 1.215873 -10.945057 -9.605120 -4.848644 -4.122506 7.699142
-23.779705 -7.912054 -13.668624 -4.212211 -0.138613 -14.470758 -1.817751 -8.541322 -12.648956 -5.746203 -5.990107 10.824227
-21.131693 -10.019064 -10.659974 -5.332540 -1.612093 -10.176149 -0.659169 -9.921810 -8.996445 -4.986558 -5.145916 8.584742
-24.064646 -8.365396 -12.967657 -4.182710 0.018381 -11.873213 2.035066 -9.962777 -10.883734 -4.276152 -6.050058 7.573071
-19.710161 -6.655040 -11.174053 -2.507157 -0.722095 -10.385238 -0.597464 -6.289294 -10.076630 -1.940330 -5.276700 8.254921
-20.087383 -9.029614 -10.006868 -5.236041 -4.707889 -11.553197 -4.999336 -9.092443 -6.221714 -1.312673 -3.330338 8.464784
-22.405062 -6.584771 -11.010289 -2.087748 -5.441154 -15.205583 -7.255880 -4.165914 -10.337256 1.589823 -3.538043 7.952500
-20.719358 -3.823737 -13.258762 -2.970159 1.377166 -14.057681 -1.083166 -5.349255 -12.567039 -3.954828 -5.455153 9.294821
-21.467154 -9.029073 -10.030789 -3.866879 -3.707739 -12.985486 -3.912401 -8.645220 -7.267093 -3.025437 -5.800474 9.143841
-24.993891 -4.419190 -12.138902 -0.054799 -3.607143 -15.590484 -2.956840 -8.356488 -11.768480 0.124974 -4.131843 7.488545
-22.183716 -5.737201 -11.925026 -2.783473 -2.032708 -15.020026 -4.143371 -8.214451 -10.791800 -2.738053 -4.441165 10.417930
-18.145994 -7.346437 -6.750166 -1.648439 -5.970391 -9.412968 -3.900429 -6.852336 -8.074833 -1.955663 -2.914539 5.292826
-25.684566 -6.310883 -12.300220 -1.828557 -5.632005 -17.864885 -8.130821 -6.655663 -9.241202 3.475758 -4.472404 9.069334
-22.280449 -6.848578 -9.893333 -1.739158 -5.057290 -13.994798 -5.980765 -4.995214 -8.771272 1.859596 -4.435141 8.164392
-20.506495 -6.860899 -11.181462 -3.365676 -4.543470 -13.482342 -6.208589 -5.901512 -7.149088 2.037460 -4.444992 8.636866
-18.451256 -5.390573 -12.479916 -3.291771 0.940779 -12.272576 -1.253161 -4.387865 -8.941992 -2.569615 -6.649305 8.859562
-18.846987 -6.317923 -8.568575 -0.961105 0.745214 -12.160181 -0.991238 -7.905408 -10.810075 -5.796788 -5.954587 8.113145
-21.632164 -10.099282 -8.994709 -4.941843 -2.865989 -11.452230 -2.130347 -12.789486 -5.445085 -4.563080 -5.784909 9.661987
-15.863733 -7.984121 -7.326385 -2.614365 -4.960269 -9.337127 -5.883002 -5.102723 -6.619242 0.500283 -2.288403 6.624784
-20.723629 -9.188848 -9.337158 -4.956300 -5.095997 -11.773239 -5.112936 -9.312732 -5.448281 -0.513986 -3.381967 8.787942
-21.579142 -8.352864 -7.372288 0.164859 -5.738480 -12.310402 -5.464041 -6.055412 -10.471344 -1.150977 -4.021223 7.035317
-19.386238 -13.474342 -9.967231 -5.696834 -1.809044 -6.439656 0.724406 -12.340160 -4.128058 -1.411121 -4.925026 7.607128
-19.593546 -9.063911 -10.505111 -3.459616 0.247628 -8.370879 2.192402 -9.305679 -11.242559 -5.307201 -5.648373 9.477263
-27.267080 -9.478451 -12.433570 -2.907978 -4.429312 -15.321079 -3.480145 -12.096214 -8.446174 0.235758 -5.982946 11.449937
-23.874601 -5.652287 -11.092218 -0.173250 3.573081 -13.500180 3.328887 -10.519324 -14.926022 -9.861765 -6.915604 10.287760
-24.371737 -10.393215 -10.626356 -2.315845 -6.379368 -10.360276 -2.066756 -8.751364 -10.267735 0.266786 -3.938121 8.957282
-22.066488 -9.252620 -10.136342 -2.967331 -3.685648 -8.046672 0.141008 -9.419911 -11.161673 -3.711911 -3.214885 8.193616
-23.958378 -8.993163 -11.985786 -3.273531 -2.315679 -12.478523 -1.185303 -10.607459 -9.643890 -2.270695 -5.629499 10.656451
-18.630987 -8.210043 -10.443982 -2.659247 -2.497205 -10.810992 -3.374851 -5.848552 -8.535037 -1.804095 -3.979086 5.068972
-16.656004 -8.822815 -5.407581 -1.297890 -2.433063 -8.360897 -1.599169 -8.116685 -8.161786 -3.016555 -3.948681 6.388967
-16.133833 -7.851186 -6.493117 -2.338891 -1.114635 -8.045748 -0.761716 -7.913391 -8.500255 -4.120302 -3.467410 6.632499
-21.103483 -8.781022 -12.144190 -4.063375 -4.175787 -11.935652 -4.509783 -5.311490 -8.894134 0.919231 -2.864949 7.403517
-17.767731 -5.814716 -10.488362 -3.298669 1.873854 -11.446925 -0.428579 -7.432374 -8.505608 -4.286170 -5.559451 8.217589
-22.832058 -8.991727 -9.996004 -2.277029 -8.028470 -12.028544 -6.487927 -7.981051 -8.597492 2.938540 -1.340993 8.558060
-15.790095 -5.084910 -9.449424 -3.450798 1.227866 -11.215639 -1.944844 -6.320991 -7.606768 -3.984093 -4.342536 7.409447
-19.852205 -9.612473 -8.422398 -4.495903 -4.891076 -8.609689 -2.287791 -10.760986 -6.712344 -3.038157 -2.621805 6.960398
-24.916176 -8.219289 -8.050759 -0.941097 -9.132353 -12.162868 -5.089743 -11.748037 -7.367647 1.170573 -1.138021 6.785983
-22.895638 -7.868399 -7.421381 0.400544 -5.868053 -14.100631 -6.117633 -7.158333 -9.467439 2.480426 -3.424040 8.111126
-21.387852 -8.893475 -11.189528 -4.574832 0.636386 -9.089044 3.191110 -14.568379 -9.967209 -7.630244 -5.054463 9.551804
-20.726206 -5.988029 -8.865323 -0.884150 -3.288995 -13.208146 -3.911883 -8.572976 -8.853606 -2.438647 -3.016256 8.265219
-19.733633 -8.732158 -7.776315 -2.430882 -5.843065 -9.169901 -3.627883 -8.910819 -6.814976 -0.422569 -2.327598 7.890460
-19.790548 -6.239818 -10.976053 -3.540594 -1.138516 -11.692742 -1.992981 -7.739259 -6.622481 -1.993864 -5.543159 8.420422
-11.128928 0.457463 -15.419200 -7.641312 13.119572 -11.256784 5.382045 -7.850961 -12.171531 -13.906330 -6.593880 4.238244
-5.972365 1.159979 -14.196630 -7.875510 9.379108 -8.391444 1.933743 -4.097655 -12.447977 -12.894805 -1.975945 -1.141196
-10.813245 3.545268 -19.011917 -8.271758 16.053583 -14.032489 4.765989 -5.309943 -17.627241 -16.154613 -8.487524 2.039700
-10.011406 -0.492196 -15.298133 -8.478109 12.260328 -10.351412 3.528387 -5.757543 -11.941626 -12.113447 -6.136961 1.624123
-10.200762 3.401250 -17.715693 -7.562130 15.066517 -13.133706 4.636065 -5.008018 -16.607458 -15.020824 -8.035557 1.637439
-12.490985 -0.415920 -17.189232 -8.642330 12.526924 -11.491779 4.136123 -5.511225 -13.721560 -12.452697 -7.290917 3.533904
-8.902570 2.370441 -17.614677 -8.409653 14.165563 -12.680939 3.086435 -3.958615 -14.974772 -13.721063 -8.037774 1.126024
-18.439348 2.747117 -20.973820 -6.424828 17.067678 -15.635282 8.553460 -9.032928 -21.966135 -19.141273 -7.819373 6.343683
-8.352498 2.233520 -16.711756 -7.839481 13.555134 -11.502562 3.209578 -3.762595 -14.068443 -13.171573 -8.250993 0.096115
-11.413749 0.511634 -16.830593 -7.955399 13.412889 -11.664330 3.863941 -5.012872 -13.790426 -12.531705 -7.712054 1.373096
-10.072780 3.072098 -17.040840 -7.373100 13.630555 -11.437099 4.879186 -4.962435 -15.351227 -14.112730 -6.895571 1.158016
-10.351826 -0.309774 -16.121681 -9.238791 12.780195 -9.880275 4.652226 -5.984522 -12.360321 -12.685998 -5.705690 0.891731
-8.065352 3.077490 -16.196127 -6.948235 12.428897 -11.450682 2.821592 -2.976206 -13.975971 -12.058548 -7.516146 0.517113
-8.194547 5.097235 -15.379751 -5.216690 11.579735 -11.065521 3.650541 -4.137763 -15.071156 -13.468841 -5.037180 -0.646409
-7.572400 3.918251 -16.506481 -7.564517 13.122812 -11.521631 3.250596 -4.186903 -14.738056 -14.444707 -5.825075 0.077458
-8.439061 1.442008 -14.972375 -7.878873 11.670421 -9.962876 3.710549 -4.808257 -12.314138 -12.095490 -5.512663 -0.185886
-7.881228 2.274857 -16.179117 -7.378151 11.050774 -11.712155 0.948795 -1.452682 -13.623344 -10.343761 -7.203980 0.438338
-11.827303 2.580395 -18.251070 -7.964138 15.002896 -13.273124 4.897367 -5.955231 -16.176947 -13.955563 -7.551554 0.822696
-9.483038 4.048729 -16.400871 -6.013043 13.596558 -12.081739 4.477508 -4.790603 -16.244287 -14.484776 -7.472455 1.073664
-14.904580 3.823575 -19.475435 -6.163406 15.240328 -15.217744 5.568624 -5.176439 -19.123516 -14.942395 -8.531446 4.391967
-9.991583 3.870464 -18.628605 -7.831866 13.827817 -13.644314 2.970150 -2.614134 -16.678434 -13.431482 -8.075429 0.957308
-13.722113 2.163329 -18.548016 -7.487048 14.945613 -14.318776 5.233706 -5.913649 -16.494511 -13.804772 -8.865712 4.177794
-4.852472 1.159051 -14.759421 -8.943036 11.362882 -9.168264 1.656864 -3.330452 -12.041263 -12.900783 -6.242721 -1.011094
-14.885620 4.616254 -19.045380 -5.165030 13.854486 -14.775001 5.196154 -4.726612 -19.285803 -13.168379 -7.420955 3.966481
-12.272117 3.745034 -20.073959 -8.073555 15.145268 -14.006743 5.581998 -5.426836 -20.519384 -17.411280 -7.458566 3.294519
-13.687219 3.469337 -17.927698 -5.683059 14.766729 -14.013267 5.482041 -5.708085 -17.212400 -14.102858 -8.336394 3.898734
-10.072807 2.233655 -17.447224 -8.763897 15.059602 -12.981849 4.425345 -6.418083 -14.540671 -15.426165 -7.733350 2.409345
-14.231930 -1.928426 -16.986200 -9.122805 13.202187 -10.841921 5.651589 -7.163660 -13.097768 -12.303617 -7.228165 1.327156
-11.097134 3.893805 -18.126352 -7.025069 15.770959 -13.365933 5.607308 -5.617331 -17.280441 -15.975972 -8.477283 2.273993
-15.147790 3.096268 -19.292307 -6.448729 14.670518 -14.484910 5.700241 -5.998895 -18.160379 -13.431449 -8.528051 2.996271
-8.208649 1.925935 -16.419189 -8.685954 13.802164 -11.853311 3.383942 -5.352837 -14.022431 -14.990002 -7.062447 1.845393
-5.677661 0.893930 -12.510976 -6.250713 8.326780 -7.606050 2.040816 -4.477447 -12.051136 -11.282241 -2.048409 0.763380
-2.291608 0.327382 -12.169136 -8.623478 8.312953 -7.367722 0.100552 -2.455014 -10.046494 -11.744656 -3.829877 -0.721692
-7.024912 0.438072 -15.179041 -8.331000 10.507868 -9.417868 2.510820 -4.592606 -13.637518 -12.966938 -3.641284 1.263846
1.295370 -2.445460 -9.757303 -9.333757 5.245461 -4.859343 -2.503214 -1.421375 -8.918844 -10.988649 -2.303173 -4.129371
-8.751739 1.252768 -15.583433 -7.687478 10.359535 -11.155779 1.631387 -2.554313 -14.535286 -11.356747 -3.862266 -0.390784
-19.255978 0.088139 -21.189346 -7.940864 13.842825 -13.555188 7.960262 -9.477340 -14.675559 -12.620638 -9.074831 4.239753
-11.916010 5.092321 -17.760098 -5.371853 14.099820 -14.346954 4.638249 -5.267917 -17.684942 -14.507331 -6.845680 2.058023
-18.681309 0.710837 -22.119757 -8.081459 15.639417 -14.257209 8.183908 -9.505626 -17.976364 -16.443293 -6.903129 7.002660
-9.016661 2.957432 -16.760351 -7.225091 12.757771 -11.984261 2.857132 -3.801094 -15.726381 -13.608006 -5.205794 -0.124024
-17.100111 -1.288976 -18.789448 -7.127788 13.828643 -13.887837 8.014863 -8.256464 -18.725206 -16.522486 -10.879123 8.404068
-12.351791 0.536351 -18.669802 -9.991174 15.600033 -13.921012 4.920034 -6.896191 -15.874142 -15.862233 -9.063996 4.357173
-9.563323 4.136838 -16.527910 -6.399763 13.646801 -11.985078 4.717413 -4.829542 -15.965229 -14.648963 -6.453612 1.418836
-12.805627 0.731887 -17.770973 -8.178179 14.468828 -12.473199 5.140224 -6.184790 -15.196119 -14.251661 -7.981655 3.118730
-8.310979 1.586822 -15.514153 -8.209608 12.823488 -10.651093 3.623657 -5.000847 -12.825963 -13.261080 -6.733921 1.341955
-10.645469 1.953455 -17.608360 -8.444019 13.381541 -11.362294 4.541576 -5.446956 -15.583780 -14.175845 -5.801857 0.681219
-6.855744 0.285754 -16.017378 -9.010606 11.653765 -10.621301 1.234407 -2.515923 -12.359522 -10.961580 -7.450979 -0.693172
-7.510360 -0.385751 -15.215603 -8.733252 10.723717 -9.275027 2.818927 -4.874789 -14.814128 -14.272431 -4.231791 1.905415
-7.105613 5.240199 -15.779283 -5.101824 11.011362 -11.861422 1.684332 -2.284626 -16.984566 -13.516622 -4.769280 -0.431137
-7.465483 2.427738 -15.364095 -7.488779 11.031362 -10.021327 2.699950 -3.309208 -13.740219 -11.868565 -4.656785 -1.925359
-9.337554 3.260195 -16.646528 -7.225783 14.444139 -12.016608 4.861712 -5.424475 -15.710675 -15.620397 -7.272401 1.828564
-6.693473 -1.204156 -12.496235 -8.384195 8.807495 -6.904953 2.879431 -4.547111 -9.661376 -11.074542 -3.963285 0.311940
-6.469398 1.866044 -15.653800 -8.636311 12.808496 -10.393847 2.640024 -4.175587 -12.978324 -13.613877 -6.694748 -0.212540
-12.556608 1.439026 -16.880608 -7.052486 12.325999 -12.956947 3.969841 -4.641701 -14.815463 -10.751704 -7.405975 1.861399
-8.262383 2.392474 -17.356333 -7.771490 12.921164 -12.221606 2.182226 -2.702290 -15.061900 -12.815152 -7.876526 0.898679
-13.646032 4.257869 -18.502199 -5.639954 14.246310 -13.668239 5.606771 -5.571632 -18.847309 -14.552395 -6.556118 2.446239
-10.736332 2.550962 -17.479879 -7.194470 13.892848 -12.952756 3.925591 -4.258348 -14.525085 -12.504262 -8.666241 2.016958
-13.250363 2.929386 -16.672468 -5.450576 13.852261 -12.327799 6.466064 -6.651344 -15.779750 -13.057099 -7.842758 0.827531
-9.468649 2.375337 -17.917282 -7.420870 12.503941 -12.555963 2.192859 -2.248473 -14.223529 -11.065977 -9.311953 0.434834
-14.483891 4.724495 -18.665964 -4.039615 12.690849 -16.054226 3.714019 -6.426395 -20.416952 -14.897254 -4.806072 4.250299
-7.383104 4.572217 -15.556147 -5.833428 11.771031 -11.422873 2.422359 -2.703954 -15.497910 -12.844386 -5.947680 -0.948062
-16.199297 3.499912 -18.347542 -4.192462 13.988564 -14.576522 6.300307 -6.951987 -19.357714 -14.462944 -7.341533 4.366925
-5.013297 -2.714269 -9.648717 -6.734836 5.738678 -4.181657 1.643172 -3.884901 -7.050398 -8.420899 -4.571828 -0.416102
-6.180827 2.891969 -14.581296 -6.153233 8.174752 -8.667285 1.595351 -3.148324 -16.913284 -13.210021 -1.400599 -1.492754
-11.042649 2.340228 -18.420956 -7.676445 14.469769 -13.165592 4.139821 -4.322704 -16.658152 -14.212090 -8.689933 2.632766
-3.415952 -5.285143 -13.074745 -11.317898 8.054275 -8.012903 -1.306328 -2.429866 -9.660774 -11.214820 -5.876946 -0.599750
-12.440602 2.765609 -18.747622 -7.922832 15.776541 -13.895170 5.451462 -5.962659 -16.064106 -14.020246 -9.660048 1.161991
-4.321058 0.024288 -12.603568 -8.498405 8.805937 -7.569288 1.578514 -4.403823 -11.067088 -12.879214 -3.715210 0.642451
-7.978573 0.416460 -15.477240 -8.562366 11.663831 -10.697185 1.871567 -3.604647 -11.932119 -11.047970 -6.846735 1.096242
-6.591233 -0.920310 -12.909291 -7.387307 8.803261 -7.938509 2.746689 -4.501876 -13.416524 -13.059175 -4.335438 -1.806648
-10.365163 2.509455 -17.560608 -8.564164 14.897142 -12.796542 4.624046 -5.958701 -14.516698 -14.880009 -7.532637 2.642699
-11.950948 0.373817 -15.577481 -7.379540 11.211128 -9.153749 5.764180 -6.347894 -13.228720 -12.177075 -4.992720 0.128017
-7.635553 2.165334 -16.013083 -7.947888 12.464574 -11.287943 2.432266 -3.161705 -13.836964 -11.985291 -7.047388 0.363134
-6.727197 3.082117 -15.712632 -6.809135 7.208294 -10.167877 -0.925996 -2.089667 -15.362096 -11.580755 0.573439 -3.951724
-0.456111 -1.700154 -12.158549 -9.482460 6.950819 -6.477020 -2.176225 0.290204 -8.774901 -9.097651 -4.881677 -3.184167
-16.724236 1.783741 -19.976500 -7.398022 15.018969 -14.921875 6.041958 -7.243387 -17.795399 -13.365254 -7.662656 2.337240
-5.501687 2.403159 -13.483253 -6.640788 10.393746 -9.192981 1.907087 -2.467643 -11.816861 -10.862940 -5.450813 -0.671521
-11.194222 -2.492450 -16.515348 -9.789264 10.727212 -11.988041 1.823203 -4.495710 -13.003685 -10.659851 -6.643498 3.654390
-8.148314 2.409282 -16.416517 -8.600205 13.200923 -11.385053 3.351974 -5.011536 -13.675282 -14.434238 -6.167780 1.231463
-13.149168 2.959830 -15.957779 -4.556009 11.734110 -11.395641 5.560233 -5.845870 -16.799114 -12.258294 -5.236687 -0.386203
-9.857481 4.833992 -17.051907 -5.552017 13.779282 -13.165479 3.875170 -4.226023 -17.232363 -14.610337 -7.211362 0.739763
-19.433111 -0.029306 -17.116039 -4.674544 12.128582 -14.272006 5.936715 -9.271576 -17.063028 -13.193288 -5.913717 4.433589
-13.832803 3.679020 -20.552217 -8.274078 17.875641 -15.698946 6.307185 -6.862518 -19.461174 -17.798073 -9.373899 3.988800
-15.605378 3.438555 -17.572159 -4.519502 13.759563 -14.004157 6.493070 -8.536535 -19.685877 -16.997435 -5.408593 3.952508
-11.876151 5.998226 -19.392002 -6.103282 14.985718 -14.617492 4.914641 -4.216784 -18.521397 -14.579650 -7.864656 0.727229
-12.291848 4.376966 -18.965635 -6.986852 14.925961 -13.705502 5.234702 -5.662119 -18.702972 -15.717458 -5.897856 1.230978
-5.067868 2.973113 -15.695337 -7.111244 9.685771 -10.926903 -0.717547 0.351467 -14.985641 -11.066750 -5.077832 -2.982010
-12.576810 4.377313 -17.005608 -4.802126 10.664520 -13.339170 2.450595 -3.913848 -16.908304 -11.074473 -3.843969 1.542517
-3.537748 0.303639 -13.984907 -9.270310 9.710920 -8.696837 0.178153 -3.612575 -11.359547 -13.174038 -2.837919 -0.183727
-1.746546 -4.487919 -10.495062 -9.507138 6.475937 -4.926860 0.016061 -3.866862 -10.787620 -12.995352 -2.920591 -0.561016
-8.327257 3.463816 -16.424717 -7.460184 13.212958 -11.556567 3.415978 -3.900178 -14.660983 -13.800424 -6.235811 0.922125
-6.873520 -5.414557 -11.591946 -9.115241 6.971821 -6.501806 1.360873 -5.230423 -9.731566 -11.419718 -4.160801 2.138167
-9.441444 4.510847 -17.143955 -6.147489 12.633443 -12.668260 3.058839 -3.375835 -16.177975 -12.775105 -6.497942 -0.606160
-14.155103 1.310272 -18.519876 -7.108338 12.994642 -13.891613 4.421028 -5.398760 -16.317057 -12.089984 -7.447931 3.432121
-8.474298 3.075316 -16.671135 -7.164043 12.187727 -11.699412 2.168589 -2.400395 -14.016075 -11.368968 -6.907415 -0.047067
-11.947336 0.403558 -16.264345 -6.510102 11.709142 -12.150814 4.339258 -5.400941 -16.489771 -13.120410 -6.686018 4.433900
-8.671001 5.046502 -16.273043 -5.646381 12.194871 -12.032955 3.442581 -3.641342 -16.936668 -13.783466 -5.293641 -0.713722
-16.005320 0.250628 -17.533575 -6.029028 11.728135 -14.149124 4.338166 -6.588154 -16.993683 -11.789336 -6.344595 3.710658
-7.168466 2.902587 -15.850579 -7.302512 11.853091 -10.859232 2.042247 -2.736851 -13.677797 -12.367108 -6.088613 -0.479434
-12.712286 4.947777 -16.189816 -3.215565 11.484509 -12.347399 4.890518 -5.911959 -19.193563 -14.501377 -4.853467 -0.043953
-6.452675 -18.419798 0.076542 -8.002703 -7.902292 8.681750 2.392272 -11.618698 -2.332763 -7.565643 0.313877 -4.856799
-4.159145 -16.272003 -0.913339 -7.255406 -7.633874 8.405273 1.895207 -9.641438 -4.746821 -9.867769 1.977683 -7.236448
-2.035763 -17.648739 1.068937 -8.538133 -7.012484 7.836904 -1.273873 -8.604074 -0.135256 -7.430527 -0.083282 -4.505145
-9.690512 -23.286732 1.665502 -7.788422 -12.499011 12.239179 3.458178 -14.601826 -3.989421 -9.420249 3.116788 -8.489730
-3.276734 -16.191132 1.501274 -7.150296 -6.521150 5.697757 -1.644262 -9.178331 0.129794 -6.951552 0.090023 -3.920088
-2.729091 -16.935373 0.522316 -8.400006 -7.738720 6.917956 -1.737273 -9.691596 0.319316 -6.814028 0.962437 -5.204830
-5.711435 -20.935240 1.968228 -8.879971 -11.094045 9.622656 -0.049764 -12.528980 0.725618 -5.647048 2.090275 -6.824147
-8.731821 -23.801926 1.650477 -7.929815 -12.549567 13.382676 4.252682 -14.371126 -3.959484 -9.722075 2.597714 -8.688412
-4.871229 -17.976223 1.487898 -7.451611 -8.380822 8.145969 0.531977 -9.848559 -1.071105 -5.594243 -0.275846 -4.123835
-8.783482 -22.563877 2.356979 -7.658240 -12.222754 10.979448 2.508755 -15.031032 -1.456130 -7.370612 2.304783 -7.746801
-7.313817 -22.100307 1.642289 -8.989265 -11.668783 10.670579 1.450578 -13.983068 -0.295877 -6.752859 2.305536 -7.658654
-6.726924 -18.587124 0.890104 -6.984243 -9.721999 8.656504 2.819124 -12.312777 -2.624103 -7.952565 0.903871 -6.647839
-7.098125 -21.821344 2.305586 -8.431732 -11.357027 10.332241 1.271578 -12.935266 -1.076841 -6.503901 1.680913 -6.380391
-8.546163 -24.348774 1.948858 -8.441035 -13.425253 12.520638 3.637003 -15.071199 -1.573314 -8.746816 1.702893 -9.433688
-6.968123 -21.200821 1.568548 -8.608372 -11.155086 10.046404 1.190323 -13.117039 -0.656590 -6.569700 2.039754 -6.908010
-9.889043 -22.791666 3.118542 -6.651846 -13.512663 11.642523 4.212357 -14.914435 -3.160487 -7.907793 2.062743 -8.851138
-4.227036 -20.251459 2.130367 -8.690640 -10.315831 8.436324 -1.083783 -12.016373 0.495528 -6.662156 2.309049 -7.584230
-14.164192 -25.015635 1.539844 -6.793155 -16.160479 13.041708 5.668072 -17.269987 -6.434056 -9.120879 3.412605 -10.032869
-0.527972 -17.571833 1.576601 -9.393705 -8.121249 6.256860 -3.935620 -9.017975 0.467928 -7.216126 2.182280 -6.362520
-5.780508 -18.600969 0.409960 -7.588938 -8.656656 7.792538 1.577968 -11.403598 -2.098652 -8.130107 0.385014 -6.397721
-1.492241 -15.194148 -2.168118 -9.946074 -5.274086 3.932629 -3.291681 -7.572274 -0.382240 -6.888685 0.570696 -4.144661
-11.234259 -24.761688 2.266081 -7.362595 -14.275177 13.305123 5.178956 -16.301399 -4.161795 -9.345643 2.335526 -8.791894
-3.208032 -20.843815 2.505346 -9.751737 -10.741611 8.850378 -2.408326 -11.396450 0.826169 -6.685104 2.752205 -7.516144
-5.275869 -14.091152 -2.760305 -6.992677 -4.452063 5.678302 1.950177 -7.983099 -6.510447 -10.104094 0.006969 -2.947716
1.569260 -15.525324 0.212043 -9.900749 -6.137725 4.677020 -4.951010 -7.289558 -0.085421 -7.907815 1.783768 -6.371914
-5.395862 -19.857571 0.482186 -8.317050 -10.099115 10.739262 2.300123 -11.744720 -2.193582 -8.457201 2.162814 -8.783417
-8.147575 -21.309904 1.034843 -8.470266 -11.340265 9.915673 2.483009 -13.694508 -1.523357 -7.084702 2.345130 -8.165259
-11.038391 -22.989799 1.274041 -7.443746 -13.065661 12.022969 4.779836 -16.203215 -3.456975 -8.444767 3.070652 -9.223444
-8.946604 -20.972387 1.703764 -7.453738 -10.878634 9.359233 2.067008 -14.467661 -1.775203 -7.319985 1.515158 -5.137531
-7.931962 -21.749002 1.216067 -8.284949 -11.593274 11.606291 2.083312 -13.127781 -3.268601 -9.077241 2.492369 -7.331091
-7.166074 -20.676523 0.889905 -7.719002 -10.950140 8.574835 -1.576638 -11.423109 -1.446703 -5.890812 0.693035 -2.595833
-5.185695 -14.027617 -0.912969 -6.369678 -6.146250 4.456962 -0.549831 -8.177515 -3.749024 -7.414895 0.833800 -3.432661
-8.664025 -19.388165 -0.635239 -8.037252 -8.299205 7.451874 1.228341 -12.848242 -2.186846 -6.961688 0.219428 -1.963638
-9.868441 -24.376759 1.698866 -8.277142 -13.925531 13.200109 4.962864 -15.928652 -3.644380 -8.420042 2.270861 -9.196857
-9.548310 -19.239574 -0.642592 -8.703589 -10.930894 5.836809 0.496325 -11.456182 -0.405024 -4.401656 1.195821 -5.285364
-6.771188 -20.895889 0.451180 -8.773993 -10.137156 10.425641 3.751723 -11.598968 -3.194647 -7.856458 1.421571 -7.685317
-1.568192 -13.479614 -2.388523 -8.534680 -5.380495 5.737427 -0.819797 -6.311279 -1.537709 -7.006337 1.116184 -4.759998
-13.733535 -22.769850 0.611918 -5.939771 -13.563925 12.058977 8.633450 -15.988935 -8.248127 -10.101251 2.099460 -10.422898
-6.798087 -21.930250 3.843023 -7.698639 -11.553784 9.387032 -0.030410 -13.190349 -0.540113 -6.668869 1.595294 -5.901692
-6.798522 -23.151875 2.865003 -8.711973 -12.164741 11.533657 0.932306 -12.979751 -1.708037 -8.984268 2.238440 -8.326827
-7.294528 -14.778608 -3.616521 -7.759190 -7.616573 6.159523 1.884050 -8.785589 -3.623217 -5.753419 1.644973 -6.752710
-9.688269 -21.441015 -0.018282 -7.083696 -11.962669 12.100401 5.499647 -14.925488 -4.794211 -9.266861 2.265869 -9.322262
-9.942920 -22.174849 1.759218 -7.585241 -12.230304 10.930073 3.418542 -15.606673 -1.625478 -6.743058 1.329311 -6.263241
-6.167360 -21.846039 2.094206 -8.286163 -12.111357 11.631238 2.461003 -13.572716 -0.958449 -7.333175 1.904816 -8.780780
-6.868526 -19.916086 1.394519 -7.757774 -9.832145 9.430357 0.925563 -12.324679 -1.477096 -7.613423 1.124893 -5.378899
-10.177863 -22.059052 1.250344 -6.987966 -13.528324 11.057475 2.861339 -15.033869 -4.760438 -8.181644 3.942708 -8.897349
-7.045427 -18.697664 0.066869 -7.930556 -8.737123 8.457053 1.911795 -12.108728 -2.034897 -6.736611 1.650168 -5.658518
-3.154888 -17.955435 -0.004292 -9.128396 -8.052789 8.137986 -0.426886 -9.281983 -2.231595 -8.142860 1.934291 -6.385314
-7.530635 -21.639029 2.300378 -8.227010 -11.469297 8.834723 -0.307276 -12.820699 -1.166894 -6.311948 2.052561 -5.675703
-5.729903 -23.056223 2.458465 -9.316834 -12.057993 11.687078 0.885131 -12.678485 -0.833187 -7.730403 2.796244 -8.616670
-22.772688 -9.287587 -11.757295 -3.876334 2.895859 -3.452712 13.381227 -16.955439 -15.059274 -12.184437 -5.116533 3.792969
-19.009468 -12.174144 -9.736025 -4.676325 -0.458707 0.462662 12.369609 -13.158503 -16.313845 -13.022058 -3.338712 1.269517
-20.480942 -8.554291 -10.366343 -3.431476 1.661557 -3.339643 10.435353 -15.487148 -13.694489 -11.000019 -3.287880 3.937968
-16.263704 -9.522798 -7.399454 -3.064465 0.820719 0.824096 10.460897 -12.122947 -14.194126 -13.389267 -1.858944 -1.067803
-21.930424 -9.641681 -11.865579 -3.678683 2.492994 -1.615895 12.662392 -15.138936 -17.945189 -14.352082 -5.042620 4.808885
-16.439732 -6.641337 -9.294511 -2.458629 2.868403 -1.420718 10.480965 -10.584205 -14.775206 -12.568048 -3.317544 0.881390
-19.447142 -7.635176 -10.344656 -2.640027 3.927805 -3.004146 11.774617 -12.880469 -15.546924 -12.214700 -4.324084 2.843484
-24.330469 -8.921806 -12.808093 -2.612481 4.637260 -3.695954 13.669261 -14.786611 -21.832630 -18.349985 -5.700907 5.788239
-18.835081 -4.725271 -11.129503 -0.192667 2.065223 -5.155281 7.767587 -8.074087 -16.889139 -9.761724 -4.655909 2.497233
-18.234968 -6.779486 -8.367309 -1.249074 0.636313 -1.818516 10.408391 -11.435993 -15.128787 -10.084617 -1.451783 -0.719696
-16.582148 -4.843957 -9.647086 -2.533604 1.916548 -3.480922 8.830083 -11.860768 -12.147259 -9.547790 -0.940537 0.303325
-13.956959 -5.371789 -8.202645 -3.212328 2.571951 -3.751410 7.029252 -9.660945 -9.701422 -8.542622 -3.479708 0.744749
-13.208888 -7.761525 -6.163644 -2.786957 -3.906847 0.889473 6.793818 -10.283389 -11.745236 -8.382345 1.155063 -5.560514
-11.607220 -9.021997 -5.276922 -3.531821 -2.346015 0.670814 6.368642 -9.557921 -8.241724 -8.029921 -1.757495 -1.010809
-22.613113 -8.174021 -12.879328 -4.667564 3.595573 -4.342296 12.554433 -15.072974 -16.202230 -12.166384 -5.149063 5.461132
-11.565862 -14.749119 -4.306828 -6.839013 -4.017333 4.665985 8.198158 -11.516059 -10.189348 -11.007933 -1.843524 -2.399148
-22.861099 -8.065905 -14.154854 -4.055601 3.459310 -3.390374 13.089373 -13.759407 -17.265911 -12.008586 -6.571235 5.792472
-22.635880 -8.994517 -12.080104 -2.306447 3.542537 -2.164231 13.829364 -14.371876 -21.226280 -18.078342 -4.826289 4.080612
-24.592697 -12.665771 -11.163850 -3.424956 1.063357 -1.503145 14.778581 -17.424852 -16.585756 -12.507905 -4.885970 2.945228
-23.858898 -12.167688 -9.940724 -2.633468 0.678890 -0.207203 15.475290 -15.416414 -18.847176 -14.172654 -5.099603 1.209923
-18.163382 -8.345086 -7.849185 -1.798041 -1.264131 -0.232232 10.638384 -12.237615 -15.285741 -9.874627 -1.999319 -1.316633
-19.295746 -12.392348 -7.028787 -3.084678 0.112997 1.492867 13.235929 -14.218426 -14.845028 -13.008936 -4.753125 0.118427
-16.909279 -8.978843 -7.852953 -3.771392 -1.892952 -0.621826 9.057814 -12.476533 -9.564062 -7.238842 -0.970787 -1.887607
-15.393184 -9.168751 -7.204070 -3.819158 -0.133977 -1.621042 7.499543 -9.526958 -9.554659 -6.819162 -2.738334 0.057050
-20.842806 -8.026919 -9.299311 -2.164971 0.621560 -3.170770 11.209641 -14.120432 -13.142830 -8.137661 -3.246358 2.157753
-20.775236 -12.119940 -5.058524 -0.816787 -6.675857 2.988231 11.627364 -14.354300 -14.973219 -10.559093 -0.808285 -4.387146
-18.294674 -7.087042 -8.274210 -1.681121 0.757672 -1.946948 10.282628 -12.384198 -14.099584 -9.819913 -1.951371 -0.286825
-18.994730 -10.236119 -8.469839 -3.625656 -0.335763 -0.170372 12.061697 -13.738248 -14.211233 -11.102828 -3.526978 1.227276
-17.497454 -8.945032 -6.028967 -1.691794 -0.472554 -0.819878 9.825562 -13.358281 -12.396592 -9.708215 -1.772863 -0.574784
-18.618559 -10.232120 -9.810921 -4.104967 0.067013 0.547650 11.557454 -12.799140 -15.502410 -11.849346 -1.030202 -0.751068
-7.118806 -7.068708 -8.331083 -7.482043 2.201230 -1.532842 2.901633 -5.930663 -7.697644 -8.831226 -2.870415 -1.996881
-21.764000 -8.246618 -9.536901 -0.610435 -1.560732 -2.059276 10.804942 -9.966571 -16.338486 -7.013977 -2.371648 -1.318841
-16.997950 -7.413862 -8.436181 -2.426188 0.440139 0.140916 11.078053 -12.222433 -14.841063 -11.952738 -2.063398 -1.547925
-19.447014 -13.119912 -7.101805 -3.849127 -1.203827 0.751621 11.893048 -13.410366 -13.393897 -10.281885 -3.753889 -0.618510
-14.864584 -12.073543 -5.608431 -4.478460 -4.543278 3.407016 8.971774 -11.978971 -8.832733 -7.095621 -1.189542 -4.380149
-18.413601 -11.095967 -7.632729 -3.453641 -2.983022 1.256997 11.898568 -14.649262 -11.782771 -10.693135 -3.089598 -1.381022
-17.400547 -5.276002 -9.056146 -0.674951 1.487117 -2.214140 9.839728 -10.899135 -14.443255 -9.998204 -2.856291 0.729058
-23.046263 -8.141959 -9.581691 0.245829 0.401006 -2.722941 12.902495 -13.876931 -17.041224 -10.809184 -3.922802 1.474750
-20.683004 -7.395720 -7.063991 0.314026 -0.412273 -3.896778 9.537766 -13.819842 -14.475543 -9.841539 -2.331865 0.168210
-12.495505 -10.899579 -5.287967 -5.027404 -3.646676 1.303106 6.740347 -9.759043 -8.083122 -7.326039 -2.292041 -4.795968
-22.614897 -9.466696 -9.044923 -1.730920 -0.058058 -2.735980 11.709023 -14.381429 -14.841713 -9.162376 -1.199320 -0.948876
-23.924793 -12.933503 -10.982802 -4.871761 -2.919302 -1.880572 10.980108 -14.486832 -18.751709 -11.817127 -2.456384 1.872615
-26.981081 -5.789896 -18.892500 -3.537731 8.913949 -8.315488 15.417476 -15.271649 -21.968817 -17.044054 -7.936276 7.748042
-22.159481 -10.341017 -12.492741 -5.265738 0.953326 -4.020761 10.659122 -11.692472 -13.694907 -7.284563 -5.970610 2.602195
-26.732887 -2.742313 -19.032957 -2.746921 10.101446 -9.693228 15.008517 -14.388647 -24.288830 -17.173340 -6.430912 8.571610
-19.015226 -12.066228 -7.740030 -3.858471 -2.673725 0.665185 10.619412 -11.583774 -13.686560 -8.992626 -1.905750 -2.787938
-21.576797 -8.038940 -11.533066 -2.776322 3.051172 -1.377031 14.485182 -14.110960 -17.340120 -12.838293 -4.019118 0.986668
-22.628609 -11.804619 -12.181180 -5.022541 3.884435 -1.449502 14.648026 -15.853381 -18.016203 -16.494530 -5.947917 4.247227
-19.364845 -5.924341 -10.753220 -1.388188 3.579356 -2.707895 11.874072 -12.001686 -16.480877 -12.373636 -4.851807 3.175338
-22.326796 -8.986841 -11.596170 -3.181445 4.370075 -3.650554 13.250764 -13.306192 -18.303583 -14.098742 -6.673897 5.326721
-18.592785 -3.099540 -12.085185 -1.266953 6.342247 -5.736710 11.012538 -10.448684 -18.003931 -13.509582 -5.768921 4.439766
-22.325464 -10.029995 -10.987778 -2.907049 2.398273 -1.949823 14.608321 -14.589668 -18.129780 -13.260347 -5.398411 2.935509
-19.623833 -5.046200 -11.201752 -1.556110 3.339595 -3.640198 11.662810 -12.788168 -15.762331 -11.264531 -3.949368 3.536824
-24.984285 -10.417530 -12.608091 -1.936978 1.892423 -2.496796 14.479339 -14.327197 -21.953987 -14.732059 -4.129344 4.465582
-14.552054 -7.448357 -6.476725 -1.393355 -1.256370 0.177738 7.448769 -10.270346 -11.576348 -8.411562 -1.995435 -0.590702
-21.307116 -10.562626 -8.171509 -2.582708 -0.254795 -1.036198 12.937600 -14.197314 -14.059541 -9.163912 -5.008239 -0.441761
-19.691788 -6.436565 -10.778387 -2.074946 2.760878 -2.728598 11.511734 -13.234006 -16.585312 -13.239279 -3.557356 2.826608
-10.011693 -8.698751 -7.120330 -6.003378 -0.274442 0.254486 6.706433 -8.208280 -10.530285 -10.914407 -3.259691 -0.524704
-16.982327 -9.022121 -6.310833 -2.432165 -1.943734 0.309594 9.090220 -13.168009 -12.256735 -10.321874 -0.178669 -1.929657
-22.345423 -16.632532 -8.386989 -6.134393 -2.663879 3.155293 14.504095 -16.638855 -17.138075 -14.071868 -4.362374 0.502616
-17.550995 -9.431448 -8.150799 -3.797585 -1.223947 0.511770 10.569905 -13.066282 -12.676968 -10.224023 -0.119100 -2.721131
-13.696424 -12.314163 -5.954556 -5.126938 -4.463704 4.550955 10.363783 -12.237387 -11.243584 -10.666295 -1.498206 -3.772715
-20.042850 -6.133504 -11.073625 -2.129294 3.259807 -2.589470 12.692513 -12.724524 -16.200409 -11.401365 -3.116843 0.904206
-19.006533 -10.807438 -8.789881 -4.708473 -0.618582 -1.267318 10.606694 -12.108163 -13.603414 -9.250860 -3.272362 -0.869320
-16.621559 -6.826943 -8.994249 -1.611042 1.037887 -0.459442 9.173016 -10.567404 -15.925358 -12.216994 -2.382995 1.112119
-18.806881 -7.085230 -9.409060 -1.082807 -0.426418 -1.527199 10.792345 -11.330265 -15.014975 -9.983270 -2.372632 0.774336
-19.438467 -5.004471 -10.399071 -0.884210 3.926374 -3.975249 10.700686 -11.751870 -17.476408 -12.393394 -2.835973 2.443650
-22.312208 -12.923974 -8.689246 -3.765109 -5.026332 2.326138 11.092899 -13.988688 -18.587490 -12.831123 0.447707 -1.467802
-16.396088 -7.982366 -7.956937 -1.766613 -0.284482 0.445386 8.821251 -11.672726 -14.658959 -12.122557 -2.024149 -0.416039
-21.138952 -7.608552 -12.349135 -2.834124 3.556514 -2.292256 13.049747 -12.947863 -19.636803 -14.943968 -3.039615 2.465900
-17.702946 -10.608987 -7.127843 -4.047196 -2.780342 0.732894 8.737618 -14.415393 -11.051005 -10.051206 0.814874 -2.109902
-21.084339 -7.287112 -12.791627 -4.196695 3.688280 -5.373655 10.851822 -10.659926 -16.364571 -9.260695 -4.576984 1.924294
-17.746805 -6.733871 -8.944990 -2.050834 1.773944 -1.498529 10.835269 -12.005527 -13.309582 -9.816724 -2.787978 0.958319
-17.504721 -11.927113 -9.145805 -5.916922 1.317282 -1.019140 10.257193 -10.593980 -13.185997 -9.982321 -4.593617 2.347150
-20.172558 -4.844791 -10.228049 -0.037645 1.660653 -4.339139 10.238374 -11.770668 -18.136660 -10.508071 -1.688843 0.409720
-15.675305 -12.478735 -6.708309 -5.385795 -2.620961 1.647760 10.352577 -13.182324 -11.664334 -11.903808 -3.532758 -1.433651
-19.382462 -6.219800 -9.300319 -0.436867 1.947820 -2.514079 10.823890 -13.200880 -14.815516 -11.153232 -3.712598 2.931781
-22.424524 -16.224749 -8.602782 -4.610459 -2.807085 4.408759 14.258230 -16.780027 -18.303108 -15.677423 -1.500989 -1.275427
-19.230444 -6.309218 -11.830134 -3.577362 3.544957 -3.826711 11.452217 -12.745807 -14.832529 -11.357678 -3.379095 2.939392
-22.887337 -15.708503 -8.960365 -3.751040 -4.685745 4.440159 12.107853 -16.392328 -18.570887 -15.060554 2.117725 -3.677774
-19.089758 -7.767652 -10.138043 -3.370424 1.616734 -2.105722 11.123816 -12.380971 -13.724133 -9.487714 -1.700025 -0.260651
-23.025908 -9.738647 -10.084611 -1.217518 -2.394771 0.597731 11.866670 -15.258105 -19.842655 -14.567582 -1.010280 -0.036866
-16.104040 -5.767345 -9.639574 -3.099616 1.498776 -2.124816 9.470441 -10.823425 -10.414297 -7.811367 -2.579301 0.017025
-14.063809 -8.544517 -5.021237 -1.825096 -4.155422 1.053375 8.010358 -11.277252 -10.635090 -8.469041 -1.568010 -3.910632
-23.946846 -7.240452 -10.663463 0.146451 2.896953 -3.199027 15.461823 -15.645672 -18.805984 -12.854960 -6.117417 2.548280
-19.149536 -16.374403 -6.192214 -4.842810 -5.126481 5.216115 12.232452 -15.549656 -12.617544 -11.250432 -2.966798 -1.106507
-22.886629 -8.731858 -11.891899 -3.302050 2.833046 -2.537144 14.584095 -15.712502 -16.670132 -12.103310 -3.719638 1.700979
-26.932257 -12.960402 -10.878995 -3.385479 -1.445276 2.222864 19.115797 -20.251560 -20.543242 -17.222282 -4.899379 -1.275021
-18.181940 -5.396531 -10.760084 -1.704695 3.756288 -3.350000 10.549111 -11.809535 -15.741525 -12.483541 -4.754129 4.142955
-21.198570 -11.160823 -8.009395 -1.766524 -1.315790 1.726870 11.745014 -15.135447 -18.798717 -17.321392 -2.464996 0.208637
-16.464312 -7.830305 -8.006437 -0.909229 -0.464622 0.346026 8.412640 -10.885653 -16.153368 -12.960358 -1.774489 -0.100762
-23.816256 -14.709974 -6.990409 -2.460006 -3.570909 3.272793 16.264126 -18.508951 -17.539658 -13.150983 -3.227485 -2.703620
-18.398726 -6.257245 -7.832055 0.720737 0.214618 -1.830374 9.755292 -11.580425 -17.379257 -12.084545 -3.090118 1.118134
-10.731419 -4.691090 -7.366367 -3.119507 -0.424857 -1.252813 5.835429 -9.712250 -10.923931 -10.467334 -1.375466 -0.652008
-22.333588 -5.952687 -13.132813 -2.265351 5.094012 -4.623693 13.581602 -12.745717 -20.661219 -13.799737 -4.414817 3.808424
-20.811144 -6.774308 -12.461591 -3.409159 5.470370 -3.800211 13.304851 -12.484762 -17.535358 -13.819042 -6.125917 4.125163
-16.840439 -6.898889 -9.466452 -2.276448 2.073542 -1.615882 9.516489 -10.741918 -13.345301 -9.735674 -4.409344 3.159088
-13.466558 -10.284587 -6.093585 -3.704690 -3.833343 2.843826 8.887427 -11.116389 -11.133786 -9.064023 0.634800 -5.428527
-23.518070 -3.928566 -13.942616 -1.343587 5.831970 -6.738972 12.926407 -14.027001 -20.151291 -13.840514 -4.008399 5.133143
-20.885963 -9.408426 -11.335157 -3.684821 -0.488683 -1.927330 12.053768 -12.418224 -18.509924 -12.809876 -3.064781 0.773264
-16.980957 -9.162491 -9.437690 -3.219906 -9.035879 -2.661486 -0.754709 -6.120802 -16.296844 -5.258034 7.991210 -8.519292
-7.740090 0.257373 -6.927659 0.057406 -2.848289 -9.031301 -6.206732 -2.696752 -13.621352 -7.418929 4.113266 -3.479672
-18.980419 -8.587834 -8.815464 -3.307773 -8.166014 -6.977278 -5.992126 -8.148044 -8.213220 -1.664894 4.905313 -0.180345
-19.997396 -3.886602 -6.586308 3.184624 -14.085251 -11.142377 -9.995482 -3.361369 -19.876997 -3.276606 9.742464 -9.856631
-15.135425 -2.260523 -7.924423 0.850880 -7.528822 -9.334173 -7.516414 -2.976957 -19.572433 -8.434481 9.979633 -7.419794
-13.976315 -8.798330 -5.860582 -2.034798 -12.698781 -3.205189 -8.360576 -6.438348 -11.515166 -4.535289 9.519307 -7.854903
-4.947434 -10.233843 -5.672212 -7.142537 -7.003192 -1.224453 -8.176173 -4.572033 -8.023831 -7.502928 7.824924 -8.202848
-14.636843 -2.891122 -6.491707 1.330039 -9.054829 -7.491074 -5.593670 -4.005082 -17.480778 -6.142980 9.130092 -9.313816
-8.094337 -13.454425 -2.331305 -5.933650 -11.903452 -0.380508 -7.673935 -5.170732 -5.531826 -3.610402 4.814500 -6.010111
-15.037487 -2.812574 -7.538723 1.459695 -8.661866 -7.342209 -4.868262 -4.458907 -16.700068 -5.408636 7.442153 -5.781641
-15.041844 -5.854711 -8.739430 -1.808546 -10.053707 -6.189973 -7.272388 -4.587192 -14.167427 -3.347842 10.527282 -9.316936
-22.006557 -8.372580 -6.132878 2.006705 -12.511930 -7.060163 -4.455124 -9.850718 -17.091650 -6.675852 8.969971 -6.872960
-10.495283 -8.705813 -4.452957 -3.263270 -10.697259 -4.384971 -9.504693 -6.489216 -8.058430 -2.747890 7.541893 -6.568941
-7.879375 -5.799069 -5.928941 -3.556228 -7.164764 -6.554571 -10.692203 -0.797325 -10.664567 -3.838645 6.487968 -6.068929
-15.346034 -17.920799 -4.360177 -8.361427 -11.685714 -2.527702 -7.637499 -9.659983 -1.954416 -0.717349 4.697504 -1.410720
-12.569269 -4.011042 -11.196519 -5.551483 -4.736463 -7.608514 -6.892273 -5.360264 -9.700089 -4.933841 8.930685 -5.759104
-25.171999 -9.839561 -10.970347 -2.093458 -11.167382 -9.962373 -5.065241 -10.101981 -14.541405 -0.658064 8.293700 -6.863013
-15.664124 -1.456360 -6.558838 2.447308 -9.847490 -11.229987 -9.625904 -1.247236 -16.885696 -3.332204 7.456403 -7.167618
-20.377848 -9.879192 -5.123309 0.582354 -15.308009 -6.300897 -8.074359 -7.931973 -15.367222 -5.311858 9.446237 -10.063735
-13.451490 -1.571027 -12.089223 -3.865190 -5.519019 -9.991341 -8.456483 -5.368608 -12.907707 -4.405075 10.327743 -8.361940
-10.200419 -6.598276 -5.903985 -3.882415 -8.998481 -4.125707 -6.837857 -4.831593 -7.036384 -1.984922 6.777777 -5.106175
-5.831426 -6.482695 -5.541539 -4.618214 -3.697264 -3.781103 -4.450808 -5.849598 -7.907746 -7.993741 3.009053 -5.312993
-3.668286 -7.115105 -6.098175 -6.791044 -5.344909 -3.376296 -7.966138 -2.151720 -5.631391 -4.623489 4.361217 -4.521322
-17.097870 -4.827149 -11.088999 -2.639740 -5.147070 -5.537266 -2.252353 -7.570637 -15.034540 -6.989573 7.952234 -4.634962
-2.852383 -4.483530 -6.945630 -6.653666 -3.156402 -6.967929 -9.772280 -2.081249 -5.234373 -5.457458 3.283444 -3.123538
-21.840145 -10.699967 -9.284752 -2.137750 -12.099783 -3.770340 -2.253719 -8.488331 -17.913752 -5.654885 11.771344 -11.781400
-12.352683 -5.720926 -7.799052 -2.792114 -9.035157 -6.389333 -8.989776 -3.644568 -8.337281 -0.421852 8.248581 -5.696887
-9.596786 -1.663052 -8.678842 -2.131918 -6.713731 -7.979787 -8.835138 -1.440902 -11.166816 -2.878340 7.356619 -5.895687
-10.393423 -12.215025 -5.457787 -6.326167 -6.485487 -1.738310 -3.612632 -5.278612 -7.261618 -3.597830 3.558120 -3.773541
-7.702966 -3.942822 -5.533429 -2.621379 -6.995785 -7.340811 -10.475862 -0.616845 -8.961145 -3.098328 5.464421 -4.246604
-18.417879 -5.176252 -10.245185 -0.798032 -10.689410 -9.021542 -8.736492 -6.238713 -15.553507 -3.639683 12.073441 -8.324492
-13.906087 -7.032549 -7.304646 -2.357915 -9.213266 -4.154725 -4.771173 -5.058222 -13.937505 -5.901862 9.417371 -9.943373
-8.707175 -5.314395 -7.131972 -3.485845 -7.635439 -4.002904 -5.823691 -2.475285 -11.874119 -4.455173 7.068749 -9.133542
-8.741835 -2.957094 -8.523747 -2.885007 -4.224828 -8.959119 -9.078664 -3.080888 -10.970037 -5.858296 5.986087 -4.267980
-17.771700 -8.578941 -8.921816 -3.427505 -8.805946 -7.332793 -6.962776 -6.599429 -11.297949 -4.324911 7.928154 -5.858542
-15.946613 -9.662188 -6.835750 -2.570960 -10.583863 -5.775173 -3.434540 -10.036330 -9.857018 -4.965361 2.598360 -4.962092
-16.465696 -4.742344 -5.022278 2.417340 -9.672699 -8.450647 -6.443451 -5.972868 -14.115345 -4.020896 8.168274 -3.879505
-17.201197 -1.862982 -10.215834 -1.258984 -5.480845 -7.299181 -0.238344 -7.547367 -13.836619 -4.612997 5.855849 -6.659348
-9.832859 -12.350016 -2.964419 -5.032935 -10.335042 -2.199177 -7.422390 -6.474526 -5.062312 -2.095326 4.890841 -5.070754
-21.687613 -1.849560 -12.433776 0.704055 -5.501509 -7.054296 2.417455 -8.842500 -22.005236 -9.393257 7.679644 -5.758863
-17.489960 -6.008231 -2.848474 2.422422 -12.871609 -9.025043 -7.387444 -6.037534 -12.038724 -0.769719 7.380710 -6.902335
-19.032530 -2.792460 -8.209332 2.595053 -8.169939 -12.733946 -9.352352 -4.992725 -16.669046 -4.789685 8.980036 -3.378188
-19.699692 -8.693667 -4.453529 1.792192 -13.119266 -7.364924 -7.148517 -8.442637 -14.151982 -3.222993 10.285599 -8.109224
-17.271708 -3.744070 -9.702272 -0.656118 -10.346066 -12.884418 -11.636001 -4.143823 -11.232444 0.313758 8.811960 -4.818535
-11.005751 -7.988152 -6.306011 -2.464339 -10.034464 -0.586925 -1.233717 -5.957696 -14.152171 -5.558388 6.607501 -10.513539
-7.246191 -7.880631 -5.721426 -5.235367 -7.265529 -2.513378 -5.395701 -5.429514 -8.175847 -6.115582 5.687123 -6.080462
-12.245485 -8.741773 -3.205218 -0.930210 -11.120702 -2.694127 -4.647964 -6.042435 -12.438000 -5.015713 7.332158 -8.968868
-19.192587 -4.607548 -9.198187 0.058454 -10.526481 -9.178411 -8.317945 -4.575707 -16.810825 -4.330904 9.333183 -4.229593
-9.396675 -4.306483 -7.447944 -3.011178 -5.615926 -5.054168 -4.590580 -3.986696 -10.264397 -3.722708 5.443180 -5.796926
-13.329596 -6.312294 -6.346567 -1.430212 -11.556692 -7.227369 -10.176505 -4.191752 -8.578711 -0.340634 7.859731 -5.480030
-14.269516 -10.055702 -5.974796 -3.184857 -10.790087 -2.708289 -3.575618 -6.196695 -10.081450 -1.178737 6.668011 -8.084789
-10.730263 -5.367600 -4.377337 -1.290056 -9.460839 -8.332205 -11.337882 -2.773099 -10.701726 -3.739730 7.495819 -6.349851
-7.934620 -10.885951 -3.525109 -4.890826 -7.563128 -2.908813 -5.959743 -3.786761 -7.273564 -3.762341 2.452783 -4.174102
-19.772293 -5.192067 -8.377137 1.096741 -13.545233 -6.235425 -3.711145 -8.086643 -17.520430 -3.765223 9.924277 -11.501025
-15.475530 -15.622478 -5.578722 -6.025722 -10.993982 -2.532693 -5.164778 -8.563895 -7.311403 -1.183071 4.551243 -5.932735
-18.870718 -9.054483 -4.310989 0.083213 -11.298460 -4.687403 -3.311375 -7.632515 -12.861688 -3.839928 5.452805 -7.384664
-20.343851 -13.157130 -3.078656 -1.152624 -15.713355 -5.896071 -7.103346 -10.467000 -7.884548 1.016034 8.519938 -7.951914
-25.824854 -1.965381 -14.682980 1.247342 -8.037509 -11.788170 -0.976962 -7.076169 -19.677946 -3.319175 6.367109 -3.680465
-11.893332 -10.443411 -5.248541 -2.528949 -9.400555 0.436049 -1.801415 -6.280187 -14.649601 -7.281771 6.368027 -9.840563
-22.938643 -5.276543 -10.519170 1.276548 -13.785195 -10.253252 -7.944753 -6.580075 -17.709463 -1.708665 10.425181 -6.154602
-7.088627 -22.753540 0.473223 -9.600552 -9.643419 10.799045 0.468602 -11.625914 -1.275406 -9.163083 0.104394 -4.814514
-13.199281 -30.352535 3.139995 -9.225010 -17.690126 15.917306 2.718490 -17.703423 -6.306118 -13.978232 3.992782 -10.817565
-6.506615 -23.644075 2.527030 -9.811386 -12.080837 11.386039 0.029625 -13.835531 1.044977 -7.212678 1.918992 -6.700312
-10.979643 -27.882565 2.118946 -9.912037 -15.134620 14.607577 3.533996 -16.622761 -4.316716 -10.904208 3.213748 -9.146794
-8.552149 -22.833586 0.880667 -8.655077 -10.497864 12.496155 4.231984 -13.636821 -2.878340 -9.069927 0.658353 -5.577527
-8.211500 -26.640697 2.479185 -9.780873 -13.700553 14.336833 1.928683 -14.478112 -3.957815 -11.855507 2.764990 -8.991841
-6.348644 -21.798885 0.659932 -9.238203 -9.124231 11.174051 1.794153 -11.674790 -2.122682 -9.378901 0.471135 -4.671367
-10.326791 -27.637262 2.011860 -10.100036 -14.862613 14.372211 1.597374 -16.124388 -4.079880 -11.594929 3.878406 -9.207958
-8.322944 -23.011389 0.948705 -9.013039 -11.548683 11.746528 2.225820 -14.620090 -2.060589 -8.286830 1.792036 -5.376981
-7.575407 -27.781307 2.293787 -10.802848 -13.584728 14.044816 0.088383 -14.975394 -0.279130 -10.064123 1.074420 -7.470307
-5.678361 -20.325262 1.115746 -8.037095 -8.764253 10.474558 1.110129 -10.645592 -1.505689 -8.049800 0.277253 -4.684803
-7.256386 -26.569685 2.100997 -10.127300 -12.940540 14.097138 1.016258 -14.095117 -3.172136 -12.332821 2.055475 -8.058540
-7.213361 -23.433706 2.778471 -8.454844 -11.505278 11.920687 2.167530 -13.491417 -1.357989 -8.665586 1.070398 -6.193892
-7.361819 -27.085388 2.880811 -9.918988 -13.104825 13.478695 0.124414 -14.034163 -2.201473 -11.643947 1.583778 -7.447608
-8.008781 -20.481602 1.726170 -7.004552 -10.312792 9.670838 1.463058 -12.284066 -0.749666 -5.571189 -0.186075 -3.955396
-12.325736 -29.313583 1.807336 -9.571567 -14.887008 15.406120 3.951943 -17.724642 -5.316683 -13.180524 1.943638 -7.765815
-7.445425 -20.987240 1.765917 -7.811829 -10.956993 11.050783 2.151272 -13.288836 -1.540765 -7.675146 1.144386 -6.103315
-6.495992 -26.210434 3.492723 -9.650138 -12.953251 11.624340 -1.836854 -12.346228 -2.020497 -11.830306 1.143905 -6.579724
-6.183743 -21.531796 0.855564 -9.327739 -8.930492 9.730379 0.452560 -12.504279 0.613405 -6.309650 -0.303345 -3.313426
-10.771258 -27.045732 1.316437 -9.602235 -14.708596 14.445116 2.804416 -16.700174 -3.235081 -10.335011 2.223032 -7.190527
-8.551200 -22.518904 0.656482 -9.201479 -11.459126 11.922237 3.755113 -14.908050 -1.775857 -7.510837 1.631617 -6.449675
-9.064414 -25.142832 1.747577 -9.155478 -13.621971 13.536694 1.989472 -14.135415 -3.779849 -10.062423 3.115127 -8.604167
-9.996483 -20.905626 0.696894 -7.633280 -13.293344 9.905076 1.812420 -13.437003 -0.446569 -4.860470 1.706422 -7.728336
-8.116287 -25.246645 2.809751 -9.206825 -13.774777 12.819612 0.672287 -14.175220 -1.966583 -8.985424 3.446949 -8.422998
-5.099799 -18.223507 1.712081 -7.153967 -8.245111 8.200203 -0.095948 -10.296378 -1.108893 -7.175259 0.151996 -3.964137
-9.658120 -25.540150 4.573860 -7.872436 -14.632288 12.177892 1.156120 -15.355297 -1.477039 -8.555439 1.948577 -7.387015
-5.576684 -20.796438 1.554308 -8.492814 -9.384845 10.169798 0.324574 -11.414026 -0.518441 -7.442832 0.677121 -4.783851
-9.224961 -27.128115 4.183228 -9.502529 -15.468136 11.667352 -1.314343 -15.242545 0.567597 -8.574445 2.110702 -8.214841
-7.463741 -22.000950 1.727345 -8.191737 -10.867744 11.178306 1.645412 -13.405643 -1.379270 -7.270060 1.092424 -5.712191
-10.486406 -29.033037 3.800043 -9.308524 -16.209871 13.910147 0.934319 -16.804762 -1.587519 -9.880183 0.846791 -6.974315
-5.096613 -21.244192 2.245260 -8.396544 -10.660482 10.455102 0.105557 -11.421076 -1.651298 -7.822850 1.434774 -5.790945
-8.638208 -26.774752 3.533030 -8.296535 -13.895181 12.585937 -0.639192 -13.829524 -4.677018 -13.521166 2.371575 -7.751115
-9.140450 -25.363228 2.583360 -10.009028 -14.524914 12.149066 0.910697 -16.715021 1.030336 -6.322496 2.583080 -7.834245
-7.484455 -26.588194 2.642086 -9.355961 -14.276771 14.252177 1.944877 -14.652592 -4.236435 -12.275079 3.242188 -10.235566
-7.064209 -26.368708 3.664489 -10.434943 -13.255744 11.600346 -1.580932 -13.243942 1.224264 -8.412735 1.011472 -7.325724
-8.315454 -25.668657 1.152308 -10.064590 -12.793270 12.142936 0.560632 -14.835767 0.320304 -6.936868 0.622165 -6.048870
-6.978554 -24.909307 2.105788 -10.562846 -11.638190 11.742165 0.831678 -14.917586 0.343045 -7.571901 1.672830 -5.844860
-9.986369 -26.110100 1.771742 -9.597897 -14.725209 13.312181 1.381173 -15.104375 -4.325302 -11.179919 5.252341 -11.430611
-6.111857 -23.720062 2.775056 -9.053285 -12.036128 12.181090 0.498731 -13.545354 -0.764321 -8.389508 1.526308 -6.566976
-8.843383 -27.987181 2.838685 -9.399291 -15.946075 15.712248 2.654027 -16.136612 -3.947565 -10.883965 3.558019 -10.400267
-8.495317 -25.408833 2.145429 -9.790603 -12.222673 11.262462 0.481201 -12.678600 -1.007358 -8.594198 0.159379 -6.090052
-12.257934 -29.331791 2.546592 -10.029591 -17.316618 12.624857 -0.378288 -17.532738 -0.232844 -7.347336 2.007892 -7.071174
-5.122561 -21.748045 1.421775 -9.043881 -9.738956 11.339240 0.418431 -11.503960 -0.567673 -8.079090 0.691133 -5.495523
-9.552781 -29.451059 2.814777 -10.771311 -15.706026 13.195813 -0.789877 -16.664547 0.306756 -8.060229 0.868420 -6.447771
-5.697298 -25.029362 2.163549 -10.281677 -11.693884 12.798437 0.047956 -12.708845 0.142347 -9.097697 1.013654 -6.500167
-4.885636 -24.368147 3.606382 -9.951400 -12.170752 10.391607 -2.705736 -12.033937 1.261667 -7.338896 0.998911 -5.545617
-4.262976 -23.436918 3.277282 -9.921688 -11.202911 10.477831 -2.041981 -12.598831 1.737464 -6.944337 1.430619 -5.822620
-11.125614 -29.278887 3.084736 -9.826962 -16.298313 15.590821 2.607761 -17.491806 -4.052067 -12.471610 3.115757 -9.756359
-6.301756 -21.943438 0.526408 -9.971344 -9.558077 10.323339 0.920876 -13.151662 -0.577340 -7.935399 1.195124 -4.590391
-11.449277 -27.640406 4.284982 -8.420797 -16.006035 13.893738 2.437800 -17.182762 -3.111143 -10.733593 1.991369 -8.730789
