6.719106 -3.104889 -3.188479 -3.310401 -1.736940 -1.236179 -2.644180 -1.131165 -1.790635 -3.224904 -2.611869
6.656569 -3.056438 -2.955882 -3.201504 -1.756758 -1.133741 -2.511845 -1.239614 -1.648604 -3.151975 -2.433702
6.656569 -3.056438 -2.955882 -3.201504 -1.756758 -1.133741 -2.511845 -1.239614 -1.648604 -3.151975 -2.433702
6.656569 -3.056438 -2.955882 -3.201504 -1.756758 -1.133741 -2.511845 -1.239614 -1.648604 -3.151975 -2.433702
6.656569 -3.056438 -2.955882 -3.201504 -1.756758 -1.133741 -2.511845 -1.239614 -1.648604 -3.151975 -2.433702
6.656569 -3.056438 -2.955882 -3.201504 -1.756758 -1.133741 -2.511845 -1.239614 -1.648604 -3.151975 -2.433702
6.656569 -3.056438 -2.955882 -3.201504 -1.756758 -1.133741 -2.511845 -1.239614 -1.648604 -3.151975 -2.433702
6.647614 -3.342251 -3.090388 -3.356462 -1.945756 -1.056673 -2.633782 -1.366607 -1.593965 -3.199684 -2.612666
6.656569 -3.056438 -2.955882 -3.201504 -1.756758 -1.133741 -2.511845 -1.239614 -1.648604 -3.151975 -2.433702
6.654924 -3.062144 -2.951786 -3.202763 -1.757125 -1.130579 -2.506385 -1.244030 -1.645896 -3.153578 -2.437706
6.694663 -3.093368 -3.186980 -3.299354 -1.744551 -1.234970 -2.646876 -1.116109 -1.793106 -3.206035 -2.599143
6.656569 -3.056438 -2.955882 -3.201504 -1.756758 -1.133741 -2.511845 -1.239614 -1.648604 -3.151975 -2.433702
6.656569 -3.056438 -2.955882 -3.201504 -1.756758 -1.133741 -2.511845 -1.239614 -1.648604 -3.151975 -2.433702
6.656569 -3.056438 -2.955882 -3.201504 -1.756758 -1.133741 -2.511845 -1.239614 -1.648604 -3.151975 -2.433702
6.656569 -3.056438 -2.955882 -3.201504 -1.756758 -1.133741 -2.511845 -1.239614 -1.648604 -3.151975 -2.433702
6.656569 -3.056438 -2.955882 -3.201504 -1.756758 -1.133741 -2.511845 -1.239614 -1.648604 -3.151975 -2.433702
6.656569 -3.056438 -2.955882 -3.201504 -1.756758 -1.133741 -2.511845 -1.239614 -1.648604 -3.151975 -2.433702
6.422649 -2.795441 -3.278326 -3.148140 -1.306613 -1.351857 -2.215194 -1.275221 -1.842778 -3.398129 -2.350201
6.332959 -3.298551 -2.754076 -3.169350 -2.013784 -1.054889 -2.557021 -1.502136 -1.309229 -3.025375 -2.425756
6.656569 -3.056438 -2.955882 -3.201504 -1.756758 -1.133741 -2.511845 -1.239614 -1.648604 -3.151975 -2.433702
6.656569 -3.056438 -2.955882 -3.201504 -1.756758 -1.133741 -2.511845 -1.239614 -1.648604 -3.151975 -2.433702
6.656569 -3.056438 -2.955882 -3.201504 -1.756758 -1.133741 -2.511845 -1.239614 -1.648604 -3.151975 -2.433702
6.656569 -3.056438 -2.955882 -3.201504 -1.756758 -1.133741 -2.511845 -1.239614 -1.648604 -3.151975 -2.433702
6.656569 -3.056438 -2.955882 -3.201504 -1.756758 -1.133741 -2.511845 -1.239614 -1.648604 -3.151975 -2.433702
6.656569 -3.056438 -2.955882 -3.201504 -1.756758 -1.133741 -2.511845 -1.239614 -1.648604 -3.151975 -2.433702
6.656569 -3.056438 -2.955882 -3.201504 -1.756758 -1.133741 -2.511845 -1.239614 -1.648604 -3.151975 -2.433702
6.656569 -3.056438 -2.955882 -3.201504 -1.756758 -1.133741 -2.511845 -1.239614 -1.648604 -3.151975 -2.433702
6.741595 -3.105583 -3.143156 -3.297230 -1.736176 -1.213782 -2.619060 -1.163242 -1.758924 -3.225196 -2.587951
6.656569 -3.056438 -2.955882 -3.201504 -1.756758 -1.133741 -2.511845 -1.239614 -1.648604 -3.151975 -2.433702
6.656569 -3.056438 -2.955882 -3.201504 -1.756758 -1.133741 -2.511845 -1.239614 -1.648604 -3.151975 -2.433702
6.656569 -3.056438 -2.955882 -3.201504 -1.756758 -1.133741 -2.511845 -1.239614 -1.648604 -3.151975 -2.433702
6.656569 -3.056438 -2.955882 -3.201504 -1.756758 -1.133741 -2.511845 -1.239614 -1.648604 -3.151975 -2.433702
6.656569 -3.056438 -2.955882 -3.201504 -1.756758 -1.133741 -2.511845 -1.239614 -1.648604 -3.151975 -2.433702
6.656569 -3.056438 -2.955882 -3.201504 -1.756758 -1.133741 -2.511845 -1.239614 -1.648604 -3.151975 -2.433702
6.738419 -3.096571 -3.113979 -3.281664 -1.739923 -1.198460 -2.603643 -1.172933 -1.741540 -3.212627 -2.564228
6.656569 -3.056438 -2.955882 -3.201504 -1.756758 -1.133741 -2.511845 -1.239614 -1.648604 -3.151975 -2.433702
6.656569 -3.056438 -2.955882 -3.201504 -1.756758 -1.133741 -2.511845 -1.239614 -1.648604 -3.151975 -2.433702
6.561851 -3.222220 -2.898449 -3.253348 -1.863550 -1.162129 -2.589023 -1.347000 -1.430487 -3.078681 -2.387044
5.800170 -2.380416 -4.243899 -3.230230 -0.433915 -2.001216 -1.836719 -1.352551 -2.396047 -3.941713 -2.320346
6.459112 -3.174659 -3.064754 -3.321237 -1.639667 -1.275947 -2.573814 -1.181820 -1.678753 -3.096625 -2.289302
6.485104 -3.143674 -3.241430 -3.330333 -1.533023 -1.284024 -2.445121 -1.208442 -1.762424 -3.220665 -2.178728
6.656569 -3.056438 -2.955882 -3.201504 -1.756758 -1.133741 -2.511845 -1.239614 -1.648604 -3.151975 -2.433702
6.656569 -3.056438 -2.955882 -3.201504 -1.756758 -1.133741 -2.511845 -1.239614 -1.648604 -3.151975 -2.433702
6.656569 -3.056438 -2.955882 -3.201504 -1.756758 -1.133741 -2.511845 -1.239614 -1.648604 -3.151975 -2.433702
5.451039 -2.876369 -4.192454 -3.192130 -1.259101 -1.732214 -2.264447 -1.178324 -2.655945 -3.647007 -2.928649
6.656569 -3.056438 -2.955882 -3.201504 -1.756758 -1.133741 -2.511845 -1.239614 -1.648604 -3.151975 -2.433702
6.656569 -3.056438 -2.955882 -3.201504 -1.756758 -1.133741 -2.511845 -1.239614 -1.648604 -3.151975 -2.433702
6.656569 -3.056438 -2.955882 -3.201504 -1.756758 -1.133741 -2.511845 -1.239614 -1.648604 -3.151975 -2.433702
6.656569 -3.056438 -2.955882 -3.201504 -1.756758 -1.133741 -2.511845 -1.239614 -1.648604 -3.151975 -2.433702
6.656569 -3.056438 -2.955882 -3.201504 -1.756758 -1.133741 -2.511845 -1.239614 -1.648604 -3.151975 -2.433702
6.656569 -3.056438 -2.955882 -3.201504 -1.756758 -1.133741 -2.511845 -1.239614 -1.648604 -3.151975 -2.433702
6.706851 -3.073954 -3.088499 -3.255012 -1.750859 -1.182891 -2.592515 -1.161682 -1.730893 -3.179156 -2.530361
6.656569 -3.056438 -2.955882 -3.201504 -1.756758 -1.133741 -2.511845 -1.239614 -1.648604 -3.151975 -2.433702
6.656569 -3.056438 -2.955882 -3.201504 -1.756758 -1.133741 -2.511845 -1.239614 -1.648604 -3.151975 -2.433702
6.656569 -3.056438 -2.955882 -3.201504 -1.756758 -1.133741 -2.511845 -1.239614 -1.648604 -3.151975 -2.433702
6.656569 -3.056438 -2.955882 -3.201504 -1.756758 -1.133741 -2.511845 -1.239614 -1.648604 -3.151975 -2.433702
6.656569 -3.056438 -2.955882 -3.201504 -1.756758 -1.133741 -2.511845 -1.239614 -1.648604 -3.151975 -2.433702
6.656569 -3.056438 -2.955882 -3.201504 -1.756758 -1.133741 -2.511845 -1.239614 -1.648604 -3.151975 -2.433702
6.656569 -3.056438 -2.955882 -3.201504 -1.756758 -1.133741 -2.511845 -1.239614 -1.648604 -3.151975 -2.433702
6.656569 -3.056438 -2.955882 -3.201504 -1.756758 -1.133741 -2.511845 -1.239614 -1.648604 -3.151975 -2.433702
6.656569 -3.056438 -2.955882 -3.201504 -1.756758 -1.133741 -2.511845 -1.239614 -1.648604 -3.151975 -2.433702
6.656569 -3.056438 -2.955882 -3.201504 -1.756758 -1.133741 -2.511845 -1.239614 -1.648604 -3.151975 -2.433702
6.656569 -3.056438 -2.955882 -3.201504 -1.756758 -1.133741 -2.511845 -1.239614 -1.648604 -3.151975 -2.433702
6.656569 -3.056438 -2.955882 -3.201504 -1.756758 -1.133741 -2.511845 -1.239614 -1.648604 -3.151975 -2.433702
6.656569 -3.056438 -2.955882 -3.201504 -1.756758 -1.133741 -2.511845 -1.239614 -1.648604 -3.151975 -2.433702
6.656569 -3.056438 -2.955882 -3.201504 -1.756758 -1.133741 -2.511845 -1.239614 -1.648604 -3.151975 -2.433702
6.656569 -3.056438 -2.955882 -3.201504 -1.756758 -1.133741 -2.511845 -1.239614 -1.648604 -3.151975 -2.433702
6.656569 -3.056438 -2.955882 -3.201504 -1.756758 -1.133741 -2.511845 -1.239614 -1.648604 -3.151975 -2.433702
6.656569 -3.056438 -2.955882 -3.201504 -1.756758 -1.133741 -2.511845 -1.239614 -1.648604 -3.151975 -2.433702
6.656569 -3.056438 -2.955882 -3.201504 -1.756758 -1.133741 -2.511845 -1.239614 -1.648604 -3.151975 -2.433702
6.656569 -3.056438 -2.955882 -3.201504 -1.756758 -1.133741 -2.511845 -1.239614 -1.648604 -3.151975 -2.433702
6.656569 -3.056438 -2.955882 -3.201504 -1.756758 -1.133741 -2.511845 -1.239614 -1.648604 -3.151975 -2.433702
6.656569 -3.056438 -2.955882 -3.201504 -1.756758 -1.133741 -2.511845 -1.239614 -1.648604 -3.151975 -2.433702
6.656569 -3.056438 -2.955882 -3.201504 -1.756758 -1.133741 -2.511845 -1.239614 -1.648604 -3.151975 -2.433702
6.656569 -3.056438 -2.955882 -3.201504 -1.756758 -1.133741 -2.511845 -1.239614 -1.648604 -3.151975 -2.433702
6.656569 -3.056438 -2.955882 -3.201504 -1.756758 -1.133741 -2.511845 -1.239614 -1.648604 -3.151975 -2.433702
6.656569 -3.056438 -2.955882 -3.201504 -1.756758 -1.133741 -2.511845 -1.239614 -1.648604 -3.151975 -2.433702
6.656569 -3.056438 -2.955882 -3.201504 -1.756758 -1.133741 -2.511845 -1.239614 -1.648604 -3.151975 -2.433702
6.656569 -3.056438 -2.955882 -3.201504 -1.756758 -1.133741 -2.511845 -1.239614 -1.648604 -3.151975 -2.433702
6.656569 -3.056438 -2.955882 -3.201504 -1.756758 -1.133741 -2.511845 -1.239614 -1.648604 -3.151975 -2.433702
6.656569 -3.056438 -2.955882 -3.201504 -1.756758 -1.133741 -2.511845 -1.239614 -1.648604 -3.151975 -2.433702
6.312738 -3.087102 -4.255775 -3.624747 -1.121944 -1.898485 -2.571486 -1.137099 -2.446876 -3.874079 -3.119630
6.656569 -3.056438 -2.955882 -3.201504 -1.756758 -1.133741 -2.511845 -1.239614 -1.648604 -3.151975 -2.433702
6.656569 -3.056438 -2.955882 -3.201504 -1.756758 -1.133741 -2.511845 -1.239614 -1.648604 -3.151975 -2.433702
6.656569 -3.056438 -2.955882 -3.201504 -1.756758 -1.133741 -2.511845 -1.239614 -1.648604 -3.151975 -2.433702
6.656569 -3.056438 -2.955882 -3.201504 -1.756758 -1.133741 -2.511845 -1.239614 -1.648604 -3.151975 -2.433702
6.656569 -3.056438 -2.955882 -3.201504 -1.756758 -1.133741 -2.511845 -1.239614 -1.648604 -3.151975 -2.433702
6.656569 -3.056438 -2.955882 -3.201504 -1.756758 -1.133741 -2.511845 -1.239614 -1.648604 -3.151975 -2.433702
6.656569 -3.056438 -2.955882 -3.201504 -1.756758 -1.133741 -2.511845 -1.239614 -1.648604 -3.151975 -2.433702
6.656569 -3.056438 -2.955882 -3.201504 -1.756758 -1.133741 -2.511845 -1.239614 -1.648604 -3.151975 -2.433702
6.656569 -3.056438 -2.955882 -3.201504 -1.756758 -1.133741 -2.511845 -1.239614 -1.648604 -3.151975 -2.433702
6.656569 -3.056438 -2.955882 -3.201504 -1.756758 -1.133741 -2.511845 -1.239614 -1.648604 -3.151975 -2.433702
6.656569 -3.056438 -2.955882 -3.201504 -1.756758 -1.133741 -2.511845 -1.239614 -1.648604 -3.151975 -2.433702
6.656569 -3.056438 -2.955882 -3.201504 -1.756758 -1.133741 -2.511845 -1.239614 -1.648604 -3.151975 -2.433702
6.656569 -3.056438 -2.955882 -3.201504 -1.756758 -1.133741 -2.511845 -1.239614 -1.648604 -3.151975 -2.433702
6.656569 -3.056438 -2.955882 -3.201504 -1.756758 -1.133741 -2.511845 -1.239614 -1.648604 -3.151975 -2.433702
6.656569 -3.056438 -2.955882 -3.201504 -1.756758 -1.133741 -2.511845 -1.239614 -1.648604 -3.151975 -2.433702
6.441049 -2.966125 -3.475196 -3.361844 -1.463606 -1.389456 -2.531464 -1.048720 -1.934233 -3.251872 -2.337707
6.127403 -2.960687 -3.466365 -3.222749 -1.396638 -1.414828 -2.358490 -0.876259 -2.067037 -3.205319 -2.278543
6.656569 -3.056438 -2.955882 -3.201504 -1.756758 -1.133741 -2.511845 -1.239614 -1.648604 -3.151975 -2.433702
-29.476118 23.070770 -44.470112 0.290346 -2.460792 -39.616409 -20.223206 8.539165 -51.099438 -16.828543 -19.039169
-21.179434 21.239870 -33.350601 1.793564 -0.765090 -29.232409 -11.117523 0.844376 -37.129856 -16.837635 -17.370762
-19.316490 17.562193 -30.784571 0.815529 -2.014330 -28.043802 -13.864283 4.208767 -34.020554 -11.006087 -13.652598
-18.765329 17.951994 -28.775448 2.343114 0.587825 -24.669163 -7.202256 -1.822390 -32.261810 -17.858088 -15.070813
-15.291557 14.966655 -24.799259 0.983891 0.521371 -21.220976 -8.177104 0.674689 -28.326353 -13.583181 -11.203473
-12.690531 12.536158 -21.275219 1.072212 -0.768513 -18.789698 -8.008821 0.773029 -24.450169 -11.223958 -11.058789
-14.057788 13.487880 -22.195129 1.082378 -0.907350 -19.143505 -8.848197 1.610656 -26.470062 -11.089901 -9.781483
-18.400440 20.278191 -34.097820 0.917775 0.654527 -26.888033 -11.825353 0.573550 -40.018028 -21.817154 -15.781817
-14.770202 16.557764 -27.553593 0.005582 0.200140 -22.837643 -11.406505 2.304531 -31.346933 -14.289472 -12.301757
-15.917965 17.074223 -29.293932 -0.305783 0.258526 -25.122795 -11.894453 3.047385 -32.195324 -13.401670 -13.070739
-12.830875 13.676630 -23.924767 0.854642 0.623593 -19.474642 -6.501205 -1.675662 -26.419823 -15.744122 -12.281802
-17.895727 14.018178 -21.869127 3.227257 -2.778545 -20.801174 -7.884711 -1.036392 -26.090025 -11.213733 -12.453767
-13.913222 15.971701 -26.032114 0.975017 -0.497767 -22.202591 -9.862967 1.936821 -29.482573 -13.577768 -13.116437
-20.362360 18.681883 -28.661640 3.434944 -2.201046 -25.729925 -10.281334 -0.513497 -34.589100 -16.421694 -15.822054
-16.709261 15.988426 -25.125599 2.143841 -1.893363 -21.994881 -9.402962 0.992242 -29.256569 -12.895270 -13.638842
-15.111343 16.278574 -26.722675 0.482169 0.713181 -22.783871 -10.474974 1.855366 -30.428173 -14.126229 -12.503463
-19.928890 18.613400 -30.355448 1.703493 -1.305158 -26.283514 -12.060639 1.734766 -35.767883 -15.540626 -14.363897
-15.648851 16.093227 -26.150024 1.676474 0.257724 -22.939381 -8.150167 -1.089241 -30.084503 -16.687622 -14.593144
-22.386339 20.843634 -32.302361 3.255421 -4.148450 -28.888689 -13.961598 1.974489 -38.380249 -15.062252 -17.439409
-20.516386 20.025137 -32.607430 1.347174 1.550061 -28.962461 -10.138516 -0.348261 -36.942280 -18.798592 -16.312122
-19.508671 16.113285 -29.928143 -1.245379 1.129092 -25.306286 -12.966422 3.856337 -34.000221 -13.533363 -11.879400
-25.359751 23.287836 -39.752525 1.024938 0.978793 -34.109756 -15.038640 3.212344 -45.457520 -19.622526 -16.672989
-24.836555 24.189260 -38.513020 2.192028 -0.261580 -33.957359 -13.823741 1.125099 -44.907867 -21.269167 -19.799870
-27.119047 26.549009 -46.180660 -0.396536 3.499510 -38.741028 -16.629826 2.242678 -52.649986 -25.857134 -18.908636
-33.694332 30.556154 -48.181973 3.375678 -1.948354 -43.094582 -19.407417 4.019675 -56.619839 -22.581453 -22.983969
-21.234304 20.928209 -33.324013 2.498625 -1.001539 -29.507309 -12.663533 0.374412 -39.679733 -18.860685 -16.946421
-23.704456 21.275681 -32.554111 3.722423 -3.377494 -29.006262 -12.880419 0.771140 -39.675674 -17.069975 -16.775307
-31.835016 28.991692 -43.940826 4.651142 -4.792497 -38.970074 -19.137949 2.557355 -53.276066 -20.883696 -21.464020
-23.470568 22.801685 -37.607372 1.396862 0.111690 -33.047794 -14.306122 1.685649 -43.128857 -19.684626 -18.303915
-29.308672 24.839172 -43.388256 0.901431 -0.075565 -37.334412 -17.974449 4.554966 -50.255550 -21.057648 -19.419827
-20.236187 20.601791 -33.578964 1.272705 -1.131314 -28.534962 -13.106586 2.049319 -38.419147 -16.821838 -15.545483
-20.611799 17.935753 -31.748438 0.848602 -1.166998 -28.269428 -13.773947 4.358218 -36.670555 -13.469010 -13.508690
-22.435480 20.267027 -34.133247 1.809982 -1.809996 -30.617636 -14.589155 3.022464 -39.415981 -15.583770 -15.777249
-25.374516 23.516371 -38.718124 1.753331 2.549974 -32.799370 -10.244895 -1.624338 -44.212540 -24.369040 -18.693056
-18.511723 18.495205 -31.353773 0.198247 0.225826 -28.242975 -12.572465 3.879778 -34.425835 -13.453788 -15.286768
-23.647470 24.154408 -38.186008 2.494091 0.670445 -32.301800 -11.174464 -1.495080 -44.305672 -24.106289 -19.517506
-26.689789 20.379110 -40.511684 -3.193270 5.797782 -35.071606 -12.880898 3.286837 -42.342373 -19.260727 -16.722288
-16.906294 17.340239 -30.722090 -0.153469 -0.248780 -25.097771 -12.745213 3.867342 -35.163933 -15.704563 -13.214014
-18.176718 19.587833 -30.280258 1.532432 0.912413 -25.768900 -10.760313 0.011199 -36.093479 -18.967909 -14.867531
-21.149258 20.468023 -31.046118 3.206864 -2.649098 -27.920187 -13.283601 1.124191 -38.947464 -17.451380 -16.479662
-15.293922 17.457397 -29.089167 0.264602 1.260679 -23.744524 -10.346099 1.071974 -33.546497 -17.907488 -13.669196
-25.798565 24.493793 -40.098145 0.918316 0.704190 -34.841072 -15.816723 2.591194 -45.868900 -20.393808 -19.728527
-19.730751 16.814220 -30.673361 -0.140194 2.846899 -26.824474 -9.963579 0.822829 -34.614376 -17.384609 -13.987612
-16.625463 16.474974 -28.963894 0.720122 -2.564385 -24.718170 -13.279625 3.537995 -33.983910 -14.412973 -14.667527
-15.804440 18.236708 -30.010553 1.362205 -0.667131 -24.397688 -11.791507 1.158681 -36.433884 -19.185047 -14.835074
-24.826632 23.688511 -39.387695 1.558745 1.399554 -34.533386 -13.777315 1.279536 -46.441174 -23.432878 -20.500635
-18.732515 19.642918 -33.819145 0.804964 1.689577 -29.651657 -12.240871 1.830253 -39.022713 -19.192280 -14.946431
-29.638718 26.639534 -43.411503 2.257524 -0.407025 -39.009739 -15.900311 2.420015 -49.855812 -20.518061 -19.584759
-20.565657 21.289175 -34.054955 1.697947 -0.046364 -29.378511 -12.392885 1.442258 -38.898079 -17.770256 -16.217424
-26.870066 25.409977 -41.207371 2.016645 0.683370 -36.013950 -13.555339 0.670956 -46.386925 -22.338547 -20.484257
-7.992284 9.080949 -15.482293 1.039378 -1.049581 -13.872308 -5.897068 0.449763 -17.805058 -8.051953 -7.946973
-9.648049 9.561316 -18.531700 -0.085073 -0.900560 -15.933097 -7.543903 2.489510 -20.498083 -7.902503 -7.736544
-10.149758 11.280242 -17.090977 1.430642 -1.326328 -14.606503 -5.565985 -1.083394 -19.289455 -9.925273 -10.054258
-28.095335 25.972797 -46.984814 0.307510 6.672214 -40.520973 -12.313557 -0.780591 -51.784435 -29.408188 -19.782085
-9.207282 9.525070 -18.604759 -0.060277 2.909116 -15.607132 -2.577370 -3.161150 -19.374674 -13.569850 -10.199589
-44.411060 30.439333 -61.141930 -3.894624 7.878336 -51.532619 -20.246620 6.031572 -65.865578 -27.547417 -20.214125
-11.666045 12.897231 -21.754236 1.397284 1.092427 -18.416664 -4.179290 -3.846572 -23.307226 -15.650229 -14.083421
-13.443623 13.237304 -24.161226 -0.358726 -0.485789 -20.637571 -10.295437 3.410075 -26.823627 -10.596906 -10.298809
-19.612858 21.099012 -35.572971 0.803159 0.074305 -29.996321 -10.998798 1.272919 -38.471107 -18.645290 -18.678242
-26.499399 26.704123 -43.309883 2.246601 -1.128065 -36.936913 -14.941997 3.188420 -48.210083 -20.740702 -19.983650
-35.617928 33.512581 -57.205818 2.884294 1.542463 -48.971279 -18.862892 2.696450 -66.983055 -33.149845 -24.413502
-10.727571 11.994797 -21.323339 0.235882 1.902072 -17.720774 -4.671807 -1.781530 -21.758795 -13.114017 -11.279902
-24.951281 22.817707 -38.290325 1.608891 -3.222826 -33.505760 -18.480516 5.111643 -45.096432 -16.902967 -18.019405
-18.378361 21.260227 -33.764664 1.787476 -0.837722 -28.018007 -11.921817 0.770976 -39.486118 -20.143665 -16.668053
-32.807964 30.287920 -51.376266 1.667632 1.129536 -43.348301 -17.684820 2.390030 -58.538284 -27.882380 -21.296768
-39.609032 31.021687 -55.951176 1.221038 5.160262 -46.406113 -14.367521 -1.081045 -63.400414 -34.098637 -21.304558
-11.579935 12.522691 -21.472433 0.615643 0.939069 -18.836033 -6.265170 -0.164585 -23.766537 -13.196190 -11.948802
-12.438931 11.839076 -22.137241 -0.532512 0.248955 -20.380356 -8.301335 2.732844 -23.342302 -8.638048 -10.151123
-25.024485 22.413441 -36.497833 2.351288 -1.207268 -32.701515 -11.496529 0.379355 -39.951618 -17.180174 -19.282904
-34.765030 29.992134 -50.901428 1.906117 3.245546 -44.453293 -14.625854 0.302250 -56.834423 -27.902927 -22.757690
-20.151619 16.455687 -29.527821 0.500393 -2.093718 -26.532877 -13.220503 3.214467 -33.414204 -12.415068 -14.829265
-22.606485 21.895046 -33.115570 3.125507 -3.652277 -30.416513 -14.589313 1.782977 -37.545040 -14.105134 -18.418112
-13.898313 14.775054 -24.475876 0.964805 -0.772994 -20.948048 -8.685809 1.406922 -27.542973 -12.731200 -12.181630
-23.174334 21.114145 -38.627861 -0.628545 2.973092 -31.694740 -11.294924 2.304529 -42.497944 -20.240877 -13.367070
-13.953163 13.314875 -23.476345 0.551085 -3.086109 -19.948889 -10.560264 2.962567 -26.782949 -10.274764 -11.428636
-11.354694 12.394686 -22.656782 -0.419478 1.455129 -19.961918 -6.897727 1.113562 -23.627453 -11.526976 -10.921177
-11.906943 13.837667 -25.442226 0.408468 2.984693 -21.872755 -4.155643 -2.896153 -25.546133 -16.984335 -13.316312
-5.281772 8.463428 -18.607176 -1.294430 3.282996 -14.247472 -2.343339 -2.874734 -18.068497 -14.672789 -9.658238
-19.619928 18.406826 -30.489807 1.203639 1.674907 -26.507265 -7.252119 -1.331098 -32.965202 -17.900009 -16.032568
-20.348003 17.441465 -30.437702 0.353976 -2.398791 -26.405008 -13.800187 3.939229 -33.770493 -12.139757 -14.335322
-20.493221 18.467346 -33.698986 -0.807929 2.938836 -29.111765 -10.487993 2.656974 -35.876656 -15.873508 -13.221919
-22.811508 20.402622 -36.236588 0.100298 2.539263 -30.343996 -10.974836 1.617764 -39.203522 -18.691582 -15.169830
-25.638348 24.839725 -38.842178 3.196608 0.065906 -33.708969 -10.444444 -1.250809 -43.565617 -22.681610 -20.873732
-23.986986 20.428459 -36.518101 -0.805899 1.642863 -31.332443 -14.881181 4.163055 -39.419292 -14.778684 -14.045482
-17.202175 18.090254 -32.501705 -0.484082 2.029019 -26.927807 -11.495729 2.424048 -35.069141 -16.094471 -13.792783
-21.519865 19.643991 -31.229574 2.235719 -3.704598 -27.925455 -15.207930 3.180158 -36.442501 -12.413382 -15.056025
-22.598745 20.314425 -35.504807 0.026535 0.122425 -30.846430 -14.143712 4.109825 -38.953697 -14.496203 -15.849470
-23.810434 22.435543 -36.750618 1.479923 -0.534480 -31.377800 -12.711051 0.536289 -43.079304 -22.132645 -20.397453
-18.427168 18.215233 -32.615219 -0.154600 1.861606 -28.142704 -10.939484 2.046030 -35.309082 -16.294617 -14.379869
-16.313202 16.823713 -26.369604 2.461508 -0.935628 -22.026627 -7.296124 -1.960483 -31.548992 -18.327137 -14.798525
-19.624695 17.519886 -35.350040 -1.834567 5.836375 -29.402838 -7.589455 0.380672 -35.544868 -19.575607 -16.346136
-23.269634 24.189795 -38.254246 1.895910 -0.770818 -32.572300 -12.816106 1.590118 -42.492332 -19.484434 -19.388355
-20.480148 15.925354 -31.006310 -2.410253 2.558863 -25.340025 -10.192061 1.740477 -32.655766 -14.751120 -12.952731
-14.432263 16.646572 -27.683414 0.666714 -0.127148 -23.504477 -8.410292 0.260824 -30.038885 -15.139092 -14.484258
-8.864602 10.480818 -21.561148 -1.932132 3.346271 -17.239195 -6.154426 0.557420 -22.252926 -13.177061 -8.748501
-24.793837 21.720444 -38.858799 0.659939 -1.611891 -33.608444 -15.209738 3.808979 -45.170689 -19.592573 -21.446089
-29.424000 27.413853 -44.721607 1.806838 -0.737678 -39.007145 -19.185139 4.209815 -51.292488 -20.307682 -19.030880
-16.477257 16.913795 -27.604004 0.438691 0.215410 -23.539234 -10.274871 1.543018 -31.430824 -15.362098 -15.010769
-13.275893 15.101917 -23.907335 1.063900 0.213372 -20.512302 -7.982481 -0.064310 -27.100958 -14.104414 -12.426466
-14.973625 15.918770 -24.612354 1.805765 -1.311557 -21.412596 -9.773209 0.935030 -29.012423 -13.624980 -13.058327
-13.435552 -16.859426 8.941426 2.577367 -19.415279 0.293765 -5.646411 -12.356529 -9.243882 -11.259523 -9.300082
-35.219849 -37.258076 19.774162 2.446910 -42.004971 -2.084847 -15.770681 -28.311892 -3.166000 -14.192785 -15.557513
-43.308907 -43.291386 25.437614 5.713773 -49.504013 0.033388 -16.959503 -32.394375 -12.516697 -21.618029 -18.980715
-37.440586 -38.863949 23.247578 5.401117 -45.815449 -2.093287 -15.359000 -30.017853 -9.331589 -18.182766 -19.142300
-44.841328 -46.011757 24.795130 3.330180 -50.683887 0.144208 -18.762083 -33.830906 -7.467863 -18.535036 -17.993887
-18.420708 -23.701298 12.545241 0.828025 -25.625950 -0.403796 -8.761190 -16.821535 -5.890990 -10.804954 -10.248319
-19.081032 -21.409468 11.008466 1.616606 -24.651842 0.565473 -8.356236 -16.382889 -3.729341 -9.797421 -10.781882
-25.609600 -25.954430 14.755625 3.069792 -31.097248 -0.241828 -11.690672 -21.131817 -4.292008 -11.698361 -13.534131
-25.311317 -29.022623 14.326060 -1.055108 -31.569931 -2.734439 -14.205538 -20.986137 -0.223700 -8.841396 -11.663769
-32.610725 -32.774014 18.627518 4.184411 -38.824684 0.324043 -12.904476 -26.006638 -7.672384 -15.639643 -15.329211
-27.481913 -29.539963 16.682159 2.979383 -33.692673 -0.930169 -12.613761 -22.654255 -5.774684 -12.814053 -13.928421
-27.572449 -30.246494 14.727777 0.192695 -34.445530 -0.877137 -12.275751 -24.186989 -0.488784 -10.887690 -10.857247
-27.545635 -29.434208 16.341291 1.905760 -32.059544 -0.377226 -12.480602 -21.494118 -3.482655 -11.391631 -11.634604
-27.986811 -30.936214 14.663303 -0.238759 -32.369640 -4.182854 -14.206937 -22.654509 0.470620 -8.724815 -10.038230
-16.287880 -20.780392 10.204299 -0.003873 -22.452627 -0.418706 -8.509613 -14.614585 -3.365670 -8.543592 -8.838085
-24.519073 -30.621868 14.159286 -1.234746 -33.084011 0.079040 -11.096976 -21.593515 -4.989506 -12.839477 -10.660600
-26.553213 -32.745209 16.048759 -0.201601 -33.290359 -4.644330 -14.357708 -22.115608 -4.044151 -11.220531 -11.359833
-20.228985 -25.713398 10.278800 -2.821834 -27.008482 -0.394717 -10.402467 -17.247709 -1.882993 -9.515419 -8.876025
-18.082523 -22.762276 9.023380 -1.751058 -24.427816 0.978704 -9.509867 -16.767220 -0.767942 -8.258743 -8.790478
-30.514511 -36.205063 18.434805 0.178592 -38.830383 -3.745848 -16.082819 -25.130157 -3.285886 -12.923855 -14.277895
-22.545692 -25.125080 14.885690 3.955817 -29.831995 -2.881105 -12.141667 -19.262512 -5.852378 -11.707965 -13.512656
-23.497173 -24.521883 12.805849 2.966962 -28.296150 2.837558 -6.907674 -19.502966 -9.338336 -15.556445 -13.257058
-25.781147 -26.422190 13.842325 2.208814 -31.348322 0.048902 -9.979290 -21.730307 -3.404118 -11.349225 -12.655183
-38.158165 -39.142620 20.931486 2.949374 -43.298428 -5.014869 -18.234421 -29.473810 -2.642007 -12.251245 -15.933488
-34.555649 -38.861408 16.149681 -3.222492 -40.414116 -3.339886 -19.442833 -28.538578 4.507689 -8.754301 -11.345318
-27.690987 -30.334965 14.528257 0.278075 -32.730534 -3.154497 -13.420766 -23.130587 0.690276 -9.551454 -11.802405
-35.422020 -38.805645 19.883804 0.720054 -41.727486 -4.177800 -17.896183 -28.562622 -0.525841 -12.224660 -14.115932
-33.540634 -34.197388 20.749722 6.048900 -41.668049 0.375165 -12.690624 -27.311354 -12.631100 -19.464670 -17.440840
-31.192869 -32.730999 18.167053 2.901521 -39.001179 1.398261 -12.165905 -25.970926 -6.631112 -15.605392 -15.167466
-34.687374 -38.202747 21.127312 2.625994 -43.799740 -4.038372 -17.157139 -28.266014 -4.664298 -15.167512 -17.688677
-44.690094 -46.016331 25.111706 5.124599 -50.328152 -4.490805 -21.269018 -34.138584 -10.271657 -19.492018 -17.590815
-34.014454 -34.712803 19.363083 4.297935 -43.168125 1.729599 -12.031819 -28.710978 -9.325167 -18.178526 -19.436277
-35.117783 -39.004032 18.371067 -0.459755 -40.277565 -4.824872 -17.923899 -26.746048 -1.297421 -11.741227 -11.599957
-34.065174 -36.854580 17.746035 0.270835 -40.704498 -0.696968 -15.525025 -27.160488 -3.651787 -13.848566 -14.365993
-43.379185 -45.738167 19.069841 -0.419542 -45.271862 -4.579924 -18.508045 -33.793022 0.984584 -12.594557 -12.568544
-34.730637 -38.193718 17.172091 -0.320636 -38.771206 -3.049383 -18.728262 -26.750113 -1.629061 -11.300587 -11.730232
-44.336071 -44.488628 22.603884 2.791102 -48.840309 -3.284186 -19.700727 -33.118378 -2.686358 -13.982807 -16.211981
-38.744400 -39.203957 19.711601 1.380125 -44.175976 -0.548175 -16.835093 -29.941422 -0.934257 -13.572543 -16.397167
-43.566174 -48.271442 21.603180 -0.110190 -48.494297 -7.292688 -24.236712 -32.571815 1.349728 -11.993166 -15.890743
-45.877415 -49.804317 25.453911 1.182379 -53.108849 -5.550970 -23.280865 -35.696617 -1.295598 -15.035893 -17.868563
-27.198217 -29.741531 16.480001 2.556285 -32.540909 -2.483025 -13.879659 -21.455870 -3.683190 -10.559309 -13.514303
-35.176670 -36.541828 20.166115 2.578776 -41.833511 -0.723978 -15.283698 -28.046486 -5.501295 -15.564048 -15.301932
-36.980614 -37.371548 21.066885 4.162361 -39.881298 -1.489990 -14.804718 -27.067146 -8.414754 -15.719678 -13.955209
-35.707470 -36.955933 22.185642 4.517491 -41.958191 0.341117 -13.383758 -27.042788 -11.165843 -18.825558 -16.225159
-44.033955 -48.819733 22.350271 -1.035272 -48.283920 -5.288885 -21.612984 -32.007931 1.451706 -12.524697 -12.909908
-40.402180 -39.248985 23.954126 6.972968 -46.161354 -0.894865 -16.456913 -30.275852 -13.107732 -20.629511 -17.199818
-39.980274 -44.853855 19.255653 -0.511837 -46.166084 -1.387164 -19.794073 -30.565311 -5.327200 -16.783745 -13.239408
-35.376369 -37.616970 19.537865 2.418954 -40.289291 -1.004327 -15.604229 -26.934309 -6.358610 -15.830565 -13.844953
-38.528988 -40.084892 21.691055 4.041927 -45.944775 1.361938 -15.275943 -30.422827 -11.092408 -19.932810 -17.773476
-37.601746 -39.133469 20.045801 2.351358 -40.361076 1.571195 -13.832762 -27.180189 -8.075273 -16.469900 -11.946414
-33.736301 -36.109951 20.608692 3.545062 -39.807575 -6.048544 -19.270987 -26.241323 -3.966739 -12.438094 -15.343102
-31.751364 -32.520863 17.392057 3.325993 -36.016857 0.849497 -11.714433 -24.859488 -8.441378 -16.162949 -12.808965
-30.694538 -31.419207 19.096495 4.995841 -36.903160 -3.128636 -13.488127 -24.687487 -7.182482 -14.267010 -14.972820
-37.397259 -37.824951 21.449375 5.271267 -41.905949 -2.011199 -15.694816 -27.614058 -11.631845 -18.570932 -14.587097
-36.867294 -37.354778 21.757629 5.172372 -44.975540 0.956375 -14.098585 -29.578627 -11.078479 -19.657299 -18.217896
-32.105789 -33.679005 19.922857 4.061045 -38.282936 -0.147116 -13.801206 -25.139450 -9.096513 -16.306353 -14.429689
-35.764153 -36.409149 21.523859 4.595247 -41.119476 0.893949 -13.792437 -27.586176 -10.913475 -18.675663 -14.694454
-38.888783 -41.105698 23.393591 3.198117 -44.669518 -3.877843 -19.984682 -29.141119 -4.942084 -15.079320 -14.953982
-33.875145 -36.509972 18.540234 0.491877 -40.086662 0.224319 -15.820539 -26.845770 -3.543679 -14.751954 -13.556986
-41.106419 -42.850731 24.552221 3.512573 -47.331783 -1.964303 -20.423117 -30.731123 -6.784452 -17.463272 -17.221281
-40.307190 -41.330643 23.364437 4.451683 -45.780846 -2.812108 -19.255823 -29.930832 -8.906483 -18.498524 -16.565504
-33.616451 -35.263390 18.758316 2.250908 -38.970184 -1.795552 -16.709671 -25.731785 -3.812512 -13.531927 -13.805844
-45.302029 -48.431389 27.719057 5.735713 -53.760185 -6.966749 -22.868397 -34.271290 -8.986556 -19.289892 -17.485201
-45.393211 -45.515396 27.727686 5.894502 -53.337540 -1.924152 -19.707808 -34.679718 -9.217787 -20.421761 -20.768726
-29.715164 -30.529873 17.725405 4.870380 -35.425575 -3.502757 -13.524591 -23.938560 -7.292066 -14.069529 -14.453957
-50.699623 -52.330830 29.820646 5.821372 -56.372070 -5.526790 -24.838844 -36.203300 -10.422004 -21.050884 -18.941198
-30.738964 -31.166771 17.427469 4.278556 -36.853146 2.161963 -11.826828 -24.653679 -10.168111 -17.224844 -15.286309
-31.175362 -32.569065 19.903450 3.852722 -37.616463 -0.435756 -13.828460 -24.288446 -8.014891 -15.819425 -13.743208
-40.025539 -39.150726 22.850182 6.845991 -46.440693 1.507361 -14.647718 -30.947466 -14.842457 -22.345797 -18.874718
-40.793266 -40.580803 21.246727 3.876547 -46.135178 3.975424 -15.106617 -29.727299 -11.342078 -21.343870 -15.457823
-24.767012 -27.076443 16.145906 3.989469 -31.619974 -4.053360 -14.320746 -20.807808 -5.755946 -11.610104 -13.682161
-24.298481 -26.086016 16.230793 4.831074 -30.792030 -3.711881 -12.355432 -20.355587 -7.436457 -12.293424 -13.439177
-28.438656 -29.585386 17.303253 3.705880 -33.730762 -2.093951 -13.636960 -22.759121 -6.312329 -13.231586 -13.436017
-28.624773 -30.239819 18.051285 3.751253 -35.028950 0.095295 -12.452108 -23.062719 -8.529186 -15.469854 -14.151333
-31.997213 -33.853004 18.766163 3.229781 -38.229198 -1.497602 -14.466755 -25.213936 -6.931440 -14.788899 -14.066599
-7.176612 -11.448102 5.242546 0.131725 -12.626791 0.527387 -3.918219 -8.924331 -3.381634 -6.051901 -5.696613
-16.733376 -19.142588 11.408356 3.776931 -22.819948 -1.685197 -8.406918 -14.719671 -8.566965 -11.469154 -10.273167
-6.771075 -12.775928 4.336910 -1.956213 -12.683426 -1.173035 -6.514105 -8.212621 0.197376 -4.009883 -4.189551
-15.097405 -17.472906 8.866040 1.547908 -20.842644 -3.766804 -9.874177 -14.287338 -0.460306 -6.277891 -9.940099
-9.336167 -15.270799 6.939806 -0.820693 -15.708006 -2.532796 -7.717180 -10.524588 -1.372005 -5.373455 -6.078931
-16.579792 -19.825285 11.899986 2.768474 -23.448013 -2.143739 -9.492039 -15.123495 -5.136988 -9.326409 -10.213324
-18.394798 -20.560711 10.771517 1.339761 -23.869225 -2.524129 -10.723620 -16.342747 -0.938663 -7.153885 -10.870854
-28.137846 -28.261396 17.425535 4.723001 -33.970291 -3.185270 -14.611732 -22.821665 -6.430077 -12.520848 -15.625517
-12.433244 -18.946201 8.057573 -1.028125 -19.247774 -5.110977 -10.797647 -12.961533 0.150526 -4.981690 -6.847442
-26.692400 -28.437656 14.985811 2.001110 -31.897936 -2.528111 -13.838758 -21.852400 -2.224731 -10.275449 -13.262334
-28.267059 -29.424513 18.294628 4.472287 -34.575821 -3.666414 -15.215880 -22.567705 -6.870670 -12.802786 -14.909691
-25.570694 -28.115036 16.793207 5.259300 -31.903990 -5.914937 -14.200843 -19.987770 -8.740697 -12.629166 -12.327938
-27.950548 -31.274263 18.066965 3.777201 -34.622925 -2.735429 -13.416389 -22.285219 -7.505664 -13.532253 -14.006447
-21.103462 -22.966190 14.079494 5.001237 -27.140049 -2.630560 -9.531233 -17.442659 -9.818027 -12.904571 -12.660042
-34.919285 -36.629002 19.481535 3.493797 -40.174236 -0.151826 -13.585660 -25.988218 -8.404902 -16.066597 -14.306314
-31.931868 -33.663609 20.759687 6.151973 -38.948570 -6.108138 -17.368814 -24.476704 -8.169535 -14.265226 -16.270920
-36.936279 -40.333778 23.328131 3.967171 -43.936546 -3.536343 -19.328596 -27.409060 -7.371160 -16.604399 -15.394106
-29.050148 -30.469673 17.705032 3.370955 -35.465565 0.315533 -11.843228 -23.097263 -7.315673 -14.801374 -13.587050
-32.749599 -35.023304 17.886189 0.656146 -37.504002 -1.324219 -16.229445 -25.406050 -2.222766 -12.255857 -12.664999
-23.586784 -27.199617 13.358745 0.645254 -30.234501 -1.536605 -11.365897 -20.222004 -1.814302 -10.316657 -10.086901
-32.228390 -32.735146 19.792225 5.210573 -37.742893 -4.011522 -16.175583 -25.353281 -7.087926 -14.217526 -15.759128
-34.933918 -35.942387 21.181839 3.736438 -41.349869 -1.765494 -16.848824 -27.464340 -4.958126 -14.811739 -16.692240
-31.863916 -31.680908 19.240393 5.096490 -36.958450 -0.384953 -12.178850 -24.377432 -9.890979 -16.101513 -14.365056
-31.016546 -32.606140 17.615303 2.919445 -38.834953 2.164565 -11.767291 -26.869839 -7.730315 -16.645422 -16.135994
-36.478230 -35.722717 21.069742 3.946967 -41.351665 -0.867983 -16.150959 -27.643393 -6.284585 -15.782316 -15.895877
-49.981834 -2.657869 -6.766763 23.252827 -27.901392 -19.496601 -8.866810 -11.076159 -34.046879 -13.075785 -13.768628
-49.504875 -15.357700 0.749285 20.360737 -26.852947 -16.428654 -7.673931 -16.068336 -31.484749 -15.550604 -1.895191
-45.044350 -6.177633 -2.728564 21.963158 -29.430334 -19.173950 -13.134768 -10.333394 -28.686256 -8.380525 -10.677303
-51.202850 -10.260645 -1.843810 21.834681 -28.744753 -21.293108 -13.870364 -11.062700 -26.835201 -7.576834 -10.518391
-45.420895 -2.103285 -5.457596 22.695240 -21.673237 -17.183289 -2.525070 -17.893206 -32.533615 -20.053961 -11.904699
-43.458218 -2.528709 -4.879064 21.213715 -23.666006 -13.961836 -3.996121 -13.650709 -30.453245 -16.732716 -13.237099
-55.947529 -6.860405 -1.572947 27.302917 -31.691031 -17.062037 -7.724954 -14.761578 -35.819420 -16.155315 -14.321165
-52.888966 -8.714681 -2.592245 24.498112 -33.595989 -19.950157 -12.186441 -12.274178 -32.944469 -10.061679 -12.940918
-45.788773 0.748841 -7.167600 23.566698 -25.102617 -18.424276 -6.777295 -15.637998 -32.378674 -17.509310 -14.926828
-57.299503 -3.518523 -9.495849 24.747391 -31.413275 -24.305973 -14.330997 -8.508264 -38.791332 -11.467009 -13.100730
-47.953407 0.860575 -7.929124 23.802599 -22.883072 -21.842831 -6.339148 -14.287188 -36.003933 -18.436682 -13.964914
-46.774651 -4.785718 -3.115920 22.852585 -23.916813 -17.322670 -4.534028 -17.346611 -27.046936 -15.662905 -13.883936
-47.193642 -3.403873 -4.233103 22.578430 -24.010881 -17.783287 -5.022397 -16.059433 -27.144388 -13.990689 -14.924577
-57.444252 -5.144197 -11.027964 21.485376 -31.573320 -26.028904 -19.542833 -9.452284 -30.795450 -4.312264 -10.269578
-28.071695 -6.537990 0.694813 12.959108 -18.892639 -9.432917 -5.465633 -9.624763 -13.295977 -4.918789 -8.161392
-33.200344 -6.160394 -0.515875 15.533186 -22.642326 -11.432915 -8.113471 -9.107862 -16.863989 -4.848383 -9.796122
-41.195961 -7.700904 0.266447 18.115444 -22.964661 -13.332559 -5.585263 -14.083536 -19.664309 -8.422111 -7.962248
-40.449745 -3.273582 -2.010054 20.000065 -21.190788 -13.672299 -5.128071 -14.863007 -24.276558 -13.308121 -11.514284
-55.352516 -6.069101 -3.649848 26.327616 -33.751888 -14.662911 -8.778568 -15.837336 -34.223560 -15.262836 -13.638337
-46.367847 -6.478121 -4.245754 20.964191 -26.069721 -16.195976 -7.363433 -12.132337 -29.743034 -11.941271 -9.631356
-38.957661 -3.196885 -2.329197 18.369360 -21.741590 -11.985770 -3.199992 -12.724623 -22.995291 -10.697428 -9.994390
-46.542614 -10.297095 0.355973 21.435234 -26.834837 -17.808325 -8.408566 -12.629337 -26.757408 -9.344370 -9.456692
-28.165363 -3.431078 -1.941952 13.869983 -14.978946 -7.449270 0.214251 -10.292810 -20.713737 -12.641795 -8.529716
-22.783070 -4.251837 0.646916 12.404650 -16.392199 -7.334552 -3.284947 -8.497374 -17.684662 -9.376922 -8.914835
-20.699518 -3.218793 -1.354210 10.159435 -12.583351 -5.346926 -0.150727 -8.643918 -15.222176 -9.128628 -6.952219
-36.472885 -2.817011 -5.657899 16.321772 -20.882074 -10.867574 -3.957190 -10.787670 -22.798342 -10.615705 -9.334742
-58.683350 -13.208080 -3.394050 22.785160 -32.754612 -18.449202 -14.368233 -13.800738 -29.778475 -8.092953 -6.979891
-21.923264 -8.306688 -0.387492 7.239329 -11.693079 -7.872069 -2.826310 -9.920505 -9.822411 -5.155580 -2.582727
-23.811693 -6.206093 -1.172091 11.423532 -16.175432 -13.014778 -7.506962 -5.043195 -15.244780 -5.002121 -7.109899
-29.721735 -7.599096 -0.384396 12.953343 -17.028322 -12.079259 -4.619080 -13.619751 -14.036378 -10.320408 -8.948214
-26.358131 -3.686977 -7.461949 9.197634 -16.723444 -7.957633 -7.322013 -2.501165 -20.366648 -7.377743 -5.974891
-22.258783 -0.647068 -2.971936 11.733430 -11.340290 -8.794412 -2.018006 -9.010606 -20.625034 -14.061379 -7.227526
-46.257462 4.782258 -14.885823 20.162426 -23.642015 -24.355333 -12.197120 -6.740667 -39.391899 -14.315995 -13.728668
-52.236328 -8.046428 -3.324552 23.213202 -28.011812 -15.353975 -3.253854 -17.907940 -31.944185 -17.954895 -12.853869
-29.540026 -6.696615 -1.281960 12.178249 -18.659000 -9.051666 -4.549312 -8.524632 -14.909850 -4.631947 -7.130169
-22.253288 -6.800488 -0.896850 9.556056 -16.568817 -6.889056 -6.463109 -4.860463 -16.603720 -5.892092 -4.219790
-21.386604 -5.023555 -3.333594 9.392255 -11.086719 -9.475007 -1.375391 -11.101186 -12.630572 -9.503019 -6.470798
-17.614532 -2.703677 -5.362364 5.937817 -6.727063 -7.145268 1.755680 -9.514517 -11.090623 -8.320825 -5.785118
-28.372822 -6.631004 -2.303913 11.882174 -17.940130 -12.724109 -6.453557 -8.702502 -12.538039 -2.486543 -8.363284
-23.146791 -2.846711 -1.886242 12.070134 -12.700851 -7.497898 -0.772675 -9.479170 -19.303732 -11.964272 -6.809566
-26.922325 0.949245 -5.403772 13.853654 -13.701904 -11.589282 -2.674826 -9.750417 -19.381523 -10.792795 -9.366935
-24.986492 -6.038186 -2.362620 9.904019 -14.800805 -10.783749 -5.984946 -6.007422 -12.270679 -2.446749 -6.238041
-30.202013 -3.267685 -2.587732 15.184633 -16.439857 -13.148161 -4.737819 -11.082895 -18.046574 -9.093064 -8.266373
-24.596312 -4.015909 -2.553994 11.083320 -13.132772 -8.829993 -2.212336 -5.839822 -17.878567 -8.222730 -6.531644
-24.941126 -5.168566 -2.644685 11.426998 -17.981194 -13.170059 -9.028525 -5.349247 -17.244858 -2.971584 -5.930180
-28.513130 -1.520428 -7.166402 9.628070 -12.144217 -14.214801 -5.686258 -4.596446 -17.083662 -2.882834 -6.896900
-29.357304 -6.481914 -2.162926 13.598211 -17.282249 -13.033616 -5.125769 -13.592970 -14.807905 -9.063383 -7.977040
-24.986397 -8.390539 1.552138 10.631220 -19.891132 -4.572167 -5.160855 -7.482655 -14.779698 -5.100624 -7.552468
-25.799181 -3.342984 -5.029064 10.049137 -15.091189 -10.791773 -6.172912 -6.886633 -13.919468 -3.899666 -5.929198
-20.546608 -5.163686 -3.396461 6.969475 -9.110682 -9.361841 -2.152200 -9.391319 -8.783192 -4.434356 -3.340317
-45.537819 -6.693849 0.877405 21.388601 -26.170099 -9.557924 -1.559318 -17.600544 -27.973848 -17.571814 -13.638392
-40.650063 -4.233780 -3.662790 18.378891 -19.085649 -10.156533 0.508304 -14.793292 -27.389425 -17.408575 -10.717458
-35.813934 -4.165324 -1.508226 17.544064 -18.383581 -10.159410 -0.914818 -14.782128 -26.357218 -17.567270 -8.932552
-42.908703 -3.093629 -7.612518 17.845259 -25.099237 -15.545896 -9.187146 -11.554588 -25.464146 -9.653980 -10.325309
-60.342506 -13.560762 -5.461397 19.033848 -33.848724 -19.319607 -11.457829 -17.693220 -20.686815 -3.590227 -8.476355
-46.676647 -3.874231 -4.670260 21.130035 -25.012571 -11.485123 -1.763074 -16.112692 -31.977724 -19.681683 -12.014642
-60.411697 -12.970558 -0.282451 25.665394 -37.667553 -18.239773 -13.502038 -16.307699 -30.338089 -9.474741 -13.061196
-41.735744 0.251758 -8.100402 19.445856 -20.808681 -17.353456 -4.734356 -11.728349 -30.644400 -15.851502 -13.125805
-63.249012 -5.250122 -4.492178 30.217194 -37.191219 -13.019845 -4.071722 -20.582571 -43.695560 -25.189152 -16.416056
-55.707680 -7.520991 -0.710248 26.588396 -29.885878 -15.193521 -5.357322 -17.411253 -34.580952 -18.392628 -13.768009
-41.061096 -7.570044 -2.843811 15.483551 -25.365894 -14.794276 -9.608726 -13.400670 -13.871912 -2.846793 -11.552978
-44.229317 -9.275781 -2.253708 17.222189 -26.740881 -15.465096 -8.025968 -13.071871 -21.825071 -7.049757 -6.649494
-50.173382 -9.745808 -3.337550 19.412476 -30.179218 -17.019806 -9.402322 -14.607375 -20.223753 -3.921855 -10.797690
-35.183720 -8.733922 -2.010204 11.999277 -23.487696 -11.405485 -8.324765 -8.845684 -16.350996 -3.600585 -5.796042
-33.232662 -8.059396 -1.352646 12.650010 -18.477718 -10.357958 -1.616319 -14.896902 -17.009169 -13.663960 -7.687240
-44.511269 -6.920405 0.401847 22.110806 -25.212255 -9.813064 -3.086422 -15.144826 -28.889954 -17.737482 -12.512454
-28.416538 -5.061112 -2.782632 11.669558 -18.367363 -6.047810 -2.030113 -11.192746 -14.704590 -8.075249 -7.239170
-44.224930 -2.263880 -5.150746 20.450600 -23.471657 -11.603426 -1.702571 -15.969009 -27.990261 -17.076637 -13.870923
-44.302067 -2.750083 -7.599309 19.097445 -23.102209 -14.766688 -5.450195 -14.040970 -25.889225 -12.596001 -10.217417
-49.682487 -4.253223 -4.436618 21.890635 -26.170126 -12.049514 -0.658082 -18.085924 -30.046986 -17.897249 -14.531921
-61.291027 -11.292724 0.249938 28.563124 -36.334160 -13.592885 -7.589446 -15.838876 -38.835896 -18.223022 -12.712082
-48.268093 -6.339024 -2.700951 21.845316 -30.682161 -13.693439 -7.912328 -13.696306 -26.314875 -10.143458 -13.835878
-56.149338 -4.398234 -5.108161 27.878653 -29.948141 -15.049661 0.102656 -22.322544 -44.394012 -30.618395 -14.429284
-56.894939 -5.284471 -11.857862 21.468517 -28.388540 -19.721432 -9.837321 -14.639397 -34.460384 -13.966824 -7.536096
-43.880077 -4.498212 -3.906868 19.309612 -26.151897 -11.511199 -5.845155 -14.259194 -23.780590 -11.044100 -11.196596
-53.287579 -1.839743 -6.996109 24.793095 -28.036144 -15.477927 -2.308249 -16.876268 -37.362717 -20.516325 -15.546681
-57.786263 -5.440482 -8.544760 24.034733 -29.089197 -18.062124 -6.202562 -16.646208 -37.919762 -18.878897 -10.018091
-42.211391 -9.252795 2.427622 19.453098 -27.953873 -9.042634 -6.070030 -15.350944 -22.364643 -12.349191 -11.793427
-51.596214 0.321774 -12.012869 22.173239 -26.226812 -18.410578 -5.506517 -13.661351 -35.009506 -16.435474 -14.106080
-40.714088 -4.921227 -1.969608 18.825634 -22.566509 -12.502968 -2.480660 -16.340361 -23.225546 -14.612575 -12.477168
-46.877605 -4.926277 -2.759084 21.341345 -26.047276 -12.721948 -5.427495 -13.666547 -26.322163 -12.891187 -12.646399
-35.941780 -2.008849 -6.327508 16.007645 -21.099024 -13.051313 -5.967376 -10.613616 -23.015701 -10.272654 -8.233003
-43.811558 -5.850778 -3.044762 18.881018 -19.351757 -12.092639 -0.259086 -15.014609 -27.332552 -15.834214 -11.046865
-65.114212 -5.006398 -3.979007 32.493652 -39.803619 -16.073565 -8.627043 -17.390429 -44.570137 -21.090117 -18.757322
-63.913948 -11.155079 0.275267 28.706490 -36.018955 -14.647584 -6.113330 -20.662102 -35.669418 -17.770546 -12.615914
-52.761745 -7.893832 -0.139941 23.688532 -27.416552 -12.231586 -2.607177 -17.007528 -34.319077 -20.533110 -10.652886
-39.668568 -11.289601 1.189412 15.782693 -24.224976 -7.627131 -4.429338 -14.149477 -21.508387 -11.176139 -3.634610
-40.892441 1.752704 -9.998152 18.928524 -18.507376 -16.923492 -3.429794 -10.561854 -32.142570 -16.395063 -10.543833
-43.373962 -3.419555 -3.338207 22.771210 -25.373671 -16.252863 -7.031394 -13.453278 -31.671112 -16.885553 -12.040526
-33.812454 -7.997405 1.420826 15.721586 -19.503511 -6.550604 0.069535 -14.927424 -22.186163 -15.949621 -8.942875
-54.747704 -10.192560 -6.642918 18.712811 -29.709915 -15.952281 -10.806160 -13.577462 -20.148941 -3.889791 -8.340753
-59.268333 -11.537416 -2.205569 23.431183 -36.047245 -20.030226 -11.574705 -19.768078 -22.054903 -5.138539 -13.279400
-61.707146 -11.209236 -0.286217 27.702776 -40.630970 -16.671333 -11.792526 -19.420282 -34.590122 -16.015400 -13.246869
-67.465607 -12.605210 -1.529577 29.356052 -39.281517 -14.234985 -4.937518 -23.231590 -37.127129 -19.993231 -13.120913
-54.194187 -10.737054 -0.951954 23.147455 -33.638054 -15.492548 -7.619617 -16.383329 -26.446257 -9.114731 -12.702162
-45.276150 -6.966270 -2.423047 19.735403 -24.278486 -8.164624 0.736114 -18.344715 -31.846106 -22.276447 -11.924213
-53.519199 -8.663180 -0.272147 23.810349 -29.960489 -8.336979 -3.247789 -16.695244 -36.135555 -21.109152 -11.618882
-42.656559 -4.097605 -7.213323 17.604223 -18.680273 -12.069107 -1.504527 -13.880086 -28.694654 -17.503523 -7.993975
-44.027401 -7.840574 -2.328236 17.538187 -25.296089 -15.164232 -6.849737 -17.343409 -15.981514 -6.508780 -8.910293
-44.439739 -7.118373 -4.314949 17.514397 -23.435907 -6.358737 2.050718 -19.404396 -28.289167 -21.805901 -11.872936
-11.962593 -1.969251 -17.193888 -3.936446 -7.531996 -13.729993 -13.016103 6.031793 -17.809206 -2.355525 -4.702086
-14.466324 -5.069896 -19.984392 -6.580241 -9.747367 -17.209106 -17.559309 10.810540 -19.816540 1.334214 -5.678368
-5.187292 -2.982241 -10.784591 -3.098838 -6.438390 -8.792495 -10.761677 5.862239 -11.116045 -0.133857 -3.290757
-16.887697 -3.751236 -22.603415 -6.309921 -7.667202 -20.960442 -18.412077 10.643178 -22.888033 0.940280 -1.791077
-18.672749 -1.457586 -29.123508 -7.045808 -11.729689 -20.637583 -20.789242 11.343682 -29.089901 -3.466387 -6.409383
-14.864361 -6.882408 -19.769440 -6.600501 -10.934697 -14.302549 -17.131376 10.188931 -19.487995 0.383715 -4.042372
-16.953388 -5.373559 -24.922489 -6.726698 -14.660728 -17.159567 -20.425451 11.073160 -25.181587 -2.157211 -6.080748
-17.757170 -3.926073 -22.983957 -6.227740 -12.231671 -17.498999 -18.542664 9.885642 -22.934689 0.017965 -5.918928
-7.584156 -5.191834 -12.432296 -4.508927 -8.107234 -8.086936 -11.251219 5.211918 -12.241618 -1.151857 -3.724904
-5.472194 -0.982906 -10.813492 -1.751847 -5.351675 -9.342932 -9.808518 5.286102 -13.032016 -2.071825 -3.855572
-4.398611 -1.811026 -10.955985 -3.064541 -5.464162 -8.395994 -10.009772 5.754301 -11.494430 -1.179682 -3.434921
-9.778148 -1.673029 -14.671478 -3.154825 -6.476239 -12.991823 -12.646958 7.122346 -15.183604 -0.228984 -3.576592
-9.461157 -1.639038 -13.092014 -1.519385 -7.740859 -12.152574 -13.166393 6.063346 -15.773509 -1.397828 -4.741284
-9.584921 -3.722801 -16.445549 -6.453744 -6.186577 -11.331581 -12.935436 6.758707 -15.290230 -1.533064 -4.382087
-6.295739 -2.437637 -11.628053 -3.001680 -6.216516 -9.263149 -9.853282 5.896594 -12.021505 -0.570139 -3.455618
-15.156262 -2.158478 -16.165720 -3.440813 -7.604999 -15.046472 -12.853724 6.513470 -17.262304 0.246464 -8.086894
-7.106651 -2.322073 -13.512662 -3.649301 -6.646041 -11.919798 -13.020864 7.332825 -14.441916 -0.233365 -4.080417
-6.245610 -0.981711 -11.742572 -2.704478 -6.058400 -10.351828 -10.587288 5.644027 -12.461644 -0.227244 -4.379462
-10.307536 -2.835694 -17.563492 -6.359983 -5.416730 -12.756737 -12.327702 7.539219 -16.913057 -1.528646 -3.403691
-12.517985 -4.158741 -18.023588 -4.852543 -8.405201 -14.135933 -14.667506 8.669486 -18.833370 -1.230970 -2.985484
-8.786739 -1.397626 -14.140113 -3.106489 -6.216780 -13.238120 -13.412138 7.207267 -16.215620 -1.136225 -4.626622
-4.586499 1.290515 -13.046146 -1.746771 -4.416577 -10.698368 -9.839329 5.102570 -15.782332 -4.842301 -5.451710
-9.853992 -1.630439 -15.318744 -3.435487 -8.185454 -12.479033 -13.517587 7.330450 -16.063568 -0.211695 -5.048346
-10.974262 -3.045426 -17.590075 -5.673628 -6.113945 -15.169510 -14.785232 9.117178 -18.065786 -0.137510 -2.638469
-15.007789 -4.731261 -21.726849 -7.699376 -8.491132 -15.431002 -16.098783 10.173011 -20.063688 -0.431327 -3.781591
-12.447766 -4.850306 -17.689358 -5.733780 -8.201404 -16.550106 -18.812450 9.708743 -19.279781 1.036857 -3.617989
-16.905384 -4.103224 -28.530983 -10.592344 1.800998 -24.802296 -15.538955 8.668904 -28.454836 -7.024004 0.944391
-12.332090 -0.837207 -16.197357 -4.750863 -3.835664 -16.064194 -12.171804 7.197072 -15.727566 1.105011 -4.677695
-14.309546 -0.127867 -19.878464 -5.377910 -5.668475 -16.030161 -15.090968 6.920197 -18.121830 -0.868122 -2.393338
-12.280926 -4.062451 -19.561010 -8.426013 -4.513616 -18.262123 -15.966962 9.995626 -18.842937 0.367328 -6.400415
-14.010819 -3.029796 -28.186081 -10.484347 -6.553500 -19.424234 -18.884104 11.929585 -25.735121 -3.379480 -3.870595
-6.732316 -1.726854 -13.429013 -4.351521 -2.980866 -10.932256 -10.225585 6.078192 -13.142420 -1.510625 -2.116811
-14.369836 -2.130965 -20.303576 -6.754212 -4.371014 -16.358253 -13.079733 8.459382 -18.633261 -0.687236 -1.861008
-13.702528 -2.139713 -23.283266 -7.384589 -7.068089 -19.926069 -18.565363 11.824668 -24.144688 -0.836250 -4.375051
-10.040030 -3.696985 -17.405584 -8.054266 -2.878251 -15.092031 -12.969402 8.319581 -15.815171 -0.313273 -5.375728
-8.975445 -0.234439 -16.029440 -4.811018 -3.503485 -14.453881 -11.906659 7.207849 -16.604952 -2.137001 -5.344820
-20.842228 -4.025930 -25.555674 -9.416523 -2.234519 -23.799189 -15.834591 10.109920 -23.343138 0.142447 -1.984758
-10.484599 -2.816868 -17.704016 -7.175510 -0.307005 -17.694323 -11.925448 7.647430 -17.019114 -1.191436 -3.808892
-13.084083 -5.309937 -18.083988 -6.964862 -4.812349 -18.744564 -16.218105 9.884632 -18.709049 1.120225 -4.364923
-15.951029 -5.262193 -23.402378 -9.022042 -7.874432 -17.741280 -18.092834 10.913459 -20.651829 0.995029 -3.204134
-15.245185 -4.450296 -22.965096 -8.441417 -6.185245 -19.116518 -18.167988 11.123635 -22.621969 -0.028446 -1.033858
-12.069276 -2.021181 -20.254610 -5.748919 -8.667446 -13.735474 -15.096380 8.910965 -20.442883 -2.464387 -4.049660
-8.128579 -3.705561 -16.920364 -7.126138 -5.209365 -11.006480 -11.626822 6.493337 -15.564240 -2.366363 -3.501247
-11.727947 -2.902576 -20.453718 -7.432113 -6.979209 -13.411292 -14.225871 7.681575 -18.714893 -2.310998 -4.102103
-16.796682 -1.466044 -23.049456 -6.888177 -6.956370 -19.508410 -16.811438 10.536614 -22.944761 0.091392 -3.324864
-6.725973 -0.566333 -11.775249 -3.246354 -2.535549 -12.607389 -10.109135 4.897938 -12.401585 -0.517865 -3.057130
-14.971621 -3.093287 -20.658445 -4.866099 -7.003383 -19.042351 -18.163422 9.692414 -22.810413 -1.355530 -4.381035
-10.321744 -1.290407 -17.241388 -5.067665 -4.493263 -16.088898 -13.444978 8.305503 -17.588648 -0.660794 -3.708592
-12.286652 -2.279201 -19.544712 -7.912593 -2.935232 -15.877815 -13.430278 8.616264 -18.180122 -1.329103 -3.916956
-13.385858 -3.954577 -20.092861 -5.731741 -8.385806 -18.132126 -18.261873 10.646230 -20.956636 0.601010 -3.821843
-13.863380 -3.286640 -21.652969 -7.070009 -8.816442 -18.366690 -19.826361 11.727119 -22.713362 0.531193 -4.740528
-13.029187 -1.764939 -21.588717 -6.671578 -8.534241 -18.098333 -17.223122 10.974194 -22.114893 -0.788666 -7.655846
-13.823278 -4.157466 -21.021149 -7.380054 -6.266745 -14.256646 -14.397357 8.947123 -19.793798 -2.162868 -1.186960
-9.943582 -2.151129 -18.958202 -6.354041 -7.677433 -15.429313 -16.147182 9.932357 -19.307695 -1.101706 -6.419361
-13.753158 -3.599323 -24.751595 -9.476906 -9.432487 -18.185675 -20.397005 12.234224 -24.258083 -0.631916 -5.651004
-12.260428 -1.944019 -23.501738 -8.086830 -9.015598 -17.083611 -18.605347 11.080691 -23.409939 -1.768860 -5.885068
-13.100669 -1.057549 -23.357346 -8.857594 -3.877890 -18.678480 -16.035152 10.544856 -22.455088 -2.490670 -4.759478
-13.332761 -0.016416 -23.357225 -7.310490 -5.805514 -19.678869 -17.321249 11.248148 -23.383913 -1.807358 -6.717113
-16.503725 -2.267142 -24.150286 -7.494137 -7.963973 -21.473288 -20.978973 12.756535 -24.969675 0.300610 -6.143629
-16.331972 -1.625065 -26.396656 -9.517969 -5.582475 -19.723763 -17.290859 10.938416 -24.531736 -2.212600 -4.836576
-13.687851 -3.175524 -23.218220 -9.299065 -5.793878 -18.426451 -17.526968 11.717622 -22.074089 -0.785359 -5.008373
-12.506639 -2.879767 -22.159571 -8.927293 -5.661952 -17.475952 -16.954346 10.950091 -21.062380 -1.215022 -4.746745
-14.156115 0.579551 -22.085506 -7.430273 -1.551939 -17.868494 -12.481342 8.153576 -20.659904 -3.523906 -3.307936
-9.984114 -0.569182 -19.336760 -6.640860 -3.222679 -17.387436 -14.221263 9.458908 -19.567444 -1.773926 -5.132073
-12.846038 -2.717021 -19.527081 -5.914514 -8.220881 -16.830805 -16.866653 10.225413 -19.555462 0.966689 -5.060291
-15.009795 -6.052448 -21.361361 -8.998069 -8.175761 -19.207872 -18.871092 12.221123 -20.695007 2.290371 -5.903637
-12.790167 -2.396461 -22.320084 -8.545693 -6.536348 -16.815992 -16.790764 10.675096 -21.577307 -1.149216 -4.291889
-11.661860 -1.387126 -21.074879 -8.124056 -3.114377 -16.503595 -13.732769 9.091489 -19.614651 -2.486855 -4.637309
-3.944772 0.035080 -11.876413 -3.335520 -3.250785 -9.307358 -9.209157 5.216374 -12.212098 -2.352888 -3.321194
-6.439932 -0.031440 -14.882646 -4.136712 -6.353812 -12.301375 -11.813822 6.712708 -16.044302 -2.461393 -7.329631
-7.983615 -3.880709 -16.966259 -6.324008 -8.774703 -12.724319 -15.678346 9.012685 -16.692764 -0.410812 -5.450646
-10.869286 -2.653528 -18.061285 -5.475235 -9.432878 -14.546438 -15.615567 9.105594 -18.727470 -0.511513 -7.324743
-18.220850 -2.438802 -29.363581 -10.734615 -5.352768 -22.074480 -18.786310 11.593502 -26.944950 -2.837547 -1.956026
-8.325410 -1.633596 -17.016253 -5.855856 -6.834512 -14.357964 -14.197217 8.908375 -17.624138 -1.105489 -6.088271
-8.526433 -2.773803 -17.558151 -6.844249 -6.637040 -14.057302 -14.800767 8.966789 -17.378897 -0.991641 -5.775643
-9.421446 -1.417760 -16.871857 -5.805512 -5.633093 -15.750720 -14.204834 8.783092 -17.161127 0.410414 -5.942962
-10.808707 -0.919141 -19.584036 -6.341679 -6.099553 -17.031782 -15.184682 9.707146 -19.868811 -1.143345 -6.592796
-12.633613 -4.448951 -19.525743 -7.254515 -7.178563 -18.886496 -18.140406 11.009138 -20.180367 1.394786 -4.821753
-10.428892 -1.405903 -18.905993 -6.779615 -5.528429 -16.279919 -14.791597 9.243483 -19.021778 -1.044874 -5.606167
-11.612885 0.411141 -20.284943 -6.098455 -4.811594 -17.247511 -13.937746 9.187646 -20.425032 -2.142440 -6.488422
-13.206978 -1.173283 -18.192377 -4.920475 -6.565389 -18.452385 -14.331162 8.888391 -19.033504 0.274393 -8.473236
-12.994103 -0.348806 -21.232077 -7.396349 -2.718509 -17.129007 -13.066228 8.278555 -20.170527 -2.332187 -3.888275
-10.319534 -0.315613 -20.665894 -7.578287 -3.343248 -16.340618 -14.142280 9.486368 -19.928572 -2.629387 -5.414737
-14.173606 -3.377494 -21.431005 -7.243762 -8.825053 -20.219744 -19.317146 12.074739 -22.082249 1.583865 -7.263126
-11.768238 -0.596643 -20.593077 -6.934128 -3.742283 -18.526281 -15.607301 9.874728 -20.552227 -1.282933 -5.098722
-8.849627 1.736079 -16.625015 -2.913193 -7.026477 -15.853666 -12.870370 7.220039 -18.413517 -1.898074 -8.502319
-10.529085 -1.594240 -18.797117 -6.069782 -5.288261 -17.203930 -15.406540 9.961873 -19.497690 -0.587028 -5.482462
-12.218332 0.536126 -20.601753 -6.128164 -3.979960 -18.091276 -14.826347 9.337936 -20.256676 -1.414831 -5.801185
-9.226505 -0.290536 -17.933094 -5.383563 -5.961527 -15.650071 -14.220147 9.037471 -18.647991 -1.148553 -6.073536
-10.642163 -0.349779 -19.188421 -6.481770 -3.954412 -16.339546 -13.453148 8.699739 -18.674999 -1.882944 -6.256192
-10.346016 2.013236 -18.838381 -5.234069 -2.849687 -16.818130 -12.915687 7.593049 -18.579500 -1.916518 -5.359602
-12.438028 -0.202598 -17.808033 -4.689557 -6.943158 -16.432915 -13.733180 8.370051 -17.941607 0.419697 -6.707220
-12.863137 -3.165631 -19.296099 -6.579676 -6.663226 -18.397945 -15.989463 10.560150 -19.660564 0.833120 -6.515231
-8.627971 0.836940 -15.310273 -3.142150 -4.549313 -15.549776 -13.219299 7.013370 -17.127789 -1.540758 -6.369534
-12.353230 -1.041125 -21.226692 -7.410000 -5.168188 -16.731276 -14.960445 9.671786 -20.153175 -1.459278 -5.074203
-9.417541 -3.747077 -18.749882 -7.123251 -9.395074 -13.510776 -16.465191 9.347152 -19.316072 -1.428828 -6.505378
-11.664148 -2.129004 -19.283606 -7.529291 -2.546249 -17.516396 -13.570970 9.309782 -18.713530 -1.052235 -5.700656
-11.333083 -0.520990 -19.483082 -6.759151 -1.869809 -17.672625 -11.990011 8.518973 -18.889603 -2.713304 -7.409824
-6.284443 -0.590054 -14.494829 -5.103983 -0.450923 -12.865982 -9.465706 5.782972 -13.921837 -2.604838 -2.487414
-12.405009 -0.967357 -21.273676 -7.989739 -3.244430 -16.948421 -14.317604 9.180734 -19.775246 -1.967213 -4.456847
-3.120466 -11.266400 -3.052945 -5.457435 -8.406925 -3.394231 -5.906834 -7.922642 4.810577 -1.354749 -2.193263
-7.984425 -18.075527 0.154396 -6.781571 -15.069743 -6.221007 -11.318133 -12.750243 8.803256 -1.216222 -4.278103
-8.466963 -18.339642 0.021850 -6.884251 -15.152632 -6.228603 -11.376873 -12.807566 8.926283 -0.924785 -4.120681
-19.100464 -31.626791 -1.420823 -11.928801 -24.148972 -10.620176 -17.296978 -20.449476 13.462390 -0.547958 -2.056598
-20.844244 -34.464108 -1.108545 -12.260780 -27.321718 -11.423646 -19.334991 -23.331102 15.678048 -0.742601 -5.315202
-14.153998 -25.445839 -0.690015 -8.949980 -18.382942 -8.009091 -12.816095 -15.673708 9.564726 -1.064403 -1.489730
-15.672900 -27.224257 0.205990 -10.145898 -22.295279 -8.825207 -15.631985 -18.332439 12.205605 -0.748373 -4.927253
-12.999629 -24.313679 -0.525103 -9.047601 -18.322100 -7.955706 -12.895531 -15.958449 9.876127 -1.165698 -2.618677
-16.821333 -29.084797 0.518211 -10.683248 -23.951830 -8.121834 -16.677378 -20.249098 13.811923 -0.864722 -5.984524
-15.188911 -25.588072 1.162855 -8.791758 -22.054918 -6.345599 -14.401548 -18.394783 11.736687 -1.292999 -5.964352
-11.574512 -21.240225 0.566047 -6.926061 -18.108042 -5.921911 -12.984445 -14.857894 9.647981 -1.015003 -5.883469
-14.396739 -23.474222 2.031381 -7.479546 -21.277910 -7.677828 -13.971482 -17.394596 11.036002 -1.243157 -5.589128
-14.578219 -25.414646 -0.474877 -9.216863 -20.478790 -8.117726 -15.313241 -17.587315 11.909937 -0.603533 -5.257449
-12.607509 -23.970474 -0.566449 -8.965409 -18.783854 -9.394783 -14.015694 -17.656797 11.720426 -0.884368 -3.601285
-12.042582 -21.338556 0.949295 -7.062050 -18.395443 -7.168767 -11.848250 -15.555116 9.639467 -1.363587 -4.412277
-17.048450 -28.312286 0.804853 -10.735343 -23.904186 -5.711745 -14.716335 -19.564648 12.810740 -1.537467 -5.307493
-10.405241 -20.355146 0.831781 -7.429704 -17.240095 -5.424363 -12.371163 -14.181065 8.953181 -1.166566 -4.605149
-7.693415 -16.680815 0.498104 -5.420787 -14.169029 -4.846106 -10.488953 -11.578289 7.336762 -1.402281 -4.838233
-7.039567 -16.747206 -0.870296 -7.020291 -13.202587 -5.686924 -10.066673 -11.473265 8.158747 -0.832911 -2.986149
-9.557902 -18.758224 -0.037828 -6.384877 -15.381449 -6.413429 -12.203677 -12.522669 8.248031 -0.576784 -4.818891
-19.351503 -32.826946 0.493649 -12.657371 -27.043015 -9.997225 -18.938557 -22.893705 15.580823 -0.811122 -4.659604
-19.898624 -32.819847 -0.966406 -12.977059 -26.153278 -10.969471 -18.245060 -22.719727 15.629601 -0.715069 -4.188469
-14.111465 -25.823509 -0.462183 -10.266880 -20.768755 -7.706459 -15.241503 -16.403957 11.557244 -0.540336 -4.736541
-9.909185 -17.905119 1.279485 -5.421342 -15.551983 -5.925181 -10.263439 -12.771807 7.366412 -1.094582 -3.828830
-13.358239 -22.981625 -0.432132 -8.339240 -18.292305 -8.430461 -12.778790 -16.308216 10.845981 -0.901099 -2.996877
-17.955173 -30.604759 -0.402462 -11.900118 -24.044493 -7.912769 -15.782803 -21.377045 13.901501 -1.553431 -2.374088
-20.901163 -34.843655 -2.063162 -14.078443 -27.560694 -12.778827 -19.777609 -24.351971 17.111910 -0.093567 -3.912861
-14.986752 -27.096981 0.553846 -10.030761 -22.083626 -8.529637 -16.007580 -17.784906 12.098888 -0.593344 -4.928490
-16.095938 -26.952284 -0.340959 -9.680992 -22.017778 -6.398528 -13.575381 -19.179514 12.112394 -1.354768 -3.362643
-16.698484 -28.421228 -1.264682 -11.161650 -23.354946 -8.044539 -16.266212 -20.036057 13.849837 -0.608939 -3.689148
-10.262314 -21.147383 1.187404 -6.657987 -17.547754 -7.614956 -13.884724 -14.229666 8.760456 -1.138573 -5.251416
-11.862219 -22.755648 -0.045964 -8.762013 -18.265188 -5.245848 -12.415707 -15.441321 10.157048 -1.600034 -3.606218
-12.190515 -22.860649 0.699985 -8.280204 -18.801538 -6.376128 -13.012804 -15.952106 10.565844 -1.087950 -3.651651
-12.023343 -22.005993 0.344513 -7.431854 -17.980478 -7.969253 -12.810515 -15.964076 10.242033 -1.059962 -3.796508
-10.759936 -17.427355 1.556592 -4.477674 -15.676972 -7.807283 -9.702606 -13.433805 6.531070 -1.498768 -4.214705
-13.943277 -24.919674 0.387892 -8.759964 -21.157566 -9.234152 -15.715695 -18.050030 12.143493 -0.481760 -4.715172
-14.888199 -23.255493 -1.471438 -8.163473 -19.535498 -9.234260 -13.912260 -16.174871 11.106702 0.344572 -3.203887
-15.924940 -27.222279 0.105557 -9.775004 -22.250975 -7.522447 -14.660544 -19.140093 12.674272 -1.241910 -4.267002
-13.394630 -23.152050 2.081449 -7.492757 -20.590273 -6.225782 -13.871159 -16.977385 10.504334 -1.498958 -5.513040
-14.323473 -25.350435 0.109129 -8.995009 -20.868380 -9.267504 -15.100433 -18.709684 12.772853 -0.850823 -4.854615
-14.851750 -26.911840 0.750475 -9.564309 -21.952929 -8.705501 -15.822552 -18.692503 12.511395 -1.040683 -4.572007
-11.888282 -23.032505 0.984627 -8.270578 -19.366875 -7.774524 -13.830459 -16.126072 10.683291 -1.206123 -5.038049
-9.015905 -18.816635 0.383816 -5.720136 -14.775928 -6.875963 -11.139067 -12.256664 7.310089 -1.121024 -3.970594
-12.557672 -22.131384 -1.389619 -8.729588 -17.555862 -6.628067 -11.735477 -16.278782 10.683905 -1.241936 -3.460898
-13.503119 -25.166746 -0.054133 -9.156773 -20.211327 -9.397626 -14.897587 -18.128830 12.421985 -0.890763 -4.048308
-14.759943 -26.565208 -0.338649 -9.955427 -21.629742 -7.762656 -15.400047 -19.060888 12.919688 -0.961134 -5.077050
-10.753289 -20.669256 0.586958 -7.159461 -17.089365 -5.820601 -12.935420 -12.816227 8.515924 -0.744762 -4.437109
-11.954897 -22.910183 1.694193 -7.800315 -19.288061 -7.477499 -14.035654 -16.108345 10.455303 -1.383800 -5.245705
-12.233310 -23.250814 0.239250 -8.164842 -18.439360 -7.996084 -13.550887 -16.138550 10.173872 -1.142462 -3.675100
-13.932657 -23.129225 1.088184 -7.971421 -20.402191 -7.702085 -13.801999 -17.281872 11.338039 -0.936564 -5.050269
-14.759403 -24.306463 -0.932959 -8.764642 -19.215355 -4.720434 -13.209294 -14.749185 10.161290 -0.637671 -3.546479
-21.866333 -35.088745 1.745705 -11.966034 -28.961809 -11.131844 -19.414652 -24.558929 14.779309 -1.494986 -4.558953
-2.806132 -9.420748 -0.887552 -3.299868 -7.819996 -3.585099 -5.798687 -5.659277 3.250883 -0.448519 -2.415040
-6.593919 -14.338272 0.681031 -4.910212 -12.965432 -3.691786 -8.491836 -10.950107 6.433449 -1.566613 -4.275759
-20.254408 -31.657675 -3.663318 -12.659199 -24.662071 -8.356427 -16.451765 -22.269455 15.664604 -0.239316 -3.897579
-11.472898 -22.697538 -0.474917 -8.751898 -18.808031 -8.293837 -14.073911 -16.374369 11.642229 -0.729389 -5.226578
-15.595906 -22.990253 0.427449 -8.016903 -20.994242 -2.621352 -10.789313 -16.380259 9.228103 -2.513386 -3.716524
-19.333181 -31.425188 -2.110198 -12.184689 -23.942926 -9.585789 -16.648804 -20.925390 14.798372 -0.186543 -4.131377
-20.377573 -26.202244 0.326243 -8.243287 -21.943443 -3.201988 -10.212459 -16.042942 6.934834 -4.686936 -2.732952
-15.353225 -22.591410 0.141718 -7.313490 -19.855806 -5.553246 -11.848993 -15.727299 9.249556 -1.067277 -4.040492
-15.685555 -24.008907 -2.673081 -8.359639 -18.528423 -7.440468 -14.358274 -13.757273 9.516676 1.195017 -2.502352
-12.281738 -21.182821 -0.694062 -7.751188 -17.400164 -8.065651 -13.064161 -15.252696 10.650435 -0.171050 -2.764933
-15.745237 -23.130840 -1.359558 -8.598673 -20.485090 -5.357017 -11.403790 -17.563948 11.201786 -1.685685 -3.548198
-11.406040 -21.607183 -0.977631 -8.201157 -17.820055 -6.713562 -13.154356 -15.428761 10.648379 -0.538762 -4.517277
-19.327131 -30.850401 -2.512651 -11.112657 -23.205160 -10.995187 -17.943474 -18.628323 13.058810 0.746584 -2.266255
-21.598936 -34.247734 -1.139622 -12.299344 -26.734646 -9.430906 -18.742819 -21.889688 15.498649 0.222266 -2.647683
-16.161617 -28.737841 -0.272731 -10.881687 -23.256857 -7.395268 -16.582594 -19.589111 13.576131 -1.209908 -4.954494
-20.484421 -31.900551 -0.404939 -11.463289 -25.837616 -11.259777 -17.872404 -20.940046 13.913190 -0.254435 -2.903778
-12.856547 -21.932903 -1.386175 -8.280110 -17.585861 -6.445146 -11.014206 -15.795617 10.382752 -1.006492 -2.744359
-17.971539 -30.583740 -0.353453 -11.269110 -25.324594 -8.154726 -17.649801 -21.388336 15.000243 -0.801293 -4.925768
-24.145321 -29.323280 -1.218792 -8.329746 -26.594038 -10.656758 -15.917643 -23.298594 13.036939 0.038546 -7.562808
-14.238443 -19.605982 -2.578048 -7.368912 -15.823699 -6.920382 -9.082117 -15.010718 8.967722 -0.978261 -0.903925
-5.180737 -12.635211 -1.316673 -5.321554 -10.210752 -3.911098 -6.879507 -9.146074 6.227947 -1.341134 -2.300878
-11.845734 -21.609568 -0.403971 -8.149754 -18.092743 -5.581758 -11.768066 -15.435384 10.694527 -1.232657 -4.027207
-13.667130 -22.503719 -0.122795 -7.305480 -18.109634 -5.661222 -13.095728 -13.032436 8.624591 -0.083198 -3.056873
-19.042358 -30.690292 -1.046034 -12.472511 -24.944733 -7.811490 -16.044744 -20.468571 13.554060 -1.384104 -3.058641
-14.206093 -23.115131 -1.789181 -9.172176 -19.435291 -3.913685 -11.399747 -16.130594 10.991398 -0.895596 -3.145278
-18.727968 -29.787647 0.181054 -10.470957 -25.003538 -7.284378 -15.382191 -19.425417 12.695492 -0.705904 -3.717018
-17.009094 -28.453604 -0.613510 -10.555668 -22.798864 -6.967213 -15.412201 -19.458876 13.348348 -0.629647 -3.082277
-15.286951 -25.604591 -3.444301 -10.105283 -19.196215 -7.288524 -12.897671 -16.672974 11.521770 0.134909 -0.501121
-14.319872 -26.464243 -1.281284 -10.680703 -20.552849 -6.508467 -14.349244 -17.651709 12.416270 -1.185991 -3.100695
-14.966537 -25.429758 -1.361933 -9.336333 -19.301338 -5.442652 -13.238074 -15.481292 10.666993 -0.873621 -2.152160
-7.908463 -18.064697 -2.660261 -8.302951 -14.160778 -3.731341 -10.323137 -11.924381 8.652369 -1.046522 -3.604640
-14.877643 -22.474489 -1.595625 -7.748852 -18.130276 -6.975989 -11.982918 -15.420378 10.274136 -0.370237 -2.123304
-8.376822 -15.129219 -0.135729 -5.570455 -13.566255 -4.426258 -7.891051 -10.564217 5.645154 -1.688169 -2.721993
-20.739849 -34.139854 -0.099253 -12.427797 -26.624054 -12.326989 -18.473568 -22.778751 14.133994 -1.395790 -3.055668
-19.947620 -31.553234 -0.330461 -11.479233 -24.899366 -10.661135 -17.561247 -20.725946 14.253509 -0.521825 -3.082113
-21.415077 -32.694759 1.076806 -11.231880 -26.292477 -8.793625 -16.683060 -21.644491 12.088884 -1.830684 -2.783005
-27.165081 -38.722858 0.120783 -14.062321 -31.721458 -10.174233 -18.755705 -27.684166 15.769254 -3.617673 -1.758271
-23.001909 -28.327106 -3.261219 -9.422994 -25.183130 -10.702066 -17.671782 -18.664709 11.819899 2.474138 -6.425446
-11.329844 -21.885330 -0.624305 -8.003692 -16.460264 -6.088310 -11.445119 -13.179569 8.386669 -0.770246 -0.835693
-16.432804 -28.411623 -2.878366 -11.348959 -21.110605 -9.891355 -15.712088 -17.406555 12.321707 0.490837 -2.337459
-12.012010 -21.029173 -0.085133 -7.657264 -17.697735 -6.673572 -12.263903 -14.616333 9.727172 -0.496513 -3.103201
-18.384933 -28.696253 -1.099253 -10.158906 -22.517790 -10.026341 -16.341425 -17.597111 11.837687 0.357860 -4.311548
-21.101274 -33.897888 -2.059224 -13.832588 -25.731134 -8.855227 -17.032644 -22.856503 15.319190 -1.460511 -1.638375
-6.019365 -14.295928 -1.615097 -6.014134 -11.710081 -4.044188 -7.013462 -9.765578 5.927883 -1.079277 -2.650989
-25.578615 -39.930527 -3.341811 -14.681907 -31.135509 -14.768453 -21.332340 -26.200045 17.013224 0.705983 -2.081249
-27.259808 -32.502216 -2.708231 -10.026703 -29.793242 -14.761112 -21.462442 -24.221603 15.363250 3.108667 -9.435719
-23.237574 -29.647209 -0.486036 -9.800706 -26.946341 -8.331266 -17.059935 -23.002329 13.448584 -0.228642 -6.600828
-8.072803 -15.430030 2.534601 -3.910264 -14.711956 -5.640694 -9.542727 -11.161152 5.370186 -1.767738 -4.582322
-28.196514 -21.023056 -9.628342 -3.190596 -23.424896 -18.822824 -22.081100 -4.515926 -0.431073 13.378801 -1.840570
-23.105148 -13.957224 -9.709869 -1.190803 -18.708218 -16.106955 -18.361629 -1.004093 -5.843561 9.398042 -2.111286
-24.344336 -20.714212 -10.103374 -5.042624 -18.232826 -15.483963 -16.186893 -7.187426 1.437799 9.198701 2.232568
-28.972595 -17.726185 -12.200165 -2.497373 -21.983633 -18.784744 -20.184010 -3.791629 -7.306332 8.456280 0.964429
-27.536827 -21.324718 -8.802209 -1.954582 -21.682537 -18.042519 -20.614752 0.284805 -7.617430 10.173403 -1.356131
-23.960352 -16.970440 -9.581252 -2.392204 -17.368004 -16.391598 -17.762516 -2.234642 -5.485287 8.320288 2.009140
-31.344439 -23.242378 -12.479282 -4.612206 -25.710176 -20.548960 -24.064041 -2.979521 -4.207214 12.317702 0.951352
-32.109543 -25.443882 -5.813112 -0.870792 -26.064888 -20.263731 -22.717279 -8.471632 -0.084450 11.127056 0.573719
-28.470264 -19.336529 -12.887383 -3.570014 -18.560698 -21.478329 -20.932528 -5.111520 -5.489613 10.379660 2.841561
-37.804794 -16.598463 -27.546944 -7.648131 -20.354834 -24.085546 -24.899164 -3.520651 -12.788242 9.627065 4.087818
-28.680208 -17.050632 -17.015011 -5.265613 -22.265518 -19.945351 -23.967670 2.828783 -11.579466 11.117371 -1.093096
-30.031565 -21.294861 -11.052412 -3.535405 -19.628008 -18.701952 -17.033714 -8.589948 -0.243652 10.489707 -0.524376
-31.075260 -22.051056 -9.769208 -1.637355 -22.986893 -21.339355 -22.706327 -3.020766 -4.742717 12.561484 -0.207240
-26.517090 -12.043502 -5.760715 4.287597 -19.864691 -14.692880 -13.343891 -3.399616 -8.190009 6.165689 -3.340445
-19.313496 -14.348140 -8.957259 -2.789825 -14.275982 -12.707795 -13.810485 -3.250197 -1.015898 8.146297 -0.157320
-23.773945 -12.346586 -11.570810 -2.045777 -15.984162 -17.672745 -16.644733 -1.980391 -6.117532 8.422368 0.509702
-31.839132 -17.263506 -13.305568 -1.649367 -23.824610 -19.860958 -23.121655 -2.309133 -5.228982 12.819346 -1.303028
-27.423248 -13.491900 -11.886508 -1.244776 -18.793564 -16.303297 -18.870306 -4.149370 -4.608922 9.506062 -0.299032
-25.091925 -12.903380 -13.545057 -1.863251 -18.902565 -18.945023 -21.675686 -0.804120 -8.619039 9.304676 -2.212281
-22.507301 -12.275476 -10.929148 -1.430292 -15.301143 -14.638158 -16.321859 -2.950744 -5.611782 6.918744 1.005080
-31.548235 -17.335497 -9.405025 1.420003 -20.410852 -18.621056 -17.346178 -5.744866 -6.298263 7.974995 0.739665
-28.161585 -13.113313 -12.635361 -0.273379 -18.202499 -16.733440 -16.725760 -4.643373 -6.204192 7.226168 0.252727
-29.148262 -15.619300 -12.579853 -2.091082 -18.339342 -16.322905 -18.028576 -4.591275 -3.166258 10.238874 0.634219
-42.239410 -23.776476 -14.011211 -0.929825 -32.249844 -23.000114 -25.449436 -4.107853 -10.180819 12.464025 -1.620679
-27.176676 -20.109385 -12.726503 -4.493517 -17.535704 -19.474487 -19.727451 -2.265166 -5.233389 9.736364 2.415741
-28.969070 -18.585533 -15.647547 -5.420706 -17.836843 -19.047232 -17.990034 -4.196163 -3.945991 9.936207 3.412159
-24.285627 -18.063381 -8.045217 -2.241651 -16.880251 -15.486959 -14.523671 -4.721456 -3.834731 6.812726 0.244662
-14.412969 -9.789087 -8.502925 -2.317545 -10.298345 -12.415158 -12.282608 1.738090 -6.431619 6.056317 -0.424569
-20.522913 -16.563194 -7.635177 -2.524597 -16.693537 -14.967639 -16.381792 -2.975092 -1.540877 9.159580 -1.482117
-18.154766 -11.329558 -4.820262 0.568771 -15.168217 -11.810723 -12.282985 -4.184035 -2.547357 4.865601 -0.403983
-23.539017 -14.336165 -12.053058 -2.810552 -17.524439 -20.075710 -19.345444 2.495144 -9.630328 9.185955 -0.681533
-29.590622 -20.613239 -22.066727 -8.869213 -23.375652 -16.570477 -25.084251 3.630748 -11.645906 9.718215 0.198691
-25.730631 -20.031775 -8.234865 -4.232944 -19.127611 -14.910228 -15.216710 -12.358949 4.400680 5.538603 2.891057
-27.015419 -14.101962 -12.194869 -0.892269 -18.591084 -19.725845 -18.843496 -0.488176 -9.041516 9.008612 -0.476569
-35.123379 -16.395855 -15.577938 -1.486204 -23.324207 -20.101408 -21.827253 -3.607906 -6.681179 10.293268 1.088651
-36.200478 -25.592793 -16.710005 -6.239549 -23.971474 -23.897768 -23.835527 -7.269554 -1.170827 13.436944 3.020062
-31.632191 -24.586391 -15.347237 -6.057715 -21.777143 -23.584642 -24.446918 -4.518814 -3.630177 12.201632 1.955400
-37.439739 -25.100258 -20.485828 -6.580166 -31.418442 -22.542572 -29.347561 -0.541636 -9.613893 12.878390 0.128585
-40.726234 -25.653872 -16.285967 -4.924775 -26.465700 -26.053734 -26.583778 -4.871908 -4.821155 15.634592 0.982675
-34.626011 -23.121473 -16.618912 -4.979297 -20.477957 -24.176208 -22.674284 -2.648890 -7.066182 12.385550 2.067224
-36.176628 -26.390535 -16.191946 -6.372672 -28.923380 -22.882071 -27.847063 -1.556324 -7.421504 14.294021 -1.630887
-28.433762 -18.282692 -14.611633 -3.990347 -21.838718 -20.087105 -23.755705 0.135620 -9.003639 9.980294 0.528242
-31.177238 -20.835903 -12.285277 -3.973267 -19.198153 -17.281767 -18.155264 -7.175839 -0.038457 11.416163 2.214906
-17.659746 -10.565023 -7.878641 -0.718705 -12.153842 -9.710801 -9.427090 -6.072530 -2.055999 3.063721 0.313604
-33.808800 -18.843412 -17.833788 -4.200614 -24.448677 -19.462942 -22.340080 -0.064452 -11.670233 10.106220 -0.382395
-31.062975 -21.422855 -13.715309 -4.919481 -20.677254 -16.441372 -19.111488 -6.059017 -0.531486 11.271288 2.117639
-25.207073 -17.038378 -9.829320 -1.930669 -18.591478 -14.409462 -16.280035 -3.542204 -3.708026 7.669710 1.275818
-23.443911 -16.718189 -9.977530 -3.820015 -15.890561 -13.893328 -14.821535 -2.891630 -1.699977 9.753089 -1.042732
-35.690399 -26.439440 -12.410811 -4.431427 -26.077156 -18.943996 -21.641064 -5.646462 -3.522449 11.658869 2.717258
-34.121643 -24.405764 -11.433814 -3.220786 -25.910597 -17.845551 -22.876829 -7.024153 -2.565288 11.116308 3.136754
-17.776342 -5.255116 -15.989584 -4.005354 -10.653047 -17.099058 -15.661446 6.394266 -14.872519 5.754250 -4.733208
-25.043949 -15.934817 -10.038458 -1.206982 -21.506397 -15.314587 -18.296513 -0.679323 -6.077353 9.939427 -2.786998
-31.193363 -19.935623 -12.093963 -2.247360 -23.178228 -18.130840 -19.826111 -1.773561 -7.799990 10.212325 0.389558
-33.784134 -26.835649 -16.355017 -7.079671 -28.872858 -21.362597 -26.111647 -3.669655 -5.496758 11.968106 2.819506
-35.624443 -21.416283 -16.023026 -4.244386 -21.997808 -20.995312 -18.758394 -4.247048 -7.104424 11.135502 2.785759
-32.594570 -21.201981 -14.147201 -4.391860 -25.476795 -14.533504 -20.571550 -2.871345 -5.633710 10.436857 1.782415
-33.163673 -19.753220 -13.640804 -3.631072 -25.213404 -16.811502 -21.892855 -0.735788 -8.115170 11.829538 -0.980600
-37.797329 -27.013870 -11.581788 -3.334327 -30.028778 -21.342495 -25.051771 -6.301884 -3.305582 13.622293 -0.637279
-34.069435 -21.633581 -12.558328 -2.482540 -23.316925 -18.505770 -19.369213 -2.489425 -7.709712 10.841349 0.093877
-37.488018 -18.443045 -18.509830 -4.734864 -21.579157 -18.511633 -20.051016 -2.685877 -9.453946 11.573805 0.958540
-35.701015 -23.125616 -12.108569 -3.729642 -26.185589 -17.455292 -20.979897 -4.744969 -4.234920 12.022751 1.493101
-35.061035 -29.046986 -17.195433 -9.377136 -26.798939 -20.591314 -25.121084 -6.053101 -2.602062 12.780781 5.302093
-31.422915 -20.833086 -12.800912 -3.798234 -24.273466 -15.971965 -20.609549 -2.620549 -5.790529 10.708904 1.449964
-37.097961 -22.524080 -16.038578 -4.870967 -25.431816 -21.411043 -24.009182 -2.135152 -6.505136 15.251313 -1.705977
-33.831158 -24.360470 -19.126749 -8.483329 -23.618391 -20.156340 -23.316824 -5.343548 -4.220001 12.014921 3.280805
-34.104511 -25.568611 -14.904701 -6.502290 -28.270708 -15.345486 -23.691669 -3.125500 -5.366414 12.712936 -1.651926
-28.451710 -20.770317 -11.763452 -4.950604 -22.617310 -14.504224 -17.918278 -6.916003 -1.106769 10.028457 0.390570
-29.635096 -22.149221 -15.899010 -7.434985 -19.696545 -17.160711 -18.394047 -4.759935 -2.463763 10.347556 3.556955
-32.308369 -21.354477 -8.457556 0.182941 -28.596552 -14.578415 -20.283142 -3.572486 -6.292658 9.362563 -0.587381
-35.825321 -21.609804 -16.740026 -4.306428 -29.396000 -20.058590 -28.078524 0.744709 -10.765167 14.585854 -2.669917
-29.034424 -21.428217 -10.867508 -3.042108 -27.304657 -17.635994 -24.227428 -1.321957 -5.304264 12.678839 -3.712932
-28.893236 -20.673201 -9.799978 -1.494815 -25.526772 -16.640396 -21.796648 -3.286919 -4.297827 10.688310 -1.278052
-25.950163 -15.043579 -7.447024 0.568527 -21.189020 -17.998636 -19.785532 -3.117821 -5.697848 8.931920 -2.283778
-35.065937 -24.109596 -19.125614 -6.787976 -27.608240 -17.293825 -24.225592 -0.311216 -9.394836 11.314497 2.938163
-25.180555 -18.952013 -9.209954 -3.575740 -20.410070 -16.961679 -19.976501 -1.463622 -4.027930 11.360052 -2.027724
-28.950579 -16.859491 -7.516737 1.849416 -23.234144 -17.322149 -19.599136 -2.699906 -6.194211 10.457393 -4.565959
-27.124561 -16.670448 -9.676448 -1.250859 -20.478548 -16.853703 -17.916395 -2.910473 -4.415078 10.729999 -1.531226
-24.325586 -14.865280 -10.371049 -1.464372 -19.040459 -17.747431 -18.497961 -0.461198 -6.983813 9.321115 -1.885396
-25.405487 -16.763548 -8.437138 -0.567067 -20.385717 -15.835905 -17.229626 -1.187653 -6.059682 9.836918 -2.163465
-25.656116 -18.679478 -8.172958 -1.853237 -21.668633 -14.689992 -17.036741 -4.072092 -2.306117 10.243481 -1.178964
-26.650661 -16.975246 -8.398366 -0.982689 -22.383675 -13.075754 -17.349516 -3.412455 -4.561411 9.032429 -1.353691
-27.595764 -20.789165 -8.866427 -2.683836 -23.359573 -16.643932 -19.700655 -3.970322 -2.928078 10.578336 -0.417842
-33.796799 -23.245945 -5.848353 0.446575 -28.675066 -12.610683 -18.575573 -7.113252 -2.756067 9.504067 -1.210681
-29.017097 -19.026764 -7.700767 -0.353278 -24.884626 -19.240320 -22.223112 -4.438800 -2.644129 11.898587 -3.282717
-27.487844 -17.481236 -8.452075 -0.050849 -23.662327 -16.499731 -21.328764 -2.861350 -6.163441 10.742533 -3.207615
-30.978243 -21.178596 -7.865462 -0.295602 -24.760138 -19.617743 -21.342863 -3.095763 -5.342315 11.977001 -2.228152
-29.304129 -18.595491 -10.462897 -2.455635 -21.645155 -18.383204 -18.951689 -2.279924 -4.343759 12.396977 -2.744461
-30.464603 -24.018389 -8.285288 -3.064925 -24.686264 -19.577295 -21.802511 -4.984845 -0.762518 13.029613 -1.245237
-29.627991 -21.237751 -6.443408 0.136128 -24.328535 -14.824849 -17.807863 -3.680176 -5.335313 9.852252 -0.725194
-33.359402 -23.680433 -15.164701 -5.739847 -24.219284 -20.439457 -24.263111 -2.773954 -4.583748 13.740759 0.438413
-34.875858 -24.263775 -17.214350 -6.342734 -25.771629 -23.221630 -28.431608 -0.099426 -8.772964 14.670805 0.287435
-32.705578 -23.568647 -12.641124 -4.521245 -24.208338 -20.897846 -22.379026 -6.395383 -0.808140 13.052997 1.100493
-27.709463 -15.996189 -14.556758 -2.661705 -16.899380 -17.893595 -16.863653 -2.291345 -9.451320 5.837689 4.184694
-29.267340 -25.051453 -10.530293 -5.553737 -24.111862 -22.607449 -24.236237 -6.393434 -0.760398 12.847354 2.476797
-33.253311 -23.099285 -15.356258 -6.098444 -23.648890 -18.576941 -21.469307 -4.978380 -2.111527 13.317817 1.052903
-33.059887 -19.666752 -9.991746 -1.400459 -24.283413 -18.112907 -19.906384 -4.110879 -5.550844 12.119495 -2.633089
-35.123795 -23.507071 -9.592943 -0.487109 -29.206778 -23.378345 -26.595320 -4.397687 -4.046703 14.630859 -3.293739
-32.071369 -18.990377 -14.451685 -3.533039 -23.588802 -19.022991 -22.214779 -1.572090 -7.951031 10.819156 0.748432
-33.791264 -24.502241 -12.867860 -4.418702 -27.802021 -18.700891 -25.257244 -1.691208 -6.351430 13.874663 -0.933700
-35.053696 -16.307507 -17.855072 -2.348634 -25.690811 -21.252203 -25.816460 1.814827 -14.754768 11.527219 -2.291291
-22.265282 -17.935635 -17.471722 -7.378077 -8.094016 -10.173690 -4.027337 -6.806345 -8.015251 -3.973008 5.525398
-23.295847 -19.205622 -13.959549 -6.698539 -6.233935 -11.837221 -2.791205 -6.173397 -11.087854 -5.523133 8.958405
-23.759441 -22.506531 -17.515902 -9.894211 -8.009397 -16.154943 -6.962911 -6.678252 -7.825741 -2.299689 11.780056
-15.562919 -14.510529 -12.068829 -6.373636 -5.462156 -11.293767 -4.874216 -4.988474 -6.293045 -2.050492 7.713292
-19.552521 -17.284883 -18.806314 -9.313476 -5.305914 -16.126348 -6.511238 -4.477077 -9.228070 -3.255796 9.510980
-29.457994 -20.088968 -7.974059 -1.411215 -13.255510 -9.918799 -3.926115 -11.458890 -8.264915 -4.381199 7.827609
-21.527397 -19.206093 -15.483746 -7.733194 -6.931743 -15.755181 -6.828990 -7.586951 -7.238784 -2.404222 10.361735
-19.256184 -16.979643 -11.301774 -5.251771 -9.236876 -11.227122 -5.506649 -9.720886 -2.608932 -1.414853 7.320548
-21.456297 -12.714216 -11.069158 -2.635968 -7.457564 -7.494280 -1.577497 -7.422882 -8.718161 -5.265701 4.899102
-28.917324 -25.561882 -15.063213 -7.152932 -8.485097 -14.130610 -5.985951 -8.176865 -12.616156 -6.309876 11.992113
-21.270071 -21.349874 -18.794552 -10.855046 -5.049078 -16.221834 -5.142211 -7.348716 -8.824283 -4.812089 11.904133
-23.708975 -19.622997 -13.108685 -5.040318 -4.745086 -13.064172 -2.792805 -7.510872 -11.025259 -6.012776 4.452337
-22.251528 -12.479458 -16.096048 -4.978353 -4.102567 -14.219010 -4.233438 -3.803873 -11.595113 -2.790963 6.147181
-29.859358 -23.383898 -9.884187 -4.178708 -15.159963 -9.514524 -5.173337 -9.148677 -7.553109 -2.695286 7.528949
-26.376654 -18.000380 -12.994660 -4.137448 -11.615911 -13.349545 -9.006711 -6.637823 -7.130835 0.973102 7.652983
-21.114515 -19.908033 -12.348088 -6.810410 -6.023910 -11.315142 -2.528972 -6.986407 -9.986997 -6.222062 8.979523
-22.523993 -21.563465 -16.496529 -9.911875 -5.150208 -15.283065 -3.612812 -8.594913 -7.031667 -3.956657 10.364614
-25.546740 -20.915155 -7.392173 -2.577327 -13.515722 -8.817804 -5.367159 -10.181009 -6.052967 -1.961022 6.580382
-23.216597 -18.558033 -15.148638 -6.030020 -7.033217 -14.260046 -7.519763 -6.138505 -11.157909 -4.312678 9.996457
-22.069227 -17.866623 -6.601730 -2.985666 -11.015067 -9.501428 -3.779799 -10.255803 -4.647519 -3.049741 7.153244
-21.776100 -17.233370 -16.214382 -7.083208 -6.969492 -12.167900 -3.951987 -8.404810 -7.404713 -3.926045 8.836868
-22.887478 -19.419638 -12.978221 -6.906625 -10.414841 -13.157324 -6.869718 -9.393398 -4.177685 -1.111686 9.584380
-21.590755 -17.126432 -18.578276 -8.702726 -4.582571 -16.875872 -7.207279 -5.550036 -8.527486 -1.622498 9.423855
-16.899529 -16.424532 -12.642726 -6.487786 -7.165892 -10.451990 -2.532984 -9.204963 -5.540043 -6.375094 8.250113
-19.495546 -16.393700 -12.026686 -4.901580 -5.222107 -11.758086 -2.026555 -9.098873 -9.141755 -7.350429 8.044406
-23.310345 -24.973944 -22.016346 -14.094661 -5.550805 -20.418941 -5.435050 -13.030775 -5.022054 -4.973110 13.631123
-22.002708 -12.673004 -10.762383 -2.035048 -10.087500 -8.883685 -4.259170 -6.306653 -8.717434 -4.067879 6.143352
-24.436075 -20.193951 -10.118643 -3.239322 -10.751910 -12.244097 -4.981117 -10.517769 -9.175196 -5.170304 8.551703
-28.555735 -19.677336 -7.280967 -1.979623 -17.089727 -9.125117 -5.575800 -10.986782 -5.592793 -2.967991 7.706541
-22.200150 -22.719231 -21.350277 -11.849297 -7.340410 -13.114030 -4.446206 -8.500444 -8.203957 -6.146061 10.061589
-31.586185 -25.664669 -7.302252 -3.306893 -16.083755 -7.747953 -3.855745 -14.012980 -11.383224 -10.602360 11.834686
-31.301271 -22.304523 -16.716190 -6.433385 -12.887295 -13.705969 -4.099489 -10.229663 -7.600317 -2.598751 9.276525
-27.313431 -22.037283 -24.739061 -10.733328 -7.019632 -17.286594 -4.017089 -9.881158 -14.336056 -10.331196 12.911487
-29.225124 -20.583771 -18.095356 -6.987111 -12.579292 -8.836075 -3.083776 -9.041290 -13.394727 -10.166319 10.410398
-31.537901 -23.743311 -5.169922 -0.849159 -18.789932 -9.826071 -5.421985 -14.585422 -6.837207 -4.193330 8.647925
-27.625124 -19.209618 -18.752619 -7.057563 -10.867771 -12.797371 -5.278218 -7.813295 -11.190878 -5.975557 10.625115
-28.859037 -20.641607 -24.824633 -10.355784 -3.959765 -18.111441 -3.889891 -6.933386 -13.822802 -7.724864 8.535883
-23.053923 -19.502625 -14.870625 -7.077555 -9.663054 -7.410445 -3.232571 -8.851789 -9.170262 -7.580249 8.907265
-23.344696 -24.080736 -11.194878 -7.356244 -11.701908 -9.656820 -4.735910 -10.533504 -5.820174 -5.500107 11.008452
-26.959297 -15.334682 -15.104072 -2.890966 -11.753801 -8.825799 -4.585004 -5.258512 -15.920226 -7.616620 6.933565
-16.090370 -15.963562 -14.156640 -8.133423 -5.196732 -13.190536 -4.822278 -7.176016 -5.217391 -3.458282 8.663192
-24.315460 -19.059448 -11.182282 -5.533227 -11.916826 -10.218966 -6.212814 -9.510397 -2.193836 1.318795 6.403332
-15.712521 -18.939068 -10.830336 -7.549281 -6.382337 -11.801224 -3.781895 -9.183889 -4.293152 -4.903749 9.990396
-19.731298 -19.243959 -6.813269 -3.697028 -10.634871 -7.020007 -2.858867 -9.185462 -6.380058 -4.722773 6.986323
-23.071352 -19.225796 -5.466913 -1.729566 -15.031052 -9.991888 -8.127110 -7.539983 -7.743378 -2.177757 6.473693
-23.419786 -16.502554 -15.968199 -6.026090 -8.507277 -12.389155 -7.598751 -4.609323 -9.678169 -1.298226 7.165811
-23.041016 -20.358896 -15.350518 -7.175429 -5.494718 -12.590415 -1.299391 -10.183251 -10.223372 -8.308479 10.654571
-21.981714 -17.617422 -9.367949 -3.275398 -10.848507 -6.884533 -2.984476 -8.819024 -7.334686 -4.870849 5.411204
-24.172312 -22.454107 -11.422637 -5.873674 -12.116028 -11.673708 -7.883522 -7.534739 -7.885241 -2.941053 10.019846
-18.225046 -20.587065 -15.370548 -9.303117 -5.414139 -14.479826 -3.524942 -9.792768 -6.066610 -5.315257 10.231813
-7.788746 -8.368355 -23.798025 -12.732408 9.675346 -15.473085 0.340668 -5.351249 -13.795297 -14.453724 -0.194535
-6.672177 -2.800926 -22.304773 -9.448589 10.473577 -16.216717 1.696241 -5.756650 -14.574964 -15.405712 -4.166131
-8.942894 -5.204310 -28.489109 -13.034790 14.098744 -20.275816 2.179461 -5.911325 -18.414772 -18.547514 -3.887353
-8.803642 -1.792689 -24.920734 -9.106361 11.039531 -18.222878 1.035599 -4.999881 -17.153111 -16.548059 -3.932108
-9.545211 -4.961666 -28.489723 -13.152025 14.910262 -20.743580 1.776068 -4.836426 -18.615496 -17.835274 -4.375395
-9.545260 -3.321456 -25.275198 -9.602314 9.845767 -15.666059 1.173104 -5.014117 -17.086264 -17.049719 -2.103801
-8.283224 -2.884789 -26.772993 -11.629157 13.775774 -19.411608 1.521993 -4.451882 -17.772873 -16.911873 -5.415165
-25.352753 -4.049825 -47.365395 -16.893665 19.513527 -34.560955 -0.769049 -6.627655 -34.305653 -27.986467 -2.782126
-6.183683 -2.938230 -22.635220 -9.377415 11.420080 -16.139051 1.502092 -4.338698 -14.934111 -14.770233 -5.375290
-10.418894 -0.995507 -27.094522 -9.266664 12.531280 -20.119570 1.179287 -4.217671 -19.769360 -17.803499 -6.006043
-6.682518 -3.971317 -23.935404 -10.272912 10.298114 -16.592688 1.502475 -5.632407 -15.564441 -16.277205 -2.696739
-8.947694 -3.027641 -24.831934 -10.132766 11.724125 -18.531004 1.935536 -5.809967 -15.918234 -16.234894 -4.947361
-6.363495 -2.559319 -22.361809 -9.212358 10.923559 -16.098169 1.352909 -3.904187 -15.054490 -14.469179 -4.548639
-7.929506 0.802602 -26.405132 -9.106248 11.603641 -19.981928 -0.548685 -3.523832 -19.188074 -17.284376 -5.597199
-5.999966 -4.951639 -21.992891 -10.435126 10.483143 -15.441203 1.290581 -4.458430 -13.614861 -13.700826 -2.938835
-7.683696 -3.421444 -21.914532 -9.755297 10.994204 -16.229921 1.455745 -4.249641 -13.893321 -13.736396 -5.399205
-6.283598 -1.952177 -20.325493 -8.182354 9.711945 -14.282421 0.328968 -2.190507 -13.611547 -11.937685 -5.241992
-11.130237 0.349683 -29.215590 -9.604809 13.597718 -21.816586 0.330799 -3.431304 -21.199223 -18.383575 -7.181400
-8.028851 -3.614939 -26.548035 -11.852916 13.329703 -18.947914 1.563819 -4.688313 -17.370905 -16.837498 -4.390375
-12.002645 -1.904315 -30.951025 -11.869005 14.126097 -22.042469 -0.239582 -3.443241 -21.627266 -18.748055 -5.159155
-11.844186 -2.092581 -26.191423 -10.989345 11.350208 -20.121521 -1.737180 -0.708183 -18.576067 -12.828408 -3.426033
-12.242917 -2.631620 -28.631573 -10.153410 11.848461 -20.114229 0.405034 -4.578669 -20.292580 -18.853327 -3.173154
-4.543909 -2.424647 -18.965797 -7.880414 8.276953 -13.160245 0.712424 -3.920996 -12.808384 -12.800621 -2.840645
-14.493724 -2.230873 -35.487831 -13.486154 17.334169 -25.588861 1.914571 -4.849818 -24.931162 -22.396549 -6.775136
-11.369758 -4.110737 -34.537693 -14.824687 14.874473 -23.331791 1.084500 -6.422918 -23.264917 -23.024485 -3.089816
-11.129500 -2.840060 -28.931681 -10.534212 13.138341 -20.061184 2.523268 -6.222537 -20.076172 -19.580107 -4.418054
-8.497381 -6.212181 -25.548420 -12.443838 13.208976 -18.079309 2.161409 -4.995514 -16.191217 -15.947613 -3.602149
-12.567762 -2.166996 -29.925739 -10.781898 13.850336 -22.179077 3.115197 -7.237183 -20.571474 -20.479544 -7.490662
-9.817400 -4.610883 -29.486898 -12.856823 14.875630 -20.861883 2.819958 -6.139346 -19.635195 -19.651093 -4.677883
-14.243574 0.765658 -35.237099 -11.604675 15.665347 -26.845436 -1.619854 -3.647005 -26.620365 -22.063641 -6.258408
-9.123767 -5.355145 -25.726429 -12.072306 12.775376 -18.833868 0.971295 -3.901623 -16.930361 -15.172766 -3.264114
-5.115515 -3.587045 -18.411497 -8.182923 7.061588 -12.064886 0.776388 -5.665998 -12.629415 -13.287909 -1.293068
-1.850984 -2.173863 -14.917070 -7.068385 6.192585 -10.222251 -0.893867 -1.924698 -9.288616 -8.913582 -2.286186
-7.820734 -2.296134 -24.438667 -11.185973 9.190117 -17.471653 -4.960398 -1.013345 -17.387434 -12.837448 -1.170385
-1.549098 -2.545313 -14.098377 -6.745771 6.537202 -9.695404 -0.212921 -1.963544 -8.871621 -8.768269 -2.917075
-9.493388 -1.513272 -21.570997 -8.270214 9.972723 -16.084078 2.051663 -5.346733 -14.730508 -14.689672 -7.622876
-19.105801 -9.841805 -44.727528 -17.774706 16.003748 -30.483055 3.783006 -11.138271 -25.689426 -25.188786 -1.558944
-11.169874 -1.013881 -32.393532 -12.153552 15.872613 -23.542160 0.162181 -3.942543 -22.732185 -19.857498 -7.175241
-15.694096 -6.897621 -38.136635 -14.655948 11.720982 -26.709866 3.191895 -10.559592 -24.865076 -26.408573 0.801907
-9.257247 -1.615376 -25.760523 -9.885319 12.607443 -19.015284 1.367715 -5.292770 -18.347399 -17.505308 -4.920225
-11.883470 -7.355494 -29.386452 -13.320130 10.394157 -17.397371 3.084678 -8.332669 -19.580212 -20.913628 -0.070599
-11.067374 -4.373860 -31.877270 -14.175955 15.687968 -23.590681 -0.529969 -3.382051 -21.400858 -18.539539 -4.430124
-8.947484 -3.566895 -26.286194 -11.148119 12.921518 -18.914843 2.038318 -4.893844 -17.641462 -16.894066 -4.294085
-9.853979 -1.658732 -27.559971 -10.435160 13.306404 -20.116474 0.973787 -3.561063 -19.874344 -18.080345 -6.311534
-6.348536 -4.793049 -21.887224 -10.429363 10.911470 -15.449317 1.517566 -4.056336 -13.797003 -13.718875 -3.419735
-8.586571 -1.068853 -26.719040 -10.612170 12.533556 -19.024927 -0.015173 -4.759508 -18.766020 -17.829220 -5.126552
-7.645366 -4.854762 -22.218107 -10.759010 11.290938 -16.617382 -0.467357 -1.879184 -14.461538 -12.057164 -4.525055
-9.236508 -6.053930 -30.153219 -15.225267 12.973381 -20.930653 -0.685321 -6.620656 -18.668484 -18.652212 -0.893786
-6.107100 -0.648425 -23.497089 -8.625007 9.866257 -16.991138 0.756536 -4.270404 -15.972746 -15.183604 -4.884220
-6.714527 -2.704978 -19.840397 -8.531522 9.332110 -15.236509 0.201827 -3.775108 -12.435145 -12.022283 -4.388936
-8.137930 -4.354911 -26.857153 -12.385033 13.393200 -19.233885 1.037448 -4.239652 -17.683769 -16.791122 -4.002220
-6.583888 -5.130578 -20.077194 -9.863618 9.962131 -14.349793 1.566834 -4.938502 -12.347801 -13.008042 -3.208328
-4.965426 -2.969232 -22.210106 -10.012388 10.754127 -15.603909 0.515865 -3.527896 -14.138115 -13.823308 -4.039471
-13.760606 -6.210219 -21.186911 -9.138600 8.995379 -16.750071 1.523212 -3.533122 -13.985048 -11.521329 -7.001495
-7.557725 -1.370375 -27.124628 -10.847081 12.789952 -18.992407 0.438064 -3.712731 -18.471090 -17.286104 -5.985530
-10.527813 -1.439134 -29.422266 -10.825308 13.702503 -20.392313 1.593628 -4.792840 -20.654839 -19.852280 -6.459894
-8.854685 -2.731961 -25.839272 -10.472431 13.136364 -18.777267 2.069162 -4.875833 -17.274616 -16.283186 -5.728758
-11.787309 0.443755 -30.923529 -9.984978 14.214629 -22.515877 1.365445 -4.972928 -22.456682 -20.663843 -9.111146
-8.230961 -0.323514 -27.336819 -9.727182 12.629514 -19.438526 0.649429 -3.882297 -18.435955 -16.519747 -8.182585
-12.448432 -1.115381 -29.945501 -9.791696 11.764601 -20.273790 -0.860549 -4.966107 -22.536741 -19.747835 -3.158566
-5.500382 -1.103656 -19.540756 -7.635933 9.318494 -13.851247 0.380083 -2.977108 -13.771991 -12.520690 -4.634156
-15.812290 -3.730515 -34.687458 -12.987955 16.506567 -25.298004 2.191044 -5.274712 -24.243860 -20.873665 -5.841074
-3.788824 -4.361659 -16.032255 -7.261449 5.420703 -8.442636 1.083961 -2.809839 -9.578831 -10.214370 -2.892514
-5.800896 0.553609 -20.087532 -6.596457 8.026963 -14.378381 1.393884 -5.418596 -14.774264 -14.620547 -5.191671
-8.194248 -4.901375 -27.776297 -12.411794 13.262051 -18.750341 2.263903 -5.526136 -17.808716 -17.981529 -4.135858
-7.197182 -3.975606 -22.505112 -11.212857 11.527012 -15.581171 -0.609789 -2.947460 -15.687057 -14.037566 -4.947826
-9.945346 -5.533571 -24.525215 -11.261874 13.135773 -17.947361 2.616387 -4.464692 -16.089655 -15.446059 -6.845595
-3.190680 -0.963192 -18.114119 -8.046064 7.343444 -12.577806 -1.472540 -3.130932 -12.033085 -11.724641 -2.141140
-5.446781 -3.702168 -18.870321 -8.597020 8.025707 -13.224319 -0.790813 -1.454396 -12.201981 -10.441195 -2.731606
-13.780839 -4.526251 -35.397568 -14.815491 16.090590 -24.284945 1.039287 -6.818406 -23.654598 -23.156301 -4.620013
-8.569351 -6.086326 -25.163462 -12.217062 13.029809 -18.189386 1.559673 -4.404123 -15.818298 -14.964131 -3.689548
-8.687652 -4.116257 -23.145639 -9.505905 9.659385 -14.266801 3.069794 -7.552413 -15.878133 -18.068258 -5.342759
-5.836730 -3.518882 -20.160315 -9.200159 10.572969 -14.602762 1.136942 -3.353084 -13.270300 -12.669649 -4.471917
-8.740023 0.248611 -21.600637 -6.672346 7.350854 -15.336884 -3.153226 -2.316903 -17.732628 -13.694428 -2.291705
-1.952097 -2.556885 -14.730546 -6.894813 6.962520 -10.356116 -0.405816 -1.732785 -9.367884 -9.174422 -4.502773
-17.808731 -2.398838 -33.964409 -11.306888 16.101768 -25.134266 3.862549 -7.245122 -24.263487 -22.784071 -8.451164
-3.640696 -1.503067 -17.036940 -7.018517 8.118758 -12.373676 0.166708 -2.536269 -11.429987 -10.595469 -4.763677
-11.796238 -6.869006 -30.274263 -14.090958 14.359745 -20.997627 0.683532 -5.051049 -18.979311 -17.715038 -2.614845
-7.541698 -4.010828 -24.914843 -11.426949 12.318129 -18.029051 0.827995 -3.760774 -15.795980 -14.622981 -4.090568
-9.304051 -1.477962 -28.237551 -10.133111 12.771670 -19.734026 2.736175 -6.348454 -19.152143 -19.482061 -7.429278
-7.427164 -0.739182 -26.466974 -9.621514 11.664541 -18.220123 1.141518 -5.360861 -18.184925 -17.597612 -5.786035
-18.533775 -5.991963 -27.291815 -8.236496 9.793783 -18.431324 3.803355 -6.570535 -19.729719 -17.589567 -2.139036
-15.470054 -5.253859 -38.488377 -16.557034 19.470060 -28.166492 2.661673 -6.941174 -25.789642 -23.807083 -5.204181
-16.156162 -5.015578 -33.531048 -13.580104 14.667832 -23.125795 2.431480 -5.944817 -23.015156 -20.320868 -2.101919
-9.190935 -1.844843 -25.429403 -9.756764 12.229095 -19.088228 0.939094 -3.913660 -17.565552 -15.410166 -5.515038
-13.475723 2.464261 -33.075333 -9.936557 14.935235 -24.858603 0.814702 -4.448157 -24.834911 -20.853092 -9.730448
-3.924944 -1.339575 -18.717955 -7.824979 9.013064 -13.653070 -0.203686 -2.157919 -12.368908 -11.600594 -5.936471
-16.218124 1.586277 -35.728024 -10.629809 13.885562 -25.943949 -0.923331 -4.986108 -27.545401 -23.196445 -5.219991
-3.538548 -4.337575 -18.258450 -9.375159 7.581947 -12.540749 -0.095672 -4.002270 -10.845991 -11.135055 -1.461685
-2.748805 -2.581018 -15.217501 -7.408063 6.794590 -8.766342 0.674448 -3.814860 -10.326317 -11.698030 -3.517774
-6.767782 -4.343564 -24.060165 -11.358712 11.844760 -17.412437 0.446729 -3.704299 -15.341392 -14.438256 -3.330376
-6.265532 -4.260143 -18.771231 -8.716567 8.138644 -11.462337 1.953804 -5.407353 -12.148302 -13.520555 -3.138966
-7.345789 -0.586395 -23.157040 -8.110820 10.652742 -16.658184 1.666022 -4.566521 -15.949953 -15.276763 -7.030077
-14.555747 -9.044666 -29.783396 -14.827445 15.143660 -21.465120 2.237575 -5.741239 -18.361620 -17.373310 -5.758013
-7.601082 -1.204901 -22.909420 -8.882087 11.787381 -16.942339 1.182814 -3.342409 -16.124218 -14.366598 -6.589520
-11.706958 -2.958453 -26.820072 -10.043922 10.415084 -17.922682 1.819972 -6.894893 -18.298544 -17.906193 -2.554982
-6.791278 -3.357952 -23.065174 -10.188762 11.693424 -16.378603 1.732015 -4.230848 -15.141787 -14.851323 -4.574491
-14.568022 -6.330294 -26.240149 -10.145161 10.370336 -15.883780 3.850612 -6.148041 -19.118841 -18.521200 -5.368279
-5.191715 0.186230 -18.552620 -6.171356 8.162766 -14.043717 -0.016974 -2.766217 -13.433267 -11.959754 -4.721091
-11.164606 0.077899 -30.464985 -8.888088 12.284073 -21.140587 2.498172 -6.228357 -22.138643 -21.795639 -6.818180
-12.246788 -17.827101 -2.035166 -6.021621 -17.472673 9.285390 0.366023 -12.202228 -4.630174 -11.446240 -5.765965
-6.816745 -11.862242 -2.022057 -2.694505 -10.887088 6.151977 -1.017760 -6.719926 -6.784594 -8.947598 -3.850303
-7.194611 -13.034421 0.497142 -3.394697 -13.284062 5.932448 -1.254534 -9.020402 -3.787648 -8.353702 -5.882917
-14.377866 -18.461126 -2.514658 -5.717150 -19.646811 10.450335 2.079986 -14.360679 -5.890780 -13.181987 -5.289003
-7.570765 -13.385450 -1.787766 -4.468966 -13.080192 7.432384 0.313752 -9.861565 -5.080777 -9.794786 -5.285102
-4.138701 -11.105937 -2.532682 -4.251658 -8.601242 5.309727 -1.030257 -6.282181 -5.052567 -9.210025 -2.965125
-7.168461 -15.438219 -2.497386 -6.370529 -15.385130 7.148395 -1.899838 -10.255439 -2.665558 -8.900926 -5.699285
-12.615850 -18.124456 0.371552 -4.315231 -18.347343 7.989316 -0.331852 -13.522158 -6.216262 -12.749785 -5.978881
-9.221566 -13.536826 -0.729922 -3.631619 -14.136950 6.609089 -1.162840 -9.751326 -4.062474 -8.852398 -5.731955
-12.878236 -19.168203 -1.663224 -5.836866 -19.193317 8.615275 -1.570053 -12.743286 -5.638231 -11.307901 -6.925854
-6.698339 -14.816945 -1.951095 -5.395710 -15.161234 8.176490 -1.208083 -10.397343 -4.553716 -10.313014 -6.116756
-9.085672 -14.847588 0.062134 -3.311748 -14.688762 7.404518 -0.238059 -10.725209 -6.490017 -12.123663 -6.126513
-9.282156 -16.480301 -2.513333 -6.060700 -16.294611 9.522332 -0.380482 -11.004869 -5.824442 -11.658920 -7.353603
-12.956627 -20.651245 0.497216 -5.760433 -21.588104 9.174232 -3.272429 -14.121848 -4.215717 -11.930665 -8.478845
-5.600802 -11.856993 -0.530008 -3.676756 -11.486072 5.201191 -1.674181 -8.551827 -3.358076 -7.571997 -4.721526
-11.669720 -19.967278 -1.088228 -5.914140 -21.072180 10.914004 -1.067222 -13.486360 -7.521399 -14.170469 -7.462845
-7.026511 -14.389695 -0.627049 -4.350468 -15.306069 8.071285 -2.140742 -10.564476 -4.832745 -9.975054 -7.288203
-10.845735 -18.223577 -5.128888 -6.840082 -17.661909 10.869420 0.595192 -10.873552 -7.940210 -13.539415 -5.824317
-3.654678 -11.069879 0.954643 -3.136040 -10.916972 4.697094 -3.594759 -6.707879 -3.870575 -7.296945 -5.438748
-6.079850 -12.373071 -0.789858 -3.481560 -9.035709 3.437120 -2.608254 -6.560263 -3.623346 -6.883985 -2.806763
-5.157625 -12.268310 -3.235002 -4.925386 -9.046162 3.169676 -2.220891 -7.388131 -2.614269 -6.315705 -2.878157
-16.088722 -22.374445 -1.408517 -6.336132 -22.777176 11.566555 -0.777571 -14.352309 -7.537608 -14.477965 -6.296322
-4.540036 -12.726161 -0.409209 -4.398791 -12.722445 6.652483 -2.680123 -8.454495 -3.820655 -8.668557 -6.052345
-7.507061 -9.856681 -7.011240 -3.787649 -7.379291 4.902104 1.456397 -6.224006 -9.952889 -12.675167 -3.223783
-2.053648 -9.291899 -0.640402 -3.242282 -8.827128 4.212103 -2.526993 -5.835272 -3.359712 -6.514227 -5.074924
-8.749671 -14.080725 0.119378 -2.776875 -15.363902 5.759304 -2.091263 -9.073737 -5.286387 -8.178140 -5.842321
-6.329698 -12.943407 -1.459957 -4.236048 -12.748426 6.963149 -0.781231 -9.709207 -4.637452 -9.468991 -5.830840
-12.582920 -18.789963 -1.720950 -5.902790 -17.731525 8.759902 -0.514431 -13.323578 -5.753850 -12.261840 -5.202358
-11.284525 -16.890577 -3.147012 -6.274601 -16.211613 8.204696 0.301806 -11.867407 -4.221902 -10.459764 -4.826009
-14.964211 -23.355350 -4.483768 -9.558825 -22.061890 12.880087 -0.388874 -13.023907 -5.801625 -14.382038 -6.413072
-17.150524 -22.864435 -2.893609 -6.606833 -21.023787 11.363231 -2.116490 -12.729338 -7.077909 -12.772980 -4.979742
-6.029753 -10.040187 -4.231444 -3.311455 -7.291477 4.141709 -1.376852 -4.148476 -7.106520 -8.759059 -2.572617
-13.638358 -17.004818 -1.887839 -4.478671 -16.247107 8.244099 1.028390 -12.893785 -5.829128 -12.644528 -4.014356
-11.806655 -19.458670 -1.460779 -6.059309 -20.231169 10.085444 0.182354 -13.799855 -6.519002 -14.011882 -7.363415
-12.886126 -21.647945 -3.098547 -7.503409 -19.543972 10.693744 -0.084123 -13.733377 -5.995175 -13.847648 -7.365735
-3.554365 -11.572825 -3.234386 -4.608544 -9.122900 5.977817 0.604627 -7.036959 -5.422483 -10.262080 -4.329689
-4.917339 -12.643342 -3.399379 -5.112299 -11.308440 6.392392 -0.974760 -7.971385 -4.072021 -8.322419 -4.688902
-9.557144 -13.671099 -2.278794 -2.998251 -10.906659 4.397263 -0.291275 -7.698400 -7.423914 -10.024798 -3.914103
-7.716365 -14.604432 0.640728 -4.026722 -14.383560 7.335890 -2.039222 -9.796957 -5.144366 -9.796993 -6.722175
-15.569641 -21.529974 -0.464581 -6.402857 -23.621258 9.808512 -0.557412 -15.930638 -3.101150 -11.936614 -6.611030
-9.372494 -13.704133 -6.051991 -4.783416 -12.572308 5.508866 -0.343251 -8.553872 -6.144799 -9.275990 -3.915686
-9.389433 -16.323219 -3.796323 -5.400229 -16.748581 10.205198 1.006828 -11.863972 -8.216961 -13.652133 -6.578408
-12.231884 -18.637770 -2.103347 -6.501274 -18.493280 9.169132 -1.356157 -12.764140 -3.952085 -11.160052 -5.823945
-6.727556 -14.426151 0.371848 -3.945591 -15.719947 6.787777 -1.999138 -10.256300 -4.476649 -9.892327 -7.504133
-11.496712 -14.772395 -0.175998 -3.351092 -15.863307 7.974761 -0.712119 -10.779746 -5.185097 -9.945550 -5.158709
-9.007265 -15.239464 0.136277 -3.364405 -14.164272 7.341736 -1.836294 -8.815421 -7.643828 -11.758331 -3.977813
-9.778480 -15.952579 -3.898400 -5.497379 -14.942920 8.490261 1.022312 -12.336719 -6.249048 -11.769332 -5.218451
-3.033941 -9.930397 -3.031273 -3.956720 -7.503433 4.729303 -0.317510 -6.078797 -4.595505 -8.923811 -3.133132
-10.982776 -15.701125 -0.755560 -3.930004 -16.310301 8.751915 -1.221751 -11.507851 -6.099997 -10.598343 -5.693132
-11.159484 -19.292583 -0.271225 -6.331338 -21.003967 9.091935 -1.719058 -13.477392 -3.823799 -11.572707 -8.099630
-23.023008 -15.976912 -23.377987 -8.965498 -0.137628 -8.063669 10.555006 -15.544837 -15.770531 -19.421656 -2.128685
-20.890438 -22.111618 -16.507010 -9.748099 -5.313962 0.095173 9.915340 -16.667912 -15.718078 -21.547003 -4.288788
-21.510195 -17.310905 -20.580315 -10.002342 -2.264702 -6.174725 9.731384 -14.844935 -11.435867 -16.061296 1.111662
-18.421616 -18.451965 -14.595603 -8.730981 -9.891700 3.828597 8.505142 -15.532475 -14.105868 -20.417736 -4.143153
-26.517050 -16.038052 -20.303085 -6.733141 -2.105367 -8.334930 11.378292 -16.062330 -15.775864 -19.499592 0.044506
-22.300882 -12.826429 -14.979890 -3.998357 -5.851666 -2.295668 9.287691 -14.023678 -15.340114 -18.797508 -3.725423
-17.443693 -11.277996 -19.364464 -6.949090 3.596804 -8.792464 8.675404 -10.605780 -14.862014 -16.477127 -2.785446
-28.540327 -18.233356 -26.680691 -9.933956 -0.597178 -7.753379 13.116889 -16.065281 -22.246920 -26.746666 -1.402328
-22.175613 -7.590510 -20.808285 -2.583733 -4.634133 -7.022511 6.664122 -12.266250 -16.496635 -17.546457 -3.608396
-18.113605 -12.374101 -13.097649 -3.855004 -6.378809 -1.280623 8.744927 -14.048388 -15.199497 -18.290106 -5.377259
-10.637058 -8.437345 -14.478761 -4.778343 1.108714 -6.303773 5.637617 -9.510349 -9.286719 -11.798089 -2.437219
-14.869252 -9.446799 -12.728480 -2.011363 0.344624 -8.301850 6.168131 -10.690240 -11.799552 -13.962728 -3.592362
-8.368675 -7.178354 -11.460328 -3.606395 -1.040302 -4.033034 4.698265 -8.289147 -8.348801 -10.378469 -2.786613
-10.581108 -9.833003 -8.877438 -2.479973 -3.201063 -1.591449 5.301614 -10.632087 -9.485108 -13.251884 -2.662038
-28.432056 -12.756459 -23.907860 -6.352914 -0.712494 -7.240487 10.533629 -14.608698 -20.341185 -22.239006 -2.716953
-8.464106 -10.100106 -8.863905 -4.534785 -2.543885 -0.200610 4.027258 -8.833273 -8.608704 -12.749054 -2.730900
-25.622683 -14.331472 -25.685036 -8.327300 -0.500048 -9.932167 11.651199 -16.898138 -15.401583 -20.549734 -1.511375
-27.515820 -18.883568 -25.824081 -10.049728 -1.730319 -9.040990 12.004504 -17.737837 -18.515703 -25.364998 1.374241
-24.145721 -20.682070 -18.697765 -9.197891 -3.585164 -5.269487 9.161958 -16.995155 -12.509121 -17.971600 0.108314
-22.873850 -14.350798 -18.343550 -5.376193 -5.852363 -2.472056 10.400558 -15.472508 -17.250526 -21.558071 -5.465014
-20.661104 -14.452644 -15.113244 -4.769759 -5.207056 -2.566287 9.668269 -14.586349 -14.462924 -17.551519 -4.519043
-20.385599 -15.168190 -19.093243 -7.650853 -3.579902 -3.314844 9.697371 -14.038927 -15.206731 -19.121687 -5.138097
-14.537314 -11.530841 -14.699063 -5.914233 -2.148516 -5.277126 6.067731 -10.323586 -8.402766 -10.508953 -2.769751
-14.766708 -9.644771 -11.707652 -3.143182 -2.567314 -4.335060 5.874173 -9.452747 -10.385340 -11.192505 -3.680022
-20.174385 -15.433690 -15.880290 -6.636082 -4.463169 -3.468096 8.990488 -14.141283 -11.566420 -15.131999 -2.621238
-16.764357 -10.240391 -8.123712 -0.580488 -10.011971 1.215496 6.010991 -13.004429 -14.109059 -16.493668 -4.496142
-14.547556 -10.172541 -14.885005 -4.884134 0.210509 -5.280090 7.126618 -9.393752 -12.352580 -14.250653 -2.689140
-19.555449 -15.297174 -16.328825 -6.470371 -6.403526 -1.131751 9.297873 -15.369024 -14.482225 -20.081619 -2.416910
-15.381389 -11.053842 -14.750675 -5.326727 -1.373120 -4.540339 7.836860 -11.436541 -11.514725 -14.017108 -2.797565
-19.409275 -13.818707 -13.753360 -4.269594 -5.798792 -1.561232 8.719562 -13.818358 -16.327496 -18.537470 -3.096843
-4.676070 -6.832527 -13.381997 -5.924712 1.961534 -5.275423 3.117033 -6.077698 -7.751178 -10.064839 -1.981708
-27.640738 -13.738406 -20.343176 -4.868738 -3.228897 -8.450340 8.023705 -12.786991 -17.887293 -16.936907 -3.535465
-13.928514 -9.991113 -15.279668 -5.097342 -0.346206 -5.444935 7.887989 -11.423148 -11.952929 -14.768637 -2.797409
-20.335930 -15.224537 -14.657080 -5.651881 -5.075287 -3.018780 9.217349 -14.386832 -13.645687 -17.468130 -5.182212
-12.106009 -12.591706 -14.394289 -6.380310 -0.399506 -3.868093 7.106286 -11.457585 -10.146286 -14.048145 -2.974779
-16.839376 -12.136214 -14.088012 -3.801367 -2.487797 -4.737297 6.998194 -12.210739 -12.861034 -15.644954 -2.859289
-15.873205 -11.062315 -15.285833 -5.417660 -2.408138 -4.011761 7.969450 -11.416418 -11.105260 -14.071056 -3.478654
-23.349905 -13.844001 -14.891356 -3.139556 -7.997128 -2.889812 9.851694 -16.872404 -15.444586 -20.670809 -5.666841
-18.941139 -14.185863 -16.511709 -6.424854 -2.345029 -5.268308 9.318839 -14.074953 -12.275648 -15.790871 -2.650638
-13.166553 -9.492192 -9.356668 -1.926003 -3.358606 -4.360141 4.539131 -9.582298 -8.063643 -10.088703 -4.340058
-23.298504 -17.127569 -18.699530 -7.245183 -4.003923 -5.240192 10.405061 -17.299324 -13.976682 -18.117258 -3.966339
-28.600655 -23.049644 -19.849594 -9.686604 -12.488768 1.760552 12.253480 -21.947710 -16.089848 -24.670053 -1.454791
-29.098213 -18.369904 -32.920509 -12.142492 1.831086 -15.575361 12.943754 -22.334709 -18.775949 -27.499168 2.733989
-22.256142 -20.770767 -19.412447 -9.062424 -2.204956 -5.561868 10.344666 -17.173649 -13.895511 -19.357822 -4.108939
-32.890926 -18.134544 -37.440578 -13.666820 2.347322 -16.422966 13.574255 -21.420902 -24.261580 -30.334389 2.309988
-19.580084 -12.010160 -18.256580 -5.141278 -1.815741 -6.020104 9.604105 -14.010369 -15.310552 -18.516512 -4.969382
-20.517447 -15.283226 -20.470798 -7.851326 -4.266371 -3.592309 10.804130 -15.592097 -15.664911 -19.681580 -4.312116
-28.055716 -19.335943 -22.703470 -8.935850 -4.585467 -2.472879 11.808084 -16.319715 -22.129894 -25.683107 -2.475859
-21.429688 -12.774363 -20.116407 -5.446406 -1.314818 -7.084198 10.587396 -14.923321 -15.505847 -19.284336 -4.558358
-26.728357 -16.326824 -27.094206 -10.981673 0.086595 -8.195981 9.709983 -12.297617 -19.382233 -20.925070 -1.271469
-17.166067 -25.059401 -3.110427 -8.938145 -20.554913 9.691166 -2.941048 -14.625223 -3.683378 -13.226765 -3.984514
-23.021139 -28.765390 -1.737264 -9.138538 -29.724222 13.960583 -2.467015 -18.055607 -4.692983 -16.118855 -6.518268
-17.972769 -25.931034 0.240166 -8.948852 -26.412775 11.340484 -3.896698 -15.909814 -2.396611 -13.314375 -8.498825
-14.380908 -20.268808 0.165959 -4.932911 -20.499800 10.265351 -1.216931 -12.722476 -7.441754 -13.396301 -6.022560
-15.681396 -22.023741 -1.229050 -6.664563 -22.055042 11.821765 0.769479 -14.829154 -6.095865 -14.647141 -6.984902
-16.524811 -26.344452 -3.162681 -9.753070 -25.270710 15.265624 -1.468652 -13.869175 -7.261112 -16.988621 -7.623062
-16.994385 -22.230768 -1.458804 -6.489983 -21.217987 10.613234 -0.485412 -14.348492 -5.980205 -15.268128 -4.758910
-20.664700 -29.772028 -3.223859 -11.099694 -27.993631 15.075067 -2.378994 -16.061132 -5.719463 -17.031406 -6.288855
-14.473939 -20.800499 -2.543134 -7.506276 -19.455402 10.184911 -0.148465 -13.217544 -4.144783 -13.166908 -5.037996
-23.271101 -31.990011 -0.399232 -9.985546 -29.045315 13.114033 -5.123307 -17.506292 -3.753946 -16.380241 -6.387194
-13.542035 -19.882265 -2.140949 -5.841850 -18.370905 9.444038 0.356525 -13.882896 -5.826873 -13.658708 -5.085923
-16.587029 -23.001616 0.315562 -5.927197 -22.702467 10.500525 -3.170904 -13.146149 -6.563984 -14.451163 -4.390135
-15.686014 -23.188780 0.674262 -7.160260 -23.603886 10.988825 -1.833518 -14.881818 -4.658548 -13.829432 -7.843904
-20.593828 -29.439451 -2.929890 -9.984993 -26.381203 13.735733 -2.764577 -15.902186 -6.048208 -17.085470 -4.999988
-16.740286 -22.420509 -1.378713 -6.483122 -21.364841 10.764297 -1.814987 -13.962621 -5.782577 -14.137372 -4.779966
-19.164673 -26.640415 -1.622923 -7.903930 -24.122364 12.573516 -1.558349 -14.877074 -7.752390 -17.474644 -4.691226
-13.598294 -19.196243 -1.404903 -5.437178 -19.231846 10.479184 0.441580 -12.748277 -6.568132 -14.031477 -6.117040
-15.097900 -21.570194 -0.780656 -6.586070 -21.185455 9.047143 -2.945293 -13.030708 -3.261599 -12.157744 -4.175408
-15.902243 -23.298609 -1.909620 -7.078303 -21.863577 11.846677 -1.024703 -14.867356 -5.885847 -14.451857 -6.618487
-19.428198 -26.019102 -3.194279 -8.602036 -25.005598 13.108035 -1.008561 -15.213052 -6.265270 -16.631678 -4.952705
-14.008632 -20.921083 -1.416313 -6.969073 -21.682102 10.642597 -1.078042 -14.673847 -4.817965 -13.293492 -6.697368
-19.785807 -27.084133 -2.340533 -8.769115 -28.081158 15.669498 0.132758 -17.071796 -7.580283 -17.802397 -8.127965
-7.436016 -14.444016 -3.020014 -4.781076 -14.500681 6.782495 -0.008890 -11.132504 -5.300273 -10.928308 -6.578744
-18.620405 -25.833855 -0.306601 -8.500363 -26.471258 12.538966 -2.000083 -15.414892 -4.455681 -14.340286 -7.549923
-12.648685 -17.522778 -0.280010 -4.454273 -17.617863 8.543515 -0.210441 -12.389567 -5.056819 -11.606377 -5.555723
-21.370037 -26.519327 1.643609 -6.325493 -28.843510 12.466372 -0.586757 -18.561491 -5.695743 -15.483039 -8.613840
-13.987312 -20.017868 -1.866184 -6.265886 -19.627470 10.189378 -0.212406 -13.516833 -4.957935 -12.935761 -5.984044
-19.978241 -27.530861 -0.684234 -8.413170 -26.331581 11.754842 -4.085244 -15.223786 -3.731752 -14.929420 -5.388197
-13.957827 -19.074932 -2.124491 -5.258402 -18.982418 10.749999 -0.141625 -12.863149 -7.555851 -14.159029 -6.911397
-19.321806 -24.331623 -2.281548 -6.683506 -25.042147 12.078841 -0.421082 -15.245025 -6.288546 -15.268933 -4.513410
-12.788511 -19.269646 0.835722 -5.169967 -19.847996 9.316712 -1.499903 -12.304424 -4.943329 -11.421818 -7.253103
-16.686430 -23.847740 -2.917808 -7.997934 -22.215437 9.725986 -4.033980 -13.677462 -4.361919 -13.126350 -3.928644
-15.321352 -23.490170 -2.092210 -8.112288 -24.909769 12.615164 -0.665988 -16.512812 -5.243266 -15.427400 -7.936661
-11.978545 -19.468559 -1.836910 -5.828812 -19.289974 10.578725 -0.073703 -13.006903 -8.435003 -13.902458 -7.261501
-18.535601 -27.892391 1.169298 -8.342682 -25.493082 10.882936 -5.808793 -17.528055 -3.570217 -14.628350 -8.941594
-17.878101 -24.471558 -3.830931 -7.975944 -22.112680 11.720710 -1.134982 -13.949305 -6.721056 -15.701321 -4.827628
-19.089325 -24.727316 -0.178245 -7.802197 -25.092854 11.514379 -1.589081 -16.431076 -3.017565 -13.774410 -6.782714
-16.198919 -21.083651 1.252904 -4.444571 -22.530245 9.826367 -2.250738 -14.413161 -5.964850 -13.333916 -5.424349
-12.393665 -20.232828 -0.664801 -6.236145 -20.284945 11.321565 -1.325834 -12.578066 -5.869148 -13.207306 -7.782480
-15.595439 -25.919012 -0.931101 -8.594653 -27.738512 13.768864 -2.963914 -15.939005 -6.838151 -15.915853 -10.745007
-16.130560 -25.572229 -2.617259 -10.063614 -20.920347 8.734297 -4.664885 -14.616682 -1.153466 -11.133758 -5.600311
-26.645548 -31.316437 1.244872 -7.473723 -29.345053 11.428411 -4.493966 -17.615326 -4.924842 -15.628676 -4.596853
-13.496020 -20.907261 -1.413524 -6.431530 -20.173494 11.238641 -1.775094 -13.273730 -6.310937 -13.989248 -6.674724
-21.987188 -32.217331 -0.364362 -9.368636 -29.645247 16.402607 -3.665536 -17.163467 -9.066113 -19.978489 -9.001256
-14.543237 -22.313753 -1.009782 -7.161774 -20.920139 10.996590 -2.779685 -13.829375 -4.253320 -12.936590 -6.573215
-14.332589 -22.182161 -0.277510 -6.888880 -22.426050 11.231317 -1.276973 -13.878639 -4.321038 -12.989124 -7.733122
-16.836140 -24.348011 1.352991 -6.800252 -24.875225 11.567342 -3.916336 -16.210594 -4.242461 -14.059414 -8.478688
-22.513838 -27.236876 -0.413061 -8.253244 -28.600777 12.722376 -2.577601 -16.370897 -3.736080 -14.208524 -5.739703
-16.408329 -23.531937 -2.892458 -8.984912 -22.324280 11.729517 -1.167211 -14.087113 -3.644388 -13.388950 -6.214751
-20.001768 -24.911640 1.185415 -6.045236 -26.725176 11.666621 -1.131051 -16.452227 -6.820981 -15.258268 -6.876182
-17.935350 -13.519517 -22.320555 -8.941710 -0.467165 -7.086869 10.137485 -15.177756 -16.216425 -22.152672 -0.134913
-26.160429 -17.446266 -23.911253 -8.596288 -1.609015 -7.013374 13.267956 -17.289848 -19.572475 -25.106466 -1.648707
-23.511070 -18.981895 -27.042046 -12.549033 2.471265 -9.871749 11.342179 -16.513147 -17.108582 -23.806675 1.328196
-27.067593 -14.847862 -20.447510 -6.010002 -2.970273 -5.832798 12.342548 -17.786522 -18.504122 -22.313662 -4.314026
-24.018522 -16.567011 -35.385174 -14.049335 6.536104 -18.005095 9.898039 -14.884739 -21.106588 -25.163319 1.785456
-21.646618 -13.115173 -16.067274 -4.003697 -4.539047 -5.738355 9.954896 -16.320372 -16.170862 -20.842094 -0.152498
-18.352953 -12.801778 -20.764578 -7.423804 -1.003100 -6.323071 10.512658 -15.994689 -16.978960 -23.773174 -1.995589
-26.359568 -17.366463 -20.875286 -7.667581 -6.148869 -3.612241 11.472639 -20.295723 -17.393169 -25.692095 0.943994
-24.421850 -17.035738 -20.487871 -7.265836 -6.038896 -3.170980 10.809653 -18.435652 -17.430607 -25.801445 -2.202542
-22.736473 -13.647412 -21.349922 -7.454587 0.840691 -8.868039 11.320975 -15.448756 -17.121775 -21.493616 -0.748314
-22.806557 -16.741613 -21.366329 -8.887271 -6.645968 -1.948272 9.394234 -16.231815 -14.986408 -21.681787 0.274880
-23.636837 -13.563869 -19.030098 -5.625259 -0.403197 -8.270120 10.626613 -14.686570 -16.422522 -18.892754 -0.859436
-23.965248 -16.730236 -30.003469 -12.171195 2.199839 -13.565969 11.118420 -17.233253 -17.361197 -24.292818 2.758013
-19.029472 -11.280997 -14.753045 -3.807902 -3.675540 -4.493746 8.892687 -14.558976 -13.301081 -18.033609 -1.794489
-24.750814 -19.053268 -33.449783 -14.420677 5.028931 -14.628668 11.609769 -16.854166 -18.243271 -24.146181 1.695875
-19.887543 -13.068731 -17.978163 -6.366647 -3.314565 -6.630668 9.214346 -14.488252 -11.571344 -16.938581 0.035358
-21.009731 -18.836685 -31.038990 -14.816103 3.382535 -12.741961 10.069460 -15.905195 -15.020464 -21.738665 2.869169
-19.920074 -7.996459 -13.937426 -1.454009 -5.170350 -4.344110 7.027713 -11.047486 -14.475220 -15.346421 -3.700015
-21.510244 -11.437322 -22.925903 -5.586545 -3.442601 -6.760526 10.883655 -17.519764 -18.503679 -24.162262 -4.081196
-20.268761 -11.159101 -8.503916 1.117022 -7.554211 -2.874151 7.461220 -14.052237 -13.182083 -15.675003 -4.040107
-21.024670 -12.339826 -22.465630 -6.704097 -1.261508 -8.897572 10.031772 -15.139235 -14.687711 -18.818323 -1.539365
-20.396151 -14.229251 -21.719265 -8.525851 2.321330 -9.204969 10.417854 -13.737516 -15.101798 -19.911377 -0.695203
-23.592529 -17.226482 -24.884007 -10.044806 0.077186 -8.651196 12.345495 -17.197451 -17.523851 -24.333828 0.241120
-25.215139 -15.207430 -19.178255 -4.701274 -3.860691 -5.112732 12.064736 -17.328037 -19.740334 -24.005630 -3.174402
-22.812445 -17.104137 -22.466206 -8.836389 -4.464941 -5.070030 11.086519 -17.791357 -16.428555 -24.230764 0.841196
-27.220383 -13.632969 -21.681332 -4.204644 -4.108378 -5.893790 12.183606 -18.834387 -21.323538 -26.508919 -7.321543
-23.148512 -18.219105 -25.974283 -10.612818 -2.138583 -6.745566 12.724524 -20.179861 -19.167458 -28.267998 -0.713517
-27.746576 -17.240587 -22.671391 -7.627366 -2.322514 -6.146925 13.424174 -18.152779 -19.892992 -24.233887 -3.935521
-20.665627 -14.348001 -29.820389 -11.414896 3.358671 -12.614974 10.799556 -16.833979 -18.004404 -24.491436 -0.349123
-27.831247 -16.207087 -18.945066 -5.491476 -7.019257 -2.484342 11.924496 -17.897562 -17.590782 -22.383478 -3.973187
-18.595676 -12.710423 -21.497805 -8.045540 -1.341432 -7.170902 10.045153 -15.782431 -13.864657 -20.078339 -1.261958
-25.179367 -14.410547 -20.416977 -5.243561 -1.842041 -6.840549 11.933067 -16.044506 -19.421766 -23.259506 -2.939731
-23.329952 -14.986819 -21.586540 -7.461573 -2.732030 -5.855835 11.253646 -15.532026 -16.285210 -20.770479 -2.137052
-28.295023 -16.774549 -23.722391 -7.149187 -3.728335 -5.288182 13.719906 -19.010622 -21.517942 -26.743357 -3.660580
-24.122175 -16.431589 -23.329098 -8.976123 -3.056087 -5.529727 12.074879 -17.871489 -18.004412 -25.532509 -0.655248
-26.491619 -15.453691 -24.135302 -7.707211 -1.807815 -7.390688 13.175997 -17.813660 -18.726057 -23.442511 -3.387842
-22.103498 -13.989515 -25.479637 -9.024644 2.714126 -12.228167 11.332014 -16.645447 -17.565161 -23.237394 -0.807534
-30.517900 -18.871578 -24.397783 -8.535400 -4.644965 -4.578542 14.359962 -20.270853 -21.111567 -26.388788 -4.043790
-24.263693 -19.043941 -25.328386 -11.153131 -1.999348 -7.107283 12.361734 -18.373165 -16.584854 -23.715063 1.275551
-28.394165 -19.695820 -20.814512 -7.952045 -6.330158 -3.715219 12.655931 -19.471767 -17.059858 -21.809755 -2.171756
-21.423594 -15.117424 -24.104790 -10.190925 2.949057 -9.653408 11.161086 -14.438400 -15.598672 -20.329107 -0.417994
-24.164246 -17.443653 -17.652481 -6.760459 -6.760988 -1.615334 11.431157 -17.408848 -17.688387 -21.527655 -4.532414
-24.868612 -15.597254 -19.681019 -6.604505 -5.111812 -5.477102 10.468127 -17.437170 -13.417912 -19.906706 -0.199896
-25.139660 -12.265087 -17.178982 -3.063179 -7.275052 -2.903474 10.206480 -16.267639 -16.837011 -20.398838 -5.986864
-23.487038 -17.102726 -27.811907 -12.293966 4.978408 -12.356071 11.729907 -15.145385 -16.718664 -20.727043 -0.563947
-22.910660 -16.767168 -20.320068 -8.812846 -3.229092 -4.290806 10.814958 -15.783250 -15.068695 -18.449535 -4.679916
-22.450043 -14.666064 -25.542936 -10.006329 3.184931 -10.770184 11.623251 -15.128864 -17.063812 -21.686094 -1.005088
-25.747414 -16.029774 -20.491692 -6.593409 -5.527716 -3.852610 12.135807 -17.494013 -18.781305 -21.348787 -6.596718
-23.185528 -16.112013 -23.128820 -8.850193 -3.973845 -4.981172 10.973449 -17.751940 -16.173618 -24.032463 -0.529429
-26.206310 -15.192059 -19.440044 -5.188570 -4.870709 -5.865983 11.260716 -18.491884 -15.325966 -20.406448 -1.026895
-27.219105 -27.229622 -27.011631 -16.033581 -1.814591 -22.468527 -3.041608 -11.793593 -11.037431 -8.590478 14.384327
-12.927424 -14.259198 -9.014572 -4.928939 -5.377598 -6.425784 -0.255349 -8.940091 -4.587157 -7.105955 5.504860
-21.346756 -16.512543 -20.632389 -8.730619 -2.471658 -19.952297 -6.745461 -7.363969 -9.830614 -4.245020 9.109028
-12.983722 -14.451911 -10.517715 -6.660248 -6.306860 -3.644156 -0.066104 -7.460839 -4.147391 -6.857043 4.293185
-32.298313 -22.887281 -16.891806 -6.491402 -8.460044 -13.449910 -0.203896 -12.012105 -10.320278 -5.888247 8.339512
-12.077419 -11.510180 -12.518377 -6.113453 -2.913601 -10.254693 -2.279863 -6.314168 -3.252632 -3.488822 4.474854
-18.649099 -15.956847 -16.384096 -7.575211 -4.834729 -15.006790 -7.507263 -2.597501 -10.345879 -2.237990 6.234278
-10.509922 -12.271376 -11.242357 -6.294569 -3.873023 -9.517542 -3.364772 -5.828141 -3.306845 -2.937306 4.810319
-19.296207 -19.588928 -21.869820 -12.955310 -3.365041 -15.956379 -6.365986 -5.559723 -8.473844 -3.886867 9.543646
-14.647675 -14.313243 -11.035615 -5.909046 -5.662951 -4.466863 -0.046175 -7.476896 -6.798271 -7.900065 5.072884
-17.053194 -17.666794 -20.423479 -11.343901 -0.318428 -17.316408 -4.166880 -7.509871 -9.773406 -7.174231 9.475130
-12.036316 -13.628989 -14.898727 -8.776422 -1.558498 -11.507855 -2.162275 -6.908786 -4.530105 -4.966078 6.893215
-23.905397 -19.921164 -20.390356 -9.573166 -3.964115 -15.163237 -5.643453 -4.417863 -14.516294 -6.456575 9.495990
-15.172743 -14.270434 -11.957816 -6.829356 -3.473763 -6.523851 -0.199999 -5.102943 -7.214057 -5.239804 3.494043
-20.153666 -19.713318 -22.266649 -11.795522 -1.747316 -17.316118 -5.652966 -5.597368 -12.791267 -7.485603 10.782495
-11.183740 -13.611417 -7.771929 -5.309857 -6.756783 -8.085799 -4.296741 -6.314576 -0.993791 -1.532487 4.739476
-29.771633 -21.221729 -10.942286 -1.740362 -13.214877 -16.910357 -9.645701 -6.890964 -15.618587 -5.655052 10.251600
-9.014763 -10.826687 -14.046278 -6.656600 -0.569201 -8.836416 -1.176516 -6.207346 -6.714978 -6.830930 2.772837
-33.417618 -25.792784 -20.394346 -9.826671 -10.057283 -20.202267 -8.631648 -8.472043 -15.260131 -7.004055 16.077095
-9.237236 -4.957410 -10.402295 -2.471062 -4.017481 -5.806669 -3.192744 -3.579249 -8.060900 -5.400695 1.956299
-26.887848 -18.689087 -21.756809 -9.774420 -6.264951 -12.460090 -4.112535 -6.269358 -15.312678 -9.698146 11.208440
-8.322529 -9.147943 -10.707573 -5.684122 -2.185616 -7.829484 -2.649693 -3.322401 -4.034416 -2.760281 3.876365
-24.730253 -23.074163 -15.746377 -9.318911 -10.141973 -17.118240 -7.657345 -10.521159 -6.042964 -3.257983 12.418998
-10.756412 -9.264823 -9.319333 -3.551699 -1.195280 -7.504569 -0.027786 -6.482111 -6.816539 -6.616840 3.894559
-24.539293 -22.150658 -16.419397 -7.730542 -6.238067 -18.767874 -8.033506 -6.660656 -10.173848 -3.279223 9.729789
-16.377867 -18.414333 -5.805330 -4.829112 -9.010208 -4.967619 -2.948830 -9.059666 -4.249182 -6.967564 5.716187
-24.907606 -22.468710 -22.321865 -12.121311 -4.168686 -19.510534 -4.082060 -10.906657 -7.214308 -4.952831 10.733744
-18.395054 -19.202307 -15.021547 -9.364558 -6.290851 -8.595658 -2.028336 -8.424615 -6.527856 -7.832253 9.077193
-29.501461 -19.646156 -15.164234 -5.466796 -11.576279 -16.382938 -8.450075 -7.336354 -9.356848 -1.342812 10.898644
-14.790271 -14.221396 -15.080667 -8.139394 -3.309752 -8.770115 -1.877711 -5.305376 -8.686457 -7.300266 8.107319
-24.704723 -20.356064 -22.913040 -11.822143 -4.493671 -21.811277 -9.557597 -6.216418 -9.519063 -0.928443 11.538461
-13.054132 -10.762844 -6.780867 -2.106880 -3.200462 -7.205563 0.877106 -7.046088 -8.562217 -7.392442 3.500185
-20.570501 -18.899904 -15.679884 -8.673316 -4.990729 -10.930091 -1.000053 -8.298648 -8.484953 -6.535057 9.008762
-13.376289 -14.323939 -12.151738 -7.845397 -4.375402 -5.947299 -2.032050 -4.510365 -4.947937 -3.198548 3.556133
-19.430498 -17.682878 -19.921629 -9.609049 -0.293343 -15.709002 -1.883486 -7.402378 -13.690029 -10.994076 9.292480
-17.132360 -16.200239 -14.255430 -6.407917 -9.507882 -8.486133 -6.494493 -3.878741 -8.436338 -4.725776 8.327306
-19.020666 -17.783304 -20.111792 -10.456186 -1.406580 -15.427318 -3.883145 -6.719526 -9.111598 -5.699937 7.973382
-16.573650 -15.523562 -9.336612 -4.654341 -6.579926 -4.367378 -1.479878 -5.132267 -8.769672 -6.625915 5.001132
-19.987494 -18.346283 -16.518456 -8.462903 -5.015127 -14.618014 -5.942912 -7.742091 -8.995401 -5.595214 10.645771
-13.981866 -11.729857 -13.209680 -5.871628 -4.162212 -9.112549 -3.945722 -3.516450 -8.675221 -4.860955 7.128622
-24.129168 -11.742403 -20.102036 -5.603977 -4.680413 -12.496351 -1.281421 -10.351137 -13.846938 -11.755230 6.129146
-21.329594 -15.973964 -18.389317 -5.978083 -8.293918 -13.875476 -6.130783 -8.275449 -12.655593 -8.208832 9.015841
-25.880747 -16.398455 -16.695206 -5.141072 -5.079956 -14.341246 -5.032650 -7.044739 -11.940106 -5.405999 7.774332
-12.789861 -12.785083 -9.489272 -5.382168 -4.361390 -6.468223 -1.429188 -5.510489 -5.419475 -5.377406 5.371109
-20.375015 -16.625526 -21.412678 -10.171653 -1.202408 -15.649311 -2.109171 -8.058052 -10.942697 -8.496099 7.955848
-17.031609 -15.020078 -13.417538 -5.987939 -0.776346 -14.213962 -1.354468 -6.399405 -8.958375 -5.775822 6.190512
-25.052233 -22.385180 -18.401913 -9.620461 -5.519568 -16.539457 -5.586507 -10.364327 -6.363416 -4.123150 10.128425
-15.514512 -16.033243 -16.359917 -8.887476 -4.430967 -12.414281 -4.589822 -5.010075 -8.815403 -6.222676 9.422231
-28.461924 -15.117682 -20.659920 -4.613761 -3.168518 -16.822393 -3.668776 -7.806877 -16.898174 -9.464297 7.516243
-14.843828 -17.506792 -11.661454 -7.329044 -6.020608 -9.936942 -1.834841 -9.628801 -3.507185 -6.164744 7.883981
