-0.332339 9.404168 -12.587986 -6.962854 -3.639336 -13.517023 -9.537174 -4.655921 -9.777040 -12.404879 -2.484042 -6.760225
-2.084682 12.451632 -15.128887 -7.025221 -4.319341 -16.041676 -11.172595 -6.894483 -10.782702 -15.229182 -5.207946 -6.863902
-3.173032 5.281354 -10.290298 -4.087304 0.512058 -13.743593 -4.857883 -7.301831 -11.072516 -13.203224 -1.621906 -6.346397
-5.341786 13.297289 -17.886547 -7.569843 -3.023260 -18.856779 -12.946719 -7.140109 -12.368889 -15.957410 -4.277151 -8.649241
-4.518006 14.108798 -18.053705 -8.060493 -2.933079 -18.466026 -12.182282 -6.807943 -12.669161 -15.899197 -4.990561 -7.407707
-1.541002 9.699113 -14.045203 -6.930075 -1.592073 -15.218298 -7.941870 -6.307566 -11.517562 -14.508101 -2.679836 -6.145317
-5.209044 9.642482 -17.422691 -8.402658 -1.883204 -19.037661 -9.920526 -7.737815 -14.430010 -16.024698 0.166391 -8.142267
-9.817254 7.791179 -18.329159 -7.073803 -1.200800 -21.415642 -10.599697 -7.510541 -15.271988 -14.913005 -0.056136 -8.440937
-4.640662 12.249374 -17.365788 -8.259658 -1.305526 -17.795063 -10.724758 -6.369943 -12.509360 -14.817422 -2.992965 -6.349538
-10.911756 6.267904 -18.582340 -7.744429 -3.408922 -21.328217 -9.644064 -7.525403 -15.759604 -13.865944 4.102716 -9.008567
-16.395771 -24.724949 19.778435 0.418424 -44.020199 -3.163899 -16.849955 -31.395632 4.768172 -16.678873 -6.883015 -25.794966
-14.401336 -19.814907 13.794947 3.937091 -34.636890 -9.523806 -15.061349 -30.859432 4.941887 -17.064171 -2.771052 -20.342459
-1.030319 -6.156184 6.558408 -0.871808 -13.164612 -0.696544 -4.694850 -8.612082 0.489613 -6.630503 -1.729333 -7.576826
-20.751272 -30.025089 25.211443 -1.098043 -53.261242 -1.889865 -19.463675 -35.918106 2.512268 -21.426565 -7.637764 -30.411736
-13.014282 -16.829414 13.678775 -4.178890 -29.524515 2.018260 -8.368708 -20.071863 0.225188 -12.824602 -5.565671 -15.676395
-16.664434 -23.926760 23.328075 -5.300906 -40.712025 -0.515220 -11.936752 -31.793314 -2.089113 -20.917158 -10.631035 -23.342415
-24.094099 -32.598331 29.031406 -5.388715 -58.854324 -1.057858 -19.951210 -40.225559 -1.592919 -27.084898 -8.681853 -31.927235
-14.779236 -20.277067 17.999250 2.934292 -37.644691 -4.675986 -14.040717 -29.571333 3.026691 -17.582426 -5.880167 -23.001148
-12.654112 -18.815817 17.992603 -1.166960 -36.638371 -2.253431 -13.313437 -24.270689 2.005543 -15.420978 -5.771751 -21.014538
-14.494846 -21.696655 18.757721 1.049564 -40.151772 -3.872697 -15.237578 -28.546165 3.406045 -16.630852 -6.413956 -23.699274
-19.229296 -13.465596 10.811586 19.195276 -41.500225 -19.601683 -13.674158 -34.709404 -4.365753 -21.707788 0.696895 -24.650148
-18.246717 -12.160637 10.113881 16.957615 -37.103718 -17.936903 -11.062259 -31.706329 -4.251169 -19.834616 0.171395 -21.725245
-15.405951 -11.505297 8.889612 15.764883 -31.595671 -14.780996 -9.066054 -28.341284 -3.398941 -17.303797 -1.434236 -18.668182
-18.803841 -14.595795 11.083317 18.885666 -40.347111 -18.313702 -13.246602 -34.144833 -2.735969 -20.007027 -0.920541 -23.895863
-16.701717 -10.355233 9.613143 14.175229 -33.275459 -15.404009 -8.496046 -28.096098 -4.496463 -17.870384 0.305119 -19.391262
-18.828812 -8.380193 5.630819 16.026575 -25.942984 -16.579784 -6.660619 -30.065247 -4.574709 -19.106192 -1.072743 -17.693346
-18.352966 -15.685958 11.131332 16.339323 -35.432098 -16.068247 -10.267777 -29.810631 -5.702621 -16.956705 0.568548 -22.018429
-17.592430 -13.914864 11.617006 17.211140 -45.808216 -16.447668 -13.853047 -34.637199 -5.132091 -22.465103 1.068650 -23.751232
-14.720951 -8.900944 8.664681 12.614045 -29.209246 -15.113954 -6.691521 -28.143560 -9.045595 -19.923361 -1.422573 -17.302984
-13.904884 -10.003516 9.163324 13.614159 -32.525646 -13.631135 -9.134612 -27.503578 -3.671847 -18.170059 0.042128 -18.107843
7.896772 -2.188841 -2.268742 -4.270741 -6.386622 -4.116564 -4.917367 -2.873351 -2.007703 -5.198361 -1.706354 -4.125340
7.989072 -2.125152 -2.467151 -4.382700 -6.309729 -4.301565 -4.989230 -2.814801 -2.035995 -5.221261 -1.733052 -4.105848
7.989072 -2.125152 -2.467151 -4.382700 -6.309729 -4.301565 -4.989230 -2.814801 -2.035995 -5.221261 -1.733052 -4.105848
7.989072 -2.125152 -2.467151 -4.382700 -6.309729 -4.301565 -4.989230 -2.814801 -2.035995 -5.221261 -1.733052 -4.105848
7.989072 -2.125152 -2.467151 -4.382700 -6.309729 -4.301565 -4.989230 -2.814801 -2.035995 -5.221261 -1.733052 -4.105848
7.989072 -2.125152 -2.467151 -4.382700 -6.309729 -4.301565 -4.989230 -2.814801 -2.035995 -5.221261 -1.733052 -4.105848
7.989072 -2.125152 -2.467151 -4.382700 -6.309729 -4.301565 -4.989230 -2.814801 -2.035995 -5.221261 -1.733052 -4.105848
7.837820 -2.267491 -2.214970 -4.143851 -6.433545 -4.136196 -4.839686 -2.930715 -1.964238 -5.138173 -1.561986 -4.158609
7.989072 -2.125152 -2.467151 -4.382700 -6.309729 -4.301565 -4.989230 -2.814801 -2.035995 -5.221261 -1.733052 -4.105848
7.905783 -2.182877 -2.287731 -4.280777 -6.379147 -4.133734 -4.923489 -2.867662 -2.010387 -5.200623 -1.709011 -4.122963
7.989072 -2.125152 -2.467151 -4.382700 -6.309729 -4.301565 -4.989230 -2.814801 -2.035995 -5.221261 -1.733052 -4.105848
7.989072 -2.125152 -2.467151 -4.382700 -6.309729 -4.301565 -4.989230 -2.814801 -2.035995 -5.221261 -1.733052 -4.105848
7.989072 -2.125152 -2.467151 -4.382700 -6.309729 -4.301565 -4.989230 -2.814801 -2.035995 -5.221261 -1.733052 -4.105848
7.989072 -2.125152 -2.467151 -4.382700 -6.309729 -4.301565 -4.989230 -2.814801 -2.035995 -5.221261 -1.733052 -4.105848
7.989072 -2.125152 -2.467151 -4.382700 -6.309729 -4.301565 -4.989230 -2.814801 -2.035995 -5.221261 -1.733052 -4.105848
7.989072 -2.125152 -2.467151 -4.382700 -6.309729 -4.301565 -4.989230 -2.814801 -2.035995 -5.221261 -1.733052 -4.105848
7.989072 -2.125152 -2.467151 -4.382700 -6.309729 -4.301565 -4.989230 -2.814801 -2.035995 -5.221261 -1.733052 -4.105848
7.984399 -2.115849 -2.468746 -4.372764 -6.305157 -4.303367 -4.985619 -2.812338 -2.037411 -5.218759 -1.730880 -4.101505
7.177433 -2.662064 -1.627814 -3.498859 -6.756974 -3.720377 -4.637847 -3.289576 -1.406693 -4.836521 -1.164953 -4.354658
7.989072 -2.125152 -2.467151 -4.382700 -6.309729 -4.301565 -4.989230 -2.814801 -2.035995 -5.221261 -1.733052 -4.105848
7.989072 -2.125152 -2.467151 -4.382700 -6.309729 -4.301565 -4.989230 -2.814801 -2.035995 -5.221261 -1.733052 -4.105848
7.989072 -2.125152 -2.467151 -4.382700 -6.309729 -4.301565 -4.989230 -2.814801 -2.035995 -5.221261 -1.733052 -4.105848
7.989072 -2.125152 -2.467151 -4.382700 -6.309729 -4.301565 -4.989230 -2.814801 -2.035995 -5.221261 -1.733052 -4.105848
7.989072 -2.125152 -2.467151 -4.382700 -6.309729 -4.301565 -4.989230 -2.814801 -2.035995 -5.221261 -1.733052 -4.105848
7.989072 -2.125152 -2.467151 -4.382700 -6.309729 -4.301565 -4.989230 -2.814801 -2.035995 -5.221261 -1.733052 -4.105848
7.989072 -2.125152 -2.467151 -4.382700 -6.309729 -4.301565 -4.989230 -2.814801 -2.035995 -5.221261 -1.733052 -4.105848
7.989072 -2.125152 -2.467151 -4.382700 -6.309729 -4.301565 -4.989230 -2.814801 -2.035995 -5.221261 -1.733052 -4.105848
7.989072 -2.125152 -2.467151 -4.382700 -6.309729 -4.301565 -4.989230 -2.814801 -2.035995 -5.221261 -1.733052 -4.105848
7.989072 -2.125152 -2.467151 -4.382700 -6.309729 -4.301565 -4.989230 -2.814801 -2.035995 -5.221261 -1.733052 -4.105848
7.989072 -2.125152 -2.467151 -4.382700 -6.309729 -4.301565 -4.989230 -2.814801 -2.035995 -5.221261 -1.733052 -4.105848
7.989072 -2.125152 -2.467151 -4.382700 -6.309729 -4.301565 -4.989230 -2.814801 -2.035995 -5.221261 -1.733052 -4.105848
7.989072 -2.125152 -2.467151 -4.382700 -6.309729 -4.301565 -4.989230 -2.814801 -2.035995 -5.221261 -1.733052 -4.105848
7.989072 -2.125152 -2.467151 -4.382700 -6.309729 -4.301565 -4.989230 -2.814801 -2.035995 -5.221261 -1.733052 -4.105848
7.989072 -2.125152 -2.467151 -4.382700 -6.309729 -4.301565 -4.989230 -2.814801 -2.035995 -5.221261 -1.733052 -4.105848
7.931342 -2.165932 -2.341655 -4.309256 -6.357924 -4.182498 -4.940856 -2.851532 -2.018031 -5.207065 -1.716525 -4.116260
7.989072 -2.125152 -2.467151 -4.382700 -6.309729 -4.301565 -4.989230 -2.814801 -2.035995 -5.221261 -1.733052 -4.105848
7.989072 -2.125152 -2.467151 -4.382700 -6.309729 -4.301565 -4.989230 -2.814801 -2.035995 -5.221261 -1.733052 -4.105848
7.252128 -2.427098 -2.596837 -4.440787 -6.601421 -3.980814 -4.952498 -3.120632 -1.294956 -4.942047 -1.318918 -3.429385
7.989072 -2.125152 -2.467151 -4.382700 -6.309729 -4.301565 -4.989230 -2.814801 -2.035995 -5.221261 -1.733052 -4.105848
7.989072 -2.125152 -2.467151 -4.382700 -6.309729 -4.301565 -4.989230 -2.814801 -2.035995 -5.221261 -1.733052 -4.105848
7.989072 -2.125152 -2.467151 -4.382700 -6.309729 -4.301565 -4.989230 -2.814801 -2.035995 -5.221261 -1.733052 -4.105848
7.989072 -2.125152 -2.467151 -4.382700 -6.309729 -4.301565 -4.989230 -2.814801 -2.035995 -5.221261 -1.733052 -4.105848
7.989072 -2.125152 -2.467151 -4.382700 -6.309729 -4.301565 -4.989230 -2.814801 -2.035995 -5.221261 -1.733052 -4.105848
7.989072 -2.125152 -2.467151 -4.382700 -6.309729 -4.301565 -4.989230 -2.814801 -2.035995 -5.221261 -1.733052 -4.105848
6.434638 -2.749878 -0.859137 -3.173603 -7.289802 -3.297688 -4.490703 -3.117970 -1.804291 -4.829759 -0.984131 -4.363926
7.989072 -2.125152 -2.467151 -4.382700 -6.309729 -4.301565 -4.989230 -2.814801 -2.035995 -5.221261 -1.733052 -4.105848
7.989072 -2.125152 -2.467151 -4.382700 -6.309729 -4.301565 -4.989230 -2.814801 -2.035995 -5.221261 -1.733052 -4.105848
7.989072 -2.125152 -2.467151 -4.382700 -6.309729 -4.301565 -4.989230 -2.814801 -2.035995 -5.221261 -1.733052 -4.105848
7.989072 -2.125152 -2.467151 -4.382700 -6.309729 -4.301565 -4.989230 -2.814801 -2.035995 -5.221261 -1.733052 -4.105848
7.989072 -2.125152 -2.467151 -4.382700 -6.309729 -4.301565 -4.989230 -2.814801 -2.035995 -5.221261 -1.733052 -4.105848
7.989072 -2.125152 -2.467151 -4.382700 -6.309729 -4.301565 -4.989230 -2.814801 -2.035995 -5.221261 -1.733052 -4.105848
7.989072 -2.125152 -2.467151 -4.382700 -6.309729 -4.301565 -4.989230 -2.814801 -2.035995 -5.221261 -1.733052 -4.105848
7.989072 -2.125152 -2.467151 -4.382700 -6.309729 -4.301565 -4.989230 -2.814801 -2.035995 -5.221261 -1.733052 -4.105848
7.989072 -2.125152 -2.467151 -4.382700 -6.309729 -4.301565 -4.989230 -2.814801 -2.035995 -5.221261 -1.733052 -4.105848
7.989072 -2.125152 -2.467151 -4.382700 -6.309729 -4.301565 -4.989230 -2.814801 -2.035995 -5.221261 -1.733052 -4.105848
7.989072 -2.125152 -2.467151 -4.382700 -6.309729 -4.301565 -4.989230 -2.814801 -2.035995 -5.221261 -1.733052 -4.105848
7.989072 -2.125152 -2.467151 -4.382700 -6.309729 -4.301565 -4.989230 -2.814801 -2.035995 -5.221261 -1.733052 -4.105848
7.989072 -2.125152 -2.467151 -4.382700 -6.309729 -4.301565 -4.989230 -2.814801 -2.035995 -5.221261 -1.733052 -4.105848
7.989072 -2.125152 -2.467151 -4.382700 -6.309729 -4.301565 -4.989230 -2.814801 -2.035995 -5.221261 -1.733052 -4.105848
7.989072 -2.125152 -2.467151 -4.382700 -6.309729 -4.301565 -4.989230 -2.814801 -2.035995 -5.221261 -1.733052 -4.105848
7.989072 -2.125152 -2.467151 -4.382700 -6.309729 -4.301565 -4.989230 -2.814801 -2.035995 -5.221261 -1.733052 -4.105848
7.989072 -2.125152 -2.467151 -4.382700 -6.309729 -4.301565 -4.989230 -2.814801 -2.035995 -5.221261 -1.733052 -4.105848
7.989072 -2.125152 -2.467151 -4.382700 -6.309729 -4.301565 -4.989230 -2.814801 -2.035995 -5.221261 -1.733052 -4.105848
7.989072 -2.125152 -2.467151 -4.382700 -6.309729 -4.301565 -4.989230 -2.814801 -2.035995 -5.221261 -1.733052 -4.105848
7.989072 -2.125152 -2.467151 -4.382700 -6.309729 -4.301565 -4.989230 -2.814801 -2.035995 -5.221261 -1.733052 -4.105848
7.989072 -2.125152 -2.467151 -4.382700 -6.309729 -4.301565 -4.989230 -2.814801 -2.035995 -5.221261 -1.733052 -4.105848
7.989072 -2.125152 -2.467151 -4.382700 -6.309729 -4.301565 -4.989230 -2.814801 -2.035995 -5.221261 -1.733052 -4.105848
7.989072 -2.125152 -2.467151 -4.382700 -6.309729 -4.301565 -4.989230 -2.814801 -2.035995 -5.221261 -1.733052 -4.105848
7.989072 -2.125152 -2.467151 -4.382700 -6.309729 -4.301565 -4.989230 -2.814801 -2.035995 -5.221261 -1.733052 -4.105848
7.989072 -2.125152 -2.467151 -4.382700 -6.309729 -4.301565 -4.989230 -2.814801 -2.035995 -5.221261 -1.733052 -4.105848
7.989072 -2.125152 -2.467151 -4.382700 -6.309729 -4.301565 -4.989230 -2.814801 -2.035995 -5.221261 -1.733052 -4.105848
7.989072 -2.125152 -2.467151 -4.382700 -6.309729 -4.301565 -4.989230 -2.814801 -2.035995 -5.221261 -1.733052 -4.105848
7.989072 -2.125152 -2.467151 -4.382700 -6.309729 -4.301565 -4.989230 -2.814801 -2.035995 -5.221261 -1.733052 -4.105848
7.989072 -2.125152 -2.467151 -4.382700 -6.309729 -4.301565 -4.989230 -2.814801 -2.035995 -5.221261 -1.733052 -4.105848
7.989072 -2.125152 -2.467151 -4.382700 -6.309729 -4.301565 -4.989230 -2.814801 -2.035995 -5.221261 -1.733052 -4.105848
7.989072 -2.125152 -2.467151 -4.382700 -6.309729 -4.301565 -4.989230 -2.814801 -2.035995 -5.221261 -1.733052 -4.105848
7.989072 -2.125152 -2.467151 -4.382700 -6.309729 -4.301565 -4.989230 -2.814801 -2.035995 -5.221261 -1.733052 -4.105848
7.989072 -2.125152 -2.467151 -4.382700 -6.309729 -4.301565 -4.989230 -2.814801 -2.035995 -5.221261 -1.733052 -4.105848
7.989072 -2.125152 -2.467151 -4.382700 -6.309729 -4.301565 -4.989230 -2.814801 -2.035995 -5.221261 -1.733052 -4.105848
7.989072 -2.125152 -2.467151 -4.382700 -6.309729 -4.301565 -4.989230 -2.814801 -2.035995 -5.221261 -1.733052 -4.105848
7.989072 -2.125152 -2.467151 -4.382700 -6.309729 -4.301565 -4.989230 -2.814801 -2.035995 -5.221261 -1.733052 -4.105848
7.811679 -2.248625 -2.101431 -4.182914 -6.458927 -3.971069 -4.868103 -2.925361 -1.984937 -5.179676 -1.677273 -4.146052
7.989072 -2.125152 -2.467151 -4.382700 -6.309729 -4.301565 -4.989230 -2.814801 -2.035995 -5.221261 -1.733052 -4.105848
7.989072 -2.125152 -2.467151 -4.382700 -6.309729 -4.301565 -4.989230 -2.814801 -2.035995 -5.221261 -1.733052 -4.105848
7.989072 -2.125152 -2.467151 -4.382700 -6.309729 -4.301565 -4.989230 -2.814801 -2.035995 -5.221261 -1.733052 -4.105848
7.989072 -2.125152 -2.467151 -4.382700 -6.309729 -4.301565 -4.989230 -2.814801 -2.035995 -5.221261 -1.733052 -4.105848
7.989072 -2.125152 -2.467151 -4.382700 -6.309729 -4.301565 -4.989230 -2.814801 -2.035995 -5.221261 -1.733052 -4.105848
7.989072 -2.125152 -2.467151 -4.382700 -6.309729 -4.301565 -4.989230 -2.814801 -2.035995 -5.221261 -1.733052 -4.105848
7.989072 -2.125152 -2.467151 -4.382700 -6.309729 -4.301565 -4.989230 -2.814801 -2.035995 -5.221261 -1.733052 -4.105848
7.989072 -2.125152 -2.467151 -4.382700 -6.309729 -4.301565 -4.989230 -2.814801 -2.035995 -5.221261 -1.733052 -4.105848
7.989072 -2.125152 -2.467151 -4.382700 -6.309729 -4.301565 -4.989230 -2.814801 -2.035995 -5.221261 -1.733052 -4.105848
7.989072 -2.125152 -2.467151 -4.382700 -6.309729 -4.301565 -4.989230 -2.814801 -2.035995 -5.221261 -1.733052 -4.105848
7.989072 -2.125152 -2.467151 -4.382700 -6.309729 -4.301565 -4.989230 -2.814801 -2.035995 -5.221261 -1.733052 -4.105848
7.989072 -2.125152 -2.467151 -4.382700 -6.309729 -4.301565 -4.989230 -2.814801 -2.035995 -5.221261 -1.733052 -4.105848
7.989072 -2.125152 -2.467151 -4.382700 -6.309729 -4.301565 -4.989230 -2.814801 -2.035995 -5.221261 -1.733052 -4.105848
7.989072 -2.125152 -2.467151 -4.382700 -6.309729 -4.301565 -4.989230 -2.814801 -2.035995 -5.221261 -1.733052 -4.105848
7.989072 -2.125152 -2.467151 -4.382700 -6.309729 -4.301565 -4.989230 -2.814801 -2.035995 -5.221261 -1.733052 -4.105848
8.033381 -2.018814 -2.508621 -4.417719 -6.283304 -4.107498 -4.823211 -2.770371 -2.014694 -5.185577 -1.869376 -4.102762
7.811836 -2.248507 -2.101703 -4.183055 -6.458793 -3.971301 -4.868176 -2.925272 -1.984970 -5.179698 -1.677328 -4.146024
7.989072 -2.125152 -2.467151 -4.382700 -6.309729 -4.301565 -4.989230 -2.814801 -2.035995 -5.221261 -1.733052 -4.105848
-8.293919 19.817390 -23.491896 -9.518054 -5.569595 -25.329878 -17.262926 -11.131678 -15.941577 -22.426462 -7.443323 -10.900681
-9.000143 12.974072 -19.786163 -6.482512 -3.914246 -22.171820 -13.430872 -10.739001 -13.759649 -18.147024 -2.222761 -9.183919
-4.075059 11.056944 -14.502037 -4.029658 -6.005741 -15.658160 -9.725986 -8.744723 -9.305155 -13.487979 -3.091425 -6.910263
-6.180632 11.318518 -16.883900 -5.547302 -2.683301 -18.813543 -10.690407 -9.726796 -12.251801 -16.527132 -3.336707 -7.931630
-6.058449 11.514668 -17.343401 -6.036308 -4.167277 -19.065563 -10.853403 -9.848866 -12.274078 -16.149303 -0.875031 -8.294465
-4.158179 11.894748 -15.880601 -7.553772 -6.470755 -16.919439 -12.844423 -5.088145 -11.492407 -13.999714 -3.505186 -8.226551
-6.049229 14.863701 -18.725910 -7.560103 -7.310127 -19.808128 -13.830184 -8.376247 -11.845647 -16.382547 -3.460550 -9.783836
-7.999219 16.171377 -20.436049 -6.172756 -7.648658 -21.317467 -13.582784 -11.396957 -12.941107 -18.626873 -4.158504 -9.461096
-5.100787 14.824422 -18.698299 -7.274202 -7.911671 -19.666409 -13.832292 -9.180819 -11.679796 -17.017572 -5.187934 -9.068812
-6.838820 10.304305 -17.091175 -5.899685 -1.521389 -18.891111 -10.053801 -8.556925 -10.958215 -13.608327 -2.831020 -6.568482
-4.017424 13.496595 -17.328840 -7.972099 -2.975600 -17.244753 -11.425706 -7.023028 -10.998121 -15.064331 -5.729995 -7.631054
-5.004648 12.753833 -16.530081 -5.155953 -5.901624 -17.359161 -10.846555 -9.103398 -10.773734 -14.906380 -3.730414 -7.542369
-3.412527 9.333283 -12.368914 -4.141952 -7.586178 -14.333520 -10.718099 -6.126615 -8.256212 -11.746800 -0.690755 -8.195261
0.317113 4.360344 -6.924791 -5.333692 1.726050 -7.975215 -4.856636 0.576063 -7.393264 -6.623741 -1.757115 -3.343090
-8.182650 6.639306 -15.347260 -4.453871 -1.275740 -19.687487 -8.699833 -9.985840 -13.748151 -16.243883 0.887361 -9.446237
-7.127357 10.696101 -18.276522 -5.887690 -5.831344 -21.030523 -11.259164 -11.738835 -13.857634 -17.954094 1.774550 -9.487515
-9.856301 11.653678 -20.238083 -8.278409 -2.319963 -22.528183 -12.955544 -8.683566 -15.322578 -17.379353 -0.204756 -8.893438
-7.096782 15.208884 -19.594269 -7.067061 -8.055852 -21.429544 -14.973241 -10.002346 -12.514307 -17.737669 -3.427042 -11.164025
-7.525871 11.939138 -18.188492 -4.742320 -4.513388 -20.307011 -11.597755 -10.951788 -12.263340 -16.619377 -2.701966 -8.554890
-9.856551 12.234199 -21.707266 -8.767920 -1.072574 -23.712431 -13.053044 -9.043697 -16.531040 -18.083679 -2.488229 -9.411009
-8.646716 8.826229 -19.021742 -9.362808 3.854769 -21.049955 -10.443027 -3.944549 -14.783883 -13.574444 -6.353077 -5.566201
-4.857782 13.527011 -16.848890 -6.169837 -7.739676 -18.494551 -12.716188 -9.263578 -11.023520 -16.349400 -2.447618 -9.454506
-7.229738 13.596536 -17.967812 -6.676331 -8.580242 -19.513405 -13.603631 -9.582503 -11.174603 -16.846510 -0.549676 -8.994310
-5.493118 13.515231 -18.237579 -6.575252 -3.138185 -18.819012 -10.995234 -8.877074 -12.169781 -15.949948 -4.315215 -6.607862
-10.245885 14.987619 -21.836470 -5.850848 -8.499971 -24.053802 -14.713636 -13.430648 -13.939497 -19.900671 0.986350 -11.565457
-5.869504 16.123529 -19.544205 -6.675189 -6.955372 -21.266415 -14.258943 -10.225874 -13.166739 -18.977852 -5.865238 -8.926085
-5.465941 14.266635 -19.210707 -8.149017 -6.469823 -20.994652 -14.613548 -8.973804 -13.187634 -18.022287 -2.492382 -11.365395
-7.558026 17.358969 -22.029324 -9.116192 -4.278545 -23.751534 -16.532696 -9.301949 -15.191689 -20.030958 -6.407746 -10.669934
-6.017540 14.808275 -18.557005 -8.050761 -5.958037 -20.257093 -14.890807 -7.898199 -12.547543 -17.158482 -3.297385 -10.452741
-8.339884 15.245574 -19.815508 -6.452405 -8.017549 -22.375278 -15.606260 -10.847147 -12.199935 -18.312943 -1.940982 -12.064257
-6.603233 10.348675 -16.402901 -5.181581 -2.581105 -18.348955 -10.540375 -8.407945 -11.748991 -14.578033 -3.587217 -6.278343
-3.177645 13.123156 -15.469712 -7.556159 -4.824439 -17.180841 -12.097890 -7.136128 -10.904845 -15.798203 -3.611630 -7.396026
-8.454897 10.114675 -17.859766 -3.804098 -5.632652 -19.612808 -9.826031 -12.185438 -11.376648 -15.261663 1.538642 -7.438604
-6.011002 4.681230 -13.323898 -4.271161 -3.169369 -15.562735 -5.805580 -8.351606 -10.804336 -11.695947 2.691966 -5.698017
-8.446971 11.792339 -20.011038 -8.488184 -1.485707 -22.002571 -12.835130 -8.415437 -15.347830 -17.436871 -1.735715 -9.409653
-6.869332 8.684192 -16.224394 -4.260131 -4.130937 -18.691517 -9.824134 -10.077210 -11.629922 -14.817293 0.915904 -7.741353
-7.277573 7.374373 -15.686565 -4.963342 -4.600659 -18.386625 -10.176760 -8.672415 -12.122449 -13.694085 2.667854 -8.711260
-6.328500 8.748964 -15.605398 -5.358581 -3.117800 -17.332638 -8.781221 -8.834834 -11.350541 -13.657980 0.394298 -7.248519
-7.958479 11.187319 -19.229832 -6.424418 -3.682560 -21.099020 -11.614958 -10.008631 -13.338798 -16.073196 -0.851612 -8.762178
-5.848161 12.713277 -18.049564 -9.840119 -0.686641 -19.098164 -13.142935 -3.539214 -13.246987 -13.670579 -5.270946 -7.211777
-12.271200 17.017866 -24.508581 -7.779408 -8.624755 -28.012266 -18.838581 -13.900663 -15.896444 -22.245644 -0.955956 -13.999322
-6.125687 16.175758 -20.358940 -8.284448 -6.399097 -22.176210 -16.331650 -8.368727 -13.951406 -18.692183 -9.198974 -10.350553
-8.542387 13.351892 -18.161682 -4.275301 -5.844314 -22.363205 -13.063625 -12.678238 -11.915246 -18.198040 -9.106408 -6.749676
-4.811787 7.324938 -13.563684 -3.964328 -1.561491 -17.275894 -6.625704 -11.216675 -11.309702 -16.099957 -2.484933 -6.880829
-6.546454 14.590742 -18.438412 -5.621709 -6.475426 -20.230825 -13.589478 -9.978574 -12.341605 -17.726177 -7.763638 -7.500211
-8.295283 9.390392 -16.514109 -5.810781 -5.113476 -19.229530 -11.996271 -8.751359 -11.093548 -14.496948 -0.453478 -6.557142
-1.229197 12.126443 -14.840724 -7.439095 -4.597036 -15.896921 -10.909684 -6.841924 -10.833995 -15.524290 -5.297303 -6.626898
-7.726673 16.717768 -21.324829 -9.099431 -3.408148 -22.816166 -15.734233 -8.023227 -14.908728 -18.920927 -8.241755 -7.843364
-6.355590 9.912493 -14.872985 -4.541977 -4.920714 -17.181824 -9.296533 -10.199533 -8.496178 -13.386627 -3.797086 -4.772931
-6.962519 16.947289 -22.674841 -10.697283 -3.872612 -23.602430 -17.169741 -6.343885 -15.936251 -18.458881 -9.858949 -9.564126
-8.016862 19.897274 -23.735611 -10.104622 -5.532831 -25.770039 -18.110077 -10.498448 -16.210138 -22.376541 -8.501161 -11.197636
-8.371456 18.776134 -23.302055 -8.635701 -4.920450 -24.810524 -16.350704 -11.393934 -15.513807 -21.415596 -7.046474 -10.061386
-11.586878 12.964716 -20.346390 -5.658693 -6.243417 -24.191925 -15.652962 -11.413771 -13.005949 -17.485924 -3.611871 -9.388421
-8.809684 14.305752 -22.046862 -9.011470 -1.887391 -23.926052 -13.495596 -10.998355 -16.522289 -20.839817 -2.235806 -9.976971
-7.757203 15.387423 -20.705391 -9.992017 -2.226013 -22.541670 -16.373362 -5.812121 -14.859704 -16.961571 -6.049583 -8.994095
-6.716121 9.967291 -18.476297 -8.294886 -3.803594 -20.931997 -10.442813 -9.962070 -14.763124 -17.354811 1.799195 -9.181751
-3.126000 8.779144 -13.738571 -6.311183 -4.301038 -14.565116 -8.575353 -7.243398 -10.159597 -13.653902 0.690598 -5.869872
-12.576747 23.106647 -29.676102 -11.303252 -6.318211 -32.709843 -23.208584 -11.975547 -19.999931 -25.572247 -14.596719 -13.368326
-1.278340 10.233418 -13.365305 -6.148809 -6.275957 -14.586655 -11.143453 -5.217514 -9.674769 -13.080552 -6.788444 -7.253697
-7.340665 15.227459 -20.058178 -7.211720 -8.342216 -21.132431 -15.137306 -9.066282 -12.877485 -17.398272 -5.001531 -9.562183
-10.122038 10.842826 -19.659206 -7.537787 -3.897439 -22.359877 -14.380229 -7.872419 -14.144868 -15.941312 0.437118 -9.366744
-6.696624 18.103951 -22.052979 -11.306068 -4.684025 -24.072353 -17.970150 -6.896180 -16.069801 -19.850313 -8.198168 -10.017944
-9.779350 18.176706 -23.595781 -9.333885 -3.703321 -26.531742 -18.388882 -9.786363 -16.334087 -21.118979 -9.481954 -10.909427
-12.478955 15.417316 -23.338593 -6.374020 -6.226696 -25.984613 -15.756274 -13.431907 -13.979662 -18.813759 -3.786739 -9.645722
-11.466123 20.342134 -26.463743 -10.175477 -6.765115 -29.122107 -21.088575 -10.040450 -17.433136 -21.976856 -7.239031 -11.909852
-11.920632 19.358740 -26.209484 -9.276666 -6.739575 -28.028423 -19.310600 -11.073510 -16.424034 -21.330214 -7.497839 -9.942122
-11.639099 15.529443 -23.754072 -8.983877 -3.080818 -24.865950 -16.273457 -8.159154 -16.101122 -18.274733 -2.724142 -8.261477
-7.144429 17.435516 -24.074657 -11.815903 -4.832177 -25.873634 -19.803083 -6.950111 -16.881149 -20.133972 -10.471736 -12.547481
-12.640063 15.753324 -24.262127 -8.151734 -4.795992 -26.293427 -17.172388 -10.648960 -15.538723 -19.615965 -4.097692 -9.425792
-7.840268 8.653219 -18.658878 -8.175567 -4.627648 -21.403294 -10.308578 -10.224430 -15.204128 -17.181969 3.367092 -9.293341
-10.753440 14.355631 -22.192707 -8.350914 -4.755456 -24.034739 -15.766656 -10.292560 -14.618074 -18.591301 -1.656229 -9.815835
-10.703368 20.044956 -25.906189 -10.481359 -6.487247 -29.378399 -20.366451 -11.164564 -16.003788 -22.103016 -8.451569 -13.336411
-11.320641 21.674768 -27.235691 -10.322955 -5.928328 -28.395655 -20.107685 -10.074446 -17.429930 -22.629042 -9.114779 -10.241535
-8.580938 10.637950 -17.700531 -6.455050 -5.789278 -20.868711 -13.975044 -9.491602 -12.848747 -16.723783 0.493819 -9.957478
-6.086495 15.800209 -18.819485 -5.974246 -7.032702 -20.836620 -14.325403 -10.523520 -12.645880 -18.958866 -6.861123 -8.096953
-8.265268 16.916489 -22.357693 -8.810820 -4.572588 -23.926960 -16.086910 -9.837096 -15.085497 -19.912399 -4.098158 -10.049798
-7.214408 17.326082 -21.521494 -8.662560 -5.246093 -22.267078 -15.959581 -8.202093 -13.986765 -19.054941 -6.628130 -8.338806
-6.403340 16.566912 -20.317942 -7.745933 -3.883084 -22.235430 -14.892472 -9.087799 -14.058510 -18.778950 -8.390949 -8.795848
-8.877919 7.558456 -15.605816 -4.449844 -7.202115 -18.705257 -11.482941 -9.154772 -10.295455 -13.795823 3.985030 -7.655393
-8.177554 19.356394 -24.289194 -10.472039 -6.764017 -26.647972 -19.178827 -10.385128 -16.698879 -22.097261 -9.152669 -11.786378
-6.415780 14.840572 -20.954941 -11.217072 -4.248278 -22.150953 -16.397593 -3.965032 -15.916066 -16.275724 -10.381330 -8.725282
-13.376192 12.121246 -20.308905 -3.631716 -5.631610 -23.883640 -14.151147 -12.861423 -14.492284 -17.893778 -2.512277 -11.030087
-10.323157 11.170587 -16.988956 -3.013206 -6.891859 -20.619785 -13.109233 -11.942730 -12.105553 -16.521671 -2.181557 -9.046316
-10.563457 17.546494 -23.282358 -7.306449 -6.866166 -25.863556 -17.664185 -11.266984 -15.315524 -20.578817 -5.486937 -10.810068
-12.372019 16.990078 -24.321499 -6.372845 -7.390316 -26.925837 -17.219873 -13.925534 -15.082756 -21.003975 -3.436806 -12.627399
-7.186080 15.766264 -21.492990 -9.475825 -6.157054 -22.933828 -16.820099 -6.987519 -14.413883 -17.578474 -7.957778 -11.125701
-7.960778 16.055693 -20.682096 -6.005623 -7.320028 -22.319422 -14.964840 -10.770706 -13.122821 -18.749805 -4.852586 -8.982068
-9.089776 9.372978 -17.586250 -6.451169 -3.216270 -19.738787 -10.049994 -8.917562 -11.652188 -13.400685 1.452158 -7.034713
-8.451054 20.476913 -26.000763 -13.504433 -4.755013 -27.605694 -20.966007 -7.096356 -18.334738 -22.024801 -7.885250 -12.570346
-6.795015 10.248100 -16.549007 -5.361913 -3.250197 -19.449083 -10.702807 -10.752992 -12.528725 -17.323122 -2.268776 -7.877566
-19.922379 -27.696209 26.721661 -4.681114 -47.695118 -3.115385 -14.110774 -35.451859 -5.011593 -24.209753 -9.031406 -27.809622
-20.772909 -29.273811 27.884560 -3.937300 -52.232510 -6.128628 -16.248093 -37.788250 -6.049796 -25.055273 -9.336425 -30.873484
-20.804678 -27.690132 26.283319 -4.528868 -47.907177 -2.198313 -15.588962 -34.295803 -3.041867 -23.453760 -7.519045 -27.730864
-19.964718 -25.071192 25.400082 -2.642815 -43.455082 -7.054253 -13.382354 -34.644825 -6.625688 -23.418566 -9.348666 -28.533606
-22.717348 -30.549698 26.380215 -1.853366 -53.740372 -1.664095 -18.483543 -37.256374 1.050835 -22.332397 -7.966175 -30.606634
-21.286209 -31.062096 26.766682 -6.615219 -52.096806 -2.358429 -15.660722 -36.699017 -3.875169 -23.187054 -9.058505 -29.701597
-23.987789 -31.677286 29.284395 -6.233740 -55.072323 -1.561854 -17.169405 -38.976715 -4.056021 -26.838903 -8.644956 -31.124422
-16.485022 -23.967993 20.341248 -0.110619 -44.739189 -2.578619 -16.601290 -30.337019 5.008478 -16.060787 -7.512827 -25.536989
-4.086071 -9.500316 9.772492 -0.913951 -19.332664 -1.047827 -6.901629 -12.939491 0.392758 -9.530601 -2.326042 -11.141136
-22.519642 -31.135874 27.778551 -6.449450 -55.792385 -1.394072 -18.287050 -37.893829 -2.978988 -26.035357 -8.003210 -30.490446
-13.436403 -21.143372 19.829607 -1.705192 -39.698219 -1.685657 -14.666276 -26.901587 1.980013 -16.927349 -6.866189 -22.495693
-18.436567 -28.481817 24.490765 -4.916122 -48.565449 -2.272872 -15.464160 -33.873840 -2.059200 -21.290361 -8.604239 -27.522638
-11.522943 -18.154640 14.704872 -0.971057 -33.424652 -1.759121 -12.517146 -22.024212 3.120074 -12.534590 -5.003373 -18.862688
-21.797241 -30.630405 23.677444 -6.171692 -52.635582 0.480915 -16.766994 -34.820374 0.165389 -19.729971 -9.623389 -27.221441
-14.077706 -20.736443 18.755821 -1.369573 -38.664272 -1.739284 -13.874539 -26.123173 2.750351 -15.865927 -6.358382 -22.388796
-19.946806 -28.405533 25.399897 -5.176028 -47.099030 -3.295895 -13.293860 -34.953579 -4.437469 -21.624922 -9.301910 -27.994314
-13.433335 -18.999151 17.904842 -0.114685 -37.412937 -2.544169 -13.000854 -25.154795 2.422792 -15.225105 -5.696498 -21.185774
-17.427790 -25.383848 20.995144 -0.744058 -45.554176 -1.660256 -16.599470 -31.075203 2.503804 -18.725267 -6.273522 -26.166056
-17.154255 -23.470345 19.978130 4.440309 -44.520023 -7.410493 -17.641544 -35.510292 5.046874 -19.628212 -6.905992 -26.182657
-17.394234 -23.846685 20.507938 0.096969 -44.724297 -2.962237 -16.286226 -32.643848 4.059391 -19.006500 -7.794358 -25.595783
-2.708456 -7.634392 6.477242 -0.577476 -14.325898 -0.728893 -4.757699 -10.166149 0.110681 -7.825608 -1.301783 -8.515564
-19.238882 -26.506966 22.393707 -0.903838 -47.206215 -2.090825 -16.633287 -33.983555 2.397746 -20.168285 -7.997819 -27.123198
-22.226963 -32.553452 29.485226 -6.462244 -56.067238 -2.324491 -18.129490 -38.965336 -3.304709 -26.382998 -9.426027 -31.882896
-13.911386 -20.805769 20.448986 -3.307034 -37.205444 -2.840359 -12.576559 -26.610270 -1.837105 -17.758020 -6.592337 -22.426844
-20.560579 -29.401842 26.511656 -4.968626 -50.250050 -3.975800 -15.446954 -36.271271 -3.293163 -21.864403 -9.371739 -29.803989
-23.716465 -31.147873 26.909132 -5.656815 -55.455875 -1.037364 -17.317028 -37.586151 -2.944891 -24.865509 -7.704082 -30.099415
-21.217953 -29.441790 24.963066 -5.753996 -48.734470 0.230855 -15.821630 -34.297016 -0.720095 -21.246685 -8.539175 -27.390154
-17.476665 -25.722557 24.049784 -3.284702 -45.749561 -1.969877 -16.199194 -31.765932 -0.050280 -20.537073 -7.365090 -25.994822
-19.333611 -25.539543 25.455797 -3.698006 -44.265751 -5.544869 -13.405350 -34.321896 -5.784971 -23.349375 -8.836155 -27.933119
-17.731533 -20.634958 20.736937 1.188045 -34.788883 -10.893270 -11.506823 -30.284935 -8.481376 -20.111473 -9.825090 -25.399364
-18.789103 -24.634777 22.918877 -1.462130 -41.279106 -2.772748 -11.102320 -29.629768 -4.612969 -19.424622 -6.345154 -24.664864
-15.071703 -22.053925 20.835983 -1.096635 -42.165672 -2.588836 -15.632010 -28.102558 2.373500 -17.641384 -6.673655 -24.275875
-21.665518 -30.749155 24.673132 -1.855439 -52.052429 -1.732473 -18.699165 -35.626919 2.720147 -19.644892 -7.816959 -30.375256
-10.795904 -17.145544 14.220351 0.139322 -33.945854 -3.564635 -13.312972 -23.179163 4.923706 -12.591743 -5.800043 -18.459494
-25.535427 -32.257122 27.817852 -7.478870 -52.735626 1.093581 -15.670054 -37.554836 -3.257854 -24.527191 -9.668301 -29.496508
-12.204093 -21.635742 20.724810 -1.132724 -38.221245 -4.053616 -14.184529 -26.873793 0.305232 -17.226076 -6.458370 -23.584410
-14.326706 -21.036549 18.400255 1.702950 -40.192287 -3.799816 -14.847017 -28.375536 3.917394 -15.817951 -6.395624 -23.393747
-18.951267 -27.062231 22.706436 -1.003103 -48.292400 -1.495572 -17.497133 -33.308250 2.693938 -19.660353 -6.958157 -28.130264
-22.491484 -31.472973 26.324673 -4.395741 -54.641232 0.125104 -18.676521 -37.031898 0.068830 -23.493723 -7.776049 -30.539440
-20.984550 -27.893240 24.746712 -1.303517 -51.011482 -2.587467 -18.385067 -35.138687 2.340880 -20.981161 -8.021928 -29.567133
-10.099740 -15.930599 15.750960 -2.723239 -31.981567 -3.532372 -9.929034 -21.122744 -4.903178 -16.672739 -3.531247 -17.147102
-14.383741 -18.212801 17.766535 -2.438537 -34.841610 -4.630008 -10.818029 -24.337584 -5.218597 -16.966866 -5.433341 -19.841545
-11.345778 -18.195543 16.647825 -5.093417 -34.250866 -2.529880 -10.582954 -22.000271 -4.993131 -17.022959 -3.735566 -18.170574
-7.337429 -14.214483 13.794470 -1.823268 -29.181858 -3.359628 -9.926937 -18.595654 -3.427791 -14.723595 -2.374891 -16.176737
-12.758209 -14.986513 15.624966 -0.487401 -28.111031 -7.018037 -9.602299 -22.534412 -7.200140 -17.333607 -7.397354 -17.893038
-10.838965 -14.480811 14.162473 -2.886640 -25.872654 -4.465215 -8.071735 -18.704464 -6.505361 -14.829484 -5.294101 -15.005688
-12.873001 -19.434786 16.296333 -3.882446 -36.484047 -2.679118 -11.368977 -22.770609 -3.761062 -16.093773 -3.066810 -19.524679
-10.316796 -15.535775 14.870305 -2.545277 -31.181507 -4.645903 -9.732752 -19.774569 -5.615303 -15.582088 -2.562194 -16.775602
-10.395653 -13.997043 13.985794 -1.351368 -24.777288 -6.536725 -8.313334 -19.841389 -7.882773 -16.721863 -5.708455 -15.244139
-12.637781 -18.355701 15.834023 -4.293729 -35.309299 -3.131572 -11.176786 -21.928457 -4.536135 -16.307268 -2.328642 -19.093294
-10.762352 -12.041687 10.756709 0.643891 -18.168365 -11.215755 -7.479098 -18.048752 -9.015672 -14.823443 -7.809000 -12.912866
-17.299320 -17.347952 17.090769 0.736791 -29.117748 -9.115515 -10.596666 -25.764282 -6.514803 -16.305393 -9.681551 -21.273996
-13.579011 -16.835468 16.295746 -3.090930 -28.967806 -5.311742 -8.473205 -21.978422 -8.215482 -17.419651 -6.418231 -16.810902
-11.517070 -13.795840 11.719906 -1.694410 -18.492331 -10.076591 -6.749539 -18.095358 -10.639888 -16.236847 -8.686635 -12.120619
-9.821820 -12.119203 11.228709 0.235146 -19.414209 -9.490559 -7.835053 -17.699919 -8.000681 -14.655218 -7.981105 -12.799829
-11.046936 -12.835889 12.103366 -0.386779 -20.274483 -8.502795 -8.148134 -18.621279 -7.515079 -14.928180 -8.324857 -13.561418
-15.165576 -19.748848 17.915844 -4.960105 -36.890301 -3.841281 -10.721304 -23.624577 -6.238922 -17.190800 -4.056720 -19.589409
-19.670908 -22.898081 23.152487 -5.466034 -41.486996 -4.729297 -11.999069 -30.725616 -8.642447 -23.343964 -7.761656 -23.950998
-7.759469 -14.164115 13.519630 -2.830025 -28.304886 -3.006239 -9.112844 -17.821455 -4.012328 -14.430579 -2.846155 -15.153733
-13.866897 -21.268806 16.196070 -3.050405 -40.352909 -1.848311 -13.846201 -24.912859 -1.560436 -17.421133 -2.991492 -21.929840
-12.664080 -19.179028 17.139227 -5.460287 -35.282509 -1.893911 -10.677650 -22.632954 -4.081088 -16.512106 -4.461092 -18.878065
-13.137907 -14.984503 14.651045 -1.016719 -23.795782 -7.844285 -8.109020 -20.938562 -8.136416 -16.288086 -7.702671 -16.300591
-11.986349 -12.809265 12.788794 0.827231 -20.634413 -10.147854 -8.390301 -20.106968 -8.203558 -16.066189 -8.305167 -15.126599
-10.403503 -15.325555 14.954286 -3.304108 -29.411858 -3.996522 -8.903311 -19.625250 -6.122579 -15.919879 -3.923939 -15.839773
-13.566711 -19.990767 12.834344 -3.060174 -36.138351 -1.296674 -12.610548 -22.184965 -0.429137 -14.410979 -2.188777 -19.774216
-12.641196 -17.236212 17.074678 -3.362435 -34.943794 -3.427345 -10.281625 -22.857389 -5.585250 -17.813536 -3.821411 -18.164270
-13.251623 -19.649645 18.075933 -4.895754 -37.041122 -1.527409 -11.292080 -24.352722 -3.760873 -18.046057 -4.796832 -20.110117
-11.071069 -13.034343 12.302459 -0.439493 -19.111725 -9.414665 -7.420317 -18.684275 -8.896413 -15.934244 -8.002419 -13.639036
-12.710895 -19.223244 12.866464 -3.926129 -36.020004 -0.907194 -11.527089 -21.327572 -1.463669 -14.249874 -2.858478 -18.417929
-10.063262 -16.590015 10.702252 -5.625690 -29.046268 -3.057050 -8.872412 -15.800508 -4.252021 -11.194960 -2.177913 -14.491021
-12.855059 -15.552378 15.085321 -2.034001 -26.846306 -6.232810 -8.703444 -21.190865 -7.736388 -16.413286 -7.231784 -16.162895
-11.984879 -17.079996 14.278093 -4.397058 -31.393156 -3.380851 -8.834006 -19.219994 -5.336366 -13.898097 -3.239077 -15.921298
-14.803570 -20.847542 11.054987 -5.785000 -36.420486 -2.792109 -11.848574 -20.087992 -2.103816 -11.937344 -1.354654 -19.154881
-17.386858 -20.288855 18.711454 -3.968315 -38.216152 -3.271818 -11.771358 -26.129360 -3.922824 -16.687767 -5.909574 -21.385338
-11.450949 -14.847917 14.240530 -1.625928 -23.878815 -7.741189 -8.140222 -20.068981 -9.078156 -17.609465 -7.026375 -14.966828
-5.541662 -11.628881 6.787328 -5.120465 -13.251083 -6.568374 -4.365300 -10.004942 -8.278028 -9.972115 -5.795473 -5.857781
-12.484126 -17.710609 16.021044 -4.801048 -33.241959 -3.043158 -9.684397 -20.925522 -5.882200 -16.344458 -3.012021 -17.791468
-15.645972 -19.672785 18.140942 -5.202473 -37.400795 -3.091301 -11.398539 -24.334948 -5.165995 -17.334888 -4.371226 -19.955111
-13.377649 -17.408535 17.424139 -3.020904 -33.448605 -4.538582 -10.658276 -23.529781 -6.066010 -17.781403 -5.004399 -19.008383
-8.473136 -11.626347 9.822652 -1.369078 -14.936907 -9.562627 -6.159517 -15.130810 -9.200439 -13.924385 -7.318612 -10.425535
-9.931911 -12.956699 11.312462 -1.380049 -18.404699 -8.261850 -6.701925 -16.910151 -8.392635 -14.121630 -7.460804 -11.861599
-6.749215 -9.025506 7.797551 0.555073 -11.915739 -9.611181 -6.295534 -12.721333 -6.432935 -10.441937 -6.340392 -10.043941
-6.854818 -11.316751 9.258920 -2.729455 -16.250902 -6.837029 -5.855259 -13.716915 -8.353556 -13.594510 -6.032120 -9.087525
-15.366509 -19.711039 18.879200 -4.588836 -38.558681 -3.707091 -11.321809 -25.260075 -6.762692 -19.658867 -3.751944 -20.332218
-14.900069 -20.690998 18.065834 -5.827933 -38.614128 -2.657086 -11.588972 -24.475672 -5.631386 -18.470558 -3.633132 -20.623970
-11.169236 -16.256544 15.702193 -4.054662 -30.822210 -3.809355 -9.173009 -20.573391 -6.502108 -16.663141 -3.851461 -16.513302
-13.533927 -18.863770 16.790554 -4.549194 -36.981930 -2.718663 -11.158574 -23.328791 -5.111207 -17.771511 -3.295463 -19.188522
-11.781781 -17.504471 14.555923 -5.035583 -33.421692 -3.008463 -10.427060 -20.922049 -5.691621 -17.022493 -2.201717 -18.101286
-10.609551 -14.949859 13.423922 -3.535353 -22.566601 -6.203577 -6.653801 -18.099142 -9.180225 -15.974655 -6.373821 -13.009458
-9.887312 -12.753190 12.473863 -2.233133 -22.445530 -4.979994 -7.115227 -17.318193 -7.025997 -14.373722 -5.243904 -13.008663
-17.550734 -6.001015 -1.206984 13.274384 -23.889202 -18.453201 -8.072455 -32.493515 -1.786567 -21.667719 3.705103 -11.959550
-18.071754 -10.885397 8.876763 16.679399 -40.995441 -17.797344 -12.202591 -33.289909 -5.585559 -21.523970 0.230260 -21.567108
-22.955173 -10.303796 -1.848038 12.740896 -35.301514 -15.615225 -11.342218 -32.657143 -0.531207 -16.663277 2.197390 -15.110218
-15.176037 -6.574140 2.035138 13.610293 -24.216616 -14.234512 -6.006813 -26.442987 -5.174851 -17.520245 1.227187 -13.875363
-9.692533 -4.633950 4.602221 11.375814 -17.095060 -15.428871 -7.317837 -19.218925 -6.781678 -12.851372 -6.939595 -15.977464
-14.817483 -9.812580 7.737623 14.594636 -31.164183 -13.920979 -8.594091 -28.212685 -3.926811 -18.108356 0.427709 -17.273643
-14.537899 -6.732027 4.832814 15.301885 -28.130903 -16.110636 -8.774351 -27.481909 -2.303889 -18.266407 -0.667928 -16.660311
-12.726953 -3.926446 -1.296356 10.499360 -17.488974 -12.943086 -4.102381 -23.153162 -6.029151 -16.835817 3.452290 -11.403246
-15.034233 -8.556095 7.138835 14.641914 -29.426241 -14.519094 -8.792071 -27.955286 -2.375153 -17.634432 -0.355675 -17.380373
-23.883488 -13.697185 4.885425 20.052832 -42.700752 -21.528694 -13.631273 -37.312134 -6.536558 -22.391962 4.470260 -24.199619
-15.168004 -7.118912 5.062213 14.356712 -25.184435 -12.905387 -5.239635 -27.844059 -3.403583 -18.471087 -1.719477 -14.822497
-13.803559 -6.597155 5.812520 11.939188 -30.192417 -10.974960 -5.917526 -26.070354 -2.388374 -17.348965 -2.652421 -14.150191
-14.532269 -6.575845 3.801139 12.304236 -18.900566 -12.806367 -2.450234 -24.764072 -4.475888 -16.922342 -0.913808 -12.125679
-19.257988 -8.710254 4.568012 17.790857 -29.083708 -17.759659 -7.810010 -32.866642 -3.986786 -21.510147 0.078537 -18.755527
-11.840026 -4.218801 1.858049 11.554834 -20.461922 -11.737830 -5.001503 -22.315884 -3.527982 -15.879906 0.285547 -11.710279
-17.693319 -8.011382 5.769239 18.073616 -30.383636 -17.672043 -8.904520 -33.229942 -2.105914 -21.145826 -2.148440 -18.562357
-14.916141 -5.345907 0.456990 13.149623 -22.070215 -16.397427 -6.448020 -29.364950 -1.273251 -19.348890 0.786854 -11.394665
-18.815575 -11.942898 8.699821 18.363670 -41.807613 -18.571737 -12.396744 -34.070930 -3.618907 -20.336140 -1.120990 -21.249205
-19.104576 -13.138947 8.922382 18.708183 -35.801868 -18.664494 -10.744138 -33.262486 -3.940450 -20.003164 -1.229093 -21.829245
-12.365414 -9.991335 7.344630 13.578278 -28.725988 -14.933666 -8.147322 -25.533628 -3.093740 -15.038399 -1.665084 -16.501717
-18.581207 -14.572555 10.293409 19.307922 -37.314613 -17.917814 -11.581029 -35.590919 -1.775963 -20.094828 -1.576034 -21.794323
-18.359631 -7.354281 2.989020 14.129275 -30.480413 -13.836485 -7.713457 -31.554218 1.440856 -17.958399 -2.858566 -14.206301
-14.253723 -5.891088 3.844989 14.390665 -23.550228 -14.677923 -7.098209 -27.035940 -2.402763 -18.203588 0.927477 -14.768305
-17.912895 -11.405173 6.605758 18.517107 -37.262531 -19.204523 -11.527163 -33.383888 -2.766330 -19.273163 -0.318418 -20.122864
-16.134623 -9.341401 7.261167 17.070564 -33.384560 -17.126293 -10.666268 -31.161314 -1.643638 -19.092663 -1.730362 -19.212297
-16.306961 -7.240203 4.257172 17.083717 -27.236448 -17.311485 -8.676782 -31.876432 -1.759887 -20.900131 -0.912939 -16.739073
-16.920553 -11.358786 7.405815 17.002792 -34.122929 -17.428797 -12.446255 -30.605572 -0.949571 -17.367807 -0.346748 -20.332977
-16.620188 -5.173954 -0.355402 12.899519 -24.056223 -14.604527 -5.153586 -26.483973 -2.103627 -14.747123 -2.005338 -12.534975
-24.736734 -13.341843 4.554774 18.673405 -40.488831 -20.058767 -10.975206 -36.575069 -9.155216 -22.718327 4.352256 -22.797613
-13.060086 -6.215146 3.126980 12.906565 -21.673679 -10.626597 -2.403685 -26.290174 -4.314314 -17.445415 -1.525582 -11.206939
-20.049953 -10.301230 5.142862 15.671474 -36.499271 -16.899057 -9.587980 -31.870977 -6.600562 -20.800184 3.447246 -20.231318
-15.959334 -5.047380 3.322262 12.963064 -26.610935 -16.642284 -6.492085 -28.106239 -8.042644 -20.934301 3.137419 -17.648964
-16.272507 -5.945811 2.247379 15.094151 -26.553944 -14.827338 -6.460174 -29.014359 -3.551578 -19.288620 -0.629327 -14.510312
-16.988810 -8.617079 4.912125 14.313289 -23.435385 -14.300869 -2.795128 -28.260639 -7.061244 -19.400759 -0.719447 -15.200621
-13.634082 -12.045738 10.417475 14.866092 -34.281326 -14.938232 -11.578584 -27.725798 -1.272048 -16.956293 0.298420 -20.117903
-12.702091 -11.593905 6.761755 10.099833 -27.565754 -10.388573 -6.797447 -22.835842 -5.683124 -15.461532 2.338630 -16.647160
-17.311831 -7.327146 4.552467 16.579391 -29.428520 -16.634117 -6.813794 -30.236473 -3.438383 -19.682014 -2.426899 -17.175089
-11.042366 -7.828501 6.007380 10.835171 -20.123409 -16.574677 -5.770318 -22.364067 -6.468644 -15.398526 0.836394 -17.409895
-17.648062 -10.917094 5.425468 15.633410 -27.087639 -13.773953 -5.094951 -30.345802 -5.881397 -19.375202 0.070606 -16.714054
-15.806159 -9.226687 3.660492 14.162237 -24.493830 -12.818405 -5.300518 -27.783663 -5.625587 -18.535427 2.248238 -14.753838
-17.351328 -8.924028 2.759647 14.093983 -29.435312 -14.329360 -7.453791 -28.499910 -7.143586 -18.992905 3.330018 -16.155167
-12.890815 -1.842547 1.608051 10.528949 -15.492071 -17.488216 -9.653615 -19.627237 -7.920000 -13.990569 -6.104712 -15.630757
-13.891830 -7.709072 3.632627 15.313411 -26.517509 -15.236845 -9.952835 -26.834885 -3.978763 -18.011770 3.783710 -17.238691
-14.567787 -6.462214 3.932987 17.694715 -28.165749 -19.701359 -11.425116 -30.222542 -2.014178 -20.637417 0.721268 -19.688105
-15.528308 -9.622664 4.232350 15.648953 -28.481833 -14.478816 -9.240127 -29.677076 -4.076586 -18.996656 3.103182 -16.084303
-13.742970 -7.097644 3.893855 15.844951 -24.157740 -16.323692 -8.766394 -27.852713 -3.840883 -19.150381 2.239761 -16.613438
-15.223528 -8.317183 2.825140 14.069134 -30.095362 -14.723194 -9.863180 -26.914465 -4.622228 -17.195097 4.014689 -16.571779
-18.498808 -7.403071 1.887917 13.914564 -30.640821 -15.204236 -7.067029 -28.596474 -7.764203 -19.157864 1.445768 -15.710650
-14.587942 -5.982291 1.803248 15.062984 -24.276432 -17.339083 -9.981677 -27.685698 -4.237679 -19.166851 4.656636 -16.667465
-15.283822 -6.633888 2.570907 16.854416 -27.153734 -17.982328 -10.028823 -30.267809 -3.479551 -20.027143 2.273684 -17.604448
-16.555300 -7.728278 1.346038 12.834471 -27.619104 -15.205469 -7.375908 -26.769520 -7.568287 -18.217672 4.532833 -16.342308
-14.144363 -8.798404 4.669534 15.491188 -26.775112 -14.875881 -9.447611 -27.976692 -3.527107 -18.325974 3.373572 -16.692219
-13.124921 -6.737597 3.223468 14.268579 -25.230082 -14.278031 -8.109294 -24.685612 -5.028135 -17.337706 2.195412 -15.509233
-11.070885 -6.026000 3.103557 13.660986 -21.360952 -14.390431 -7.667124 -23.183022 -3.345969 -16.169521 1.446723 -14.586309
-14.792313 -7.551214 3.922064 13.501364 -29.975414 -13.223742 -8.086462 -25.723646 -4.849924 -16.649153 0.754510 -15.122880
-8.034863 -3.404148 3.140707 10.281878 -21.767599 -10.776715 -7.269775 -18.049524 -3.479431 -13.270615 -0.612737 -11.964407
-13.927183 -6.129743 3.756209 15.638014 -28.504965 -16.088043 -9.079505 -29.507763 -0.705001 -19.001049 -0.945220 -16.188112
-9.928222 -5.564165 3.528463 13.787196 -19.938942 -15.041269 -8.032141 -22.299112 -2.710153 -16.292715 0.724778 -15.462290
-15.713037 -5.351959 1.489924 15.206521 -28.898754 -16.913933 -9.861877 -29.511238 -4.328041 -19.983892 3.207756 -16.790678
-12.237921 -6.532239 3.644959 12.024800 -24.516159 -12.382341 -6.319368 -22.822704 -7.195864 -16.923464 2.412936 -15.198164
-10.814637 -6.550598 2.901339 11.708554 -20.107935 -11.917283 -6.543367 -20.401506 -4.766855 -14.708172 2.764817 -13.422666
-11.624317 -8.956473 5.562343 13.041771 -24.249796 -12.649166 -8.757421 -22.899094 -3.844792 -15.462719 3.095161 -15.443736
-11.315728 -6.392845 2.051740 9.560180 -22.303787 -11.461745 -5.815728 -19.625826 -6.548023 -14.142172 3.241084 -13.932010
-19.482006 -8.279046 1.618723 15.510453 -33.980721 -17.427143 -9.698239 -31.500767 -7.418178 -20.906149 4.266751 -19.084255
-14.856765 -8.567932 4.848160 16.477476 -28.797718 -16.790739 -10.800485 -29.052183 -3.015991 -18.936466 2.512730 -18.495766
-14.100450 -8.847178 2.316288 11.935440 -23.128267 -12.890128 -6.212603 -23.185846 -6.710579 -15.456832 3.864870 -14.896819
-16.787731 -8.681458 3.317350 14.575928 -30.389256 -14.675408 -7.955666 -28.120131 -6.464260 -18.415138 2.219309 -16.594252
-13.292351 -7.879788 4.109777 13.281257 -28.843830 -14.029407 -9.429804 -25.381578 -4.573115 -16.857277 3.630907 -16.572012
-15.211686 -9.216827 3.766644 15.019286 -27.234451 -14.629945 -8.556875 -27.451748 -5.945331 -18.422787 3.978847 -16.991644
-13.427761 -6.063317 2.206972 15.040853 -22.213762 -16.971434 -8.400858 -27.354736 -2.599572 -17.947041 1.550958 -15.517221
-14.848040 -8.680145 4.538532 15.547612 -29.220350 -15.249891 -9.242615 -27.719954 -4.530672 -18.185305 2.088334 -17.008167
-16.478415 -8.659266 3.422677 13.583174 -29.313562 -13.736791 -7.378744 -26.515852 -6.471636 -17.394466 1.834187 -15.859389
-13.820541 -7.420366 3.844912 16.005569 -24.304859 -16.321384 -8.823472 -27.991072 -3.942651 -18.975435 2.211880 -16.690680
-15.126490 -5.993322 2.559026 17.217903 -25.662979 -19.484385 -9.266560 -31.213516 -2.541582 -20.946529 0.448888 -17.760801
-13.990955 -6.911388 4.087255 16.245348 -24.915171 -16.291813 -7.899223 -29.036797 -2.961308 -19.495924 0.458336 -16.758820
-4.963838 -2.152024 0.933214 7.494734 -11.543485 -9.159271 -4.032788 -13.721146 -2.303327 -10.471728 0.779523 -8.248487
-15.025876 -6.600420 3.493179 16.113197 -24.794254 -17.438334 -8.246868 -29.813957 -2.581478 -20.217358 0.789208 -16.353975
-16.254456 -8.366488 3.392067 17.420294 -25.705629 -18.892897 -10.437066 -30.055965 -4.484465 -19.697544 3.819619 -18.863276
-11.790379 -5.147950 1.818077 12.839288 -19.914726 -15.757178 -7.719915 -24.647947 -1.930073 -16.325500 0.916522 -13.178168
-16.407759 -8.114714 3.935944 18.171799 -29.093548 -18.420877 -10.559561 -31.533098 -3.827683 -20.680174 1.874447 -19.412811
-14.668076 -8.177254 3.641100 15.185470 -26.966503 -14.458448 -9.173148 -27.850262 -4.860428 -18.856068 4.056784 -16.639278
-12.039348 -4.889699 1.753844 14.915440 -22.419390 -17.214766 -9.930164 -24.569719 -3.548832 -17.714052 2.803090 -16.966841
-9.449407 -3.667631 0.735258 11.358856 -16.188499 -15.574241 -6.766994 -21.310143 -0.861289 -14.705264 -0.681963 -11.395804
-13.396636 -5.820342 2.584591 15.361040 -22.436975 -16.510586 -8.081067 -26.768408 -3.462853 -18.565250 1.816324 -16.523317
-12.803357 -6.551288 4.079442 15.210130 -21.900423 -15.823102 -7.979276 -25.519844 -2.915022 -17.716381 0.803501 -16.325520
-11.566647 -6.393547 3.446183 13.793446 -22.142633 -13.569554 -7.380147 -23.821718 -3.522207 -16.345661 1.898615 -14.988011
-4.019538 -2.365372 1.644252 6.001881 -7.476816 -8.239398 -2.074136 -10.442152 -2.159832 -8.576276 -0.619183 -5.830841
-11.693563 -6.899266 4.208599 14.025002 -22.738503 -15.203321 -8.178988 -24.549545 -2.665478 -16.736649 0.553639 -15.537289
-6.568928 -3.849373 -0.036407 7.169379 -12.097336 -11.869799 -6.140749 -14.604902 -1.026701 -9.907743 1.261642 -8.558642
-11.103066 -4.390181 1.865545 11.491139 -17.379728 -13.870109 -5.794248 -22.082798 -2.113867 -14.905528 0.370163 -12.459045
-11.193696 -3.260433 -1.760121 10.460837 -15.643147 -18.303885 -7.795253 -23.046320 -1.595429 -16.522518 1.873809 -10.233783
-28.852043 8.179964 -33.053467 -19.359980 25.497133 -39.571972 -8.792493 -2.793781 -37.183849 -23.990101 -9.932693 -12.016841
-25.992323 -1.904957 -28.909889 -19.164680 25.654636 -44.802189 2.855578 -12.914600 -42.671860 -27.372278 -4.641611 -12.009525
-27.857693 0.877320 -29.010485 -21.526575 27.640976 -43.099213 -2.746736 -6.524476 -41.620037 -26.171204 -6.794410 -13.260190
-39.715965 2.183960 -34.263298 -26.146187 39.847721 -57.928471 -6.454269 -6.651938 -54.264343 -34.739361 -12.048434 -20.199076
-28.028158 1.913265 -27.319954 -18.350969 27.456141 -44.328888 -3.366749 -9.914776 -41.407677 -29.190704 -7.006872 -16.679863
-23.124502 0.251369 -17.209066 -12.995157 21.921473 -37.883701 -4.539999 -9.343111 -35.128426 -25.078175 -4.808357 -17.686554
-19.729057 1.396867 -20.472887 -12.991207 21.603502 -35.322811 -1.533525 -8.579305 -31.135448 -22.507713 -6.297477 -10.819328
-22.991589 4.914684 -29.936636 -17.875784 25.188017 -41.580677 -4.607088 -10.521571 -34.670372 -25.485487 -10.312013 -8.126865
-24.502726 1.973763 -25.198330 -17.984074 26.428904 -40.624012 -4.119442 -7.861299 -37.983345 -25.927719 -8.246271 -12.602551
-22.239204 -1.638243 -22.014261 -15.927809 19.226776 -34.484180 2.890240 -9.783775 -33.176399 -19.095125 -3.145686 -9.878829
-16.234043 0.789475 -17.002634 -11.301162 17.136284 -29.338865 -0.378554 -8.116600 -24.848604 -18.373852 -5.328681 -6.925375
-24.641298 0.800251 -26.190334 -17.432283 26.054916 -42.740562 -0.908623 -9.659032 -37.953182 -24.882771 -8.850632 -10.525234
-21.959503 4.463675 -25.752813 -18.125830 22.873198 -35.077988 -4.986129 -6.374148 -33.893314 -22.771608 -7.499249 -11.206921
-33.263706 0.261594 -29.593687 -21.153070 31.807354 -48.983265 -2.283315 -7.492329 -46.863022 -28.756958 -5.982897 -17.537390
-20.010641 3.881787 -21.594561 -14.405632 21.607544 -33.077835 -3.883367 -6.643955 -31.453175 -23.102400 -5.922008 -11.989255
-21.449013 -0.248669 -19.260736 -17.633434 22.622665 -33.035683 -4.693855 -0.766834 -32.448502 -18.506105 -6.770193 -12.531578
-20.457909 1.076037 -23.731480 -18.488873 22.809683 -37.359241 -3.863259 -6.359177 -33.657249 -23.100153 -7.515656 -10.322078
-14.968246 0.424568 -16.597137 -10.363591 16.313021 -28.724371 -2.880583 -7.252332 -24.606565 -17.830168 -8.032571 -6.446623
-23.679195 3.542419 -26.984423 -18.494379 26.136456 -41.292629 -5.758241 -7.758305 -36.823139 -26.203779 -9.718957 -11.048036
-25.010025 1.301360 -31.009130 -21.219980 26.857908 -46.423763 -1.065619 -11.967938 -42.737656 -30.155697 -7.511709 -12.140482
-22.152309 -0.844021 -21.201981 -14.833967 20.577368 -34.963360 1.354335 -10.459310 -33.057362 -21.014475 -4.629679 -9.272202
-33.742031 3.225845 -32.558079 -18.640047 31.662010 -51.065254 -2.585666 -15.302253 -47.376350 -33.064034 -9.690817 -16.211351
-27.452139 -3.243243 -21.288488 -13.808952 22.164368 -38.257462 4.331530 -11.488878 -38.299934 -21.910812 -7.063966 -12.327939
-30.803289 -0.604013 -25.046776 -20.244505 31.027674 -48.330486 -3.702270 -10.136448 -45.150467 -30.881382 -9.117379 -14.921240
-40.157993 1.267412 -37.488388 -31.453951 42.861465 -60.258282 -9.469686 -2.760141 -55.199482 -32.633846 -21.819288 -15.670711
-21.037672 -0.511905 -21.836023 -18.489351 20.791771 -34.726353 -1.838205 -5.900869 -30.213779 -19.348244 -8.404987 -6.164189
-19.343248 -0.185192 -20.304914 -13.695086 18.826706 -33.983307 1.022955 -10.176497 -30.881319 -21.799862 -3.482990 -11.084729
-28.562445 0.090819 -28.453005 -23.123289 31.295761 -48.274136 -3.627419 -8.470468 -43.748680 -28.809692 -13.200250 -11.572249
-26.998249 -1.406717 -25.184414 -20.807783 27.132053 -41.696415 -1.836281 -5.696050 -39.941936 -23.632898 -9.681862 -12.233202
-17.630220 -3.627132 -17.410246 -17.649231 18.050537 -31.154377 -0.533554 -2.981750 -26.686626 -13.116988 -8.532069 -5.212184
-18.219742 1.195374 -18.413431 -10.683902 16.789917 -30.310596 0.167060 -9.565802 -27.799444 -18.303616 -6.456503 -9.135681
-14.946590 5.460415 -24.480583 -13.089123 16.020346 -32.558937 -2.079072 -11.588541 -28.184572 -22.938145 -6.853188 -7.170092
-27.381777 -0.327611 -20.015953 -16.211977 27.007809 -38.605015 -2.629140 -4.556122 -37.574062 -22.549574 -7.496116 -15.263065
-26.952555 0.040859 -25.460537 -16.669661 26.021383 -43.239792 -0.814182 -10.987980 -38.254475 -26.660423 -10.347658 -10.163619
-16.688839 -0.801704 -17.179285 -12.811078 16.609425 -26.542690 0.372323 -5.108641 -25.999136 -14.443748 -5.118822 -7.845205
-20.898506 2.073775 -17.520647 -8.840565 18.901579 -33.838776 0.000304 -12.869823 -28.784092 -23.633089 -7.168165 -10.169406
-34.443310 -0.152240 -32.085045 -22.633444 29.882322 -45.256153 0.082310 -7.485816 -44.528133 -23.960667 -15.589286 -9.219089
-24.360094 11.258027 -30.109644 -18.255779 23.955915 -39.076836 -9.478752 -7.359550 -34.310749 -26.945105 -9.699997 -11.447992
-13.452425 0.374007 -19.475178 -14.208420 16.758789 -28.126566 -1.620694 -6.209088 -26.565283 -17.941265 -6.696486 -6.582192
-28.011566 0.525918 -22.499487 -18.892218 27.285654 -38.887787 -3.443625 -2.327106 -38.153770 -21.697104 -8.325252 -15.151646
-24.557920 3.347999 -26.282202 -20.373203 25.206474 -38.072334 -4.940102 -3.709555 -36.392296 -22.446289 -8.437872 -12.285899
-23.769958 2.991023 -25.548119 -19.769531 25.141739 -37.517849 -5.714358 -3.443851 -36.242790 -21.982872 -9.857894 -11.171103
-19.469309 -0.129843 -20.261879 -11.322822 17.545519 -32.417412 1.605570 -11.650620 -29.288643 -20.508318 -6.321669 -8.036939
-18.594116 -0.736346 -18.734856 -17.560141 22.421221 -32.663445 -3.278926 -2.099637 -31.545115 -20.412407 -8.996178 -9.999290
-12.354542 4.220741 -18.529379 -13.997225 13.670053 -24.750580 -5.460355 -3.270041 -20.177317 -14.420762 -6.386784 -3.576929
-27.466808 0.463685 -23.340424 -18.649252 29.524897 -42.277992 -5.413419 -4.517756 -39.988247 -25.156010 -11.207237 -14.124191
-26.187790 0.740194 -17.730963 -10.524205 21.885370 -36.311012 0.380779 -11.282207 -33.291954 -23.199097 -6.480829 -14.208672
-31.361666 3.339884 -34.829201 -24.628521 33.002468 -50.175491 -4.157363 -9.034042 -48.314789 -31.992727 -10.391780 -15.872938
-28.836058 7.250769 -32.878761 -21.512751 27.703222 -43.527878 -4.978138 -9.834558 -39.958103 -27.350348 -8.517147 -11.471036
-23.526121 -1.076159 -22.684578 -19.983603 22.097836 -36.241989 -2.900414 -3.984766 -35.036526 -19.284513 -3.252793 -12.761983
-19.512423 -0.124026 -19.144381 -14.699387 17.257895 -32.298668 -4.985978 -5.662149 -29.470150 -18.897173 -2.168163 -12.197838
-21.159573 -2.035177 -16.336599 -17.361713 21.337254 -30.227682 -3.328911 -0.072836 -31.781542 -16.471571 -5.507703 -13.953745
-16.794851 -0.622334 -23.957420 -16.474937 18.425848 -35.260334 -2.928599 -8.044795 -32.462608 -22.295740 -6.723608 -7.252387
-24.243490 -0.161136 -29.212742 -22.169426 20.715193 -36.182117 -3.310049 -2.174237 -36.011261 -17.868248 -3.191286 -10.267753
-19.721262 -0.760354 -21.303812 -14.326943 18.678667 -32.949379 -2.483906 -7.557563 -31.699236 -19.918835 -7.402551 -10.672822
-75.765053 -7.317097 -63.022755 -51.268456 68.670410 -100.011086 -1.157260 -14.337442 -102.542564 -51.052357 -23.634363 -28.953724
-31.736868 7.679538 -36.366428 -17.634859 29.422873 -52.784855 -7.797980 -15.885055 -45.847507 -35.652580 -11.622190 -15.610016
-20.361101 2.135159 -18.272108 -10.885449 18.069288 -28.879658 -2.036315 -4.779627 -27.688982 -18.039017 -5.532888 -13.601642
-52.218925 5.508624 -52.026848 -38.041325 46.906364 -71.405746 -5.784756 -12.013682 -71.359764 -45.144955 -7.543935 -26.757292
-60.355003 -1.099128 -57.781506 -48.824902 54.668018 -83.259735 -7.684967 -4.325857 -83.421608 -46.216248 -11.174769 -29.866087
-34.645695 -2.217150 -26.197285 -19.497667 27.305515 -46.863789 3.661910 -11.886092 -42.314384 -24.193670 -3.099664 -12.656258
-26.648756 4.528497 -35.749466 -22.429554 25.907383 -45.656044 -3.304135 -10.258987 -43.358940 -29.927647 -5.042808 -11.112039
-18.029520 3.990490 -22.787766 -13.683365 18.568626 -33.291786 -1.722716 -9.509681 -28.996096 -22.301661 -4.970545 -8.845638
-28.761051 7.968587 -39.443474 -25.106915 26.822842 -50.157028 -5.145354 -14.644190 -44.323959 -33.829178 -6.531506 -11.633006
-37.662472 -2.343852 -31.241558 -28.513363 35.529354 -53.143608 -4.845544 -3.857017 -51.010593 -28.060520 -11.095779 -15.261045
-60.575790 -5.730051 -36.160259 -35.933582 54.128513 -81.626190 -3.178545 -11.199731 -71.587784 -43.579193 -19.054995 -23.115532
-23.163095 0.599676 -22.382275 -16.565456 23.701813 -38.962906 -4.796688 -8.323169 -36.613987 -23.108833 -9.839530 -13.040791
-16.793997 2.255848 -20.192558 -11.935014 13.627371 -28.436972 -3.027481 -7.709739 -27.847256 -20.075176 -0.877309 -13.532221
-42.852074 0.828127 -39.187965 -32.981365 43.453362 -64.302986 -5.948781 -9.376678 -61.373238 -40.056931 -11.675337 -19.489861
-28.006121 0.090124 -27.401207 -16.501858 23.050276 -41.769478 2.319659 -12.102598 -37.794056 -24.117701 -4.948459 -12.249331
-34.371525 -1.085656 -28.662685 -16.998989 29.212805 -50.019318 3.109645 -14.820537 -46.112053 -30.664236 -4.859720 -16.024109
-41.220806 0.813387 -41.387211 -31.568453 36.902027 -57.866268 -2.022147 -8.837278 -57.669212 -34.580803 -7.613199 -17.583759
-23.233988 0.495663 -24.915684 -15.331827 21.299549 -36.680176 -0.169773 -8.394996 -34.114513 -21.736609 -5.230644 -11.300828
-47.587788 -4.023061 -41.434784 -36.291473 40.504097 -64.017220 -2.012895 -6.668410 -63.181042 -34.104378 -2.986257 -23.417652
-21.504436 0.311922 -23.180674 -14.993547 18.116560 -33.416656 -0.679733 -8.204909 -32.930786 -21.158859 -0.667637 -13.401997
-17.888748 0.580341 -19.831337 -12.902667 14.726794 -29.118412 -2.867546 -6.924023 -27.409367 -17.618914 -2.599371 -11.364263
-21.043465 7.560035 -30.345972 -15.551844 18.601002 -38.494450 -3.174906 -14.432682 -35.243961 -29.365726 -3.482984 -12.557509
-18.321390 4.871055 -25.082512 -15.422061 17.916763 -33.348675 -4.739519 -7.300318 -31.415054 -23.001719 -4.851193 -12.344961
-37.489689 0.471202 -37.604210 -26.945953 36.773586 -58.800823 -5.031147 -10.392669 -56.438023 -36.726116 -8.217405 -20.206512
-30.804907 -4.328500 -31.040743 -30.103188 34.438984 -53.351254 -6.186048 -2.624769 -50.899540 -28.370173 -13.072332 -14.207622
-30.574511 2.878655 -33.454620 -26.531897 30.134890 -45.434479 -6.492558 -3.795113 -45.734524 -28.247011 -7.732901 -15.531632
-32.010071 -2.187068 -26.798323 -18.900702 26.402037 -48.245251 4.111727 -15.743937 -40.924427 -25.783945 -6.590614 -11.975283
-56.674740 -1.356330 -53.318104 -44.607674 51.801422 -78.017929 -6.594316 -6.150229 -77.859184 -43.429310 -11.297498 -26.441141
-32.809425 -1.729549 -35.215572 -21.678484 26.902119 -48.602737 3.648535 -12.565951 -46.141594 -28.646330 -4.652800 -12.741757
-34.023472 5.999012 -35.956932 -27.128843 33.656494 -46.921898 -6.940061 -2.713949 -46.037918 -27.053501 -13.492299 -14.415746
-34.871098 2.299508 -34.876747 -22.625319 30.075670 -48.009834 -1.069026 -8.384243 -46.703278 -29.565174 -6.282177 -16.579229
-38.176243 2.011767 -38.480618 -27.387854 34.451382 -57.581936 -0.177707 -14.009302 -53.366959 -32.628490 -10.512583 -16.157568
-47.351330 3.273567 -41.726658 -24.935383 42.257206 -68.827492 -2.154294 -17.820877 -62.814190 -43.107639 -10.044089 -22.160208
-24.158436 0.487856 -27.090727 -19.246243 22.999657 -36.902225 -1.432693 -6.024930 -34.505680 -17.746115 -10.893029 -7.471364
-38.234814 -0.329837 -30.147509 -24.053316 38.352947 -56.974922 -5.052374 -8.991706 -54.850452 -35.555164 -10.745264 -23.874630
-47.335400 1.409000 -47.215534 -40.415901 46.297161 -65.499725 -6.628237 -4.529371 -66.910904 -36.339821 -16.669601 -19.549280
-51.637577 1.247128 -44.586449 -33.576607 45.564671 -69.602783 -6.603344 -8.438303 -69.374626 -42.951275 -5.156664 -30.326603
-31.103546 0.068740 -31.156197 -19.014536 30.122669 -51.229042 -1.403800 -14.010077 -45.446178 -33.391544 -11.393264 -9.782349
-34.216942 1.588222 -27.922733 -19.772175 31.461201 -48.673222 -3.101567 -11.520648 -47.426270 -32.242516 -8.135306 -20.062693
-19.925873 5.735427 -18.499029 -10.054120 18.834242 -29.996532 -4.356616 -7.058216 -28.254480 -23.260277 -8.283492 -15.290112
-52.185368 12.226177 -55.645275 -40.587910 49.047047 -75.054436 -11.878044 -13.094554 -70.775032 -47.718010 -15.529686 -22.455088
-23.425222 -1.554696 -26.764280 -22.810713 24.860842 -38.734203 -3.802383 -2.783038 -37.732994 -21.720751 -10.669390 -8.176076
-36.264404 5.925009 -37.566597 -24.001757 32.939793 -50.812054 -1.978880 -11.481246 -49.759346 -36.035824 -6.857667 -18.073952
-41.582226 0.125660 -34.840748 -24.161583 36.805798 -57.265606 -1.854129 -10.350430 -54.031532 -35.101433 -8.372416 -18.884703
-34.562038 -2.506282 -25.247198 -18.031610 29.557127 -44.938305 1.634501 -7.933026 -45.541809 -26.342590 -5.779934 -18.322556
-12.364845 -14.468319 4.089514 -6.289477 -25.187954 11.858305 -0.986068 -26.867725 2.417885 -14.965268 -9.521514 -7.735361
-31.085649 -27.006130 -0.140725 -20.235008 -39.941265 23.374043 3.608203 -41.331955 -0.773011 -18.525473 -19.086554 -10.517502
-46.526661 -42.241066 0.110295 -30.417624 -62.201168 37.380604 2.996230 -61.041725 1.790235 -26.648598 -29.047853 -14.463778
-32.919968 -36.350300 -1.650391 -27.801657 -50.628513 33.807186 0.804466 -53.888523 3.927382 -27.806240 -25.268927 -11.873859
-40.168705 -39.714920 2.575032 -27.472595 -52.779800 28.618746 -6.245651 -42.784153 7.011401 -11.140069 -22.749928 -15.193520
-17.677063 -22.805134 10.593506 -14.007942 -36.553696 18.948565 -5.187304 -28.283335 3.945986 -16.326336 -15.335002 -13.336893
-19.724148 -17.743406 5.240792 -13.720517 -26.417768 13.124860 0.254574 -23.124771 -1.689432 -11.529947 -11.051538 -6.886689
-21.597837 -21.401726 1.888026 -14.521110 -31.736860 15.952498 -0.656382 -26.912724 1.419516 -10.886774 -13.480367 -8.836328
-23.769331 -27.796539 1.325072 -23.108698 -39.319233 21.055305 -8.365950 -29.134604 7.969953 -12.615614 -18.210249 -7.051545
-26.945316 -25.863157 -1.735350 -20.932095 -37.667271 23.267738 0.812460 -37.607155 1.358311 -20.418272 -16.454281 -6.560807
-28.625305 -25.400312 4.803074 -19.639330 -36.999554 21.708950 2.343619 -34.140598 -2.516365 -18.171423 -16.095711 -8.813827
-24.206528 -28.676849 1.031024 -22.042624 -39.442593 21.530991 -5.966235 -35.903339 6.990840 -16.508364 -18.486221 -6.597902
-28.310579 -24.921009 7.189834 -20.153963 -36.226673 20.380392 -2.520099 -32.058109 1.823980 -13.361574 -15.516102 -8.457384
-27.342192 -26.181198 7.589972 -20.446789 -40.130096 23.147404 -3.221726 -36.174488 3.784040 -18.177916 -17.788469 -10.887947
-24.514650 -25.093288 7.433529 -19.137053 -35.247807 21.911234 -1.088435 -28.758505 1.043549 -16.221088 -17.326492 -10.230601
-16.846483 -28.001982 0.176673 -20.645622 -36.423973 24.299540 -4.683395 -34.471294 8.712465 -17.881538 -20.329521 -10.172648
-22.421782 -26.378214 5.361050 -21.306973 -36.611687 25.002552 -3.021908 -34.705494 6.321097 -19.072401 -21.013033 -10.037288
-17.985861 -26.887327 2.451134 -20.067318 -35.957893 22.590029 -5.444405 -32.214535 8.660442 -17.226349 -20.157454 -8.711015
-18.666328 -24.813850 0.164436 -14.208730 -35.541908 21.437290 -0.804373 -36.720268 4.156322 -17.919653 -15.294269 -10.644126
-20.051596 -22.949780 6.031180 -16.847033 -34.920265 21.060032 -4.209676 -31.785940 7.171962 -16.512814 -18.527340 -10.138571
-21.664989 -21.112301 3.550690 -13.497557 -30.532415 16.498907 0.512799 -29.584295 -0.382582 -14.819167 -12.479507 -8.441718
-15.483153 -14.442837 -0.005039 -12.784116 -25.887751 14.021528 0.763796 -28.349760 1.054108 -16.840483 -10.861944 -4.053030
-30.196583 -27.774879 5.330816 -18.820955 -39.290382 23.532810 3.298244 -36.315178 -2.997305 -16.979912 -18.028486 -13.578544
-36.652958 -29.835552 7.948144 -22.333752 -39.995590 21.259201 -0.143827 -36.523273 0.701931 -13.565803 -18.797911 -13.144668
-31.435730 -27.400724 3.944281 -21.670458 -42.680847 22.017382 -3.658283 -35.820839 4.933871 -15.229499 -19.891611 -10.841184
-23.546932 -21.564867 7.579997 -14.635621 -35.041553 19.151745 -0.920558 -32.357574 1.824928 -15.963185 -16.023319 -11.329625
-20.144733 -22.619171 1.356164 -12.745119 -34.386314 19.122833 -2.050822 -35.971680 6.035691 -13.794637 -14.410275 -11.287812
-18.195503 -23.537235 -6.798805 -20.334713 -33.410767 18.033356 -1.339764 -39.699577 3.874644 -22.723480 -14.713377 -4.410666
-20.577991 -26.682228 -1.951814 -19.667004 -39.850590 24.216787 -0.977607 -40.928253 5.767936 -21.358191 -19.475136 -8.616086
-25.462526 -30.664745 -1.695705 -22.734898 -44.688396 27.332430 -1.133590 -45.332031 6.254133 -21.106646 -21.240725 -11.345788
-34.517902 -29.733013 3.234195 -19.034161 -44.985447 24.058018 -0.769741 -43.988766 4.241197 -16.063921 -20.074783 -14.783639
-24.614071 -28.476976 -4.580098 -21.426186 -45.545650 27.348213 2.169450 -48.552029 3.949089 -25.595200 -21.447124 -10.252795
-33.998219 -36.655460 -4.039256 -28.448364 -48.286835 24.794273 -9.189034 -41.412552 10.453015 -11.998865 -21.025808 -5.801322
-29.541451 -33.214573 1.642105 -22.364431 -41.179916 25.195227 -2.268321 -36.620686 4.376223 -14.339383 -21.024076 -10.590103
-32.908791 -33.979912 -1.628010 -16.537323 -47.716808 18.823143 -6.087925 -41.775719 8.539522 -4.986775 -18.105284 -17.775085
-27.955618 -27.565411 5.206946 -20.437042 -45.090801 22.701214 -6.224376 -35.788208 8.182450 -13.769094 -19.237122 -10.480823
-34.250317 -35.841328 -2.549050 -24.256872 -47.079601 28.833830 1.445387 -42.600296 2.290107 -15.543743 -23.255665 -12.844487
-38.926517 -37.984859 1.559728 -28.520315 -50.619865 32.802849 -1.536297 -45.353050 4.889184 -16.418373 -25.148033 -13.433406
-31.892134 -25.588451 1.498975 -20.117952 -38.778442 22.779020 0.828580 -35.835594 0.997878 -13.547840 -16.117559 -9.652863
-29.387241 -34.325855 -6.072026 -25.492294 -46.618515 28.984669 -1.010235 -46.261078 5.898193 -18.799534 -21.615448 -10.182129
-20.953701 -19.503750 6.266247 -15.188253 -29.537464 16.699152 -1.097968 -25.460262 0.918447 -11.893946 -13.296097 -8.458178
-39.275757 -35.389408 8.895300 -23.391874 -45.835205 25.289509 1.387427 -39.048233 -1.664538 -14.548880 -21.126097 -14.480520
-30.212389 -25.221174 2.483145 -19.202929 -34.114521 16.162239 -1.149961 -27.690535 -0.821434 -7.470710 -14.064247 -7.584876
-39.394100 -35.017330 6.022854 -23.543539 -47.862820 27.222090 2.881649 -43.831268 -1.512463 -17.665869 -21.243261 -13.228950
-44.013622 -39.665203 9.282044 -24.449894 -58.504436 33.411076 -2.527901 -52.329369 5.942851 -17.045467 -25.575527 -19.221025
-19.957233 -20.870722 3.108434 -15.309243 -32.507698 19.177219 -0.612718 -31.577778 2.023219 -15.824008 -14.015234 -7.717255
-25.797785 -22.203796 0.419020 -17.985678 -36.395412 22.238279 1.430121 -36.938801 0.745317 -19.871016 -15.198976 -8.158903
-26.297222 -24.761873 4.529807 -17.335630 -36.265156 19.116543 -1.415243 -31.405413 1.647770 -11.947435 -14.340292 -9.774590
-28.116148 -29.385986 1.446616 -20.009537 -38.646523 24.642408 0.456094 -35.893559 1.661975 -15.016941 -18.969973 -11.069135
-42.902275 -37.247017 5.680630 -25.741467 -53.285866 30.228931 0.529682 -46.333569 1.409547 -17.211540 -23.305313 -13.977015
-33.111851 -28.177149 2.138728 -20.735481 -43.824108 24.572014 0.113455 -40.122131 2.651029 -16.361032 -19.271767 -10.511057
-32.554279 -32.592915 -1.074511 -23.511015 -46.452988 27.449200 2.562717 -44.978012 1.009767 -21.470125 -21.510956 -9.588664
-27.647663 -27.316156 -0.865812 -21.629961 -41.039902 24.827751 -1.118744 -38.480270 3.973658 -18.374405 -18.757345 -7.276291
-21.406477 -22.706465 -5.642380 -18.046459 -32.995972 18.792919 -1.478671 -36.610100 5.028391 -16.937941 -13.193548 -4.922380
-30.645628 -28.916119 0.387509 -23.929897 -42.269096 26.543606 -1.818213 -40.100361 5.011097 -17.563366 -20.772655 -8.813025
-28.501394 -24.603300 9.811026 -16.580198 -35.767174 19.781515 -1.511334 -30.639618 0.606332 -13.723419 -15.162216 -12.555493
-27.355844 -26.172516 1.246853 -19.057886 -36.561066 21.249859 -0.034183 -33.545753 1.343050 -15.284663 -15.964446 -7.398347
-33.392994 -33.213428 -3.828220 -28.967461 -47.930584 29.817657 -2.591535 -48.087242 7.720177 -21.720507 -23.711334 -8.503304
-25.390734 -29.121939 -4.632980 -22.309549 -39.410820 22.372908 -1.943639 -38.231861 5.441450 -14.366940 -18.792854 -7.602831
-26.244652 -22.077765 -0.000305 -18.145472 -35.041046 20.488272 -0.355206 -33.410030 3.164749 -14.824496 -16.364870 -7.799251
-30.733789 -28.987957 -1.867071 -23.497471 -41.902695 23.310431 -0.588276 -36.349766 3.147087 -14.654531 -19.178354 -7.987415
-24.357061 -22.665977 4.307534 -17.361076 -35.035248 19.034626 -4.405055 -30.812405 5.366542 -12.362228 -14.437900 -9.455783
-37.576488 -38.265320 -6.341145 -30.944689 -54.594944 30.327898 -5.823784 -53.603996 10.517466 -21.369299 -23.338335 -7.888994
-29.061945 -25.910372 3.623709 -20.710052 -41.084595 24.889452 -0.759960 -36.918907 2.804310 -16.617115 -18.595396 -10.650072
-23.577280 -26.817289 -2.202436 -18.430607 -35.276985 20.445200 1.083993 -35.361691 1.815412 -15.855569 -16.494005 -6.117508
-30.181864 -30.596962 -1.767272 -21.291416 -43.660553 20.291464 -5.941767 -35.153858 8.198539 -7.026327 -18.692022 -9.491260
-21.382595 -23.283974 0.176931 -17.956985 -33.003410 20.489077 -0.758534 -32.990608 3.651135 -17.308046 -15.627440 -6.207825
-29.474325 -24.528133 2.464117 -21.064177 -37.924198 23.454914 -0.559506 -36.027031 2.988312 -16.669476 -17.501995 -8.260518
-38.157333 -33.198002 0.017409 -26.882896 -47.151913 27.640499 -0.388347 -42.959297 3.429657 -16.247894 -21.443329 -9.369165
-28.010349 -27.263062 -0.714529 -21.419685 -38.474289 22.002117 -4.014272 -33.715511 5.874542 -11.253734 -17.236784 -7.118858
-28.534195 -28.850214 5.222773 -17.194897 -36.578918 20.268614 0.706460 -31.000799 -0.494772 -11.368753 -16.729654 -12.558312
-23.330715 -23.378401 3.069568 -13.526836 -33.109627 18.557402 1.835466 -31.338924 -1.877994 -15.509875 -13.450990 -11.297352
-25.362043 -26.442753 4.027395 -18.032124 -36.555130 21.014153 0.964148 -33.211372 0.137224 -16.081478 -16.125288 -8.792386
-32.092583 -29.965799 4.367192 -21.272461 -40.607948 23.501284 1.835338 -36.356403 -0.946425 -16.058182 -19.097198 -9.999499
-30.016891 -28.558578 -3.780488 -24.826670 -45.682144 28.144609 -0.710964 -46.137249 5.340403 -22.197096 -21.934019 -10.036191
-9.308148 -15.613547 8.125054 -6.609247 -25.207083 8.536801 -5.403179 -17.316856 2.647411 -9.457953 -7.314381 -10.646149
-10.695993 -13.654259 0.893248 -9.785480 -18.938694 10.886395 -1.172046 -18.229052 1.887945 -8.440442 -8.685924 -4.797635
-9.530447 -18.207548 7.333879 -9.001394 -27.927469 10.929914 -7.083299 -20.140749 6.339260 -8.628428 -11.996490 -11.644521
-16.075068 -18.580795 -0.010368 -15.281997 -24.606497 10.653615 -5.882718 -18.246761 4.860970 -5.601057 -11.862081 -3.086232
-9.539857 -16.018530 2.599658 -9.201274 -23.553839 13.743154 -2.859978 -23.539125 5.666266 -11.596067 -11.684752 -8.060799
-18.096046 -19.631416 1.561915 -12.250957 -28.607040 17.452864 2.013400 -27.245014 -0.914948 -12.478043 -12.736587 -10.388448
-18.753389 -20.635832 2.018958 -12.802936 -30.971928 16.296227 0.935153 -26.325888 -0.567840 -11.260684 -12.318144 -10.025528
-26.204201 -24.695032 5.253702 -16.143410 -34.246658 13.214898 -2.600387 -24.072409 0.163993 -7.022498 -13.442811 -11.560612
-12.632109 -18.636368 3.487133 -9.897037 -27.837683 14.843799 -3.491552 -27.872761 6.172183 -12.934773 -12.763145 -8.611399
-21.394258 -21.296431 -0.354144 -14.170191 -31.084991 18.207724 1.523056 -30.913095 0.523028 -13.447638 -13.552451 -9.104376
-24.604923 -20.673857 2.019367 -14.367069 -33.245502 18.167177 1.892989 -27.725300 -0.497754 -10.397200 -14.273997 -9.211773
-18.610504 -16.925489 -1.828529 -12.581031 -28.582449 15.536675 2.925758 -27.576982 -0.378939 -12.959803 -12.281857 -7.914030
-20.871735 -27.116806 -7.145732 -18.336878 -33.675728 17.261879 -2.606749 -32.027946 6.215012 -6.801989 -15.175645 -6.532881
-18.235529 -20.197260 -2.447994 -14.959965 -27.541731 16.203018 3.108635 -26.910036 -1.360806 -13.498154 -12.520789 -5.571047
-21.225605 -25.340963 -6.987599 -19.054028 -33.680660 15.716514 -5.779103 -30.573683 8.481310 -6.203485 -13.784928 -4.830810
-22.878895 -23.172743 -2.239650 -17.725677 -33.785641 19.492929 0.092861 -32.692646 3.232765 -12.275440 -16.557121 -8.171296
-20.426622 -23.775602 -3.697127 -18.065434 -33.324249 18.970335 -0.746097 -33.663105 4.604357 -13.559566 -16.291695 -7.097625
-22.523729 -20.412907 1.502165 -14.750078 -30.281174 16.549646 -1.976714 -27.070807 4.202449 -7.042924 -14.014067 -10.613367
-21.956303 -23.464970 -4.227853 -18.567961 -36.538929 21.045654 -1.576054 -35.318233 4.874734 -14.203527 -16.145597 -8.736435
-23.480795 -27.496019 -5.890700 -22.429895 -37.763790 20.692408 -2.930589 -39.754311 5.373452 -19.102964 -17.666595 -5.129211
-27.611719 -24.352129 2.022034 -17.895950 -38.149574 22.126413 1.695569 -33.501385 0.368496 -15.035066 -17.129114 -9.851706
-26.569988 -24.457373 1.067529 -18.152485 -39.403122 23.832586 2.951308 -37.465176 -0.140218 -17.041079 -17.947924 -11.638952
-24.812931 -19.753653 1.049801 -17.078743 -30.623762 18.714140 -0.080760 -27.838682 1.534448 -13.439167 -14.748742 -6.664412
-30.683584 -32.756996 -3.533317 -24.806526 -43.712437 27.608318 0.904650 -45.764885 3.210262 -22.501616 -19.903269 -7.054693
-33.862698 -34.308544 -1.826937 -25.819443 -47.750435 27.821390 2.399876 -46.318722 1.525896 -20.023441 -23.589272 -10.040930
-35.318623 -12.663628 -18.756390 -3.505690 -8.275096 -14.297991 23.470171 -33.237144 -28.490952 -18.357269 -1.316802 0.961771
-34.657909 -10.699431 -16.787916 -1.451713 -19.498007 -5.328911 18.905453 -37.695114 -18.488211 -17.407803 -4.989554 1.484662
-39.792553 -12.886312 -17.706663 -3.022845 -3.026489 -19.806192 26.305473 -31.240572 -31.721542 -18.792366 0.016961 -4.136388
-43.685291 -0.034396 -38.220131 1.116926 -0.012488 -33.524689 20.857914 -41.810875 -29.099676 -21.492638 -8.650381 -2.746136
-30.530060 -12.313296 -25.415556 -6.371888 3.063855 -22.787561 23.399681 -22.152880 -35.380428 -13.095981 0.959734 -6.309268
-26.836226 -12.662804 -5.145715 3.500686 -8.935206 -12.058038 22.479158 -31.097708 -27.154650 -19.220762 -2.908789 -9.209620
-39.168720 -14.228445 -23.196739 -5.158234 -4.003031 -21.678663 29.614964 -37.219231 -37.250278 -25.315985 -3.175488 -1.988075
-48.727768 -20.587694 -26.730165 -9.360218 -6.043663 -21.003553 33.340023 -32.035313 -43.790382 -21.474257 -1.785830 -6.246932
-31.405523 -8.165963 -18.143442 -4.472396 -9.243828 -16.023706 22.291389 -31.533339 -28.020029 -18.369276 -0.897210 -4.705909
-44.105881 -13.636201 -29.038580 -8.543211 -0.147247 -25.140177 32.743862 -32.760014 -43.959133 -21.791382 3.061687 -6.702308
-44.994579 -9.191557 -27.595610 -5.310419 7.460067 -37.081631 31.463961 -35.290188 -45.664894 -26.349333 2.105656 -11.877593
-40.250591 -9.320377 -26.196852 -7.198607 -7.406480 -29.748781 26.328444 -37.538662 -36.958942 -22.862329 2.488053 -10.231404
-30.691137 -8.952354 -15.492160 -1.175408 -12.745366 -12.839507 23.143913 -35.268181 -27.747549 -21.337093 -2.894288 -6.277703
-33.555214 -3.602848 -19.722849 -2.910883 0.472039 -24.730749 20.468740 -25.521469 -29.540262 -17.863764 0.487509 -7.010219
-25.762697 -6.388359 -14.098388 -0.384900 1.458375 -21.090433 19.234627 -24.921028 -24.580679 -17.402548 -0.509609 -4.156579
-35.256371 -10.161016 -18.297516 -0.771819 -4.567565 -19.693964 24.097075 -31.737492 -28.432467 -19.463240 -3.272550 -4.267458
-27.131487 -4.795861 -18.799906 3.539879 1.155066 -21.654806 20.482925 -29.946493 -25.766356 -20.615831 1.459532 -3.095862
-25.765839 -7.619930 -19.883514 -1.933358 -0.707284 -18.156424 18.834938 -25.352655 -24.334576 -15.026809 -1.334300 -2.167985
-35.928841 -12.417210 -25.810143 -7.540973 -7.599455 -17.639336 25.011787 -35.339802 -31.737120 -21.048763 1.033692 0.023983
-24.720875 -4.842322 -16.880789 1.219884 -9.365689 -13.283043 18.162491 -33.596149 -19.203777 -20.418167 -2.419796 0.673107
-25.978607 -5.737439 -16.166306 2.958397 -5.068569 -16.112242 21.109848 -30.378090 -26.396442 -20.427406 -0.319899 -4.243122
-30.183264 -7.961035 -20.217892 -2.747412 -6.508032 -13.182292 20.869808 -27.892990 -26.323698 -17.424772 -1.185265 1.262923
-19.122503 -4.761336 -16.477768 -5.888594 -5.487346 -11.040812 12.619053 -19.864405 -18.824236 -13.558437 1.062722 0.919887
-16.106686 -5.513067 -1.890977 0.463298 -7.915757 -9.289911 9.744184 -14.810685 -14.401207 -9.520789 1.925526 -7.546761
-17.987875 -4.853542 -9.748905 -0.080434 -7.112969 -9.557535 12.635433 -20.376255 -15.834884 -12.975048 -1.103634 -3.484640
-20.864523 -3.284549 -11.785555 0.292634 -8.300543 -8.776742 15.191572 -24.450144 -17.381721 -16.009054 -1.058363 0.731941
-32.038132 -9.966997 -30.720991 -7.997858 -1.152802 -29.271957 16.443842 -29.524965 -28.109364 -12.983233 -0.457924 1.578913
-11.875864 -5.027202 -10.978251 -2.947387 -4.883842 -9.638268 7.736942 -13.761992 -13.665619 -7.584318 0.872524 -1.943768
-18.375599 -3.301591 -17.771399 -5.708536 -3.176224 -16.210749 7.908652 -12.620362 -14.564333 -6.481910 2.854304 -1.799048
-17.184011 -3.451876 -15.260017 -2.571315 -3.733040 -9.146777 11.119630 -14.799886 -13.329402 -7.899725 -0.735737 1.593769
-13.880409 -5.827279 -2.396372 0.112054 0.240499 -7.572722 7.452903 -9.495474 -12.666928 -8.279087 3.121118 -5.201680
-24.522099 -0.527171 -24.318645 -7.860204 7.967983 -29.135019 12.466307 -27.360346 -27.985922 -24.352385 2.656284 -2.673200
-39.271488 -13.185215 -25.723412 -10.169103 9.605084 -33.443718 28.462444 -22.435728 -44.732876 -18.673571 6.369900 -10.882788
-30.126431 -4.499148 -27.455961 -7.226258 -0.646163 -25.487253 24.551737 -33.691792 -34.615028 -23.905310 4.260814 -6.580351
-19.660601 -9.940310 -11.269002 -2.829730 -2.537924 -17.250011 10.077137 -12.963073 -19.286512 -7.807799 2.638887 -7.443715
-19.039511 -7.477409 -5.458910 -2.979916 -2.314394 -11.012208 11.400249 -12.063525 -17.031569 -8.975047 0.107433 -4.431063
-13.003819 -4.178843 -17.799385 -7.697378 0.006550 -15.316253 7.603764 -10.913567 -14.919688 -6.617380 3.385555 1.621719
-21.276632 -11.301104 -19.969376 -4.230330 1.505113 -27.691698 9.991191 -20.014067 -23.545015 -13.525532 1.593839 -7.239851
-22.522636 -6.753342 -15.523005 -1.590401 -0.914624 -18.953789 17.161457 -26.644329 -22.372190 -17.559023 -0.520328 -0.910772
-22.822241 -0.553574 -15.161993 -2.449342 -2.320463 -19.431467 13.384638 -22.362671 -22.567587 -17.749151 3.663917 -7.527647
-21.296860 -5.487502 -17.624590 -3.783237 5.111556 -22.191792 16.057737 -19.990921 -23.940311 -14.274751 1.892996 -3.266388
-12.392489 -4.675313 -6.227149 1.013243 0.927581 -10.583378 8.433600 -10.837002 -12.217072 -6.637173 0.951411 -3.625059
-18.641256 -2.619437 -21.237362 -6.582151 2.558232 -18.603954 14.906204 -19.175156 -22.559464 -14.192319 4.078051 -0.754182
-17.559906 -8.965676 -10.937616 -4.028794 1.463964 -17.934855 12.508636 -12.033867 -21.486795 -9.054215 0.417205 -6.702717
-10.368898 -9.822145 -7.078442 -4.779421 -8.659708 -4.200991 2.612097 -11.447260 -6.585146 -2.553953 -1.735046 0.001774
-18.952480 -7.370781 -11.286392 -6.739948 2.629888 -19.755457 13.378112 -12.359372 -24.638201 -11.906376 -0.070168 -5.959262
-18.373026 -7.332594 -20.582392 -6.819537 -4.718963 -11.126962 10.916424 -16.048752 -16.183460 -7.251291 1.033799 1.107281
-18.048410 -11.973253 -3.702333 -5.064742 -13.978278 -6.097351 6.269963 -12.166574 -13.410331 -7.673624 -1.402671 -4.328499
-13.570811 -7.327977 -11.135804 -7.847060 0.058804 -10.751809 7.919436 -6.594673 -14.161517 -3.033045 1.837929 -1.973734
-21.063477 -6.254941 -15.480711 -4.420249 -4.654397 -13.912850 11.973044 -14.971048 -17.513416 -9.197162 -0.346395 -4.687318
-35.564461 -11.419315 -20.622864 0.119526 -0.434858 -25.869465 28.655552 -36.202782 -37.753414 -26.012657 -3.642133 -5.956567
-27.946371 -2.152513 -18.393358 -0.353285 -7.069865 -16.042110 20.746094 -32.228943 -25.953175 -23.001986 0.050097 -1.419773
-23.984020 -6.536441 -18.309956 -0.139531 -3.359310 -15.857393 15.928033 -25.422871 -21.120882 -15.611396 -1.440381 0.922565
-29.913544 -11.094667 -17.560373 -9.697924 7.505106 -24.109385 18.626179 -11.156328 -31.215675 -6.447942 0.754068 -3.958369
-31.811342 -1.802328 -30.732481 -10.188470 1.915193 -31.728380 15.932296 -28.276106 -28.379112 -19.456984 2.438390 -1.128503
-30.199814 -11.389468 -21.204342 -4.432341 -9.292889 -12.922741 20.025043 -33.477325 -24.489639 -21.455746 -4.251161 5.076892
-45.234848 -14.844078 -22.462769 -2.870236 1.595341 -31.511921 28.555044 -36.934982 -36.884445 -19.284664 -2.803775 -7.787100
-32.592262 -5.633095 -22.235228 -7.867343 6.965325 -25.156555 19.828644 -21.830702 -30.472656 -14.236850 -0.609168 -2.490644
-32.263367 -7.724442 -21.507694 -2.286408 -8.432853 -14.175062 22.367332 -35.076336 -26.126236 -19.694456 -1.062728 2.810471
-30.190981 -8.705512 -12.884489 -2.987600 -8.154178 -12.751763 19.744801 -28.151848 -23.884855 -17.685181 -1.653433 1.670587
-27.971718 -9.414484 -14.687935 -3.702713 -10.363601 -17.453812 11.149787 -23.695158 -17.156796 -8.986304 -0.098693 -0.689619
-32.210686 -6.376048 -20.602091 -1.558853 2.046146 -24.278030 25.905880 -34.029064 -33.211147 -23.916122 2.644907 -4.331160
-30.749220 -12.118505 -24.826265 -5.603504 -2.530961 -26.113024 19.060015 -33.316666 -28.196020 -19.416304 -2.590996 4.142690
-19.560080 -7.194204 -11.042574 -2.167019 -3.860546 -7.800159 12.360260 -17.178862 -16.151461 -10.225811 -1.959852 0.576857
-36.366894 -14.179086 -16.839815 -4.200909 1.457934 -25.650167 24.448500 -28.166348 -35.571648 -19.612431 -3.449028 -5.960680
-30.920815 -9.283990 -13.865347 1.228786 -3.888911 -18.647577 23.294670 -29.402048 -28.322760 -19.746603 -2.229241 -6.053360
-14.801032 -4.918953 -8.139110 1.492871 -4.065490 -10.958183 11.668039 -17.738894 -16.779270 -12.764228 -0.507412 -3.484535
-43.212952 -12.259014 -24.395742 -5.595690 5.163515 -29.706078 28.279711 -25.630817 -40.359932 -18.028156 1.524105 -4.952251
-35.795799 -6.186339 -22.055143 -4.517044 2.998797 -30.714920 21.677706 -27.540676 -28.988508 -16.749643 1.302216 -2.001464
-39.729435 -16.855591 -26.266491 -7.579538 -7.496241 -18.395531 25.294086 -35.319759 -34.003754 -20.047890 -3.698155 3.063440
-32.585949 -14.585634 -18.929520 -5.135863 -12.371958 -9.748608 17.842209 -24.117451 -22.114689 -8.152143 -1.978239 -1.215712
-30.616697 -9.319297 -12.974026 -3.492833 2.542844 -21.043440 21.707357 -21.442677 -29.716751 -15.753716 1.192820 -5.942117
-34.647575 -13.695127 -17.751913 -5.007559 -9.079842 -12.766932 21.112028 -31.003336 -27.421087 -16.554096 -5.589911 1.995916
-38.529003 -10.343556 -18.081100 -4.778125 2.922575 -28.363838 25.117302 -27.687176 -33.202091 -17.439127 0.807912 -8.597377
-25.362431 -9.455412 -22.044046 -9.371686 2.985073 -24.204382 17.060822 -17.970503 -28.494352 -10.501012 1.626657 -3.832503
-29.435432 -8.899573 -20.002934 -2.695576 -4.672318 -14.659292 21.576426 -28.850592 -27.496952 -18.518433 0.100591 -1.385618
-43.168087 -10.334967 -30.078400 -9.181339 2.163894 -28.972059 26.755177 -35.085144 -35.878727 -21.039572 -0.313507 3.794763
-35.031235 -8.513533 -20.486227 -1.725569 -3.945590 -22.127205 28.494352 -38.136776 -34.282948 -24.671974 1.081510 -6.653665
-38.921352 -8.922497 -27.928442 -4.863362 0.286077 -26.469671 27.758987 -32.823738 -37.342907 -21.394646 1.273541 -1.051452
-35.655907 -15.517253 -23.812519 -7.119227 -1.779448 -20.521486 26.456081 -28.232386 -38.598248 -21.119600 -3.924090 -2.682821
-45.895527 -13.052210 -22.259651 -2.834146 7.974081 -32.618580 29.364656 -25.452946 -43.681561 -16.345188 -2.601708 -11.676206
-30.250525 -9.764434 -13.003256 1.628128 -4.369555 -16.365841 17.755491 -26.332754 -21.525566 -13.939877 -1.180083 -0.561085
-36.527496 -9.214501 -25.916044 -5.467606 5.481122 -30.704914 25.343407 -29.298513 -35.405270 -20.996912 -0.512487 -0.869195
-23.902454 -6.957482 -19.048100 -7.303123 -6.681131 -11.164569 15.449544 -23.744226 -21.746979 -13.660768 -0.340069 4.391691
-40.828472 -7.426774 -27.464428 -6.461426 -3.932776 -26.472506 25.517899 -34.505447 -33.939610 -21.989750 2.433177 1.302679
-28.034983 -10.454083 -18.283104 -3.736874 -6.325535 -13.337891 18.610712 -30.786938 -23.541859 -18.300602 -3.355223 1.602031
-28.326468 -6.210504 -13.770022 -0.358243 -7.968310 -12.187115 19.336718 -28.956873 -23.287302 -20.367741 0.007882 0.444717
-24.648521 -4.943772 -18.493551 1.697868 -6.253027 -13.231018 16.028368 -30.318106 -19.061264 -18.387651 -1.177634 3.662739
-30.156485 -7.856902 -16.185160 -1.265085 0.306336 -18.155348 19.746136 -23.179546 -26.564066 -13.199255 -2.199006 -4.260831
-23.574366 -4.608726 -13.737441 3.340935 -1.678608 -16.043715 19.087597 -27.889624 -23.280737 -18.851997 1.239456 -4.244435
-39.955246 -10.741599 -22.444407 0.372569 -6.213118 -22.443317 26.538286 -38.665691 -28.841822 -21.035873 -4.440523 0.184702
-44.713009 -15.695893 -35.620373 -14.155697 7.287746 -37.482651 34.080467 -36.080917 -52.997238 -27.527449 0.867798 -5.554633
-48.306103 -14.737603 -35.640713 -9.327251 -1.992074 -35.220554 25.404661 -39.047714 -36.778355 -17.374731 -3.783392 -1.230883
-48.176914 -10.399960 -42.555931 -10.190020 -4.981095 -27.267885 30.614868 -45.289387 -42.377907 -27.448845 1.754002 7.994235
-43.073036 -14.537706 -26.756207 -6.301246 -1.820030 -27.214315 32.616459 -41.720112 -41.763371 -26.271812 -0.712828 -6.281329
-29.527733 -10.377842 -16.099558 2.787585 -10.047876 -11.697293 22.474739 -35.924717 -27.136171 -22.518785 -4.775018 0.683214
-24.460783 -8.702991 -11.957292 -2.029389 -7.174866 -7.645445 17.135120 -25.242786 -21.287457 -16.540728 -1.719589 0.504349
-24.778690 -7.066794 -17.538689 -3.849765 -1.004202 -16.712767 18.426451 -23.458597 -25.453787 -17.092846 -0.192215 -0.423259
-31.060579 -9.840239 -16.181091 0.845651 -5.955683 -20.655901 20.336626 -33.588871 -25.280537 -17.095304 -3.789853 1.620568
-36.656826 -8.198139 -26.002043 -3.405082 3.552876 -27.879347 26.410664 -31.024652 -34.885994 -21.733095 -0.074893 -2.937247
-11.253470 -13.732907 -12.366096 -21.395605 -3.701245 -21.751081 -5.304560 8.882631 -16.347801 5.128005 -0.664296 -4.318307
-9.205541 -13.495282 -13.763515 -24.425320 -4.234713 -20.992634 -7.228271 9.903362 -16.433870 4.058868 -2.122182 -4.128366
0.772883 -0.219326 -5.009674 -6.667384 0.003244 -6.498724 -3.708130 3.851009 -6.915841 -3.216970 0.698467 -2.704011
-15.029656 -15.535234 -14.793429 -28.819529 -0.168447 -28.651781 -8.790799 13.597733 -24.156136 1.239194 1.527120 -9.501694
-14.976462 -16.525257 -13.638485 -25.292452 -5.822038 -24.145851 -4.310657 9.626784 -17.887915 6.041270 2.074603 -8.018154
-13.253988 -17.534832 -12.710389 -24.297855 -6.586429 -21.967222 -3.679240 7.935639 -17.532816 7.192918 1.293820 -5.817445
-13.691460 -12.926813 -11.358822 -22.057999 -2.872992 -21.870882 -2.822128 9.109018 -18.227140 2.709024 4.210853 -9.090122
-13.216412 -16.733795 -6.885778 -19.860577 -6.769001 -21.819378 -1.808166 7.246932 -17.277916 4.500967 4.835553 -10.883259
-1.133938 -4.490108 -3.891531 -7.383494 -4.151103 -8.472821 -2.483707 2.471956 -5.632068 0.301497 2.584203 -3.382362
0.327032 -4.124135 -5.048734 -8.916476 -2.559021 -8.315116 -4.739930 4.132050 -6.440920 -0.312981 -0.384982 -2.088837
-0.186512 -2.128364 -4.532204 -7.976720 -0.001247 -7.609021 -2.947577 4.228936 -8.180445 -2.218293 0.372348 -3.897129
-5.585366 -10.437771 -7.078711 -13.619285 -6.611088 -12.165767 -4.481051 3.839409 -8.513771 3.640817 -1.039473 -3.630423
-7.683366 -10.940996 -12.585589 -21.464760 -4.560287 -19.230555 -8.035534 9.428418 -15.205523 1.950887 -1.211662 -3.873286
-2.207800 -4.205011 -10.996067 -13.576655 -2.436074 -13.578016 -6.829533 4.243524 -9.699641 -3.003440 -0.768588 -1.217161
0.226495 0.958014 -5.297718 -4.202940 -1.470723 -5.372498 -2.478979 -0.642947 -5.578243 -4.546694 1.087011 -2.444880
-8.013914 -11.324087 -6.242474 -13.788410 -7.635521 -13.540827 -1.841576 3.754897 -11.910945 2.472402 1.670341 -5.586566
-2.513489 -0.670402 -4.848874 -6.525527 3.288116 -8.807290 -3.298107 3.061413 -10.154202 -4.854393 -0.194933 -6.339420
-1.222009 -3.810407 -4.681216 -8.668809 -0.658545 -8.311056 -3.205107 3.825750 -7.159770 -0.472985 0.133500 -3.094108
-9.892241 -10.156857 -13.489498 -24.289389 0.210261 -21.286329 -7.207245 11.453423 -18.457966 0.353592 -1.073974 -6.420119
-11.830089 -10.630484 -15.308858 -27.251816 -0.816329 -24.478682 -7.542739 13.820851 -23.207232 -1.367640 3.093378 -9.251546
-10.375695 -14.596891 -13.816215 -25.467049 -4.597070 -23.202736 -9.416953 10.306357 -17.375927 3.742646 -2.491299 -5.043680
-0.490955 -2.545999 -6.134234 -8.898025 -0.165740 -9.213627 -3.501498 2.215640 -6.459425 -2.332116 0.061660 0.042964
-8.948660 -9.996715 -12.899245 -23.226715 -1.724028 -20.300800 -7.436292 10.865651 -17.661251 0.979114 -0.670435 -6.375888
-15.544360 -13.214314 -18.896608 -33.602543 1.845097 -31.692030 -12.818768 17.410797 -28.403162 -2.034325 -0.523008 -10.573126
-10.228320 -12.167625 -15.036533 -26.753660 -0.975305 -21.942282 -6.585712 11.502007 -19.854214 2.129052 -3.714704 -5.751809
-13.909491 -16.282427 -18.522295 -30.756897 -3.110386 -28.996431 -12.347562 13.066941 -22.265324 3.395973 -3.021348 -6.140183
-16.745028 -10.562369 -23.731285 -31.073076 6.355989 -31.945099 -15.272330 6.864281 -22.945534 -7.504265 -9.331505 3.451984
-8.749489 -9.695806 -12.989697 -22.080132 0.479283 -19.854658 -8.144487 10.143044 -17.494986 0.154171 -5.265723 -4.935276
-19.752451 -14.598859 -24.147995 -36.233948 4.469559 -31.301521 -10.391663 15.280665 -30.048147 -0.347051 -11.095181 -6.423124
-14.964680 -15.525588 -21.305292 -33.950630 0.746719 -29.841856 -11.070689 13.749483 -25.890827 -0.570715 -8.581344 -6.552131
-13.151611 -9.998831 -16.132408 -27.611475 0.987226 -25.769428 -9.072167 14.265361 -23.942560 -1.591291 0.798251 -10.715456
-4.411672 -8.236437 -9.702296 -15.410733 -1.339973 -14.198965 -6.605477 5.565582 -11.419032 -0.285136 -3.946610 -1.924512
-5.542465 -7.905652 -11.303137 -18.751253 0.788813 -15.926851 -5.022406 7.961424 -14.323734 0.653945 -2.363209 -3.413501
-17.685616 -15.351087 -18.927568 -34.261677 1.767119 -32.996552 -11.839927 17.349314 -29.748392 -0.928542 0.582419 -11.642657
-5.049963 -9.674653 -13.532509 -20.750502 1.533839 -19.241726 -8.332760 6.809165 -15.399265 -3.748123 -8.215932 -1.111113
-8.560261 -14.800409 -13.345484 -23.527996 -4.139273 -20.675192 -9.438787 7.884170 -15.223979 1.660435 -6.105193 -2.291003
-16.749443 -14.333453 -22.256132 -37.703793 4.607579 -32.354137 -12.963985 17.760031 -29.919947 -0.984668 -5.837980 -8.174947
-11.556056 -21.389105 -17.381254 -31.827394 -7.160356 -27.081802 -13.579876 9.564840 -18.610758 3.168464 -9.150931 -2.373862
-17.622238 -20.204008 -19.949278 -35.647087 -3.714731 -33.751862 -12.547708 14.993530 -26.377235 4.475000 -4.191425 -8.422288
-14.982025 -15.923523 -15.916772 -29.200180 -0.978607 -27.406450 -7.611997 12.624702 -22.688881 3.493481 -1.545585 -8.535559
-11.060160 -11.908814 -15.102603 -27.080555 1.324858 -23.725824 -8.670194 12.605815 -20.912537 0.890007 -1.840979 -6.299689
-8.017236 -7.623037 -10.396616 -19.130009 0.099305 -17.952051 -5.088339 8.671167 -15.587957 -0.984269 1.513884 -5.655523
-5.404562 -5.571503 -8.404890 -15.033783 -0.732330 -15.004024 -4.433129 7.855412 -12.298344 -0.884812 1.925388 -4.365572
-10.163884 -6.126189 -14.737076 -21.383329 2.591134 -20.586342 -5.863318 9.869225 -19.933859 -3.145478 -0.249351 -8.124894
-11.354442 -11.409473 -13.065273 -24.796726 -0.878514 -23.388805 -8.119928 12.068856 -20.659525 -0.055059 1.827811 -8.035151
-7.045577 -13.046062 -10.658686 -20.813065 -2.160624 -19.323343 -7.635914 6.841717 -14.211947 0.451901 -4.922017 -2.352658
-14.359171 -11.409574 -16.586317 -26.587051 -0.585066 -26.918682 -8.626230 12.168410 -22.420115 -0.944957 1.897767 -5.500211
-7.558511 -12.462931 -11.891367 -21.554882 -1.638284 -19.919176 -7.477880 7.355958 -14.427203 0.044574 -5.810064 -1.678586
-8.143565 -7.834168 -12.311352 -21.091101 1.841133 -19.205315 -7.496036 9.992782 -16.245798 -0.562959 -4.137976 -4.751590
-9.347651 -9.601025 -13.570210 -24.181011 -0.285486 -23.038084 -9.001407 12.822999 -20.166103 -1.135864 0.761953 -7.221560
-13.497447 -13.938611 -13.573783 -26.209999 -2.198900 -24.990276 -8.260117 12.425802 -21.999937 1.692179 0.934767 -9.851961
-12.456427 -9.708552 -17.375780 -28.874237 3.707125 -25.895164 -9.726607 14.715184 -24.573828 -1.921530 -2.815685 -8.736049
-11.979554 -15.911720 -14.023334 -25.801617 -3.201763 -22.622810 -6.368811 9.776555 -18.937605 5.355307 -0.573952 -5.601937
-8.303249 -7.526947 -10.776020 -18.926088 2.718830 -18.119791 -5.722450 9.659919 -16.858038 -1.339897 -1.378441 -6.308333
-15.562284 -10.860041 -20.375444 -34.206856 3.917584 -28.860647 -10.749573 17.015837 -28.061216 -2.510440 -4.413968 -9.861603
-14.263831 -9.253770 -16.975914 -29.321957 4.624505 -26.098276 -9.314640 15.270072 -25.466532 -3.162956 -2.167321 -9.722500
-11.758336 -10.891293 -15.826764 -27.908848 2.654941 -24.409739 -9.913202 13.557133 -22.813667 -0.814045 -4.202184 -7.750829
-14.194259 -9.612735 -17.116886 -28.104340 6.109613 -26.178360 -10.051741 14.584548 -25.707741 -2.560188 -4.258607 -9.741574
-16.276213 -17.822014 -20.281975 -35.784500 -0.024273 -30.994917 -12.722191 15.213025 -26.436604 3.426121 -7.945982 -7.750176
-15.883382 -9.682343 -20.626806 -33.725452 5.336674 -28.801897 -10.894389 17.219334 -28.346035 -3.224969 -3.980055 -9.484386
-8.946959 -7.216815 -14.624682 -23.730131 2.170190 -20.366991 -8.646589 11.936422 -20.007742 -2.022047 -1.882918 -7.404940
-12.505265 -10.191070 -16.551094 -28.302187 2.566594 -25.745584 -9.994139 14.102398 -24.645071 -2.160640 -1.784502 -10.297776
-9.628232 -8.479550 -14.189204 -24.998415 3.308850 -20.939354 -8.156471 12.513223 -20.435722 -1.612161 -3.181684 -6.619897
-12.319853 -9.420546 -13.132154 -24.220051 4.011969 -24.253193 -8.326080 12.877835 -22.853626 -2.935519 -0.874711 -10.133982
-8.181185 -9.856541 -10.945375 -19.710024 -0.342621 -18.863379 -7.161496 9.302522 -15.971650 0.961911 -1.147606 -6.193005
-12.568182 -15.446868 -16.142826 -29.475687 -1.552673 -26.460402 -9.548859 12.674984 -21.384922 3.388664 -3.415138 -7.740731
-13.561722 -8.495983 -18.861588 -29.241188 4.503960 -25.633032 -10.112815 14.891965 -25.974079 -3.429629 -3.062768 -8.790975
-13.298544 -12.094346 -16.836065 -30.093184 2.345278 -26.309303 -10.138023 14.507265 -24.542311 -0.790102 -2.721995 -8.816768
-3.027076 -2.479789 -4.787107 -8.716666 1.679984 -10.797938 -3.569900 3.935961 -8.923918 -3.110978 1.037426 -3.634877
-4.881894 -5.152925 -9.516359 -16.510473 1.674510 -14.935538 -5.678647 8.558653 -13.791103 -1.989082 -0.883804 -5.247924
-12.391036 -8.782620 -15.861220 -26.542252 1.713348 -24.145758 -9.422365 13.984041 -23.699816 -2.396550 -0.075886 -10.064638
-8.307284 -7.239433 -12.191297 -20.730110 0.184890 -19.058174 -7.177247 10.643392 -18.461782 -1.819815 0.561572 -8.501404
-11.994823 -8.405332 -16.836508 -27.831989 3.388855 -23.859938 -8.690447 14.334823 -23.699490 -2.545574 -0.924058 -8.215682
-10.191791 -8.039296 -13.838630 -23.653820 2.270185 -22.689713 -9.231173 12.877534 -21.545683 -2.887648 -0.413925 -8.938440
-11.819044 -7.189948 -15.077254 -23.739845 4.510683 -22.427927 -6.938575 12.475491 -23.433674 -3.624996 -1.597769 -10.319754
-11.901917 -8.044754 -12.567042 -22.779930 4.614421 -22.458994 -7.357840 12.389380 -22.006264 -3.711719 -0.578835 -9.565875
-11.311115 -11.078763 -14.869143 -26.593687 0.857882 -23.886410 -8.570255 12.508253 -20.963730 0.051206 -2.286860 -8.201140
-15.911790 -12.896968 -16.010893 -29.992100 2.894260 -29.884314 -10.483945 15.320640 -26.888720 -2.278364 0.416462 -11.266992
-12.585042 -10.082236 -15.641811 -28.092012 2.825013 -25.646496 -10.153541 14.725729 -24.294649 -2.391661 -1.465181 -9.664904
-10.006901 -7.772865 -13.415161 -21.900187 3.088894 -21.252943 -8.226403 11.538469 -20.400539 -2.347289 -0.605237 -8.214167
-9.493299 -9.850792 -12.855682 -23.012487 1.614525 -22.088305 -7.461039 11.441778 -19.043549 -0.374683 -0.853933 -7.404536
-13.046630 -11.483179 -15.475798 -25.968151 2.453383 -25.189882 -9.930407 11.818487 -21.906424 -0.875000 -0.941152 -6.503621
-9.644800 -9.437946 -14.554383 -24.067339 4.809380 -22.179604 -8.765685 10.781803 -19.605152 -0.740767 -5.709154 -6.167714
-18.271616 -13.377217 -19.443125 -33.988953 6.551293 -32.591236 -10.542092 17.563787 -31.314163 -2.546863 -3.898260 -12.674782
-13.988751 -10.672726 -17.374516 -28.679533 6.000477 -26.086578 -9.841553 13.542042 -24.843906 -1.858799 -5.934926 -8.098581
-8.735500 -7.142196 -10.595256 -19.142080 3.163838 -19.725649 -6.412027 9.711365 -18.366610 -3.341891 1.841122 -8.490424
-11.518919 -9.322322 -15.330585 -25.950453 2.415513 -25.818104 -10.889740 12.896759 -21.326399 -1.613820 -2.534312 -6.419017
-16.390020 -13.614028 -19.087946 -32.450951 4.266639 -29.691050 -11.331063 15.264325 -26.809536 -0.019230 -7.297723 -9.081850
-12.704264 -12.099709 -15.316687 -28.703701 1.203588 -26.557087 -10.168900 14.325896 -23.847927 -0.852117 -1.587623 -9.796081
-9.911235 -8.817208 -14.305187 -22.778980 3.466804 -21.633484 -7.926989 10.573988 -20.234192 -1.886664 -2.583072 -7.656827
-12.286918 -11.662975 -15.274803 -28.023178 1.009579 -25.909800 -10.018846 14.030455 -23.809275 -1.067435 -1.504031 -10.247802
-6.330869 -7.142681 -9.516587 -17.058273 -0.611371 -15.861147 -6.419992 8.726615 -14.941263 -0.674235 -0.148785 -6.312701
-9.539553 -10.810913 -14.404145 -25.680759 0.253702 -23.493999 -9.406185 12.622987 -20.377674 0.046377 -2.353912 -7.692580
-6.412578 -6.456825 -8.238510 -15.530053 1.147818 -16.217760 -5.675031 7.837130 -14.076381 -1.501870 -0.601142 -5.768359
-9.638200 -10.530663 -12.912320 -23.268648 0.536816 -21.393976 -7.486280 10.752260 -18.581633 0.612319 -2.211575 -6.970521
-10.449839 -6.285802 -15.462933 -21.225712 -1.837759 -22.461084 -8.901592 9.340645 -20.851154 -3.683969 1.550876 -10.754639
-10.813418 -13.579314 -15.018312 -27.090513 -1.504887 -24.083368 -9.973485 11.644937 -19.877110 1.882770 -4.441707 -7.002298
-10.069334 -6.926558 -14.384161 -22.744156 5.835201 -21.331123 -7.561683 11.171237 -21.216486 -3.182307 -3.958466 -8.229855
-4.462520 -4.373670 -8.651680 -15.346936 1.503191 -14.884302 -7.242364 7.553852 -12.967041 -2.718451 -1.383471 -4.539719
-13.840240 -10.749440 -17.303932 -30.567621 3.396861 -26.859133 -9.963763 15.300552 -25.504734 -2.186617 -2.713800 -9.806099
0.142846 -7.570494 -1.203497 -4.005705 -12.701833 -1.840237 -6.863503 -10.048468 5.318241 -4.547933 -1.692177 -2.562824
-6.304721 -17.791386 1.321034 -4.517954 -30.234642 -10.475415 -16.757368 -23.845446 12.501226 -6.587879 -7.057967 -12.726316
-6.716617 -19.435986 0.446945 -5.084310 -31.896357 -11.592492 -17.508757 -24.120625 13.340924 -5.006610 -7.368643 -14.484477
-8.701386 -23.928596 -4.500215 -10.967179 -35.196693 1.254125 -16.727171 -29.565657 16.963654 -4.528776 -11.725101 -6.485715
-14.339357 -30.377022 -1.937971 -12.669734 -38.620705 4.948428 -16.884483 -29.374952 16.198902 -0.439904 -12.634983 -8.659106
-10.479095 -25.805901 -5.548620 -12.333033 -32.972836 6.629064 -13.447575 -27.108278 15.512258 -2.120659 -14.339265 -9.529350
-9.103456 -23.382683 0.402741 -8.117856 -35.686134 -1.037847 -17.740021 -28.007908 17.150969 -4.105035 -15.018662 -13.643498
-10.295290 -24.103476 -3.250570 -9.351635 -31.861254 2.376390 -14.491795 -25.583769 14.085529 -1.137214 -10.085480 -7.055623
-9.900429 -23.850433 -2.894308 -10.152030 -37.363266 -3.680231 -18.256153 -29.711433 17.680117 -3.425199 -14.074814 -17.332876
-8.328976 -20.937260 -1.232476 -7.337946 -33.324245 -6.269735 -17.228556 -26.251808 15.273392 -3.836900 -11.199752 -16.377987
-10.126092 -25.376522 2.079544 -4.411360 -37.689102 -2.529625 -17.192181 -26.703808 13.856194 -2.517600 -6.737874 -16.045774
-7.514908 -17.939693 0.262537 -7.940512 -29.770891 -6.390546 -15.001433 -23.744770 12.536211 -8.297330 -9.302512 -7.410093
-10.827303 -26.320082 2.037272 -2.820840 -43.287724 -14.652480 -22.771980 -33.605576 17.774460 -5.165779 -10.831838 -23.096882
-9.990524 -21.262638 1.013934 -3.152257 -37.375751 -15.942163 -20.145357 -29.990257 15.683680 -6.631203 -10.650849 -19.572823
-8.236141 -17.437553 -0.454874 -3.786242 -32.258839 -12.329327 -16.387808 -26.289305 13.864522 -7.767553 -9.066859 -14.774681
-9.537842 -24.660480 -4.639561 -13.698332 -38.246670 2.587588 -18.126780 -32.475483 19.536018 -6.697114 -18.135595 -12.563895
-9.151490 -20.581850 5.502009 -1.410950 -33.038338 -7.856323 -17.341265 -25.592072 12.202855 -5.974748 -6.738247 -17.154509
-7.079746 -20.854027 3.898846 -3.338455 -32.217468 -0.211086 -14.004852 -23.605137 11.584905 -4.774489 -6.771392 -14.416694
-5.236098 -18.022738 -0.608044 -6.752073 -28.133499 -7.804361 -16.145788 -21.239162 11.684239 -4.955337 -4.686880 -10.184025
-6.658573 -19.872314 1.015824 -3.412744 -32.088451 -7.464623 -16.438900 -23.659407 12.546238 -4.567363 -4.754497 -15.730994
-11.813323 -25.187920 -2.435210 -11.384304 -39.509388 -5.504084 -20.564955 -31.065941 18.740040 -4.560009 -14.188266 -17.069859
-11.147432 -24.773092 -1.977961 -10.686609 -40.111149 -2.146303 -19.470306 -32.617111 19.399975 -5.905451 -16.958796 -15.967453
-7.283300 -26.347748 -2.652793 -10.238195 -38.783607 0.038896 -18.773315 -29.505955 19.117512 -2.344383 -14.334222 -15.470479
-6.428215 -17.241720 1.436555 -3.872218 -30.760199 -9.224910 -15.303756 -24.153646 12.238446 -6.791495 -7.597966 -13.707803
-8.687511 -18.100456 0.876402 -2.362062 -33.820362 -14.083278 -17.434618 -27.019184 13.828787 -8.513936 -8.388770 -15.404522
-12.071554 -24.926601 -4.389001 -11.797883 -36.646229 -3.501648 -19.414972 -28.279476 16.855385 -1.427983 -11.103968 -13.913240
-11.386468 -21.557213 -2.468446 -11.059148 -35.923164 -2.486156 -16.883760 -28.971472 15.837191 -7.257713 -12.379920 -12.701075
-8.370370 -24.491474 -2.009308 -8.982274 -36.490810 -0.646221 -17.992170 -28.329266 17.975307 -2.631320 -14.457862 -13.420020
-11.214409 -25.562222 -0.175375 -3.672016 -39.178181 -4.994859 -18.362705 -29.016470 14.989525 -1.779604 -7.091134 -16.800806
-9.488299 -21.650967 -0.192582 -8.179724 -34.991524 -7.730256 -18.986893 -26.107737 14.833439 -5.562365 -8.439862 -14.468962
-9.526464 -26.468657 -1.029103 -6.404387 -39.581161 -8.016258 -20.708567 -27.877337 15.929261 -1.801098 -6.267437 -16.804108
-6.438695 -15.105852 -1.422945 -7.548877 -26.497524 -2.723037 -11.783759 -20.953890 11.197196 -5.665093 -8.937370 -11.264293
-7.084713 -17.628027 -0.960316 -6.637643 -30.658829 -7.771646 -15.579576 -24.127769 12.926159 -5.627712 -8.350467 -12.680572
-8.475514 -17.136442 0.567905 -3.900237 -31.538982 -12.070761 -16.214331 -24.821026 12.871010 -6.548965 -8.964961 -14.011976
-7.796287 -16.708847 0.619411 -4.218874 -28.752596 -10.188430 -14.755716 -22.728422 11.042928 -7.293199 -5.981895 -9.508853
-9.659642 -20.517664 1.158607 -4.170124 -36.289803 -14.294103 -19.452106 -28.631514 15.513345 -7.256197 -9.461768 -17.957413
-8.672153 -16.704948 1.196755 -6.572012 -29.359056 -5.870089 -13.250533 -23.964994 11.700232 -8.708182 -9.731750 -9.714765
-9.593530 -19.985840 -1.122107 -7.643250 -34.927013 -6.116968 -15.975601 -28.092716 15.561532 -5.935388 -13.332197 -18.107128
-11.583919 -22.969376 2.244383 -7.268178 -39.772495 -5.939955 -19.150080 -30.326160 16.773226 -6.162228 -12.893870 -18.567495
-10.987392 -21.094759 -0.074879 -4.648933 -37.005928 -15.676399 -19.276878 -29.935143 15.792253 -6.165984 -11.790552 -18.115128
-8.971581 -20.774305 -1.094082 -6.736435 -35.365814 -10.458013 -18.685122 -28.192657 16.320601 -5.679578 -12.281805 -16.661343
-7.658328 -19.985048 -0.306510 -5.820832 -33.759037 -11.701030 -19.115723 -26.158129 14.376578 -5.285655 -8.198490 -13.255491
-7.622522 -22.523697 -2.184748 -5.467386 -33.779320 -7.593664 -17.501417 -23.197941 13.733238 -0.311537 -6.197223 -15.190355
-7.563451 -19.332338 -1.258693 -4.845431 -34.076324 -10.854155 -17.449100 -27.002548 14.055728 -7.100401 -7.046804 -14.883154
-11.394303 -21.624043 0.630868 -4.877974 -36.949272 -15.263001 -19.584951 -29.654070 15.305677 -6.444455 -10.301227 -17.807802
-8.961761 -22.490660 -0.912724 -6.588411 -37.760605 -11.463376 -20.108652 -29.861908 16.956427 -5.652385 -10.297877 -18.726948
-3.652505 -18.646992 -0.214536 -5.738920 -28.611547 -1.985338 -13.708762 -21.663313 12.335178 -4.142290 -6.660268 -12.724411
-5.643544 -19.550030 -1.302956 -7.232204 -31.420601 -9.037380 -17.702717 -23.402201 14.024803 -4.423388 -8.026745 -13.370857
-8.724245 -25.878729 -1.193055 -6.332961 -40.641357 -11.388328 -22.418896 -30.713877 17.768063 -3.414862 -9.078315 -18.393488
-12.019760 -19.205160 -1.496656 -10.765374 -31.169218 -5.666287 -14.443276 -25.034931 11.433850 -7.685314 -8.718309 -10.171608
-7.535958 -26.200813 -3.279199 -12.490949 -37.002998 3.317322 -17.201691 -28.982477 18.194475 -3.638889 -15.864861 -11.314445
-16.505075 -33.580662 -7.977630 -18.895287 -44.946651 -2.085848 -25.278992 -36.636097 20.292364 -4.311102 -11.634255 -1.499356
-0.524407 -10.452958 0.633969 -3.352790 -17.490700 -3.253232 -8.937052 -11.907954 7.089489 -3.644041 -3.828572 -6.679315
-4.190432 -15.820509 3.554493 -1.128009 -27.110735 -10.168576 -14.541225 -20.495087 10.350919 -5.643070 -6.353580 -14.299783
-11.889585 -24.328724 -1.510679 -10.152060 -42.947178 -2.994101 -19.209459 -35.195171 19.652573 -7.237216 -18.156082 -18.993011
-8.018693 -19.027891 0.716035 -4.689374 -33.057964 -13.506554 -17.892788 -26.474310 15.065450 -6.863979 -11.428287 -15.734015
-8.437834 -28.296864 -11.319598 -23.419073 -37.315178 5.397832 -16.692434 -32.560730 17.173872 -14.651483 -20.439089 -3.862158
-12.244738 -28.173756 -2.669778 -10.422110 -39.209801 -2.355932 -20.843866 -30.143406 18.545109 -0.822248 -12.124154 -13.595511
-6.078141 -23.112221 -12.971932 -25.982540 -31.708258 2.428715 -14.573895 -33.474354 14.451416 -20.807850 -12.548699 3.705427
-7.211530 -26.023075 -11.767630 -19.408308 -37.418186 -2.707313 -19.379948 -29.667513 16.771175 -12.070052 -11.457334 0.828828
-6.789506 -24.325512 -0.876135 -9.172700 -36.958626 1.206876 -16.698221 -27.846397 16.590792 -3.682305 -13.195325 -15.438823
-7.917416 -18.754648 0.259758 -6.810837 -31.561897 -10.548600 -16.755346 -25.139109 14.221544 -7.813780 -12.349810 -10.820010
-3.575563 -18.943022 -6.884944 -15.481534 -29.244583 -4.059905 -15.531183 -25.678263 14.808352 -13.754329 -8.003493 -0.073110
-8.737497 -21.338068 -0.529510 -5.374494 -35.757076 -10.626486 -18.450994 -28.985420 16.313549 -4.991074 -12.525804 -16.209333
-10.846231 -29.895683 -3.982637 -10.596494 -42.506615 -2.291840 -21.362923 -31.830086 20.032812 -0.020460 -13.594764 -14.686066
-13.951935 -20.465298 -4.415424 -9.944642 -39.028431 -2.677671 -16.939524 -34.447960 17.507154 -10.847683 -17.466164 -10.886878
-9.073809 -22.307884 -1.899963 -9.436315 -35.779587 -5.342079 -19.037786 -27.897060 16.585104 -3.808777 -12.923873 -12.281688
-10.028383 -22.843779 -6.143271 -13.883407 -39.041214 -3.740027 -20.009848 -31.424221 19.059607 -7.755461 -17.025623 -8.267842
-6.176222 -23.099314 -8.848598 -16.517273 -33.686745 -2.607050 -18.325527 -26.903355 16.537855 -9.001318 -13.529857 -1.695895
-10.318644 -24.000601 -2.561883 -10.305760 -41.155453 -8.855331 -21.291355 -33.355087 20.656929 -5.935604 -19.015766 -18.719778
-14.454380 -33.624702 0.014727 -12.482669 -47.173843 -1.654459 -23.355783 -31.432745 16.303694 -3.632594 -6.062500 -10.178267
-0.692315 -12.512033 -2.427369 -10.142068 -19.904633 -3.951846 -10.571695 -17.784811 10.269178 -10.832119 -9.801655 -1.775445
-1.063673 -9.058857 0.076203 -4.323892 -16.743666 -2.635682 -8.428696 -14.034142 7.915564 -6.133109 -7.126727 -3.838430
-6.388743 -19.194574 -5.064340 -11.261823 -32.194523 -2.344169 -16.172739 -26.678972 15.454127 -8.042444 -12.689195 -6.317592
-5.292752 -20.683987 0.866801 -8.213536 -30.509689 1.110448 -15.275347 -22.498024 13.331200 -4.832098 -9.015857 -9.258112
-10.990920 -27.937611 -1.399426 -11.503457 -40.123505 2.645058 -18.654688 -32.654114 18.037109 -4.522634 -12.821017 -10.251270
-4.258610 -21.204891 -6.884899 -13.359943 -34.896828 -4.807363 -18.182350 -29.032095 18.020872 -10.416314 -16.377745 -6.118371
-10.818254 -27.496046 -11.097786 -19.360193 -40.067989 -3.137027 -23.930319 -33.052837 22.201784 -7.541598 -19.712414 -5.411034
-7.828969 -16.534857 -1.927459 -9.470865 -26.913548 3.019517 -11.530847 -21.106405 10.843417 -6.388705 -8.078823 -8.270033
-11.758181 -21.027514 -0.293013 -6.699371 -35.433640 0.191000 -15.809542 -30.480974 15.735167 -5.978934 -14.262459 -14.018442
-9.311953 -20.372587 0.747047 -5.953405 -34.902802 -4.629509 -17.540491 -27.956543 15.255889 -5.694063 -12.537762 -13.302433
-9.363173 -22.120977 5.873711 -4.114575 -37.708305 0.842692 -15.059252 -29.770369 13.657612 -8.217572 -12.267719 -17.096752
-5.773998 -18.022463 0.691475 -3.989481 -31.298801 -4.836455 -14.701223 -25.762951 13.884867 -5.171661 -11.497023 -14.575769
-7.259268 -22.091814 -9.337792 -15.557579 -33.438465 -1.899380 -17.122610 -27.391315 15.710478 -10.100868 -12.270223 -0.905032
-0.193031 -15.152596 -5.518459 -12.421017 -23.950661 -1.957078 -11.920780 -20.604374 12.418672 -11.428553 -9.312108 -2.032322
-13.510222 -30.561642 -0.845690 -11.575382 -44.386028 2.154900 -20.436096 -36.467003 19.476307 -5.789369 -14.503128 -10.203603
-11.236925 -25.886854 -5.825788 -14.044202 -42.497704 -4.227064 -22.234734 -34.850502 22.048018 -7.748946 -19.445127 -13.404761
-17.778038 -28.823935 -0.149621 -14.502126 -38.856392 6.204184 -16.315847 -35.762375 15.874922 -9.552669 -14.467053 -3.438775
-17.191088 -34.489323 -7.372623 -19.745522 -46.315506 -3.460349 -26.081156 -37.217297 19.090670 -8.311152 -6.199933 1.046662
-11.713727 -27.196798 -1.615831 -13.018445 -39.294891 1.365758 -19.394779 -27.873241 14.420215 -5.610727 -5.535293 -6.446064
-9.277115 -23.806561 -0.722199 -8.480371 -35.266346 -1.699572 -18.258114 -27.285847 14.949929 -3.954624 -8.539492 -9.983376
-10.578372 -29.180031 0.627605 -9.778233 -40.893414 3.598593 -18.499580 -32.069973 17.387402 -4.251038 -11.622916 -11.553195
-6.116973 -20.369444 -3.842221 -9.881524 -34.149307 -8.194173 -18.565794 -27.279753 16.570812 -8.554818 -12.334238 -6.948301
-10.591185 -28.593870 -2.451706 -12.581860 -40.411026 2.926320 -19.044403 -31.062029 18.656214 -2.638194 -14.390146 -12.428586
-17.327730 -23.801771 -3.819037 -12.865376 -37.055592 1.754937 -17.071632 -32.025986 15.183280 -6.381647 -12.282882 -7.969860
-1.342391 -13.066881 -1.019514 -4.747555 -23.251106 -7.578749 -12.555903 -19.009384 11.167008 -9.352510 -6.184991 -6.332397
-15.249931 -30.773237 -4.282476 -13.930696 -46.076992 -6.636324 -25.640974 -38.930050 20.327982 -7.419796 -12.806948 -5.250734
-21.907129 -39.551178 -3.809251 -13.831788 -55.982014 -8.431288 -26.607477 -31.851780 13.438483 -2.913913 -0.320345 -15.358261
-15.371589 -30.609880 -5.055898 -14.564435 -44.472046 -4.613143 -24.312956 -32.716427 14.967418 -8.051412 -0.190374 -6.027665
-4.607875 -13.446774 0.137481 -3.370703 -25.277716 -9.230288 -12.706336 -20.875561 11.284400 -9.027453 -8.299259 -9.077592
-17.469160 -27.435978 -10.095561 -16.496691 -25.552488 -21.978767 -15.018080 -7.167228 0.286512 15.171631 -2.256429 -9.222522
-12.098797 -21.179281 -9.666265 -13.120437 -17.197365 -20.668308 -10.159806 -4.257281 -3.455333 11.256136 -0.903760 -8.778045
-15.977761 -23.749981 -15.094622 -20.473915 -19.034548 -16.743761 -11.129338 -6.258401 -3.034709 9.348518 -5.997740 2.296678
-14.645090 -20.233486 -8.501642 -17.116133 -18.697001 -12.768426 -9.949767 -4.889630 -2.915274 9.873476 -0.295450 -1.437031
-21.301640 -28.121252 -19.108011 -28.326571 -20.849516 -18.758398 -11.067642 -2.581093 -6.396386 16.426649 -4.319177 -0.720436
-13.654293 -19.927925 -9.235966 -14.319677 -17.656015 -14.497951 -9.402105 -6.004812 -1.772777 10.833220 -1.895916 -4.036734
-17.928875 -21.705923 -9.199801 -18.108740 -20.242552 -13.261742 -10.303754 -8.702849 -1.609978 11.166416 -1.402013 -1.699510
-15.166736 -21.864483 -18.300810 -20.056263 -18.007797 -19.421461 -9.691261 -4.863394 -6.770011 9.120069 -1.597539 3.071395
-22.938845 -30.554861 -15.420019 -25.610964 -24.942934 -23.790628 -14.238911 -4.093529 -6.600389 15.890693 -1.464505 0.433482
-46.775314 -50.974018 -20.899082 -34.172684 -40.661884 -32.875099 -17.266222 -8.710283 -10.050608 27.498198 -1.546505 -11.532641
-17.166388 -22.803846 -6.954695 -18.730986 -20.395233 -12.184891 -7.247417 -2.825457 -5.459460 11.131520 -1.328975 -5.025973
-18.843773 -27.636082 -12.534322 -17.704615 -23.407980 -17.072966 -11.887795 -7.828219 -3.987506 10.735498 0.652268 1.457468
-14.502769 -18.477427 -9.889898 -9.816355 -18.595638 -15.089796 -8.177446 -8.243898 -1.225735 6.889182 -3.779523 -3.864100
-9.801001 -14.602105 -11.478391 -11.088851 -14.500175 -10.436670 -9.066313 -11.362996 0.396462 -0.579363 -0.868554 8.695977
-13.094117 -22.897921 -6.661404 -10.247227 -24.126875 -18.817282 -14.545944 -9.777486 3.674743 11.762943 -3.752231 -11.780770
-11.259007 -18.819553 -9.709417 -13.711354 -16.391985 -13.645523 -9.376334 -5.896435 -0.920962 6.569808 -2.609992 3.170726
-14.372827 -18.306244 -9.891446 -13.131489 -17.517643 -15.621731 -11.082660 -7.595237 -1.773077 8.146413 1.320499 1.843262
-17.640566 -22.818317 -13.249413 -18.181578 -17.484694 -16.908985 -9.165684 -4.720119 -4.960954 12.459347 -3.084205 -0.787606
-15.136490 -26.197041 -8.571014 -13.182850 -27.438490 -15.925505 -14.686893 -10.842437 2.940773 11.789191 0.074271 -7.232740
-11.113441 -17.154461 -3.937274 -7.296812 -15.678074 -10.939976 -7.278059 -7.446394 -0.152901 6.404797 -1.313327 -5.698926
-12.839733 -20.490753 -14.977218 -16.920366 -16.878759 -20.553329 -10.969152 -4.464000 -4.468291 7.944923 0.297286 1.453922
-10.462903 -14.620309 -10.862935 -11.272491 -13.802494 -14.875276 -8.932259 -7.623388 -0.514292 7.632935 -0.849301 -1.618375
-13.104614 -20.539112 -11.456261 -13.583588 -18.794964 -19.840757 -9.738403 -6.208451 -2.888042 10.798307 -2.228902 -5.739283
-21.545942 -21.859301 -11.722183 -21.311838 -19.238951 -11.991459 -8.785408 -7.314620 -4.244298 11.689943 -2.983744 2.157934
-10.482200 -17.572950 -9.770001 -9.097247 -18.088736 -8.747717 -9.259133 -11.265859 3.065190 7.740330 -5.125807 -2.337637
-13.627017 -15.851038 -7.524579 -6.037454 -18.478750 -14.686560 -9.833453 -12.865850 2.264130 6.156573 0.307723 -4.166021
-20.979155 -24.078402 -11.748644 -21.947918 -20.947084 -11.274461 -6.688002 -4.050250 -5.954618 9.861376 -4.479323 -0.579739
-3.796414 -10.241234 -7.183370 -8.389646 -9.155427 -7.809058 -6.543371 -2.474172 -0.134975 3.471849 -1.529829 1.346154
-14.666690 -25.134729 -10.314476 -17.003099 -23.519106 -20.200146 -14.727365 -6.532476 -0.065928 14.210439 -1.703630 -7.654751
-7.052876 -11.466646 -1.453358 -4.421824 -14.249763 -9.739655 -8.779419 -12.045343 3.879132 0.010972 -2.198528 -1.732807
-4.221730 -9.412395 -9.712595 -13.871799 -6.368103 -9.305762 -4.247554 -3.209933 -3.941167 -0.570558 -4.486305 6.307776
-22.253653 -27.576170 -17.668020 -24.465763 -21.800219 -21.378025 -11.908895 -5.916401 -4.577437 16.570673 -2.027592 -3.197828
-15.572137 -22.992535 -14.505527 -15.874818 -20.951389 -15.646419 -13.536340 -11.822223 1.849958 6.382566 -5.859224 3.601519
-16.213333 -20.278650 -12.811823 -19.095636 -14.346958 -15.423370 -8.410881 -6.095101 -5.754783 7.649585 -2.943611 4.593875
-16.930655 -19.207163 -10.563547 -14.039588 -18.714643 -14.161977 -10.718539 -10.673221 -1.272315 5.731431 2.518075 2.671661
-20.521221 -27.086359 -17.918100 -19.632378 -24.589333 -22.697689 -14.181806 -6.854376 -3.022907 15.459510 -4.037760 -3.178312
-20.816095 -28.335867 -13.142860 -22.124153 -25.693970 -17.606482 -14.447547 -7.746708 -3.112584 14.177393 -2.672749 0.832695
-25.768375 -29.059818 -14.580764 -21.806238 -25.737141 -21.162153 -11.774285 -10.816107 -2.242986 15.847186 -0.825356 -6.544068
-22.413902 -27.368280 -10.553642 -23.861450 -20.316517 -17.696301 -6.495100 -1.934255 -10.481602 13.524402 -2.049928 -5.811279
-23.802534 -30.528648 -18.528622 -25.112236 -23.696318 -23.678404 -13.139849 -6.358452 -5.419250 18.513296 -5.460684 -4.359472
-23.811346 -24.433346 -9.913019 -18.456749 -22.621494 -7.697954 -5.597552 -10.792680 -4.128471 11.275481 -4.345408 -2.028764
-15.629493 -20.095970 -9.845376 -16.682449 -16.421576 -13.274693 -6.594177 -5.802614 -3.809276 10.478202 -1.366993 -4.575476
-13.921870 -20.455853 -10.161667 -9.169547 -22.407602 -12.598643 -12.339544 -13.878407 4.652096 9.431279 -5.788603 -2.684308
-9.678839 -16.149656 -12.719047 -14.164319 -12.931576 -8.650747 -5.752800 -5.487053 -3.187819 4.792579 -5.631567 1.480015
-21.838999 -24.630156 -10.301250 -21.310070 -20.204865 -15.295282 -8.997088 -5.881460 -5.097933 13.007314 -1.850892 -2.094233
-11.042578 -17.151588 -9.388308 -9.323820 -17.432156 -15.265177 -10.057655 -9.618901 1.661613 8.697184 -2.755995 -5.004497
-11.382316 -17.918886 -11.576102 -13.442634 -16.128479 -15.195365 -9.060261 -6.052375 -1.619499 9.303726 -0.660474 -3.165749
-12.593411 -21.535076 -12.177048 -16.746777 -18.112362 -16.528038 -10.482818 -4.570623 -2.379191 11.400777 -4.295995 -3.534580
-23.353376 -27.417065 -19.152802 -25.665846 -22.283098 -21.938528 -15.092542 -8.711780 -3.873446 14.944130 -1.648686 4.164308
-26.406771 -31.068106 -18.836891 -26.219116 -25.040188 -24.375639 -14.375335 -7.830665 -5.627398 17.449100 -1.945421 0.478901
-14.202847 -21.553576 -10.812565 -19.406857 -13.395022 -18.927830 -5.940439 2.419270 -10.306818 10.642085 0.202334 -4.629961
-15.184663 -21.746414 -8.753566 -14.258911 -20.334581 -13.825324 -9.635781 -8.594583 0.358980 11.408735 -2.429411 -7.899339
-16.233028 -21.243587 -13.240859 -18.312809 -16.828274 -14.907822 -10.414774 -6.595824 -2.504411 12.431392 -3.198158 -0.601475
-18.103830 -16.874073 -9.609391 -12.747468 -17.554794 -13.091161 -8.969883 -12.446617 -0.218403 6.882874 -0.070099 2.390758
-12.769085 -17.633121 -13.640445 -15.873430 -14.684962 -13.726389 -11.210554 -8.086422 -1.862168 8.277672 -2.144114 4.961885
-18.562681 -19.054512 -10.880781 -16.249081 -18.020821 -10.028521 -8.850856 -10.089031 -1.379672 9.591262 -2.773117 2.371935
-20.749447 -21.766172 -12.675087 -20.272081 -16.190189 -12.512344 -4.974926 -3.669348 -7.789341 11.689522 -1.708618 -3.006249
-19.888636 -19.532099 -13.871920 -16.633799 -17.100014 -12.661917 -8.357569 -9.659670 -1.966155 10.650569 -3.464493 -1.878395
-14.909643 -16.947235 -10.736291 -12.527900 -16.571768 -5.582551 -5.981967 -8.187168 -1.952260 7.829964 -1.854901 0.651724
-17.062279 -14.770766 -9.327112 -12.845381 -17.736029 -5.828482 -4.082624 -9.027957 -2.626266 5.112112 -2.692896 2.899711
-21.287310 -21.743315 -14.410512 -18.241495 -20.377762 -10.170241 -10.992990 -13.396807 0.158560 10.281636 -2.874287 3.837051
-17.063417 -18.740480 -11.439913 -15.669423 -17.881565 -12.352928 -9.593647 -10.407769 -0.506350 9.604408 -2.602914 1.321818
-18.773188 -18.463991 -13.433969 -16.642523 -16.277088 -12.995563 -9.148142 -9.214491 -2.062840 10.419311 -2.044952 1.747814
-22.653460 -27.219025 -9.866636 -19.234268 -24.702114 -16.085119 -10.608545 -6.123309 -4.271317 13.961411 -0.881519 -5.019520
-17.584129 -19.687807 -9.374466 -14.566713 -18.684956 -6.881885 -5.694103 -10.036982 -1.317986 7.890135 -3.230864 -0.392967
-25.930906 -27.605852 -14.721420 -22.534676 -27.260521 -18.033892 -10.182484 -9.012651 -4.602579 13.869355 -0.101015 -2.760854
-13.159043 -16.810011 -14.045295 -13.432762 -16.868933 -10.951607 -6.813518 -9.542933 -0.655913 7.622687 -2.345320 -3.565665
-16.151701 -21.504942 -13.956470 -18.162840 -19.574436 -17.049028 -9.743196 -7.098120 -1.339863 11.810466 -2.136142 -6.273221
-18.115145 -21.493690 -14.123962 -18.693628 -18.124878 -13.935491 -8.963164 -9.085939 -0.970209 12.747820 -4.164577 -3.238762
-26.199514 -28.765841 -13.635874 -24.076757 -23.113266 -16.905249 -8.772159 -6.975235 -6.258228 15.113674 -2.177529 -1.950597
-14.681896 -23.342979 -9.184840 -13.403192 -23.703001 -16.325777 -11.166561 -10.611192 1.717898 10.836108 -1.769398 -11.732978
-17.205660 -19.881214 -5.701518 -10.512484 -18.570234 -11.636617 -7.708781 -9.469606 -0.272267 9.998705 -1.699483 -7.087395
-13.898135 -19.549408 -9.005935 -14.298519 -14.715077 -18.584997 -7.202605 -2.377421 -5.728077 8.762611 1.253674 -2.622603
-29.639986 -26.558393 -11.046602 -18.647860 -22.854469 -14.624875 -7.086891 -9.301476 -5.015080 14.482481 -2.385583 -2.649338
-16.667021 -22.856138 -9.573278 -13.775683 -22.516613 -13.000950 -10.253454 -9.681844 1.073295 11.646251 -3.519553 -8.517626
-17.467499 -24.225040 -11.816440 -16.200058 -21.181910 -18.112198 -11.077995 -7.646648 -0.882486 14.502958 -2.599269 -7.469867
-15.716784 -23.000620 -10.355876 -16.509310 -19.593441 -18.397905 -10.380121 -6.732805 -2.497893 12.893769 -1.409489 -7.486678
-15.256151 -21.512974 -6.046692 -10.823412 -19.380156 -17.852413 -9.595862 -7.681345 -1.201239 10.102952 0.185468 -10.748207
-15.535916 -19.860586 -11.109020 -14.876344 -16.333834 -16.325598 -9.655199 -7.778737 -0.880458 11.842282 -3.179381 -4.462161
-16.896849 -22.650118 -13.039891 -17.116812 -17.909763 -18.867731 -9.670001 -5.840950 -2.682259 13.384391 -3.206361 -5.616700
-18.231497 -24.830225 -13.300611 -19.889456 -18.261187 -21.622330 -8.625052 -3.073002 -5.804731 13.267672 0.064276 -7.675231
-14.305739 -18.008215 -8.503249 -13.618065 -16.810165 -11.588267 -8.132295 -8.842916 -1.003402 8.715379 -2.720799 -2.805624
-16.437325 -19.541094 -12.358146 -14.724711 -18.154335 -8.254837 -7.609170 -12.468123 0.496787 9.883745 -6.021291 -2.194580
-17.339207 -21.178341 -9.312209 -14.965579 -17.079042 -20.956841 -7.388891 -4.873260 -5.124058 10.818391 0.512845 -8.506696
-16.917807 -24.579903 -6.551601 -16.745626 -20.988678 -14.762941 -8.323563 -3.995538 -5.220965 11.092230 0.156251 -8.480463
-19.511869 -25.457127 -13.125928 -20.618273 -18.623789 -21.303816 -9.996718 -5.770926 -4.488430 14.559058 -1.771845 -6.931029
-11.001082 -14.516395 -6.932597 -8.584455 -14.610553 -12.169957 -6.539716 -7.407464 -0.554825 7.356472 -1.260453 -6.291773
-18.771109 -21.047295 -10.601693 -14.734775 -18.939199 -17.537292 -7.542774 -6.564970 -3.171850 10.845736 -1.442153 -7.778257
-19.644554 -27.239265 -13.084634 -21.964363 -22.230186 -18.787806 -11.529189 -7.012111 -2.718750 15.876323 -2.311471 -5.809327
-25.873747 -25.925764 -11.742020 -18.986912 -22.660227 -13.106664 -8.434090 -7.961074 -3.636038 14.128208 -2.172404 -2.083623
-24.290831 -29.843122 -14.805277 -27.203815 -22.995392 -20.537785 -9.619721 -0.657778 -8.836876 15.794145 0.331364 -6.023211
-24.218651 -21.321411 -11.924700 -14.025450 -16.722870 -15.646500 -6.137650 -9.264003 -3.594323 8.389233 3.235219 -4.360555
-13.674290 -15.481736 -12.271547 -15.362589 -11.304148 -16.777994 -7.015028 -5.111536 -4.866807 7.613516 0.366360 0.019043
-21.541359 -27.116404 -21.091509 -27.536829 -19.269260 -19.419472 -11.429105 -3.055722 -8.599874 13.092740 -2.905021 4.869841
-14.087104 -19.102976 -12.441775 -12.908496 -17.706791 -17.734037 -10.729685 -8.821626 -0.896184 10.077766 -0.576893 -3.776077
-23.381849 -27.815763 -11.606163 -22.028706 -21.700487 -16.329702 -8.521308 -4.466207 -6.652727 14.683981 -2.865316 -2.885092
-15.214082 -22.472317 -9.437008 -14.397364 -20.777945 -20.692131 -11.543649 -6.292784 -1.744588 11.771669 0.737561 -7.687851
-20.086407 -18.464663 -12.221003 -19.107826 -15.778832 -9.457047 -7.178259 -6.544731 -3.824596 10.352873 -3.290224 3.854341
-21.689415 -26.105619 -16.315056 -21.509047 -20.865845 -16.496265 -10.127752 -8.835284 -2.032075 15.891694 -4.821766 -4.945141
-20.336079 -21.480740 -10.643057 -18.834124 -21.308472 -11.356270 -8.234826 -7.336157 -2.390477 10.749969 -1.692848 -0.548053
-20.642511 -23.083757 -7.456093 -12.826358 -31.612614 -23.371395 -16.586359 -9.900810 -6.606221 1.724250 10.112347 -16.871944
-15.508403 -15.216688 -9.210112 -12.231234 -20.659142 -19.555593 -10.998123 -4.509640 -10.004210 0.247945 8.102369 -12.805761
-13.157915 -15.891933 -5.917095 -9.639666 -11.183863 -17.496689 -9.350738 -4.789891 -5.066964 3.526117 5.681062 -9.014846
-12.244553 -14.528268 -2.862377 -7.052734 -6.268726 -21.478918 -6.113013 -4.227174 -9.161050 -1.654558 10.008971 -9.501732
-20.123568 -20.266283 -9.264230 -14.761314 -22.598621 -23.366772 -13.530717 -7.255958 -7.799918 0.555834 10.438065 -11.439807
-11.030900 -6.941159 -4.907374 -1.821739 -18.069651 -14.392214 -9.574271 -11.142776 -5.689819 -7.485206 9.487070 -10.702301
-11.000783 -4.649803 -4.947791 0.694415 -22.795174 -13.457853 -10.252981 -12.687642 -6.766569 -9.650456 9.714937 -13.517557
-13.538005 -12.991911 -1.868940 -2.344199 -18.041698 -15.275541 -10.174682 -11.247676 -3.986869 -3.093964 7.038330 -11.966985
-13.635102 -10.082796 -5.435076 -6.028244 -17.920448 -18.011147 -7.649735 -6.841610 -12.412691 -5.353250 9.618004 -15.054875
-14.134432 -16.768770 -3.392130 -8.823730 -17.286097 -17.162642 -8.512875 -5.917448 -8.100622 0.521548 6.083190 -12.790245
-11.923707 -12.526083 -5.126830 -7.410532 -11.328499 -13.051061 -7.334598 -4.990712 -4.652240 1.887218 4.409675 -7.046572
-7.075174 -9.948545 -2.938660 -4.693807 -10.266803 -11.136609 -7.024715 -4.453088 -2.750791 0.825113 4.234985 -7.540358
-16.955242 -12.525318 -6.936248 -3.493392 -10.112477 -16.878155 -4.114141 -11.556165 -10.622278 -5.700197 7.025596 -9.353654
-10.512271 -13.703263 -4.935465 -8.200998 -14.002874 -13.785497 -8.036168 -5.654709 -4.503205 0.722473 5.180046 -8.401127
-18.093538 -17.258045 -7.081412 -12.001617 -18.098913 -19.615452 -8.642327 -5.337871 -11.087157 0.798110 7.609649 -13.925355
-9.328238 -11.388826 -3.038710 -5.616951 -13.104446 -13.444480 -9.910410 -6.820750 -2.782184 -1.065613 6.946598 -7.132278
-8.438857 -12.452232 -5.185194 -8.947495 -12.958528 -12.881914 -8.315914 -4.838998 -2.941304 1.744232 5.300446 -5.460476
-11.972742 -11.097409 -4.522732 -2.692793 -23.290504 -18.716516 -12.801332 -10.128850 -8.049450 -6.027836 10.849462 -16.634125
-15.932635 -11.716886 -8.281741 -2.009653 -18.093569 -18.991159 -9.707252 -13.547441 -8.320878 -5.317086 9.515435 -13.467493
-13.616226 -13.361409 -2.560495 -3.058805 -17.151104 -15.241415 -7.427913 -10.231783 -6.719676 -3.467930 7.346799 -13.031342
-13.070056 -13.875735 -5.126521 -6.940169 -16.391167 -13.893804 -9.918325 -8.044181 -3.029220 0.660416 6.054121 -8.330309
-9.600323 -7.461917 -4.303287 -3.468992 -14.059399 -11.379424 -7.205853 -8.836415 -3.283305 -4.410429 6.171731 -7.000102
-12.185481 -14.409410 -5.357930 -8.298824 -19.192408 -16.328056 -9.306614 -5.800403 -7.250477 0.024224 6.785426 -12.103961
-13.201305 -12.712432 -6.891157 -3.883873 -21.409119 -17.107601 -10.520183 -11.421839 -6.516197 -3.609643 9.171752 -12.807538
-7.549912 -10.741531 -3.342283 -7.194933 -10.943215 -12.515031 -6.438392 -3.796884 -5.491481 -0.891947 5.779836 -7.818100
-14.428602 -5.476099 -9.558670 -4.365432 -22.402973 -18.077820 -12.261086 -10.531413 -11.054895 -9.171595 12.258166 -13.095822
-9.080805 -10.871237 -2.475365 -3.254759 -12.249418 -11.286163 -7.378964 -7.616807 -1.975565 0.458766 4.494916 -8.330091
-11.828804 -10.914057 -2.293265 -1.623076 -18.239933 -13.777270 -8.330435 -9.746947 -6.335507 -3.976976 7.563834 -13.223691
-12.848048 -13.047018 -5.155048 -6.878963 -21.101006 -16.498596 -9.628819 -7.446474 -7.931977 -2.360511 8.299344 -13.468113
-10.765387 -10.710077 -3.796755 -5.956008 -13.553267 -13.757713 -7.512879 -5.934339 -5.924356 -1.357626 6.284172 -9.778550
-16.416851 -15.718177 -7.678037 -11.049254 -16.369614 -19.329994 -8.230077 -6.062225 -8.901090 -0.408669 7.513402 -10.844876
-8.638374 -8.148110 -6.275321 -3.480785 -14.936649 -13.267125 -7.581479 -6.809472 -6.381704 -2.804357 6.820684 -10.101494
-9.215071 -6.427531 -6.199827 -3.912888 -16.858280 -14.277392 -7.459392 -6.864725 -9.172050 -5.488569 8.605632 -11.560628
-10.831443 -5.272382 -7.148946 -2.856284 -18.584301 -14.035205 -9.827801 -8.138676 -6.980336 -5.223866 8.482289 -10.486296
-12.981991 -3.210954 -12.968498 -4.018398 -15.538318 -18.876598 -9.028126 -11.913198 -12.593217 -10.425443 11.457236 -12.708506
-12.195821 -8.575519 -7.266704 -7.361809 -19.815735 -18.155338 -9.851484 -5.572215 -11.388094 -5.060157 10.528033 -13.937407
-14.795244 -17.469154 -5.029672 -9.820384 -19.183565 -17.682585 -11.851213 -6.745059 -5.074497 0.942972 7.813883 -11.939463
-12.106749 -14.150412 -5.524045 -9.895409 -9.643050 -16.277990 -7.568020 -1.948743 -8.085580 2.079573 5.759811 -9.882545
-12.261117 -5.070020 -9.052842 -4.648914 -16.193838 -16.450256 -8.255239 -7.968578 -10.957280 -7.452901 10.324298 -12.123909
-15.032235 -13.999168 -7.187257 -8.829940 -18.848801 -18.979506 -9.267686 -6.065755 -10.523593 -1.848051 8.289330 -14.245340
-9.838544 -2.670257 -7.622795 -0.246213 -15.635541 -13.546034 -8.449038 -9.951437 -5.551478 -7.261325 7.375936 -9.127086
-8.690366 -9.716577 -5.199713 -7.386111 -16.736155 -14.522238 -7.920364 -4.416801 -8.319283 -2.284376 7.073470 -11.027598
-16.895264 -4.701975 -12.547219 -6.373955 -14.455797 -22.060642 -7.738423 -10.698506 -18.218218 -10.290076 10.678410 -14.294954
-14.372255 -14.452831 -3.116725 -4.799242 -20.764685 -15.849786 -9.244305 -8.874615 -7.465739 -2.249889 7.565973 -14.415979
-10.250694 -6.107650 -8.643338 -6.162683 -16.282614 -15.954320 -8.085211 -5.533536 -10.645741 -4.881023 9.529351 -11.776617
-9.847697 -9.960759 -3.042758 -4.184298 -14.723704 -14.460179 -7.872786 -6.719238 -7.454503 -3.654608 7.218133 -12.105523
-9.142178 -6.417550 -7.685850 -5.159909 -15.949428 -15.007765 -7.266964 -6.286856 -10.042178 -5.501600 8.671644 -11.009694
-12.134425 -4.976944 -8.875130 -3.098333 -19.258898 -15.859838 -8.364695 -9.992832 -10.761083 -8.057606 10.626688 -12.992110
-14.940307 -6.340641 -7.769318 -0.921444 -21.807535 -14.222892 -8.492860 -13.101249 -9.575699 -9.205378 10.768595 -12.585175
-6.552567 -5.971071 -6.525433 -3.187424 -11.982982 -13.275448 -7.142707 -7.802056 -6.870656 -5.114837 7.387105 -8.785796
-3.214280 -7.157869 -1.727632 -4.497737 -6.394737 -10.783418 -5.209316 -2.560926 -2.460814 -1.075537 5.855652 -3.189618
-7.683887 -8.794183 -1.619584 -4.804235 -6.481008 -12.577550 -4.120631 -1.838262 -7.755644 -2.351863 6.720380 -8.215863
-14.019526 -4.733160 -12.413334 -2.736285 -4.726642 -20.949846 -3.356655 -13.048132 -14.996262 -11.791490 9.688278 -9.435366
-10.755318 -5.955536 -6.488535 -1.581862 -8.955311 -11.983233 -3.412543 -12.312615 -6.151358 -8.068564 6.346789 -3.573858
-8.959888 -4.925081 -3.699697 -1.293343 -10.815171 -11.817651 -4.946916 -7.297622 -8.702130 -6.594067 7.205777 -10.597527
-17.995008 -7.823231 -13.804338 -5.560844 -16.466724 -21.175074 -7.806396 -16.127432 -13.475566 -11.736776 12.674386 -11.337423
-6.749366 -3.712790 -0.749030 1.463813 -11.557687 -8.697783 -4.210338 -8.699791 -5.972111 -6.880192 5.014505 -9.091041
-14.930177 -6.817095 -6.633785 -2.616870 -14.836357 -12.476761 -4.336241 -13.427196 -8.089983 -10.232001 8.645484 -7.835944
-11.881063 -4.621089 -11.651942 -2.018958 -7.292809 -19.611622 -5.264951 -12.321970 -12.920073 -10.401323 8.555037 -9.726538
-7.971228 -4.584289 -5.971929 -4.120960 -10.396305 -11.450017 -4.466085 -5.440686 -9.301250 -5.130946 5.739499 -8.433008
-27.926241 -5.727630 -19.774797 -4.077669 -10.657334 -24.640118 -2.087135 -24.703558 -17.794323 -19.311090 12.859303 -4.093307
-8.120219 -2.361005 -2.903338 0.948779 -18.522966 -11.280169 -7.358291 -11.511905 -8.136148 -10.332827 7.514215 -11.265033
-10.396729 -9.163236 1.873208 -1.572550 -17.549738 -7.784376 -7.004241 -9.334186 -4.321718 -4.196624 5.017384 -10.291819
-14.543495 -3.100880 -8.124327 -0.728787 -11.830462 -15.413351 -4.829678 -12.857284 -11.515406 -11.364944 9.027852 -10.156424
-11.809654 -0.760936 -7.618258 -1.028831 -19.793406 -14.758492 -10.560419 -11.479424 -7.945940 -9.969307 10.123200 -11.537066
-5.647176 -4.882300 -1.261757 -2.572623 -3.641073 -10.777969 -2.130263 -5.464709 -11.126085 -6.914561 2.788447 -8.582541
-10.967228 -3.644580 -9.375752 -3.366127 -15.385522 -14.937314 -8.333865 -8.841845 -9.672893 -7.019058 8.564651 -10.382517
-11.279652 -7.416076 -2.993113 -4.153700 -15.138563 -10.769642 -6.134865 -9.529283 -3.962128 -5.450294 6.760742 -8.983866
-18.148958 -7.154279 -11.072399 -1.793587 -20.303436 -16.296299 -10.367776 -18.719963 -6.121502 -11.112302 11.251166 -6.713341
-7.438376 -7.319170 -3.106591 0.551789 -16.790680 -10.086360 -6.330024 -11.962931 -4.238124 -7.303242 6.481975 -9.242478
-5.455372 -5.219336 -0.377039 1.652089 -6.857421 -8.623230 -4.332227 -7.450765 -4.750048 -5.958937 4.141089 -7.399137
-10.122581 -4.062713 -8.334309 -2.980968 -5.722234 -15.607460 -3.009275 -13.037019 -7.916821 -10.753572 9.773125 -1.747197
-1.267338 -2.098520 -3.423228 -0.366184 -11.968079 -7.863917 -6.476435 -5.978103 -3.120986 -5.670578 4.676938 -6.813179
-8.989541 -5.303425 -5.597494 -0.541266 -9.938329 -10.348474 -2.903377 -12.948332 -5.708986 -8.941539 6.237061 -4.851051
-11.855163 -5.275009 -6.070975 2.279958 -21.977978 -16.740631 -11.982155 -13.110170 -4.970877 -7.931242 9.258120 -14.271553
-17.091352 -5.556196 -11.097361 -1.517903 -13.705543 -16.060904 -8.010059 -18.942148 -4.537364 -12.958942 11.473490 0.932973
-9.313828 -5.460062 -4.815820 -0.123440 -10.037432 -14.285509 -7.646306 -10.985416 -1.994570 -7.990440 7.357232 -5.349241
-18.696508 -8.347203 -16.167252 -9.801738 -4.154040 -31.216040 -5.747898 -14.642718 -12.830956 -13.439425 19.522259 1.731582
-15.275992 -5.141503 -6.397598 -5.234261 4.919581 -19.418318 -1.196177 -4.438601 -13.707705 -8.270183 7.453241 -6.758534
-18.622284 -7.419422 -14.968734 -7.448859 -0.279942 -26.968618 -0.698433 -11.656787 -16.698267 -10.660776 14.666883 -1.214785
-5.568426 -8.173582 -3.044081 -5.118672 -7.185484 -13.673864 -6.143979 -3.761873 -2.010052 -1.231918 7.029749 -2.486417
-9.153208 -7.139239 -8.634105 -5.038477 -6.022109 -19.801437 -6.874573 -8.991118 -4.340143 -5.716446 11.336896 1.177927
-2.409332 -5.276124 -1.727934 -3.440436 -5.517045 -9.732406 -5.170285 -2.966917 -1.069617 -1.740485 5.523566 -1.457506
-9.147708 -5.479545 -6.893764 -0.502313 -10.346290 -14.603209 -6.697393 -9.717335 -7.396267 -6.254192 6.909141 -9.244946
-6.579758 -4.464715 -4.888915 -0.963205 -4.766256 -10.951594 -2.825535 -6.381352 -5.697453 -3.670025 3.467097 -5.447544
-4.444883 -4.946558 -2.504170 -3.099141 -6.912211 -6.943606 -4.742463 -5.174669 -0.745981 -1.823504 4.204631 0.645356
-1.292091 -4.938284 -0.160548 -0.949417 -6.616021 -6.960810 -3.848374 -3.592090 -1.103412 -1.449428 3.758337 -2.791983
-4.141416 -2.842853 -2.127091 -5.489429 -2.633975 -6.910552 -1.720738 -3.152174 -4.630250 -4.431426 4.632303 -0.236622
-6.549902 -5.774760 -5.784873 -3.549499 -3.382647 -12.459920 -3.065671 -5.757817 -4.014463 -3.278080 6.597314 -0.566344
-6.286882 -5.558828 0.012325 -0.710902 -9.020179 -8.105518 -2.476279 -6.792910 -5.342729 -4.709493 4.589696 -7.418656
-8.043264 -5.613125 -5.723272 -2.124327 0.537119 -16.606211 -2.149100 -6.607746 -8.856783 -6.705524 6.563324 -4.629411
-13.014335 -7.277596 0.415730 -1.619734 -11.515326 -12.646454 -1.809470 -9.783491 -10.737306 -6.815402 6.858134 -11.341781
-16.869690 -4.097336 -2.520245 -2.530615 -5.292394 -10.583225 5.797040 -12.467767 -11.020656 -9.863571 5.977397 -4.610513
-9.947052 -4.776965 -7.949824 -6.376966 -11.282552 -14.200785 -8.610646 -6.131210 -5.150146 -4.233962 7.345867 -3.696447
-5.337614 -3.466248 -5.856769 -3.080611 -8.799609 -10.336491 -6.781999 -5.622796 -2.775774 -2.856532 5.072641 -3.025269
-14.107792 -12.951501 0.508702 -4.154237 -14.763035 -14.954857 -3.800956 -5.737347 -12.307895 -3.166713 6.927768 -15.476416
-13.983923 -5.044715 -14.077929 -4.311115 -7.383491 -23.605560 -6.147667 -16.605282 -7.327325 -10.230620 11.299370 2.656834
-24.964432 -13.271273 -7.468837 -3.715249 -27.971634 -16.516064 -8.928023 -14.974697 -11.737841 -5.254384 10.104733 -15.650166
-18.533207 -5.296029 -14.192675 -2.942262 -25.391178 -23.221752 -12.087026 -16.718018 -12.960395 -11.879968 14.725815 -16.222027
-13.577881 -17.064806 6.143610 -3.109768 -28.223019 -10.133383 -8.354966 -14.755774 -5.423392 -4.794575 1.084755 -14.659283
-11.527027 -18.490711 -25.365709 -18.386858 -18.311165 -15.556452 -9.270549 -22.543362 -1.658459 -13.697371 -4.970907 16.328945
-11.878872 -22.345844 -32.475800 -23.175331 -19.339180 -15.783322 -7.448370 -23.317810 -5.776380 -14.566795 -6.296247 17.963634
-21.332870 -18.317587 -26.644770 -15.531728 -14.218001 -17.625328 -2.562426 -25.373007 -8.941658 -12.848197 -6.231627 15.934730
-10.600879 -15.190199 -18.073244 -15.454619 -14.506058 -11.995072 -8.131186 -16.667074 -1.553048 -9.750517 -4.180182 13.998958
-9.689285 -13.181319 -15.985066 -12.007138 -17.537035 -16.707514 -11.443146 -19.673952 1.845049 -10.464434 0.026830 15.151189
-18.981152 -22.473835 -26.829279 -18.818981 -22.069815 -20.879984 -12.802768 -27.692114 -1.128698 -14.185455 -5.222688 19.856689
-15.916724 -16.042385 -20.142843 -12.257365 -20.720400 -14.223475 -7.514137 -26.660292 -0.694689 -12.714356 -4.462551 15.061915
-13.482560 -12.286815 -10.569938 -8.262526 -17.766438 -10.377148 -5.266763 -19.058247 -2.529755 -9.498343 0.376610 10.164382
-13.644371 -23.787275 -28.156387 -21.913227 -19.603182 -14.923218 -9.349298 -19.191658 -3.321941 -9.570246 -7.758670 16.505848
-6.112864 -15.395716 -21.804388 -18.975714 -9.863699 -10.569224 -3.419206 -11.635422 -7.058454 -9.842484 -7.355875 11.892790
-15.607045 -22.063499 -28.878235 -22.156794 -20.866447 -14.106961 -7.931126 -24.953861 -3.725132 -16.677210 -5.965982 19.993237
-4.356343 -12.054250 -14.930331 -13.020038 -13.358191 -11.438430 -9.592573 -11.905464 1.446920 -7.367484 -1.081366 11.483157
-23.696678 -21.364954 -35.497215 -20.320934 -24.698038 -20.697134 -8.268572 -30.000320 -5.560105 -15.245645 3.122942 19.850159
-11.416883 -12.649146 -11.458925 -7.882305 -19.207821 -16.739767 -10.413287 -21.431721 2.210610 -9.216278 0.099165 14.032660
-13.801834 -19.103184 -21.882006 -16.821560 -20.197065 -12.567746 -9.975790 -24.058113 0.263473 -13.281224 -6.128177 15.865606
-11.014637 -23.364063 -27.836140 -21.078421 -19.014885 -15.198045 -9.909674 -16.081934 -3.919182 -8.800870 -5.823634 16.111116
-12.352585 -17.499182 -16.024059 -13.814412 -22.537573 -14.274676 -13.709930 -23.884760 4.832970 -10.651164 -2.131588 15.148484
-9.613544 -22.833481 -25.650221 -26.092226 -17.118353 -11.537508 -8.014439 -18.313503 -5.599618 -14.680406 -11.107512 18.273817
0.376010 -14.460195 -14.953699 -15.236820 -12.688744 -7.446380 -7.781057 -9.123369 -0.390566 -7.270944 -5.623085 9.017393
-15.564746 -19.659945 -26.337063 -17.014982 -18.288610 -17.576637 -8.912609 -24.620575 -2.895926 -14.559709 -4.900321 17.064287
-7.564996 -20.219622 -22.110334 -18.567829 -21.003563 -8.760873 -9.990773 -17.474911 1.448504 -9.092483 -3.853713 13.780749
-0.587581 -12.161321 -9.546000 -9.211412 -14.913091 -11.353399 -10.308939 -13.222604 5.600629 -4.934278 -0.693770 4.657632
-9.276842 -12.894553 -21.796700 -13.922983 -9.047405 -16.005369 -4.601140 -12.312619 -7.004795 -8.390142 -2.926659 11.711612
-13.712374 -12.926264 -17.412148 -11.500815 -16.955917 -18.139956 -7.422774 -26.262177 -1.786688 -16.273407 -1.178001 17.544523
-5.265567 -18.017462 -24.861303 -19.404476 -15.075777 -10.863254 -5.901627 -16.602688 -4.645208 -11.996078 -6.324238 13.877656
-14.758945 -21.007526 -25.161514 -20.427261 -22.526642 -21.101843 -15.141480 -25.751421 2.025731 -13.615429 -5.515118 20.340343
-13.496017 -16.645077 -15.733114 -8.006626 -22.393000 -13.852493 -10.890391 -25.531960 3.489666 -10.864661 -5.402420 10.764836
-12.081017 -20.111347 -24.538671 -18.454716 -19.358940 -14.999375 -10.137434 -18.816690 -1.400977 -11.290182 -3.664489 16.751686
-8.052955 -14.306781 -18.631504 -13.149814 -14.648303 -11.533984 -7.572176 -15.525826 -0.749386 -10.375945 -3.626140 12.397776
-12.871963 -25.106640 -30.368454 -26.259300 -22.005201 -12.346214 -9.218543 -24.782475 -3.129740 -15.281869 -9.984405 19.293470
-8.900940 -16.895550 -18.895302 -12.300063 -20.669373 -18.062695 -13.076176 -17.728363 3.870437 -6.698348 3.883032 11.527182
-4.265234 -14.117039 -19.715944 -15.402367 -11.353765 -10.362901 -5.463777 -12.397104 -4.143216 -10.067565 -5.249042 11.409557
-10.554229 -17.634396 -16.688215 -12.781659 -20.330673 -15.012949 -13.705615 -22.154644 5.243336 -7.918967 -6.208750 12.126076
-14.512145 -25.018187 -23.091291 -20.964180 -23.470724 -7.029972 -10.178302 -21.020098 0.547863 -9.197444 -10.200574 13.228351
-11.087880 -16.617796 -23.067669 -12.799408 -18.570309 -18.785183 -10.892715 -23.336029 0.305873 -13.136296 -3.491190 15.164647
-14.177166 -20.252474 -24.459106 -19.524775 -18.766758 -15.278312 -9.754061 -20.085079 -2.232339 -11.606400 -3.677162 16.893198
-20.259329 -19.420612 -22.952173 -12.292993 -27.206718 -12.484905 -8.880786 -34.493954 1.995041 -16.324017 -2.870451 13.826621
-9.968501 -14.257842 -13.362225 -9.758123 -15.597937 -7.281384 -6.889486 -15.847432 0.626290 -6.915256 -3.702887 8.693913
-2.252264 -10.682095 -19.023094 -16.474178 -10.263190 -18.301657 -10.390491 -11.995434 -0.984157 -12.227269 -2.015020 15.151951
-12.156069 -21.438728 -27.763453 -20.062078 -18.230341 -15.049410 -8.279915 -21.151323 -4.261649 -14.008921 -6.948208 17.127934
-19.509037 -26.341837 -25.011456 -20.460367 -28.081341 -14.610041 -14.339252 -31.155119 2.587644 -14.013842 -7.652150 19.827436
-17.635729 -19.295168 -19.164988 -13.217435 -20.818808 -16.895586 -11.535159 -24.132965 0.628859 -10.197313 -4.345152 14.292616
-11.131045 -17.280285 -21.975826 -18.379971 -17.110163 -19.539446 -12.252789 -20.837288 -0.708464 -14.482858 -2.279261 19.223854
-8.397329 -14.690497 -18.010082 -15.906762 -15.749948 -7.659642 -7.006539 -13.835663 -0.826046 -8.727410 -1.824573 12.298981
-0.054686 -11.468488 -14.522852 -11.789079 -15.040569 -14.180616 -9.707438 -16.500816 3.617881 -9.609563 -0.301881 8.782658
-7.374132 -17.402765 -21.881361 -16.827518 -17.291727 -9.855536 -7.199161 -20.185514 -1.326214 -13.580487 -5.647686 13.461274
-14.623827 -19.658064 -19.724163 -12.306448 -25.893675 -19.135275 -15.734033 -27.759539 6.251549 -10.788553 -8.661461 15.322933
-11.003281 -17.239386 -16.019268 -11.941401 -15.547872 -11.886336 -9.467613 -14.264289 -0.031191 -5.484380 -4.488182 9.479164
-14.657742 -22.779354 -23.324701 -18.270412 -22.945324 -9.725355 -10.250670 -24.956667 2.281525 -10.696089 -9.636489 13.587929
-8.517446 -21.141792 -23.339386 -20.843601 -18.846087 -7.441029 -7.544207 -16.358522 -1.025781 -8.187654 -9.190648 12.239460
-21.738031 -11.706595 -14.435831 -7.393907 -23.498072 -10.363156 -8.769505 -22.909325 -1.330779 -4.361230 -0.286522 12.061080
-15.163899 -18.584204 -18.675797 -14.173919 -21.731857 -11.341306 -9.652824 -24.578045 1.243603 -11.085971 -5.844747 14.882830
-11.541147 -11.239348 -13.750012 -8.334719 -15.369063 -17.428514 -9.373851 -19.097366 1.296759 -8.468116 -4.101709 12.009138
-11.672274 -12.453584 -11.838406 -10.498615 -14.889336 -14.033323 -8.448005 -16.082413 -0.023412 -7.193154 -3.368955 13.509732
-13.235337 -11.435690 -11.621187 -6.732379 -19.418840 -12.913088 -8.521108 -18.643633 1.116333 -4.768800 2.518142 11.497658
-16.563379 -13.238624 -15.510361 -9.477733 -21.872303 -11.567752 -5.514387 -27.737244 -0.228889 -11.965108 -2.623966 13.559275
-14.524331 -11.314296 -17.257011 -12.976779 -14.326653 -18.854441 -7.814414 -19.671041 -2.416603 -12.064483 -0.353209 17.352053
-12.097434 -10.192156 -13.512531 -9.706873 -19.147713 -12.688682 -6.487758 -23.511976 1.224862 -12.041252 -0.950544 12.752439
-17.269814 -23.939732 -21.100945 -23.066839 -24.885300 -8.349551 -10.331995 -26.005342 -0.172349 -13.411908 -7.175759 18.578918
-15.163474 -19.562445 -21.636295 -16.456909 -19.993776 -14.716832 -10.091250 -25.854195 -0.995586 -15.211687 -5.044323 18.259865
-14.566327 -14.798086 -14.747780 -10.850743 -17.767441 -11.065063 -6.516800 -21.521250 -0.921405 -11.673826 -5.285346 14.442796
-9.715551 -18.454004 -26.439711 -19.862293 -11.895502 -13.054275 -2.172451 -18.743118 -10.021010 -15.943634 -7.180997 13.814430
-11.348219 -13.287506 -7.963633 -6.389934 -15.630697 -10.161128 -6.050961 -17.875605 -0.511410 -7.728156 -4.025402 9.906211
-16.397192 -23.311790 -30.130348 -22.571695 -31.402826 -18.498749 -15.218464 -37.298458 4.839662 -20.435856 -6.207194 20.676025
-13.137852 -18.797907 -22.773329 -17.331436 -20.853130 -15.781502 -11.468230 -24.681919 0.786948 -13.948665 -5.931202 17.672062
-14.755840 -20.282551 -25.151941 -20.967400 -21.461348 -13.198133 -8.306070 -26.869446 -3.099592 -16.910511 -4.156884 19.080297
-10.524089 -12.117963 -14.378332 -11.122044 -13.465605 -13.053864 -7.548411 -16.954493 -0.901506 -9.345903 -4.153787 12.384192
-11.721860 -17.197849 -24.716774 -19.480028 -11.455288 -18.653526 -4.920403 -22.124903 -8.527730 -18.472986 -9.463032 16.445189
-14.770103 -21.663765 -23.923353 -20.962889 -21.966509 -11.261868 -10.221961 -23.602444 -0.884942 -13.616352 -6.210278 17.950588
-9.320299 -11.608153 -15.677399 -11.894043 -15.061538 -10.493658 -6.315522 -18.033310 -0.686612 -11.113494 -2.520093 12.087282
-10.746497 -10.993347 -12.935294 -10.131337 -12.693627 -16.913031 -9.948858 -14.208591 0.389284 -4.571272 -0.731520 12.529557
-17.360771 -11.912637 -13.249397 -11.649365 -18.075609 -14.261152 -7.831189 -20.562487 -0.855126 -7.930940 1.026147 14.545151
-14.340972 -15.630526 -16.179373 -12.681111 -18.375156 -13.673949 -8.882448 -22.033745 -0.602960 -11.024915 -3.577930 16.064501
-13.187676 -6.420653 -10.431705 -4.893966 -13.379289 -14.891817 -3.184755 -19.623163 -2.773016 -10.861619 1.357970 11.664261
-14.268924 -7.408271 -9.519309 -4.000099 -12.717364 -11.833016 -2.423502 -17.132175 -2.547311 -6.519476 -0.335166 10.082162
-16.409199 -14.975982 -21.269135 -14.905200 -21.497372 -17.215935 -8.885761 -27.986334 -0.925119 -15.542736 -1.184380 18.448856
-12.581433 -10.353096 -6.419422 -5.732220 -17.400084 -7.909628 -5.294989 -18.467936 0.185082 -6.457124 -0.644550 8.853318
-13.442124 -19.214762 -23.589411 -17.238924 -23.936384 -11.814226 -9.731019 -27.626528 1.067940 -15.510641 -6.009907 15.660312
-16.509108 -11.993417 -11.615726 -10.363905 -17.949482 -14.281191 -6.019127 -22.312790 -1.713084 -9.987590 -0.222816 15.061255
-13.925079 -11.697511 -12.150101 -5.956015 -18.931559 -16.208374 -9.255923 -19.700247 0.291031 -4.426828 3.221778 12.089308
-18.863409 -12.465384 -14.509830 -9.801923 -21.655685 -18.699911 -8.473056 -25.745737 -1.750877 -11.635771 5.806738 16.243988
-14.711485 -13.219018 -11.623227 -8.374316 -20.334448 -12.954095 -7.931461 -25.739819 2.334583 -9.978424 -1.827267 12.903069
-18.285202 -10.449575 -12.276355 -9.475564 -15.650270 -17.427483 -6.508332 -20.888140 -3.427758 -9.238833 5.329297 13.158382
-19.523140 -18.023376 -19.090691 -11.944356 -27.378628 -22.764801 -15.140688 -27.167860 1.565031 -7.591838 6.979859 19.453798
-18.401878 -12.659148 -15.915164 -12.218421 -20.181007 -21.403023 -8.274154 -27.703321 -2.492290 -15.929893 2.495170 19.093336
-16.581297 -14.511187 -10.089943 -8.942575 -24.721687 -8.410182 -6.689764 -27.387640 1.265587 -10.618973 -1.361925 11.832950
-22.269281 -9.684826 -16.665077 -7.291693 -23.735186 -15.829471 -12.306813 -21.537125 -2.912892 -9.871475 4.786228 11.580592
-20.324404 -12.808083 -16.911621 -8.065600 -22.624468 -19.087770 -9.132627 -24.913986 -1.545714 -7.573569 4.275352 16.705301
-16.646067 -12.403826 -12.612059 -9.164706 -19.493357 -15.338540 -8.360613 -21.306372 -0.973249 -7.119740 3.098014 14.111792
-15.297082 -12.481752 -12.797233 -7.485027 -19.919910 -18.088261 -9.656858 -21.691387 -0.221870 -7.169728 4.663233 14.123769
-15.390586 -11.495043 -12.759451 -8.205173 -18.903109 -15.419093 -7.460517 -22.759569 0.821111 -10.018123 -0.501222 14.465833
-16.422171 -16.412796 -20.616146 -14.441899 -22.932865 -17.084721 -9.998360 -28.782381 0.435643 -13.960096 -0.672017 18.317081
-15.225977 -11.993511 -13.154105 -8.193678 -20.620628 -13.215592 -7.450616 -23.400787 2.018630 -9.274716 -1.216164 12.938564
-12.143767 -19.370901 -26.392242 -21.458132 -19.286621 -12.275148 -8.046894 -21.605589 -3.406743 -14.292140 -3.283973 17.713713
-14.822383 -20.448792 -15.456265 -18.153526 -23.010817 -9.592960 -12.530980 -23.797117 3.135785 -10.468569 -6.592705 15.242582
-18.094482 -16.658892 -20.237835 -17.573099 -18.142973 -17.405006 -9.557397 -18.795647 -2.574754 -7.616008 -1.042876 19.009903
-15.650578 -14.298995 -17.199024 -14.059745 -18.047647 -16.060892 -8.608327 -22.761209 -1.837975 -12.489738 0.287352 17.533638
-11.720196 -21.924936 -25.105858 -23.361120 -18.223103 -11.344963 -8.700218 -18.860023 -3.940653 -11.713100 -6.940125 17.093082
-18.446077 -13.708686 -14.265406 -12.339995 -21.208483 -13.253429 -7.131870 -26.038992 -0.940034 -14.456526 -0.122106 16.515280
-12.272398 -12.856668 -15.299852 -12.450574 -16.544813 -14.862304 -8.937980 -19.388315 0.126503 -9.879026 -1.938269 14.766718
