1 772 -7406 -3718 64 130 39
2 318 8202 688 314 311 -83
4 -896 7874 -1462 -111 -184 117
3 -932 -6658 -5172 996 261 -350
3 0 0 0 0 0 0
4 0 0 0 0 0 0
2 0 0 0 0 0 0
1 0 0 0 0 0 0
1 0 0 0 0 0 0
4 0 0 0 0 0 0
3 0 0 0 0 0 0
2 0 0 0 0 0 0
1 0 0 0 0 0 0
2 0 0 0 0 0 0
3 0 0 0 0 0 0
4 0 0 0 0 0 0
1 0 0 0 0 0 0
2 0 0 0 0 0 0
3 0 0 0 0 0 0
4 0 0 0 0 0 0
1 0 0 0 0 0 0
2 0 0 0 0 0 0
2 0 0 0 0 0 0
1 0 0 0 0 0 0
3 0 0 0 0 0 0
4 0 0 0 0 0 0
4 0 0 0 0 0 0
2 0 0 0 0 0 0
2 0 0 0 0 0 0
3 0 0 0 0 0 0
3 0 0 0 0 0 0
3 0 0 0 0 0 0
4 0 0 0 0 0 0
1 0 0 0 0 0 0
1 0 0 0 0 0 0
4 0 0 0 0 0 0
1 0 0 0 0 0 0
2 0 0 0 0 0 0
3 0 0 0 0 0 0
4 0 0 0 0 0 0
1 0 0 0 0 0 0
3 0 0 0 0 0 0
4 0 0 0 0 0 0
2 0 0 0 0 0 0
4 0 0 0 0 0 0
4 0 0 0 0 0 0
1 0 0 0 0 0 0
2 0 0 0 0 0 0
1 0 0 0 0 0 0
2 0 0 0 0 0 0
3 0 0 0 0 0 0
3 0 0 0 0 0 0
4 0 0 0 0 0 0
4 0 0 0 0 0 0
1 0 0 0 0 0 0
3 0 0 0 0 0 0
1 0 0 0 0 0 0
2 0 0 0 0 0 0
3 0 0 0 0 0 0
2 0 0 0 0 0 0
1 0 0 0 0 0 0
2 0 0 0 0 0 0
3 0 0 0 0 0 0
4 0 0 0 0 0 0
1 0 0 0 0 0 0
3 0 0 0 0 0 0
2 0 0 0 0 0 0
4 0 0 0 0 0 0
3 0 0 0 0 0 0
4 0 0 0 0 0 0
4 0 0 0 0 0 0
3 0 0 0 0 0 0
1 0 0 0 0 0 0
2 0 0 0 0 0 0
2 0 0 0 0 0 0
1 0 0 0 0 0 0
1 0 0 0 0 0 0
2 0 0 0 0 0 0
3 0 0 0 0 0 0
4 0 0 0 0 0 0

2 806 8294 690 1846 681 511
3 0 0 0 0 0 0
4 0 0 0 0 0 0
1 -102 -7734 -3732 -1822 341 1387
3 0 0 0 0 0 0
4 0 0 0 0 0 0
1 356 -8036 -3682 -2776 2231 2078
3 0 0 0 0 0 0
2 0 0 0 0 0 0
2 0 0 0 0 0 0
4 0 0 0 0 0 0
1 0 0 0 0 0 0
1 0 0 0 0 0 0
1 0 0 0 0 0 0
2 0 0 0 0 0 0
2 0 0 0 0 0 0
3 0 0 0 0 0 0
3 0 0 0 0 0 0
4 0 0 0 0 0 0
4 0 0 0 0 0 0
4 0 0 0 0 0 0
3 0 0 0 0 0 0
2 0 0 0 0 0 0
2 0 0 0 0 0 0
3 0 0 0 0 0 0
4 0 0 0 0 0 0
1 0 0 0 0 0 0
1 0 0 0 0 0 0
2 0 0 0 0 0 0
3 0 0 0 0 0 0
1 0 0 0 0 0 0
3 0 0 0 0 0 0
1 0 0 0 0 0 0
4 0 0 0 0 0 0
4 0 0 0 0 0 0
2 0 0 0 0 0 0
4 0 0 0 0 0 0
3 0 0 0 0 0 0
4 0 0 0 0 0 0
3 0 0 0 0 0 0
2 0 0 0 0 0 0
1 0 0 0 0 0 0
2 0 0 0 0 0 0
1 354 -7850 -3952 515 -931 100
2 0 0 0 0 0 0
3 0 0 0 0 0 0
1 0 0 0 0 0 0
3 0 0 0 0 0 0
1 0 0 0 0 0 0
2 0 0 0 0 0 0
4 0 0 0 0 0 0
4 0 0 0 0 0 0
4 0 0 0 0 0 0
4 0 0 0 0 0 0
3 0 0 0 0 0 0
3 0 0 0 0 0 0
1 0 0 0 0 0 0
2 0 0 0 0 0 0
1 0 0 0 0 0 0
2 0 0 0 0 0 0
4 0 0 0 0 0 0
4 0 0 0 0 0 0
1 0 0 0 0 0 0
3 0 0 0 0 0 0
1 0 0 0 0 0 0
3 0 0 0 0 0 0
2 0 0 0 0 0 0
2 0 0 0 0 0 0
3 0 0 0 0 0 0
1 0 0 0 0 0 0
3 0 0 0 0 0 0
1 0 0 0 0 0 0
4 0 0 0 0 0 0
4 0 0 0 0 0 0
2 0 0 0 0 0 0
2 0 0 0 0 0 0
3 0 0 0 0 0 0
2 0 0 0 0 0 0
4 0 0 0 0 0 0
1 0 0 0 0 0 0

4 0 0 0 0 0 0
3 0 0 0 0 0 0
1 0 0 0 0 0 0
2 112 8050 788 1332 -221 -36
3 0 0 0 0 0 0
1 0 0 0 0 0 0
4 0 0 0 0 0 0
2 0 0 0 0 0 0
1 0 0 0 0 0 0
3 0 0 0 0 0 0
2 0 0 0 0 0 0
2 0 0 0 0 0 0
4 0 0 0 0 0 0
4 0 0 0 0 0 0
4 0 0 0 0 0 0
3 0 0 0 0 0 0
1 0 0 0 0 0 0
1 0 0 0 0 0 0
3 0 0 0 0 0 0
2 0 0 0 0 0 0
4 0 0 0 0 0 0
1 0 0 0 0 0 0
4 0 0 0 0 0 0
1 0 0 0 0 0 0
2 0 0 0 0 0 0
3 0 0 0 0 0 0
3 0 0 0 0 0 0
4 0 0 0 0 0 0
2 0 0 0 0 0 0
3 0 0 0 0 0 0
1 0 0 0 0 0 0
2 0 0 0 0 0 0
3 0 0 0 0 0 0
1 0 0 0 0 0 0
2 0 0 0 0 0 0
4 0 0 0 0 0 0
4 0 0 0 0 0 0
3 0 0 0 0 0 0
4 0 0 0 0 0 0
3 0 0 0 0 0 0
2 0 0 0 0 0 0
1 0 0 0 0 0 0
1 0 0 0 0 0 0
1 0 0 0 0 0 0
1 0 0 0 0 0 0
4 0 0 0 0 0 0
3 0 0 0 0 0 0
4 0 0 0 0 0 0
3 0 0 0 0 0 0
2 0 0 0 0 0 0
2 0 0 0 0 0 0
4 0 0 0 0 0 0
3 0 0 0 0 0 0
4 0 0 0 0 0 0
3 0 0 0 0 0 0
1 0 0 0 0 0 0
2 0 0 0 0 0 0
1 0 0 0 0 0 0
2 0 0 0 0 0 0
3 0 0 0 0 0 0
3 0 0 0 0 0 0
4 0 0 0 0 0 0
4 0 0 0 0 0 0
1 0 0 0 0 0 0
1 0 0 0 0 0 0
2 0 0 0 0 0 0
2 0 0 0 0 0 0
4 0 0 0 0 0 0
3 0 0 0 0 0 0
4 0 0 0 0 0 0
2 0 0 0 0 0 0
3 0 0 0 0 0 0
2 0 0 0 0 0 0
2 0 0 0 0 0 0
1 0 0 0 0 0 0
1 0 0 0 0 0 0
1 0 0 0 0 0 0
2 0 0 0 0 0 0
3 0 0 0 0 0 0
4 0 0 0 0 0 0

3 -838 -6640 -5156 -342 -20 254
1 310 -7376 -3612 1758 -1300 -948
4 -880 7852 -1746 -245 162 -14
2 1034 8360 594 1088 2030 329
2 0 0 0 0 0 0
3 0 0 0 0 0 0
4 0 0 0 0 0 0
1 0 0 0 0 0 0
2 0 0 0 0 0 0
3 0 0 0 0 0 0
3 0 0 0 0 0 0
4 0 0 0 0 0 0
1 440 -7498 -3944 1196 -1084 -826
4 0 0 0 0 0 0
2 0 0 0 0 0 0
1 0 0 0 0 0 0
3 0 0 0 0 0 0
3 0 0 0 0 0 0
4 0 0 0 0 0 0
4 0 0 0 0 0 0
4 0 0 0 0 0 0
1 0 0 0 0 0 0
1 0 0 0 0 0 0
3 0 0 0 0 0 0
1 0 0 0 0 0 0
2 0 0 0 0 0 0
2 0 0 0 0 0 0
2 0 0 0 0 0 0
2 0 0 0 0 0 0
4 0 0 0 0 0 0
4 0 0 0 0 0 0
1 0 0 0 0 0 0
3 0 0 0 0 0 0
1 0 0 0 0 0 0
3 0 0 0 0 0 0
2 0 0 0 0 0 0
3 0 0 0 0 0 0
2 0 0 0 0 0 0
3 0 0 0 0 0 0
2 0 0 0 0 0 0
1 0 0 0 0 0 0
1 0 0 0 0 0 0
4 0 0 0 0 0 0
4 0 0 0 0 0 0
3 0 0 0 0 0 0
4 0 0 0 0 0 0
2 0 0 0 0 0 0
2 0 0 0 0 0 0
4 0 0 0 0 0 0
3 0 0 0 0 0 0
1 0 0 0 0 0 0
1 0 0 0 0 0 0
3 0 0 0 0 0 0
1 0 0 0 0 0 0
4 0 0 0 0 0 0
1 0 0 0 0 0 0
4 0 0 0 0 0 0
3 0 0 0 0 0 0
2 0 0 0 0 0 0
2 0 0 0 0 0 0
1 0 0 0 0 0 0
1 0 0 0 0 0 0
4 0 0 0 0 0 0
4 0 0 0 0 0 0
3 0 0 0 0 0 0
2 0 0 0 0 0 0
3 0 0 0 0 0 0
2 0 0 0 0 0 0
4 0 0 0 0 0 0
1 0 0 0 0 0 0
4 0 0 0 0 0 0
1 0 0 0 0 0 0
3 0 0 0 0 0 0
3 0 0 0 0 0 0
3 0 0 0 0 0 0
1 0 0 0 0 0 0
4 0 0 0 0 0 0
2 0 0 0 0 0 0
2 0 0 0 0 0 0
2 0 0 0 0 0 0

3 0 0 0 0 0 0
4 0 0 0 0 0 0
1 0 0 0 0 0 0
1 0 0 0 0 0 0
2 0 0 0 0 0 0
4 0 0 0 0 0 0
3 0 0 0 0 0 0
3 0 0 0 0 0 0
1 0 0 0 0 0 0
2 0 0 0 0 0 0
4 0 0 0 0 0 0
3 0 0 0 0 0 0
4 0 0 0 0 0 0
2 0 0 0 0 0 0
4 0 0 0 0 0 0
3 0 0 0 0 0 0
1 0 0 0 0 0 0
1 0 0 0 0 0 0
2 0 0 0 0 0 0
1 0 0 0 0 0 0
4 0 0 0 0 0 0
3 0 0 0 0 0 0
3 0 0 0 0 0 0
1 0 0 0 0 0 0
4 0 0 0 0 0 0
2 0 0 0 0 0 0
2 0 0 0 0 0 0
3 0 0 0 0 0 0
2 0 0 0 0 0 0
3 0 0 0 0 0 0
2 0 0 0 0 0 0
4 0 0 0 0 0 0
4 0 0 0 0 0 0
1 0 0 0 0 0 0
1 0 0 0 0 0 0
3 0 0 0 0 0 0
1 0 0 0 0 0 0
2 0 0 0 0 0 0
2 0 0 0 0 0 0
3 0 0 0 0 0 0
1 0 0 0 0 0 0
4 0 0 0 0 0 0
4 0 0 0 0 0 0
2 0 0 0 0 0 0
2 0 0 0 0 0 0
3 0 0 0 0 0 0
3 0 0 0 0 0 0
4 0 0 0 0 0 0
4 0 0 0 0 0 0
1 0 0 0 0 0 0
1 0 0 0 0 0 0
1 0 0 0 0 0 0
1 0 0 0 0 0 0
3 0 0 0 0 0 0
3 0 0 0 0 0 0
4 0 0 0 0 0 0
4 0 0 0 0 0 0
2 0 0 0 0 0 0
2 0 0 0 0 0 0
3 0 0 0 0 0 0
4 0 0 0 0 0 0
2 0 0 0 0 0 0
3 0 0 0 0 0 0
4 0 0 0 0 0 0
1 0 0 0 0 0 0
1 0 0 0 0 0 0
2 0 0 0 0 0 0
2 0 0 0 0 0 0
2 0 0 0 0 0 0
1 0 0 0 0 0 0
3 0 0 0 0 0 0
1 0 0 0 0 0 0
3 0 0 0 0 0 0
4 0 0 0 0 0 0
4 0 0 0 0 0 0
3 0 0 0 0 0 0
4 0 0 0 0 0 0
2 0 0 0 0 0 0
2 0 0 0 0 0 0
1 0 0 0 0 0 0

2 0 0 0 0 0 0
3 0 0 0 0 0 0
4 0 0 0 0 0 0
1 0 0 0 0 0 0
1 0 0 0 0 0 0
2 0 0 0 0 0 0
4 0 0 0 0 0 0
4 0 0 0 0 0 0
3 0 0 0 0 0 0
2 0 0 0 0 0 0
1 0 0 0 0 0 0
1 0 0 0 0 0 0
3 0 0 0 0 0 0
3 0 0 0 0 0 0
3 0 0 0 0 0 0
2 0 0 0 0 0 0
2 0 0 0 0 0 0
4 0 0 0 0 0 0
4 0 0 0 0 0 0
1 0 0 0 0 0 0
1 0 0 0 0 0 0
1 0 0 0 0 0 0
4 0 0 0 0 0 0
3 0 0 0 0 0 0
3 0 0 0 0 0 0
4 0 0 0 0 0 0
2 0 0 0 0 0 0
2 0 0 0 0 0 0
1 0 0 0 0 0 0
3 0 0 0 0 0 0
3 0 0 0 0 0 0
1 0 0 0 0 0 0
2 0 0 0 0 0 0
2 0 0 0 0 0 0
4 0 0 0 0 0 0
4 0 0 0 0 0 0
2 0 0 0 0 0 0
4 0 0 0 0 0 0
1 0 0 0 0 0 0
3 0 0 0 0 0 0
3 0 0 0 0 0 0
4 0 0 0 0 0 0
1 0 0 0 0 0 0
2 0 0 0 0 0 0
3 0 0 0 0 0 0
1 0 0 0 0 0 0
2 0 0 0 0 0 0
1 0 0 0 0 0 0
2 0 0 0 0 0 0
4 0 0 0 0 0 0
3 0 0 0 0 0 0
4 0 0 0 0 0 0
3 0 0 0 0 0 0
3 0 0 0 0 0 0
1 0 0 0 0 0 0
1 0 0 0 0 0 0
2 0 0 0 0 0 0
2 0 0 0 0 0 0
4 0 0 0 0 0 0
4 0 0 0 0 0 0
3 0 0 0 0 0 0
3 0 0 0 0 0 0
1 0 0 0 0 0 0
1 0 0 0 0 0 0
2 0 0 0 0 0 0
2 0 0 0 0 0 0
4 0 0 0 0 0 0
4 0 0 0 0 0 0
1 0 0 0 0 0 0
4 0 0 0 0 0 0
1 0 0 0 0 0 0
2 0 0 0 0 0 0
4 0 0 0 0 0 0
3 0 0 0 0 0 0
2 0 0 0 0 0 0
3 0 0 0 0 0 0
1 0 0 0 0 0 0
2 0 0 0 0 0 0
3 0 0 0 0 0 0
4 0 0 0 0 0 0

4 0 0 0 0 0 0
1 0 0 0 0 0 0
2 0 0 0 0 0 0
3 0 0 0 0 0 0
4 0 0 0 0 0 0
1 0 0 0 0 0 0
2 0 0 0 0 0 0
2 0 0 0 0 0 0
3 0 0 0 0 0 0
3 0 0 0 0 0 0
3 0 0 0 0 0 0
1 0 0 0 0 0 0
4 0 0 0 0 0 0
1 0 0 0 0 0 0
4 0 0 0 0 0 0
2 0 0 0 0 0 0
2 0 0 0 0 0 0
3 0 0 0 0 0 0
4 0 0 0 0 0 0
1 0 0 0 0 0 0
4 0 0 0 0 0 0
3 0 0 0 0 0 0
2 0 0 0 0 0 0
2 0 0 0 0 0 0
1 0 0 0 0 0 0
1 0 0 0 0 0 0
4 0 0 0 0 0 0
3 0 0 0 0 0 0
2 0 0 0 0 0 0
1 0 0 0 0 0 0
2 0 0 0 0 0 0
1 0 0 0 0 0 0
4 0 0 0 0 0 0
4 0 0 0 0 0 0
3 0 0 0 0 0 0
3 0 0 0 0 0 0
4 0 0 0 0 0 0
3 0 0 0 0 0 0
4 0 0 0 0 0 0
2 0 0 0 0 0 0
2 0 0 0 0 0 0
1 0 0 0 0 0 0
1 0 0 0 0 0 0
3 0 0 0 0 0 0
2 0 0 0 0 0 0
4 0 0 0 0 0 0
3 0 0 0 0 0 0
4 0 0 0 0 0 0
2 0 0 0 0 0 0
3 0 0 0 0 0 0
1 0 0 0 0 0 0
1 0 0 0 0 0 0
1 0 0 0 0 0 0
1 0 0 0 0 0 0
2 0 0 0 0 0 0
2 0 0 0 0 0 0
3 0 0 0 0 0 0
3 0 0 0 0 0 0
4 0 0 0 0 0 0
4 0 0 0 0 0 0
2 0 0 0 0 0 0
4 0 0 0 0 0 0
1 0 0 0 0 0 0
3 0 0 0 0 0 0
4 0 0 0 0 0 0
1 0 0 0 0 0 0
2 0 0 0 0 0 0
3 0 0 0 0 0 0
3 0 0 0 0 0 0
3 0 0 0 0 0 0
1 0 0 0 0 0 0
4 0 0 0 0 0 0
4 0 0 0 0 0 0
2 0 0 0 0 0 0
1 0 0 0 0 0 0
2 0 0 0 0 0 0
4 0 0 0 0 0 0
1 0 0 0 0 0 0
3 0 0 0 0 0 0
2 0 0 0 0 0 0

4 0 0 0 0 0 0
2 762 8884 950 4807 -2737 1114
3 0 0 0 0 0 0
1 1716 -6920 -3606 3762 -3267 -1857
4 0 0 0 0 0 0
4 0 0 0 0 0 0
1 -532 -8154 -3632 3641 3917 -1982
1 0 0 0 0 0 0
2 0 0 0 0 0 0
3 0 0 0 0 0 0
2 0 0 0 0 0 0
1 0 0 0 0 0 0
4 0 0 0 0 0 0
1 0 0 0 0 0 0
4 0 0 0 0 0 0
3 0 0 0 0 0 0
3 0 0 0 0 0 0
3 0 0 0 0 0 0
2 0 0 0 0 0 0
2 0 0 0 0 0 0
3 0 0 0 0 0 0
3 0 0 0 0 0 0
1 0 0 0 0 0 0
4 0 0 0 0 0 0
2 1020 8782 552 -405 943 71
4 0 0 0 0 0 0
2 0 0 0 0 0 0
1 0 0 0 0 0 0
1 716 -7598 -3974 730 -2550 -954
1 0 0 0 0 0 0
3 0 0 0 0 0 0
3 0 0 0 0 0 0
2 0 0 0 0 0 0
2 0 0 0 0 0 0
4 0 0 0 0 0 0
4 0 0 0 0 0 0
2 0 0 0 0 0 0
2 0 0 0 0 0 0
4 0 0 0 0 0 0
4 0 0 0 0 0 0
3 0 0 0 0 0 0
3 0 0 0 0 0 0
1 0 0 0 0 0 0
1 0 0 0 0 0 0
1 0 0 0 0 0 0
4 0 0 0 0 0 0
2 0 0 0 0 0 0
3 0 0 0 0 0 0
4 0 0 0 0 0 0
3 0 0 0 0 0 0
1 0 0 0 0 0 0
2 0 0 0 0 0 0
4 0 0 0 0 0 0
4 0 0 0 0 0 0
1 0 0 0 0 0 0
3 0 0 0 0 0 0
1 0 0 0 0 0 0
3 0 0 0 0 0 0
2 0 0 0 0 0 0
2 0 0 0 0 0 0
4 0 0 0 0 0 0
4 0 0 0 0 0 0
2 0 0 0 0 0 0
2 0 0 0 0 0 0
3 0 0 0 0 0 0
1 0 0 0 0 0 0
3 0 0 0 0 0 0
1 0 0 0 0 0 0
1 0 0 0 0 0 0
2 0 0 0 0 0 0
3 0 0 0 0 0 0
3 0 0 0 0 0 0
2 0 0 0 0 0 0
4 0 0 0 0 0 0
4 0 0 0 0 0 0
1 0 0 0 0 0 0
4 0 0 0 0 0 0
2 0 0 0 0 0 0
3 0 0 0 0 0 0
1 0 0 0 0 0 0

1 368 -7822 -3206 -2008 19 701
4 0 0 0 0 0 0
3 0 0 0 0 0 0
2 0 0 0 0 0 0
3 0 0 0 0 0 0
2 0 0 0 0 0 0
4 0 0 0 0 0 0
1 0 0 0 0 0 0
1 0 0 0 0 0 0
3 0 0 0 0 0 0
3 0 0 0 0 0 0
4 0 0 0 0 0 0
4 0 0 0 0 0 0
4 0 0 0 0 0 0
1 0 0 0 0 0 0
1 0 0 0 0 0 0
3 0 0 0 0 0 0
2 0 0 0 0 0 0
2 0 0 0 0 0 0
2 0 0 0 0 0 0
2 0 0 0 0 0 0
3 0 0 0 0 0 0
3 0 0 0 0 0 0
1 0 0 0 0 0 0
4 0 0 0 0 0 0
1 0 0 0 0 0 0
4 0 0 0 0 0 0
2 0 0 0 0 0 0
4 0 0 0 0 0 0
4 0 0 0 0 0 0
3 0 0 0 0 0 0
2 0 0 0 0 0 0
2 0 0 0 0 0 0
3 0 0 0 0 0 0
1 0 0 0 0 0 0
1 0 0 0 0 0 0
4 0 0 0 0 0 0
4 0 0 0 0 0 0
2 0 0 0 0 0 0
2 0 0 0 0 0 0
1 0 0 0 0 0 0
3 0 0 0 0 0 0
1 0 0 0 0 0 0
3 0 0 0 0 0 0
4 0 0 0 0 0 0
4 -1780 7660 -1512 -824 3354 131
3 0 0 0 0 0 0
2 0 0 0 0 0 0
3 -1512 -5908 -4844 1531 3061 1775
1 0 0 0 0 0 0
1 0 0 0 0 0 0
2 0 0 0 0 0 0
2 0 0 0 0 0 0
3 0 0 0 0 0 0
3 0 0 0 0 0 0
1 0 0 0 0 0 0
2 0 0 0 0 0 0
4 0 0 0 0 0 0
4 0 0 0 0 0 0
1 0 0 0 0 0 0
1 0 0 0 0 0 0
1 0 0 0 0 0 0
3 0 0 0 0 0 0
3 0 0 0 0 0 0
4 0 0 0 0 0 0
4 0 0 0 0 0 0
2 0 0 0 0 0 0
2 0 0 0 0 0 0
4 -1430 8070 -1446 -284 -2546 360
2 0 0 0 0 0 0
4 0 0 0 0 0 0
2 0 0 0 0 0 0
1 0 0 0 0 0 0
1 0 0 0 0 0 0
3 0 0 0 0 0 0
3 0 0 0 0 0 0
1 0 0 0 0 0 0
4 0 0 0 0 0 0
2 0 0 0 0 0 0
3 0 0 0 0 0 0

1 0 0 0 0 0 0
4 0 0 0 0 0 0
2 0 0 0 0 0 0
3 -976 -6330 -5386 412 -159 119
3 0 0 0 0 0 0
4 0 0 0 0 0 0
1 0 0 0 0 0 0
2 0 0 0 0 0 0
3 0 0 0 0 0 0
2 0 0 0 0 0 0
4 0 0 0 0 0 0
1 0 0 0 0 0 0
4 0 0 0 0 0 0
2 0 0 0 0 0 0
3 0 0 0 0 0 0
1 0 0 0 0 0 0
1 0 0 0 0 0 0
4 0 0 0 0 0 0
3 0 0 0 0 0 0
2 0 0 0 0 0 0
4 0 0 0 0 0 0
1 0 0 0 0 0 0
2 0 0 0 0 0 0
3 0 0 0 0 0 0
1 0 0 0 0 0 0
4 0 0 0 0 0 0
3 0 0 0 0 0 0
2 0 0 0 0 0 0
2 0 0 0 0 0 0
3 0 0 0 0 0 0
2 0 0 0 0 0 0
4 0 0 0 0 0 0
4 0 0 0 0 0 0
1 0 0 0 0 0 0
1 0 0 0 0 0 0
3 0 0 0 0 0 0
2 0 0 0 0 0 0
3 0 0 0 0 0 0
3 0 0 0 0 0 0
4 0 0 0 0 0 0
1 0 0 0 0 0 0
4 0 0 0 0 0 0
1 0 0 0 0 0 0
2 0 0 0 0 0 0
3 0 0 0 0 0 0
3 0 0 0 0 0 0
4 0 0 0 0 0 0
2 0 0 0 0 0 0
4 0 0 0 0 0 0
2 0 0 0 0 0 0
1 0 0 0 0 0 0
1 0 0 0 0 0 0
1 0 0 0 0 0 0
3 0 0 0 0 0 0
3 0 0 0 0 0 0
1 0 0 0 0 0 0
2 0 0 0 0 0 0
4 0 0 0 0 0 0
2 0 0 0 0 0 0
4 0 0 0 0 0 0
3 0 0 0 0 0 0
2 0 0 0 0 0 0
3 0 0 0 0 0 0
2 0 0 0 0 0 0
4 0 0 0 0 0 0
4 0 0 0 0 0 0
1 0 0 0 0 0 0
1 0 0 0 0 0 0
1 0 0 0 0 0 0
2 0 0 0 0 0 0
4 0 0 0 0 0 0
1 0 0 0 0 0 0
4 0 0 0 0 0 0
2 0 0 0 0 0 0
3 0 0 0 0 0 0
3 0 0 0 0 0 0
1 0 0 0 0 0 0
4 0 0 0 0 0 0
3 0 0 0 0 0 0
2 0 0 0 0 0 0

1 344 -7866 -3622 1726 -532 -595
4 0 0 0 0 0 0
2 546 7750 1050 3012 1957 723
3 0 0 0 0 0 0
1 0 0 0 0 0 0
2 0 0 0 0 0 0
2 0 0 0 0 0 0
1 0 0 0 0 0 0
3 0 0 0 0 0 0
3 0 0 0 0 0 0
4 0 0 0 0 0 0
4 0 0 0 0 0 0
1 0 0 0 0 0 0
4 0 0 0 0 0 0
3 0 0 0 0 0 0
1 0 0 0 0 0 0
2 0 0 0 0 0 0
2 0 0 0 0 0 0
3 0 0 0 0 0 0
4 0 0 0 0 0 0
1 0 0 0 0 0 0
4 0 0 0 0 0 0
2 0 0 0 0 0 0
3 0 0 0 0 0 0
1 0 0 0 0 0 0
4 0 0 0 0 0 0
2 0 0 0 0 0 0
3 0 0 0 0 0 0
3 0 0 0 0 0 0
3 0 0 0 0 0 0
1 0 0 0 0 0 0
1 0 0 0 0 0 0
2 0 0 0 0 0 0
2 0 0 0 0 0 0
4 0 0 0 0 0 0
4 0 0 0 0 0 0
1 0 0 0 0 0 0
4 0 0 0 0 0 0
2 0 0 0 0 0 0
3 0 0 0 0 0 0
2 0 0 0 0 0 0
4 0 0 0 0 0 0
1 0 0 0 0 0 0
3 0 0 0 0 0 0
1 0 0 0 0 0 0
4 0 0 0 0 0 0
3 0 0 0 0 0 0
1 0 0 0 0 0 0
2 0 0 0 0 0 0
2 0 0 0 0 0 0
3 0 0 0 0 0 0
4 0 0 0 0 0 0
4 0 0 0 0 0 0
2 0 0 0 0 0 0
3 0 0 0 0 0 0
3 0 0 0 0 0 0
2 0 0 0 0 0 0
1 0 0 0 0 0 0
1 0 0 0 0 0 0
4 0 0 0 0 0 0
1 0 0 0 0 0 0
2 0 0 0 0 0 0
3 0 0 0 0 0 0
2 0 0 0 0 0 0
4 0 0 0 0 0 0
3 0 0 0 0 0 0
4 0 0 0 0 0 0
1 0 0 0 0 0 0
3 0 0 0 0 0 0
2 0 0 0 0 0 0
2 0 0 0 0 0 0
3 0 0 0 0 0 0
4 0 0 0 0 0 0
1 0 0 0 0 0 0
4 0 0 0 0 0 0
1 0 0 0 0 0 0
2 0 0 0 0 0 0
4 0 0 0 0 0 0
1 0 0 0 0 0 0
3 0 0 0 0 0 0

4 0 0 0 0 0 0
3 0 0 0 0 0 0
1 0 0 0 0 0 0
2 0 0 0 0 0 0
1 0 0 0 0 0 0
2 0 0 0 0 0 0
2 0 0 0 0 0 0
3 0 0 0 0 0 0
3 0 0 0 0 0 0
4 0 0 0 0 0 0
4 0 0 0 0 0 0
4 0 0 0 0 0 0
3 0 0 0 0 0 0
4 0 0 0 0 0 0
2 0 0 0 0 0 0
3 0 0 0 0 0 0
1 0 0 0 0 0 0
1 0 0 0 0 0 0
2 0 0 0 0 0 0
1 0 0 0 0 0 0
3 0 0 0 0 0 0
1 0 0 0 0 0 0
1 0 0 0 0 0 0
4 0 0 0 0 0 0
4 0 0 0 0 0 0
3 0 0 0 0 0 0
2 0 0 0 0 0 0
2 0 0 0 0 0 0
4 0 0 0 0 0 0
3 0 0 0 0 0 0
4 0 0 0 0 0 0
1 0 0 0 0 0 0
2 0 0 0 0 0 0
1 0 0 0 0 0 0
2 0 0 0 0 0 0
3 0 0 0 0 0 0
3 0 0 0 0 0 0
2 0 0 0 0 0 0
1 0 0 0 0 0 0
2 0 0 0 0 0 0
3 0 0 0 0 0 0
1 0 0 0 0 0 0
4 0 0 0 0 0 0
4 0 0 0 0 0 0
4 0 0 0 0 0 0
4 0 0 0 0 0 0
1 0 0 0 0 0 0
2 0 0 0 0 0 0
2 0 0 0 0 0 0
1 0 0 0 0 0 0
3 0 0 0 0 0 0
3 0 0 0 0 0 0
2 0 0 0 0 0 0
3 0 0 0 0 0 0
1 0 0 0 0 0 0
3 0 0 0 0 0 0
1 0 0 0 0 0 0
2 0 0 0 0 0 0
4 0 0 0 0 0 0
4 0 0 0 0 0 0
2 0 0 0 0 0 0
1 0 0 0 0 0 0
1 0 0 0 0 0 0
2 0 0 0 0 0 0
4 0 0 0 0 0 0
3 0 0 0 0 0 0
4 0 0 0 0 0 0
3 0 0 0 0 0 0
4 0 0 0 0 0 0
2 0 0 0 0 0 0
1 0 0 0 0 0 0
3 0 0 0 0 0 0
1 0 0 0 0 0 0
2 0 0 0 0 0 0
3 0 0 0 0 0 0
4 0 0 0 0 0 0
2 0 0 0 0 0 0
3 0 0 0 0 0 0
1 0 0 0 0 0 0
4 0 0 0 0 0 0

1 0 0 0 0 0 0
4 0 0 0 0 0 0
3 0 0 0 0 0 0
2 0 0 0 0 0 0
3 0 0 0 0 0 0
2 0 0 0 0 0 0
2 0 0 0 0 0 0
1 0 0 0 0 0 0
1 0 0 0 0 0 0
4 0 0 0 0 0 0
4 0 0 0 0 0 0
3 0 0 0 0 0 0
2 0 0 0 0 0 0
1 0 0 0 0 0 0
3 0 0 0 0 0 0
4 0 0 0 0 0 0
2 0 0 0 0 0 0
1 0 0 0 0 0 0
3 0 0 0 0 0 0
4 0 0 0 0 0 0
4 0 0 0 0 0 0
4 0 0 0 0 0 0
1 0 0 0 0 0 0
1 0 0 0 0 0 0
3 0 0 0 0 0 0
2 0 0 0 0 0 0
2 0 0 0 0 0 0
3 0 0 0 0 0 0
1 0 0 0 0 0 0
3 0 0 0 0 0 0
1 0 0 0 0 0 0
3 0 0 0 0 0 0
2 0 0 0 0 0 0
2 0 0 0 0 0 0
4 0 0 0 0 0 0
4 0 0 0 0 0 0
4 0 0 0 0 0 0
1 0 0 0 0 0 0
1 0 0 0 0 0 0
3 0 0 0 0 0 0
3 0 0 0 0 0 0
4 0 0 0 0 0 0
2 0 0 0 0 0 0
2 0 0 0 0 0 0
2 0 0 0 0 0 0
2 0 0 0 0 0 0
4 0 0 0 0 0 0
3 0 0 0 0 0 0
3 0 0 0 0 0 0
4 0 0 0 0 0 0
1 0 0 0 0 0 0
1 0 0 0 0 0 0
2 0 0 0 0 0 0
1 0 0 0 0 0 0
2 0 0 0 0 0 0
1 0 0 0 0 0 0
3 0 0 0 0 0 0
3 0 0 0 0 0 0
4 0 0 0 0 0 0
4 0 0 0 0 0 0
1 0 0 0 0 0 0
2 0 0 0 0 0 0
3 0 0 0 0 0 0
3 0 0 0 0 0 0
2 0 0 0 0 0 0
1 0 0 0 0 0 0
4 0 0 0 0 0 0
4 0 0 0 0 0 0
3 0 0 0 0 0 0
3 0 0 0 0 0 0
4 0 0 0 0 0 0
4 0 0 0 0 0 0
1 0 0 0 0 0 0
1 0 0 0 0 0 0
2 0 0 0 0 0 0
2 0 0 0 0 0 0
1 0 0 0 0 0 0
2 0 0 0 0 0 0
3 0 0 0 0 0 0
4 0 0 0 0 0 0

3 0 0 0 0 0 0
1 0 0 0 0 0 0
2 0 0 0 0 0 0
4 0 0 0 0 0 0
2 0 0 0 0 0 0
1 0 0 0 0 0 0
3 0 0 0 0 0 0
3 0 0 0 0 0 0
3 0 0 0 0 0 0
4 0 0 0 0 0 0
4 0 0 0 0 0 0
4 0 0 0 0 0 0
3 0 0 0 0 0 0
1 0 0 0 0 0 0
1 0 0 0 0 0 0
1 0 0 0 0 0 0
4 0 0 0 0 0 0
2 0 0 0 0 0 0
2 0 0 0 0 0 0
2 0 0 0 0 0 0
1 0 0 0 0 0 0
1 0 0 0 0 0 0
4 0 0 0 0 0 0
4 0 0 0 0 0 0
3 0 0 0 0 0 0
3 0 0 0 0 0 0
2 0 0 0 0 0 0
2 0 0 0 0 0 0
3 0 0 0 0 0 0
1 0 0 0 0 0 0
4 0 0 0 0 0 0
2 0 0 0 0 0 0
3 0 0 0 0 0 0
1 0 0 0 0 0 0
2 0 0 0 0 0 0
4 0 0 0 0 0 0
3 0 0 0 0 0 0
4 0 0 0 0 0 0
2 0 0 0 0 0 0
1 0 0 0 0 0 0
2 0 0 0 0 0 0
1 0 0 0 0 0 0
3 0 0 0 0 0 0
4 0 0 0 0 0 0
3 0 0 0 0 0 0
4 0 0 0 0 0 0
3 0 0 0 0 0 0
4 0 0 0 0 0 0
2 0 0 0 0 0 0
2 0 0 0 0 0 0
1 0 0 0 0 0 0
1 0 0 0 0 0 0
4 0 0 0 0 0 0
2 0 0 0 0 0 0
4 0 0 0 0 0 0
2 0 0 0 0 0 0
3 0 0 0 0 0 0
1 0 0 0 0 0 0
3 0 0 0 0 0 0
1 0 0 0 0 0 0
1 0 0 0 0 0 0
3 0 0 0 0 0 0
1 0 0 0 0 0 0
2 0 0 0 0 0 0
4 0 0 0 0 0 0
2 0 0 0 0 0 0
4 0 0 0 0 0 0
3 0 0 0 0 0 0
2 0 0 0 0 0 0
1 0 0 0 0 0 0
3 0 0 0 0 0 0
2 0 0 0 0 0 0
1 0 0 0 0 0 0
3 0 0 0 0 0 0
4 0 0 0 0 0 0
4 0 0 0 0 0 0
4 0 0 0 0 0 0
1 0 0 0 0 0 0
2 0 0 0 0 0 0
3 0 0 0 0 0 0

1 0 0 0 0 0 0
4 0 0 0 0 0 0
2 0 0 0 0 0 0
3 0 0 0 0 0 0
4 0 0 0 0 0 0
3 0 0 0 0 0 0
2 0 0 0 0 0 0
4 0 0 0 0 0 0
1 0 0 0 0 0 0
1 0 0 0 0 0 0
3 0 0 0 0 0 0
2 0 0 0 0 0 0
2 0 0 0 0 0 0
1 0 0 0 0 0 0
3 0 0 0 0 0 0
1 0 0 0 0 0 0
2 0 0 0 0 0 0
4 0 0 0 0 0 0
4 0 0 0 0 0 0
4 0 0 0 0 0 0
4 0 0 0 0 0 0
2 0 0 0 0 0 0
1 0 0 0 0 0 0
1 0 0 0 0 0 0
2 0 0 0 0 0 0
3 0 0 0 0 0 0
3 0 0 0 0 0 0
3 0 0 0 0 0 0
1 0 0 0 0 0 0
4 0 0 0 0 0 0
2 0 0 0 0 0 0
3 0 0 0 0 0 0
3 0 0 0 0 0 0
2 0 0 0 0 0 0
4 0 0 0 0 0 0
1 0 0 0 0 0 0
4 0 0 0 0 0 0
2 0 0 0 0 0 0
3 0 0 0 0 0 0
4 0 0 0 0 0 0
3 0 0 0 0 0 0
2 0 0 0 0 0 0
1 0 0 0 0 0 0
1 0 0 0 0 0 0
4 0 0 0 0 0 0
1 0 0 0 0 0 0
1 0 0 0 0 0 0
4 0 0 0 0 0 0
2 0 0 0 0 0 0
3 0 0 0 0 0 0
3 0 0 0 0 0 0
2 0 0 0 0 0 0
4 0 0 0 0 0 0
1 0 0 0 0 0 0
1 0 0 0 0 0 0
3 0 0 0 0 0 0
4 0 0 0 0 0 0
2 0 0 0 0 0 0
3 0 0 0 0 0 0
2 0 0 0 0 0 0
3 0 0 0 0 0 0
3 0 0 0 0 0 0
1 0 0 0 0 0 0
1 0 0 0 0 0 0
2 0 0 0 0 0 0
2 1956 8136 1122 -2362 5389 952
4 0 0 0 0 0 0
4 0 0 0 0 0 0
2 0 0 0 0 0 0
1 0 0 0 0 0 0
4 0 0 0 0 0 0
3 0 0 0 0 0 0
4 0 0 0 0 0 0
1 0 0 0 0 0 0
3 0 0 0 0 0 0
2 0 0 0 0 0 0
2 -390 8138 720 2428 581 77
4 0 0 0 0 0 0
1 0 0 0 0 0 0
3 0 0 0 0 0 0

3 0 0 0 0 0 0
4 0 0 0 0 0 0
1 0 0 0 0 0 0
2 668 7708 738 360 -1814 -285
3 0 0 0 0 0 0
1 0 0 0 0 0 0
3 0 0 0 0 0 0
4 0 0 0 0 0 0
2 0 0 0 0 0 0
2 0 0 0 0 0 0
4 0 0 0 0 0 0
1 0 0 0 0 0 0
3 0 0 0 0 0 0
2 0 0 0 0 0 0
3 0 0 0 0 0 0
1 762 -8288 -3288 -1240 2765 1957
1 0 0 0 0 0 0
4 0 0 0 0 0 0
4 0 0 0 0 0 0
2 0 0 0 0 0 0
1 0 0 0 0 0 0
2 0 0 0 0 0 0
2 -544 6832 748 1922 -605 -1049
1 304 -6816 -2604 1236 5963 1319
3 0 0 0 0 0 0
3 0 0 0 0 0 0
4 0 0 0 0 0 0
4 0 0 0 0 0 0
3 0 0 0 0 0 0
3 0 0 0 0 0 0
2 0 0 0 0 0 0
1 0 0 0 0 0 0
2 0 0 0 0 0 0
1 0 0 0 0 0 0
4 0 0 0 0 0 0
4 0 0 0 0 0 0
1 0 0 0 0 0 0
1 0 0 0 0 0 0
3 0 0 0 0 0 0
3 0 0 0 0 0 0
2 0 0 0 0 0 0
4 0 0 0 0 0 0
2 0 0 0 0 0 0
4 0 0 0 0 0 0
2 0 0 0 0 0 0
2 0 0 0 0 0 0
3 0 0 0 0 0 0
1 0 0 0 0 0 0
3 0 0 0 0 0 0
1 0 0 0 0 0 0
4 0 0 0 0 0 0
4 0 0 0 0 0 0
4 0 0 0 0 0 0
2 0 0 0 0 0 0
2 0 0 0 0 0 0
1 0 0 0 0 0 0
4 0 0 0 0 0 0
1 0 0 0 0 0 0
3 0 0 0 0 0 0
3 0 0 0 0 0 0
1 0 0 0 0 0 0
4 0 0 0 0 0 0
4 0 0 0 0 0 0
1 0 0 0 0 0 0
3 0 0 0 0 0 0
3 0 0 0 0 0 0
2 0 0 0 0 0 0
2 0 0 0 0 0 0
3 0 0 0 0 0 0
3 0 0 0 0 0 0
1 0 0 0 0 0 0
1 0 0 0 0 0 0
4 0 0 0 0 0 0
4 0 0 0 0 0 0
2 0 0 0 0 0 0
2 0 0 0 0 0 0
1 0 0 0 0 0 0
4 0 0 0 0 0 0
3 0 0 0 0 0 0
2 0 0 0 0 0 0

4 0 0 0 0 0 0
1 740 -7704 -3632 1145 827 2
2 0 0 0 0 0 0
3 0 0 0 0 0 0
1 0 0 0 0 0 0
4 0 0 0 0 0 0
2 0 0 0 0 0 0
3 0 0 0 0 0 0
3 0 0 0 0 0 0
2 0 0 0 0 0 0
1 0 0 0 0 0 0
3 0 0 0 0 0 0
2 0 0 0 0 0 0
1 0 0 0 0 0 0
2 0 0 0 0 0 0
4 0 0 0 0 0 0
4 0 0 0 0 0 0
4 0 0 0 0 0 0
2 0 0 0 0 0 0
4 0 0 0 0 0 0
3 0 0 0 0 0 0
1 0 0 0 0 0 0
1 0 0 0 0 0 0
3 0 0 0 0 0 0
4 0 0 0 0 0 0
1 0 0 0 0 0 0
3 0 0 0 0 0 0
3 0 0 0 0 0 0
1 0 0 0 0 0 0
2 0 0 0 0 0 0
2 0 0 0 0 0 0
4 0 0 0 0 0 0
2 0 0 0 0 0 0
1 0 0 0 0 0 0
3 0 0 0 0 0 0
1 0 0 0 0 0 0
4 0 0 0 0 0 0
2 0 0 0 0 0 0
4 0 0 0 0 0 0
3 0 0 0 0 0 0
4 0 0 0 0 0 0
1 0 0 0 0 0 0
3 0 0 0 0 0 0
2 0 0 0 0 0 0
2 0 0 0 0 0 0
1 0 0 0 0 0 0
4 0 0 0 0 0 0
3 0 0 0 0 0 0
4 0 0 0 0 0 0
1 0 0 0 0 0 0
2 0 0 0 0 0 0
1 0 0 0 0 0 0
2 0 0 0 0 0 0
3 0 0 0 0 0 0
3 0 0 0 0 0 0
1 0 0 0 0 0 0
2 0 0 0 0 0 0
3 0 0 0 0 0 0
4 0 0 0 0 0 0
4 0 0 0 0 0 0
2 0 0 0 0 0 0
1 0 0 0 0 0 0
4 0 0 0 0 0 0
3 0 0 0 0 0 0
4 0 0 0 0 0 0
3 0 0 0 0 0 0
3 0 0 0 0 0 0
1 0 0 0 0 0 0
1 0 0 0 0 0 0
2 0 0 0 0 0 0
4 0 0 0 0 0 0
2 0 0 0 0 0 0
3 0 0 0 0 0 0
3 0 0 0 0 0 0
1 0 0 0 0 0 0
2 0 0 0 0 0 0
1 0 0 0 0 0 0
2 0 0 0 0 0 0
4 0 0 0 0 0 0
4 0 0 0 0 0 0

2 0 0 0 0 0 0
3 -1192 -6560 -4682 -29 -1040 -604
1 0 0 0 0 0 0
4 0 0 0 0 0 0
3 0 0 0 0 0 0
1 0 0 0 0 0 0
4 0 0 0 0 0 0
2 0 0 0 0 0 0
2 0 0 0 0 0 0
4 0 0 0 0 0 0
2 0 0 0 0 0 0
4 0 0 0 0 0 0
1 0 0 0 0 0 0
1 0 0 0 0 0 0
3 0 0 0 0 0 0
3 0 0 0 0 0 0
2 0 0 0 0 0 0
4 0 0 0 0 0 0
1 0 0 0 0 0 0
3 0 0 0 0 0 0
3 0 0 0 0 0 0
1 0 0 0 0 0 0
4 0 0 0 0 0 0
2 0 0 0 0 0 0
3 0 0 0 0 0 0
1 0 0 0 0 0 0
2 0 0 0 0 0 0
4 0 0 0 0 0 0
2 0 0 0 0 0 0
3 0 0 0 0 0 0
4 0 0 0 0 0 0
1 0 0 0 0 0 0
2 0 0 0 0 0 0
3 0 0 0 0 0 0
4 0 0 0 0 0 0
1 0 0 0 0 0 0
2 0 0 0 0 0 0
1 0 0 0 0 0 0
3 0 0 0 0 0 0
4 0 0 0 0 0 0
2 0 0 0 0 0 0
4 0 0 0 0 0 0
3 0 0 0 0 0 0
4 0 0 0 0 0 0
3 0 0 0 0 0 0
1 0 0 0 0 0 0
2 0 0 0 0 0 0
1 0 0 0 0 0 0
1 0 0 0 0 0 0
4 0 0 0 0 0 0
1 0 0 0 0 0 0
4 0 0 0 0 0 0
3 0 0 0 0 0 0
2 0 0 0 0 0 0
3 0 0 0 0 0 0
2 0 0 0 0 0 0
3 0 0 0 0 0 0
3 0 0 0 0 0 0
1 0 0 0 0 0 0
1 0 0 0 0 0 0
4 0 0 0 0 0 0
4 0 0 0 0 0 0
2 0 0 0 0 0 0
2 0 0 0 0 0 0
3 0 0 0 0 0 0
4 0 0 0 0 0 0
2 0 0 0 0 0 0
4 0 0 0 0 0 0
2 0 0 0 0 0 0
2 0 0 0 0 0 0
3 0 0 0 0 0 0
1 0 0 0 0 0 0
3 0 0 0 0 0 0
1 0 0 0 0 0 0
1 0 0 0 0 0 0
4 0 0 0 0 0 0
4 0 0 0 0 0 0
1 0 0 0 0 0 0
2 0 0 0 0 0 0
3 0 0 0 0 0 0

4 0 0 0 0 0 0
2 0 0 0 0 0 0
3 0 0 0 0 0 0
1 0 0 0 0 0 0
3 0 0 0 0 0 0
1 0 0 0 0 0 0
2 0 0 0 0 0 0
1 0 0 0 0 0 0
4 0 0 0 0 0 0
4 0 0 0 0 0 0
4 0 0 0 0 0 0
4 0 0 0 0 0 0
1 0 0 0 0 0 0
1 0 0 0 0 0 0
3 0 0 0 0 0 0
3 0 0 0 0 0 0
3 0 0 0 0 0 0
2 0 0 0 0 0 0
2 0 0 0 0 0 0
2 0 0 0 0 0 0
2 0 0 0 0 0 0
3 0 0 0 0 0 0
3 0 0 0 0 0 0
2 0 0 0 0 0 0
4 0 0 0 0 0 0
4 0 0 0 0 0 0
1 0 0 0 0 0 0
1 0 0 0 0 0 0
3 0 0 0 0 0 0
4 0 0 0 0 0 0
4 0 0 0 0 0 0
3 0 0 0 0 0 0
2 0 0 0 0 0 0
1 0 0 0 0 0 0
2 0 0 0 0 0 0
1 0 0 0 0 0 0
3 0 0 0 0 0 0
3 -1842 -6888 -4944 -1838 -3142 -1396
4 0 0 0 0 0 0
4 -582 7412 -1218 -936 4063 -12
1 0 0 0 0 0 0
2 0 0 0 0 0 0
1 0 0 0 0 0 0
2 0 0 0 0 0 0
4 0 0 0 0 0 0
3 0 0 0 0 0 0
3 0 0 0 0 0 0
1 0 0 0 0 0 0
4 0 0 0 0 0 0
1 0 0 0 0 0 0
2 0 0 0 0 0 0
2 0 0 0 0 0 0
4 0 0 0 0 0 0
1 0 0 0 0 0 0
3 0 0 0 0 0 0
2 0 0 0 0 0 0
2 0 0 0 0 0 0
4 0 0 0 0 0 0
1 0 0 0 0 0 0
3 0 0 0 0 0 0
1 0 0 0 0 0 0
4 0 0 0 0 0 0
2 0 0 0 0 0 0
3 0 0 0 0 0 0
1 0 0 0 0 0 0
4 0 0 0 0 0 0
2 0 0 0 0 0 0
3 0 0 0 0 0 0
1 0 0 0 0 0 0
4 0 0 0 0 0 0
3 0 0 0 0 0 0
3 0 0 0 0 0 0
1 0 0 0 0 0 0
2 0 0 0 0 0 0
2 0 0 0 0 0 0
4 0 0 0 0 0 0
4 0 0 0 0 0 0
1 0 0 0 0 0 0
2 0 0 0 0 0 0
3 0 0 0 0 0 0

3 0 0 0 0 0 0
2 0 0 0 0 0 0
1 0 0 0 0 0 0
4 0 0 0 0 0 0
2 0 0 0 0 0 0
3 0 0 0 0 0 0
3 0 0 0 0 0 0
1 0 0 0 0 0 0
1 0 0 0 0 0 0
4 0 0 0 0 0 0
2 0 0 0 0 0 0
4 0 0 0 0 0 0
1 0 0 0 0 0 0
2 0 0 0 0 0 0
4 0 0 0 0 0 0
4 0 0 0 0 0 0
3 0 0 0 0 0 0
3 0 0 0 0 0 0
1 0 0 0 0 0 0
3 0 0 0 0 0 0
4 0 0 0 0 0 0
2 0 0 0 0 0 0
2 0 0 0 0 0 0
3 0 0 0 0 0 0
2 0 0 0 0 0 0
4 0 0 0 0 0 0
1 0 0 0 0 0 0
1 0 0 0 0 0 0
1 0 0 0 0 0 0
4 0 0 0 0 0 0
4 0 0 0 0 0 0
2 0 0 0 0 0 0
2 0 0 0 0 0 0
1 0 0 0 0 0 0
3 0 0 0 0 0 0
3 0 0 0 0 0 0
1 0 0 0 0 0 0
3 0 0 0 0 0 0
3 0 0 0 0 0 0
4 0 0 0 0 0 0
4 0 0 0 0 0 0
1 0 0 0 0 0 0
2 0 0 0 0 0 0
2 0 0 0 0 0 0
1 0 0 0 0 0 0
2 0 0 0 0 0 0
4 0 0 0 0 0 0
1 0 0 0 0 0 0
2 0 0 0 0 0 0
3 0 0 0 0 0 0
4 0 0 0 0 0 0
3 0 0 0 0 0 0
1 0 0 0 0 0 0
1 0 0 0 0 0 0
3 0 0 0 0 0 0
4 0 0 0 0 0 0
3 0 0 0 0 0 0
4 0 0 0 0 0 0
2 0 0 0 0 0 0
2 0 0 0 0 0 0
3 0 0 0 0 0 0
4 0 0 0 0 0 0
2 0 0 0 0 0 0
3 0 0 0 0 0 0
4 0 0 0 0 0 0
1 0 0 0 0 0 0
1 0 0 0 0 0 0
2 0 0 0 0 0 0
2 0 0 0 0 0 0
4 0 0 0 0 0 0
2 0 0 0 0 0 0
4 0 0 0 0 0 0
1 0 0 0 0 0 0
3 0 0 0 0 0 0
1 0 0 0 0 0 0
3 0 0 0 0 0 0
1 0 0 0 0 0 0
3 0 0 0 0 0 0
4 0 0 0 0 0 0
2 0 0 0 0 0 0

4 0 0 0 0 0 0
1 0 0 0 0 0 0
3 0 0 0 0 0 0
2 482 8170 880 173 437 -71
3 0 0 0 0 0 0
4 0 0 0 0 0 0
1 0 0 0 0 0 0
4 0 0 0 0 0 0
1 0 0 0 0 0 0
2 0 0 0 0 0 0
1 0 0 0 0 0 0
4 0 0 0 0 0 0
2 0 0 0 0 0 0
3 0 0 0 0 0 0
1 0 0 0 0 0 0
4 0 0 0 0 0 0
2 0 0 0 0 0 0
3 0 0 0 0 0 0
1 0 0 0 0 0 0
3 0 0 0 0 0 0
1 0 0 0 0 0 0
2 0 0 0 0 0 0
3 0 0 0 0 0 0
4 0 0 0 0 0 0
4 0 0 0 0 0 0
1 0 0 0 0 0 0
4 0 0 0 0 0 0
2 0 0 0 0 0 0
4 0 0 0 0 0 0
2 0 0 0 0 0 0
2 0 0 0 0 0 0
3 0 0 0 0 0 0
3 0 0 0 0 0 0
3 0 0 0 0 0 0
2 0 0 0 0 0 0
3 0 0 0 0 0 0
2 0 0 0 0 0 0
1 0 0 0 0 0 0
4 0 0 0 0 0 0
1 0 0 0 0 0 0
4 0 0 0 0 0 0
1 0 0 0 0 0 0
2 0 0 0 0 0 0
2 0 0 0 0 0 0
3 0 0 0 0 0 0
3 0 0 0 0 0 0
1 0 0 0 0 0 0
1 0 0 0 0 0 0
4 0 0 0 0 0 0
4 0 0 0 0 0 0
2 0 0 0 0 0 0
3 0 0 0 0 0 0
3 0 0 0 0 0 0
2 0 0 0 0 0 0
1 0 0 0 0 0 0
1 0 0 0 0 0 0
4 0 0 0 0 0 0
4 0 0 0 0 0 0
1 0 0 0 0 0 0
4 0 0 0 0 0 0
3 0 0 0 0 0 0
1 0 0 0 0 0 0
3 0 0 0 0 0 0
2 0 0 0 0 0 0
2 0 0 0 0 0 0
4 0 0 0 0 0 0
1 0 0 0 0 0 0
3 0 0 0 0 0 0
2 0 0 0 0 0 0
3 0 0 0 0 0 0
2 0 0 0 0 0 0
1 0 0 0 0 0 0
4 0 0 0 0 0 0
4 0 0 0 0 0 0
1 0 0 0 0 0 0
3 0 0 0 0 0 0
3 0 0 0 0 0 0
4 0 0 0 0 0 0
2 0 0 0 0 0 0
2 0 0 0 0 0 0

4 0 0 0 0 0 0
3 0 0 0 0 0 0
1 0 0 0 0 0 0
2 544 8396 820 201 716 -408
3 0 0 0 0 0 0
1 0 0 0 0 0 0
4 0 0 0 0 0 0
2 0 0 0 0 0 0
1 0 0 0 0 0 0
3 0 0 0 0 0 0
1 0 0 0 0 0 0
4 0 0 0 0 0 0
1 0 0 0 0 0 0
4 0 0 0 0 0 0
4 0 0 0 0 0 0
2 0 0 0 0 0 0
3 0 0 0 0 0 0
2 0 0 0 0 0 0
3 0 0 0 0 0 0
4 0 0 0 0 0 0
2 0 0 0 0 0 0
4 0 0 0 0 0 0
2 0 0 0 0 0 0
1 0 0 0 0 0 0
1 0 0 0 0 0 0
3 0 0 0 0 0 0
3 0 0 0 0 0 0
2 0 0 0 0 0 0
4 0 0 0 0 0 0
1 0 0 0 0 0 0
2 0 0 0 0 0 0
4 0 0 0 0 0 0
2 0 0 0 0 0 0
1 0 0 0 0 0 0
3 0 0 0 0 0 0
3 0 0 0 0 0 0
2 0 0 0 0 0 0
4 0 0 0 0 0 0
2 0 0 0 0 0 0
1 0 0 0 0 0 0
4 0 0 0 0 0 0
3 0 0 0 0 0 0
3 0 0 0 0 0 0
1 0 0 0 0 0 0
2 0 0 0 0 0 0
2 0 0 0 0 0 0
1 0 0 0 0 0 0
1 0 0 0 0 0 0
3 0 0 0 0 0 0
3 0 0 0 0 0 0
4 0 0 0 0 0 0
4 0 0 0 0 0 0
3 0 0 0 0 0 0
4 0 0 0 0 0 0
1 0 0 0 0 0 0
2 0 0 0 0 0 0
1 590 -8080 -3410 -274 -2177 -346
4 0 0 0 0 0 0
2 0 0 0 0 0 0
3 0 0 0 0 0 0
3 0 0 0 0 0 0
4 0 0 0 0 0 0
1 0 0 0 0 0 0
3 0 0 0 0 0 0
1 0 0 0 0 0 0
4 0 0 0 0 0 0
2 0 0 0 0 0 0
2 0 0 0 0 0 0
1 0 0 0 0 0 0
4 0 0 0 0 0 0
1 488 -7064 -3162 -200 2089 1077
4 0 0 0 0 0 0
2 0 0 0 0 0 0
3 0 0 0 0 0 0
2 0 0 0 0 0 0
3 0 0 0 0 0 0
4 0 0 0 0 0 0
1 0 0 0 0 0 0
3 0 0 0 0 0 0
2 0 0 0 0 0 0

2 0 0 0 0 0 0
1 0 0 0 0 0 0
3 0 0 0 0 0 0
4 0 0 0 0 0 0
2 0 0 0 0 0 0
3 0 0 0 0 0 0
1 0 0 0 0 0 0
4 0 0 0 0 0 0
3 0 0 0 0 0 0
1 0 0 0 0 0 0
1 0 0 0 0 0 0
4 0 0 0 0 0 0
2 0 0 0 0 0 0
3 0 0 0 0 0 0
2 0 0 0 0 0 0
4 0 0 0 0 0 0
2 0 0 0 0 0 0
1 234 -7690 -2942 -562 -3117 -1160
3 0 0 0 0 0 0
4 0 0 0 0 0 0
2 0 0 0 0 0 0
4 0 0 0 0 0 0
4 0 0 0 0 0 0
2 1086 8858 794 -96 -387 -491
1 0 0 0 0 0 0
3 0 0 0 0 0 0
3 0 0 0 0 0 0
1 0 0 0 0 0 0
1 0 0 0 0 0 0
2 0 0 0 0 0 0
2 0 0 0 0 0 0
1 0 0 0 0 0 0
3 0 0 0 0 0 0
3 0 0 0 0 0 0
4 0 0 0 0 0 0
4 0 0 0 0 0 0
3 0 0 0 0 0 0
4 0 0 0 0 0 0
3 0 0 0 0 0 0
4 0 0 0 0 0 0
1 0 0 0 0 0 0
2 0 0 0 0 0 0
1 0 0 0 0 0 0
2 0 0 0 0 0 0
4 0 0 0 0 0 0
4 0 0 0 0 0 0
1 0 0 0 0 0 0
1 0 0 0 0 0 0
3 0 0 0 0 0 0
3 0 0 0 0 0 0
2 0 0 0 0 0 0
2 0 0 0 0 0 0
3 0 0 0 0 0 0
4 0 0 0 0 0 0
2 0 0 0 0 0 0
2 0 0 0 0 0 0
1 0 0 0 0 0 0
3 0 0 0 0 0 0
4 0 0 0 0 0 0
1 0 0 0 0 0 0
1 0 0 0 0 0 0
3 0 0 0 0 0 0
3 0 0 0 0 0 0
1 0 0 0 0 0 0
2 0 0 0 0 0 0
2 0 0 0 0 0 0
4 0 0 0 0 0 0
4 0 0 0 0 0 0
2 0 0 0 0 0 0
1 0 0 0 0 0 0
1 0 0 0 0 0 0
2 0 0 0 0 0 0
3 0 0 0 0 0 0
4 0 0 0 0 0 0
3 0 0 0 0 0 0
4 0 0 0 0 0 0
3 0 0 0 0 0 0
2 0 0 0 0 0 0
4 0 0 0 0 0 0
1 0 0 0 0 0 0

3 0 0 0 0 0 0
4 0 0 0 0 0 0
1 382 -6806 -3100 -666 1909 1645
2 878 8350 682 684 -2506 1050
3 0 0 0 0 0 0
1 720 -6740 -3224 547 619 -391
4 0 0 0 0 0 0
2 0 0 0 0 0 0
4 0 0 0 0 0 0
4 0 0 0 0 0 0
3 0 0 0 0 0 0
1 0 0 0 0 0 0
3 0 0 0 0 0 0
3 0 0 0 0 0 0
1 0 0 0 0 0 0
1 0 0 0 0 0 0
2 0 0 0 0 0 0
2 0 0 0 0 0 0
2 0 0 0 0 0 0
4 0 0 0 0 0 0
3 0 0 0 0 0 0
1 0 0 0 0 0 0
1 0 0 0 0 0 0
4 0 0 0 0 0 0
2 0 0 0 0 0 0
3 0 0 0 0 0 0
2 0 0 0 0 0 0
1 0 0 0 0 0 0
4 0 0 0 0 0 0
1 0 0 0 0 0 0
4 0 0 0 0 0 0
4 0 0 0 0 0 0
3 0 0 0 0 0 0
3 0 0 0 0 0 0
2 0 0 0 0 0 0
2 0 0 0 0 0 0
3 0 0 0 0 0 0
2 0 0 0 0 0 0
3 0 0 0 0 0 0
2 0 0 0 0 0 0
1 0 0 0 0 0 0
1 0 0 0 0 0 0
4 0 0 0 0 0 0
4 0 0 0 0 0 0
3 0 0 0 0 0 0
1 0 0 0 0 0 0
2 0 0 0 0 0 0
4 0 0 0 0 0 0
4 0 0 0 0 0 0
3 0 0 0 0 0 0
1 0 0 0 0 0 0
2 0 0 0 0 0 0
1 0 0 0 0 0 0
4 0 0 0 0 0 0
1 0 0 0 0 0 0
2 0 0 0 0 0 0
3 0 0 0 0 0 0
2 0 0 0 0 0 0
3 0 0 0 0 0 0
4 0 0 0 0 0 0
1 0 0 0 0 0 0
1 0 0 0 0 0 0
4 0 0 0 0 0 0
4 0 0 0 0 0 0
3 0 0 0 0 0 0
3 0 0 0 0 0 0
2 0 0 0 0 0 0
2 0 0 0 0 0 0
4 0 0 0 0 0 0
3 0 0 0 0 0 0
1 0 0 0 0 0 0
3 0 0 0 0 0 0
1 0 0 0 0 0 0
3 0 0 0 0 0 0
1 0 0 0 0 0 0
2 0 0 0 0 0 0
2 0 0 0 0 0 0
2 0 0 0 0 0 0
4 0 0 0 0 0 0
4 0 0 0 0 0 0

3 0 0 0 0 0 0
1 408 -7252 -3154 -86 448 862
2 946 8070 644 34 176 -28
4 0 0 0 0 0 0
3 0 0 0 0 0 0
3 0 0 0 0 0 0
2 0 0 0 0 0 0
2 0 0 0 0 0 0
1 0 0 0 0 0 0
1 0 0 0 0 0 0
4 0 0 0 0 0 0
2 0 0 0 0 0 0
2 0 0 0 0 0 0
3 0 0 0 0 0 0
3 0 0 0 0 0 0
4 0 0 0 0 0 0
1 0 0 0 0 0 0
1 0 0 0 0 0 0
4 0 0 0 0 0 0
3 0 0 0 0 0 0
2 0 0 0 0 0 0
1 0 0 0 0 0 0
2 0 0 0 0 0 0
3 0 0 0 0 0 0
4 0 0 0 0 0 0
1 0 0 0 0 0 0
4 0 0 0 0 0 0
1 0 0 0 0 0 0
4 0 0 0 0 0 0
3 0 0 0 0 0 0
3 0 0 0 0 0 0
1 0 0 0 0 0 0
2 0 0 0 0 0 0
4 0 0 0 0 0 0
2 0 0 0 0 0 0
2 0 0 0 0 0 0
1 0 0 0 0 0 0
4 0 0 0 0 0 0
2 0 0 0 0 0 0
1 0 0 0 0 0 0
4 0 0 0 0 0 0
3 0 0 0 0 0 0
3 0 0 0 0 0 0
1 0 0 0 0 0 0
2 0 0 0 0 0 0
1 0 0 0 0 0 0
4 0 0 0 0 0 0
4 0 0 0 0 0 0
2 0 0 0 0 0 0
3 0 0 0 0 0 0
3 0 0 0 0 0 0
4 0 0 0 0 0 0
3 0 0 0 0 0 0
2 0 0 0 0 0 0
2 0 0 0 0 0 0
4 0 0 0 0 0 0
3 0 0 0 0 0 0
1 0 0 0 0 0 0
1 0 0 0 0 0 0
4 0 0 0 0 0 0
3 0 0 0 0 0 0
2 0 0 0 0 0 0
3 0 0 0 0 0 0
2 0 0 0 0 0 0
4 0 0 0 0 0 0
1 0 0 0 0 0 0
1 0 0 0 0 0 0
3 0 0 0 0 0 0
1 0 0 0 0 0 0
2 0 0 0 0 0 0
4 0 0 0 0 0 0
3 0 0 0 0 0 0
1 0 0 0 0 0 0
2 0 0 0 0 0 0
4 0 0 0 0 0 0
1 0 0 0 0 0 0
2 0 0 0 0 0 0
3 0 0 0 0 0 0
4 0 0 0 0 0 0
4 0 0 0 0 0 0

3 0 0 0 0 0 0
2 320 8090 772 82 135 -31
4 0 0 0 0 0 0
1 0 0 0 0 0 0
4 0 0 0 0 0 0
2 0 0 0 0 0 0
2 0 0 0 0 0 0
3 0 0 0 0 0 0
3 0 0 0 0 0 0
1 0 0 0 0 0 0
1 0 0 0 0 0 0
4 0 0 0 0 0 0
1 0 0 0 0 0 0
4 0 0 0 0 0 0
4 0 0 0 0 0 0
3 0 0 0 0 0 0
3 0 0 0 0 0 0
1 0 0 0 0 0 0
2 0 0 0 0 0 0
2 0 0 0 0 0 0
2 0 0 0 0 0 0
4 0 0 0 0 0 0
4 0 0 0 0 0 0
3 0 0 0 0 0 0
3 0 0 0 0 0 0
2 0 0 0 0 0 0
1 0 0 0 0 0 0
1 0 0 0 0 0 0
1 0 0 0 0 0 0
2 0 0 0 0 0 0
3 0 0 0 0 0 0
4 0 0 0 0 0 0
3 0 0 0 0 0 0
4 0 0 0 0 0 0
2 0 0 0 0 0 0
1 0 0 0 0 0 0
1 0 0 0 0 0 0
1 0 0 0 0 0 0
4 0 0 0 0 0 0
3 0 0 0 0 0 0
3 0 0 0 0 0 0
4 0 0 0 0 0 0
2 0 0 0 0 0 0
2 0 0 0 0 0 0
2 0 0 0 0 0 0
3 0 0 0 0 0 0
4 0 0 0 0 0 0
1 0 0 0 0 0 0
1 0 0 0 0 0 0
2 0 0 0 0 0 0
4 0 0 0 0 0 0
3 0 0 0 0 0 0
2 0 0 0 0 0 0
3 0 0 0 0 0 0
2 0 0 0 0 0 0
3 0 0 0 0 0 0
1 0 0 0 0 0 0
1 0 0 0 0 0 0
4 0 0 0 0 0 0
4 0 0 0 0 0 0
3 0 0 0 0 0 0
1 0 0 0 0 0 0
2 0 0 0 0 0 0
3 0 0 0 0 0 0
4 0 0 0 0 0 0
4 0 0 0 0 0 0
1 0 0 0 0 0 0
2 0 0 0 0 0 0
1 0 0 0 0 0 0
2 0 0 0 0 0 0
4 0 0 0 0 0 0
4 0 0 0 0 0 0
2 0 0 0 0 0 0
1 0 0 0 0 0 0
3 0 0 0 0 0 0
3 0 0 0 0 0 0
3 0 0 0 0 0 0
2 0 0 0 0 0 0
1 0 0 0 0 0 0
4 0 0 0 0 0 0

4 0 0 0 0 0 0
1 0 0 0 0 0 0
2 0 0 0 0 0 0
3 0 0 0 0 0 0
2 0 0 0 0 0 0
3 0 0 0 0 0 0
4 0 0 0 0 0 0
1 0 0 0 0 0 0
2 0 0 0 0 0 0
3 0 0 0 0 0 0
2 0 0 0 0 0 0
1 0 0 0 0 0 0
1 0 0 0 0 0 0
4 0 0 0 0 0 0
4 0 0 0 0 0 0
4 0 0 0 0 0 0
3 0 0 0 0 0 0
2 0 0 0 0 0 0
3 0 0 0 0 0 0
1 0 0 0 0 0 0
4 0 0 0 0 0 0
2 0 0 0 0 0 0
4 0 0 0 0 0 0
2 0 0 0 0 0 0
1 0 0 0 0 0 0
1 0 0 0 0 0 0
3 0 0 0 0 0 0
3 0 0 0 0 0 0
2 0 0 0 0 0 0
3 0 0 0 0 0 0
1 0 0 0 0 0 0
1 0 0 0 0 0 0
3 0 0 0 0 0 0
4 0 0 0 0 0 0
4 0 0 0 0 0 0
2 0 0 0 0 0 0
2 0 0 0 0 0 0
2 0 0 0 0 0 0
4 0 0 0 0 0 0
3 0 0 0 0 0 0
4 0 0 0 0 0 0
1 0 0 0 0 0 0
1 0 0 0 0 0 0
3 0 0 0 0 0 0
3 0 0 0 0 0 0
1 0 0 0 0 0 0
3 0 0 0 0 0 0
1 0 0 0 0 0 0
4 0 0 0 0 0 0
2 0 0 0 0 0 0
4 0 0 0 0 0 0
2 0 0 0 0 0 0
2 0 0 0 0 0 0
3 0 0 0 0 0 0
3 0 0 0 0 0 0
4 0 0 0 0 0 0
2 0 0 0 0 0 0
4 0 0 0 0 0 0
1 0 0 0 0 0 0
1 0 0 0 0 0 0
1 0 0 0 0 0 0
3 0 0 0 0 0 0
1 0 0 0 0 0 0
3 0 0 0 0 0 0
2 0 0 0 0 0 0
4 0 0 0 0 0 0
2 0 0 0 0 0 0
4 0 0 0 0 0 0
3 0 0 0 0 0 0
1 0 0 0 0 0 0
4 0 0 0 0 0 0
1 0 0 0 0 0 0
3 0 0 0 0 0 0
4 0 0 0 0 0 0
2 0 0 0 0 0 0
2 0 0 0 0 0 0
2 0 0 0 0 0 0
3 0 0 0 0 0 0
1 0 0 0 0 0 0
4 0 0 0 0 0 0

3 0 0 0 0 0 0
4 0 0 0 0 0 0
1 0 0 0 0 0 0
2 0 0 0 0 0 0
3 0 0 0 0 0 0
2 0 0 0 0 0 0
4 0 0 0 0 0 0
1 0 0 0 0 0 0
4 0 0 0 0 0 0
1 0 0 0 0 0 0
4 0 0 0 0 0 0
4 0 0 0 0 0 0
1 0 0 0 0 0 0
1 0 0 0 0 0 0
2 0 0 0 0 0 0
2 0 0 0 0 0 0
2 -38 9250 404 470 -2967 28
3 0 0 0 0 0 0
3 0 0 0 0 0 0
3 0 0 0 0 0 0
4 0 0 0 0 0 0
1 0 0 0 0 0 0
2 0 0 0 0 0 0
1 0 0 0 0 0 0
4 0 0 0 0 0 0
2 0 0 0 0 0 0
3 0 0 0 0 0 0
3 0 0 0 0 0 0
3 0 0 0 0 0 0
2 0 0 0 0 0 0
4 0 0 0 0 0 0
2 0 0 0 0 0 0
4 0 0 0 0 0 0
1 0 0 0 0 0 0
1 0 0 0 0 0 0
3 0 0 0 0 0 0
3 0 0 0 0 0 0
1 0 0 0 0 0 0
1 0 0 0 0 0 0
4 0 0 0 0 0 0
3 0 0 0 0 0 0
4 0 0 0 0 0 0
2 0 0 0 0 0 0
2 0 0 0 0 0 0
4 0 0 0 0 0 0
3 0 0 0 0 0 0
3 0 0 0 0 0 0
1 0 0 0 0 0 0
4 0 0 0 0 0 0
2 0 0 0 0 0 0
2 0 0 0 0 0 0
1 0 0 0 0 0 0
4 0 0 0 0 0 0
4 0 0 0 0 0 0
3 0 0 0 0 0 0
3 0 0 0 0 0 0
2 0 0 0 0 0 0
1 0 0 0 0 0 0
2 0 0 0 0 0 0
1 0 0 0 0 0 0
4 0 0 0 0 0 0
2 0 0 0 0 0 0
3 0 0 0 0 0 0
4 0 0 0 0 0 0
3 0 0 0 0 0 0
2 0 0 0 0 0 0
1 0 0 0 0 0 0
1 0 0 0 0 0 0
3 0 0 0 0 0 0
2 0 0 0 0 0 0
3 0 0 0 0 0 0
4 0 0 0 0 0 0
2 0 0 0 0 0 0
4 0 0 0 0 0 0
1 0 0 0 0 0 0
1 0 0 0 0 0 0
1 0 0 0 0 0 0
3 0 0 0 0 0 0
4 0 0 0 0 0 0
2 0 0 0 0 0 0

2 0 0 0 0 0 0
1 0 0 0 0 0 0
4 0 0 0 0 0 0
3 0 0 0 0 0 0
1 0 0 0 0 0 0
2 0 0 0 0 0 0
4 0 0 0 0 0 0
3 0 0 0 0 0 0
1 0 0 0 0 0 0
2 0 0 0 0 0 0
4 0 0 0 0 0 0
3 0 0 0 0 0 0
4 0 0 0 0 0 0
2 0 0 0 0 0 0
2 0 0 0 0 0 0
1 0 0 0 0 0 0
1 0 0 0 0 0 0
4 0 0 0 0 0 0
3 0 0 0 0 0 0
1 0 0 0 0 0 0
2 0 0 0 0 0 0
1 0 0 0 0 0 0
2 0 0 0 0 0 0
4 0 0 0 0 0 0
4 0 0 0 0 0 0
3 0 0 0 0 0 0
3 0 0 0 0 0 0
3 0 0 0 0 0 0
4 0 0 0 0 0 0
2 0 0 0 0 0 0
2 0 0 0 0 0 0
3 0 0 0 0 0 0
3 0 0 0 0 0 0
1 0 0 0 0 0 0
4 0 0 0 0 0 0
1 0 0 0 0 0 0
4 0 0 0 0 0 0
4 0 0 0 0 0 0
1 0 0 0 0 0 0
1 0 0 0 0 0 0
3 0 0 0 0 0 0
3 0 0 0 0 0 0
2 0 0 0 0 0 0
2 0 0 0 0 0 0
2 0 0 0 0 0 0
3 0 0 0 0 0 0
4 0 0 0 0 0 0
4 0 0 0 0 0 0
2 0 0 0 0 0 0
3 0 0 0 0 0 0
1 0 0 0 0 0 0
1 0 0 0 0 0 0
1 0 0 0 0 0 0
3 0 0 0 0 0 0
1 0 0 0 0 0 0
4 0 0 0 0 0 0
4 0 0 0 0 0 0
2 0 0 0 0 0 0
2 0 0 0 0 0 0
3 0 0 0 0 0 0
2 0 0 0 0 0 0
4 0 0 0 0 0 0
3 0 0 0 0 0 0
3 0 0 0 0 0 0
1 0 0 0 0 0 0
1 0 0 0 0 0 0
4 0 0 0 0 0 0
2 0 0 0 0 0 0
2 0 0 0 0 0 0
3 0 0 0 0 0 0
4 0 0 0 0 0 0
4 0 0 0 0 0 0
2 0 0 0 0 0 0
1 0 0 0 0 0 0
1 0 0 0 0 0 0
3 0 0 0 0 0 0
3 0 0 0 0 0 0
2 0 0 0 0 0 0
1 0 0 0 0 0 0
4 0 0 0 0 0 0

2 124 7998 810 515 148 101
1 0 0 0 0 0 0
3 0 0 0 0 0 0
4 0 0 0 0 0 0
1 0 0 0 0 0 0
2 0 0 0 0 0 0
3 0 0 0 0 0 0
3 0 0 0 0 0 0
4 0 0 0 0 0 0
2 0 0 0 0 0 0
2 0 0 0 0 0 0
1 0 0 0 0 0 0
1 0 0 0 0 0 0
4 0 0 0 0 0 0
4 0 0 0 0 0 0
2 0 0 0 0 0 0
3 0 0 0 0 0 0
3 0 0 0 0 0 0
3 0 0 0 0 0 0
4 0 0 0 0 0 0
2 0 0 0 0 0 0
2 0 0 0 0 0 0
1 0 0 0 0 0 0
4 0 0 0 0 0 0
1 0 0 0 0 0 0
1 0 0 0 0 0 0
3 0 0 0 0 0 0
3 0 0 0 0 0 0
2 0 0 0 0 0 0
2 0 0 0 0 0 0
1 0 0 0 0 0 0
1 0 0 0 0 0 0
3 0 0 0 0 0 0
4 0 0 0 0 0 0
4 0 0 0 0 0 0
4 0 0 0 0 0 0
3 0 0 0 0 0 0
3 0 0 0 0 0 0
1 0 0 0 0 0 0
1 0 0 0 0 0 0
2 0 0 0 0 0 0
2 0 0 0 0 0 0
4 0 0 0 0 0 0
4 0 0 0 0 0 0
4 0 0 0 0 0 0
2 0 0 0 0 0 0
2 0 0 0 0 0 0
1 0 0 0 0 0 0
3 0 0 0 0 0 0
1 0 0 0 0 0 0
3 0 0 0 0 0 0
4 0 0 0 0 0 0
4 0 0 0 0 0 0
1 0 0 0 0 0 0
1 0 0 0 0 0 0
3 0 0 0 0 0 0
2 0 0 0 0 0 0
3 0 0 0 0 0 0
2 0 0 0 0 0 0
1 0 0 0 0 0 0
1 0 0 0 0 0 0
4 0 0 0 0 0 0
4 0 0 0 0 0 0
2 0 0 0 0 0 0
3 0 0 0 0 0 0
3 0 0 0 0 0 0
2 0 0 0 0 0 0
1 0 0 0 0 0 0
1 0 0 0 0 0 0
4 0 0 0 0 0 0
3 0 0 0 0 0 0
3 0 0 0 0 0 0
4 0 0 0 0 0 0
2 0 0 0 0 0 0
2 0 0 0 0 0 0
2 0 0 0 0 0 0
3 0 0 0 0 0 0
1 0 0 0 0 0 0
4 0 0 0 0 0 0
4 0 0 0 0 0 0

1 0 0 0 0 0 0
2 0 0 0 0 0 0
3 0 0 0 0 0 0
4 0 0 0 0 0 0
3 0 0 0 0 0 0
1 0 0 0 0 0 0
4 0 0 0 0 0 0
2 0 0 0 0 0 0
2 0 0 0 0 0 0
4 0 0 0 0 0 0
2 0 0 0 0 0 0
4 0 0 0 0 0 0
3 0 0 0 0 0 0
1 0 0 0 0 0 0
1 0 0 0 0 0 0
3 0 0 0 0 0 0
2 0 0 0 0 0 0
3 0 0 0 0 0 0
2 0 0 0 0 0 0
2 0 0 0 0 0 0
3 0 0 0 0 0 0
1 0 0 0 0 0 0
4 0 0 0 0 0 0
1 0 0 0 0 0 0
1 0 0 0 0 0 0
4 0 0 0 0 0 0
2 0 0 0 0 0 0
3 0 0 0 0 0 0
2 0 0 0 0 0 0
3 0 0 0 0 0 0
4 0 0 0 0 0 0
4 0 0 0 0 0 0
1 0 0 0 0 0 0
1 0 0 0 0 0 0
3 0 0 0 0 0 0
4 0 0 0 0 0 0
4 0 0 0 0 0 0
4 0 0 0 0 0 0
1 0 0 0 0 0 0
3 0 0 0 0 0 0
1 0 0 0 0 0 0
3 0 0 0 0 0 0
2 0 0 0 0 0 0
2 0 0 0 0 0 0
4 0 0 0 0 0 0
3 0 0 0 0 0 0
4 0 0 0 0 0 0
3 0 0 0 0 0 0
1 0 0 0 0 0 0
2 0 0 0 0 0 0
1 0 0 0 0 0 0
2 0 0 0 0 0 0
1 0 0 0 0 0 0
2 0 0 0 0 0 0
1 0 0 0 0 0 0
2 0 0 0 0 0 0
3 0 0 0 0 0 0
3 0 0 0 0 0 0
4 0 0 0 0 0 0
4 0 0 0 0 0 0
1 0 0 0 0 0 0
2 0 0 0 0 0 0
1 0 0 0 0 0 0
2 0 0 0 0 0 0
4 0 0 0 0 0 0
3 0 0 0 0 0 0
4 0 0 0 0 0 0
3 0 0 0 0 0 0
2 0 0 0 0 0 0
3 0 0 0 0 0 0
2 0 0 0 0 0 0
3 0 0 0 0 0 0
4 0 0 0 0 0 0
4 0 0 0 0 0 0
1 0 0 0 0 0 0
1 0 0 0 0 0 0
1 0 0 0 0 0 0
4 0 0 0 0 0 0
3 0 0 0 0 0 0
2 0 0 0 0 0 0

4 0 0 0 0 0 0
3 0 0 0 0 0 0
2 0 0 0 0 0 0
1 612 -7934 -3326 -835 -1842 -565
4 0 0 0 0 0 0
2 0 0 0 0 0 0
3 0 0 0 0 0 0
1 0 0 0 0 0 0
4 0 0 0 0 0 0
2 0 0 0 0 0 0
1 0 0 0 0 0 0
3 0 0 0 0 0 0
1 0 0 0 0 0 0
1 0 0 0 0 0 0
4 0 0 0 0 0 0
4 0 0 0 0 0 0
2 0 0 0 0 0 0
3 0 0 0 0 0 0
2 0 0 0 0 0 0
3 0 0 0 0 0 0
3 0 0 0 0 0 0
2 0 0 0 0 0 0
2 0 0 0 0 0 0
3 0 0 0 0 0 0
4 0 0 0 0 0 0
1 0 0 0 0 0 0
4 0 0 0 0 0 0
1 0 0 0 0 0 0
3 0 0 0 0 0 0
4 0 0 0 0 0 0
1 0 0 0 0 0 0
2 0 0 0 0 0 0
3 0 0 0 0 0 0
4 0 0 0 0 0 0
2 0 0 0 0 0 0
1 0 0 0 0 0 0
2 0 0 0 0 0 0
4 0 0 0 0 0 0
1 0 0 0 0 0 0
2 0 0 0 0 0 0
4 0 0 0 0 0 0
1 0 0 0 0 0 0
3 0 0 0 0 0 0
3 0 0 0 0 0 0
4 0 0 0 0 0 0
2 0 0 0 0 0 0
3 0 0 0 0 0 0
1 0 0 0 0 0 0
3 0 0 0 0 0 0
4 0 0 0 0 0 0
1 0 0 0 0 0 0
2 0 0 0 0 0 0
2 0 0 0 0 0 0
2 0 0 0 0 0 0
4 0 0 0 0 0 0
4 0 0 0 0 0 0
3 0 0 0 0 0 0
3 0 0 0 0 0 0
1 0 0 0 0 0 0
1 0 0 0 0 0 0
4 0 0 0 0 0 0
3 0 0 0 0 0 0
4 0 0 0 0 0 0
2 0 0 0 0 0 0
2 0 0 0 0 0 0
1 0 0 0 0 0 0
3 0 0 0 0 0 0
1 0 0 0 0 0 0
1 0 0 0 0 0 0
2 0 0 0 0 0 0
2 0 0 0 0 0 0
1 0 0 0 0 0 0
4 0 0 0 0 0 0
3 0 0 0 0 0 0
4 0 0 0 0 0 0
3 0 0 0 0 0 0
1 0 0 0 0 0 0
3 0 0 0 0 0 0
2 0 0 0 0 0 0
4 0 0 0 0 0 0

4 0 0 0 0 0 0
3 0 0 0 0 0 0
2 0 0 0 0 0 0
1 0 0 0 0 0 0
4 0 0 0 0 0 0
2 0 0 0 0 0 0
3 0 0 0 0 0 0
1 0 0 0 0 0 0
3 0 0 0 0 0 0
4 0 0 0 0 0 0
2 0 0 0 0 0 0
3 0 0 0 0 0 0
1 0 0 0 0 0 0
1 0 0 0 0 0 0
4 0 0 0 0 0 0
4 0 0 0 0 0 0
2 0 0 0 0 0 0
2 0 0 0 0 0 0
3 0 0 0 0 0 0
3 0 0 0 0 0 0
3 0 0 0 0 0 0
1 0 0 0 0 0 0
2 0 0 0 0 0 0
1 0 0 0 0 0 0
4 0 0 0 0 0 0
4 0 0 0 0 0 0
2 0 0 0 0 0 0
1 0 0 0 0 0 0
3 0 0 0 0 0 0
3 0 0 0 0 0 0
1 0 0 0 0 0 0
2 0 0 0 0 0 0
1 0 0 0 0 0 0
2 0 0 0 0 0 0
4 0 0 0 0 0 0
4 0 0 0 0 0 0
2 0 0 0 0 0 0
1 0 0 0 0 0 0
2 0 0 0 0 0 0
4 0 0 0 0 0 0
3 0 0 0 0 0 0
3 0 0 0 0 0 0
4 0 0 0 0 0 0
1 0 0 0 0 0 0
2 0 0 0 0 0 0
3 0 0 0 0 0 0
4 0 0 0 0 0 0
3 0 0 0 0 0 0
2 0 0 0 0 0 0
1 0 0 0 0 0 0
4 0 0 0 0 0 0
1 0 0 0 0 0 0
3 0 0 0 0 0 0
2 0 0 0 0 0 0
2 0 0 0 0 0 0
3 0 0 0 0 0 0
1 0 0 0 0 0 0
1 0 0 0 0 0 0
4 0 0 0 0 0 0
4 0 0 0 0 0 0
3 0 0 0 0 0 0
2 0 0 0 0 0 0
2 0 0 0 0 0 0
3 0 0 0 0 0 0
1 0 0 0 0 0 0
1 0 0 0 0 0 0
4 0 0 0 0 0 0
4 0 0 0 0 0 0
4 0 0 0 0 0 0
3 0 0 0 0 0 0
1 0 0 0 0 0 0
3 0 0 0 0 0 0
1 0 0 0 0 0 0
2 0 0 0 0 0 0
2 0 0 0 0 0 0
4 0 0 0 0 0 0
3 0 0 0 0 0 0
2 0 0 0 0 0 0
1 0 0 0 0 0 0
4 0 0 0 0 0 0

3 0 0 0 0 0 0
2 0 0 0 0 0 0
1 0 0 0 0 0 0
4 0 0 0 0 0 0
2 0 0 0 0 0 0
1 0 0 0 0 0 0
3 0 0 0 0 0 0
4 0 0 0 0 0 0
1 0 0 0 0 0 0
2 0 0 0 0 0 0
3 0 0 0 0 0 0
4 0 0 0 0 0 0
4 0 0 0 0 0 0
2 0 0 0 0 0 0
1 0 0 0 0 0 0
3 0 0 0 0 0 0
4 0 0 0 0 0 0
1 0 0 0 0 0 0
1 0 0 0 0 0 0
4 0 0 0 0 0 0
4 0 0 0 0 0 0
1 0 0 0 0 0 0
3 0 0 0 0 0 0
3 0 0 0 0 0 0
3 0 0 0 0 0 0
4 0 0 0 0 0 0
1 0 0 0 0 0 0
3 0 0 0 0 0 0
2 0 0 0 0 0 0
2 0 0 0 0 0 0
2 0 0 0 0 0 0
2 0 0 0 0 0 0
3 0 0 0 0 0 0
4 0 0 0 0 0 0
1 0 0 0 0 0 0
2 0 0 0 0 0 0
2 0 0 0 0 0 0
2 0 0 0 0 0 0
3 0 0 0 0 0 0
4 0 0 0 0 0 0
1 0 0 0 0 0 0
1 0 0 0 0 0 0
4 0 0 0 0 0 0
3 0 0 0 0 0 0
3 0 0 0 0 0 0
2 0 0 0 0 0 0
3 1190 7786 872 -263 -2136 418
2 0 0 0 0 0 0
1 0 0 0 0 0 0
1 0 0 0 0 0 0
4 0 0 0 0 0 0
4 0 0 0 0 0 0
4 0 0 0 0 0 0
3 0 0 0 0 0 0
2 0 0 0 0 0 0
1 0 0 0 0 0 0
4 0 0 0 0 0 0
1 0 0 0 0 0 0
2 0 0 0 0 0 0
3 0 0 0 0 0 0
2 0 0 0 0 0 0
2 0 0 0 0 0 0
3 0 0 0 0 0 0
3 0 0 0 0 0 0
4 0 0 0 0 0 0
1 0 0 0 0 0 0
4 0 0 0 0 0 0
1 0 0 0 0 0 0
4 0 0 0 0 0 0
2 0 0 0 0 0 0
1 0 0 0 0 0 0
2 0 0 0 0 0 0
1 0 0 0 0 0 0
3 0 0 0 0 0 0
4 0 0 0 0 0 0
3 0 0 0 0 0 0
3 0 0 0 0 0 0
4 0 0 0 0 0 0
2 0 0 0 0 0 0
1 0 0 0 0 0 0

4 0 0 0 0 0 0
3 0 0 0 0 0 0
2 0 0 0 0 0 0
1 0 0 0 0 0 0
2 0 0 0 0 0 0
1 0 0 0 0 0 0
3 0 0 0 0 0 0
1 0 0 0 0 0 0
4 0 0 0 0 0 0
2 0 0 0 0 0 0
4 0 0 0 0 0 0
3 0 0 0 0 0 0
2 0 0 0 0 0 0
2 0 0 0 0 0 0
1 0 0 0 0 0 0
1 0 0 0 0 0 0
3 0 0 0 0 0 0
3 0 0 0 0 0 0
4 0 0 0 0 0 0
4 0 0 0 0 0 0
4 0 0 0 0 0 0
2 0 0 0 0 0 0
2 0 0 0 0 0 0
3 0 0 0 0 0 0
3 0 0 0 0 0 0
4 0 0 0 0 0 0
1 0 0 0 0 0 0
1 0 0 0 0 0 0
4 0 0 0 0 0 0
3 0 0 0 0 0 0
4 0 0 0 0 0 0
3 0 0 0 0 0 0
2 0 0 0 0 0 0
1 0 0 0 0 0 0
2 0 0 0 0 0 0
1 0 0 0 0 0 0
3 0 0 0 0 0 0
2 0 0 0 0 0 0
2 0 0 0 0 0 0
3 0 0 0 0 0 0
4 0 0 0 0 0 0
4 0 0 0 0 0 0
1 0 0 0 0 0 0
1 0 0 0 0 0 0
2 0 0 0 0 0 0
4 0 0 0 0 0 0
2 0 0 0 0 0 0
4 0 0 0 0 0 0
3 0 0 0 0 0 0
1 0 0 0 0 0 0
3 0 0 0 0 0 0
1 0 0 0 0 0 0
4 0 0 0 0 0 0
4 0 0 0 0 0 0
2 0 0 0 0 0 0
2 0 0 0 0 0 0
3 0 0 0 0 0 0
1 0 0 0 0 0 0
3 0 0 0 0 0 0
1 0 0 0 0 0 0
1 0 0 0 0 0 0
2 0 0 0 0 0 0
2 0 0 0 0 0 0
3 0 0 0 0 0 0
4 0 0 0 0 0 0
3 0 0 0 0 0 0
4 0 0 0 0 0 0
1 0 0 0 0 0 0
1 0 0 0 0 0 0
2 0 0 0 0 0 0
3 0 0 0 0 0 0
2 0 0 0 0 0 0
3 0 0 0 0 0 0
4 0 0 0 0 0 0
4 0 0 0 0 0 0
1 0 0 0 0 0 0
3 0 0 0 0 0 0
2 0 0 0 0 0 0
1 0 0 0 0 0 0
4 0 0 0 0 0 0

3 0 0 0 0 0 0
1 0 0 0 0 0 0
4 0 0 0 0 0 0
2 0 0 0 0 0 0
1 0 0 0 0 0 0
3 0 0 0 0 0 0
4 0 0 0 0 0 0
2 0 0 0 0 0 0
1 0 0 0 0 0 0
4 0 0 0 0 0 0
3 0 0 0 0 0 0
2 0 0 0 0 0 0
4 0 0 0 0 0 0
3 0 0 0 0 0 0
3 0 0 0 0 0 0
2 0 0 0 0 0 0
1 0 0 0 0 0 0
1 0 0 0 0 0 0
3 0 0 0 0 0 0
3 0 0 0 0 0 0
2 0 0 0 0 0 0
1 0 0 0 0 0 0
2 0 0 0 0 0 0
1 0 0 0 0 0 0
4 0 0 0 0 0 0
4 0 0 0 0 0 0
4 0 0 0 0 0 0
3 0 0 0 0 0 0
4 0 0 0 0 0 0
3 0 0 0 0 0 0
4 0 0 0 0 0 0
2 0 0 0 0 0 0
1 0 0 0 0 0 0
2 0 0 0 0 0 0
1 0 0 0 0 0 0
2 0 0 0 0 0 0
1 0 0 0 0 0 0
4 0 0 0 0 0 0
4 0 0 0 0 0 0
3 0 0 0 0 0 0
1 0 0 0 0 0 0
3 0 0 0 0 0 0
2 0 0 0 0 0 0
4 0 0 0 0 0 0
3 0 0 0 0 0 0
3 0 0 0 0 0 0
4 0 0 0 0 0 0
1 0 0 0 0 0 0
2 0 0 0 0 0 0
2 0 0 0 0 0 0
1 0 0 0 0 0 0
3 0 0 0 0 0 0
4 0 0 0 0 0 0
3 0 0 0 0 0 0
4 0 0 0 0 0 0
3 0 0 0 0 0 0
4 0 0 0 0 0 0
3 0 0 0 0 0 0
4 0 0 0 0 0 0
2 0 0 0 0 0 0
1 0 0 0 0 0 0
2 0 0 0 0 0 0
1 0 0 0 0 0 0
2 0 0 0 0 0 0
1 0 0 0 0 0 0
2 0 0 0 0 0 0
1 0 0 0 0 0 0
2 0 0 0 0 0 0
4 0 0 0 0 0 0
4 0 0 0 0 0 0
2 0 0 0 0 0 0
3 0 0 0 0 0 0
3 0 0 0 0 0 0
1 0 0 0 0 0 0
1 0 0 0 0 0 0
3 0 0 0 0 0 0
1 0 0 0 0 0 0
4 0 0 0 0 0 0
2 0 0 0 0 0 0
2 0 0 0 0 0 0

4 0 0 0 0 0 0
2 0 0 0 0 0 0
3 0 0 0 0 0 0
1 0 0 0 0 0 0
3 0 0 0 0 0 0
4 0 0 0 0 0 0
2 0 0 0 0 0 0
1 0 0 0 0 0 0
2 0 0 0 0 0 0
2 0 0 0 0 0 0
1 0 0 0 0 0 0
1 0 0 0 0 0 0
3 0 0 0 0 0 0
4 0 0 0 0 0 0
3 0 0 0 0 0 0
4 0 0 0 0 0 0
2 0 0 0 0 0 0
1 0 0 0 0 0 0
1 0 0 0 0 0 0
2 0 0 0 0 0 0
2 0 0 0 0 0 0
3 0 0 0 0 0 0
3 0 0 0 0 0 0
3 0 0 0 0 0 0
4 0 0 0 0 0 0
4 0 0 0 0 0 0
4 0 0 0 0 0 0
4 0 0 0 0 0 0
2 0 0 0 0 0 0
2 0 0 0 0 0 0
3 0 0 0 0 0 0
4 0 0 0 0 0 0
3 0 0 0 0 0 0
1 0 0 0 0 0 0
1 0 0 0 0 0 0
1 0 0 0 0 0 0
4 0 0 0 0 0 0
1 0 0 0 0 0 0
3 0 0 0 0 0 0
3 0 0 0 0 0 0
2 0 0 0 0 0 0
1 0 0 0 0 0 0
2 0 0 0 0 0 0
4 0 0 0 0 0 0
4 0 0 0 0 0 0
4 0 0 0 0 0 0
1 0 0 0 0 0 0
3 0 0 0 0 0 0
1 0 0 0 0 0 0
3 0 0 0 0 0 0
2 0 0 0 0 0 0
2 0 0 0 0 0 0
2 0 0 0 0 0 0
3 0 0 0 0 0 0
3 0 0 0 0 0 0
1 0 0 0 0 0 0
4 0 0 0 0 0 0
1 0 0 0 0 0 0
4 0 0 0 0 0 0
2 0 0 0 0 0 0
1 0 0 0 0 0 0
1 0 0 0 0 0 0
3 0 0 0 0 0 0
3 0 0 0 0 0 0
4 0 0 0 0 0 0
4 0 0 0 0 0 0
2 0 0 0 0 0 0
2 0 0 0 0 0 0
2 0 0 0 0 0 0
3 0 0 0 0 0 0
3 0 0 0 0 0 0
4 0 0 0 0 0 0
4 0 0 0 0 0 0
2 0 0 0 0 0 0
1 0 0 0 0 0 0
1 0 0 0 0 0 0
4 0 0 0 0 0 0
1 0 0 0 0 0 0
3 0 0 0 0 0 0
2 0 0 0 0 0 0

4 642 8126 924 1712 2042 2094
1 0 0 0 0 0 0
3 0 0 0 0 0 0
2 0 0 0 0 0 0
3 -262 -7286 -2788 2371 -1426 -648
4 0 0 0 0 0 0
2 0 0 0 0 0 0
1 0 0 0 0 0 0
2 0 0 0 0 0 0
4 0 0 0 0 0 0
3 0 0 0 0 0 0
2 0 0 0 0 0 0
1 0 0 0 0 0 0
3 0 0 0 0 0 0
4 0 0 0 0 0 0
1 0 0 0 0 0 0
1 0 0 0 0 0 0
3 0 0 0 0 0 0
2 0 0 0 0 0 0
3 0 0 0 0 0 0
2 0 0 0 0 0 0
3 0 0 0 0 0 0
2 0 0 0 0 0 0
1 0 0 0 0 0 0
1 0 0 0 0 0 0
4 0 0 0 0 0 0
4 0 0 0 0 0 0
4 0 0 0 0 0 0
4 0 0 0 0 0 0
4 0 0 0 0 0 0
2 0 0 0 0 0 0
2 0 0 0 0 0 0
3 0 0 0 0 0 0
3 0 0 0 0 0 0
1 0 0 0 0 0 0
1 0 0 0 0 0 0
1 0 0 0 0 0 0
4 0 0 0 0 0 0
2 0 0 0 0 0 0
3 0 0 0 0 0 0
2 0 0 0 0 0 0
3 0 0 0 0 0 0
4 0 0 0 0 0 0
1 0 0 0 0 0 0
1 0 0 0 0 0 0
1 0 0 0 0 0 0
2 0 0 0 0 0 0
2 0 0 0 0 0 0
3 0 0 0 0 0 0
3 0 0 0 0 0 0
4 0 0 0 0 0 0
4 0 0 0 0 0 0
4 0 0 0 0 0 0
1 0 0 0 0 0 0
3 0 0 0 0 0 0
4 0 0 0 0 0 0
2 0 0 0 0 0 0
2 0 0 0 0 0 0
3 0 0 0 0 0 0
1 0 0 0 0 0 0
3 0 0 0 0 0 0
3 0 0 0 0 0 0
1 0 0 0 0 0 0
4 0 0 0 0 0 0
2 0 0 0 0 0 0
2 0 0 0 0 0 0
4 0 0 0 0 0 0
1 0 0 0 0 0 0
2 0 0 0 0 0 0
1 0 0 0 0 0 0
2 0 0 0 0 0 0
1 92 -9096 -3216 101 -3861 -1061
3 0 0 0 0 0 0
4 0 0 0 0 0 0
3 0 0 0 0 0 0
4 0 0 0 0 0 0
1 0 0 0 0 0 0
2 0 0 0 0 0 0
4 0 0 0 0 0 0
3 0 0 0 0 0 0

2 0 0 0 0 0 0
3 0 0 0 0 0 0
1 392 -8348 -3642 -676 -1232 -9
4 240 7796 -1374 -1437 3627 821
4 0 0 0 0 0 0
3 0 0 0 0 0 0
3 0 0 0 0 0 0
1 0 0 0 0 0 0
2 0 0 0 0 0 0
2 686 8728 556 -1416 767 -163
2 0 0 0 0 0 0
2 0 0 0 0 0 0
4 0 0 0 0 0 0
3 0 0 0 0 0 0
4 0 0 0 0 0 0
3 0 0 0 0 0 0
1 0 0 0 0 0 0
1 0 0 0 0 0 0
1 0 0 0 0 0 0
3 0 0 0 0 0 0
3 0 0 0 0 0 0
2 0 0 0 0 0 0
2 0 0 0 0 0 0
4 0 0 0 0 0 0
4 0 0 0 0 0 0
4 0 0 0 0 0 0
1 0 0 0 0 0 0
1 0 0 0 0 0 0
2 0 0 0 0 0 0
2 0 0 0 0 0 0
1 0 0 0 0 0 0
1 0 0 0 0 0 0
4 0 0 0 0 0 0
4 0 0 0 0 0 0
3 0 0 0 0 0 0
3 0 0 0 0 0 0
3 0 0 0 0 0 0
3 92 -7170 -4776 -3625 -9720 -4152
1 0 0 0 0 0 0
2 0 0 0 0 0 0
2 0 0 0 0 0 0
1 0 0 0 0 0 0
4 0 0 0 0 0 0
4 186 7934 -1660 1217 -6368 953
3 0 0 0 0 0 0
1 0 0 0 0 0 0
2 0 0 0 0 0 0
4 0 0 0 0 0 0
3 -1448 -5798 -5026 -1705 -608 -49
1 0 0 0 0 0 0
2 0 0 0 0 0 0
4 0 0 0 0 0 0
4 -522 7922 -1550 697 -1265 -774
2 0 0 0 0 0 0
3 0 0 0 0 0 0
4 0 0 0 0 0 0
3 0 0 0 0 0 0
2 0 0 0 0 0 0
1 0 0 0 0 0 0
1 0 0 0 0 0 0
1 0 0 0 0 0 0
2 0 0 0 0 0 0
3 0 0 0 0 0 0
4 0 0 0 0 0 0
4 0 0 0 0 0 0
2 0 0 0 0 0 0
1 0 0 0 0 0 0
3 0 0 0 0 0 0
1 0 0 0 0 0 0
2 0 0 0 0 0 0
3 0 0 0 0 0 0
4 0 0 0 0 0 0
4 0 0 0 0 0 0
2 0 0 0 0 0 0
3 0 0 0 0 0 0
1 0 0 0 0 0 0
2 0 0 0 0 0 0
1 0 0 0 0 0 0
4 0 0 0 0 0 0
3 0 0 0 0 0 0

4 0 0 0 0 0 0
2 826 8442 746 -1548 845 -1530
3 0 0 0 0 0 0
1 656 -7524 -3130 -1444 -1474 308
4 0 0 0 0 0 0
2 0 0 0 0 0 0
2 0 0 0 0 0 0
1 0 0 0 0 0 0
3 0 0 0 0 0 0
4 0 0 0 0 0 0
3 0 0 0 0 0 0
2 0 0 0 0 0 0
2 0 0 0 0 0 0
3 0 0 0 0 0 0
3 0 0 0 0 0 0
4 0 0 0 0 0 0
4 0 0 0 0 0 0
1 0 0 0 0 0 0
1 0 0 0 0 0 0
1 0 0 0 0 0 0
2 530 7400 704 3012 2165 1568
2 0 0 0 0 0 0
1 0 0 0 0 0 0
1 434 -7322 -3198 -1505 -3327 -426
4 0 0 0 0 0 0
4 0 0 0 0 0 0
3 0 0 0 0 0 0
3 0 0 0 0 0 0
2 0 0 0 0 0 0
1 0 0 0 0 0 0
3 0 0 0 0 0 0
1 0 0 0 0 0 0
4 0 0 0 0 0 0
3 0 0 0 0 0 0
4 0 0 0 0 0 0
2 0 0 0 0 0 0
3 0 0 0 0 0 0
2 0 0 0 0 0 0
2 0 0 0 0 0 0
1 0 0 0 0 0 0
3 0 0 0 0 0 0
1 0 0 0 0 0 0
4 264 7728 -2440 818 385 -243
4 0 0 0 0 0 0
4 0 0 0 0 0 0
3 0 0 0 0 0 0
3 0 0 0 0 0 0
2 1752 8250 1044 -1484 1795 -218
2 0 0 0 0 0 0
1 0 0 0 0 0 0
1 0 0 0 0 0 0
4 0 0 0 0 0 0
4 0 0 0 0 0 0
1 0 0 0 0 0 0
1 638 -7680 -2996 -2003 3694 1845
3 0 0 0 0 0 0
3 0 0 0 0 0 0
2 0 0 0 0 0 0
2 0 0 0 0 0 0
4 0 0 0 0 0 0
1 200 -7210 -3316 -749 1923 790
4 0 0 0 0 0 0
4 -386 7960 -1848 39 132 -91
3 0 0 0 0 0 0
3 0 0 0 0 0 0
1 0 0 0 0 0 0
2 0 0 0 0 0 0
2 1050 9010 1068 2276 -2804 1412
1 0 0 0 0 0 0
3 0 0 0 0 0 0
3 0 0 0 0 0 0
2 0 0 0 0 0 0
2 0 0 0 0 0 0
1 0 0 0 0 0 0
4 0 0 0 0 0 0
4 0 0 0 0 0 0
2 1022 7200 800 -2684 1725 -1827
1 0 0 0 0 0 0
3 0 0 0 0 0 0
4 0 0 0 0 0 0

2 1230 7150 810 -584 3551 -934
4 0 0 0 0 0 0
3 0 0 0 0 0 0
1 132 -6724 -3084 -388 4239 1012
3 0 0 0 0 0 0
4 0 0 0 0 0 0
1 0 0 0 0 0 0
2 1526 9256 1004 -612 773 224
2 0 0 0 0 0 0
2 0 0 0 0 0 0
1 0 0 0 0 0 0
1 0 0 0 0 0 0
1 0 0 0 0 0 0
3 0 0 0 0 0 0
3 0 0 0 0 0 0
3 0 0 0 0 0 0
2 0 0 0 0 0 0
4 0 0 0 0 0 0
4 0 0 0 0 0 0
4 0 0 0 0 0 0
3 0 0 0 0 0 0
1 0 0 0 0 0 0
2 0 0 0 0 0 0
2 0 0 0 0 0 0
1 0 0 0 0 0 0
3 0 0 0 0 0 0
2 0 0 0 0 0 0
3 0 0 0 0 0 0
1 0 0 0 0 0 0
4 0 0 0 0 0 0
4 0 0 0 0 0 0
4 0 0 0 0 0 0
4 0 0 0 0 0 0
2 0 0 0 0 0 0
3 0 0 0 0 0 0
1 0 0 0 0 0 0
3 0 0 0 0 0 0
1 0 0 0 0 0 0
1 0 0 0 0 0 0
3 0 0 0 0 0 0
2 0 0 0 0 0 0
2 0 0 0 0 0 0
3 0 0 0 0 0 0
3 0 0 0 0 0 0
2 0 0 0 0 0 0
2 0 0 0 0 0 0
1 0 0 0 0 0 0
4 0 0 0 0 0 0
1 0 0 0 0 0 0
4 0 0 0 0 0 0
4 0 0 0 0 0 0
4 0 0 0 0 0 0
3 0 0 0 0 0 0
3 0 0 0 0 0 0
4 0 0 0 0 0 0
1 972 -8630 -3786 958 -3621 -1318
4 0 0 0 0 0 0
1 0 0 0 0 0 0
2 0 0 0 0 0 0
2 0 0 0 0 0 0
2 0 0 0 0 0 0
3 0 0 0 0 0 0
3 0 0 0 0 0 0
2 0 0 0 0 0 0
1 0 0 0 0 0 0
1 0 0 0 0 0 0
4 0 0 0 0 0 0
4 0 0 0 0 0 0
1 0 0 0 0 0 0
2 0 0 0 0 0 0
1 0 0 0 0 0 0
2 0 0 0 0 0 0
3 0 0 0 0 0 0
4 0 0 0 0 0 0
3 0 0 0 0 0 0
4 0 0 0 0 0 0
1 0 0 0 0 0 0
3 0 0 0 0 0 0
4 0 0 0 0 0 0
2 0 0 0 0 0 0

4 0 0 0 0 0 0
2 454 7842 596 1447 1794 60
3 0 0 0 0 0 0
1 1992 -7572 -3864 28 14298 3027
3 0 0 0 0 0 0
1 1210 -7534 -3604 -449 1613 641
2 0 0 0 0 0 0
4 0 0 0 0 0 0
3 0 0 0 0 0 0
1 0 0 0 0 0 0
4 0 0 0 0 0 0
4 0 0 0 0 0 0
1 0 0 0 0 0 0
4 0 0 0 0 0 0
2 0 0 0 0 0 0
2 0 0 0 0 0 0
2 0 0 0 0 0 0
1 0 0 0 0 0 0
3 0 0 0 0 0 0
3 0 0 0 0 0 0
2 700 8372 698 -118 611 309
4 0 0 0 0 0 0
1 0 0 0 0 0 0
2 0 0 0 0 0 0
4 0 0 0 0 0 0
1 0 0 0 0 0 0
3 0 0 0 0 0 0
3 0 0 0 0 0 0
3 0 0 0 0 0 0
4 0 0 0 0 0 0
1 0 0 0 0 0 0
1 0 0 0 0 0 0
4 0 0 0 0 0 0
2 0 0 0 0 0 0
2 0 0 0 0 0 0
3 0 0 0 0 0 0
3 0 0 0 0 0 0
1 0 0 0 0 0 0
2 0 0 0 0 0 0
1 0 0 0 0 0 0
2 0 0 0 0 0 0
4 0 0 0 0 0 0
4 0 0 0 0 0 0
3 0 0 0 0 0 0
4 0 0 0 0 0 0
2 0 0 0 0 0 0
1 0 0 0 0 0 0
2 0 0 0 0 0 0
4 0 0 0 0 0 0
1 0 0 0 0 0 0
3 0 0 0 0 0 0
3 0 0 0 0 0 0
2 0 0 0 0 0 0
3 0 0 0 0 0 0
2 -58 7852 858 368 -206 -346
3 0 0 0 0 0 0
4 0 0 0 0 0 0
1 0 0 0 0 0 0
4 0 0 0 0 0 0
1 0 0 0 0 0 0
3 0 0 0 0 0 0
3 0 0 0 0 0 0
2 0 0 0 0 0 0
2 0 0 0 0 0 0
4 0 0 0 0 0 0
4 0 0 0 0 0 0
1 0 0 0 0 0 0
1 0 0 0 0 0 0
4 0 0 0 0 0 0
3 0 0 0 0 0 0
3 0 0 0 0 0 0
4 0 0 0 0 0 0
2 0 0 0 0 0 0
2 0 0 0 0 0 0
1 0 0 0 0 0 0
1 0 0 0 0 0 0
1 0 0 0 0 0 0
4 0 0 0 0 0 0
2 0 0 0 0 0 0
3 0 0 0 0 0 0

4 0 0 0 0 0 0
3 0 0 0 0 0 0
2 0 0 0 0 0 0
1 0 0 0 0 0 0
3 0 0 0 0 0 0
4 0 0 0 0 0 0
2 0 0 0 0 0 0
1 0 0 0 0 0 0
3 0 0 0 0 0 0
4 0 0 0 0 0 0
4 0 0 0 0 0 0
4 0 0 0 0 0 0
2 0 0 0 0 0 0
2 0 0 0 0 0 0
2 0 0 0 0 0 0
1 0 0 0 0 0 0
1 0 0 0 0 0 0
1 0 0 0 0 0 0
3 0 0 0 0 0 0
3 0 0 0 0 0 0
4 0 0 0 0 0 0
2 0 0 0 0 0 0
3 0 0 0 0 0 0
1 0 0 0 0 0 0
1 0 0 0 0 0 0
3 0 0 0 0 0 0
4 0 0 0 0 0 0
2 0 0 0 0 0 0
1 0 0 0 0 0 0
4 0 0 0 0 0 0
4 0 0 0 0 0 0
1 0 0 0 0 0 0
2 0 0 0 0 0 0
2 0 0 0 0 0 0
3 0 0 0 0 0 0
3 0 0 0 0 0 0
4 0 0 0 0 0 0
2 0 0 0 0 0 0
2 0 0 0 0 0 0
1 0 0 0 0 0 0
1 0 0 0 0 0 0
4 0 0 0 0 0 0
4 0 0 0 0 0 0
1 0 0 0 0 0 0
3 0 0 0 0 0 0
3 0 0 0 0 0 0
3 0 0 0 0 0 0
4 0 0 0 0 0 0
3 0 0 0 0 0 0
1 0 0 0 0 0 0
2 0 0 0 0 0 0
2 0 0 0 0 0 0
4 0 0 0 0 0 0
3 0 0 0 0 0 0
3 0 0 0 0 0 0
2 0 0 0 0 0 0
2 0 0 0 0 0 0
4 0 0 0 0 0 0
1 0 0 0 0 0 0
1 0 0 0 0 0 0
2 0 0 0 0 0 0
1 0 0 0 0 0 0
3 0 0 0 0 0 0
2 0 0 0 0 0 0
4 0 0 0 0 0 0
3 0 0 0 0 0 0
1 0 0 0 0 0 0
4 0 0 0 0 0 0
4 0 0 0 0 0 0
4 0 0 0 0 0 0
2 0 0 0 0 0 0
2 0 0 0 0 0 0
3 0 0 0 0 0 0
3 0 0 0 0 0 0
1 0 0 0 0 0 0
1 0 0 0 0 0 0
2 0 0 0 0 0 0
1 0 0 0 0 0 0
3 0 0 0 0 0 0
4 0 0 0 0 0 0

1 888 -7242 -3850 1654 1845 -589
3 0 0 0 0 0 0
4 0 0 0 0 0 0
2 0 0 0 0 0 0
2 0 0 0 0 0 0
3 0 0 0 0 0 0
1 0 0 0 0 0 0
4 0 0 0 0 0 0
3 0 0 0 0 0 0
3 0 0 0 0 0 0
3 0 0 0 0 0 0
2 0 0 0 0 0 0
2 0 0 0 0 0 0
4 0 0 0 0 0 0
4 0 0 0 0 0 0
1 0 0 0 0 0 0
1 0 0 0 0 0 0
1 0 0 0 0 0 0
2 0 0 0 0 0 0
4 0 0 0 0 0 0
3 0 0 0 0 0 0
4 0 0 0 0 0 0
2 0 0 0 0 0 0
3 0 0 0 0 0 0
2 0 0 0 0 0 0
1 0 0 0 0 0 0
1 0 0 0 0 0 0
4 0 0 0 0 0 0
1 0 0 0 0 0 0
2 0 0 0 0 0 0
4 0 0 0 0 0 0
1 0 0 0 0 0 0
2 0 0 0 0 0 0
3 0 0 0 0 0 0
3 0 0 0 0 0 0
4 0 0 0 0 0 0
4 0 0 0 0 0 0
4 0 0 0 0 0 0
1 0 0 0 0 0 0
2 0 0 0 0 0 0
1 0 0 0 0 0 0
2 0 0 0 0 0 0
3 0 0 0 0 0 0
3 0 0 0 0 0 0
1 0 0 0 0 0 0
1 0 0 0 0 0 0
2 0 0 0 0 0 0
2 0 0 0 0 0 0
4 0 0 0 0 0 0
4 0 0 0 0 0 0
3 0 0 0 0 0 0
3 0 0 0 0 0 0
2 0 0 0 0 0 0
4 0 0 0 0 0 0
2 0 0 0 0 0 0
4 0 0 0 0 0 0
1 0 0 0 0 0 0
3 0 0 0 0 0 0
1 0 0 0 0 0 0
3 0 0 0 0 0 0
2 0 0 0 0 0 0
3 0 0 0 0 0 0
3 0 0 0 0 0 0
2 0 0 0 0 0 0
4 0 0 0 0 0 0
4 0 0 0 0 0 0
1 0 0 0 0 0 0
1 0 0 0 0 0 0
2 0 0 0 0 0 0
2 0 0 0 0 0 0
4 0 0 0 0 0 0
4 0 0 0 0 0 0
3 0 0 0 0 0 0
3 0 0 0 0 0 0
1 0 0 0 0 0 0
1 0 0 0 0 0 0
2 0 0 0 0 0 0
4 0 0 0 0 0 0
1 0 0 0 0 0 0
3 0 0 0 0 0 0

2 0 0 0 0 0 0
1 0 0 0 0 0 0
4 0 0 0 0 0 0
3 0 0 0 0 0 0
4 0 0 0 0 0 0
1 0 0 0 0 0 0
1 0 0 0 0 0 0
3 0 0 0 0 0 0
2 0 0 0 0 0 0
2 0 0 0 0 0 0
2 0 0 0 0 0 0
3 0 0 0 0 0 0
3 0 0 0 0 0 0
1 0 0 0 0 0 0
1 0 0 0 0 0 0
4 0 0 0 0 0 0
4 0 0 0 0 0 0
4 0 0 0 0 0 0
1 0 0 0 0 0 0
4 0 0 0 0 0 0
1 0 0 0 0 0 0
3 0 0 0 0 0 0
3 0 0 0 0 0 0
4 0 0 0 0 0 0
2 0 0 0 0 0 0
2 0 0 0 0 0 0
2 0 0 0 0 0 0
1 0 0 0 0 0 0
1 0 0 0 0 0 0
2 0 0 0 0 0 0
3 0 0 0 0 0 0
2 0 0 0 0 0 0
3 0 0 0 0 0 0
3 0 0 0 0 0 0
4 0 0 0 0 0 0
4 0 0 0 0 0 0
1 0 0 0 0 0 0
2 0 0 0 0 0 0
1 0 0 0 0 0 0
2 0 0 0 0 0 0
3 0 0 0 0 0 0
4 -34 8068 -1444 650 -3106 370
3 0 0 0 0 0 0
4 0 0 0 0 0 0
2 0 0 0 0 0 0
3 0 0 0 0 0 0
2 0 0 0 0 0 0
3 0 0 0 0 0 0
1 0 0 0 0 0 0
1 0 0 0 0 0 0
4 0 0 0 0 0 0
4 0 0 0 0 0 0
2 0 0 0 0 0 0
3 0 0 0 0 0 0
2 0 0 0 0 0 0
3 0 0 0 0 0 0
4 0 0 0 0 0 0
1 0 0 0 0 0 0
4 0 0 0 0 0 0
1 0 0 0 0 0 0
3 0 0 0 0 0 0
3 0 0 0 0 0 0
2 0 0 0 0 0 0
2 0 0 0 0 0 0
4 0 0 0 0 0 0
4 0 0 0 0 0 0
1 0 0 0 0 0 0
1 0 0 0 0 0 0
3 0 0 0 0 0 0
4 0 0 0 0 0 0
2 0 0 0 0 0 0
1 0 0 0 0 0 0
3 0 0 0 0 0 0
4 0 0 0 0 0 0
1 0 0 0 0 0 0
2 0 0 0 0 0 0
4 0 0 0 0 0 0
1 0 0 0 0 0 0
2 0 0 0 0 0 0
3 0 0 0 0 0 0

1 0 0 0 0 0 0
2 0 0 0 0 0 0
3 0 0 0 0 0 0
4 0 0 0 0 0 0
1 0 0 0 0 0 0
3 0 0 0 0 0 0
4 0 0 0 0 0 0
1 0 0 0 0 0 0
2 0 0 0 0 0 0
3 0 0 0 0 0 0
2 0 0 0 0 0 0
2 0 0 0 0 0 0
2 0 0 0 0 0 0
4 0 0 0 0 0 0
4 0 0 0 0 0 0
1 0 0 0 0 0 0
3 0 0 0 0 0 0
3 0 0 0 0 0 0
4 0 0 0 0 0 0
1 0 0 0 0 0 0
3 0 0 0 0 0 0
3 0 0 0 0 0 0
1 0 0 0 0 0 0
1 0 0 0 0 0 0
2 0 0 0 0 0 0
2 0 0 0 0 0 0
4 0 0 0 0 0 0
4 0 0 0 0 0 0
2 0 0 0 0 0 0
1 0 0 0 0 0 0
2 0 0 0 0 0 0
1 0 0 0 0 0 0
3 0 0 0 0 0 0
4 0 0 0 0 0 0
3 0 0 0 0 0 0
4 0 0 0 0 0 0
1 0 0 0 0 0 0
3 0 0 0 0 0 0
3 0 0 0 0 0 0
1 0 0 0 0 0 0
2 0 0 0 0 0 0
2 0 0 0 0 0 0
4 0 0 0 0 0 0
4 0 0 0 0 0 0
3 0 0 0 0 0 0
4 0 0 0 0 0 0
2 0 0 0 0 0 0
2 0 0 0 0 0 0
1 0 0 0 0 0 0
4 0 0 0 0 0 0
1 0 0 0 0 0 0
3 0 0 0 0 0 0
3 0 0 0 0 0 0
3 0 0 0 0 0 0
4 0 0 0 0 0 0
4 0 0 0 0 0 0
1 0 0 0 0 0 0
1 0 0 0 0 0 0
2 0 0 0 0 0 0
2 506 8100 912 -252 2442 -132
3 0 0 0 0 0 0
2 1634 8540 1066 -424 365 -86
1 0 0 0 0 0 0
2 0 0 0 0 0 0
4 0 0 0 0 0 0
3 0 0 0 0 0 0
1 0 0 0 0 0 0
4 0 0 0 0 0 0
4 0 0 0 0 0 0
3 0 0 0 0 0 0
1 0 0 0 0 0 0
4 0 0 0 0 0 0
2 1194 7654 1332 2065 2834 707
2 0 0 0 0 0 0
3 0 0 0 0 0 0
1 540 -7446 -3180 96 -912 13
2 0 0 0 0 0 0
3 0 0 0 0 0 0
1 0 0 0 0 0 0
4 0 0 0 0 0 0

4 0 0 0 0 0 0
1 0 0 0 0 0 0
2 0 0 0 0 0 0
3 0 0 0 0 0 0
3 0 0 0 0 0 0
2 0 0 0 0 0 0
1 0 0 0 0 0 0
4 0 0 0 0 0 0
4 0 0 0 0 0 0
3 0 0 0 0 0 0
1 0 0 0 0 0 0
2 0 0 0 0 0 0
4 0 0 0 0 0 0
3 0 0 0 0 0 0
2 0 0 0 0 0 0
1 0 0 0 0 0 0
3 0 0 0 0 0 0
2 0 0 0 0 0 0
4 0 0 0 0 0 0
1 0 0 0 0 0 0
4 0 0 0 0 0 0
2 0 0 0 0 0 0
3 0 0 0 0 0 0
1 0 0 0 0 0 0
2 0 0 0 0 0 0
3 0 0 0 0 0 0
4 0 0 0 0 0 0
1 0 0 0 0 0 0
4 0 0 0 0 0 0
1 0 0 0 0 0 0
3 0 0 0 0 0 0
4 0 0 0 0 0 0
3 0 0 0 0 0 0
1 0 0 0 0 0 0
2 0 0 0 0 0 0
2 0 0 0 0 0 0
1 0 0 0 0 0 0
3 0 0 0 0 0 0
4 0 0 0 0 0 0
3 0 0 0 0 0 0
4 0 0 0 0 0 0
2 0 0 0 0 0 0
2 0 0 0 0 0 0
1 0 0 0 0 0 0
3 0 0 0 0 0 0
1 0 0 0 0 0 0
3 0 0 0 0 0 0
1 0 0 0 0 0 0
4 0 0 0 0 0 0
4 0 0 0 0 0 0
2 0 0 0 0 0 0
2 0 0 0 0 0 0
1 0 0 0 0 0 0
1 0 0 0 0 0 0
2 0 0 0 0 0 0
2 0 0 0 0 0 0
3 0 0 0 0 0 0
3 0 0 0 0 0 0
4 0 0 0 0 0 0
4 0 0 0 0 0 0
2 0 0 0 0 0 0
1 0 0 0 0 0 0
3 0 0 0 0 0 0
1 0 0 0 0 0 0
4 0 0 0 0 0 0
4 0 0 0 0 0 0
3 0 0 0 0 0 0
2 0 0 0 0 0 0
2 0 0 0 0 0 0
1 0 0 0 0 0 0
1 0 0 0 0 0 0
4 0 0 0 0 0 0
4 0 0 0 0 0 0
3 0 0 0 0 0 0
3 0 0 0 0 0 0
2 0 0 0 0 0 0
4 0 0 0 0 0 0
2 0 0 0 0 0 0
3 0 0 0 0 0 0
1 0 0 0 0 0 0

1 0 0 0 0 0 0
4 0 0 0 0 0 0
2 0 0 0 0 0 0
3 0 0 0 0 0 0
1 0 0 0 0 0 0
4 0 0 0 0 0 0
4 0 0 0 0 0 0
1 0 0 0 0 0 0
2 0 0 0 0 0 0
2 0 0 0 0 0 0
3 0 0 0 0 0 0
3 0 0 0 0 0 0
4 0 0 0 0 0 0
3 0 0 0 0 0 0
4 0 0 0 0 0 0
3 0 0 0 0 0 0
2 0 0 0 0 0 0
2 0 0 0 0 0 0
1 0 0 0 0 0 0
1 0 0 0 0 0 0
2 0 0 0 0 0 0
3 0 0 0 0 0 0
2 0 0 0 0 0 0
3 0 0 0 0 0 0
1 0 0 0 0 0 0
4 0 0 0 0 0 0
1 0 0 0 0 0 0
4 0 0 0 0 0 0
3 0 0 0 0 0 0
2 0 0 0 0 0 0
2 0 0 0 0 0 0
4 0 0 0 0 0 0
1 0 0 0 0 0 0
4 0 0 0 0 0 0
1 0 0 0 0 0 0
3 0 0 0 0 0 0
3 0 0 0 0 0 0
3 0 0 0 0 0 0
1 0 0 0 0 0 0
1 0 0 0 0 0 0
1 0 0 0 0 0 0
4 0 0 0 0 0 0
4 0 0 0 0 0 0
2 0 0 0 0 0 0
2 0 0 0 0 0 0
2 0 0 0 0 0 0
3 0 0 0 0 0 0
4 0 0 0 0 0 0
1 0 0 0 0 0 0
4 0 0 0 0 0 0
2 0 0 0 0 0 0
4 0 0 0 0 0 0
2 0 0 0 0 0 0
4 0 0 0 0 0 0
2 0 0 0 0 0 0
1 0 0 0 0 0 0
1 0 0 0 0 0 0
3 0 0 0 0 0 0
3 0 0 0 0 0 0
3 0 0 0 0 0 0
2 0 0 0 0 0 0
4 0 0 0 0 0 0
2 0 0 0 0 0 0
4 0 0 0 0 0 0
3 0 0 0 0 0 0
1 0 0 0 0 0 0
3 0 0 0 0 0 0
1 0 0 0 0 0 0
2 0 0 0 0 0 0
4 0 0 0 0 0 0
2 0 0 0 0 0 0
4 0 0 0 0 0 0
3 0 0 0 0 0 0
3 0 0 0 0 0 0
1 0 0 0 0 0 0
1 0 0 0 0 0 0
2 0 0 0 0 0 0
4 0 0 0 0 0 0
1 0 0 0 0 0 0
3 0 0 0 0 0 0

2 0 0 0 0 0 0
4 0 0 0 0 0 0
3 0 0 0 0 0 0
1 0 0 0 0 0 0
3 0 0 0 0 0 0
4 0 0 0 0 0 0
2 0 0 0 0 0 0
1 0 0 0 0 0 0
3 0 0 0 0 0 0
2 0 0 0 0 0 0
4 0 0 0 0 0 0
2 0 0 0 0 0 0
3 0 0 0 0 0 0
1 0 0 0 0 0 0
4 0 0 0 0 0 0
3 0 0 0 0 0 0
2 0 0 0 0 0 0
4 0 0 0 0 0 0
1 0 0 0 0 0 0
3 0 0 0 0 0 0
4 0 0 0 0 0 0
2 0 0 0 0 0 0
1 0 0 0 0 0 0
4 0 0 0 0 0 0
3 0 0 0 0 0 0
2 0 0 0 0 0 0
1 0 0 0 0 0 0
4 0 0 0 0 0 0
4 0 0 0 0 0 0
1 0 0 0 0 0 0
2 0 0 0 0 0 0
1 0 0 0 0 0 0
3 0 0 0 0 0 0
3 0 0 0 0 0 0
2 0 0 0 0 0 0
2 0 0 0 0 0 0
2 0 0 0 0 0 0
3 0 0 0 0 0 0
3 0 0 0 0 0 0
1 0 0 0 0 0 0
1 0 0 0 0 0 0
4 0 0 0 0 0 0
4 0 0 0 0 0 0
3 0 0 0 0 0 0
4 0 0 0 0 0 0
4 0 0 0 0 0 0
3 0 0 0 0 0 0
1 0 0 0 0 0 0
2 0 0 0 0 0 0
1 0 0 0 0 0 0
2 0 0 0 0 0 0
2 0 0 0 0 0 0
4 0 0 0 0 0 0
4 0 0 0 0 0 0
2 0 0 0 0 0 0
1 0 0 0 0 0 0
1 0 0 0 0 0 0
3 0 0 0 0 0 0
3 0 0 0 0 0 0
4 0 0 0 0 0 0
4 0 0 0 0 0 0
2 0 0 0 0 0 0
3 0 0 0 0 0 0
2 0 0 0 0 0 0
3 0 0 0 0 0 0
1 0 0 0 0 0 0
1 0 0 0 0 0 0
3 0 0 0 0 0 0
4 0 0 0 0 0 0
4 0 0 0 0 0 0
2 0 0 0 0 0 0
2 0 0 0 0 0 0
3 0 0 0 0 0 0
1 0 0 0 0 0 0
1 0 0 0 0 0 0
4 0 0 0 0 0 0
1 0 0 0 0 0 0
1 0 0 0 0 0 0
3 0 0 0 0 0 0
2 0 0 0 0 0 0

4 0 0 0 0 0 0
3 0 0 0 0 0 0
2 0 0 0 0 0 0
1 0 0 0 0 0 0
4 0 0 0 0 0 0
3 0 0 0 0 0 0
3 0 0 0 0 0 0
1 0 0 0 0 0 0
1 0 0 0 0 0 0
2 0 0 0 0 0 0
2 0 0 0 0 0 0
2 0 0 0 0 0 0
1 0 0 0 0 0 0
4 0 0 0 0 0 0
4 0 0 0 0 0 0
4 0 0 0 0 0 0
3 0 0 0 0 0 0
3 0 0 0 0 0 0
2 0 0 0 0 0 0
1 0 0 0 0 0 0
4 0 0 0 0 0 0
3 0 0 0 0 0 0
2 0 0 0 0 0 0
3 0 0 0 0 0 0
1 0 0 0 0 0 0
1 0 0 0 0 0 0
2 0 0 0 0 0 0
4 0 0 0 0 0 0
4 0 0 0 0 0 0
2 0 0 0 0 0 0
3 0 0 0 0 0 0
1 0 0 0 0 0 0
1 0 0 0 0 0 0
2 0 0 0 0 0 0
3 0 0 0 0 0 0
1 0 0 0 0 0 0
4 0 0 0 0 0 0
4 0 0 0 0 0 0
3 0 0 0 0 0 0
1 0 0 0 0 0 0
3 0 0 0 0 0 0
4 0 0 0 0 0 0
2 0 0 0 0 0 0
2 0 0 0 0 0 0
1 0 0 0 0 0 0
1 0 0 0 0 0 0
4 0 0 0 0 0 0
4 0 0 0 0 0 0
2 0 0 0 0 0 0
2 0 0 0 0 0 0
3 0 0 0 0 0 0
3 0 0 0 0 0 0
2 0 0 0 0 0 0
1 0 0 0 0 0 0
4 0 0 0 0 0 0
1 0 0 0 0 0 0
4 0 0 0 0 0 0
2 0 0 0 0 0 0
3 0 0 0 0 0 0
3 0 0 0 0 0 0
3 0 0 0 0 0 0
3 0 0 0 0 0 0
4 0 0 0 0 0 0
4 0 0 0 0 0 0
2 0 0 0 0 0 0
2 0 0 0 0 0 0
1 0 0 0 0 0 0
1 0 0 0 0 0 0
2 0 0 0 0 0 0
4 0 0 0 0 0 0
2 0 0 0 0 0 0
4 0 0 0 0 0 0
3 0 0 0 0 0 0
3 0 0 0 0 0 0
1 0 0 0 0 0 0
1 0 0 0 0 0 0
1 0 0 0 0 0 0
4 0 0 0 0 0 0
2 0 0 0 0 0 0
3 0 0 0 0 0 0

2 0 0 0 0 0 0
3 0 0 0 0 0 0
4 0 0 0 0 0 0
1 0 0 0 0 0 0
2 0 0 0 0 0 0
3 0 0 0 0 0 0
4 0 0 0 0 0 0
1 0 0 0 0 0 0
1 0 0 0 0 0 0
4 0 0 0 0 0 0
3 0 0 0 0 0 0
3 0 0 0 0 0 0
4 0 0 0 0 0 0
2 0 0 0 0 0 0
2 0 0 0 0 0 0
2 0 0 0 0 0 0
2 0 0 0 0 0 0
1 0 0 0 0 0 0
1 -226 -8180 -7520 -5174 -9431 -2408
3 0 0 0 0 0 0
3 102 -4816 -10196 -3181 -132 -1064
1 -2140 -7408 -8810 -11638 -6888 -921
4 0 0 0 0 0 0
4 0 0 0 0 0 0
2 0 0 0 0 0 0
3 -1314 -5360 -10732 -8805 1085 -994
4 -870 8074 -1300 1964 -2889 298
2 0 0 0 0 0 0
4 0 0 0 0 0 0
2 0 0 0 0 0 0
4 0 0 0 0 0 0
1 -4118 -6262 -4612 -9706 6381 6434
3 -5432 -5724 -11804 -14060 2029 3999
1 -340 -3564 -3732 -3536 5924 8342
3 -2840 -3154 -3246 -10400 2747 11244
2 0 0 0 0 0 0
1 -15718 -6684 572 6197 -27515 -8997
2 0 0 0 0 0 0
1 858 -6646 -6354 2016 17512 7846
4 0 0 0 0 0 0
4 -2040 9396 -1918 -1027 -7552 401
3 1296 -2318 -4064 4485 2327 -5553
3 -8932 1186 -13178 -566 -9235 -8926
1 -812 -3520 -23730 -18202 -8325 2137
1 2966 -8528 32767 7231 19486 7409
2 0 0 0 0 0 0
2 0 0 0 0 0 0
3 -11508 -8246 -26386 -15852 14398 9447
3 -19822 2130 32248 12923 -19836 -11636
4 -1568 6640 -1962 -4599 3866 2079
4 0 0 0 0 0 0
4 -798 10634 -2202 2663 11144 2441
3 -5724 -22376 -23850 -11903 362 4249
1 8942 -9018 -32768 -5441 6312 -5802
3 11412 12512 20806 5110 -6115 -6233
1 44 -15428 32767 -3071 12462 7959
2 1000 10462 1234 4237 -5485 1954
2 0 0 0 0 0 0
4 -1376 6394 978 12526 -15105 -6816
4 -448 9472 -196 -3442 18883 1844
4 -1600 4892 426 1003 -21337 -3081
1 10864 -2936 -32768 -6916 7490 -4441
1 720 -15610 24958 6349 -7204 4830
3 -7910 -19992 -18552 -15095 -357 7740
3 14140 16000 4658 12367 4847 -5503
2 -598 8212 2594 1829 -7103 553
2 528 7890 1016 -2346 9785 -471
2 0 0 0 0 0 0
4 -1808 10256 128 -7686 28165 2608
3 9762 -1028 1532 -16754 -3352 2768
3 -15678 -1722 -16096 15241 24839 7845
4 -1222 5598 -716 1989 -16285 -2473
1 4952 16678 -14320 -7995 -6568 -6264
1 4006 -2782 -9270 -1562 -22880 -3083
2 1494 9850 380 -3768 9948 -2541
2 0 0 0 0 0 0
3 9394 13432 2688 -8986 -11997 -7371
1 -8008 -1296 -320 8449 -777 4369
1 3380 -2064 -18126 -5638 -25659 -15152
4 0 0 0 0 0 0

1 154 -7720 -3200 50 114 143
4 -1184 7818 -1758 -64 238 110
3 -1282 -6460 -5280 271 -52 -232
2 252 8178 666 280 51 -12
4 -1234 7820 -1554 -74 300 6
3 -1390 -6414 -5268 176 -140 -152
2 228 8192 668 136 17 -105
1 388 -7690 -3072 -23 338 181
1 0 0 0 0 0 0
3 0 0 0 0 0 0
4 0 0 0 0 0 0
2 0 0 0 0 0 0
1 0 0 0 0 0 0
4 0 0 0 0 0 0
4 0 0 0 0 0 0
1 -460 -7758 -8780 -3836 -7632 -155
2 0 0 0 0 0 0
2 0 0 0 0 0 0
3 -1648 -5758 -7386 -3253 -5187 -612
3 -1282 -4056 -15508 -8680 2992 3294
3 -1938 -1488 -9540 -14402 8494 3229
3 -2814 -3276 -2660 -5290 1042 268
4 0 0 0 0 0 0
1 -1704 -7646 -8344 -11834 5641 6124
2 0 0 0 0 0 0
2 0 0 0 0 0 0
1 -1320 -6090 -6710 -13237 4403 6954
4 0 0 0 0 0 0
1 -628 -3348 -3462 -5889 1484 5585
4 -1114 8056 -914 832 -5097 -44
2 0 0 0 0 0 0
1 -6910 2126 -13154 2412 -1049 -3116
4 0 0 0 0 0 0
3 0 0 0 0 0 0
3 -10570 5288 -8948 454 -7422 -351
2 0 0 0 0 0 0
3 -10018 -3214 -16010 -6932 1525 4003
2 -314 8150 730 -731 1775 -1313
2 0 0 0 0 0 0
4 -2372 7894 -4676 1202 -9292 1458
3 1726 6804 3004 -13555 4474 -4330
4 -3510 7176 -662 -1293 940 1130
1 -266 -384 -18546 -7793 9621 3786
1 -1654 -3160 -1332 -11298 3318 10425
1 0 0 0 0 0 0
2 0 0 0 0 0 0
2 0 0 0 0 0 0
1 -12044 -8406 -23006 18534 -13344 -10219
3 -3038 2728 8878 13468 2714 -1920
3 2332 -11048 -31198 19186 1057 25
4 -2464 7958 -1482 -2609 7005 1675
4 -1748 9374 -956 190 5483 272
4 -1850 7742 -698 4570 -1968 -1957
4 -2200 6858 -380 1865 885 -2319
2 -130 7816 1240 1890 -2431 1106
2 0 0 0 0 0 0
3 -2402 -7220 -16962 -13142 1877 2542
3 3840 5960 -1526 -18180 -1504 -1057
1 -6530 -2970 -16754 -9155 2298 6013
1 -4114 1332 -3790 -14263 5317 6401
3 3798 4072 4350 -296 -4320 -3071
3 1898 2630 -9114 17049 7722 1239
2 880 8302 594 -334 727 437
2 0 0 0 0 0 0
1 2016 -7902 4350 -658 4635 1856
4 0 0 0 0 0 0
4 0 0 0 0 0 0
1 -2170 606 -4672 11763 -14809 -5449
4 0 0 0 0 0 0
4 0 0 0 0 0 0
3 -6464 -3914 -17400 6396 -2276 -2602
3 -3600 -766 -12784 -13266 -2219 3339
1 -5672 -1654 -18886 6161 -3467 -3503
1 -6442 -662 -16462 -10567 3237 2640
1 -1974 -1580 -892 -6914 1743 1783
2 0 0 0 0 0 0
2 0 0 0 0 0 0
2 0 0 0 0 0 0
4 0 0 0 0 0 0
3 4690 3848 642 -8495 -646 777

4 -1124 7828 -1548 -98 20 -87
2 494 8300 534 375 201 59
3 -1292 -6486 -5342 -126 76 68
2 0 0 0 0 0 0
3 -1210 -6532 -5290 -131 273 225
4 0 0 0 0 0 0
1 -136 -7690 -3324 113 -601 -28
2 0 0 0 0 0 0
4 0 0 0 0 0 0
3 0 0 0 0 0 0
4 0 0 0 0 0 0
2 0 0 0 0 0 0
1 272 -7536 -4252 3 -804 30
3 0 0 0 0 0 0
2 0 0 0 0 0 0
3 -1658 -4076 -11028 -7127 -398 668
4 0 0 0 0 0 0
2 0 0 0 0 0 0
1 -5504 -7756 -7812 -1919 -14651 -2199
3 -944 -4634 -9270 -9625 2268 634
4 0 0 0 0 0 0
2 576 8136 870 723 -3595 414
4 0 0 0 0 0 0
1 -5622 -9794 -8902 -12551 860 8618
3 0 0 0 0 0 0
1 -964 -5218 -1362 -13578 9820 10337
2 0 0 0 0 0 0
2 0 0 0 0 0 0
3 0 0 0 0 0 0
1 -1278 -3590 -1140 689 5290 5322
1 8730 -8590 -21196 946 6458 8975
3 284 -792 14214 -7575 -5102 1764
4 -968 7748 -1258 799 -2842 120
4 0 0 0 0 0 0
1 -13568 -12764 -18816 -1273 12012 9755
4 0 0 0 0 0 0
3 -8578 6194 -17792 786 -10745 -4165
3 0 0 0 0 0 0
2 0 0 0 0 0 0
2 0 0 0 0 0 0
4 -1518 7698 -2252 -2256 2584 977
1 -3374 -366 -11916 -14969 -3432 3827
2 0 0 0 0 0 0
2 0 0 0 0 0 0
1 1728 1742 8394 -5332 2836 -1443
1 3890 3400 -7018 21996 10659 -2041
4 0 0 0 0 0 0
4 -1850 8652 -1384 2571 -3327 -588
3 -66 -2588 7924 -3379 -100 26
3 5382 788 -1206 21135 -6341 -1118
4 0 0 0 0 0 0
3 1676 -11662 -29776 -10450 -7084 -1734
1 3780 -18076 -15782 -7752 2842 2261
1 -2424 -1286 1092 -13415 3558 4865
4 0 0 0 0 0 0
2 0 0 0 0 0 0
2 0 0 0 0 0 0
3 5996 5446 -5132 -15267 6507 3941
1 1122 -1960 3364 1600 1627 1859
4 -1118 6952 -1440 -2580 1625 396
1 -4634 2112 -7400 16587 929 -6228
4 -810 8364 -1644 -1559 -219 292
3 -1488 1762 4726 3154 2033 -1742
2 0 0 0 0 0 0
3 1952 966 -5370 17671 -3749 952
2 0 0 0 0 0 0
4 0 0 0 0 0 0
1 -2726 -10962 -15142 -6131 -1420 1459
4 -1326 7590 -1198 1415 -2702 191
1 -5166 1350 -2512 -11754 -2201 1587
2 402 8450 926 244 3004 263
2 0 0 0 0 0 0
3 1266 -7854 -26452 -6388 -1343 -1772
3 4594 2922 -7300 -10795 11978 6355
3 612 1818 4738 1900 728 -967
2 0 0 0 0 0 0
1 200 -1054 2608 814 1231 944
1 -2798 888 -13348 17609 2082 -3022
4 0 0 0 0 0 0
1 -1120 -7160 -11950 -9740 5838 3187

4 -1140 7886 -1712 -207 -88 46
2 922 8126 610 900 -32 749
1 548 -6816 -4196 1148 3207 93
3 -1264 -6468 -5522 -159 -281 95
4 0 0 0 0 0 0
3 0 0 0 0 0 0
1 1032 -7856 -4388 105 4354 -1178
2 0 0 0 0 0 0
4 0 0 0 0 0 0
3 0 0 0 0 0 0
1 0 0 0 0 0 0
4 0 0 0 0 0 0
2 0 0 0 0 0 0
3 -1160 -7348 -8770 -2972 779 257
2 0 0 0 0 0 0
2 0 0 0 0 0 0
4 0 0 0 0 0 0
1 0 0 0 0 0 0
1 246 -7760 -7576 -5033 -4903 540
1 -3414 -5476 -9360 -11215 -406 5104
3 -1802 -3996 -11074 -11377 2038 2121
1 -3034 -3334 -4376 -6554 5654 6898
3 0 0 0 0 0 0
3 734 -100 -9236 -7504 3713 1542
4 0 0 0 0 0 0
4 0 0 0 0 0 0
2 0 0 0 0 0 0
2 0 0 0 0 0 0
4 -1014 8056 -1136 1323 -2784 337
1 -1268 -4332 -2818 366 -1399 3321
3 -10976 938 -6718 -3112 -2172 8425
1 -24734 -5550 -7716 5103 2479 3830
4 0 0 0 0 0 0
3 -642 -4306 -18790 6881 -10666 3117
2 0 0 0 0 0 0
2 0 0 0 0 0 0
1 -16626 -13210 -26356 -14468 10039 9643
3 -10884 -6950 -19806 -21312 -8664 3756
3 4300 -668 31122 10053 1523 -5009
4 -746 7518 -1882 -2645 -3757 1082
2 0 0 0 0 0 0
4 -1338 8226 -2010 -1949 711 1101
2 386 8102 528 -3555 3058 -1841
1 19608 -12560 32767 -348 17391 6838
3 -32768 -32768 -17682 12294 -32768 -12657
3 12428 32767 20524 -3809 1347 -15716
1 -32768 -31924 -32768 32767 -32768 -23181
1 -13874 -6110 32767 -2321 21159 18493
4 -2336 8420 -2232 -3102 3675 1810
4 -1932 9642 814 5933 -10004 -2774
2 538 12142 1514 -56 -2429 -836
2 -364 8152 1008 3477 525 2255
4 -750 8166 -952 -3950 12733 1556
2 0 0 0 0 0 0
1 9178 -4004 -32768 -12603 31441 -3712
3 -32768 -27372 15378 -14989 -32768 -2019
1 2900 -17662 28108 19938 30384 14768
2 -2636 5532 1120 4574 -4975 -811
3 -18978 8384 -10744 15960 3207 -1394
4 -1590 6682 1824 3384 -14486 -1758
3 19172 -23610 -1382 -13395 20278 16389
2 0 0 0 0 0 0
3 11452 12816 -22792 11685 202 -5892
2 874 6354 1038 -245 -3051 -4152
1 -25694 22878 -29474 -26566 -838 -379
4 -2156 9096 -534 -4196 13507 1614
1 -10052 -32768 12600 18260 -3092 2764
4 -2372 6018 774 1642 -6795 -1077
1 -2254 13890 -30846 -14686 4237 6679
2 -800 9532 1300 -3688 -1926 2671
1 5700 -32768 8526 10557 -3994 -2228
2 1464 7418 -546 867 3306 -3254
4 816 10008 -1988 20 3631 1057
3 21750 -26668 272 -9986 23046 9788
4 -3522 5948 1534 2600 -14745 -1530
3 12514 12136 -24682 10494 2432 -1926
4 -1340 9272 -298 -5070 15356 3339
1 1664 13158 -13132 -21020 32767 15796
2 0 0 0 0 0 0
3 -1710 -10692 4030 -17160 -11892 1654

4 -1204 7806 -1304 -292 -452 -136
3 -1450 -6498 -5488 437 -226 301
2 740 8362 508 1955 339 661
1 -552 -7686 -3504 365 160 231
3 -1252 -6490 -5534 110 784 540
1 -244 -7188 -3992 -18 -1034 203
2 0 0 0 0 0 0
4 -958 8058 -1480 -308 373 6
3 0 0 0 0 0 0
1 0 0 0 0 0 0
2 0 0 0 0 0 0
4 0 0 0 0 0 0
3 0 0 0 0 0 0
4 0 0 0 0 0 0
1 0 0 0 0 0 0
2 0 0 0 0 0 0
3 -1064 -6306 -6612 -2833 -4414 -703
1 -414 -7408 -4780 -815 259 632
2 0 0 0 0 0 0
4 0 0 0 0 0 0
3 0 0 0 0 0 0
1 -1982 -7244 -8300 -4598 -2926 562
2 0 0 0 0 0 0
4 0 0 0 0 0 0
3 -6902 -4428 -14584 -16030 -2966 3289
3 -2392 170 -1816 -10589 8415 7833
4 0 0 0 0 0 0
4 0 0 0 0 0 0
2 0 0 0 0 0 0
2 0 0 0 0 0 0
1 -3464 -6908 -6738 -7413 446 3610
1 0 0 0 0 0 0
3 -1988 -3246 -6600 -252 3632 6896
1 -1360 -4632 -3556 -4628 8455 4586
4 0 0 0 0 0 0
2 0 0 0 0 0 0
4 -1028 7544 -1090 1926 -3833 -352
2 0 0 0 0 0 0
3 8302 -8206 -374 2514 -6490 -255
4 -2020 7394 -896 -1355 -2092 25
1 20752 -4200 -9184 2182 11140 -1313
3 20228 -9334 -18622 3063 -109 -4552
4 -1030 8440 -3356 -747 -528 1067
3 -6688 -14052 -22668 -10599 15891 4298
4 -2276 7450 -734 -270 -222 -247
3 -6686 22 11016 -9354 8150 -1106
1 3978 -13700 -5134 -4580 25488 9923
1 820 -4000 -22118 -18672 -6207 -263
1 -5038 -758 4782 346 -8566 -140
2 0 0 0 0 0 0
2 0 0 0 0 0 0
2 -98 7576 692 -1382 3609 -1094
1 -1516 -2438 9654 23163 -7625 3632
1 3992 -11712 -32768 -8838 -541 3652
2 996 9306 1464 -388 2281 1258
2 -190 8150 1420 2369 -4953 1885
4 -2464 8268 -1242 -3797 4018 1253
4 -134 9132 -2996 -1003 4658 2043
3 4542 11014 954 21673 -613 -1788
3 -7682 -24450 -9912 -11116 328 -2388
3 4166 23866 28856 -8324 12798 -317
3 11224 -504 -30090 18553 -15282 6036
1 -3510 -512 9226 -14318 4571 1453
1 3362 -3664 3986 21186 7330 2076
4 -214 7876 2400 6964 -9979 -4534
2 -1514 7202 1078 1058 -2053 479
4 -1996 7200 -1282 -5748 7865 2735
2 304 8008 1040 -705 2957 762
2 0 0 0 0 0 0
4 378 8562 -2052 1767 -85 573
2 136 8554 834 -944 3915 -744
4 -2286 7328 -386 1932 -4121 -1159
3 7406 -10430 -5208 -14861 13942 3136
3 12474 23422 19554 314 20622 2562
1 8784 -576 -23350 -9174 -5644 1679
1 -3414 -1938 11148 -7872 -8939 -2746
1 1480 -3766 5844 26254 9299 1291
4 -1332 7498 -1592 -3161 5421 1590
2 1070 8490 1014 629 318 -155
3 15528 364 -29768 16166 -18382 6404

4 -748 7916 -1450 -71 -401 -91
3 -1138 -6738 -6000 81 -841 -411
1 -294 -7854 -3366 108 225 -76
2 284 8270 574 404 685 113
4 0 0 0 0 0 0
1 -210 -7790 -3288 -506 -87 346
4 0 0 0 0 0 0
2 0 0 0 0 0 0
3 -1176 -6688 -5370 -1018 -171 -61
1 0 0 0 0 0 0
3 0 0 0 0 0 0
1 0 0 0 0 0 0
1 0 0 0 0 0 0
4 0 0 0 0 0 0
4 0 0 0 0 0 0
2 0 0 0 0 0 0
2 0 0 0 0 0 0
2 0 0 0 0 0 0
3 0 0 0 0 0 0
3 0 0 0 0 0 0
2 0 0 0 0 0 0
3 0 0 0 0 0 0
2 0 0 0 0 0 0
1 -1016 -7696 -6768 -870 -11215 -2112
1 -1448 -8202 -7544 -7407 237 2594
4 0 0 0 0 0 0
4 0 0 0 0 0 0
3 -618 -5206 -10364 -6755 1134 181
2 0 0 0 0 0 0
3 -1818 -4558 -11148 -12920 1728 677
3 -834 -1624 -6638 -9645 2216 1800
1 0 0 0 0 0 0
1 -2600 -4588 -3196 -4286 2472 4523
2 0 0 0 0 0 0
4 0 0 0 0 0 0
4 0 0 0 0 0 0
2 0 0 0 0 0 0
3 -2836 586 -5464 -3703 1051 4609
2 0 0 0 0 0 0
1 -2584 -4178 -3368 254 1684 2456
1 16234 -6660 -6274 3575 1220 -3162
3 -3678 -7336 1292 6394 -7110 -4128
4 0 0 0 0 0 0
4 0 0 0 0 0 0
2 0 0 0 0 0 0
2 0 0 0 0 0 0
1 -1016 -10002 -17726 1085 -4496 -1502
3 -2946 -4824 -8170 5006 11157 1766
1 -11034 -12366 -21594 -13564 -1361 5468
3 -9008 -13410 -18782 -16334 -211 5181
4 0 0 0 0 0 0
4 -1148 7334 -1584 -181 -4059 231
3 1750 7838 4520 -26098 2103 -4695
4 0 0 0 0 0 0
3 -2712 -4716 8690 3644 -3903 -1247
4 -294 8798 -2852 -4316 7212 2318
2 -6 8312 716 -2300 5628 -1437
1 -58 1256 7218 -25350 17779 5063
2 1684 9254 338 -1985 3728 315
1 4332 -4730 11424 429 8249 -90
2 0 0 0 0 0 0
1 7660 716 -17158 32767 -20122 3681
2 234 7506 1552 3029 -4764 2900
1 4024 -9612 -25300 -7818 4802 7131
4 0 0 0 0 0 0
4 0 0 0 0 0 0
3 4314 10062 -12430 32767 5297 2476
3 -5564 -12750 -20636 -5718 -2975 178
4 -1842 7536 694 3651 -8090 -1639
3 -1778 2416 -5628 -24712 7210 2588
3 802 -1246 5794 -7054 12519 1964
1 -3974 4568 -9814 -25348 2836 1825
4 -1594 7828 -1090 -3257 8424 -124
1 -696 -6138 -74 91 -9793 -325
2 -1558 6270 1542 1251 -590 1279
2 0 0 0 0 0 0
2 0 0 0 0 0 0
1 -1792 -7866 2786 6703 15503 2737
4 -392 8066 -1030 912 -1573 -549
3 -290 1168 10828 7906 -14220 -4235

4 -1262 7686 -1200 -395 -583 395
3 -204 -7628 -3742 -4136 -8224 -2381
2 282 8216 640 1116 342 47
1 76 -7960 -2758 213 -4475 -685
2 0 0 0 0 0 0
1 276 -8060 -2472 -319 -936 -266
1 0 0 0 0 0 0
4 0 0 0 0 0 0
4 0 0 0 0 0 0
3 -1888 -7244 -4300 -2910 -1191 14
3 0 0 0 0 0 0
4 0 0 0 0 0 0
3 -990 -7006 -3848 -690 161 1053
3 0 0 0 0 0 0
1 0 0 0 0 0 0
1 2256 -8206 -3544 -1838 15303 2524
2 0 0 0 0 0 0
2 0 0 0 0 0 0
4 0 0 0 0 0 0
2 0 0 0 0 0 0
4 0 0 0 0 0 0
2 0 0 0 0 0 0
3 -2224 -6840 -10058 -7811 -5661 -126
2 0 0 0 0 0 0
1 -326 -8998 -4366 1275 -2600 -4549
1 4312 -8552 -8490 -5383 -4284 -5665
4 0 0 0 0 0 0
3 -3282 -3710 -11798 -16458 -1411 1316
1 -4082 -9782 -4272 -11121 -20672 -891
1 -1208 -6424 -4246 -9342 -1569 9390
2 0 0 0 0 0 0
3 -1888 -1146 -5630 -9448 6019 4442
2 0 0 0 0 0 0
3 -2110 -592 -6520 -4223 -1002 3357
4 0 0 0 0 0 0
4 0 0 0 0 0 0
2 0 0 0 0 0 0
2 0 0 0 0 0 0
4 -1174 8060 -892 2097 -3783 63
1 28480 -9614 1210 -886 -1661 352
4 0 0 0 0 0 0
1 9850 -13812 -20170 -7502 13530 2490
3 8736 -13890 -1612 2828 -10713 -10444
3 -13042 -13718 -19870 -3025 477 6087
3 11882 1558 -2392 -29990 1710 -2685
1 -11784 4986 1276 -27132 10221 9646
4 -1294 7940 -2716 -3851 -3910 1760
1 17970 -7336 22476 10147 -497 -5058
2 0 0 0 0 0 0
4 -948 9010 -2594 -6150 4272 3672
2 0 0 0 0 0 0
3 -2652 -8004 14774 15254 4058 -1635
2 -572 9858 1346 3679 -1917 1020
4 -1390 9452 -1572 887 4147 1102
2 0 0 0 0 0 0
1 -32768 -26532 -32768 22602 -4656 -1372
1 -5452 1222 18850 -6108 -6610 2806
3 29750 -23116 -32768 20686 2167 -4144
3 14324 25578 8434 -1329 14753 1631
4 -718 8562 792 7429 -6670 -2385
2 -156 8302 1012 2206 -4095 821
1 -8500 -2398 -12936 509 -15721 -6587
3 -9232 -5712 -17958 3913 -1295 216
3 4334 1500 9136 -1353 730 -411
1 -3566 -2648 -12468 5303 4422 6390
4 -2616 6842 -1368 -3187 9183 1024
4 818 9508 -200 5353 -4631 -1340
2 -1132 6290 588 932 -529 -427
4 -3788 5852 -526 -783 -1021 -1978
3 282 -3118 -23638 -2840 -5739 -2345
1 -3596 -9314 -7146 -5736 -7151 -99
2 920 9062 850 -3202 5870 -1285
3 13420 7366 23642 -4070 2021 297
1 -8956 11902 16782 -6790 4669 -7739
3 8998 -3084 -32768 13024 5351 909
1 -5548 -23618 -32768 23881 -6655 31
4 1810 8476 -1950 -2678 8246 846
4 -1304 8434 -1562 1767 -6612 -648
2 260 7636 700 -585 -6065 -1633
2 -492 9600 812 -3310 6663 -2106

3 -1386 -6228 -5322 313 1220 358
2 784 8248 536 237 236 -137
1 222 -7184 -3902 -1119 -6633 -1313
4 -1120 7988 -1322 1220 -97 -577
2 0 0 0 0 0 0
4 0 0 0 0 0 0
3 -1378 -6420 -5478 576 1149 176
1 0 0 0 0 0 0
3 0 0 0 0 0 0
1 -1294 -8244 -8304 -5557 -5153 -555
4 0 0 0 0 0 0
4 0 0 0 0 0 0
3 -1972 -6108 -9018 -5136 471 1684
3 -1676 -4088 -12552 -11249 2300 2986
1 -5746 -6824 -8712 -12632 -3766 3487
1 0 0 0 0 0 0
2 0 0 0 0 0 0
2 0 0 0 0 0 0
2 0 0 0 0 0 0
4 0 0 0 0 0 0
2 0 0 0 0 0 0
1 -4572 -1992 -3020 -4045 5287 6553
2 0 0 0 0 0 0
4 0 0 0 0 0 0
4 0 0 0 0 0 0
1 0 0 0 0 0 0
3 -4948 -1608 -11170 -15902 -315 4434
3 -2334 -396 -4154 -9433 -3450 2988
2 0 0 0 0 0 0
4 0 0 0 0 0 0
2 0 0 0 0 0 0
4 -2062 8056 -844 664 -7073 -145
1 -1488 -4466 -16148 2951 2114 9000
3 1372 -2388 -2692 5224 98 -81
1 -19262 -4056 -20396 5393 -3719 4653
3 6664 -3686 -25304 6639 9430 -504
3 -3158 -954 -15964 -22087 -2559 2110
1 -14658 -2130 -8962 -9965 4189 15518
1 4850 -3520 2226 -6666 -802 5773
2 192 7814 656 -1310 2176 -1251
2 1442 8468 538 -983 1042 -273
3 738 2674 8618 -10534 492 -1041
4 0 0 0 0 0 0
4 -928 8118 -3298 -4492 7241 1490
2 -92 8512 718 2528 -5649 34
4 -1418 8576 -2770 865 2696 308
2 -684 7886 1094 1347 1190 -478
4 0 0 0 0 0 0
1 4786 86 5446 12167 354 1882
3 -7416 136 2248 11574 3706 -6463
1 -5320 -8928 -29844 7602 5553 -6731
3 -10708 280 -32768 11489 -6292 182
4 0 0 0 0 0 0
4 -1062 7392 130 464 1700 -14
3 1724 840 -12594 -16875 -8716 3439
3 6978 752 2210 -6708 -103 38
2 688 8256 1184 -9 265 -67
2 322 8066 644 -1295 2865 -601
1 -9822 346 -9392 -14898 2964 5361
1 -1696 -2966 2964 -3442 -1839 2686
2 0 0 0 0 0 0
3 -2618 1388 -324 9717 93 -5212
1 4064 -2382 2712 7782 3473 -211
4 0 0 0 0 0 0
1 -4268 -4122 -20968 9941 3644 -4196
4 -1296 7942 -1164 -2809 963 164
2 -746 8104 596 1291 -748 -99
3 -5520 1100 -23026 9785 -3221 -5703
3 0 0 0 0 0 0
1 3472 -864 -14330 -6805 6538 2091
4 0 0 0 0 0 0
4 0 0 0 0 0 0
1 -1346 274 -3304 -4694 2094 263
2 454 8304 820 1338 623 1035
2 0 0 0 0 0 0
3 3890 3692 -2340 -6789 -3093 2965
1 -2994 -3204 -1448 5286 -167 3033
4 0 0 0 0 0 0
2 0 0 0 0 0 0
3 -2216 3690 -3658 4091 2655 -4055

2 1028 8874 718 -3453 2110 -1578
4 -876 7914 -1488 -7 106 -8
1 -582 -7422 -3468 -1339 -1080 938
3 -1290 -6600 -5240 -74 -229 10
2 1040 8996 902 -1007 1413 -243
3 -1442 -6482 -5232 -178 -400 -136
1 0 0 0 0 0 0
2 0 0 0 0 0 0
4 0 0 0 0 0 0
3 0 0 0 0 0 0
1 288 -7954 -9302 -6733 -5561 2052
2 0 0 0 0 0 0
4 0 0 0 0 0 0
3 0 0 0 0 0 0
4 0 0 0 0 0 0
1 -2514 -6752 -7888 -10445 -2511 3667
1 0 0 0 0 0 0
2 0 0 0 0 0 0
1 0 0 0 0 0 0
1 -3278 -944 -7220 -3828 1851 4679
4 0 0 0 0 0 0
4 0 0 0 0 0 0
4 446 7712 1214 2450 -3153 1173
3 0 0 0 0 0 0
3 -1754 -6790 -8892 -2709 -2512 334
3 -7550 846 -18188 -16128 -5577 3580
2 0 0 0 0 0 0
2 0 0 0 0 0 0
4 -800 8288 1248 2458 -10650 2221
3 -7118 -2308 -9950 -17374 3443 14553
3 -3336 -1942 980 -3696 3561 12000
1 -1996 -1242 -4262 -824 7430 4275
1 -1006 -2130 -976 5609 10904 3266
2 0 0 0 0 0 0
4 0 0 0 0 0 0
2 0 0 0 0 0 0
4 -3342 7996 -60 -3919 -12141 2543
2 0 0 0 0 0 0
2 -136 7942 720 -668 3011 -2621
4 -3866 9398 -1594 -7937 460 2412
1 11624 634 -16996 -894 21200 2060
3 -5788 -14590 -11384 3986 26 4794
1 -8274 318 -2350 -1000 12091 12769
3 -4824 5476 -4314 -4714 25834 2469
4 -954 8576 -2312 -2971 2230 -919
1 -4152 -752 5774 1868 -8336 -5794
2 0 0 0 0 0 0
2 0 0 0 0 0 0
3 4440 8612 22848 5500 37 1576
4 -94 9740 -1804 -1439 7209 1631
3 5402 -32768 -32768 -3541 -29887 -16786
1 -32422 -7538 -32768 -6177 -20992 2246
4 -1072 6936 3232 6464 -8993 -2295
3 11152 13334 24872 -17635 -17564 -11061
1 32040 -19666 16720 -13482 30436 15886
3 -11452 -19110 -14152 28626 16425 12918
1 -12856 22100 -28760 16096 -32139 -19971
4 1778 10216 544 -1739 10349 1135
2 0 0 0 0 0 0
2 0 0 0 0 0 0
2 98 6856 788 -349 791 221
4 -2254 7888 4144 7162 -14848 -556
1 8292 -32768 14606 -7742 32767 8983
1 -32768 19090 -20068 7343 -27636 -5592
4 -128 9832 -2066 -7045 17940 949
2 0 0 0 0 0 0
3 26852 32582 -1878 -11608 -15611 -8269
3 11782 -32768 -28602 6730 5419 6915
3 4786 21894 5056 -8174 -18199 -11363
2 2324 8782 830 -6188 16956 -4068
1 20426 -32768 5156 -4815 20904 8426
2 -1090 9604 2224 -1277 -8715 733
1 -23310 15032 -11662 -4911 32767 11054
4 -1658 5822 5274 7806 -20090 -1079
4 2818 11594 -1954 -6882 13054 730
3 0 0 0 0 0 0
3 -32768 14974 -3950 -3386 -14239 -7558
1 11178 -11548 -8670 -10948 -2016 -2749
4 -3630 5814 1596 3761 -9416 -1597
2 0 0 0 0 0 0

4 -882 7858 -1304 -48 86 -96
1 -102 -7616 -3350 47 -38 29
2 202 8274 282 269 247 37
3 -1542 -6262 -5076 -325 -751 -372
4 0 0 0 0 0 0
3 -1520 -6392 -5254 451 84 -100
2 270 8222 342 342 295 -113
3 0 0 0 0 0 0
2 0 0 0 0 0 0
1 -130 -7678 -3262 -16 -132 55
4 0 0 0 0 0 0
1 0 0 0 0 0 0
1 0 0 0 0 0 0
2 0 0 0 0 0 0
2 0 0 0 0 0 0
4 0 0 0 0 0 0
4 0 0 0 0 0 0
3 -4554 -5820 -9966 -4124 1924 1400
3 -2624 -2148 -12992 -11318 4330 3856
1 1908 -7276 -4038 244 -1109 223
2 0 0 0 0 0 0
4 0 0 0 0 0 0
3 -854 -1950 -6544 -10115 4891 3008
4 -616 8226 -1292 2244 -3384 -320
3 -2318 -4276 -5996 -1703 3649 136
1 -468 -9400 -14134 -11061 -8520 1009
2 0 0 0 0 0 0
1 -3262 -7238 -5188 -14560 -6474 6757
2 0 0 0 0 0 0
1 -4284 -8514 22650 596 14287 9859
2 0 0 0 0 0 0
1 -11752 -14962 -9320 1313 -10832 68
4 0 0 0 0 0 0
4 0 0 0 0 0 0
3 -11586 -3762 -3488 -6260 -2849 8233
3 3554 5952 -8502 12816 28021 7320
2 0 0 0 0 0 0
1 -3916 15478 -8190 -23897 969 -7061
2 124 7174 302 -1217 1907 -2031
1 -7264 -32314 -2648 14849 3865 20985
3 -21914 -10720 -16728 -18251 -9937 2532
4 0 0 0 0 0 0
3 7506 16644 -7878 7273 -13900 -10300
4 -2258 9212 -1168 614 -8159 -1008
2 0 0 0 0 0 0
1 -3688 14336 -32768 -331 3018 3198
2 0 0 0 0 0 0
1 1436 -22518 21244 -3245 17542 2547
3 1918 -25610 -15508 7647 13048 6008
3 10672 27706 16646 -8158 -1043 -949
4 -876 6940 -2552 -1593 5774 2026
4 -1858 8942 256 4658 -8314 -2504
3 17786 -25350 -32768 16540 -30454 -9802
3 -698 8538 -6520 -21813 11738 12264
1 -566 -3496 -32768 3902 31017 9363
1 -5456 -1728 870 -15858 8066 -4889
4 -1870 7844 -1906 -4189 14312 3955
4 0 0 0 0 0 0
2 -756 8736 2080 -1160 -3835 2998
2 -128 7730 -70 -44 -5506 -2229
2 -218 8148 918 -1904 3393 1460
2 0 0 0 0 0 0
3 27776 -8664 7630 24775 9262 1529
3 -15146 -16620 -17240 -18111 18131 8587
4 188 8236 -1506 -5814 9085 -55
4 0 0 0 0 0 0
1 780 -5626 16464 27479 11612 11244
1 1620 -2970 -25754 -21228 -11833 -6483
3 1004 4956 32767 -3239 2604 -4819
2 0 0 0 0 0 0
4 -626 8612 -1384 -616 -3727 -823
1 -14058 -22394 11278 7428 -682 5839
1 -24624 -16868 -32768 -712 -2295 -6489
4 0 0 0 0 0 0
2 -80 9958 2030 580 1772 -1849
3 -24760 7506 -32768 4971 -32768 -11166
2 0 0 0 0 0 0
4 -1050 9112 -506 2897 -8152 -157
1 -2622 -5524 19554 -8883 5603 -403
3 13434 17404 32767 -11604 8375 -642

4 -982 7890 -1470 244 89 34
2 576 8512 458 -69 647 -252
1 22 -7520 -3258 312 -1033 -347
3 -1336 -6698 -5180 -341 83 -275
4 0 0 0 0 0 0
2 0 0 0 0 0 0
1 -364 -7698 -3248 294 -575 -301
3 -1352 -6504 -4982 -218 220 -130
2 0 0 0 0 0 0
1 -184 -7752 -3298 24 76 54
3 0 0 0 0 0 0
4 0 0 0 0 0 0
4 0 0 0 0 0 0
3 0 0 0 0 0 0
2 0 0 0 0 0 0
1 0 0 0 0 0 0
3 0 0 0 0 0 0
4 0 0 0 0 0 0
2 0 0 0 0 0 0
1 0 0 0 0 0 0
4 0 0 0 0 0 0
3 -1070 -6948 -7264 -1693 -962 283
2 0 0 0 0 0 0
1 1330 -9252 -11464 -5497 -955 3014
4 0 0 0 0 0 0
2 0 0 0 0 0 0
1 -3134 -6940 -9522 -14572 5479 4291
3 -2550 -5758 -13058 -11297 -1096 1621
3 -3002 -2408 -11238 -16478 3315 3868
2 0 0 0 0 0 0
1 -2462 -4174 -3640 -12670 6285 3486
3 884 -482 -4928 -12080 1166 4503
4 0 0 0 0 0 0
4 0 0 0 0 0 0
1 806 -3888 -1770 129 -980 -247
2 0 0 0 0 0 0
2 0 0 0 0 0 0
2 0 0 0 0 0 0
4 0 0 0 0 0 0
1 16618 -22320 -31570 -2869 -4931 -2098
4 0 0 0 0 0 0
1 -11796 -5940 -18600 1254 -5214 3141
3 2970 -4914 21584 3316 -897 2460
3 -5418 7502 -21000 1682 -5293 -5744
3 -16508 -5988 -16454 -13204 3708 5082
2 188 7908 366 -2517 4957 -2021
3 2644 -3116 16326 -9021 -9037 -4360
2 1066 8470 614 -1010 2934 -650
1 -9870 3688 -14306 -16691 -13051 8659
1 5378 -7178 8948 -1937 7456 4249
4 0 0 0 0 0 0
4 -1216 8050 -878 1977 -2672 132
2 -882 8306 1862 3486 -6002 -849
2 0 0 0 0 0 0
3 2272 4054 1562 31681 3708 -6138
1 -7100 -1346 -3602 32767 -5390 -5610
3 -20592 -12076 -19500 -16202 5447 12761
1 -2036 -6630 -32768 -13611 -12671 3441
4 -2264 7710 -842 -926 -340 813
4 190 7790 -1844 202 1266 1687
3 13700 4216 19326 -9222 3476 -2140
3 -4754 -970 -814 27023 -12438 -6987
1 6088 -13294 13742 -4014 -4901 4658
4 0 0 0 0 0 0
2 474 7392 1098 781 1253 256
1 -6132 2294 -14550 26605 14333 -6430
2 -1368 8032 1754 806 -2985 843
4 0 0 0 0 0 0
3 -7762 -5488 -19088 -21844 5617 7217
2 -1040 8576 870 -395 83 23
3 14676 1534 14770 -2041 5303 1670
2 302 7230 544 -385 3594 -847
4 0 0 0 0 0 0
4 0 0 0 0 0 0
1 -6272 -4134 -22588 -20216 -12205 1786
1 2342 -12024 14818 -3399 -7256 -353
3 -4518 4292 -14242 29051 -11184 -5558
2 0 0 0 0 0 0
4 -218 8060 -1562 -1992 6631 722
1 7902 3528 -22152 26012 18719 -1676

4 -1112 7978 -1370 491 233 -477
3 -1578 -6464 -5180 -611 36 418
1 -318 -7808 -3048 154 -209 -75
2 300 8160 658 630 372 19
4 0 0 0 0 0 0
3 -1410 -6456 -5116 -327 186 362
2 0 0 0 0 0 0
1 -324 -7754 -3058 100 -41 25
4 0 0 0 0 0 0
4 0 0 0 0 0 0
2 0 0 0 0 0 0
2 0 0 0 0 0 0
1 0 0 0 0 0 0
1 -1478 -8222 -6934 -1452 3102 2262
3 0 0 0 0 0 0
3 0 0 0 0 0 0
1 -4390 -8276 -10518 -9430 2859 5322
3 0 0 0 0 0 0
4 0 0 0 0 0 0
2 0 0 0 0 0 0
4 0 0 0 0 0 0
4 0 0 0 0 0 0
1 -3418 -6914 -6220 -12059 151 5739
2 0 0 0 0 0 0
3 -4010 -7550 -13368 -5934 3369 3482
3 -5360 -1608 -11634 -19499 3919 7862
4 0 0 0 0 0 0
4 0 0 0 0 0 0
2 0 0 0 0 0 0
2 0 0 0 0 0 0
1 -1316 -4490 -3914 -7354 2861 4033
1 -1268 -1948 -3546 -1607 3948 2510
1 11582 -5272 -6706 1702 -6174 -1993
3 -1934 1232 -2176 -13787 405 5093
3 3772 -4178 2632 -610 -7954 938
1 -9616 -8542 -12584 6118 -10283 2000
1 -24722 4 -8584 -16746 -4316 13398
4 0 0 0 0 0 0
4 0 0 0 0 0 0
2 0 0 0 0 0 0
2 -220 8494 644 -1964 1858 -1695
3 -12522 2560 -20800 2522 -17833 -4566
3 3602 -5272 -21814 -23426 -6813 1919
4 0 0 0 0 0 0
4 0 0 0 0 0 0
2 0 0 0 0 0 0
1 10088 -6104 8822 -3420 1869 -720
2 -616 9182 1122 3237 -4648 414
1 -25904 -9624 -28148 32767 -32768 -19286
3 6386 -3894 18188 -2997 3235 -86
3 4742 7218 -14454 32767 22842 304
4 -414 7862 -1476 -344 -940 1491
3 -7762 -1758 -15314 -24412 3677 8599
4 -2694 6560 -658 1448 -748 -932
2 -224 7846 876 1606 2229 1421
3 11598 -3186 13504 -2923 3229 742
2 -2 7034 980 1170 -1978 464
1 -18538 122 -9728 -18821 -10203 11527
1 7680 -5884 12514 -3432 -281 -939
4 0 0 0 0 0 0
4 -616 7980 -1094 1245 -574 119
3 -4296 11454 -20188 27979 15198 -4556
3 -8726 3320 -13246 -20100 5398 10804
2 -1450 8084 1342 500 -438 -190
1 -1310 -1792 -32768 31131 -11573 -4764
1 -12060 536 -6138 -21454 -18553 1963
2 0 0 0 0 0 0
2 -156 7650 634 1526 -6166 -742
1 8942 -3960 10408 -1784 8918 -1882
4 -1296 6824 -440 857 819 -1191
1 -11902 -9324 -32768 32041 -16240 -11602
4 -710 8438 -946 -1364 1470 638
2 -456 8156 1134 522 6107 -157
3 8874 -3430 9822 -786 -8367 -4724
3 10148 2182 -31522 32767 23267 -1293
4 -302 7688 -960 2356 -3414 65
2 1722 7506 30 -1481 3470 599
2 0 0 0 0 0 0
1 -22502 -5612 -5308 -16994 -19922 7576
3 -4862 -2544 -15138 -20972 8355 11002

1 -312 -7900 -3450 940 3147 121
3 -1382 -6456 -5320 157 174 302
2 400 8238 602 839 -102 54
4 -1092 7972 -1392 81 -155 42
3 -1354 -6484 -5276 56 253 390
3 0 0 0 0 0 0
2 0 0 0 0 0 0
4 0 0 0 0 0 0
1 -206 -7796 -3224 -283 1219 843
1 0 0 0 0 0 0
2 0 0 0 0 0 0
1 1188 -7924 -5032 -765 4345 1098
1 1990 -8726 -7420 -5859 310 707
2 0 0 0 0 0 0
3 -2990 -5952 -9784 -5190 1020 2148
3 -2720 -2972 -12534 -12714 3402 3949
4 0 0 0 0 0 0
4 0 0 0 0 0 0
4 0 0 0 0 0 0
2 0 0 0 0 0 0
4 0 0 0 0 0 0
3 0 0 0 0 0 0
4 0 0 0 0 0 0
3 -2604 -582 -7854 -6872 -674 1233
1 -456 -7184 -9370 -14234 -1993 1457
2 0 0 0 0 0 0
1 -1842 -4650 -4516 -12038 -2706 2424
2 0 0 0 0 0 0
2 0 0 0 0 0 0
2 0 0 0 0 0 0
3 -4300 -1596 -5900 -4361 -6275 3293
4 -1082 7774 -998 -32 -3970 661
3 -4398 584 3802 6115 -11230 -4873
4 0 0 0 0 0 0
1 -522 -3158 -3288 -3553 -2530 2729
1 -11890 -1910 6000 4888 6138 -2447
3 2780 -11304 -25228 -4550 6091 6358
4 0 0 0 0 0 0
4 0 0 0 0 0 0
3 4284 6442 7808 -23950 -3840 -518
1 -15316 -7202 -20604 -6316 -12157 370
1 7252 1912 3294 -15693 7173 8454
2 0 0 0 0 0 0
2 0 0 0 0 0 0
2 650 8282 590 427 -3039 631
1 15198 -9170 25398 16897 -4965 -4553
1 -2194 -11258 -32768 -10788 32767 4005
2 -178 7270 484 967 -396 515
4 -1610 7916 -1656 -3945 2531 444
4 654 8406 -2574 -279 5199 2123
3 -14620 1644 11118 17604 386 -12489
3 -28830 -23248 -2034 -18033 -32768 -2677
1 -1976 -9954 12788 -6457 20014 7383
4 -2948 8216 594 6577 -10988 -3496
1 -6892 2086 878 14748 -18658 -8517
4 -1446 7846 -244 -5220 15658 1670
3 14844 17936 13574 -16727 -9967 -1317
2 0 0 0 0 0 0
3 1760 9270 2392 25148 14775 -3667
2 154 8748 850 246 -5545 -247
4 2158 7654 -546 2306 -3702 2116
4 -4204 7752 1032 288 -6827 -1770
4 694 8968 -1066 -5200 16285 2183
2 -860 6914 420 -697 1222 -1471
1 -4956 -5692 -32748 -7661 867 4184
1 6664 -6360 12132 -17602 20166 5298
2 1302 8254 956 -2951 10007 -1034
1 -6104 6572 4326 27556 -11038 -9890
2 0 0 0 0 0 0
3 -11130 -19552 -12250 -10066 2892 10477
3 21480 13252 19586 -20991 -12408 193
3 12698 -1896 6734 32767 14723 -5013
1 -5062 -13992 -32768 -13238 -8546 3492
2 -556 7424 -420 -321 4423 -633
1 13214 -13390 19490 -12407 21761 -1578
4 552 6812 152 4583 -11772 -1322
3 0 0 0 0 0 0
4 -4114 7070 -68 -2751 -982 -305
3 24276 7398 22520 -7455 -4074 2739
2 1792 8528 1016 1249 1990 2646

2 378 8200 762 470 214 -161
2 362 8180 700 177 -153 -218
2 0 0 0 0 0 0
4 -694 7918 -1308 -247 37 -293
3 -1650 -6356 -5012 697 759 638
1 -552 -7758 -2926 34 178 54
3 -1404 -6564 -5264 930 510 512
1 -374 -7762 -2870 33 42 47
4 -772 8098 -1472 -330 -300 74
2 0 0 0 0 0 0
2 0 0 0 0 0 0
3 0 0 0 0 0 0
1 0 0 0 0 0 0
3 0 0 0 0 0 0
1 0 0 0 0 0 0
4 0 0 0 0 0 0
4 0 0 0 0 0 0
2 0 0 0 0 0 0
2 0 0 0 0 0 0
2 0 0 0 0 0 0
2 0 0 0 0 0 0
3 0 0 0 0 0 0
4 0 0 0 0 0 0
4 0 0 0 0 0 0
3 -1918 -6340 -8778 -4057 497 669
4 0 0 0 0 0 0
1 0 0 0 0 0 0
1 0 0 0 0 0 0
1 0 0 0 0 0 0
2 0 0 0 0 0 0
2 0 0 0 0 0 0
4 0 0 0 0 0 0
4 0 0 0 0 0 0
3 -1994 -3976 -10840 -9516 2234 2323
3 -178 -2896 -9262 -10225 5337 1944
3 950 -1930 -7118 -4616 3965 738
2 0 0 0 0 0 0
4 0 0 0 0 0 0
1 -708 -7622 -4084 -196 1157 840
1 -2908 -9602 -12232 -9147 -3156 4893
1 -4568 -6944 -7594 -14813 -821 9011
1 -4358 -412 512 -6568 2318 7453
2 0 0 0 0 0 0
4 0 0 0 0 0 0
3 0 0 0 0 0 0
3 0 0 0 0 0 0
3 14560 -6780 1932 -4094 -14482 -8975
1 18068 -8420 -8762 5262 -4830 -1077
2 0 0 0 0 0 0
1 -22728 -8384 -4428 8815 -32768 -4165
2 0 0 0 0 0 0
3 396 -9108 -32768 5325 -2610 -6705
4 0 0 0 0 0 0
4 0 0 0 0 0 0
1 0 0 0 0 0 0
3 -16272 -5114 -14390 -7136 25262 16631
3 7856 -958 28958 -1655 -898 1660
2 0 0 0 0 0 0
2 0 0 0 0 0 0
1 9612 4832 10208 -1469 4237 -3843
4 0 0 0 0 0 0
4 0 0 0 0 0 0
1 -9068 -6402 -23454 3412 -9550 1456
3 11144 -1456 -32338 2578 3407 -7893
4 -1950 9422 -1476 -2756 3307 1151
4 0 0 0 0 0 0
2 0 0 0 0 0 0
2 0 0 0 0 0 0
1 -12856 7620 -3386 -10338 -4986 1559
3 1668 -5764 -7196 -14335 14352 6293
1 16618 -7944 24982 21719 1751 4669
1 12986 -24608 -32768 -10306 14138 4567
3 -532 3868 19348 18559 1524 -9060
4 -804 6712 558 506 -1941 -109
3 -32768 -16948 -9236 -11185 -7686 -1986
4 240 9842 -1552 -723 5859 1115
2 0 0 0 0 0 0
4 -2290 7180 1260 2247 -8069 -1452
3 9494 4954 24874 -19964 -2868 2892
1 4668 9206 16836 -27411 17792 -4037

2 520 8198 614 111 244 -77
1 -310 -7666 -3178 26 -6 79
4 -1284 8186 -1482 -702 332 -207
3 -1550 -6426 -5138 344 60 -287
4 -902 8298 -1562 405 20 -386
2 0 0 0 0 0 0
1 -352 -7706 -3200 68 -8 91
3 -1622 -6456 -5284 -250 -2464 -877
3 -2182 -6294 -5704 -208 -433 -235
4 0 0 0 0 0 0
2 0 0 0 0 0 0
4 0 0 0 0 0 0
2 0 0 0 0 0 0
2 0 0 0 0 0 0
1 0 0 0 0 0 0
1 0 0 0 0 0 0
1 2448 -7246 -6712 -1438 16358 1948
3 0 0 0 0 0 0
4 0 0 0 0 0 0
1 -1192 -9002 -8370 -6261 -8673 -1305
2 0 0 0 0 0 0
3 -1968 -5760 -11776 -6577 1659 2395
4 0 0 0 0 0 0
1 -534 -8140 -7706 -11834 -1511 1963
3 -2250 -3546 -11966 -13716 4113 3804
2 0 0 0 0 0 0
4 0 0 0 0 0 0
3 -1226 -394 -4424 -13148 280 432
2 0 0 0 0 0 0
1 0 0 0 0 0 0
1 -1742 -2950 -2036 -1628 -1666 1866
2 0 0 0 0 0 0
3 -5026 -1740 -6760 -2660 -2601 4173
4 0 0 0 0 0 0
4 0 0 0 0 0 0
2 0 0 0 0 0 0
1 14682 -10444 -10404 -147 -4677 -7487
4 -1260 7770 -878 460 -3358 -22
2 0 0 0 0 0 0
4 0 0 0 0 0 0
3 11244 -10004 6574 -2973 -20719 -7128
3 -16028 -2792 -12784 -2886 7374 -5650
1 -2326 -13348 -17476 2312 -19441 -1427
3 292 1408 -13234 -28455 43 10542
1 -11756 -372 -6800 -25330 20819 19852
1 18796 -5144 18776 -825 25343 -5687
4 0 0 0 0 0 0
4 0 0 0 0 0 0
3 1826 -450 18098 5659 -17795 -6095
1 -32768 -28378 -24890 32767 -32768 -24414
1 -8744 -1844 -4200 -16083 6897 13108
2 0 0 0 0 0 0
4 0 0 0 0 0 0
2 0 0 0 0 0 0
2 -1446 10004 1436 2935 -2446 -1010
4 -1908 8308 622 5358 -8226 -2956
2 0 0 0 0 0 0
3 28556 -16874 -32768 22580 9580 -9697
3 4716 2964 -6084 -21464 9348 13485
1 6974 -4058 23922 15117 -12508 -1297
1 3850 -19988 -32768 -4057 32767 5909
3 5154 -6706 14602 14906 11526 -7614
3 -25740 -19874 -27260 -2892 -20119 -1720
4 -1356 6794 -728 -5355 5642 1538
4 134 9966 -1334 -1933 6241 2232
4 -586 7792 2108 4728 -7977 -2240
3 22232 16802 22528 -19992 6414 3042
3 16668 5334 -8474 26822 28636 -2048
4 -2222 8256 -276 -5075 11163 2104
2 0 0 0 0 0 0
2 0 0 0 0 0 0
2 0 0 0 0 0 0
2 0 0 0 0 0 0
1 -6124 1308 15344 -20912 12310 2802
1 -13466 -4772 -25516 32767 -30451 -3136
3 -17778 -9848 -13312 -19500 1593 9648
3 16658 7948 24492 1735 -16272 -7887
2 0 0 0 0 0 0
4 1842 7964 1072 5232 -9098 -808
1 -3024 -2830 -16668 -20179 -10072 3872

4 -1014 7906 -1436 -45 17 29
2 498 8196 654 453 313 -24
3 -1506 -6422 -5336 7 80 -12
1 -154 -7588 -3214 16 -57 40
2 0 0 0 0 0 0
3 -1606 -6392 -5278 58 129 56
1 -258 -7712 -3262 28 -165 8
4 -968 7940 -1404 -1 -4 25
2 0 0 0 0 0 0
3 0 0 0 0 0 0
1 0 0 0 0 0 0
3 0 0 0 0 0 0
3 0 0 0 0 0 0
2 0 0 0 0 0 0
2 0 0 0 0 0 0
1 0 0 0 0 0 0
4 0 0 0 0 0 0
4 0 0 0 0 0 0
1 0 0 0 0 0 0
4 0 0 0 0 0 0
2 0 0 0 0 0 0
2 0 0 0 0 0 0
1 0 0 0 0 0 0
1 444 -7538 -4864 -319 2471 117
4 0 0 0 0 0 0
4 0 0 0 0 0 0
3 0 0 0 0 0 0
3 -1932 -5904 -8950 -3853 2668 2362
1 0 0 0 0 0 0
2 0 0 0 0 0 0
2 0 0 0 0 0 0
3 -2620 -3450 -11014 -9134 3479 4252
1 -2824 -9018 -10284 -9086 -8209 3539
4 0 0 0 0 0 0
4 0 0 0 0 0 0
3 0 0 0 0 0 0
4 0 0 0 0 0 0
1 -4162 -5484 -6640 -11501 1535 6989
3 -1804 -1518 -6010 -6189 3074 2069
3 -2330 -1772 -5800 -370 2856 2967
4 -716 8146 -1012 556 -3446 454
1 -1752 -3168 -2256 -6418 6160 4280
2 0 0 0 0 0 0
2 0 0 0 0 0 0
3 -1748 -8230 -19144 -4332 -9673 3992
1 10878 -4140 692 1927 6939 2009
3 2196 -2632 -13712 7202 7352 2757
1 3094 -7226 -12886 4741 7603 3686
2 0 0 0 0 0 0
4 0 0 0 0 0 0
2 0 0 0 0 0 0
4 0 0 0 0 0 0
4 0 0 0 0 0 0
4 -2570 8452 -1626 -670 -1247 -228
3 -6062 -10880 -21432 -20101 -6108 3519
3 8206 282 11514 -17554 1326 -2664
2 0 0 0 0 0 0
2 0 0 0 0 0 0
1 -24114 -11946 -15044 -9990 132 13881
1 11056 -3680 6652 -10934 -4932 3004
2 382 8818 414 -272 -3686 -422
3 4506 272 7542 13402 8078 -8332
1 7652 -1126 8756 15586 592 3699
3 -18886 -8932 -32768 9383 -4204 1000
2 -2 9078 928 1202 3722 -298
1 -9218 -15270 -32198 6229 7270 -3688
4 0 0 0 0 0 0
4 -1464 8862 -576 857 4557 -389
1 -9312 292 -2164 -15917 -11986 5702
3 3798 3932 -4596 -16829 3516 7082
2 608 8408 1194 1982 -1412 1516
2 -468 7820 686 955 -347 202
4 0 0 0 0 0 0
4 -2380 6894 398 -1354 2972 -282
2 0 0 0 0 0 0
3 1634 3184 5250 5545 6949 -3515
3 -2764 -5480 -21678 22327 5877 -3568
1 3358 -6930 8352 2536 -7454 -2473
1 -20782 88 -32768 18614 -25813 -12917
4 0 0 0 0 0 0

4 -952 7866 -1394 84 -195 33
3 -1760 -6520 -5150 -170 99 226
1 -522 -7516 -3514 448 -1512 -204
2 536 8316 658 420 873 -75
4 0 0 0 0 0 0
3 -1528 -6462 -5108 64 196 197
1 -218 -7810 -3360 -62 801 111
2 0 0 0 0 0 0
3 0 0 0 0 0 0
4 0 0 0 0 0 0
3 0 0 0 0 0 0
2 0 0 0 0 0 0
3 0 0 0 0 0 0
1 0 0 0 0 0 0
4 0 0 0 0 0 0
4 0 0 0 0 0 0
1 0 0 0 0 0 0
1 0 0 0 0 0 0
3 0 0 0 0 0 0
2 0 0 0 0 0 0
2 0 0 0 0 0 0
1 0 0 0 0 0 0
1 0 0 0 0 0 0
4 0 0 0 0 0 0
4 0 0 0 0 0 0
3 0 0 0 0 0 0
2 0 0 0 0 0 0
4 0 0 0 0 0 0
1 14 -8122 -8338 -3063 -3185 1231
2 0 0 0 0 0 0
2 0 0 0 0 0 0
4 0 0 0 0 0 0
3 0 0 0 0 0 0
3 -3168 -4528 -13584 -10485 323 2136
1 -2276 -8040 -9512 -10213 1863 4498
2 0 0 0 0 0 0
4 0 0 0 0 0 0
3 -3248 -1410 -9920 -14494 3662 4149
1 -3280 -6798 -7098 -12891 1376 4430
2 0 0 0 0 0 0
4 0 0 0 0 0 0
1 -1834 -1848 -2792 -8846 1345 1977
3 -1122 -1472 -5960 -6945 -83 2032
4 0 0 0 0 0 0
2 0 0 0 0 0 0
2 0 0 0 0 0 0
3 -1568 192 -5912 -2159 -2686 2912
3 -1662 -4090 -7230 9736 1424 -3833
4 0 0 0 0 0 0
1 0 0 0 0 0 0
1 -20980 -8538 -7952 12803 -528 -1823
4 0 0 0 0 0 0
1 -15746 -7584 -18256 -16162 2026 12927
4 0 0 0 0 0 0
1 10816 -10284 11498 -6120 3543 -588
3 -13040 -6682 -17304 -17342 -9747 9883
3 8648 6992 16716 -6279 -456 -3504
2 0 0 0 0 0 0
2 0 0 0 0 0 0
2 18 9520 872 1723 -6740 -277
3 8864 -2320 -2676 28506 15948 -3562
1 -3680 814 11508 27214 -17674 -7057
1 -13368 -5316 -15464 -8745 16011 10748
3 -4662 -9534 -14920 -15866 -7168 4069
2 -146 6510 328 822 4893 276
4 0 0 0 0 0 0
4 -92 8168 -1842 3787 -2339 -332
3 18168 16558 7862 -1418 -5882 -4996
1 5878 -9860 21676 -1829 14566 616
2 1868 8104 642 365 107 651
2 0 0 0 0 0 0
4 -2836 7194 -126 2325 728 -1782
1 -25782 2686 -7404 16714 -32768 -14740
4 -464 7824 -1650 -6101 13180 1580
3 -2210 -1622 -5104 26199 26550 6043
3 -5844 -12180 -13272 -14964 -6139 3989
4 1094 8862 -562 4202 -5635 889
2 0 0 0 0 0 0
2 0 0 0 0 0 0
1 -5146 -7232 -26876 -2526 3893 7841

4 -972 7812 -1296 123 58 285
3 -1412 -6556 -5046 -1184 113 201
2 272 8204 738 88 556 898
1 -1522 -7548 -3370 -572 -1054 -250
4 -1006 7844 -1480 23 149 458
2 736 7522 1314 -6 441 42
3 -1404 -6320 -4964 -720 285 263
1 -436 -8176 -4188 -114 910 418
2 0 0 0 0 0 0
2 0 0 0 0 0 0
1 -182 -8424 -4334 -6023 4785 4537
1 452 -4516 -4088 -1702 -3708 1653
3 0 0 0 0 0 0
4 0 0 0 0 0 0
3 0 0 0 0 0 0
4 0 0 0 0 0 0
4 0 0 0 0 0 0
3 0 0 0 0 0 0
4 0 0 0 0 0 0
1 0 0 0 0 0 0
2 0 0 0 0 0 0
1 0 0 0 0 0 0
1 -6 -7682 -4646 1316 411 -530
2 0 0 0 0 0 0
2 0 0 0 0 0 0
4 0 0 0 0 0 0
3 0 0 0 0 0 0
3 0 0 0 0 0 0
3 -1998 -6182 -6600 -1536 -1725 405
3 0 0 0 0 0 0
4 0 0 0 0 0 0
2 0 0 0 0 0 0
2 0 0 0 0 0 0
4 0 0 0 0 0 0
1 0 0 0 0 0 0
1 0 0 0 0 0 0
1 -2956 -7880 -10148 -1586 -2639 2789
1 -4630 -6720 -12244 -12366 3219 7977
2 0 0 0 0 0 0
2 0 0 0 0 0 0
4 0 0 0 0 0 0
4 0 0 0 0 0 0
3 0 0 0 0 0 0
3 -1386 -4174 -11938 -5347 -236 1818
1 -2434 -5304 -4230 -11655 7648 6498
2 0 0 0 0 0 0
2 0 0 0 0 0 0
1 2054 -4084 -1242 -2887 5727 -957
3 -4296 -4102 -8890 -9276 2086 2899
4 0 0 0 0 0 0
3 -5450 -3878 -14112 -21292 -13735 -2470
4 0 0 0 0 0 0
4 0 0 0 0 0 0
1 26168 -14260 -4552 1213 -3580 1252
3 8258 -5524 16204 4300 5798 8298
1 -21474 -8830 -16508 1072 -6304 8505
4 0 0 0 0 0 0
2 0 0 0 0 0 0
2 0 0 0 0 0 0
3 -32768 7482 -32768 -4741 -18304 -8376
3 0 0 0 0 0 0
3 -28282 20522 -31098 18668 -32682 -17365
4 0 0 0 0 0 0
1 13340 14414 19484 -15485 -19116 -95
2 -52 7322 694 -3607 3825 -2822
1 22330 -15882 -32768 28740 12944 6957
4 0 0 0 0 0 0
2 0 0 0 0 0 0
3 -8096 -7790 3606 -8080 15722 15379
2 408 8608 434 777 -1772 1430
2 0 0 0 0 0 0
3 -9614 21640 -5584 -1129 -28597 -14566
4 -988 8222 -1588 974 -3714 183
4 -2014 8044 -346 1639 -937 -821
1 -6594 22724 4874 -15730 -4127 940
1 15720 -15054 -3590 12907 26361 13311
1 -32298 14298 -17344 12148 -32768 -6818
2 -1248 8866 2304 1503 -7171 1937
4 -440 7114 -1936 -3657 6293 1165
3 4100 -15974 832 21687 32767 13006

4 -1040 8016 -1454 239 42 -434
2 564 8154 592 430 353 -137
1 12 -7724 -3204 76 567 126
3 -1270 -6576 -4998 -1233 789 1229
3 -1150 -6498 -4968 -518 753 670
4 0 0 0 0 0 0
2 0 0 0 0 0 0
1 -170 -7764 -2942 -25 367 96
2 0 0 0 0 0 0
3 -1222 -6600 -5022 44 453 61
4 0 0 0 0 0 0
4 0 0 0 0 0 0
2 0 0 0 0 0 0
3 0 0 0 0 0 0
2 0 0 0 0 0 0
4 0 0 0 0 0 0
1 0 0 0 0 0 0
1 0 0 0 0 0 0
1 2572 -7362 -8908 -925 1587 -688
3 0 0 0 0 0 0
1 -3494 -9714 -8430 -7696 -3934 6
2 0 0 0 0 0 0
3 0 0 0 0 0 0
3 -4188 -6110 -13974 -9172 -5095 2416
4 0 0 0 0 0 0
4 0 0 0 0 0 0
1 -4074 -8694 -5726 -12604 -4872 5922
2 0 0 0 0 0 0
4 0 0 0 0 0 0
4 -1044 8360 -1380 733 -1828 234
1 -4008 -5580 -2938 -8902 3542 8216
3 -4426 -1756 -12518 -19319 2582 7369
3 1354 878 -3594 -10599 4932 5835
1 -244 -2802 -3656 -2840 5162 4436
2 0 0 0 0 0 0
2 328 8342 562 105 -3762 68
2 0 0 0 0 0 0
2 0 0 0 0 0 0
4 0 0 0 0 0 0
4 -900 7068 -868 1107 -3479 531
1 0 0 0 0 0 0
1 -13028 -4304 -6502 9397 -10141 -5521
3 494 -1218 -8150 59 1724 1653
3 836 2506 -3638 11676 7307 2362
4 0 0 0 0 0 0
3 -5720 -6536 -19196 -3723 -5476 1778
1 -6080 -9402 -14936 -5402 -9692 2417
2 0 0 0 0 0 0
1 -254 7058 1014 -23065 23940 8963
4 -1720 7822 -1304 -498 -6149 -272
3 1876 2890 1686 -25093 -7654 5232
2 686 8694 620 -3141 3823 -2278
2 1680 8292 262 -1163 1696 -536
1 6550 -4596 16778 14760 -8632 -6986
1 -25400 -24364 -2550 10847 5358 4946
3 3220 -1300 5440 20524 8723 -1495
3 -10170 -21018 -22688 4261 -2320 -6883
4 -1766 7388 -2712 -2212 -2459 1134
4 0 0 0 0 0 0
2 0 0 0 0 0 0
3 -10984 -664 -3262 -24267 -9810 4082
3 10928 -10216 12324 21505 13279 -11697
1 3774 -1590 -5436 -25015 25755 10176
1 -312 -5550 25706 26850 -13102 5865
2 534 7704 1596 4305 -1829 2968
4 -1894 7470 -244 2921 -4545 -1293
4 -2148 6896 -634 -3481 3080 1141
2 -704 7612 888 1028 -3220 1127
2 658 7502 668 -56 5056 830
4 -410 8822 -2330 -2719 8491 2115
1 18196 -12052 -32768 -6276 6077 -1551
1 -9580 5504 18580 -19820 5911 -5480
3 -21100 -11718 -9158 -4416 4076 4806
3 24150 14338 22930 -14381 -225 1438
2 0 0 0 0 0 0
4 -1694 9402 -462 6640 -6404 -2977
1 -11118 -7664 -32768 24203 -15683 -3944
2 -234 9280 1038 -3679 2182 -2779
3 -20392 22048 -28604 14993 -5544 -7803
4 0 0 0 0 0 0

1 -274 -7716 -3204 127 318 54
2 470 8194 628 151 165 -204
4 -858 7888 -1246 74 49 50
3 -1636 -6538 -5184 -33 76 -67
1 -136 -7742 -3168 89 233 79
4 0 0 0 0 0 0
3 -1672 -6554 -5120 -123 -15 -190
1 0 0 0 0 0 0
2 0 0 0 0 0 0
4 0 0 0 0 0 0
3 0 0 0 0 0 0
4 0 0 0 0 0 0
1 0 0 0 0 0 0
3 0 0 0 0 0 0
1 0 0 0 0 0 0
2 0 0 0 0 0 0
2 0 0 0 0 0 0
2 0 0 0 0 0 0
2 0 0 0 0 0 0
2 0 0 0 0 0 0
1 0 0 0 0 0 0
4 0 0 0 0 0 0
1 668 -6300 -5978 388 -2565 35
4 0 0 0 0 0 0
4 0 0 0 0 0 0
3 0 0 0 0 0 0
3 0 0 0 0 0 0
3 0 0 0 0 0 0
4 0 0 0 0 0 0
2 0 0 0 0 0 0
4 0 0 0 0 0 0
2 0 0 0 0 0 0
3 0 0 0 0 0 0
1 -5796 -8946 -7592 -4903 -12642 -215
3 -3806 -8654 -11194 -5032 -1359 2041
1 -3928 -9204 -5968 -9484 137 6794
1 -2512 -6358 -4226 -8873 2162 7495
3 -4622 -556 -12748 -15948 3027 4835
1 -3024 -3376 -3548 -4978 1329 4783
3 -3204 662 -6048 -14443 3057 7305
4 0 0 0 0 0 0
2 0 0 0 0 0 0
4 0 0 0 0 0 0
2 118 8190 856 396 -4074 122
4 -1306 8164 -654 2689 -3905 -83
2 0 0 0 0 0 0
3 -3774 -1584 -6836 -3220 -2116 4864
3 -9902 518 6496 4977 -1399 -192
2 0 0 0 0 0 0
4 -1278 7198 -144 2811 -6451 -513
1 0 0 0 0 0 0
1 20256 -5600 -10042 1589 5966 -5842
2 0 0 0 0 0 0
3 5994 -10206 -18794 7222 -12329 -2821
4 0 0 0 0 0 0
3 1622 -1664 5534 -27929 -3849 942
1 -9476 -11732 3720 2629 15456 2658
4 -1704 8938 -1380 559 -11333 296
1 -32768 -5668 -10384 -19762 10335 20876
2 0 0 0 0 0 0
2 0 0 0 0 0 0
2 -842 7104 990 2351 -4808 167
4 -2748 7348 -3298 -4841 1364 2613
4 -948 8848 -924 2269 -4888 164
3 8028 -4310 -26628 10864 -3933 2469
3 9416 954 14666 -5881 9663 -7565
1 -5398 -5522 6684 8008 -30984 -13631
1 10542 10068 -10676 3871 11774 17615
3 -24260 632 -15120 2852 3959 7492
2 1384 9398 1620 415 7031 1893
2 -2970 7090 2284 4711 -9600 1400
4 -3920 5812 -464 -1733 3424 -1023
1 4664 -15256 -14968 -7297 -918 -4418
3 16508 -8514 20628 -4010 -13738 -10266
4 200 9330 -1278 -933 2963 2469
1 6564 8238 370 2653 24865 11291
4 -3436 7612 -70 1498 -1312 -2931
3 -5618 -7352 -25706 14412 16712 6340
2 470 9468 1650 -1438 9451 -323
1 13804 -17386 -21436 3915 4165 2432

2 380 8190 636 361 564 80
3 -1652 -6488 -5058 43 -259 -92
4 -1024 7950 -1322 -229 -52 111
1 -52 -7604 -3068 68 -297 5
3 -1546 -6484 -5244 188 -45 6
4 0 0 0 0 0 0
3 0 0 0 0 0 0
1 -70 -7690 -3256 233 -66 -7
1 0 0 0 0 0 0
2 322 8240 666 515 320 92
2 0 0 0 0 0 0
2 0 0 0 0 0 0
2 1026 8728 1008 2434 -1519 788
1 -2658 -8658 -8694 2294 17168 5796
1 872 -4390 -22452 -13613 4156 4598
4 0 0 0 0 0 0
4 0 0 0 0 0 0
3 0 0 0 0 0 0
3 -2322 -4968 -9592 -2288 -1466 311
4 0 0 0 0 0 0
1 -6922 -3814 -512 -15503 1181 1888
4 -818 7486 -842 2772 -2746 -702
3 -10146 1040 -32768 -23659 -351 2953
4 -1800 8654 -2 3365 -8548 -717
3 14764 -32768 32767 7352 32767 20385
1 32767 -32768 32767 12383 32767 28794
2 4 7932 1152 2426 -5357 1175
2 0 0 0 0 0 0
1 -3868 -11240 -24516 -10869 -32768 2850
2 -312 8326 416 -2153 -1904 -980
3 32767 -3096 -32768 -11039 -5272 -3782
4 -1654 6488 94 -1417 -7841 -921
3 -6240 -7278 -5362 8995 17622 2773
2 0 0 0 0 0 0
1 9274 -6430 14692 -9 11744 5728
4 -950 8454 -4522 -1026 -7741 2712
4 -2920 7002 -1566 -3928 2350 4286
4 -3188 8852 380 1030 -5742 278
1 4682 -11890 -16492 -10389 2425 -937
3 1920 -13798 -7438 -7443 -4921 709
1 21118 11364 32767 13689 -26 2891
3 8512 19332 32767 11715 15617 -723
2 890 8404 -386 -2094 373 -847
2 -400 8406 34 240 4979 134
2 752 10416 2030 4088 -4530 4983
3 10544 -10700 -23014 -18225 6501 -5868
4 -1268 8252 204 988 8431 1043
1 -670 962 -29446 -6266 4179 13526
4 -1660 8920 -3796 -3958 -6006 270
1 3740 -27232 -10834 -6633 -18757 -5527
3 -3866 3898 -29264 4820 8295 831
2 434 7192 1948 263 11405 228
2 -682 6870 1604 -2644 -4054 -4007
2 572 9308 436 -2521 -1222 964
3 -5432 14024 3730 -6228 -5505 4776
3 -1326 -27100 -22224 373 -14708 -12855
4 1254 7886 -1636 4506 -988 -2966
4 0 0 0 0 0 0
1 -3912 -3548 11288 3284 20477 3792
1 -32768 2714 -32768 8095 -8264 1963
3 1932 5694 2982 10149 -1308 1574
4 -1682 5856 3840 1708 5765 -3517
3 -13464 8318 -5036 -22023 2769 4069
4 -1630 9562 -552 864 341 1546
2 0 0 0 0 0 0
2 0 0 0 0 0 0
1 8444 -6084 20974 -3113 -3492 -6840
1 5306 -9564 -20698 -10759 12994 10412
2 -208 8066 1624 502 901 536
2 0 0 0 0 0 0
4 -2892 8494 -4190 -3947 10250 1871
4 652 6672 3572 3595 -4483 -2853
3 -8662 -20846 -32768 6612 -4266 -4768
3 -5498 286 8870 17218 -16749 4537
1 -29116 -15402 -32768 6586 -26047 -3935
1 1108 -8434 19140 8209 -2892 -10061
4 -1950 8368 -316 1558 -837 1346
1 24928 24646 -7630 -10004 24160 16631
3 -15274 1068 29978 -17578 6786 -7269
2 -1054 7776 2648 3157 -10482 2603

3 -1904 -6430 -5152 -113 -170 -166
4 -1016 7970 -1558 -351 146 63
2 382 8216 718 1013 -95 75
1 132 -7920 -3114 139 947 230
2 472 8178 806 1043 -179 110
1 -182 -7754 -2972 -80 2096 626
3 -1790 -6442 -5086 -63 -69 -45
4 0 0 0 0 0 0
2 0 0 0 0 0 0
1 0 0 0 0 0 0
1 78 -1766 -25156 -11959 10029 5683
2 0 0 0 0 0 0
2 604 7312 1504 2588 -2687 1312
3 0 0 0 0 0 0
3 -4236 -4800 -15894 -5947 4355 3280
3 -14554 -4342 -29342 -29960 4664 16081
4 0 0 0 0 0 0
4 0 0 0 0 0 0
4 -910 10498 -210 6426 -7982 -435
1 -456 -5006 2272 -13412 10839 3851
4 -2234 5012 640 4838 -9155 630
2 0 0 0 0 0 0
3 -4316 -1062 -15506 14608 -32768 2686
4 -2790 8000 -3364 -1609 -2979 2598
3 -19556 -11680 14702 -12911 -29577 -6880
2 0 0 0 0 0 0
1 -4368 6080 7248 21396 -13810 -6994
1 -5106 4552 24112 -8777 9401 689
2 2514 10072 -1182 -3814 9122 -1678
3 -12974 -8200 -6614 -2781 -16114 -12257
3 10586 31350 22528 -11738 32767 3909
2 0 0 0 0 0 0
1 974 -11702 -3014 1897 -5418 1126
4 -3476 5016 -1150 -2304 -11300 3048
1 16010 10566 32767 -18874 17267 6460
4 0 0 0 0 0 0
3 18006 -30994 -27548 -19033 14899 -10686
2 1562 11666 2060 1241 2381 2119
2 1800 9786 1402 -1448 10572 1019
4 -5508 14718 -2240 -1544 12095 4266
3 -15084 21988 -19704 13698 -15078 955
4 -2254 3816 -384 -2288 3446 -1354
1 -6904 -468 -32768 -16160 2631 11553
1 -17854 -31424 -14598 12340 -24073 -12699
1 -3034 8674 -2890 1421 -3795 4829
2 530 6510 1696 2675 -3994 -519
4 1488 7426 3120 476 424 -873
1 -1564 12324 -7762 20666 -7598 -8960
3 -22314 2504 7904 -11141 6720 9831
2 -1274 7864 1166 2755 -15833 4554
3 31614 -2316 -4546 23365 -8480 -5081
4 -986 10498 -1306 -7624 7705 3604
3 -7962 19146 7704 -32768 16736 2149
3 -1672 1946 -32768 31283 -32768 -7833
4 1500 5932 2656 4269 -2362 -729
2 554 5418 -1228 -3121 1838 -1002
4 -2034 10622 -1656 -3620 -1379 995
1 -3772 7306 4240 -32351 5733 1391
1 -24452 -2072 -32768 30735 -32768 -8349
2 2100 12432 1380 876 3201 -946
2 0 0 0 0 0 0
1 -7368 3560 18086 6023 -5705 -631
2 2850 8820 552 1759 -3114 3150
1 10470 2824 -32768 -898 -10002 -11107
3 10874 -64 32767 -9250 19473 8096
4 4848 4752 -948 852 8487 1537
3 -32768 -16564 -7386 18494 -27760 -7719
4 -2134 9146 108 -387 -8052 -1930
3 9480 31536 16096 -10247 -12204 -11253
3 14142 -32768 -32768 22812 26036 -3273
2 0 0 0 0 0 0
2 2900 9702 1300 442 -6857 2661
4 2788 4468 2280 -130 9560 -851
4 -6650 11790 1136 -1351 -8420 2591
1 7846 -22270 32767 3257 32767 19430
1 -20188 -20422 -32768 10474 -25525 -4878
4 0 0 0 0 0 0
2 1150 7384 420 672 -1855 1056
1 -3200 2234 -1482 -7954 2686 -8609
3 -28388 8260 16368 -14371 706 16615

2 858 7268 528 45 1217 -882
1 -2602 -6870 -3480 2408 1774 -407
4 -1190 7858 -1134 37 54 38
3 -2010 -6474 -4768 -56 -89 201
1 1350 -7906 -5170 -371 -6510 -265
2 1088 8614 662 -594 176 138
4 -1042 7916 -1246 227 -175 80
3 -1672 -6502 -4964 -32 -127 86
1 -752 -7556 -3470 -845 -400 -475
4 0 0 0 0 0 0
1 0 0 0 0 0 0
1 -590 -6310 -12962 -8626 8397 5832
2 0 0 0 0 0 0
3 0 0 0 0 0 0
3 0 0 0 0 0 0
2 0 0 0 0 0 0
4 0 0 0 0 0 0
2 504 7922 1100 1230 -1792 376
4 0 0 0 0 0 0
2 0 0 0 0 0 0
4 0 0 0 0 0 0
2 0 0 0 0 0 0
4 0 0 0 0 0 0
1 -2166 -5184 -7726 -11816 4559 5554
1 -2676 -1072 -2742 -7345 4843 3030
4 -1004 8312 -1094 910 -2913 280
2 0 0 0 0 0 0
3 -4154 -6152 -8906 -3199 1092 488
3 -3000 -2894 -15368 -17186 5104 2640
3 -3436 -348 -5480 -15056 2190 5308
3 -10690 -7838 9560 -3954 -9101 4598
2 0 0 0 0 0 0
1 -3046 -6612 -3844 3240 -462 2544
4 -1406 6996 -484 1134 -4349 -171
1 -21460 -8938 -11342 7157 -14566 4426
3 6436 -7096 -26412 3638 20578 3297
4 0 0 0 0 0 0
2 -972 7520 426 -2827 2181 -3717
1 -7416 -3948 -5052 -20766 3626 17557
3 -898 8926 964 -24821 11490 5001
1 0 0 0 0 0 0
2 1046 8590 560 -4732 8691 -2801
4 0 0 0 0 0 0
3 -3812 -15698 24520 22652 6133 -2495
4 0 0 0 0 0 0
3 -17230 -25556 -32768 -4810 -12024 -3307
3 5256 8692 14642 -17140 14785 10001
2 1582 10438 3030 257 784 -2265
1 -26140 -29346 -13074 15135 1525 169
2 -788 8202 2966 1798 -9215 3130
4 -2018 9012 264 6687 -5679 -3753
1 -1180 9906 3620 -24276 9427 -1692
1 6514 -15342 -1022 20502 30376 11491
1 324 -6038 -30482 -14267 5530 -3690
2 0 0 0 0 0 0
3 1310 24904 -9016 14985 -32163 -13206
4 -1066 6676 -1002 -283 2097 760
3 -31594 -12156 -11378 -5926 -22570 -1216
4 -984 8038 -1514 -2919 3773 433
2 -216 8964 2518 3517 -8461 1537
3 12100 -2482 15702 -13367 -1646 -735
2 -2172 5910 1042 896 162 1209
3 5726 10350 -7160 27679 -9540 -3942
2 0 0 0 0 0 0
1 -7650 6124 14210 -22632 6535 -3174
4 -824 8064 -684 854 -2094 410
1 9972 -3576 16864 32767 8849 4933
4 0 0 0 0 0 0
4 648 7658 -2280 -1162 5290 1989
1 1334 -12224 -24638 -18995 -8980 -2417
4 -2410 8256 -474 3863 -8439 -1493
1 -3778 1336 4642 9459 -3103 5013
3 -25874 -7152 -9380 -13690 10754 9501
3 13236 -12146 14116 -1772 8397 -5948
2 1420 7434 920 -777 10890 -960
2 0 0 0 0 0 0
2 0 0 0 0 0 0
3 -278 8614 -14756 7243 20879 1006
4 -1904 7300 -350 -1573 6101 -1008
1 4842 -16834 -10460 1881 -11482 -1053

4 -770 8340 -1466 -367 106 203
1 -606 -7534 -4082 1828 -1889 -816
2 1368 7304 1738 1339 -1934 131
3 -1966 -6174 -5166 1826 773 503
4 0 0 0 0 0 0
3 -1774 -6586 -5684 1609 1039 461
1 -1486 -7690 -4362 26 4405 683
4 0 0 0 0 0 0
3 0 0 0 0 0 0
1 -1216 -7538 -2946 -1601 1179 567
2 216 7888 942 -1169 -2708 357
2 0 0 0 0 0 0
2 0 0 0 0 0 0
4 0 0 0 0 0 0
4 0 0 0 0 0 0
1 0 0 0 0 0 0
1 -2550 -9476 -10996 -8411 -6723 2551
3 0 0 0 0 0 0
3 -2052 -6690 -7030 -2925 -839 1087
1 -2760 -6380 -7784 -15045 4983 6404
3 -2552 -4694 -10630 -8976 -459 1906
1 -3702 -1824 -1436 -6115 4067 3329
3 -4802 0 -14242 -15398 1187 2554
4 0 0 0 0 0 0
4 0 0 0 0 0 0
1 298 -4992 -292 3638 1771 390
2 0 0 0 0 0 0
2 0 0 0 0 0 0
2 0 0 0 0 0 0
2 -60 8402 1068 2874 -2881 753
1 -11244 -10800 -30814 7149 3643 8285
2 0 0 0 0 0 0
3 0 0 0 0 0 0
3 -1748 4554 -31672 12059 10730 1235
4 -792 8384 -1042 1532 -2419 322
4 -1222 6920 -848 1756 -4298 -385
1 -6626 -6428 -9336 -32759 7888 9917
2 0 0 0 0 0 0
2 0 0 0 0 0 0
1 -15472 -12626 14534 21594 -4758 -440
3 -4300 7622 -10716 -27674 8332 -108
3 -3030 -14074 32767 10928 -2280 -1141
4 0 0 0 0 0 0
4 -656 7636 -2362 -5724 599 2647
4 0 0 0 0 0 0
2 0 0 0 0 0 0
2 -2020 5572 1334 2295 -7677 405
1 1228 -25140 -31082 -3852 11672 3987
3 -9306 -25484 -32768 -1479 -14536 -3046
3 10830 -1114 19634 -9874 7433 -427
1 -11906 12188 17714 -7973 -12514 -1731
4 -1538 8298 -1274 4260 -1965 -1644
3 -21258 8974 -32768 28225 1533 -3213
3 1966 -15620 -7936 -11124 17280 13474
4 0 0 0 0 0 0
1 7122 -13390 -15592 20114 -11165 3279
4 0 0 0 0 0 0
1 -14452 10080 -18382 -17098 -12284 -6030
2 80 10482 1914 -2115 3163 -269
2 -2298 7178 2302 3547 -10733 -521
1 5162 -2764 4184 2963 12905 6069
4 -1374 7476 964 3265 -5826 -2418
3 -12844 10466 9046 -4321 10456 11000
2 622 8612 994 -4437 15240 -2525
3 32767 -2368 -7478 27865 -40 -2350
2 -780 10148 3458 1834 -5501 2028
4 -1174 9324 -856 -5028 11022 1746
1 -16670 2224 -9066 20460 -22548 -13338
2 -892 7480 676 2995 -6174 -466
4 0 0 0 0 0 0
2 -418 7196 1274 -2157 5857 -536
4 -3850 5392 494 -30 1819 271
3 -21534 -16760 -13062 -18474 3533 7129
1 -9132 -4734 -20596 -15406 3297 9393
1 -2472 -19202 31816 6038 2664 3808
3 2572 4524 32767 15261 6030 1638
3 -32768 -32768 -32768 16371 -31036 1990
2 410 9842 2244 867 2147 -2
4 1400 10196 -2408 -5696 12745 1879
1 1736 -32768 -31322 2611 26396 1254

3 -978 -6314 -4970 289 1535 526
1 -882 -7674 -2672 -417 -148 632
4 -618 7944 -1318 3 -41 172
2 476 8254 632 414 -1031 -278
3 -1652 -6372 -5044 501 -627 -799
1 0 -7740 -3270 -86 712 313
2 0 0 0 0 0 0
4 -1084 7770 -1346 -338 -140 298
1 0 0 0 0 0 0
3 -1446 -6622 -5314 486 222 -142
4 0 0 0 0 0 0
2 0 0 0 0 0 0
3 0 0 0 0 0 0
3 0 0 0 0 0 0
1 0 0 0 0 0 0
1 0 0 0 0 0 0
2 0 0 0 0 0 0
2 0 0 0 0 0 0
4 0 0 0 0 0 0
4 0 0 0 0 0 0
2 0 0 0 0 0 0
1 -210 -7576 -7494 -1180 1505 2860
1 -1286 -6396 -10190 -10258 5807 6087
4 0 0 0 0 0 0
3 -2500 -6468 -8176 -3244 282 1131
3 -2238 -3310 -12050 -10937 2220 1854
2 312 8174 1242 871 -2918 -469
2 0 0 0 0 0 0
2 0 0 0 0 0 0
1 0 0 0 0 0 0
4 0 0 0 0 0 0
1 -2604 -3700 -786 -5747 7826 1016
4 -670 8334 -1252 528 -1817 485
4 0 0 0 0 0 0
3 -1880 -2190 -10304 -15505 298 -640
3 -5888 130 -4158 -3934 2270 6974
4 0 0 0 0 0 0
2 0 0 0 0 0 0
2 0 0 0 0 0 0
4 0 0 0 0 0 0
3 -6192 -4390 3124 5018 -13721 -6265
3 -15334 -10470 -20464 -8197 -8104 2580
1 -13144 -11472 -3070 3929 4935 -3307
1 9098 -10390 -9716 -9854 14339 4906
2 -546 8678 848 -3601 1469 -3094
2 -166 9768 496 -2886 804 -1866
1 2696 6068 9014 -23484 -18032 -2355
4 0 0 0 0 0 0
1 3944 -17664 9340 24503 18093 4075
4 -2214 8622 -2140 -4186 -1389 989
3 7616 8102 7882 -17669 32767 1475
3 3262 -3558 26230 19631 -15046 845
3 7520 -25316 -27060 -6576 15716 -2592
4 402 9498 -2688 -759 8833 567
3 10692 4944 17018 -13529 11816 5126
2 0 0 0 0 0 0
1 -15488 -22204 -28510 -10159 -1324 705
2 0 0 0 0 0 0
4 -1188 8034 -1182 5807 -5587 -2782
1 -894 11502 19578 -12811 -4567 -1624
4 0 0 0 0 0 0
3 9118 14780 -7986 23466 -24370 2467
3 -13326 -17156 -20540 -11089 2195 2058
4 -348 8260 -888 2464 226 374
2 0 0 0 0 0 0
2 -164 8652 2442 2773 -4944 952
1 10564 404 3614 27330 19903 8097
1 4576 -9938 -29964 -17906 -9817 -8413
3 18392 -8798 13352 -6228 15460 -5144
2 -1318 5310 -16 -2374 1570 138
4 -1532 7112 -142 2603 -2396 -1400
4 0 0 0 0 0 0
1 -5298 8556 12892 221 -7446 7169
1 15750 -5138 1216 11776 10221 3357
3 -19196 16330 -9356 16493 -15524 5250
2 -108 9792 1354 -354 2607 1505
4 -302 8590 -1518 -6333 4302 3184
2 -1226 7758 1894 2898 -4844 -224
3 28710 -7256 -9582 5581 -8712 -3879
1 -21514 7724 -6124 7871 3878 -3377

2 2 8240 386 302 566 -37
3 -1314 -6472 -5208 167 -159 9
4 -808 8220 -1678 -190 -547 43
1 -248 -7708 -3086 75 -114 2
2 0 0 0 0 0 0
1 -260 -7758 -3052 35 -272 -18
4 -400 8046 -5178 1740 -2931 -1405
3 -1030 -6942 -5488 -616 -845 -621
3 0 0 0 0 0 0
4 -3696 8070 -9396 6701 2248 -2179
1 0 0 0 0 0 0
1 0 0 0 0 0 0
2 0 0 0 0 0 0
2 0 0 0 0 0 0
2 1208 8890 -486 925 1456 -396
1 0 0 0 0 0 0
4 -4850 8528 -5854 11135 -275 -3013
4 -2136 6198 -1890 8129 1486 -3492
3 0 0 0 0 0 0
2 6348 10528 -5522 6432 2287 2810
1 -94 -8036 -2444 -1519 -2431 -307
4 -1068 6294 -2396 2208 3436 -736
2 1236 10728 -5614 12411 -2892 5063
1 0 0 0 0 0 0
4 0 0 0 0 0 0
1 338 -7710 -3330 -276 -6991 -2694
2 1072 7458 -3258 13790 -7308 4383
4 -4226 3984 -5988 -486 2555 -3494
3 -1370 -6504 -4556 -313 -3853 -3397
3 0 0 0 0 0 0
3 0 0 0 0 0 0
3 0 0 0 0 0 0
4 1174 -986 -3042 3695 -6894 -2434
3 0 0 0 0 0 0
1 0 0 0 0 0 0
2 -10548 -7336 5120 -1552 -21989 526
1 -1486 -7306 -3236 860 -4789 -3530
3 0 0 0 0 0 0
4 -7296 5536 -7874 3849 7803 -6324
1 -1122 -7450 -3362 1599 -1494 -2421
3 -584 -6920 -5240 -2958 -1059 -709
2 -2202 6818 -11572 10572 824 -1092
2 804 -744 -5266 4545 23229 1567
4 -1346 1630 -4092 9539 -8830 -1800
4 -6090 -4918 -2932 -4153 21535 -3473
4 -7146 2884 -15730 -9579 -13629 1915
3 0 0 0 0 0 0
3 -1358 -5780 -4340 1554 5883 2670
1 -256 -7598 -3336 745 138 -905
1 0 0 0 0 0 0
2 -5544 -5886 -5980 -2933 12688 -717
2 -10114 8802 -16994 -13392 23794 -5658
2 -10554 -18638 -11930 4547 -18931 5688
2 0 0 0 0 0 0
1 -828 -6590 -2670 950 2871 38
4 32767 6358 2222 6178 9110 7001
4 -13160 -16092 -18242 -11265 -3720 -3371
3 -46 -7242 -5470 717 2893 -950
3 -2764 -7112 -4070 -6253 -8248 -1512
1 -164 -8538 -3492 -105 1280 904
4 3728 9214 -18518 -2014 5894 3041
2 -6814 2006 -11574 15886 -21226 11420
4 -8004 -2730 6180 5286 -8536 -1918
2 7930 -1390 -2956 -9553 22589 -12948
1 0 0 0 0 0 0
3 -2692 -5928 -4642 5392 8063 3332
1 0 0 0 0 0 0
3 1078 -7532 -4466 -1558 -1501 -1266
4 -26318 -8040 -8152 -2734 -17131 -3507
3 -3494 -5470 -4262 -1310 -11983 -2221
4 11274 27936 -4046 -3287 -32715 637
3 -40 -7486 -5834 9800 16809 3740
2 -7582 20956 3006 -3821 14215 6485
1 0 0 0 0 0 0
2 -9400 -822 -30576 545 32767 3924
1 0 0 0 0 0 0
3 -1212 -8430 -3104 -6314 -11830 -3021
4 -12824 -11272 -766 11816 -11096 -11637
2 3824 3616 -936 615 7894 -39
1 0 0 0 0 0 0

4 -1344 7822 -1496 -194 417 52
3 -1250 -6602 -5082 -118 -192 -28
1 218 -7728 -2838 319 -375 43
2 -106 8516 240 158 85 -145
1 0 0 0 0 0 0
2 552 8202 244 590 -25 174
4 -1368 7818 -1536 -158 394 -10
1 0 0 0 0 0 0
3 -1234 -6614 -5118 69 -138 -13
2 0 0 0 0 0 0
3 0 0 0 0 0 0
4 0 0 0 0 0 0
2 0 0 0 0 0 0
1 0 0 0 0 0 0
1 0 0 0 0 0 0
3 0 0 0 0 0 0
3 0 0 0 0 0 0
4 0 0 0 0 0 0
4 0 0 0 0 0 0
2 0 0 0 0 0 0
2 0 0 0 0 0 0
2 0 0 0 0 0 0
4 0 0 0 0 0 0
4 0 0 0 0 0 0
1 0 0 0 0 0 0
1 0 0 0 0 0 0
3 0 0 0 0 0 0
3 0 0 0 0 0 0
4 -1966 8618 -8298 2850 2228 -2385
1 0 0 0 0 0 0
2 2568 10304 -4606 9279 -3699 4146
1 0 0 0 0 0 0
4 -4908 9688 -9212 12314 1758 -4476
3 0 0 0 0 0 0
3 0 0 0 0 0 0
2 -24 8644 -3660 12250 -3518 2552
3 0 0 0 0 0 0
1 -228 -7830 -3046 297 -3864 -1815
4 -4472 8660 -1656 13607 3481 -6215
2 -1034 6512 -3628 8998 1946 1313
2 -8290 3618 -4772 2222 5000 -6385
4 -1608 2712 -364 2379 4580 -3332
3 0 0 0 0 0 0
4 -17566 9342 -20614 -6037 2806 -1206
1 0 0 0 0 0 0
1 0 0 0 0 0 0
1 0 0 0 0 0 0
2 10352 15048 -17098 -6994 17947 773
3 -1876 -6544 -4486 -343 -4459 -2080
2 7396 8392 -7278 19330 -17958 17642
3 0 0 0 0 0 0
4 -16602 11888 -13414 15194 10637 -6045
3 0 0 0 0 0 0
3 0 0 0 0 0 0
1 0 0 0 0 0 0
1 -620 -8244 -3524 -982 4877 172
4 9354 -8722 30594 -3387 -23355 223
2 -15508 -4462 17656 -18869 26965 -9913
4 -11372 29656 -24012 -4484 -3352 995
2 4804 24604 -19088 11585 -7410 5541
4 16184 -7676 14796 11955 3726 3353
3 -980 -7502 -5184 -5322 -3875 -990
3 -3208 -5926 -4036 -1785 949 1377
4 -17548 9864 -32768 -16087 -7530 1361
1 0 0 0 0 0 0
2 -13008 -7996 4054 2978 -4085 4061
1 0 0 0 0 0 0
2 18646 27858 -6620 -9788 6860 -6709
4 17816 -2434 -8238 15590 24612 3178
3 -94 -7750 -4998 -801 4907 -169
4 0 0 0 0 0 0
3 0 0 0 0 0 0
2 -16480 -17950 -11664 9979 -10675 10960
1 0 0 0 0 0 0
2 0 0 0 0 0 0
1 0 0 0 0 0 0
1 0 0 0 0 0 0
2 -9438 3546 -29362 7499 -32768 5860
4 -24890 11258 6354 -5807 19286 4948
3 -854 -6544 -5178 6776 13471 3547

2 278 7958 482 818 655 130
1 -1616 -8082 -2978 306 -2024 -1021
4 -974 8020 -376 -424 679 14
3 -1444 -6668 -5092 241 -213 -221
1 0 0 0 0 0 0
2 374 8040 418 166 408 -91
2 0 0 0 0 0 0
4 -790 8182 -360 -257 613 28
3 -1650 -6662 -5054 -341 -616 -289
4 0 0 0 0 0 0
1 -64 -7862 -3264 -20 89 158
1 618 -7832 -3312 -113 -2763 -708
1 346 -7350 -3536 191 -5688 -1285
2 0 0 0 0 0 0
3 0 0 0 0 0 0
2 0 0 0 0 0 0
3 0 0 0 0 0 0
3 0 0 0 0 0 0
4 0 0 0 0 0 0
4 0 0 0 0 0 0
3 0 0 0 0 0 0
3 0 0 0 0 0 0
1 -1464 -7712 -2530 -51 -2100 -985
1 -346 -7804 -2740 -463 6134 674
4 0 0 0 0 0 0
4 -1210 10300 -6538 5818 -6570 -1777
2 0 0 0 0 0 0
2 0 0 0 0 0 0
3 0 0 0 0 0 0
3 0 0 0 0 0 0
4 -3716 9330 -8894 14836 1887 -2686
2 0 0 0 0 0 0
4 -2592 6154 -2876 11659 5062 -3369
2 2830 14350 -9804 15457 -8969 2562
1 134 -7860 -2890 -581 1150 867
1 0 0 0 0 0 0
2 -4686 7180 -4290 19833 -4488 1264
2 -2720 2022 -622 3612 3247 -763
3 -1072 -6722 -4770 -1038 -1705 -1103
4 -1812 4200 -2288 4695 3028 -1409
4 -3636 3502 -4226 1786 807 -3740
3 -1560 -6732 -4456 -1332 -3468 -1932
1 -94 -7680 -2818 15 63 309
1 470 -7530 -3556 341 -3099 -1256
3 0 0 0 0 0 0
1 0 0 0 0 0 0
3 0 0 0 0 0 0
1 -1044 -7796 -2736 1446 -483 -626
4 4008 3244 -1578 -4491 -17613 -5115
2 -1272 14052 -9386 -11603 9925 -3547
4 -7972 3786 -16314 9875 -1772 -9909
2 17444 12992 -9066 7057 15108 14406
3 0 0 0 0 0 0
3 0 0 0 0 0 0
4 8790 1124 16542 -4665 18098 -3885
4 5332 4688 -19192 2466 -4939 4493
2 -1692 -3500 -7036 3121 -1628 11059
2 11794 13434 -14082 -595 8698 -4406
1 -1068 -7556 -3144 1918 3471 203
1 0 0 0 0 0 0
3 -3156 -6664 -4846 166 655 1660
3 0 0 0 0 0 0
1 0 0 0 0 0 0
1 -246 -9668 -2480 -2888 -6050 276
4 -670 -6814 14424 6115 2388 2872
2 -5168 -4294 18608 -904 -3241 3810
4 6858 3270 -21024 -24301 8285 5516
2 15254 12592 -18658 -18351 1058 -16084
2 11914 13068 -2530 1661 4057 -2807
4 -344 6926 -12980 -3751 6990 -4141
4 -114 13044 -16222 11123 -5135 -3490
2 9482 12478 -8830 8449 625 6180
3 -1756 -8446 -4714 -7852 -4031 -2186
1 0 0 0 0 0 0
3 -2432 -4492 -3440 -3453 1091 1710
1 -1266 -6662 -2886 1234 -3256 -1136
2 6160 2790 -7128 13690 5663 15174
4 636 -636 -12048 17099 -2297 -2418
1 0 0 0 0 0 0
3 -228 -5402 -4040 988 375 -405

2 554 8304 334 480 700 88
4 -1056 8022 -1178 -128 -51 146
1 -66 -7772 -2896 -157 -207 122
3 -1436 -6666 -4840 141 -9 89
2 874 8314 314 699 1710 342
3 0 0 0 0 0 0
1 0 0 0 0 0 0
4 -1094 7866 -1052 59 -168 47
2 0 0 0 0 0 0
2 0 0 0 0 0 0
1 0 0 0 0 0 0
1 0 0 0 0 0 0
4 0 0 0 0 0 0
4 0 0 0 0 0 0
3 0 0 0 0 0 0
3 0 0 0 0 0 0
3 0 0 0 0 0 0
1 0 0 0 0 0 0
4 -1642 9176 -3466 2093 -3525 -1492
4 -3248 8260 -9264 6708 -76 -3880
1 0 0 0 0 0 0
4 -3710 8352 -7860 13345 1366 -4899
1 0 0 0 0 0 0
3 0 0 0 0 0 0
2 0 0 0 0 0 0
2 0 0 0 0 0 0
2 5914 10660 -4686 10699 -3831 2546
3 0 0 0 0 0 0
4 -1574 4834 -1974 8361 2940 -3447
4 -4846 5746 -2764 1724 4387 -2376
3 0 0 0 0 0 0
1 0 0 0 0 0 0
1 0 0 0 0 0 0
2 2210 7776 -6078 14138 -7343 3128
3 -1522 -6774 -4516 -867 -3264 -1977
2 1706 3914 -3954 6923 4923 3239
3 0 0 0 0 0 0
1 0 0 0 0 0 0
1 0 0 0 0 0 0
3 0 0 0 0 0 0
2 -3390 6890 3248 -10785 -1418 -9660
2 13252 16198 -302 2915 11649 -562
4 9056 -4500 5482 -5057 75 -642
4 -7086 10548 -17504 1620 5645 -5184
3 0 0 0 0 0 0
2 530 12738 -14056 21189 719 16793
3 0 0 0 0 0 0
2 -3414 1132 16082 10347 -3627 5510
1 0 0 0 0 0 0
4 -3528 5896 -16006 18443 13120 -1719
1 0 0 0 0 0 0
4 -442 -368 10552 4348 4141 1511
4 -1820 1108 16312 -9567 -14320 3112
3 0 0 0 0 0 0
4 2862 18812 -32768 -28817 4443 389
3 -2554 -7642 -4906 -849 4767 2546
1 0 0 0 0 0 0
1 0 0 0 0 0 0
2 -8588 -772 7940 -11532 9889 -1532
2 30330 25624 -30424 -19218 3335 -11703
3 -1314 -7352 -4370 -5466 -2357 -1384
1 -24 -7236 -1572 -1348 -4087 -428
2 12950 11214 -10010 6754 7240 619
1 -1046 -8004 -3188 1146 -552 -835
3 -3334 -4754 -3480 -1863 -211 1871
2 16964 8720 -13736 13120 9982 16194
4 -2824 10876 -12142 4977 -840 -2480
4 -16026 10124 -10598 19817 -3749 -7205
1 0 0 0 0 0 0
2 -3238 4806 5500 6174 -8851 3056
4 6872 -2842 3222 12870 8346 -561
4 262 -1538 2242 -714 3354 1416
1 -124 -7698 -2344 -1719 -2347 758
2 -1396 1940 1352 1793 -2371 1394
3 0 0 0 0 0 0
3 -1496 -7352 -5012 -404 -1708 -630
2 -894 530 2734 -5948 5364 -3821
1 100 -7312 -2610 -369 539 272
4 2760 216 6082 -9027 -8256 1065
3 -2392 -6564 -4606 325 -147 609

4 -968 7866 -1348 260 595 -354
1 0 -7738 -3024 25 -323 -25
2 338 8328 248 65 824 -120
3 -1508 -6528 -5194 1045 -293 -109
4 -936 7868 -1334 -139 530 -88
3 0 0 0 0 0 0
1 0 0 0 0 0 0
2 0 0 0 0 0 0
2 0 0 0 0 0 0
3 0 0 0 0 0 0
1 0 0 0 0 0 0
4 0 0 0 0 0 0
2 0 0 0 0 0 0
4 0 0 0 0 0 0
1 0 0 0 0 0 0
3 0 0 0 0 0 0
4 -936 8420 -2594 1115 -1456 -328
3 0 0 0 0 0 0
1 0 0 0 0 0 0
3 0 0 0 0 0 0
2 3066 7932 -796 -98 2536 -618
2 3640 12410 -4946 7217 -835 4271
1 0 0 0 0 0 0
3 0 0 0 0 0 0
2 994 10184 -4292 14158 279 5493
4 -1626 8478 -4880 4076 959 -1360
4 -4962 8470 -9238 13380 1214 -2946
1 0 0 0 0 0 0
3 0 0 0 0 0 0
3 0 0 0 0 0 0
4 -3260 6386 -5332 15133 2279 -4919
4 -1380 1978 -992 4500 -1419 -3881
2 -524 6244 -3398 11320 4949 4390
2 222 3068 -2746 4661 4835 810
1 -156 -8032 -2756 192 -2878 -1266
1 0 0 0 0 0 0
2 2074 11614 13766 -5271 -2726 -4809
2 13472 15980 -7322 4946 12437 203
4 7964 9478 7760 1246 -9105 -3274
3 0 0 0 0 0 0
4 -17924 8476 -15746 198 -7903 -5297
3 0 0 0 0 0 0
1 0 0 0 0 0 0
1 0 0 0 0 0 0
4 -1982 -4728 46 18003 13681 -853
1 0 0 0 0 0 0
3 -2052 -6198 -4634 4396 365 -108
1 -282 -6890 -2796 198 133 252
2 2754 2788 -8094 15429 -11800 8184
2 -15596 -6162 27714 -13900 12380 -3951
4 -4050 -1542 13016 -17082 -14903 457
3 0 0 0 0 0 0
3 -34 -8566 -7124 165 3366 431
1 0 0 0 0 0 0
3 -2498 -6572 -3756 -8560 -9255 -308
4 -6890 32767 -31064 1283 -22004 -1816
4 -5316 -4900 -770 13831 -1268 -5836
2 3838 25500 -32768 3707 101 8705
2 2200 2900 -4346 8237 7013 2697
1 0 0 0 0 0 0
2 -7264 -1824 20106 -7587 4500 -2268
3 -2710 -5810 -3648 1879 7619 3867
1 -278 -8064 -2608 111 -3000 -1511
3 -554 -8442 -5764 1724 5240 1331
1 0 0 0 0 0 0
2 18610 29538 -32768 -4122 -6247 3175
4 -988 -6790 12852 -11282 -1018 5018
4 -16304 32767 -28894 -11013 -1631 5921
3 -1754 -7418 -3460 -7026 -8124 -1710
2 6762 3946 -10928 14462 785 4008
3 -3068 -4926 -3338 2423 3194 1156
2 -4948 2080 14228 621 -174 16
4 -7362 102 -7718 19120 2327 -7867
1 0 0 0 0 0 0
4 10752 -4468 15304 5811 -204 670
1 0 0 0 0 0 0
1 0 0 0 0 0 0
3 -1306 -6664 -4446 4354 2863 838
4 2592 -6612 -16798 -25664 6169 10567
2 9894 11940 -20204 -15190 6247 -11810

4 -1340 8014 -1572 366 552 -221
2 188 8160 140 164 279 -233
1 -56 -7674 -3078 141 -287 -54
3 -1342 -6566 -4820 113 -593 -263
2 156 8270 160 292 668 -74
1 0 0 0 0 0 0
3 0 0 0 0 0 0
4 -1112 7910 -1482 634 186 -298
4 0 0 0 0 0 0
1 0 0 0 0 0 0
3 0 0 0 0 0 0
2 0 0 0 0 0 0
3 0 0 0 0 0 0
2 0 0 0 0 0 0
4 0 0 0 0 0 0
2 1692 8706 -520 -153 5429 406
1 0 0 0 0 0 0
1 0 0 0 0 0 0
3 0 0 0 0 0 0
4 -1366 8796 -5304 1464 -2315 -1107
4 -3702 8866 -9510 10378 -433 -3427
2 0 0 0 0 0 0
3 0 0 0 0 0 0
3 0 0 0 0 0 0
2 290 11592 -3010 14023 -7925 5636
1 2 -7902 -2884 -276 -2971 -591
1 0 0 0 0 0 0
4 -3794 5908 -4764 12753 986 -4470
2 -1292 6130 -4114 12788 -1 3454
1 0 0 0 0 0 0
2 -1914 2112 -3350 6467 -847 1596
1 0 0 0 0 0 0
3 0 0 0 0 0 0
3 0 0 0 0 0 0
4 -3394 4534 -2724 5570 1852 -4972
4 -892 2018 -3316 1319 1505 -2270
3 0 0 0 0 0 0
4 19168 -9454 -3672 -13464 14284 -2692
2 4784 3756 -5150 -5414 -8146 -6881
4 -11516 6384 -6268 2344 8758 -7433
2 2660 11454 -10012 9580 -1448 1141
1 0 0 0 0 0 0
1 0 0 0 0 0 0
3 0 0 0 0 0 0
2 -9602 -11628 13500 2302 -12952 -436
1 0 0 0 0 0 0
4 18860 -10702 17098 5591 3483 1905
4 -17244 26586 -21104 -14505 -32768 22888
3 0 0 0 0 0 0
2 420 24226 -22810 -14673 1708 -7570
1 0 0 0 0 0 0
3 -1536 -9092 -6868 600 371 -298
1 0 0 0 0 0 0
2 4106 3300 70 5956 -889 7763
4 -7524 524 -1320 9111 12893 -16319
3 -2636 -6890 -3338 -7995 -6090 -97
4 8634 23818 -14852 -5323 9651 3632
2 4170 10480 -26268 1484 -555 -4758
1 0 0 0 0 0 0
3 0 0 0 0 0 0
3 -2450 -7788 -2180 -3771 -5404 -148
1 0 0 0 0 0 0
2 -6818 8064 15016 -3936 11441 -4944
1 0 0 0 0 0 0
3 -2602 -7560 -5598 4119 14977 2525
2 4210 -3222 -18560 1009 5759 6084
4 0 0 0 0 0 0
4 10212 12180 -4636 5473 -2514 -2653
4 -17200 -1004 -4880 1543 1846 2152
3 -692 -5336 -1780 -5630 -12955 -2326
4 0 0 0 0 0 0
3 -2174 -7204 -3290 4541 14058 2327
1 396 -8000 -2966 114 3675 1156
2 3822 11194 7892 5276 528 3217
1 0 0 0 0 0 0
2 11442 -12242 5472 -6474 15611 4674
1 402 -9460 -3534 -1347 4265 44
2 -4452 21606 -11496 4238 -3444 12466
4 -12968 12046 -16742 2083 -338 -4116
3 -3232 -7424 -6938 1586 -5945 -1510

4 -940 7858 -1420 92 22 460
1 90 -7802 -3052 -1019 -801 342
2 132 8236 394 448 327 -8
4 -1068 7808 -1286 -180 296 395
3 -1406 -6644 -5142 -1116 735 1383
2 324 8284 236 109 1387 -99
4 0 0 0 0 0 0
2 0 0 0 0 0 0
3 -1238 -6642 -5016 -750 908 1131
1 0 0 0 0 0 0
4 0 0 0 0 0 0
1 0 0 0 0 0 0
1 0 0 0 0 0 0
2 0 0 0 0 0 0
4 0 0 0 0 0 0
3 0 0 0 0 0 0
3 0 0 0 0 0 0
4 -1182 9682 -4352 1103 -839 -1392
4 -4108 5938 -10216 7846 102 -4231
4 -5006 7466 -6288 10351 1521 -4470
2 0 0 0 0 0 0
2 3588 9516 -4300 2349 3493 -366
2 3128 11178 -6710 13339 109 3673
3 0 0 0 0 0 0
3 0 0 0 0 0 0
3 -1412 -7326 -4974 -1920 -2704 -2218
1 0 0 0 0 0 0
1 0 0 0 0 0 0
1 456 -8460 -2738 -919 -4035 -739
1 50 -8482 -2302 -1736 -6592 -1340
2 -966 6120 -3142 11890 4120 2202
2 -5936 6526 -5466 5418 290 -2615
4 -3008 6426 -1162 6691 3993 -3524
4 -3870 4098 -1980 455 3623 -7172
1 0 0 0 0 0 0
3 -1944 -6610 -4232 -2891 -4917 -3068
3 -1830 -5938 -3986 -296 -3784 -2118
2 17604 25552 -8496 -5241 25591 1821
4 -4644 19816 -30068 407 -7195 -139
4 -18160 12506 -5162 16502 8620 -8660
2 4378 13108 -11126 20993 -12959 13961
1 0 0 0 0 0 0
1 0 0 0 0 0 0
3 0 0 0 0 0 0
3 0 0 0 0 0 0
1 0 0 0 0 0 0
1 1516 -8282 -2284 -1999 796 266
2 -18706 -7212 21146 -18066 19729 -5482
2 7612 23940 -20460 8582 1213 6176
4 10204 -17746 29520 -12558 -31809 2537
4 -4408 30542 -15068 1965 -2251 29
3 0 0 0 0 0 0
3 -616 -7742 -6886 419 6895 1211
3 -1594 -7306 -3898 -9744 -6855 -996
1 1212 -6798 -2622 -1734 616 1225
4 27566 -28936 19498 11930 7024 -1090
4 -6400 32767 -27394 -6781 -4625 3475
1 0 0 0 0 0 0
3 0 0 0 0 0 0
3 -1258 -7300 -2678 -8038 -4806 -1002
2 -16832 -18588 17950 6808 -8463 7468
2 19084 30464 -13920 -6895 -5228 -5569
2 0 0 0 0 0 0
2 14476 23756 -9064 -12214 18316 -9344
3 -4128 -4254 -3146 1476 -1557 569
4 9612 -10436 11258 11854 16879 -1711
1 0 0 0 0 0 0
4 -32768 12564 -26386 -11298 949 6189
1 1056 -8932 -2926 -763 4735 1359
3 0 0 0 0 0 0
3 -2384 -7048 -4986 1743 -4688 396
4 13532 -4004 14208 5583 14263 1015
2 -5658 -25766 -6918 8365 -20673 6320
4 -23150 8144 -28106 -3880 15892 7119
2 -1818 19624 -1928 -6083 -1113 -10976
1 648 -7976 -1034 -1785 -7734 -721
1 0 0 0 0 0 0
3 -94 -6956 -6024 4742 7745 2251
2 7836 -16600 -30668 4486 13662 10997
1 1550 -7848 -1428 -1361 -4347 -925

2 46 8220 442 354 294 -16
4 -1146 8038 -1646 -380 -70 220
1 -16 -7732 -2934 62 232 122
3 -1540 -6566 -5102 180 -295 167
2 -78 8242 360 315 143 -73
1 0 0 0 0 0 0
4 -1164 7876 -1620 36 130 -180
3 -1348 -6606 -5086 183 -6 331
4 0 0 0 0 0 0
4 -1384 8366 -3838 3356 709 -2476
1 0 0 0 0 0 0
1 0 0 0 0 0 0
3 0 0 0 0 0 0
3 0 0 0 0 0 0
2 0 0 0 0 0 0
2 2218 8420 -1940 -376 3960 -579
2 4748 11296 -4718 6560 -85 3659
1 0 0 0 0 0 0
3 0 0 0 0 0 0
1 608 -7922 -2460 -966 -3416 -599
1 0 0 0 0 0 0
3 -1322 -7696 -5088 -1675 -1401 -1559
3 -1382 -7114 -4498 -3597 -3582 -2696
2 1570 10902 -4038 12049 19 6631
2 -1150 6782 -2834 10117 4747 4523
4 -3124 6838 -6766 6405 251 -3296
4 -3880 6220 -8454 9078 302 -4249
4 0 0 0 0 0 0
1 0 0 0 0 0 0
4 -3008 3568 -1976 987 3268 -4538
4 -1608 890 3844 -11903 -4303 1539
2 -1986 2222 -1342 4217 3185 1759
1 -818 -7366 -2514 1413 -1945 -1435
2 -646 3014 -9896 -7877 -4508 -6375
3 0 0 0 0 0 0
3 0 0 0 0 0 0
1 0 0 0 0 0 0
1 -270 -7794 -3636 1192 696 -408
4 -13112 18330 -11398 9238 -4834 -6232
4 21584 -22692 8722 11943 -2486 -1225
2 14908 17138 -16306 7498 6205 2449
2 -14066 326 16210 6669 1342 2763
3 0 0 0 0 0 0
3 -3266 -7536 -5536 6336 -1912 -1278
4 10416 24346 -17608 -28803 21607 14035
1 0 0 0 0 0 0
1 0 0 0 0 0 0
2 1716 6484 -32768 -7794 -8958 -5874
2 13808 7134 -13810 7738 7928 8488
3 -958 -7066 -8090 3185 8094 2943
4 -7926 9248 -11272 20128 -617 -9940
3 -860 -9550 -4228 -10426 -6326 -2175
4 20130 -15616 9972 -5240 -16434 -2685
1 0 0 0 0 0 0
1 0 0 0 0 0 0
4 7054 32767 -32768 -14695 -14906 5241
3 -4126 -3474 -3750 -8119 -11780 -1020
3 -2520 -10370 -5196 5074 22464 8530
2 -25260 1990 28600 -8698 6523 -800
2 17218 18802 -20646 -11598 -1492 2307
2 16 3572 -11348 17697 1468 8205
2 -18638 1790 29158 -7268 5604 -4330
3 -998 -8846 -2160 -11121 -13090 -3785
3 -4234 -1470 -2196 1774 -4331 -645
1 0 0 0 0 0 0
1 0 0 0 0 0 0
4 -8108 2190 -10520 26466 -5360 -11588
4 2878 -3230 19182 -14721 -18761 2942
2 29580 32754 -17766 -1359 -7566 -5035
1 64 -7370 -2314 292 3443 969
2 -3520 -3524 1850 13458 -1663 13165
4 -14510 32767 -13912 919 -9724 168
4 -3220 -10958 2252 19046 -2715 -6813
3 -1160 -9992 -6310 14039 19916 3737
3 0 0 0 0 0 0
1 0 0 0 0 0 0
2 -23774 -2008 24730 -21095 30859 -6217
4 16670 -8868 24878 -17110 -29950 -146
3 -4290 -5340 -4466 3524 2701 -424
1 -940 -7878 -1808 -616 -704 284

4 -920 7988 -1574 -272 322 -128
3 -1372 -6690 -4922 -344 -15 362
2 62 8216 394 243 743 -32
1 56 -7718 -2942 28 -574 -84
4 -912 8022 -1542 27 278 -57
3 -1326 -6688 -4860 -175 -9 282
2 -42 8178 504 275 534 -20
1 0 0 0 0 0 0
3 0 0 0 0 0 0
2 0 0 0 0 0 0
4 0 0 0 0 0 0
2 0 0 0 0 0 0
2 2410 7900 -160 379 1429 -900
1 0 0 0 0 0 0
3 0 0 0 0 0 0
4 0 0 0 0 0 0
1 0 0 0 0 0 0
1 0 0 0 0 0 0
4 -550 8848 -3652 749 -2058 -862
4 -4366 7390 -8058 7488 -2723 -3735
4 -5308 6722 -5702 8487 1970 -3951
2 9180 12096 -5798 5120 -3183 5669
2 -1840 10842 -5302 13528 -3769 6350
1 0 0 0 0 0 0
1 0 0 0 0 0 0
3 0 0 0 0 0 0
3 0 0 0 0 0 0
3 0 0 0 0 0 0
1 260 -8090 -2608 -1071 -3811 -1132
3 0 0 0 0 0 0
4 -5852 5768 -5614 9078 5401 -5926
2 -2902 5856 -2344 10348 4425 3429
2 -1858 4540 -1960 4051 4670 -611
4 0 0 0 0 0 0
1 0 0 0 0 0 0
3 -1294 -7014 -4474 -1461 -3691 -2961
2 -9734 -12348 -682 -6935 -13406 -9677
4 -12932 -1964 2854 -7184 -14379 2720
3 0 0 0 0 0 0
3 0 0 0 0 0 0
1 0 0 0 0 0 0
2 10222 13200 -4030 6147 2438 -428
1 0 0 0 0 0 0
4 -16476 8374 -10688 -2393 840 797
4 -7358 6734 -9216 7945 8224 -4846
4 4572 5454 -652 3783 133 -3387
1 -882 -7830 -3464 2731 1329 -956
1 0 0 0 0 0 0
2 4834 -700 -5924 19149 -20784 14137
2 12 -862 -10794 -2882 9100 -7054
3 0 0 0 0 0 0
3 -668 -6790 -5990 2519 315 678
2 0 0 0 0 0 0
4 -9338 -9370 10616 6086 -5409 4304
3 -2738 -7476 -5924 -150 -1042 1404
4 -734 3656 -18084 -7977 8012 6746
1 -96 -8484 -2452 -1184 6423 1182
3 -1038 -7434 -5828 -538 7336 3469
2 18482 18564 -5040 -11767 -2651 -2770
1 846 -8930 -2450 -2965 423 1200
1 0 0 0 0 0 0
3 1960 -9042 -4972 -4229 4257 -1174
2 4754 11188 -4770 9233 -11236 -1877
2 2198 7398 -10232 21144 -2985 10114
1 0 0 0 0 0 0
4 -5470 11414 -15990 -2210 9058 -1445
4 -8702 186 -9104 18186 -1514 -4892
3 -4298 -6924 -3962 -8832 -6234 -1590
1 -174 -8416 -2854 928 -5065 -2467
1 -774 -7630 -2406 7 496 346
2 -11808 -7064 3768 12298 -32768 -10732
4 -2020 -548 11408 -532 32767 7926
2 392 -200 124 -18569 23391 -3775
4 -5172 -618 18376 -1800 -30639 4539
3 -1516 -5838 -4042 -1485 4903 845
3 0 0 0 0 0 0
3 0 0 0 0 0 0
4 -32768 12012 -29076 -9634 3062 3069
1 0 0 0 0 0 0
2 32767 30502 -6770 -12163 17065 -7246

2 448 8198 350 49 527 -78
3 -1434 -6486 -4690 465 26 -721
4 -1352 8210 -1370 229 307 -374
1 -750 -7332 -3218 191 315 890
2 0 0 0 0 0 0
3 0 0 0 0 0 0
1 2524 -7630 -3732 -223 533 -141
2 0 0 0 0 0 0
4 0 0 0 0 0 0
3 0 0 0 0 0 0
3 0 0 0 0 0 0
3 0 0 0 0 0 0
1 0 0 0 0 0 0
2 0 0 0 0 0 0
1 0 0 0 0 0 0
2 0 0 0 0 0 0
1 0 0 0 0 0 0
4 0 0 0 0 0 0
4 0 0 0 0 0 0
4 0 0 0 0 0 0
1 0 0 0 0 0 0
3 0 0 0 0 0 0
1 0 0 0 0 0 0
3 -1372 -7194 -4828 -2354 -2024 -520
2 7150 11664 -6844 8437 -105 3442
4 -1510 8414 -4116 490 -4613 -733
2 132 9724 -5170 12331 -3971 5995
4 -4926 7556 -9048 5014 3829 -2647
1 350 -8006 -3152 -309 -4079 -1924
1 -424 -7718 -2630 157 -5138 -2843
2 -2260 6128 -3624 9089 5001 4107
4 -6096 9014 -6104 11974 4769 -8234
2 -1376 3126 -1198 3040 7646 1058
3 0 0 0 0 0 0
3 0 0 0 0 0 0
4 -2182 6820 -1860 10049 -2181 -8596
4 16450 15212 -6492 4608 4215 -7814
3 -1426 -6382 -4308 1290 -4345 -4268
2 2000 4090 11886 -7865 6426 -3368
1 -762 -7470 -2930 1479 -2604 -2676
3 0 0 0 0 0 0
2 15532 17444 -270 1587 4967 -2740
1 0 0 0 0 0 0
4 -9166 10502 -14668 502 4302 -2666
4 -7194 -852 -6452 14704 4662 -6961
1 0 0 0 0 0 0
3 0 0 0 0 0 0
2 1366 7740 -10378 18391 -15313 15975
2 -13946 -4402 24112 -14470 19213 5342
1 0 0 0 0 0 0
4 5374 -8026 32338 -10090 -20282 4652
3 -990 -7328 -7076 4702 5168 657
3 -1720 -9070 -7492 -3354 5062 2190
3 -2042 -11002 -4108 -14454 -6524 -160
1 0 0 0 0 0 0
4 -18094 32767 -24244 -20151 4540 8130
2 8252 32767 -14372 -5093 -11988 -1876
4 -9528 15560 -7546 28286 -16847 -17362
2 -550 6380 -21400 16232 15464 14010
1 1064 -7338 -1520 -2070 -1214 772
1 0 0 0 0 0 0
2 0 0 0 0 0 0
3 -4014 -5170 -2658 -6706 -2970 2583
2 15014 13188 -3336 -21240 29823 -16847
3 -1294 -4906 -2360 1264 4859 4729
4 9024 -4526 22876 10887 10449 6514
1 364 -8612 -1454 -2353 -2682 1690
4 -32768 -9864 -28390 -23913 -2301 22622
3 -1586 -6856 -4802 8040 8414 3069
3 0 0 0 0 0 0
2 25754 18172 -18756 14033 10098 10442
1 0 0 0 0 0 0
2 -1248 -4330 8066 8011 -16389 3921
1 0 0 0 0 0 0
4 -7716 20838 -15804 13789 -11850 -11434
4 10390 -3198 13372 10590 17366 -885
1 0 0 0 0 0 0
4 -11122 -3004 -2430 -19179 -19630 10552
3 0 0 0 0 0 0
2 -4030 524 17508 -14714 29031 -3307

1 -288 -7766 -3290 256 218 -146
3 -1448 -6666 -4868 -48 -113 -61
4 -1130 7844 -1368 -94 62 31
2 290 8286 958 269 -203 -160
2 -196 8246 626 565 -619 -217
3 0 0 0 0 0 0
1 0 0 0 0 0 0
4 -1098 7854 -1450 -228 280 53
2 0 0 0 0 0 0
3 0 0 0 0 0 0
1 0 0 0 0 0 0
4 0 0 0 0 0 0
1 0 0 0 0 0 0
2 0 0 0 0 0 0
4 0 0 0 0 0 0
1 0 0 0 0 0 0
3 0 0 0 0 0 0
3 0 0 0 0 0 0
1 0 0 0 0 0 0
2 0 0 0 0 0 0
2 680 7856 720 288 3296 2
2 0 0 0 0 0 0
1 0 0 0 0 0 0
4 0 0 0 0 0 0
4 -2578 7716 -3650 1917 -1398 -1621
4 -3626 7964 -6530 4797 128 -3238
3 0 0 0 0 0 0
3 0 0 0 0 0 0
4 -3994 7782 -6280 8589 3485 -4367
4 0 0 0 0 0 0
4 -2720 4106 -2948 5115 521 -3753
2 2524 12588 -3340 10663 -11091 5998
2 -2292 7520 -3230 12507 888 4099
2 -1622 4040 -1742 5464 2254 2477
1 0 0 0 0 0 0
1 0 0 0 0 0 0
1 -18 -7876 -3106 660 -3482 -1376
3 -1742 -7320 -4526 -2013 -3516 -1960
3 0 0 0 0 0 0
3 0 0 0 0 0 0
3 0 0 0 0 0 0
4 19342 762 3988 476 -2344 -2835
1 0 0 0 0 0 0
2 6776 14924 16718 -5258 638 724
1 0 0 0 0 0 0
3 0 0 0 0 0 0
3 -2286 -7472 -5052 4782 -567 1024
4 -8684 15248 -7284 1644 -15786 160
4 -13860 3768 -2860 20547 22257 -10709
1 0 0 0 0 0 0
2 12786 11438 10724 -3273 20761 3585
2 4140 5842 -6130 16377 -23200 18841
1 0 0 0 0 0 0
4 -1496 -13242 18202 -18716 -32768 4229
1 0 0 0 0 0 0
4 -21926 24646 344 3144 -8342 -258
3 -2320 -6722 -5212 5143 4826 3876
2 -20804 -7348 17590 -22611 26181 -9551
3 1312 -8946 -2726 -2516 1863 -2013
2 32767 23776 -5666 1751 17406 14332
3 -4274 -7280 650 -6630 -14305 -3353
1 0 0 0 0 0 0
3 -1760 -9284 -2608 8349 19154 4456
1 0 0 0 0 0 0
2 -11536 -2634 7654 11354 -15667 10134
2 538 14906 -20044 -12346 10917 -13894
4 0 0 0 0 0 0
4 -2460 2692 -14470 -19983 6785 11558
4 -12824 11620 -14522 15779 11700 -7951
4 18500 -16052 20258 3442 4033 -2402
3 -1032 -8946 90 -6426 -11799 -4328
3 -3560 -5238 -1018 1704 1515 844
2 20696 12918 -1290 12422 -14532 4234
2 -10172 -5938 12466 3066 -6065 4245
1 0 0 0 0 0 0
1 756 -7760 -3052 438 1454 178
3 -2282 -9138 -4154 6688 13111 3659
1 0 0 0 0 0 0
2 32767 31026 -16190 -16517 26136 -2712
4 -5324 17336 -32768 -20265 229 8246

3 -1464 -6594 -4724 -223 42 344
4 -1032 7760 -1220 248 103 -337
2 202 8296 348 283 143 -60
1 0 0 0 0 0 0
4 -952 7740 -1214 -288 163 -38
4 0 0 0 0 0 0
3 -1358 -6614 -4874 445 -103 102
3 0 0 0 0 0 0
2 32 8300 438 616 450 -77
2 234 8052 736 369 245 -189
3 0 0 0 0 0 0
3 0 0 0 0 0 0
4 0 0 0 0 0 0
4 -2840 8168 -4638 2538 -3993 -2047
1 0 0 0 0 0 0
1 0 0 0 0 0 0
4 -5064 7450 -8360 7887 -1602 -4288
3 -1556 -7362 -3504 -221 -4295 -2474
4 -4998 6820 -5170 10409 2434 -6563
2 3754 8516 -1094 -594 6980 -743
1 0 0 0 0 0 0
1 0 0 0 0 0 0
3 0 0 0 0 0 0
2 5100 11866 -3690 2822 725 5324
4 0 0 0 0 0 0
4 -4652 3484 -1092 2981 4603 -7873
3 0 0 0 0 0 0
2 1152 11414 -3720 13450 -5808 7537
3 0 0 0 0 0 0
2 -1936 5944 -1782 10295 8587 2812
1 156 -7872 -2542 -1005 -2919 -95
1 -302 -7960 -2260 83 -5187 -1337
1 0 0 0 0 0 0
2 -1428 4342 -1628 4253 -1099 -1064
4 24394 10148 -10742 558 2435 1468
3 0 0 0 0 0 0
2 -3442 7958 -3866 -8282 -3812 -9334
4 -11054 8650 -12894 -1084 -5027 -633
3 -1892 -7068 -3664 1222 -1668 -465
1 0 0 0 0 0 0
4 -8120 9778 -7936 14041 7531 -5607
4 5112 -9132 19686 -12221 -4217 6961
3 0 0 0 0 0 0
3 0 0 0 0 0 0
1 -830 -7626 -2254 1145 -1638 -1570
1 0 0 0 0 0 0
1 470 -8070 -2878 848 -216 698
4 -19446 24074 -10800 -3447 1653 -493
3 -1056 -8632 -3478 -558 5028 384
2 3382 13548 -3552 7496 -6970 232
2 1072 -5916 -4070 13038 -14035 8249
2 -3364 -3326 8874 -22930 15952 -10291
4 -2850 -8290 -1566 20336 2225 -11652
1 0 0 0 0 0 0
2 12704 22322 -18960 8890 -6754 4964
3 -2092 -6734 -524 -6814 -10390 -1317
1 0 0 0 0 0 0
4 -2278 -9280 6914 -18747 -12502 8696
3 -2556 -7050 -2962 5573 8664 2368
3 130 -7592 -3368 -1264 920 -1641
2 0 0 0 0 0 0
1 0 0 0 0 0 0
2 13872 29034 -25434 -15911 23029 -18101
4 -14648 25584 -8126 6211 5024 -4884
4 10060 -13602 14282 12692 11043 -2137
4 -26994 -4492 -24500 -22068 -5993 11817
1 0 0 0 0 0 0
2 15352 13884 -7854 15288 -16536 9523
1 0 0 0 0 0 0
2 -13268 -4978 18116 -4855 -3729 -2684
1 0 0 0 0 0 0
2 32767 32767 -7864 -9322 10051 1784
3 -2812 -5038 -2754 -1196 -7384 -333
3 -1866 -8816 -4528 7260 13034 3905
2 990 4946 -2014 17750 -24515 8630
2 -13824 2606 18890 -10137 8153 -8480
1 0 0 0 0 0 0
3 -1110 -8234 -2068 -5226 -1366 -1661
4 -14232 16448 -10626 14129 1387 -8846
1 0 0 0 0 0 0

1 0 0 0 0 0 0
3 -1606 -6516 -5096 377 549 220
2 52 8552 372 -30 1034 5
4 -1466 7512 -1030 58 -873 28
3 -1718 -6812 -4836 -595 -275 -17
2 90 8152 430 589 1387 -134
1 0 0 0 0 0 0
4 -1548 7930 -866 78 -825 -26
2 0 0 0 0 0 0
2 0 0 0 0 0 0
2 0 0 0 0 0 0
3 0 0 0 0 0 0
3 0 0 0 0 0 0
3 0 0 0 0 0 0
1 0 0 0 0 0 0
1 0 0 0 0 0 0
1 0 0 0 0 0 0
4 0 0 0 0 0 0
4 0 0 0 0 0 0
4 0 0 0 0 0 0
4 -4376 7304 -6226 5839 -3299 -2683
3 0 0 0 0 0 0
4 -5022 7782 -7210 8453 3841 -4643
3 0 0 0 0 0 0
2 2392 9080 -3262 713 3721 84
2 4376 11930 -6446 9156 2777 4754
1 0 0 0 0 0 0
1 496 -7820 -2922 -213 -2223 -196
4 0 0 0 0 0 0
3 0 0 0 0 0 0
3 0 0 0 0 0 0
2 1748 9784 -4004 14241 -937 5996
2 -1288 3768 -1542 7771 7666 3881
1 0 0 0 0 0 0
1 0 0 0 0 0 0
4 -1976 5270 -3210 5983 3906 -4419
4 -4092 5136 -5302 4260 -4906 -5791
1 0 0 0 0 0 0
4 -2108 2778 -736 -7267 -11266 5020
1 0 0 0 0 0 0
2 -1478 4296 -2484 441 -815 -993
3 0 0 0 0 0 0
2 3002 7244 -7170 -7266 7620 -9887
3 0 0 0 0 0 0
1 0 0 0 0 0 0
1 0 0 0 0 0 0
4 -23138 13588 -10428 8587 5474 -7625
2 16456 18324 -8082 12497 -5277 8109
2 -6306 -12492 8530 12286 -21324 6141
4 12148 -11600 21012 13844 24632 2637
3 0 0 0 0 0 0
3 0 0 0 0 0 0
1 0 0 0 0 0 0
1 0 0 0 0 0 0
2 6726 -3768 24614 -28031 15955 -10614
4 -23978 -7002 -5140 -31817 -7076 7326
2 32767 21142 -18070 9618 2440 11906
4 -12754 26082 -9394 11460 5143 -7726
3 0 0 0 0 0 0
3 128 -8240 -4762 2547 7905 212
3 -3692 -6100 -2284 -3868 -14959 -1561
1 0 0 0 0 0 0
1 0 0 0 0 0 0
3 436 -8364 -4708 7276 19999 3889
4 28178 -23562 11980 14023 5819 -7323
2 -8906 1622 10632 5336 -11378 4404
2 -3052 -1962 -10530 -787 -18659 -7782
4 1654 1160 -2318 -17857 24654 10104
1 1196 -6922 -2640 -60 4377 1046
1 694 -8442 -1614 -1127 307 -573
1 0 0 0 0 0 0
3 -1774 -8064 -2720 -6065 -9407 -5186
4 146 14230 -14020 14373 1635 -5624
4 5172 -9954 3992 6605 4089 -1358
3 -4002 -6284 -2018 -2239 -5755 -437
3 -2132 -7802 -3630 5989 6864 2669
4 -17938 -5158 6052 -19342 -3301 12991
2 4906 -2850 -17552 7772 -9314 3304
2 -3092 3094 3300 -3168 -6839 -6965
2 -7818 5060 15840 -5089 5130 -6971

3 -1624 -6642 -4774 -144 -99 -25
4 -1074 7874 -1356 -92 211 49
2 -98 8232 256 287 485 -42
1 -186 -7782 -2922 4 -95 72
3 -1560 -6598 -4882 122 -410 -156
4 -1224 7880 -1218 -95 256 22
4 0 0 0 0 0 0
2 -146 8224 326 304 327 -33
1 0 0 0 0 0 0
1 0 0 0 0 0 0
2 0 0 0 0 0 0
2 0 0 0 0 0 0
4 -1102 8504 -4268 901 -1607 -1115
2 3578 9106 -1554 -221 6516 353
4 -4718 7832 -6988 5176 -649 -2854
1 0 0 0 0 0 0
3 0 0 0 0 0 0
3 0 0 0 0 0 0
3 0 0 0 0 0 0
2 2084 11956 -4658 9327 -3578 4379
4 -5090 7714 -6364 8859 1754 -4339
2 -2292 8266 -4822 12903 1461 3478
4 0 0 0 0 0 0
1 0 0 0 0 0 0
3 0 0 0 0 0 0
1 0 0 0 0 0 0
1 0 0 0 0 0 0
3 0 0 0 0 0 0
3 0 0 0 0 0 0
1 0 0 0 0 0 0
4 -2834 4306 -1776 4777 4197 -4692
1 0 0 0 0 0 0
4 -1820 2934 -4290 1429 -388 -2675
2 0 0 0 0 0 0
2 836 3352 -2662 3601 2540 1183
3 0 0 0 0 0 0
1 0 0 0 0 0 0
3 0 0 0 0 0 0
3 -2116 -7302 -4500 249 -3940 -1154
4 -10236 5430 6872 -11987 -16706 1957
1 0 0 0 0 0 0
4 -15068 23596 -15272 9370 -2960 -12107
2 -20484 590 -5216 -14511 -7580 -12054
2 13344 12484 -21510 11638 1446 4240
1 0 0 0 0 0 0
1 0 0 0 0 0 0
3 0 0 0 0 0 0
3 -554 -7302 -5266 4227 4813 3114
4 13498 -18438 9982 17933 5178 -6509
4 -4300 -10380 17958 -24772 31257 15525
2 -138 4200 12594 6418 -2413 4259
2 -9158 -666 5198 -3684 -32273 -14542
1 0 0 0 0 0 0
1 0 0 0 0 0 0
3 0 0 0 0 0 0
4 8668 32767 -10000 9105 11588 -1986
4 10430 -12124 1756 22964 -1165 -7291
2 13266 12470 -32768 8320 -14477 507
3 -1870 -5244 1014 -9426 -13156 -281
2 -3258 4142 4442 9045 -949 1401
3 -2682 -9164 -3078 10561 8985 386
1 260 -8100 -326 -1326 -6122 90
1 -224 -6970 -3172 1579 5594 569
2 -2934 -1676 10750 -5175 -15106 -6567
2 11516 13620 -32768 6905 -7885 739
3 -1394 -8532 -3642 505 4324 -1174
4 -7776 -5274 14438 -20592 16887 12068
4 -982 32767 -23778 6588 5316 344
3 -2698 -5528 -410 -6707 -14442 -1160
3 -3096 -8434 -3482 8596 6905 685
4 -6126 -8130 -2002 16752 -3750 -4710
4 -17408 -9856 12312 -13697 -8025 5537
1 1308 -7964 -2060 426 1196 -547
1 -816 -8044 -888 111 -5498 -484
2 3616 6438 -3020 3438 4190 -1234
2 2240 4054 16560 -3193 12111 5113
3 344 -8288 -5062 1300 7609 171
2 19180 5352 -32768 4757 7026 4557
1 146 -8542 -3502 2543 5469 368
4 -17936 32767 -18888 -3621 -3793 215

2 -470 8370 -254 423 382 -411
3 -1418 -6676 -5064 -278 -56 -197
4 -1228 8010 -1572 -181 -159 196
1 430 -7718 -2952 61 -1580 -488
3 -1544 -6504 -4906 -172 -196 -84
4 -1286 7746 -1480 -106 436 -316
1 0 0 0 0 0 0
2 -288 8220 -372 -158 1811 -398
2 0 0 0 0 0 0
2 3366 10614 -3144 3001 4352 2114
3 0 0 0 0 0 0
4 0 0 0 0 0 0
4 -2402 8832 -5010 3892 -1605 -2567
3 0 0 0 0 0 0
4 -4132 7194 -6480 8090 960 -4543
1 0 0 0 0 0 0
2 1220 10864 -4026 9905 642 5882
1 0 0 0 0 0 0
1 0 0 0 0 0 0
3 0 0 0 0 0 0
1 0 0 0 0 0 0
3 0 0 0 0 0 0
2 -586 8044 -3682 12206 -16 4558
2 -394 3054 -3596 7372 4038 1432
3 0 0 0 0 0 0
4 -4584 7452 -6016 9727 1536 -6457
4 -1980 3156 -3170 7588 2065 -6926
1 0 0 0 0 0 0
2 1876 4406 -3862 2684 90 -169
3 0 0 0 0 0 0
2 7260 19036 19000 -5178 -12711 -5973
3 -1208 -7552 -4514 -2870 -3993 -2698
1 0 0 0 0 0 0
4 -3670 2058 -3244 817 867 -3422
4 -30158 32767 30260 -9132 -32768 18256
4 -8726 17894 -5076 5389 686 -14102
3 -1396 -5730 -4070 -858 -3503 -2233
3 -1498 -6152 -3866 1272 -5669 -2720
1 0 0 0 0 0 0
4 13502 -27028 7692 12239 -9597 -1458
2 -1102 10482 -20410 5846 9744 3214
2 -10566 -1658 12908 77 14565 5736
1 0 0 0 0 0 0
2 -7524 6316 -16516 -177 -23541 -3249
3 -2228 -7884 -6658 10838 5558 -234
3 1146 -8602 -4684 -1559 -6062 -3092
1 0 0 0 0 0 0
2 2392 -3664 -12002 3055 5369 -1984
4 -5028 7058 -14878 -16510 15478 9248
1 0 0 0 0 0 0
4 -3888 3998 -858 11975 -415 -2634
1 0 0 0 0 0 0
1 10 -7828 -2114 -1530 -5134 741
3 -4568 -5064 -5572 -2608 -6826 211
2 -706 12614 5910 -4 -8232 -7153
4 0 0 0 0 0 0
2 -80 -4260 -29212 8654 2204 5797
3 0 0 0 0 0 0
4 2620 17416 -1858 7832 -3849 -3645
1 46 -7918 -2484 -627 5483 1581
3 -2352 -6676 -3308 -9752 -12382 -2061
4 3846 -14520 -1570 1988 -6753 -4432
3 -2838 -6240 -4462 3184 8667 3025
4 -8040 4258 -12504 -6252 11781 6346
2 -8048 6892 6872 -8736 9801 -5433
1 0 0 0 0 0 0
2 2680 8504 -6018 5618 -15383 1155
1 -922 -7136 -2444 297 500 378
1 608 -8208 -3288 587 1085 -171
2 -1820 -15436 -8184 8015 1126 5777
2 -1994 5978 14138 -21760 8973 -12764
3 -458 -8322 -4358 -2112 4083 486
3 0 0 0 0 0 0
4 10910 7078 2808 11221 -4320 -1481
4 -4698 -7944 -6100 -16618 2250 6112
3 -1466 -6074 -4640 7731 10607 3778
1 0 0 0 0 0 0
1 -34 -6688 -3570 763 3209 -254
2 17034 17538 -14036 12009 8137 4361
4 -13644 14984 -18808 11578 -5247 -4922

2 276 8208 822 171 404 -30
1 36 -7686 -3160 47 68 34
3 -1130 -6562 -4898 -462 -47 327
4 -1132 7994 -1656 -102 473 130
1 0 0 0 0 0 0
1 0 0 0 0 0 0
2 170 8168 724 71 386 -23
3 -994 -6588 -5046 384 147 68
2 0 0 0 0 0 0
3 0 0 0 0 0 0
4 -1158 8016 -1556 330 128 -52
1 0 0 0 0 0 0
1 0 0 0 0 0 0
4 0 0 0 0 0 0
2 0 0 0 0 0 0
2 0 0 0 0 0 0
3 0 0 0 0 0 0
3 0 0 0 0 0 0
4 0 0 0 0 0 0
1 0 0 0 0 0 0
2 0 0 0 0 0 0
2 1900 9348 -4654 4858 8192 -143
3 0 0 0 0 0 0
3 0 0 0 0 0 0
4 -2410 9118 -2874 2101 -1056 -1886
4 -5388 9092 -6092 7244 2157 -6153
1 0 0 0 0 0 0
1 0 0 0 0 0 0
4 -4928 4932 -5576 9099 3521 -8923
3 0 0 0 0 0 0
3 0 0 0 0 0 0
4 -2668 3172 -2576 4941 5864 -7219
1 190 -7960 -2788 -1094 -3286 -504
2 704 9462 -4282 11603 2886 2042
2 0 0 0 0 0 0
1 0 0 0 0 0 0
3 0 0 0 0 0 0
1 0 0 0 0 0 0
3 0 0 0 0 0 0
2 -11588 7378 36 -1278 2492 -10999
4 -638 5964 -1990 3486 -8740 3252
4 -20592 7540 -6268 -4948 32767 -1898
2 1794 1306 -6504 4289 7676 -1922
2 0 0 0 0 0 0
1 0 0 0 0 0 0
4 -3832 6500 -10054 -140 7246 -4608
4 -8302 -3212 1760 9445 10953 -8936
1 0 0 0 0 0 0
2 -6428 -1620 -6280 14051 -25058 1624
3 -1538 -5854 -4936 4209 2272 383
3 -1440 -7150 -5870 2274 -1045 -822
3 0 0 0 0 0 0
2 1538 -758 2724 -11131 13671 -4097
3 -2300 -7572 -5528 513 4599 3180
2 13182 21692 -3926 -5397 20329 1605
1 0 0 0 0 0 0
4 9236 -8198 7328 -3836 -15256 5767
1 0 0 0 0 0 0
4 -32768 14080 -10212 -411 -7935 -807
3 0 0 0 0 0 0
2 7484 4576 -14064 18732 -19540 17876
2 -10912 -3468 17184 -2339 -7606 -818
3 -2412 -6248 -4550 -1137 1520 62
1 0 0 0 0 0 0
1 10 -7056 -2592 -27 -123 237
4 1856 156 -3316 13510 20978 -10232
4 8754 -944 16080 -7950 1134 2067
1 0 0 0 0 0 0
4 -3996 20714 -32768 -23512 5286 13189
3 0 0 0 0 0 0
1 0 0 0 0 0 0
3 -70 -6812 -4986 -411 1483 -1004
2 8132 19670 -12360 -18788 -2187 -13364
4 -9420 9800 -10030 17751 -3801 -11589
2 7096 14862 -19168 12923 4404 8890
2 -7694 -5044 8956 6896 9544 5636
1 0 0 0 0 0 0
4 18508 -5316 13730 12622 -10753 -8074
3 -2248 -5206 -4536 -115 -2952 -347
4 402 -4440 8026 -20881 16246 14852

3 -1424 -6756 -5096 -396 -48 288
4 -836 7858 -1412 464 262 -154
1 -460 -8004 -3332 953 17 -552
2 282 8298 1260 -3 -187 -95
4 -1114 7778 -1134 251 -345 202
3 0 0 0 0 0 0
2 8 8130 1038 255 306 21
4 0 0 0 0 0 0
3 0 0 0 0 0 0
2 0 0 0 0 0 0
1 0 0 0 0 0 0
4 0 0 0 0 0 0
4 0 0 0 0 0 0
1 0 0 0 0 0 0
1 0 0 0 0 0 0
1 0 0 0 0 0 0
2 0 0 0 0 0 0
2 2128 12902 -4778 9258 852 3454
3 0 0 0 0 0 0
3 0 0 0 0 0 0
4 0 0 0 0 0 0
2 -1042 9490 -3834 14855 3729 2097
1 0 0 0 0 0 0
2 -904 5790 -2240 9807 4918 758
1 0 0 0 0 0 0
4 -9592 14646 -7802 13601 -3480 -13139
3 0 0 0 0 0 0
3 0 0 0 0 0 0
2 282 4902 -2514 3462 4194 -922
4 -3424 1662 -992 12186 6217 -13601
1 0 0 0 0 0 0
1 0 0 0 0 0 0
4 13488 -2452 21972 -2016 9264 -7841
2 14280 26764 4438 4506 -6034 -5797
3 0 0 0 0 0 0
3 0 0 0 0 0 0
4 -10260 20162 -21088 -964 990 -4678
1 0 0 0 0 0 0
2 24064 27714 -15288 4656 13895 -654
2 1812 2900 3272 18510 -17034 14046
1 0 0 0 0 0 0
3 0 0 0 0 0 0
4 -8202 -3070 3098 17214 13673 -10668
3 0 0 0 0 0 0
4 2424 -4500 27134 -27251 -19339 9639
4 -16972 32767 -18192 6605 3629 -6616
3 -1660 -6282 -5030 1914 2262 451
3 0 0 0 0 0 0
2 -15662 -5706 10254 -24873 14099 -6235
2 19226 32034 -28078 8778 -835 6151
1 -214 -8346 -3554 1865 2180 -147
1 0 0 0 0 0 0
2 -9250 -8524 12602 14963 -10039 9594
4 16182 -9872 8552 16267 8608 -9616
3 -1796 -6444 -3892 -5937 -8181 -304
4 -20078 -5892 7164 -24917 11598 19131
2 -3662 680 -4988 -21822 13666 -17058
3 -1742 -5464 -4356 3771 4046 450
1 0 0 0 0 0 0
1 0 0 0 0 0 0
4 -17590 15306 -14586 13554 -2973 -11376
3 -314 -7912 -5920 1652 3165 -459
4 16450 -5046 11740 11688 4461 -5469
3 -2674 -5268 -4688 -1187 -5910 -764
1 0 0 0 0 0 0
2 16868 16752 -18594 11682 1440 14592
1 -418 -6896 -3246 -558 212 1020
2 -7766 -4418 14036 10731 -9818 2793
1 480 -7156 -2396 6 -166 130
1 0 0 0 0 0 0
3 0 0 0 0 0 0
2 -14340 -2668 2206 -22043 8605 -13142
3 -1386 -7544 -5982 66 1255 -991
2 25130 27964 -22434 4229 28787 15154
4 -8324 -2550 17768 -23509 -862 16211
4 -30970 23778 -3962 8543 -32768 -9732
3 0 0 0 0 0 0
1 0 0 0 0 0 0
2 -11800 -3194 -82 16705 -8362 7804
4 7986 -7730 5730 15594 9973 -12661

1 -654 -7720 -2944 -37 -205 -111
4 -984 8024 -644 35 49 17
2 310 8206 882 254 415 -132
3 -1442 -6668 -4892 -248 230 80
1 0 0 0 0 0 0
3 -1422 -6626 -4864 -83 195 44
4 -978 7848 -610 -20 91 -165
2 374 8182 766 279 368 -273
1 0 0 0 0 0 0
1 0 0 0 0 0 0
4 0 0 0 0 0 0
1 0 0 0 0 0 0
2 0 0 0 0 0 0
3 0 0 0 0 0 0
3 0 0 0 0 0 0
2 2178 9804 -956 2198 4866 471
3 0 0 0 0 0 0
4 0 0 0 0 0 0
4 -3830 8814 -3740 4080 1776 -3287
2 3524 11054 -1764 8232 1713 1893
1 0 0 0 0 0 0
2 1026 9080 -3860 15730 -5518 2406
1 0 0 0 0 0 0
2 -1150 6192 -3502 10835 -1926 1877
4 -5326 8784 -6452 8673 4422 -6651
4 -5148 6086 -4646 10958 2762 -11323
3 0 0 0 0 0 0
3 0 0 0 0 0 0
3 0 0 0 0 0 0
1 0 0 0 0 0 0
1 0 0 0 0 0 0
4 -1964 4020 -3236 5427 1991 -10579
4 -2792 3994 -4690 1680 -3737 -7992
2 -162 4282 -5202 6647 2739 -89
2 1240 3206 -5306 3520 2195 -1155
3 -1212 -6878 -4978 -1290 -1813 -1191
3 0 0 0 0 0 0
1 0 0 0 0 0 0
1 0 0 0 0 0 0
2 4690 4692 -6830 269 8840 961
2 18238 11846 18246 -10682 27690 -6585
4 606 2232 -5056 131 3491 -1937
3 -1590 -6044 -4302 -51 -1211 -641
4 18924 -4860 4628 -7174 16597 4321
2 15704 19432 -1970 -1945 21187 -7515
1 0 0 0 0 0 0
4 -12804 11724 -17014 -5878 -3531 4052
3 0 0 0 0 0 0
4 -16378 8964 -12122 12833 5504 -9656
3 0 0 0 0 0 0
3 0 0 0 0 0 0
4 22218 -6636 19274 7755 -13393 308
4 11674 7652 -32768 -29408 -2764 7363
3 0 0 0 0 0 0
1 0 0 0 0 0 0
2 13010 11356 -7738 11146 -3271 13714
1 0 0 0 0 0 0
2 -14944 384 17124 2772 6729 6841
1 80 -8104 -2272 -1522 -3219 941
2 13794 12296 -23944 -21536 6383 -8301
1 0 0 0 0 0 0
1 386 -7380 -3148 349 404 -286
4 -14580 3946 -15772 20430 6637 -8794
2 7604 11980 -5338 15929 -6420 15949
2 -9718 2782 11540 -6378 4242 -9352
2 32767 32767 -8854 782 25886 -589
1 0 0 0 0 0 0
4 31838 -2472 29920 -5099 1393 6096
3 -1028 -8322 -5138 -6646 -1328 -216
4 -32768 23604 -32768 -3526 -4695 1590
3 -1968 -4276 -3836 -2484 2419 1887
3 -1548 -7628 -4174 322 407 415
2 -1594 -2844 -5890 14069 -13605 17812
3 0 0 0 0 0 0
2 -12572 -1652 9708 -8866 5931 -8256
1 284 -7826 -2598 -304 -3748 359
4 -2356 -774 -2098 14305 11916 -12678
3 0 0 0 0 0 0
4 15260 -3194 19330 -7405 -5967 5930
1 0 0 0 0 0 0

2 780 8406 518 225 3604 -323
3 -1490 -6582 -5114 70 -472 -383
1 -8 -7676 -3184 57 -172 20
4 -1048 8206 -702 -185 646 -38
2 1488 8180 758 328 140 174
1 0 0 0 0 0 0
1 0 0 0 0 0 0
2 0 0 0 0 0 0
4 -726 8062 -686 114 588 25
4 0 0 0 0 0 0
3 0 0 0 0 0 0
3 0 0 0 0 0 0
1 0 0 0 0 0 0
1 0 0 0 0 0 0
4 0 0 0 0 0 0
4 0 0 0 0 0 0
3 0 0 0 0 0 0
3 0 0 0 0 0 0
2 0 0 0 0 0 0
2 0 0 0 0 0 0
2 0 0 0 0 0 0
2 1960 8380 -896 80 3196 -244
1 0 0 0 0 0 0
1 0 0 0 0 0 0
4 0 0 0 0 0 0
3 0 0 0 0 0 0
3 0 0 0 0 0 0
4 -2588 9342 -3994 4056 2178 -2703
4 -4420 8746 -5546 9501 6183 -4514
4 -3698 6796 -3832 11592 5356 -5622
2 5818 14384 -6126 11717 3696 4546
3 0 0 0 0 0 0
3 0 0 0 0 0 0
2 -1374 9932 -2900 17888 3176 5368
1 0 0 0 0 0 0
1 0 0 0 0 0 0
2 -3578 2448 -1578 7267 8500 3161
4 0 0 0 0 0 0
2 -1866 -104 -2758 1520 1721 -5999
4 -2650 -382 -2722 854 124 -9414
3 0 0 0 0 0 0
1 0 0 0 0 0 0
3 0 0 0 0 0 0
1 0 0 0 0 0 0
2 7564 11730 -180 -7859 16525 -9242
2 8766 13608 -8134 15002 -8297 14582
1 0 0 0 0 0 0
1 0 0 0 0 0 0
3 0 0 0 0 0 0
3 -1418 -6814 -4852 3187 1146 1533
4 -10930 7708 -17376 -7012 -7034 7910
4 -15158 12502 -9912 14646 7497 -14225
4 32767 -5124 20116 4160 -7218 4332
1 0 0 0 0 0 0
4 4886 8776 -32768 -27085 20667 11251
1 0 0 0 0 0 0
3 0 0 0 0 0 0
2 -15358 -3458 18766 -1275 -5135 59
3 0 0 0 0 0 0
2 19542 29060 -27712 -16961 -15287 -12996
3 8 -7168 -4848 -5633 -2714 -1541
2 6642 11840 -13692 13494 1126 10302
2 -11312 482 11486 5700 10719 5682
1 0 0 0 0 0 0
4 -9588 7766 -13948 16928 -2196 -12055
1 0 0 0 0 0 0
4 21046 -6590 9278 11766 -10854 -6988
3 -2642 -4832 -3816 -1934 195 347
2 -15250 -558 774 -12359 -14462 -17800
3 -1428 -6742 -4626 1834 1671 102
2 23030 25508 -24488 4737 837 3069
3 0 0 0 0 0 0
1 0 0 0 0 0 0
4 -940 -2450 12404 -19182 16983 13806
1 0 0 0 0 0 0
4 -31330 24010 -13766 6996 -2883 287
1 0 0 0 0 0 0
2 2592 40 -852 15577 -10986 7744
4 -2588 -5260 -1942 14276 9552 -9543
3 -1620 -5904 -3974 -3366 -3982 508

4 -926 8376 -944 -752 -567 777
3 -1486 -6740 -5078 -383 79 43
2 326 8038 1160 206 535 -43
1 0 0 0 0 0 0
3 0 0 0 0 0 0
3 0 0 0 0 0 0
1 0 0 0 0 0 0
4 -986 8002 -848 518 131 -246
1 0 0 0 0 0 0
2 238 8192 1218 274 467 -97
4 0 0 0 0 0 0
2 0 0 0 0 0 0
1 0 0 0 0 0 0
4 0 0 0 0 0 0
1 0 0 0 0 0 0
4 -2154 8832 -2610 1853 108 -1631
3 0 0 0 0 0 0
3 0 0 0 0 0 0
2 0 0 0 0 0 0
2 0 0 0 0 0 0
1 0 0 0 0 0 0
1 0 0 0 0 0 0
1 0 0 0 0 0 0
4 -3354 8700 -5138 5785 1221 -4238
4 -3474 7256 -6896 9064 2260 -5678
4 0 0 0 0 0 0
3 0 0 0 0 0 0
3 0 0 0 0 0 0
3 0 0 0 0 0 0
2 0 0 0 0 0 0
2 0 0 0 0 0 0
2 2918 10600 -2398 1243 4992 1896
4 -2388 4962 -2822 3866 2202 -3066
4 -3930 4594 -5372 1264 578 -2600
2 3656 15894 -5760 21429 -9770 470
2 -4774 6344 -3688 14829 -276 -5118
1 0 0 0 0 0 0
1 0 0 0 0 0 0
1 0 0 0 0 0 0
3 0 0 0 0 0 0
3 0 0 0 0 0 0
3 0 0 0 0 0 0
4 16102 14226 -12832 4624 2852 -3152
2 5498 4024 18114 -5485 23281 -218
2 8116 20050 -14428 -5702 27829 516
2 5114 5632 -6820 16252 -14711 13854
3 -2124 -6138 -4438 2962 82 699
1 0 0 0 0 0 0
1 0 0 0 0 0 0
4 3376 11318 -15816 -8145 -11681 -1585
3 0 0 0 0 0 0
4 -9446 3584 -3682 16492 12885 -12477
2 -11066 -5494 20294 -7695 5558 -1653
2 18486 32767 -20258 -14253 18643 2359
4 0 0 0 0 0 0
1 0 0 0 0 0 0
4 -5774 32767 -32768 -18669 -3278 5235
1 0 0 0 0 0 0
3 -1638 -6464 -5656 103 -52 -248
3 -1522 -8268 -5834 -1468 3224 1064
4 -9310 1434 -10570 17272 -2004 -15721
1 0 0 0 0 0 0
2 1624 8722 -7348 15785 -2828 12198
4 18546 -3762 14854 1741 925 1909
2 -8872 -3716 20152 2222 -7913 -4665
3 -1376 -6950 -3934 -7939 -6826 -1678
3 -2244 -5184 -3746 494 4378 1515
1 0 0 0 0 0 0
2 18576 17102 -18888 -19622 12204 -4508
1 0 0 0 0 0 0
1 0 0 0 0 0 0
3 -1072 -6706 -4598 1305 151 544
4 -12816 8764 -32768 -24504 4383 8445
4 -10950 3786 -11578 17739 -1016 -12648
2 5504 6534 -8170 15689 -5076 13578
3 -1024 -7228 -4610 696 -741 -644
1 0 0 0 0 0 0
4 18348 -2510 14592 3194 10506 2201
2 -4148 -2136 16478 2183 -17761 -7886
3 -1638 -5710 -4892 3181 2861 923

3 -1438 -6578 -4990 288 -308 -85
2 142 8214 938 345 327 6
1 0 0 0 0 0 0
4 -1164 7818 -978 -336 24 -162
1 0 0 0 0 0 0
3 0 0 0 0 0 0
4 -1118 7928 -1248 -630 115 3
2 990 8300 692 441 1421 -208
2 3576 12416 -500 5794 8381 3392
2 3690 11526 -3244 13378 -368 6850
1 0 0 0 0 0 0
1 0 0 0 0 0 0
4 0 0 0 0 0 0
4 0 0 0 0 0 0
4 -5532 10484 -6294 7121 4674 -7400
3 0 0 0 0 0 0
3 0 0 0 0 0 0
4 -5870 8660 -8008 15662 308 -12719
3 0 0 0 0 0 0
3 0 0 0 0 0 0
2 -454 6246 -2936 12394 -2657 6756
2 1004 3720 -3540 8343 879 4664
1 0 0 0 0 0 0
1 0 0 0 0 0 0
1 0 0 0 0 0 0
3 0 0 0 0 0 0
4 -3846 3298 -1930 11347 1203 -12262
2 2146 3328 -4306 4984 3559 1728
3 0 0 0 0 0 0
4 -3768 1396 -1602 568 2385 -7880
2 4018 2514 -5460 3103 1683 -1525
3 0 0 0 0 0 0
4 -1120 -592 -4406 -3185 -4527 -3100
2 0 0 0 0 0 0
1 0 0 0 0 0 0
1 0 0 0 0 0 0
1 0 0 0 0 0 0
2 474 2112 -7230 -2504 -6537 628
2 7430 6466 -8450 54 22875 -3855
1 0 0 0 0 0 0
1 0 0 0 0 0 0
3 0 0 0 0 0 0
3 0 0 0 0 0 0
3 0 0 0 0 0 0
4 -17740 3434 -7514 -3864 -6292 -3683
4 8018 10538 -5734 3885 6196 3513
4 -10696 -11216 -1206 13519 -18685 -4376
4 3562 -3756 17576 -15006 13850 5522
3 -2150 -6022 -4982 8108 5823 1893
2 6852 10566 -2934 9873 21063 4047
2 -21412 -426 11090 -7561 -20201 -1865
1 464 -8186 -2740 -2402 -3926 588
4 -26674 32767 -29504 -445 -3496 1573
1 -1250 -8862 -2926 -511 -1584 1716
2 32767 29108 -32768 570 3543 -1508
3 460 -7808 -6430 2703 4276 -1294
4 17152 -13724 2690 18011 -7670 -13025
2 -4704 6510 2482 8619 8956 7055
3 -4266 -6496 -4012 -7378 -13137 185
1 882 -7276 -3606 2190 7145 251
1 0 0 0 0 0 0
2 -19792 -3216 1498 -5862 -15553 -5600
3 -896 -8070 -5278 5831 22950 4581
1 -976 -8732 -3484 244 -607 -166
2 31232 21016 -29538 5803 4849 -3425
3 328 -8692 -3890 -12810 -14865 -6506
4 2548 1262 9948 -13936 12152 8572
4 -24426 26136 -26154 7996 -8821 944
2 -2896 -192 3114 12439 4377 9319
1 0 0 0 0 0 0
4 4432 -9542 6264 15403 -2457 -12270
4 -378 5676 15656 -14196 14366 18785
3 -4122 -3980 -2178 -5748 -4726 592
3 0 0 0 0 0 0
1 402 -7616 -2774 -2461 -4684 255
1 -632 -7830 -3868 -1165 1120 717
3 -1166 -9992 -6362 7299 1308 -1102
2 -23452 2038 11148 -11498 -13195 -15583
2 32767 32767 -32322 6587 17007 4743
4 -32768 32767 -13558 12344 -17026 -6044

3 -1518 -6710 -5082 -943 49 252
2 260 8202 918 284 322 -75
1 -60 -7692 -3178 33 -172 8
4 -1054 7884 -1478 461 443 -403
4 -1068 7824 -1436 375 259 -372
4 -1012 7828 -1444 260 23 -282
2 306 8222 982 343 206 -83
2 0 0 0 0 0 0
2 0 0 0 0 0 0
1 0 0 0 0 0 0
1 0 0 0 0 0 0
1 0 0 0 0 0 0
3 -1432 -6706 -4930 -865 432 490
3 0 0 0 0 0 0
3 0 0 0 0 0 0
1 0 0 0 0 0 0
4 0 0 0 0 0 0
2 0 0 0 0 0 0
3 0 0 0 0 0 0
2 0 0 0 0 0 0
2 0 0 0 0 0 0
4 0 0 0 0 0 0
4 0 0 0 0 0 0
1 0 0 0 0 0 0
4 -2310 8602 -4076 3464 -734 -2407
3 0 0 0 0 0 0
1 0 0 0 0 0 0
3 0 0 0 0 0 0
3 0 0 0 0 0 0
4 -5692 6782 -5464 5897 4835 -4506
4 0 0 0 0 0 0
2 0 0 0 0 0 0
1 0 0 0 0 0 0
3 0 0 0 0 0 0
2 15242 13480 -1946 8293 12776 11417
1 0 0 0 0 0 0
3 0 0 0 0 0 0
1 0 0 0 0 0 0
3 -1220 -6520 -4718 -1866 -1151 -305
1 0 0 0 0 0 0
4 -1636 7484 -4754 4562 1085 -3706
2 360 11540 -1870 24491 -13490 3460
4 -7884 7892 -6376 3928 1083 -8253
2 -6446 1668 -706 11810 10887 3421
3 0 0 0 0 0 0
3 0 0 0 0 0 0
4 -2478 186 -3888 4892 -4309 -14581
4 1240 -6612 -4564 -3361 12206 9654
1 0 0 0 0 0 0
1 0 0 0 0 0 0
2 -3620 -714 -1452 3328 7216 -8282
2 -18054 -1534 -2844 -8583 5872 -7802
4 -16612 20556 -12232 -2890 22007 3341
3 -1730 -7208 -5702 4819 3501 2072
4 5294 -4472 3834 16390 16583 -10300
1 0 0 0 0 0 0
3 -1388 -7174 -5336 -403 -2483 -820
1 0 0 0 0 0 0
2 22650 18344 -5534 7564 39 -6785
2 -842 -2376 -2054 13110 -8637 11320
1 0 0 0 0 0 0
3 -2018 -6638 -5614 1429 3820 656
3 554 -8202 -5932 -3167 2111 -633
2 -15502 2158 28158 -13131 -3543 -8861
2 15442 23824 -31776 -4376 14433 3434
1 278 -8482 -3174 -1087 -48 913
4 -3738 2510 7232 -13383 9064 14847
4 5474 32767 -29860 2549 -32768 -993
2 -3866 2258 5900 12588 2165 4462
1 0 0 0 0 0 0
3 -2992 -6102 -3082 -8791 -13420 -2971
2 -18362 -998 9504 -12319 -13271 -14293
1 168 -7752 -2572 -517 -2723 -543
3 -2998 -5330 -3632 7580 9040 3451
4 5432 -16824 3822 19702 3236 -160
4 -10598 -9082 17952 -28466 14657 6972
1 0 0 0 0 0 0
4 -7130 28228 -11610 14071 13520 -4601
3 1426 -8378 -5412 35 716 -2573
2 30442 16422 -23504 8171 -1435 9904

4 -1412 8658 -964 1549 -851 -766
2 392 8066 1174 12 1781 230
1 -276 -7626 -2978 62 -754 302
3 -1504 -7534 -4978 -703 -572 199
1 0 0 0 0 0 0
2 98 8130 964 109 369 -109
3 -1280 -5892 -4316 -741 -1060 297
4 -552 7272 -930 667 -2014 -1025
1 0 0 0 0 0 0
2 0 0 0 0 0 0
3 0 0 0 0 0 0
2 0 0 0 0 0 0
1 0 0 0 0 0 0
4 0 0 0 0 0 0
4 0 0 0 0 0 0
4 0 0 0 0 0 0
4 0 0 0 0 0 0
3 0 0 0 0 0 0
3 -1908 -6570 -5224 526 -452 -625
3 0 0 0 0 0 0
2 0 0 0 0 0 0
2 0 0 0 0 0 0
1 0 0 0 0 0 0
1 0 0 0 0 0 0
4 0 0 0 0 0 0
3 0 0 0 0 0 0
2 0 0 0 0 0 0
4 0 0 0 0 0 0
2 0 0 0 0 0 0
4 -3014 8040 -4934 4411 3530 -1918
2 0 0 0 0 0 0
3 0 0 0 0 0 0
1 0 0 0 0 0 0
3 0 0 0 0 0 0
1 0 0 0 0 0 0
1 0 0 0 0 0 0
2 2594 11140 -3102 11843 -5960 2548
3 0 0 0 0 0 0
3 0 0 0 0 0 0
4 -3982 8256 -4242 6846 1747 -4573
4 -5256 8282 -2758 6984 2987 -6574
2 0 0 0 0 0 0
1 0 0 0 0 0 0
1 0 0 0 0 0 0
1 0 0 0 0 0 0
4 -1722 5136 -3534 6488 4473 -8173
1 0 0 0 0 0 0
4 -742 3520 -4244 870 932 -3243
3 -1138 -6516 -4330 2005 -2334 -1512
2 0 0 0 0 0 0
3 0 0 0 0 0 0
2 446 3156 -4744 5019 7372 -2583
1 0 0 0 0 0 0
2 1500 -998 14760 -7488 3806 -5016
2 17188 20224 -8334 -1053 18050 4105
4 15894 13396 -12460 791 -2565 -2969
4 -12242 13704 -9050 708 -5582 -178
1 0 0 0 0 0 0
3 0 0 0 0 0 0
3 -2068 -6762 -4530 822 -2216 -418
2 6008 10446 -12886 13494 -10411 3890
4 -8700 6106 -12130 17582 3688 -10728
1 0 0 0 0 0 0
3 0 0 0 0 0 0
2 -6202 1434 26534 -1712 3302 -4078
1 0 0 0 0 0 0
4 -2442 -9174 10596 -5369 1676 9134
3 -2424 -6458 -4552 306 1264 2057
3 -1388 -9122 -5532 6 6662 2261
1 0 0 0 0 0 0
3 -1924 -8974 -3758 -9861 -8533 -2512
1 0 0 0 0 0 0
2 5188 18504 -32768 -7247 29977 4010
4 -12206 26138 -16796 -20828 -14525 5600
2 0 0 0 0 0 0
4 -7336 5406 -7840 16731 6350 -9455
2 -3898 4848 8380 923 838 -745
4 -9352 578 -7144 -9731 1268 6174
3 -4222 -3356 -2556 -1079 -684 2890
1 1236 -7680 -3568 193 438 -813

4 -1152 7402 -1104 1479 17 -1440
3 -1384 -7052 -5554 -458 1054 157
1 -298 -7860 -3136 -262 849 402
2 528 7696 1320 865 -13 118
3 0 0 0 0 0 0
2 570 8234 1098 -7 332 133
1 0 0 0 0 0 0
4 -1022 7218 -1242 -782 803 -502
2 0 0 0 0 0 0
1 0 0 0 0 0 0
1 0 0 0 0 0 0
1 0 0 0 0 0 0
4 0 0 0 0 0 0
4 0 0 0 0 0 0
2 0 0 0 0 0 0
4 0 0 0 0 0 0
3 0 0 0 0 0 0
3 0 0 0 0 0 0
3 0 0 0 0 0 0
2 0 0 0 0 0 0
2 0 0 0 0 0 0
1 0 0 0 0 0 0
1 0 0 0 0 0 0
4 0 0 0 0 0 0
3 0 0 0 0 0 0
4 -2894 10128 -6472 6186 -1206 -3218
3 -1246 -6852 -4896 953 -2508 -1935
1 0 0 0 0 0 0
1 0 0 0 0 0 0
4 -2702 9450 -3976 9954 -275 -6554
4 -2728 6874 -2742 7909 2565 -5068
2 0 0 0 0 0 0
3 0 0 0 0 0 0
2 4572 11596 -4412 11078 -6991 -898
3 0 0 0 0 0 0
2 1852 9232 -5302 14996 -6254 4001
1 0 0 0 0 0 0
1 0 0 0 0 0 0
4 0 0 0 0 0 0
4 -2738 3538 -3724 2442 378 -3054
2 -2652 4914 -4830 11174 4177 2509
2 -2630 2402 -4004 6385 4233 -721
3 -1726 -6688 -4684 -1634 -5763 -2730
3 0 0 0 0 0 0
1 0 0 0 0 0 0
2 0 0 0 0 0 0
4 0 0 0 0 0 0
3 0 0 0 0 0 0
3 -1976 -6850 -5134 1370 -1345 -415
4 -7476 -3518 452 -5740 -8297 7715
1 0 0 0 0 0 0
2 -14720 906 -4572 -10232 13519 -7715
2 12582 14362 -8768 8024 -6251 1683
3 0 0 0 0 0 0
4 -15178 14152 -11930 6155 6114 -9393
4 4004 -6740 -2192 21243 15910 -6800
1 0 0 0 0 0 0
3 0 0 0 0 0 0
2 -1808 -3490 -1586 18249 -16333 5806
2 -3930 4828 10050 -67 11864 4352
4 4060 -4332 12204 5578 -7623 6760
3 0 0 0 0 0 0
1 0 0 0 0 0 0
1 0 0 0 0 0 0
2 -11930 1484 -14668 -16267 -20333 -21891
2 8990 11162 -16866 7947 -10764 2338
2 -1000 4576 -3488 6413 -6722 3250
3 -2422 -6682 -4454 -1387 3171 2577
3 40 -7504 -5786 1068 10476 1163
1 -174 -7806 -2328 -2147 -4340 1220
1 -26 -6338 -2816 -997 3964 1306
1 748 -7366 -2898 197 -323 250
3 -2252 -7018 -4058 -9631 -13300 -1539
4 -5576 -4088 17010 -32200 25635 13494
4 2 23902 -18918 13261 -3752 -1691
4 -4540 -6692 -2580 15715 912 -10591
4 10436 -7176 2514 3133 -8187 -4446
3 0 0 0 0 0 0
2 0 0 0 0 0 0
1 0 0 0 0 0 0

3 -1588 -6432 -4868 324 -264 -47
4 -1144 8012 -1688 -486 -173 508
2 442 8248 694 -86 1127 -159
1 -92 -7738 -3008 204 -671 -241
3 -1796 -6512 -5022 742 -14 -26
2 328 8230 838 183 776 -187
4 -1048 8004 -1526 491 163 -235
1 0 0 0 0 0 0
3 0 0 0 0 0 0
4 0 0 0 0 0 0
2 0 0 0 0 0 0
4 0 0 0 0 0 0
3 0 0 0 0 0 0
4 0 0 0 0 0 0
3 0 0 0 0 0 0
4 128 8702 -3754 1092 -4411 -276
2 0 0 0 0 0 0
2 5662 12592 -2768 7217 -2390 2128
2 1156 13522 -5216 18610 -7980 7070
1 0 0 0 0 0 0
1 0 0 0 0 0 0
1 0 0 0 0 0 0
1 0 0 0 0 0 0
4 -9902 8664 -6284 7214 -5422 -4270
3 0 0 0 0 0 0
3 0 0 0 0 0 0
1 0 0 0 0 0 0
2 -2518 6544 -3932 17580 1380 3654
2 -824 1916 -3532 11450 4663 919
3 0 0 0 0 0 0
2 802 534 -3678 3901 6407 -1010
1 0 0 0 0 0 0
1 0 0 0 0 0 0
3 0 0 0 0 0 0
4 -9228 7782 -5876 12458 -2510 -12139
4 -4386 3930 -3150 9355 -2589 -12783
1 0 0 0 0 0 0
4 0 0 0 0 0 0
4 1918 18842 -5056 -5738 -20936 3649
2 -810 -446 -3102 -3123 10205 -3435
2 19744 16144 -5562 -4365 -19046 -19493
1 0 0 0 0 0 0
3 -1254 -7000 -4984 -1399 -1856 -1689
3 -1952 -6566 -4228 -2536 -3919 -2151
2 32767 15872 -16920 2307 18908 -1152
3 -2192 -5908 -4200 2144 -1401 -637
3 0 0 0 0 0 0
2 4572 2102 -3522 14838 -32768 2620
1 0 0 0 0 0 0
4 -15402 7418 -17880 1359 -1399 -2817
1 0 0 0 0 0 0
4 -10202 -3040 1772 9061 30544 -10581
2 -2964 362 15486 -233 260 5214
2 13832 21902 -32768 -27637 -1322 -4666
4 4008 2310 21290 1336 1338 6896
4 -7608 6388 -32768 -32768 18491 12670
3 -1144 -7186 -6272 2193 1560 -470
3 0 0 0 0 0 0
1 0 0 0 0 0 0
1 0 0 0 0 0 0
4 -2928 14198 -13766 23723 -16212 -10829
3 236 -8438 -4638 -4349 998 -1692
4 10886 -9524 13774 12743 -6304 -3524
3 0 0 0 0 0 0
1 0 0 0 0 0 0
2 -2854 10610 -22306 15087 15348 4491
1 0 0 0 0 0 0
2 436 4862 17972 2030 5415 5436
3 -1682 -5702 -4210 4779 9306 3355
4 -7456 -4078 12398 -26816 27730 16779
3 46 -8252 -5828 630 4715 -1168
4 -8000 20538 -17796 17636 -3864 -12474
2 -10262 -2230 12892 -17137 -16806 -19132
1 160 -8424 -2226 -249 -387 -635
2 19668 14276 -23630 11244 8215 9263
1 -374 -6994 -3172 -1409 2479 1472
2 -3362 3862 13876 6015 -5885 1011
1 1564 -7478 -3516 71 1205 -47
4 10508 -7722 9580 10794 7887 -4830
3 0 0 0 0 0 0

4 -1266 7836 -1464 -54 163 -105
2 776 8126 740 269 382 -17
4 -1244 7886 -1392 61 -332 -106
2 870 8212 726 145 484 -9
1 -338 -7620 -3460 -33 -231 -65
3 -1480 -6446 -5108 427 -76 139
4 0 0 0 0 0 0
4 0 0 0 0 0 0
3 -1344 -6420 -5364 690 69 207
2 0 0 0 0 0 0
2 4026 9056 366 2042 -1445 -112
2 2038 8802 -716 3887 -2781 3164
1 -602 -7540 -6416 -1288 -2891 1011
1 -2844 -9338 -10322 -9900 -3610 4782
1 -4114 -6578 -6008 -12622 -394 5616
3 0 0 0 0 0 0
3 -2338 -6298 -12834 -6508 659 709
4 -3748 12194 -7592 5409 -3999 -3851
4 -6262 13090 -10914 25850 2605 -14341
2 0 0 0 0 0 0
1 -4156 -3038 -2414 -5842 6010 5400
3 -2520 -3978 -14254 -20565 -293 1700
4 3100 -2002 576 15529 7490 -13108
1 -5042 -4698 -5798 -426 183 6118
2 -1072 8078 -2612 3851 -2463 1107
2 0 0 0 0 0 0
3 -3214 1042 -4802 -14895 -2621 6173
4 1594 -1712 988 -5671 8173 -460
1 -1676 -1412 -3776 -232 -345 6356
1 2474 -3360 -11722 4386 -5037 -9491
1 -9886 -1404 -5742 2622 2550 7626
2 0 0 0 0 0 0
3 -4654 -930 -2686 -298 -2849 3900
2 -842 8544 -5944 2965 3952 -3968
3 -5710 -7238 -6778 1108 -5457 3258
3 19776 -7400 -21634 -13776 -8544 -3699
4 -5282 6442 -7162 -6792 -256 -553
4 -4098 2308 -4794 -875 2062 698
4 -2480 13916 -8706 3596 2681 -4016
4 -6906 -19006 -1856 3995 -5835 3613
3 -382 4022 -4810 1922 13400 5852
3 -2622 4572 -4572 -645 4229 -4593
1 7094 -4988 -8398 1250 -481 126
1 -6360 -4646 -5488 3859 -1400 960
4 24746 30992 -14366 -13076 11415 1281
2 -1672 5914 -9252 15431 -12862 -5027
2 -4886 990 -3944 6514 25491 -2237
2 20722 25218 32767 -21377 28790 3853
4 -12532 5404 -9432 749 -674 -1684
2 17988 10502 -20594 -2896 16605 -2327
3 11620 396 -160 13226 29441 11725
3 -3700 -192 -3678 14172 8033 -400
1 5550 -9872 -3040 6359 -17433 -4693
1 8436 -4262 -12182 2495 -1953 -206
1 -12844 -7770 -22128 -17167 -15643 3874
1 7488 -8438 28448 7476 24333 -3324
3 -13746 -15572 -18694 -18770 -2271 2509
3 11778 900 29586 10796 -13100 1718
2 3640 452 -10274 15885 6508 10602
2 -16276 2086 20160 -10473 9208 -6324
4 -376 6432 -19256 19139 4540 -9268
4 19204 14 23414 -4732 -6757 5645
4 -1502 32767 -32768 -12978 20820 7881
3 -9628 -32768 -32322 3051 -16181 -8094
1 -21630 -16850 -23852 1821 -6330 -1153
2 11314 32767 -32768 6977 -23495 227
1 110 6704 11698 -14745 399 -2193
2 -9294 -202 17044 6586 -1160 -2444
3 4428 19860 21052 -20431 12856 686
4 16792 -2928 17936 14465 2030 -1511
1 -14542 -31036 -29952 21994 -8373 -2815
2 32142 12668 -12174 -15061 24832 -9399
2 -16874 -3788 -1622 14327 -15821 7239
4 -29656 -6636 10998 -22056 173 19103
4 9916 -7578 -3726 20207 16105 -11705
1 2750 3722 -4702 -21265 -8203 1314
3 14584 -10458 -32768 21951 -7806 -8781
3 -11882 -4016 -14226 -23799 19795 9786
1 -10190 -3422 19332 21300 445 -2802
3 8368 3618 14326 22492 -2350 1263

1 170 -7680 -3064 23 39 104
2 600 8134 786 49 405 -193
4 -1076 7966 -1398 -295 -301 166
3 -1540 -6302 -5244 455 -158 -128
2 542 8216 688 198 309 -264
1 364 -7738 -3190 109 -117 1
3 -1510 -6344 -5412 518 -135 -69
4 -1106 7884 -1346 -172 -209 175
1 0 0 0 0 0 0
4 0 0 0 0 0 0
1 0 0 0 0 0 0
4 -918 7968 -2314 552 -2919 113
2 0 0 0 0 0 0
2 0 0 0 0 0 0
3 0 0 0 0 0 0
3 -2838 -7056 -11772 -6571 -349 2330
3 -3708 -1768 -14916 -16016 3675 4608
2 1698 8400 600 399 2488 21
4 0 0 0 0 0 0
1 866 -7804 -4832 -718 -2292 -126
3 -1248 -822 -6738 -13858 10599 6757
2 0 0 0 0 0 0
4 -5238 12210 -5988 7995 -1498 -6382
3 -1720 -3334 -2360 -106 8456 2241
1 -2112 -11090 -12082 -10588 -7257 4133
2 172 9710 -4014 6713 -6493 -1618
1 -8562 -8390 -9028 -21367 -4421 13774
3 -1210 -1674 -6504 2772 5389 3897
1 2894 5106 4158 -6558 -4632 8924
1 3068 -5878 -19020 5113 8722 2184
3 2136 -3328 -8496 -12406 -25797 -4237
4 -2178 9602 -1210 10587 1878 -9585
4 -3422 6522 -2724 7140 -2543 -6904
4 -1740 1344 -3810 5153 2022 -5887
3 -6602 5798 -5846 -1377 -10511 -3795
4 2626 1038 174 -8791 7438 3359
2 -2782 8288 -4810 10833 437 -2611
2 -3070 7302 -5370 12703 5403 -3682
2 2056 3812 2514 5127 3372 1579
1 -5788 -3232 -5970 -1109 8935 4974
3 -4854 -20 -9222 3720 -8032 -3659
4 -4774 10022 -12518 2424 665 2259
1 -8530 1184 -11556 2184 5674 829
2 3220 8548 -3508 1196 -253 -9934
2 3142 8424 -10310 10543 -21942 -616
2 16552 2304 6410 -5800 17035 4164
4 -3140 9288 -6740 7934 3683 -5367
4 -7162 -17040 13148 -10878 17406 109
3 -856 1616 -12276 -15784 7930 7409
3 13366 472 17574 3702 -6734 -8950
1 -7456 5584 -4920 -11988 -5690 5002
1 10154 -17308 17450 14681 22652 3873
2 32767 31546 -15456 953 32767 7534
4 -11700 32767 -7686 -6282 32767 775
2 -11080 -8190 18238 6350 -8528 11668
4 16438 -26836 18996 16308 1418 -1650
3 -23068 -19506 -32768 4009 -13427 -3798
1 -7286 -15560 -32768 -9444 -5361 -2173
3 14710 -1424 17082 -15790 4531 8671
1 -1266 -7670 12202 -12786 -1696 778
1 -602 -3776 17758 32767 -8057 899
2 32767 24816 -32768 -20265 22090 -16491
2 6192 1312 -2528 22320 974 21097
1 -22310 2880 -994 -26690 -30168 -4250
4 1446 21616 -32768 -32768 5936 13044
4 -10924 4128 5338 29677 5693 -8220
3 -10862 -4096 22140 26485 4328 -11163
3 -13342 -3152 -30232 -20584 17612 20070
4 4786 -1712 -15206 -26882 -17684 -831
2 -1828 2094 20454 -26822 32767 -6172
1 -8662 -18342 29908 24823 21333 7581
4 -7984 15538 -8946 19251 -7278 -8552
2 -13024 15412 -13860 18344 -1270 6901
1 -12942 -5728 -12584 -32768 -30728 -6894
3 17076 -1010 22726 9629 -6 -5049
3 -32054 -12582 -22486 -17504 10152 10985
3 24660 -17236 5630 3309 -4449 -5039
4 24686 -1950 12420 -19144 -2072 6291
1 -9728 -22142 15448 17709 13963 6633
2 -12336 -5464 24350 -16741 747 -13316

4 0 0 0 0 0 0
3 0 0 0 0 0 0
2 0 0 0 0 0 0
1 0 0 0 0 0 0
1 0 0 0 0 0 0
1 0 0 0 0 0 0
2 0 0 0 0 0 0
2 0 0 0 0 0 0
3 0 0 0 0 0 0
4 0 0 0 0 0 0
3 0 0 0 0 0 0
3 0 0 0 0 0 0
3 -1344 -1758 -12098 -3573 4272 2022
1 0 0 0 0 0 0
1 0 0 0 0 0 0
4 0 0 0 0 0 0
4 -3012 10126 -5002 3046 -3558 -2331
2 0 0 0 0 0 0
2 3162 10758 -836 2403 673 -52
3 -6094 -4242 -10906 -7795 4165 2529
3 2990 -7064 -8680 -15669 -9468 -4167
1 -4936 -8178 -8420 -6953 2000 6587
1 -3706 -5812 -4358 -7635 6237 8907
2 3050 16338 -8372 18551 1609 6497
2 -1372 6520 -3302 17571 4419 6690
4 -7288 7534 -10290 10120 2991 -6909
4 -7006 4634 -5996 11761 5775 -9858
4 1568 6356 -2676 3280 3805 -150
3 -5398 -7906 -9352 -10506 -295 4993
1 -874 -3996 -2010 -4250 -5811 1750
4 0 0 0 0 0 0
1 -3846 -5626 -13714 -3171 -8158 -5521
4 -9758 3902 960 -1670 -7631 1662
3 1006 -644 -13616 12472 22761 9680
2 10434 1554 11222 -3220 -4284 7161
2 4970 8096 2898 -2980 -2487 -3247
3 -6298 1054 -5642 529 -7331 -7036
3 -19058 -10004 -296 5966 4437 5451
1 -7434 -3066 -14080 -4212 -3210 2829
2 -15630 7010 -14476 -567 -9376 -2095
1 16714 -21838 -14680 -3937 5880 -9042
4 -16844 2966 -6416 3430 -10324 -4349
4 -22028 1754 6326 5282 19780 -14885
2 10126 6144 -2194 11233 12880 11974
2 -3832 -3750 4522 -10912 -5006 -199
2 -7962 26314 -26294 -1622 -14975 -9447
1 -11550 -5440 -12318 -12360 -10980 -3757
3 0 0 0 0 0 0
4 21464 4568 4590 -14826 2942 -1821
4 -7538 22126 -30080 -1225 1609 -1207
1 -10864 -14020 4920 18682 -6021 5599
3 4960 -4216 -16112 11568 8806 -5651
3 -2270 1084 -1248 -13180 14687 1149
3 -27640 6084 4668 16853 14990 2396
1 -4372 -4232 -18234 -5944 -3863 12976
1 10874 -10418 4158 6852 -12377 -4687
2 3544 -3350 5274 19747 25289 11057
2 -10292 -514 17988 -12092 -11542 -4921
4 13330 -16288 10560 23234 -14939 -12207
4 5172 -2130 18792 -18786 7325 15280
2 2224 15864 -32768 6752 17967 56
4 -17984 9122 -15840 15995 -10844 -16683
2 2230 6752 29438 421 5727 6090
1 3106 2864 -18936 -2006 19564 7086
3 -1928 -7518 -3954 -11187 -3238 1564
3 -12998 19478 -1790 3276 -18666 -8898
1 18556 -12368 7514 2606 14279 1050
4 -1994 -13424 10312 -1506 -9232 -635
3 5894 -25104 -13160 -7181 -32768 -15996
4 -7148 32364 -30640 -6535 -4152 8697
2 -7318 17914 -32768 -14562 20227 -3542
2 2910 6970 7724 7159 -5470 6100
1 -32768 1626 -20142 3621 16764 5875
1 14224 -6686 15556 -3709 22967 6013
4 9580 -18854 4814 14039 2117 -11067
3 7418 25364 7540 -10751 4824 7859
2 -18254 -3730 14184 -14380 -28448 -14380
4 24548 1104 2352 -22240 22642 18880
1 -27712 -5398 1272 7326 -32768 -17641
3 12334 -14746 -17946 25972 20120 3111

4 -1432 8066 -2016 -678 -890 615
2 432 8162 562 -337 -120 -106
1 -126 -7744 -3744 255 230 627
3 -2110 -6098 -6050 1270 -629 -762
2 318 8424 392 -291 222 52
3 -1986 -6164 -6172 293 -124 93
1 258 -7580 -3438 72 -1217 -163
4 -1420 7932 -1790 -277 65 500
4 0 0 0 0 0 0
4 0 0 0 0 0 0
4 0 0 0 0 0 0
2 0 0 0 0 0 0
2 0 0 0 0 0 0
2 0 0 0 0 0 0
1 0 0 0 0 0 0
1 0 0 0 0 0 0
1 -1002 -9222 -6124 -2308 -3341 1461
3 0 0 0 0 0 0
3 0 0 0 0 0 0
3 0 0 0 0 0 0
1 -7690 -10948 -11276 -16625 3691 14810
4 0 0 0 0 0 0
4 -3872 9830 -3392 1588 4143 -1396
1 -142 -2698 -2686 -13740 1564 12530
2 2624 10542 -4554 4946 13398 2789
2 0 0 0 0 0 0
3 0 0 0 0 0 0
3 -4830 -5990 -13468 -8805 3290 5936
4 -5020 8002 -10312 11780 5129 -6364
2 0 0 0 0 0 0
1 -708 -618 -2536 -1208 2364 3172
3 -156 -730 -11554 -18922 3229 4257
4 -1702 3990 -5310 14500 -916 -5959
2 0 0 0 0 0 0
1 -1652 -6142 -7840 2138 -7134 -3791
3 1524 1406 -4680 -9920 5331 7838
2 0 0 0 0 0 0
4 -294 6124 -3238 356 -904 3728
4 1478 6820 -7068 1317 -193 864
2 -680 4228 1182 -4137 11440 -1494
1 -4716 -1088 -5928 -1365 -4352 -3561
3 1230 -3926 -3938 6983 1028 2371
1 -20874 -4076 -2990 2012 5656 1152
3 -22672 -3052 -23148 5040 1817 5319
4 11244 28440 -14314 -3536 18250 -7236
4 6854 -3744 3346 18435 22192 5996
1 -3426 -6028 16822 7816 5431 14151
1 -3054 7084 -7118 -6468 -17293 -2944
3 20778 4724 -5616 3972 5141 -9074
2 6070 11694 -13816 5291 17263 7925
3 1352 -5274 3608 -9137 21092 5537
2 -5810 -4734 -4356 14746 -12023 -6643
3 -7806 9418 -7426 11685 -5197 -5039
2 11042 22258 13026 -16345 15911 5226
3 3166 -1678 -10502 -17596 9173 3345
2 13672 2786 -21784 11845 -7429 1400
4 -25940 -7934 -10764 -23172 -15539 2721
1 6870 -9880 -4422 10687 4962 -6879
4 -6862 15070 -1348 20651 -8707 -10952
1 -20948 6890 -12940 -12476 -11024 1637
4 -20604 -3242 -5466 -20851 16676 13448
2 6028 9014 -5664 -10367 5908 -664
1 2362 -3854 6936 8588 -620 5099
3 -13108 9324 4156 14551 3289 -9863
1 -6332 -504 -14630 -7119 -10626 2072
4 -12898 4910 -7086 19304 -671 -5991
2 7542 4522 -5064 10365 -19233 -4986
3 -9026 3110 -10458 -19688 4571 1167
1 2592 -5674 16634 13359 12020 1124
3 -23920 11162 14812 15118 -12836 -11141
1 692 3634 -23874 -12621 -15619 4365
2 -282 -1362 15428 -17800 18008 8923
2 17012 4510 -16624 15709 -22399 -148
4 -508 -12064 1212 -21649 -5922 9264
3 -4692 -5272 -15792 -17843 17448 4765
4 -8596 18572 -9660 18715 4315 -10608
2 -11366 -5094 32318 -17101 8730 466
4 16510 -11134 5774 -14124 -10196 7938
1 -704 -9536 24144 11668 4830 2137
3 -714 9152 13134 9741 -8495 -9793

3 -1728 -6220 -6680 414 -1685 -790
2 694 8682 400 -546 430 -339
4 -3152 6648 -2780 -909 -471 782
1 -1002 -7720 -3528 1608 -7286 -1941
4 -3480 7138 -2628 -1249 2170 1357
2 820 8512 562 1247 127 -110
3 -1934 -5668 -6508 -735 -988 -739
1 -1156 -7652 -3146 278 1128 141
3 -3030 -4254 -6698 -694 -1328 -829
4 -3094 6702 -2966 -64 -3995 -109
3 -6894 -3720 -16456 -5676 2462 4076
3 -6116 -4490 -12122 -16465 10396 12344
2 0 0 0 0 0 0
2 0 0 0 0 0 0
1 -284 -7388 -3804 415 -224 3
4 -8948 7134 -4750 4 5281 -1897
4 -7834 8200 -7660 7035 3151 -7790
1 0 0 0 0 0 0
2 4056 15736 -7420 13719 811 5642
1 -1802 -8718 -8538 -5564 2760 4874
1 -4854 -6832 -5818 -9829 5192 7652
2 626 10678 -6916 24778 763 7093
2 132 684 -710 17969 4907 3650
3 -592 -2628 -2796 -3603 4137 3760
4 -2424 3564 -1112 4904 7312 -4765
3 -2842 -3552 -5690 809 70 2019
4 -6066 6802 -2030 3675 -2000 -4632
1 -3162 -4806 -3854 -6269 -10238 5236
3 1796 -3902 -1252 5963 2140 398
4 0 0 0 0 0 0
3 4270 -3822 -4180 -1554 -13793 -3620
4 -6168 3494 -1956 -2896 -1290 307
2 422 -2084 186 2519 -5791 -7626
1 4736 -1578 10236 2634 -4804 1862
2 5974 3586 -2932 -6093 -1497 -9148
1 -10782 -5374 -3934 1333 -16693 2767
3 -12282 2160 -5508 2884 9995 10996
3 3926 -6966 -10814 5577 13466 2584
2 9178 9464 -4010 -2613 16055 2537
2 5906 7574 -302 1963 9534 2330
1 -3018 -1850 -5240 -3512 -1833 -2184
1 -454 -1352 -6344 -1168 15180 5131
4 -5736 7452 -2836 1414 -8254 -45
4 2432 17128 -10522 18196 -16675 -2906
3 -6170 -1078 -7960 2752 7506 3918
3 -658 -1384 -11920 -1376 -3148 364
1 -2436 -2292 -3916 1026 -4504 -2287
4 -20804 -21682 7532 8948 -3766 -7192
1 0 0 0 0 0 0
2 3196 -2976 2164 -10499 -16715 5398
4 676 -3580 5066 -16033 17927 -4655
2 1820 5770 -8622 -13000 -32087 -10273
1 -8688 -608 -6238 3108 -1010 -4565
3 4156 -5112 -4236 2222 -1671 637
1 -7712 -182 -4262 -49 21187 2790
3 -2740 -2322 -9564 -4900 -12516 -1816
4 -3488 16910 -8576 -16718 9144 2919
4 6822 18 -7926 -647 642 4838
2 8216 6152 -8298 13045 6156 6043
2 3494 3276 -11898 6449 -6311 -2692
3 0 0 0 0 0 0
4 -18032 2422 -10574 2033 13923 -1950
2 9280 -7204 -5654 -642 13275 1166
1 -7220 -13508 -2120 -3026 -3984 893
2 -466 1452 -13922 8651 -18693 -1854
1 646 2166 -14472 -292 13481 9988
3 -1598 -6654 -6776 -7631 1299 -7976
4 29160 608 5180 19089 32767 2058
3 -14720 12288 -17718 14418 -3860 -1924
1 8300 -13812 -160 5393 -14064 -9360
3 19812 -25934 -4942 -19512 12838 -2461
1 10162 12600 -3708 -17830 26615 16541
2 -4392 -3596 32767 -2338 -5737 -16931
2 16002 10394 -15754 4915 -26558 -7687
4 -26256 -14788 15548 -12322 11828 17621
4 2870 15366 -24282 18458 -185 -5020
1 -20010 -27988 -2388 24607 -32768 -16408
3 -9662 9718 -18146 23321 -1330 5247
2 -22494 -778 13080 1643 -11391 -7619
4 3946 -11634 10658 -13501 10304 10564

1 -388 -7642 -2830 -607 20 873
2 600 8034 1124 879 -88 357
3 -1320 -6502 -5086 -1713 676 410
4 -1238 7382 -754 541 663 -1346
2 656 8078 1160 513 81 -15
4 -852 8018 -1404 -401 1498 -194
3 -1384 -6504 -4910 -1098 336 107
1 358 -7708 -3158 -409 3820 400
3 -1390 -6286 -4812 46 56 -62
2 0 0 0 0 0 0
2 0 0 0 0 0 0
4 -786 8018 -1486 -59 -276 -28
4 0 0 0 0 0 0
1 0 0 0 0 0 0
1 -5180 -10466 -3774 -889 32153 8242
3 0 0 0 0 0 0
4 -2418 8974 -2914 1236 -2130 -302
3 -2576 -6354 -8298 -2524 -2027 -614
4 -7610 11274 -8822 10557 4886 -5259
2 3414 8426 926 2741 4081 734
2 0 0 0 0 0 0
3 -3634 -4652 -15194 -16774 -411 2766
1 -308 -10302 -7514 -5589 -2259 201
1 -5590 -5278 -7212 -15515 -17250 -2536
4 -2116 668 -5856 10473 -1860 -8758
3 -5952 3032 -8742 -18976 7938 9193
4 -2888 7948 -8126 7207 316 -8284
4 2720 2810 -4374 513 4103 -3153
2 0 0 0 0 0 0
2 -2450 9634 -4654 11563 -1525 -2685
2 -3072 5034 -4576 9955 343 -4175
1 438 -1298 -4922 -9328 -976 3291
1 -3824 -3670 -5484 -1216 -1697 3360
1 -9420 -15282 7040 4623 -27834 -16471
3 -898 2152 -3624 -3066 3464 9766
3 -7988 -5468 2008 -16 -3600 -1621
2 -17666 8070 -774 -2708 8596 -12293
1 -32768 -10178 -8732 2873 -32768 -4432
2 9148 13134 -4938 4988 -3362 -932
1 -8970 -8906 -2980 -1264 -2155 13662
4 8442 6176 -2796 2732 -7593 6318
3 0 0 0 0 0 0
3 -1754 11128 1154 -14732 9281 -6658
4 -17834 8706 -13680 3812 194 -3028
1 23138 -226 19518 21216 -7492 -1169
3 -26130 3158 12956 26963 21303 511
2 -10218 -544 -5758 -1377 4845 4463
2 -15196 6858 -18588 3640 -6929 -4238
4 -12764 -6112 5078 -9777 4723 6712
4 -482 16622 1932 4304 14964 -7311
3 1586 -13006 -27014 -29517 -20459 -8299
1 -32768 -14266 -17738 -17551 14710 17091
3 4440 6382 5160 -2593 -9112 -7778
4 -14064 -18108 -1888 -5499 -20975 -3254
4 32767 32767 -24412 4336 -26656 4608
3 -3052 -20000 -19132 21775 16279 15984
1 7690 -18040 12712 -806 -393 6422
1 -26404 22352 -32768 14630 -32768 -18809
2 10062 6120 21906 -11446 23384 148
2 -32768 3302 -32768 2486 -20329 -3732
2 -5390 -4088 22326 909 -15309 -2606
4 208 -24860 3952 -2236 -5270 -8125
2 -15416 19258 -32768 -9440 2525 406
4 27268 32767 -32768 -19038 -12314 15408
3 27888 15960 8172 -22522 4280 -7923
1 -2938 -15552 4878 -11212 22982 11955
3 -15190 -1492 3784 28344 32767 11498
1 7834 1150 3258 5437 -32768 -7988
4 -14174 6256 -11266 23018 5152 -13424
4 11686 1262 14826 -20595 -7083 14894
2 12442 10438 -14062 18026 -997 5027
2 -13898 -8462 32767 -17463 8527 4626
1 -24198 4520 8886 2510 32767 4992
1 8684 -19002 -174 4197 8474 12285
3 15006 -10342 -4508 -14644 -18723 -2255
3 10896 7512 -2806 -14959 -17613 -25520
1 -4566 10908 -626 -19660 -32768 -16867
3 -2468 -8148 -7108 11999 24496 23475
4 -14196 27796 -5238 2633 11949 -1168
2 16620 28360 -25742 4090 15957 6024

2 312 8336 978 138 1282 -146
4 -622 7748 -1890 -1942 -231 933
1 188 -7776 -2790 270 -841 -108
3 -1422 -6702 -5376 280 295 -165
1 -202 -7620 -3108 373 -860 -309
4 -1114 7930 -2160 -2069 -1457 1664
2 764 8018 702 210 1476 -107
3 -1666 -6244 -5400 -151 -135 -355
1 -86 -7930 -3260 -36 133 208
4 0 0 0 0 0 0
2 654 8296 782 121 957 -152
3 0 0 0 0 0 0
1 0 0 0 0 0 0
3 0 0 0 0 0 0
2 0 0 0 0 0 0
2 0 0 0 0 0 0
1 -1760 -9024 -3980 -7 708 1619
4 -1692 8012 -1922 -256 -196 657
4 -1664 8188 -2386 887 -2156 -572
3 -3212 -6178 -7188 -2883 -806 1080
2 2304 9210 -2366 3706 -2935 -1163
1 -2638 -10190 -13250 -13097 397 8074
2 152 9288 -2630 7032 1477 1033
4 -4412 8340 -4602 3234 1076 -2622
4 -5244 7560 -8416 6843 5408 -4002
3 -3522 -4096 -12572 -8709 4096 4169
3 -2226 -980 -11048 -11974 7563 4508
1 -2464 -4432 -4806 -14070 4885 8121
3 718 -3504 -7914 -8463 702 2289
3 -4386 -3618 -5866 -6196 -11528 2384
1 188 -3492 -3296 -3815 -3577 1142
4 -5526 10238 -5164 11591 4261 -8549
1 -1530 -4764 -4458 2243 -6386 97
4 676 3708 -240 3830 2369 -2548
2 -2790 8670 -3608 9805 -1346 -1807
2 0 0 0 0 0 0
2 174 3786 -5898 7134 -904 455
1 -3458 -1138 -2734 748 -19072 -7673
2 -5968 4774 -3788 -3877 -616 -829
3 -5746 -86 -6062 -342 -6968 -566
3 -1162 -5812 -16360 -1572 -1142 3078
1 9936 -3904 -11208 -3026 16337 4760
4 692 13638 294 -6034 10814 -3585
4 -3764 -1678 -3842 2820 3559 -1023
2 9630 -154 936 3080 17469 9374
4 -23744 5962 -74 101 2600 -4970
3 5698 18360 16614 -17513 -6417 -11986
2 14154 9588 -11166 -13909 14623 1106
4 12778 13050 -18786 -6509 -13588 4547
3 8704 -5284 54 23449 15579 8094
1 -9896 -636 11576 -17434 17028 14502
1 -28590 2980 2886 23992 -32639 -13156
4 -15880 4784 -4182 10322 14953 -4149
3 -7478 -3812 -19806 -25826 690 912
4 0 0 0 0 0 0
2 4174 10034 -2168 17780 -7369 3385
2 6334 14206 -4778 -12616 6164 -7829
3 1144 510 19118 5340 -6560 1974
1 -11480 -44 -19248 -14741 -275 9916
1 514 -16864 23456 1687 6563 -7212
2 2060 -1466 3804 11954 -13267 6873
2 11264 13098 -10402 -13018 8110 -5897
4 32767 -32768 32767 16173 29117 -7627
3 -3840 -16282 -32768 16007 -24322 -9319
4 -8492 1908 -5698 -9110 -10612 2689
3 11066 13274 10268 -14224 5461 -403
1 -32768 -15754 -32768 9260 -8528 -2526
1 5104 -2554 7012 -16548 19666 8647
1 -14844 7292 -3880 22566 -3353 -6495
3 -1848 -2116 -5350 19285 -4206 2707
4 -2726 9540 -13200 6462 8606 -3296
3 912 7126 -12574 -19370 3509 2560
4 -16688 11182 -11662 -11568 -7041 1614
1 -7688 -8988 -9730 -14466 3830 6772
2 -4050 9506 -7150 14498 -6532 6415
2 13712 8510 -17060 -8601 17744 -2033
1 3804 1260 12640 18843 -11222 -847
3 620 -13276 22716 15125 5619 -45
2 -12952 -4552 -3232 10626 -24970 8229
4 -3626 8092 -6468 9951 14365 -5429

1 -558 -7544 -3048 199 -477 21
2 456 8184 600 396 254 227
4 -1594 8170 -1754 -624 -506 1255
3 -2248 -6256 -6524 -287 -1219 -681
4 -1426 7824 -1684 263 -637 127
2 700 8322 540 825 816 -37
1 -696 -7788 -3238 298 -543 -220
3 0 0 0 0 0 0
2 12300 13422 -3264 9329 2103 882
3 -6800 -4126 -15338 -13316 1885 5888
1 1680 -8166 -10386 -2197 -4939 -443
1 0 0 0 0 0 0
2 10 11772 -6720 15916 -7355 8509
4 -2216 8188 -2756 1357 -3473 -1136
4 -4614 7338 -5500 3174 7011 -2465
4 -5392 8522 -9834 10841 1875 -8132
3 -974 -906 -7502 -17584 10497 8352
2 -6916 6478 -4940 15214 5474 1233
1 0 0 0 0 0 0
4 -2130 7528 -4218 10417 2361 -9628
2 -4978 1504 -2172 10894 3461 -5091
2 0 0 0 0 0 0
1 -4114 -5688 -314 -2023 7374 9795
1 0 0 0 0 0 0
4 32767 8098 224 25466 -1025 -13808
3 352 -1066 -1438 -1198 5154 4405
3 -5606 -4782 -2316 9589 -1276 2613
3 -3930 -868 -5100 6666 3 -572
1 0 0 0 0 0 0
1 -11728 -6498 -7272 -6126 -4491 -179
2 8176 6146 -3574 -1917 13192 1699
2 3544 7620 2564 -1185 25165 77
3 4876 -4944 3496 2462 1593 3799
4 -5594 616 -296 -582 2220 1499
4 -3040 1168 1700 -19138 -8475 13511
3 2604 -5410 -18836 2453 1146 -750
4 1980 12476 -7376 2912 2748 7324
4 -32768 -26020 5928 16166 -18046 -9967
3 15722 -2176 -4 -7699 -20648 -2971
2 5348 2964 1230 -3519 -5192 6945
2 10290 -594 -10670 -8744 -10253 -10917
1 -11180 1862 6624 339 16787 11801
1 -16728 -6416 -2476 2469 -4629 -3960
1 -19262 -1294 -4330 -333 5225 -3171
2 7870 12290 -6896 10567 -10934 -1195
2 17950 -1270 960 3459 4963 9345
3 20366 -7592 -19598 1603 -8146 3781
3 -5004 -1466 -5682 -22 -3379 -1539
4 5794 -2600 5406 -12483 15115 -8949
4 10840 17646 -19878 -8514 -17690 3639
1 1528 -1698 -2368 2337 7659 1513
2 28076 -1002 -13756 4498 -2599 7716
3 8668 -2276 -10320 2586 8820 2476
3 1970 -5874 -14396 5901 3226 -4020
2 32767 22344 11360 -7088 32767 -651
4 -124 3918 6136 5161 -17770 -12001
4 -32768 -3234 25912 1197 25152 2131
1 -5202 -9024 -4228 -547 -2776 -1688
1 -3174 -4662 -8836 5098 -7194 4271
3 -11926 -2846 -12080 -15494 -359 -5106
2 11498 9994 4800 5118 11407 16131
1 2410 4998 -15650 -7265 -4593 5016
1 29478 -778 -11578 -3814 5844 -20078
4 -1234 -20 -15910 7106 -6060 -14271
2 -14480 -102 22146 -7315 -21737 -611
4 9582 -7068 25170 -19700 4796 5330
3 6016 26074 -15942 16610 -15003 20864
2 32767 17000 -11030 8708 21757 17782
2 -11656 15230 30048 -11784 8558 103
4 -24836 30304 -5896 10309 -23386 -19160
1 -26356 -7774 -17784 -182 26810 20013
4 32767 -6624 22374 -5949 -21956 -71
1 27120 1056 28120 9541 22572 -12716
3 -2018 -32406 -1218 -10367 11885 2710
3 -21964 28160 12552 11515 -24355 5723
2 21394 15312 -30374 13142 2568 9861
1 -13664 -13100 -31044 -4015 12643 15835
4 -31522 32767 -5326 9757 -17534 -12815
3 -10534 -23264 -5798 -15173 -3700 -674
3 -16998 15222 12580 16491 -12784 8259

2 1148 8420 648 -166 4192 -933
3 -1202 -6754 -6222 1160 -1152 -672
2 1334 8092 858 883 2652 -488
1 -546 -7744 -3944 1443 -3789 -1717
4 -2264 8212 -1760 -1228 -940 1375
3 -1502 -6568 -5980 -960 -231 -40
4 -2106 8026 -1696 90 -30 -332
4 0 0 0 0 0 0
1 -694 -8026 -3706 655 -571 -647
1 0 0 0 0 0 0
2 1140 8022 1120 48 -203 -32
2 0 0 0 0 0 0
1 0 0 0 0 0 0
1 0 0 0 0 0 0
2 0 0 0 0 0 0
2 0 0 0 0 0 0
3 0 0 0 0 0 0
3 -2386 -6948 -10296 -8462 3012 3680
3 -2202 -4892 -11640 -14600 5100 3061
4 -2900 8924 -2142 2189 865 -3395
4 -5000 8090 -5286 5426 5289 -5986
1 -5438 -11252 -14146 -14269 -4474 6751
2 3006 10090 -4018 6759 -4760 -2711
2 -2496 10420 -6192 11792 287 -1686
4 0 0 0 0 0 0
4 -2472 7510 -3522 5073 4 -5350
1 -2022 -5502 -3578 -11893 -5988 5918
3 -1846 -1636 -6072 -9825 6654 3467
3 -944 -3218 -4002 1236 6561 2691
4 0 0 0 0 0 0
3 -5190 -3180 -7394 -7513 -7437 3645
1 -4696 -4700 -1614 405 869 4355
3 -16246 7050 -1568 -1004 -20512 -4883
4 -5880 -1042 -3314 656 2638 -2653
1 -9730 -4384 2906 4003 -3335 -3034
3 17308 -17438 -28516 -12335 5152 54
2 34 5710 -3810 12267 5489 -1351
2 1092 9854 -3064 5416 -282 -1555
2 -3780 11584 -678 -7755 18109 -5594
1 -15198 -6172 -21114 -10966 -3714 11368
2 2784 7636 -9362 14045 -15548 9820
1 10262 -7880 14058 -8342 2647 1308
4 -32768 32767 -32768 -32768 2657 32767
4 -12232 12856 -8636 7899 6682 -12240
3 12416 212 23552 -6112 8815 5144
3 9300 7436 -11358 32767 21106 -1320
1 -15304 -11108 -30616 32767 -22968 -2213
3 -5786 -2144 -10670 -13814 29703 21220
4 -948 -4626 -17412 -13833 -12008 14869
2 10688 5626 -3102 -20426 32767 -8688
4 -15838 7560 1134 8915 18436 -13246
1 -14838 6210 -2092 -24609 -21093 -1850
2 -8454 9882 -2706 19981 -25728 7587
3 8514 656 15330 16966 8850 -3089
1 -11470 -14440 20536 32767 120 5218
1 -5066 -2198 -25418 -23735 4032 2784
2 14804 14124 -17362 -12857 17049 -15123
2 -6928 776 -6758 15691 -28261 7182
4 -7782 6024 -18390 -14582 59 12569
3 0 0 0 0 0 0
4 -4034 9928 -2878 12291 12359 -7341
2 -878 3328 3252 -12883 19693 -9247
2 -10358 7872 -23076 7240 -32768 -12216
4 -18440 -9820 -14814 -4455 -21130 6635
4 5690 7630 3456 -7096 32767 7866
1 -6132 -12156 10136 18511 10072 5693
1 8294 -5994 -25744 -11727 -20750 -5648
3 20784 -9232 17602 941 -922 -12012
3 -32768 1106 -21662 1586 11199 5593
3 32338 -11872 12368 5554 -12828 -5594
3 -10902 500 -16298 -15701 3177 6624
4 -22530 2204 1386 -1426 11791 1387
2 12038 4510 8066 1879 -10113 -4890
4 26446 4284 -13290 8030 -17870 3131
2 3196 -312 -7080 -3069 32767 8072
1 -510 -13942 9482 13777 19793 3188
1 -11038 576 -7560 -20730 -13789 -1713
3 8208 650 10374 8412 -12682 -12069
1 -6684 -11400 9478 23503 19002 7749
4 -14294 4684 2928 -618 2010 -434

2 962 8180 1072 588 2179 517
3 -1648 -5532 -6238 1002 342 -428
1 546 -7782 -2768 -581 5057 1159
4 -2406 7370 -1962 -134 -164 165
2 1096 8114 996 167 2012 864
1 -146 -7882 -2942 -220 -1898 130
4 -2436 7626 -1786 -369 114 357
3 -1516 -5910 -5952 1181 429 -421
4 -7422 8976 -3346 1535 2001 -3053
4 -11262 8446 -8286 9127 7734 -11852
1 0 0 0 0 0 0
1 -3774 -9270 -10326 -7182 -6795 3235
1 -5868 -6946 -3922 -9974 -5327 6217
2 3964 9874 158 1409 4215 1031
2 5410 15872 -7116 16851 -5543 5426
2 -2452 8726 -5080 20421 6430 6912
2 -2094 942 -766 10718 4608 1957
3 -3294 -6126 -8274 -1307 2837 2234
3 -1534 -2334 -10254 -6401 4149 4915
3 0 0 0 0 0 0
3 -6482 -4548 -8028 -13984 -7637 1521
1 -4004 -3494 -1662 -6706 -2547 6488
4 -7318 1598 -5366 9926 7099 -14842
1 9040 -6056 498 1217 16345 1928
2 14124 3144 8468 -10312 23605 11860
3 978 -1748 20074 -2464 2091 2804
4 -2088 5064 -1894 763 -1604 -6843
4 12660 15512 -5898 -6618 12045 -5896
3 -2274 -450 -16172 17817 25572 8830
2 7276 4030 1394 -296 17699 87
4 9320 14000 -14802 7304 4126 -4770
1 -10248 -4956 -17396 8304 -12711 -1832
3 -1412 964 -800 -3788 -488 -1230
1 -1374 -1484 -10364 -807 -4479 1813
2 11764 2344 -11328 -3417 -2091 -1617
4 -32768 -29916 9902 7182 -17857 4699
2 11262 10098 -2320 6827 22381 9231
3 -2572 -5498 -13030 3276 -6217 -2229
2 5300 -3170 6666 -1044 8688 1439
3 0 0 0 0 0 0
4 1564 11208 -2996 -3232 -21146 -7386
1 4060 -6060 -11186 2000 5662 354
4 12204 560 -16884 -4167 18322 9668
1 -6242 -5228 -3480 -9979 -16615 -8746
2 29334 10648 6178 -2090 -32768 -12948
1 -13090 -6350 -14048 5634 15197 14259
1 16690 724 9150 6922 12446 -3525
4 -7986 16460 -1982 -1930 3334 -5381
4 14638 -12826 -15162 -1692 -4795 -367
2 -3084 6880 -2528 -1618 32767 3427
3 26864 -23194 -4066 -9415 -1050 -8595
3 -14604 19560 26974 352 -6912 3723
2 -11060 3614 -4348 3674 -32768 -11924
3 6770 -29490 -26898 9 -11422 -8885
1 -25680 -14200 -7540 937 -26713 -5362
4 -848 16630 11372 -10713 32767 10017
3 -18782 4248 -11738 -17675 5632 -354
1 10056 944 -6136 -9683 13182 11671
4 -17970 -17892 5398 12565 -17994 -8370
2 11156 1518 4816 1363 30849 4988
1 -12226 -19350 -1276 24269 -23296 -14685
2 -27446 1628 -8008 -12867 -30719 -19287
3 32767 -18028 -15430 31168 26398 5116
4 32767 -3462 -9546 -27278 32767 21511
4 -16212 11658 -18016 18477 403 -16185
2 9188 9230 -20010 21970 -6010 11711
1 -5722 -4478 -10238 -17313 -8140 5183
3 -21758 -6832 -3942 -19512 6358 4161
4 26164 -10278 24488 -11437 -2616 3154
4 -30718 6280 -5100 5948 13626 -10417
2 -11364 6932 14714 -12797 -7587 -14693
2 27122 11138 -8584 12371 -23882 13623
1 32767 -7578 8722 15922 27939 6406
3 7964 8378 23672 12038 -3693 2236
1 -26220 -13740 -9242 -8600 -32768 -8983
3 -1092 -15290 -17080 -1722 1183 130
1 12122 5570 9888 2800 14152 10326
3 -3050 16416 10070 -6585 7698 3399
4 24450 -11272 10368 889 -27004 3154
2 -9246 1186 6734 -14054 28907 -10500

2 430 8370 412 112 243 -289
4 -2252 8210 -1652 -2608 2159 1201
1 -368 -7822 -3266 293 345 -91
3 -1170 -7036 -5558 15 1727 1969
2 560 8232 500 429 497 86
3 -590 -6634 -5190 -949 396 1405
4 -1736 8204 -1934 -866 807 -1002
1 -490 -7710 -3098 13 -268 -33
1 0 0 0 0 0 0
4 0 0 0 0 0 0
4 -56 8634 -2684 1146 835 -802
1 0 0 0 0 0 0
2 408 8184 698 248 340 -28
4 -3586 8008 -3454 4090 -767 -2987
2 0 0 0 0 0 0
3 0 0 0 0 0 0
3 -2022 -6724 -9718 -4975 -1310 13
3 -2062 -3704 -10762 -10540 3076 1921
2 0 0 0 0 0 0
2 4402 8962 -490 866 4283 419
2 1496 9710 -4996 5296 -1998 1332
4 -4570 6750 -3770 5353 3116 -3443
4 0 0 0 0 0 0
3 0 0 0 0 0 0
3 386 -1674 -7294 -2172 7563 1650
1 0 0 0 0 0 0
1 -88 -10612 -13654 -8174 -6610 4125
1 -6888 -4584 -7506 -16437 5011 10275
2 -854 8024 -5608 9191 119 69
1 -370 -2186 536 -5260 1582 4815
2 -1352 8098 -2856 10788 2596 -1089
3 1604 -2832 -10484 -3591 441 1372
3 1856 2498 -3416 -5946 -11536 -881
1 0 0 0 0 0 0
4 -4502 6976 -4774 4625 1920 -5765
4 -3402 4852 -4042 4744 -4380 -7700
3 -12160 -5248 -12310 2377 1385 6452
4 5364 3234 -5064 1658 -1545 -235
2 -142 5260 -3532 10623 1604 940
3 7864 -1032 -21038 -15487 -12318 -10479
2 -27384 8510 -4136 -4593 -8272 -13795
1 -11964 -3400 -15298 -3451 -3225 -1615
4 -12086 -1468 -266 -1847 -1447 4370
1 810 -6652 -6230 -7078 19908 14251
2 2694 13236 -17264 11452 -23295 5744
1 8502 -2898 10746 -9463 -3147 -6722
2 -2314 2642 22024 -13784 14308 -3298
1 -6080 -4420 -18778 13957 5981 3051
3 3054 5066 13406 -2117 10452 8007
3 24772 -1404 -25126 20347 4921 -1671
4 -8942 18178 -3878 3571 15007 -13582
4 32767 -2678 8490 -3893 625 15919
2 7704 24454 -18982 10074 -2484 -522
4 -28916 22884 830 -1962 2233 719
4 31544 -666 1358 8733 -9708 8275
2 936 -5126 3210 -3439 17995 906
3 -32170 -1534 -9980 -9069 13005 12993
1 13190 9124 -14828 -22403 -8882 -4278
1 -21384 -20360 14660 17543 13591 4506
3 19336 -3348 32767 -3281 4704 -7716
2 10166 12950 -8432 6126 -14373 3824
4 -29662 11448 -2422 -9068 14080 -2122
3 -32768 -13868 -29478 12594 -18141 -668
1 16010 -7388 -32356 -1906 2007 -2648
1 -16696 -990 592 6778 5683 10946
4 21760 -4416 8564 8953 -32125 4033
2 8004 -1124 -470 -6219 32767 4295
3 32767 -8470 24870 -567 20326 -8447
3 -20616 -600 -17780 9024 5031 9240
3 32767 -6550 4468 383 -6179 -9044
1 3854 -4730 -13930 -1188 -14403 -7286
1 0 0 0 0 0 0
2 -22164 6974 -15766 4135 -32768 -5599
4 -11582 7276 3112 -12266 29247 6952
2 3636 4096 -3344 11342 -3125 -3017
4 -23306 4444 -7692 16796 850 -9711
1 -1400 -9522 11500 1347 -11942 -1650
2 -6336 -1236 10404 -15288 23287 5200
3 978 7534 110 9477 7889 2224
4 20002 -6720 5144 -12246 -16429 9601

4 -1462 7748 -1310 229 680 -765
2 712 8222 394 -474 -320 25
3 -1056 -6642 -5240 -869 371 745
1 -478 -7548 -2834 -20 288 347
2 748 8342 458 166 -47 -126
3 -1112 -6524 -5014 -815 3 148
1 284 -7690 -3088 211 445 -3
1 0 0 0 0 0 0
4 -1532 7790 -1360 100 726 -434
4 0 0 0 0 0 0
1 0 0 0 0 0 0
4 0 0 0 0 0 0
1 0 0 0 0 0 0
3 0 0 0 0 0 0
3 -2136 -6200 -6136 -3209 -3334 -134
2 0 0 0 0 0 0
2 0 0 0 0 0 0
4 -5936 8854 -3678 4211 -5562 -3778
1 1808 -7932 -6340 -1010 -1152 449
1 -5442 -9074 -7878 -10237 -6318 6213
2 0 0 0 0 0 0
2 4638 12330 -2684 5597 4156 1466
2 5190 12962 -6200 19058 -928 8360
3 0 0 0 0 0 0
3 -2324 -3228 -11266 -6212 1156 658
3 0 0 0 0 0 0
4 -7680 9750 -7072 10317 2511 -9437
4 -7924 -26 -3384 10136 2534 -11006
2 -1196 4036 -5204 16168 2405 5720
3 0 0 0 0 0 0
3 -1492 -4448 -7320 -7356 -4039 3208
1 0 0 0 0 0 0
1 -4668 -2034 -2816 -2337 -1781 6579
2 -1454 -3248 -806 5331 10107 -1693
4 -1620 4692 -3000 533 5031 -6030
4 -1662 6818 -6246 1438 -6384 -3776
1 27750 -9028 -2004 5719 15220 2266
1 -4108 -8880 -11038 -6252 -10433 749
2 14990 21194 -502 -391 -4548 -13171
2 30136 14980 3124 6078 581 14534
4 11160 21894 -10778 -1549 -17664 5780
3 29046 -32768 -18706 13513 32767 13508
3 2340 -8556 -22644 -392 5027 3106
4 -32768 9882 -7964 3409 -3979 -12052
4 32767 -1058 20912 3905 32767 641
2 -15344 -6030 8454 5480 -32768 -11264
4 -32768 2594 -26024 -15834 1365 13514
2 32767 32767 -19404 -12681 32767 -1277
3 5524 -300 3188 -14151 8194 1960
1 -21152 4696 1076 -6988 -18318 1991
3 -4854 3196 -22388 14320 3098 124
1 5254 -16666 -4698 11705 17751 3399
4 12642 -8040 8906 8151 20664 -11639
4 -32768 -5132 -19792 -13121 -32768 9318
2 -20884 -21332 8278 19460 -28929 10920
3 17930 -11684 -7918 -13918 17525 5666
1 -32768 1486 -1608 -10282 -17842 4289
3 -18776 -1196 -24460 18741 -764 6438
1 9694 -12634 -5260 11940 12499 -6784
2 10174 28558 -1392 -23705 32767 -220
4 19520 -7362 14652 7468 32196 -8009
4 -32768 -4266 -14194 -11014 -9069 8637
3 9708 -22110 416 -19750 -3661 -10382
2 -32768 -31380 -1808 17087 -32768 -2536
3 -13794 9152 -1734 14900 -296 7735
1 -11604 -2378 -22720 -5788 16379 17029
1 1638 -6552 6818 10050 -3678 -13982
2 -5232 24036 -10114 -16785 13503 -16177
4 22262 -6798 7870 5502 30118 -5443
4 -29474 -6208 -17850 -11989 6516 9406
2 -25928 -26112 -13606 12949 -32768 -4152
3 -26170 -12796 1582 -19676 -12092 295
3 -8198 11690 1940 13362 -6650 3460
2 -14572 20140 -5706 -15861 -8845 -21914
1 -7302 -12898 -31912 -6238 9591 12904
1 738 -350 13478 8002 -2713 -15333
1 -3894 -15788 -30078 106 10858 13602
4 10724 4184 -132 3221 24854 -5178
2 -22490 -19788 -18004 14782 -32768 -4721
3 -11700 -21826 -9544 -7420 6347 1614

1 -20 -7658 -3158 0 -84 -4
3 -1534 -6312 -5794 261 -461 -71
2 1022 8142 844 258 1440 304
4 -1824 8036 -1758 -665 -960 838
1 -48 -7660 -3226 74 -515 -22
2 550 8294 614 483 419 106
3 -1556 -6452 -5812 -834 -229 265
4 -1904 7884 -1684 -11 -710 300
1 0 0 0 0 0 0
4 0 0 0 0 0 0
2 0 0 0 0 0 0
3 0 0 0 0 0 0
3 0 0 0 0 0 0
2 0 0 0 0 0 0
2 0 0 0 0 0 0
1 0 0 0 0 0 0
1 0 0 0 0 0 0
3 -2430 -5920 -8464 -4982 770 1375
4 0 0 0 0 0 0
4 0 0 0 0 0 0
4 0 0 0 0 0 0
1 -7108 -9110 -13084 -6358 -1213 6764
3 -472 -4004 -11148 -9283 5012 1897
4 -6282 8318 -5930 5995 2858 -5033
1 -3452 -5906 -6854 -14468 3024 7584
3 -1938 -1984 -10720 -10176 5713 723
2 4338 9266 -1548 2721 5229 -870
2 1984 9502 -4580 6376 4460 2834
3 -450 356 -5018 -8971 -340 -1641
4 -7408 7808 -5252 8532 4346 -10155
3 20286 -22238 -8510 -2427 -1828 8538
4 -20 4428 -2218 7459 -5473 -7356
2 -1160 7962 -3544 10386 895 1076
1 -2538 -6278 -1872 -3721 -1370 1946
2 2462 8594 -4304 12143 -1776 1659
1 1886 -4826 19600 2245 4559 6180
3 -22 2754 -19846 -4970 21736 6383
2 1496 -1748 1354 6460 3681 860
3 9732 3800 23338 -13625 -16963 -9240
2 -86 15274 -5792 2617 4434 -12631
4 198 1252 -632 85 -2226 -23
1 -24682 1674 -3574 -2382 -13571 3234
4 -27768 11140 -10282 -4315 3774 656
1 -4824 -5690 594 -7470 16889 15495
1 -31864 -14028 -820 23463 -32768 -19031
2 -12182 -3274 -4556 13075 -18908 8794
4 -24076 5712 -154 5946 95 -18153
3 -20764 -4750 -16088 24701 11727 7289
2 9370 8176 8116 -16313 32767 -9373
4 -5552 -14584 4698 -12678 -16550 11207
3 9892 6320 5530 -22070 -3607 -2862
1 -2688 956 -1310 -8257 21129 19487
1 -3080 -3686 10652 8322 -30609 -8955
2 1866 12780 -12136 15144 -25366 318
2 11160 -3234 5504 -6430 14965 -9953
4 -19812 18190 -1238 4018 21319 1617
4 -9860 -9092 11504 7622 -16525 11601
3 120 -6306 6908 24240 21617 10273
3 6450 2450 -14376 -23036 -12522 -10129
1 -30696 -3482 -10720 -4649 11019 4749
2 -106 13034 -4634 11197 -32768 140
1 7434 -5202 -360 1349 -24635 -3376
3 -13048 3626 -2264 14642 19492 6340
2 24438 -196 6704 -9794 24493 -4612
4 -22658 8794 3362 -4274 32767 -2104
4 -15232 -12322 7450 354 -13500 8359
1 -21200 -500 -8528 3755 20477 2476
3 11514 4688 -14158 -13609 -20288 -10784
1 0 0 0 0 0 0
3 -29234 -1040 -10680 12324 23127 12044
3 30128 -8420 9844 -5850 -22513 -7884
2 -7454 9162 -11324 6723 -24265 -682
4 -19796 8616 -2476 -6744 28609 2936
2 11050 -236 -5552 4092 750 -3248
4 -4796 1914 -5560 11325 -785 -6150
1 0 0 0 0 0 0
1 5840 -9602 -16060 -5984 1603 5797
2 -16908 -3230 2444 -9019 -14800 -3913
4 -3000 -7072 7008 -23978 23595 14923
3 -31706 7702 -12476 840 -11043 -3211

2 842 7924 808 329 229 -214
4 -1818 8098 -1784 -547 -901 370
3 -1912 -6292 -6156 251 -493 -515
1 -1062 -7690 -3392 1008 1038 -834
2 880 8248 840 139 -312 -183
1 -732 -7746 -3336 391 1147 145
2 0 0 0 0 0 0
3 -1900 -6310 -5770 -921 345 329
4 -1700 8004 -1752 298 -66 -535
2 0 0 0 0 0 0
4 0 0 0 0 0 0
3 0 0 0 0 0 0
4 0 0 0 0 0 0
3 0 0 0 0 0 0
1 0 0 0 0 0 0
1 0 0 0 0 0 0
2 0 0 0 0 0 0
4 0 0 0 0 0 0
4 -5662 11328 -5952 6662 -6280 -6886
2 0 0 0 0 0 0
4 -7252 8268 -7388 13598 -511 -13436
1 0 0 0 0 0 0
1 0 0 0 0 0 0
3 0 0 0 0 0 0
2 2514 17272 -8590 15153 1299 1735
3 -1960 -6578 -9370 -4460 113 460
3 -1798 -3038 -11534 -10454 2781 1345
2 2066 7684 -5088 20902 3772 8586
2 2586 -258 -366 8712 1676 2454
3 0 0 0 0 0 0
4 -4618 930 -1830 11110 2823 -13868
3 0 0 0 0 0 0
4 1738 636 -166 -2168 11899 -1509
1 -3890 -9214 -11062 -6007 4388 3956
1 -6650 -7032 -3992 -12337 -2492 7915
1 -3176 -4306 -2658 -6829 -3477 7570
4 -11914 2940 -10350 2111 -5841 -5319
3 14390 -16656 3766 2612 3565 73
2 5422 2144 -6900 1080 1215 -6688
1 32767 -7990 -3122 764 20581 6416
2 -428 11082 1492 -2236 32767 7615
1 -4720 -7590 -22270 -1928 1187 2314
4 -2062 -914 -23680 3093 -4819 724
3 -4224 -6414 -27414 -4301 -16524 -3332
3 -11210 -10552 -16558 -17532 4984 11242
3 10916 -10766 21902 9490 -7737 -3040
4 -13122 6386 16474 -6953 32767 -11274
4 -18180 -18394 -10090 13460 -23570 5845
1 -15846 -5068 -12538 -22124 -25483 -1153
1 20402 -11196 22620 9275 16795 -888
2 -11706 -7910 -10044 8369 -32768 -6254
2 -17356 2126 -4934 -8482 14637 -6639
4 -18806 4312 4584 -7734 11471 -1521
4 4314 -8614 -13772 9145 -6047 -3100
1 -14442 -20274 -32768 -3524 32767 12854
3 -32768 -32768 -28114 7832 -32768 -8572
3 -4988 5408 15368 -11411 1698 11454
1 -5330 838 8268 -14786 -7000 -11304
3 23706 5776 -30666 25640 16934 -4787
1 -11632 -14720 -21148 28685 -22936 2694
2 -782 -5850 -2224 5908 -12465 1656
2 -4230 12022 -24450 -6879 -10558 -7403
2 10454 102 11532 10874 -13678 1479
2 24924 2942 -16544 -9365 25784 7456
1 12600 6176 -6766 -19236 4581 5342
4 -21794 -4802 4490 -5624 15423 3239
4 -4586 -508 -10774 -2778 -9440 -8314
3 -6100 2740 -7266 -20402 4363 3096
2 -328 5370 12928 6713 1443 763
4 -10270 -8230 -3776 3114 -10283 3875
2 23688 4232 -22368 -8994 32767 12290
4 -3586 8392 -6912 -7727 -8734 -7849
1 -1666 -3202 28830 11492 20271 -6624
1 5400 -6758 -23086 -17805 32767 18384
3 132 -4164 9784 11436 -22483 -3988
3 -23942 -4336 -12820 -21561 -351 -4022
3 -1422 4976 19016 4463 -20737 1628
1 1872 -11974 25190 2814 21378 -12723
4 2696 -7660 -13014 7290 -10235 3380
2 232 11642 11380 5553 8435 2628

3 -1638 -6444 -6376 3470 1044 -161
2 710 8204 656 -9 576 -33
4 -2198 7788 -2138 -1614 681 1239
1 -304 -7726 -3218 54 99 93
2 704 8292 662 263 184 16
3 -1152 -6574 -6428 1131 100 -446
1 -184 -7622 -3168 52 301 121
1 0 0 0 0 0 0
4 -2414 7818 -2258 -398 -119 806
3 0 0 0 0 0 0
3 -2076 -5738 -11704 -9256 3075 1964
4 0 0 0 0 0 0
3 -2432 -4586 -10564 -12427 7426 2540
1 -4172 -8450 -4046 667 2536 1378
2 0 0 0 0 0 0
1 -4992 -12038 -15298 -11475 -594 6820
4 -3440 8398 -4152 1211 1926 -1491
2 0 0 0 0 0 0
2 4992 10024 -1646 938 9564 -307
4 -4862 8510 -4846 4780 6784 -2556
4 -5700 8270 -5052 7496 7685 -4619
4 -5052 8774 -4452 9591 1927 -9610
2 2368 11106 -5668 9212 -64 2376
1 -6072 -6318 -4226 -19158 5280 9678
2 -3786 8576 -4734 13198 -3810 -652
1 -2248 -3004 -1048 -3918 792 5691
3 -192 -2800 -6968 -8002 9731 3032
3 -2920 -5330 -10990 -10845 -6462 3299
1 7002 -5912 -10708 -2363 -15578 -5999
4 920 2406 -3292 7261 -884 -7092
3 -6636 -1426 -3332 -8695 -17639 2810
3 0 0 0 0 0 0
4 20830 17456 -9518 1822 -2880 996
2 -4034 6162 -1850 10926 -348 -1598
2 13306 6858 1488 5116 6117 1449
1 -8134 -4838 1064 -4084 -9775 -3188
1 -4468 -438 6760 4098 32767 6340
4 -16594 2622 -12656 489 -16794 -3475
3 7680 8322 1106 9476 15332 8606
2 5764 12480 -6306 1383 16243 3517
2 -4496 -6740 -4872 14085 -17858 -1695
3 23266 -17316 -31986 -464 25136 9540
4 12498 -32768 352 17129 26132 -6455
1 -11870 -7298 -20616 -3369 -28452 -1046
1 15254 -11480 13990 -2666 14285 15701
1 1428 13622 -26212 2607 -19110 -13781
4 -15638 -11080 -4898 -11436 -20409 7427
4 -578 13886 -17712 6501 32767 -6856
3 -3698 4830 4406 4051 2976 -7112
3 0 0 0 0 0 0
1 -14348 -10072 2032 -11885 14658 16915
4 1702 -14482 17508 -11995 -17442 7500
2 -3434 8050 8564 -18461 25374 -6493
2 -3278 9822 -14076 22783 -32768 2455
2 -5696 712 10350 -20176 32767 -4793
2 8592 11858 -8402 15181 -32768 4351
3 12590 9744 8198 -16253 -13081 -19654
4 -13654 12394 -14506 4422 27768 -10772
1 -8396 6576 -21392 12682 -17066 -6904
3 -8994 -13976 -10808 12752 13717 17964
2 -4254 -170 3566 -12290 32767 -3937
2 -14440 1996 -1378 7128 -32768 -12621
3 16442 9996 13124 -10225 -85 -15954
3 -3560 -3808 -32768 13663 -473 7550
4 -6132 -11862 10586 2234 -25270 2299
4 -13600 -420 15122 -10127 32767 7619
1 -11750 -10602 6236 -2938 4765 7236
1 -14852 7146 -32768 12526 -17207 -5244
1 -3644 -10962 4768 -11022 9866 4060
1 -5990 8752 -6610 15074 -13441 -8144
3 32390 2570 14460 -12871 8846 -5307
3 -31348 -6428 -9748 18861 2685 12767
4 -14374 -6326 -13254 7930 -20975 -5235
4 17780 12526 -248 -9944 32767 5595
2 6438 12594 1914 -715 17887 -366
2 -22066 -6572 -32768 5887 -32768 -15013
1 -10516 -11768 514 -2311 -2936 5875
2 -708 9450 20614 429 11835 4573
3 21242 4328 11062 -7266 -3590 -15763
4 -5614 -26136 -3422 20405 -18345 -8970

4 -1090 7876 -1288 -157 684 172
4 -1346 7998 -982 23 471 149
2 588 8186 738 681 -513 -267
3 -1394 -6422 -5400 403 542 739
1 -412 -7592 -3036 214 -226 -1
4 0 0 0 0 0 0
4 0 0 0 0 0 0
2 1168 8022 494 418 1003 -375
1 -6 -7734 -3412 281 824 303
2 0 0 0 0 0 0
3 -1180 -6468 -5504 242 327 -150
1 0 0 0 0 0 0
1 0 0 0 0 0 0
2 2746 9732 -134 1219 2812 -361
2 3912 14110 -9126 15090 1178 5200
3 0 0 0 0 0 0
4 -944 8322 -2900 225 -2392 -700
4 -14578 11256 -9038 9723 -1358 -8349
3 0 0 0 0 0 0
3 -4130 -1674 -14320 -9646 4492 1729
4 -7200 6154 -2946 12355 3919 -15495
3 -2436 -3674 -8808 -11662 5254 3961
4 -968 3742 -182 3831 1993 -8841
3 -518 -5316 -5660 -8843 -799 782
2 -258 6294 -3324 16880 7861 6802
1 1302 -6456 -11642 -6864 2166 2437
2 2070 1024 -422 5934 4319 2170
1 -4840 -7390 -4800 -11171 -5655 5101
1 -4438 -6096 -2858 -6170 -1323 7644
2 -5256 -2020 7464 -4697 1554 -7503
1 28374 -7676 -5976 -5853 21468 4962
1 -19154 -9040 -15184 4117 -121 -945
3 14192 -19538 -1886 3907 16038 6627
2 14042 22208 -8406 146 21760 7519
3 -4824 858 -23362 14363 11281 2275
4 10944 5438 -8486 2251 -4127 -6848
4 -14852 2968 -14720 -8293 3467 4500
4 -14612 11062 -3896 6024 32509 -9697
3 -5486 -9370 -11726 -20525 1999 9144
3 17242 14178 -31824 19877 -12751 -12237
2 -26076 -27026 -10242 18080 -32768 -3881
4 -9370 -16144 3526 -10709 -13694 6844
2 6156 28896 -10040 -18257 -7055 -25405
1 -16698 -494 -9406 -18417 -14626 -872
1 18102 -23738 -20770 32767 13283 -2269
4 -17184 19068 -10080 5539 -6207 -8623
2 -212 5208 -17668 22000 -30474 15794
3 -7940 -15022 -10060 -17797 5948 8415
1 -1084 -3408 -15842 -19018 -27771 1627
3 -4974 2370 -32768 15980 -13568 -9979
1 -18724 -32566 -16974 24293 -17435 -1542
4 22310 6280 23042 -8261 -15709 5366
2 29308 2642 14116 -5215 32767 -19523
2 6652 -16734 -4092 21304 -16223 19712
4 -20102 21466 -9156 19717 -16102 -15079
2 25054 21786 -19652 -8988 28265 -14750
1 -22396 21736 5234 -7881 -17976 -995
1 10262 -14492 -18692 -2133 -4874 -5897
4 19644 -4136 7764 -9901 -28918 -1674
3 4698 -686 11548 -18323 14086 1348
3 -32768 -7286 -19436 13581 5164 3127
3 15860 3252 29262 -10998 -10566 -13801
3 -24640 -244 2914 2939 -5295 -2463
1 19412 7278 16470 4919 32767 9459
1 -7810 -10474 -3234 -3556 -20771 -7013
1 -4326 1934 -15192 3806 22227 13537
4 -1206 -3946 2182 18155 -561 -11397
4 -28850 -13312 1978 -15022 -6062 16335
4 -8852 22742 -17688 17668 -15266 -15093
2 -11474 -11202 4066 2283 2854 2649
2 31828 25280 -32768 -7813 -8652 -10974
2 -9440 -10970 -12250 25565 -30186 4689
4 26718 3642 11524 -2283 -29679 598
1 -21608 -18694 6250 1068 -29282 -12220
3 -7520 -11154 6062 -20837 -32768 -19876
2 8996 -4264 16528 -6106 32767 -13750
3 -13568 362 2048 11585 11091 3557
1 6768 8050 -802 -3093 24996 13556
2 0 0 0 0 0 0
3 -21612 18870 19342 -23921 -16202 -9569

2 540 8246 1196 1568 -1704 -208
4 -1784 8914 -3070 -2859 2199 4309
1 -316 -7998 -2592 -425 352 -1302
3 -2932 -6008 -6268 629 -1122 -1603
2 12 8184 1096 692 986 -162
4 -2842 8026 -1592 -1398 -1413 1391
1 -884 -7660 -2746 -462 -222 143
3 -2770 -6096 -5690 -631 236 159
2 702 8100 1036 556 1287 -401
4 -1950 7832 -1124 -1291 1108 812
1 0 0 0 0 0 0
3 0 0 0 0 0 0
2 0 0 0 0 0 0
4 0 0 0 0 0 0
3 0 0 0 0 0 0
2 0 0 0 0 0 0
4 0 0 0 0 0 0
3 -2372 -5896 -6976 -1987 -1869 -23
1 0 0 0 0 0 0
1 0 0 0 0 0 0
4 -1586 8022 -2418 1340 -2440 -1484
2 5414 9524 -690 1684 2513 -241
4 -5920 7564 -5724 3030 7080 -1620
3 -1496 -4736 -11872 -5307 3981 2155
2 -108 9036 -2302 4232 -3435 2342
3 -3028 -1950 -11296 -9495 6466 2351
2 0 0 0 0 0 0
1 48 -10652 -12226 -7025 -217 3210
1 -6516 -6632 -7880 -13681 85 4027
1 -3388 -2384 -2394 -9734 5729 4954
3 0 0 0 0 0 0
2 -810 7010 -5606 8554 -570 -2391
1 196 -4686 -3568 -697 -2587 2182
3 -990 -3378 -5056 -6569 -4945 2767
4 -7902 8430 -6480 8728 5680 -8436
4 -1036 4356 -1558 8942 -4064 -9514
3 12480 -18258 -460 8990 23843 7517
4 -1078 3612 44 897 1449 -1192
2 -1108 7734 -6412 11789 -5224 -2343
2 -12094 1282 -5054 7144 909 -6188
4 -3070 5282 -3010 -5471 7881 108
1 19154 -12068 -10940 -6851 18824 423
1 -16082 -5246 -5170 6721 -17456 -924
3 6932 752 -15750 7660 14433 1382
4 -2400 13200 -12186 -4283 10931 2827
3 8030 -9646 -31204 -11391 15182 2582
3 13210 -7230 21430 -3604 18188 8230
4 -3584 -1052 4298 12431 14699 -14481
2 -6994 22528 -10878 -6537 23660 -3483
2 -5380 -1472 -9212 12675 -22004 6382
1 -20016 -12080 -19550 -2702 -16470 9954
1 0 0 0 0 0 0
2 31240 27446 -20436 -15733 12591 -12135
3 12182 12796 -23494 31078 -6329 -5438
2 2844 2962 -4272 19561 -23291 3133
3 -744 -1780 1698 -17364 27301 7156
4 -20252 -1926 -28246 -15357 6768 20421
1 9872 -1662 -9158 32767 10170 11998
4 -9388 7280 10514 15369 13847 -8804
1 -244 198 -9192 -22074 -17676 -821
2 28324 32767 -12974 -10956 22028 -387
2 8154 -19274 17128 14913 -8438 12455
4 -30634 17858 -14896 -14690 -16816 6309
4 15142 -19304 14068 18257 7295 -8832
1 2924 -16000 -29336 30525 17655 6454
1 9134 -572 -2740 -20019 -13053 -13682
3 -2248 17380 -32768 16590 -8585 -7928
3 -1798 6438 3000 -18529 9567 8837
4 -9716 32767 -30104 -10205 -3826 4479
4 21060 -22768 12626 14068 7277 -2151
1 -934 -718 -27952 15547 -3889 1801
1 -7258 1152 8082 -12010 -13313 -435
3 15390 -10576 -32768 16114 1123 -6473
2 32767 32767 -24506 -8672 13104 13081
3 1990 6418 856 -12181 5988 4401
2 -9186 -29402 4794 3513 -13157 -452
4 -25172 27232 -19838 -5580 10034 513
2 8114 24680 -6738 1334 -15821 -2415
1 -1162 -2490 -2442 18234 8914 4003
3 7154 6188 -1782 19125 -1430 -3950

4 -1498 7918 -948 841 350 -1423
3 -1740 -6568 -5278 -1722 709 868
2 -292 8026 -380 963 4420 639
1 -316 -8340 -3990 -1017 -5929 1401
1 -2368 -7696 -1934 -1668 -1143 2649
3 -1718 -6472 -5096 -1382 652 646
4 -1338 7832 -996 407 377 -990
2 300 7842 352 1390 591 221
2 0 0 0 0 0 0
1 2080 -7646 -2858 -819 4017 451
3 0 0 0 0 0 0
4 0 0 0 0 0 0
3 0 0 0 0 0 0
1 0 0 0 0 0 0
4 0 0 0 0 0 0
2 0 0 0 0 0 0
4 0 0 0 0 0 0
2 302 8164 990 170 1085 179
4 -2572 9402 -4980 984 -5433 -1543
3 0 0 0 0 0 0
2 848 8506 -658 2 2739 -173
2 4480 13774 -5814 5915 7013 1969
1 0 0 0 0 0 0
1 0 0 0 0 0 0
4 -12892 12286 -8878 12251 4505 -10823
3 -578 -3860 -10910 -3294 4301 2438
3 -1052 -3762 -10782 -10307 2278 710
1 0 0 0 0 0 0
1 -4864 -8028 -6624 -7639 -7632 5431
1 -3908 -5738 -4722 -8727 -262 10404
4 -4998 4642 -2282 14041 8549 -15831
4 1198 -910 410 4196 4576 -5875
2 1620 14494 -5916 19094 1169 7241
2 -2024 5032 -1206 16034 8165 5078
3 0 0 0 0 0 0
3 -856 -3096 -5660 -5856 3649 2340
4 -3174 8992 -7692 404 -7681 -3866
3 780 -3018 -7660 -3911 -76 903
2 4324 944 -1916 3403 3293 1495
1 -874 -3810 -4448 -7458 593 4551
2 -6000 5748 -2366 -7500 9102 -10757
3 5570 -7716 -12430 3164 -3277 832
4 -1694 -4048 420 -2271 3060 -2146
2 23928 4388 -382 1576 28675 12725
4 -32768 1494 -2352 2385 -20687 -4576
1 10348 -4038 4988 5382 -157 -1901
1 -10984 -6118 -15346 4849 3629 8070
1 1796 2436 -13030 -9682 3273 8284
4 32767 -2078 -1236 3085 27806 -304
3 -32768 -1082 -24720 2800 1176 -1648
3 -7248 -5344 -7504 -20542 5419 5571
2 -8658 -1250 -21352 2398 -8160 -3679
4 -8670 2108 -14614 -5568 10172 11705
3 -19828 12102 -7036 20733 2881 -3164
1 7210 -26658 -1160 15363 -31899 -14348
4 -14684 12552 -5276 2411 30160 -10147
3 -19198 -14734 -11090 -7259 12256 2123
1 -8022 -9396 -32242 -1115 -300 21402
2 -3936 13058 12036 -5389 -10088 -17835
2 4434 10086 -7456 10758 -32768 10556
2 12506 1586 5224 -10212 -15585 -27790
2 12890 11548 -10460 20489 -27794 20127
4 -30304 -15986 -11670 -8492 2361 10831
4 -25662 12080 -8004 8400 9073 -8718
1 766 1796 22966 5925 18041 -19391
3 -11398 12636 20470 10779 -23733 2975
1 -32768 -2804 -28630 -693 -10047 10466
3 32767 -28204 -30770 -6556 -5342 -9085
3 -464 8760 11410 -7610 8066 4727
1 -88 2286 -3858 2268 11992 7547
1 -5282 -21840 12694 3008 -32768 -19572
4 2252 -18216 15162 -3690 -13976 2384
2 27980 280 21420 -11012 32767 -7914
2 19700 13584 -7812 16010 -7037 23051
4 -28450 11248 -6856 3756 3209 -2093
3 -24400 -8632 -2220 19633 32767 6658
2 20486 1428 13364 -531 32767 -1237
3 -13860 18964 28474 -14746 14945 -4690
1 32767 13746 -5606 5860 20241 23594
4 6828 -6780 16696 8289 -22878 1875

2 778 7890 370 -2885 1536 23
3 -1536 -6318 -5652 1456 -731 -826
4 -1632 8100 -1320 -1076 0 882
1 228 -6760 -3792 2632 -963 -2197
4 -1702 7936 -1270 -456 -370 182
1 -390 -8818 -4174 3857 -5886 -3661
3 -1724 -6376 -5658 1062 -422 -651
2 1278 8756 834 -1081 320 -1499
4 0 0 0 0 0 0
1 -728 -7810 -4474 2611 -3771 -3387
4 0 0 0 0 0 0
2 0 0 0 0 0 0
1 -5632 -8112 -7202 186 -1161 627
2 844 8006 -204 1376 -3071 -1562
3 0 0 0 0 0 0
3 -2946 -4068 -13016 -5362 4976 2310
3 -3046 -3580 -12396 -12292 6928 3150
2 1888 10896 -3808 2427 1866 1171
2 176 10494 -3238 9664 4523 1398
3 -28 -2888 -6158 -9356 9750 3349
1 -4140 -11010 -11204 -11633 -2107 8951
1 -4964 -6692 -6326 -16445 2571 11638
4 -6378 9802 -7890 6566 2147 -3659
4 -3064 10230 -3720 11570 3860 -9541
1 -1588 686 1442 -4330 -6469 3164
1 0 0 0 0 0 0
4 -768 6982 -1220 7646 -4217 -6773
4 -4010 4970 -1892 5159 -183 -3358
3 1268 -6424 -6336 -3251 -1296 -887
3 -3780 -806 -6216 -12123 -8771 1185
2 0 0 0 0 0 0
2 0 0 0 0 0 0
2 1312 5762 -2628 5265 -581 486
3 -5692 -2288 -2056 11711 8300 4099
3 6830 -6018 -7574 2969 507 -2559
2 4364 3706 5068 -5122 9705 2116
4 -5854 404 -938 -2139 507 83
4 11792 8056 -4974 -4381 -1810 3557
1 -2212 -4454 -8640 61 -1299 -3123
1 -19726 -6972 -5498 4227 8604 3162
4 -11770 21798 -5396 5472 -842 -9658
2 7288 18040 1304 4663 1479 1891
1 -24454 -8752 -19670 -9413 1717 16950
2 -19702 -10992 7786 2176 -17604 3043
4 27562 -26680 12890 9940 3717 3964
1 2938 -22680 7578 -5742 -5826 2129
3 -4868 -4974 -22014 -19159 8077 -2178
3 6716 2008 24594 -2561 -204 -6341
3 -5818 -718 -30296 32767 -13414 13075
2 23372 27788 -4572 -1420 13684 -2661
4 -27240 32767 -21872 -14568 -9385 5403
2 -6930 -18038 -2808 9393 -16572 22039
1 -4024 5622 -32768 32767 -16368 -9471
1 1408 10956 5950 -31010 23505 710
3 2158 13868 3828 -29770 9301 -2986
4 11018 -20318 7354 19884 17062 -8784
3 -8698 16288 6384 22658 -15842 -4644
3 -16630 -3936 -15454 -25455 19784 9275
2 28204 13374 -11892 -14267 26607 -2090
2 150 -13854 666 12211 -1958 18343
4 -32768 20978 -32768 -22949 -7170 9653
4 3792 2372 -6036 22456 5850 -8819
1 -3430 -7804 -7030 32767 10771 10600
1 2308 13414 -4090 -32768 6272 -3996
2 1484 18314 -5314 -14513 21392 -10536
4 -32768 3514 -32768 -19054 -10779 8708
1 -13614 -17286 30638 13384 32767 15550
3 8178 8322 8324 9338 -26202 -13142
2 15920 -15902 -26924 9584 14289 11714
2 -14446 3112 24416 -11064 -3567 -7813
1 5990 -1608 -23614 -26871 -26834 -15734
1 5002 -18202 20606 -1677 32767 11507
3 -13908 -12888 -15686 -18420 27604 10193
3 7474 -13898 -1154 7308 -32768 -15834
4 19028 2016 5324 15742 1367 -665
4 -29310 3190 -32768 -12950 -10592 2052
3 -19076 -30104 -32768 278 1369 7364
2 21176 9974 -19096 5103 1986 3742
1 23570 -3942 -32768 -1929 -9046 -6153
4 10246 22232 6824 3833 712 2858

2 1384 8850 180 -2312 860 -1031
3 -1782 -6538 -5256 -23 -243 -163
4 -1638 8022 -818 115 101 -30
3 -1712 -6456 -5336 -119 -120 -71
1 -98 -7596 -3458 565 -518 389
2 1088 8706 234 -693 111 -472
2 0 0 0 0 0 0
4 -1486 7884 -872 322 254 -166
3 0 0 0 0 0 0
1 -12 -7532 -3732 491 -1040 -227
3 0 0 0 0 0 0
3 0 0 0 0 0 0
3 -1258 -5392 -9638 -4550 829 818
4 0 0 0 0 0 0
4 0 0 0 0 0 0
3 -2386 -578 -10626 -8265 4245 1335
4 0 0 0 0 0 0
4 -5266 11222 -6114 5654 -10817 -5478
1 0 0 0 0 0 0
1 0 0 0 0 0 0
2 0 0 0 0 0 0
2 0 0 0 0 0 0
4 -10942 7708 -8208 14455 3507 -13656
2 4076 9788 -1806 1768 629 -1454
1 0 0 0 0 0 0
2 3248 13292 -7830 13232 163 3647
1 -4830 -7654 -7168 -6984 -623 5781
1 -1528 -5120 -6488 -9288 27 7118
1 -3034 -3960 -4756 -5613 667 5386
4 550 2932 -1622 10335 9414 -10402
2 -986 9406 -5236 16647 4205 3663
4 -18 5552 -1014 2705 -2936 2612
2 1114 3590 -1120 7475 3609 3478
3 -2710 -3402 -10478 -9954 6448 3934
3 2944 -5638 -6648 -6569 -1402 -2714
3 -5138 -1494 -4838 -4789 -2723 3970
2 -896 3150 -1728 503 -75 -3291
1 -2550 -3706 -2098 -380 -3974 1472
2 10050 6812 566 -7582 13597 759
1 -10244 -9254 -4224 11129 -5734 -4577
4 0 0 0 0 0 0
4 -13220 -394 -1150 -7029 6616 339
3 3762 -6198 3792 10311 -5007 -2908
4 -11942 13370 -22496 7777 9863 -6123
3 15106 -14772 -9738 -2513 22373 2688
4 27638 -15578 29446 3065 -1665 3667
1 1924 -11916 -5784 -3876 3002 9117
1 -4702 528 534 -10199 378 6731
3 -818 2342 -3500 -16812 10705 -2769
2 9080 12360 -8986 5768 15206 7539
2 -7836 -3678 544 2565 -3475 -4750
3 1190 14118 -10500 20694 -12742 4054
2 22620 28052 -8956 -8622 1568 -8562
4 -2778 5844 -11766 -21909 32767 17542
1 -8732 -18546 -7294 14890 -22520 -14331
4 -12674 10360 -3212 18357 -995 -15751
1 0 0 0 0 0 0
2 354 15722 -23562 27326 -16525 12637
3 -11122 -17288 -3662 -5911 9440 2748
2 -20864 7142 14714 -19901 22226 -25247
3 2604 10522 5472 8431 -31203 2288
1 -9238 1420 22050 13798 18654 -12881
2 3344 15358 -14746 16859 -5076 10297
1 13556 -6156 -5594 -8709 28718 17586
4 -24766 -12654 11934 -19543 -18554 14939
3 32767 -24098 -15682 -5479 23828 -3443
4 -10782 16028 -9380 9524 -18579 -12163
1 -2328 5262 7468 -4708 -9412 -7690
4 16572 -7594 15412 7364 -29022 -1177
1 -14556 -15392 -9604 3572 -8813 -5598
4 -19366 1182 -9876 -3098 13644 6477
3 -3910 6170 3806 -12587 20770 5237
3 21736 -5184 -32768 12447 4320 -3183
2 -3588 -2322 -1310 -4710 30030 -4383
2 14446 19600 -1534 3270 -17643 -1133
2 -4230 -5866 -18804 4835 25712 7423
4 10944 5594 -858 7706 -13814 -8134
1 9252 2244 -19382 -14654 1057 13823
3 -14230 -8702 -16024 -13350 18038 3618
1 -11626 -3616 23194 13404 16555 -17632

3 -1968 -4600 -6538 -3925 -1918 236
1 2060 -7804 -1626 -4359 12204 6022
2 928 7850 1834 3572 1645 -151
4 -2240 7624 -2048 -88 871 80
4 -1916 7434 -1486 96 -272 -106
2 500 7508 2282 428 4064 1120
1 -692 -8084 -3218 -566 -2233 338
1 -238 -7730 -2190 -1213 4588 748
3 -2258 -3982 -4992 -284 145 121
3 -1536 -5050 -5346 4336 1397 -1030
4 0 0 0 0 0 0
3 0 0 0 0 0 0
3 -3516 -1652 -14386 -4652 3959 2168
4 0 0 0 0 0 0
2 1026 8074 1506 -355 1368 225
2 0 0 0 0 0 0
1 0 0 0 0 0 0
1 -4238 -8238 -10586 -10327 2800 6006
2 2112 9034 -1876 2372 -2438 -458
4 -5702 6752 -6540 1041 5214 -2137
1 -2834 -5548 -6210 -11447 1411 5438
3 -4168 -724 -13116 -11661 8897 6325
2 596 10010 -3316 6163 249 1463
4 -8116 6202 -9306 5622 5257 -5522
4 -2862 8418 -4346 9780 2050 -9887
2 -92 8432 -3776 10694 1110 345
3 2190 -1860 -4354 -6122 5815 4361
1 -1078 -2770 -3234 -6073 901 3077
1 0 0 0 0 0 0
1 -1270 -2202 -4758 2669 -4183 -6631
3 -8492 -3256 -7744 -9164 -9609 5174
2 0 0 0 0 0 0
2 -1612 4982 -5384 8568 -1707 -553
3 -10190 966 -596 4500 -6662 1965
4 -1572 5458 -254 4597 -627 -4420
4 -2964 5052 -982 -2190 1313 -1330
4 -5822 -2114 1388 -6221 4107 5102
2 -12408 6604 -5610 -9270 8952 -8026
4 -21178 9520 -8094 40 743 -18110
2 16890 12772 -6842 4397 -10384 12031
1 19602 -10004 -14656 -3572 18161 8835
1 -4462 -856 -6370 -25494 19396 4180
1 -2078 -7764 14430 4140 -3234 -8818
3 5072 -9832 -16568 -1782 1466 2453
3 -11062 12142 -6400 -24829 -11262 8687
3 1832 -8132 -1426 8670 4050 1262
4 14444 -4174 1564 930 -5767 -4648
4 -22706 26446 -17744 -6145 -3225 13245
1 -32768 -8098 -5256 32767 -32768 -6442
3 13050 -15684 -19272 31340 15027 -6248
2 -11880 2684 10264 -1556 -290 13220
2 2176 32767 -32768 -6433 32127 -21357
2 7656 2454 3956 10765 -17706 8407
4 -10690 -21450 24436 16167 -2290 -15957
4 12302 4100 -20530 -15323 3622 18760
1 -6074 -9784 -22992 -2984 6763 8825
1 12656 -11276 20610 -5793 7695 -6794
3 -12746 2958 -24210 -17613 -6735 739
3 4370 10618 5632 -946 -16388 -485
2 14742 13794 -2816 -18838 17390 -10822
2 -3428 20924 -19700 19394 -2636 -877
2 -2538 -23222 32767 -24838 7727 12493
1 -32494 8654 -20500 10531 -579 -1474
4 -16208 14886 -4074 14210 3499 -7257
1 -3698 -31214 -18790 -1340 -2725 8863
4 3788 -17938 14758 -12895 -6497 11066
3 -7826 -19976 -14168 9794 -3942 -5379
3 4270 5804 15104 -6495 20037 12465
1 13694 4678 -2030 -2204 -32768 -10438
2 21404 19172 -7076 5991 18712 11972
3 -5520 -3918 -5038 21086 32767 9952
2 264 -16484 5614 14238 -7099 11719
3 420 -2714 -11112 -10083 -6282 3091
4 -25466 23092 -10738 -520 8757 -1411
1 -13476 -6288 -22588 5978 849 -1329
4 9030 -14210 6672 17038 -3268 -11202
1 9538 -10902 11548 3583 -11964 6889
3 -19570 18924 4828 6328 466 -10653
4 -26906 19334 -32344 -13210 -1665 10970
2 32767 32767 -12162 -13591 32767 13943

2 1128 8944 456 2111 1047 1371
4 -1160 8148 -840 3166 2171 -3205
1 -452 -7610 -3182 825 2642 -16
3 -1736 -6506 -5278 -1827 969 212
3 -1838 -6442 -5020 -1552 1009 121
1 -352 -7784 -3296 240 3045 414
2 1024 9012 -194 4183 -606 1695
4 -1000 7452 -814 1525 2569 -1738
3 0 0 0 0 0 0
1 0 0 0 0 0 0
3 0 0 0 0 0 0
4 -918 7424 -936 130 992 -372
2 0 0 0 0 0 0
4 0 0 0 0 0 0
2 64 9002 -4296 6397 -8086 1403
1 -2272 -8118 -4700 25 -7996 -442
4 -650 9852 -5034 2830 -13630 -1710
1 -3234 -8992 -7302 -5707 -5947 7451
1 0 0 0 0 0 0
3 -2044 -5154 -8068 -3975 -4773 -1806
2 -196 8154 -6492 12437 1348 1144
2 0 0 0 0 0 0
4 -15608 9380 -10066 12728 3118 -10983
3 -3402 -894 -13150 -9556 1254 -101
4 224 1978 -2140 13466 8018 -14662
4 1636 2944 2672 -601 4128 216
2 198 3850 -4086 4348 -2953 -2572
2 4236 5852 -2992 37 13280 1889
3 -1932 -1282 -8484 -12626 5564 1975
3 -2896 -2394 -4968 -2597 974 -61
1 0 0 0 0 0 0
1 -982 -5102 -5454 -1242 -4949 2418
3 0 0 0 0 0 0
3 5374 -9094 -22002 4324 15395 3820
1 27198 -4310 -1772 -1245 7086 -1635
2 926 3070 -1126 -3504 6117 2220
1 -16612 -7398 -630 4235 -13000 -5422
2 4846 -934 -5172 460 11920 1501
4 270 6366 -4128 -2955 13743 2323
4 -2392 7074 -18156 506 -3972 2687
2 4792 5604 -4976 -1603 -3497 -4603
3 -3848 -2618 -7488 227 13239 5499
4 -19430 5208 -3376 -1770 -1851 -618
1 -1466 -832 -6306 -1979 -1110 4172
2 -9660 2348 -10268 5749 -29772 -4299
3 1232 -1372 -4740 -982 11713 2945
1 -7098 -2476 -1658 -3231 -4979 766
4 -1530 -3576 -3114 -1543 6011 -10213
2 -5224 1110 15016 3860 12106 -2189
1 5000 -6190 9188 9875 21881 4689
3 3662 5338 -11424 16174 -27406 -7914
4 7006 -21188 -4404 -447 12521 13649
2 15838 20102 -32768 2394 24055 3886
4 -9530 20854 8010 -4633 -16887 4047
1 -22336 -558 -21754 -5794 948 12356
1 -3698 5630 -3892 -5083 598 -2245
3 -1056 -13830 -11326 -1091 11545 -3631
3 -3324 598 8202 -9649 985 1886
3 21998 -4372 -20458 19520 0 3784
3 -2262 -15902 -21380 -22050 3577 -1409
1 -15736 -14862 -20632 18101 -16764 -7092
1 -15202 -14674 -15982 -18894 6926 10388
2 6184 -3180 5196 12516 18600 17175
4 -8410 -3432 -7358 24899 -16539 -14536
2 13868 11104 -6392 -17178 32767 12184
2 15250 4426 -10778 18958 -20124 6344
4 -5784 688 -7708 -21323 -18193 9543
4 -18454 20406 -6998 14846 11656 -18211
2 -17800 -1862 22328 -14862 -4472 -5971
4 32767 -13832 14594 -7889 -3023 6217
3 6182 3494 32767 1617 564 -8827
1 -13210 -5060 24330 5056 -213 -3972
1 -15326 7070 -32768 26513 -32768 -10198
3 -828 -10696 -32768 23796 -20610 11714
2 17090 32767 -25482 -9463 -7225 -4550
4 -21760 32767 -20654 -8517 -9086 5799
1 -12550 -5476 -8764 -20767 4014 2774
2 7982 2658 608 21231 -28563 4929
3 3678 -8444 -22280 -23087 1198 -5114
4 -13302 1370 -3462 18561 12953 -14457

4 -1286 7922 -914 1467 569 -1480
2 300 7002 1796 854 -7224 -651
3 -1552 -6392 -4746 -1823 611 1167
1 284 -7282 -2714 -598 4343 767
2 -440 8652 2434 739 1783 1147
4 -1250 7726 -878 1037 537 -757
2 958 7902 1624 1268 1781 181
1 28 -8502 -2320 -1598 1548 1061
4 -1342 7514 -800 222 276 66
1 166 -7664 -1504 -1243 -359 1218
3 -1356 -6244 -4742 -530 319 594
3 0 0 0 0 0 0
3 -1106 -6764 -6714 -1096 -2438 -566
2 0 0 0 0 0 0
3 -3062 -4516 -11160 -6476 -856 441
2 0 0 0 0 0 0
4 0 0 0 0 0 0
4 -2706 8034 -2108 -214 -3054 -573
1 0 0 0 0 0 0
1 0 0 0 0 0 0
2 2990 8976 -2000 2300 -3147 -808
2 410 9538 -4730 8726 -669 1034
3 -3524 -374 -11926 -9937 5520 2778
4 -7986 5106 -6570 857 6202 -909
3 -936 -2664 -7198 -8542 9738 4561
4 -5506 10134 -5010 6524 5465 -6771
1 -3484 -10068 -9468 -10597 3373 6961
1 -3384 -5336 -7022 -15322 -562 6441
2 -1116 9734 -2658 12584 863 -1072
2 0 0 0 0 0 0
1 2082 -2564 -3744 -6495 -342 421
3 548 -3600 -6572 -3682 3715 235
1 -2978 -5546 -3946 1394 -3541 -726
3 140 -3330 -8374 -8294 -11471 -97
4 -780 6998 -2970 7912 2101 -7678
4 -2614 5806 -1762 4382 1961 -4264
2 0 0 0 0 0 0
1 2148 -3586 -7498 516 3720 -125
2 -3380 7484 8928 -8041 1427 2508
1 -13374 -7482 -14068 2732 -3653 15
4 0 0 0 0 0 0
3 1802 -3874 -1734 8860 17874 6655
4 9220 9078 -4730 -2304 2667 2024
3 -1656 3432 -15250 -2435 -8544 -4125
1 5570 -8184 -31282 -14801 -18299 -888
1 1446 -15862 4076 -12028 -5425 -8089
4 -8880 2218 5364 6942 -4150 -6910
2 -4072 19288 -10198 -2134 32767 5543
3 -27588 -84 -17046 -14637 7226 10911
2 -6124 3916 -288 3823 -13521 18585
3 15112 3126 19404 -1411 11028 7857
4 3164 -11992 2954 609 8272 -11887
2 -3326 15064 -31780 -11691 51 -29046
4 10120 23822 -31020 -17903 8771 22432
1 -9560 -2376 19922 32767 -30702 -5832
2 2308 3812 -2692 13376 -9317 4977
1 16494 -10104 -32768 -10474 -1154 5750
3 -8076 -8328 16650 29808 10519 734
3 -28224 -708 -13538 -19293 2575 4976
4 -12702 7412 -4010 21348 1659 -12730
2 -16638 -5672 26816 -22482 19131 -3949
1 23646 -19642 22924 2913 22997 -5171
1 -802 -14574 -32768 1600 30164 7035
2 15086 15520 -14536 11404 -5996 4137
3 -2662 6694 12034 6833 -10355 2004
3 -3816 -30006 -32768 -1283 -24451 -8782
4 6202 3188 4362 -19225 -18293 4731
4 -7272 19914 -8468 4867 16160 -2483
4 31322 -32768 25546 -6260 -252 167
2 -10386 -21966 15788 -9444 -4968 3933
4 -17542 17146 -8856 -1161 14261 2514
1 3148 1542 7424 -18579 13485 3585
1 -28568 3058 290 30239 -32768 -9119
2 1370 13592 12492 -412 -32768 -6877
3 3022 18218 23012 -21691 6812 -4578
3 5682 392 10638 29835 14810 9279
2 3322 -13178 -2126 7998 14965 7097
1 -9138 -8184 -24706 -8353 -14401 4262
4 0 0 0 0 0 0
3 466 -10500 -17724 -12549 8743 640

1 -364 -7848 -3500 334 -68 1343
2 1152 7528 644 1965 -4 178
4 -812 5150 -3610 3263 -5586 -1957
3 1984 -4882 -3888 -1943 -4446 536
1 1892 -7780 -3308 -169 -3549 -518
2 2126 7868 832 409 -566 -85
3 -6936 -788 -5544 -524 -4638 -521
4 -1418 5430 -4194 -2322 1382 201
1 0 0 0 0 0 0
4 -5594 5428 -3444 -3125 -1816 -776
4 -2778 6650 -6496 181 -9965 -3758
4 0 0 0 0 0 0
2 0 0 0 0 0 0
1 0 0 0 0 0 0
1 0 0 0 0 0 0
2 1378 8668 1030 -414 696 -162
2 0 0 0 0 0 0
3 -2314 1240 -7686 1131 -4412 -269
3 -2330 -3262 -2658 2078 -3255 -992
3 -5130 -1012 -10670 4453 -2076 -1280
1 0 0 0 0 0 0
2 0 0 0 0 0 0
4 -17192 5044 -2414 -3696 -10549 3121
1 0 0 0 0 0 0
2 0 0 0 0 0 0
4 -15982 5342 -11564 6200 -1615 -2998
3 3148 -4340 -7996 992 -3863 -6771
3 -7468 1324 -7910 -4410 -11066 -16604
1 0 0 0 0 0 0
4 -8424 6022 -5566 12128 11843 -12175
4 1798 3796 1850 1933 372 -1482
1 -2258 -8512 -8574 -2696 3127 3567
2 0 0 0 0 0 0
2 5988 14618 -8458 14365 -1105 -1088
1 -7882 -5280 -8968 -12684 -1173 11284
2 5602 9358 -6374 21249 -1998 5498
4 -3432 8884 -2174 -2864 -133 913
3 -7328 -1920 -14198 -1167 9832 1178
3 -3392 -5388 -7340 -8134 5529 888
3 -5570 -7418 -3916 -5762 -1096 -1054
1 2428 -2380 -4242 -5672 -3718 3320
2 -9504 -2250 -1152 6478 -2965 -7475
4 0 0 0 0 0 0
3 -1416 -2350 -6118 -7075 802 1908
2 10030 7214 11664 -5666 1762 -2458
2 5312 20804 -14556 10794 -2794 7682
3 -8826 -6320 14782 2867 5434 8716
3 2538 -2812 -23798 2298 1457 -2762
4 -1712 -1546 -3772 1447 -15522 -1654
4 -21868 20982 -11066 4777 4096 -11594
1 4516 -19022 -958 22 -1039 -962
1 -19424 -6258 -4660 860 12312 8816
1 -4400 -1042 -10296 -8708 -15463 2109
4 5236 -14538 12694 17628 -5751 2055
3 -10448 -2398 2138 -14222 13976 6687
3 19080 2836 -29356 18562 4719 -3749
4 -32768 2922 2470 -16038 -800 13516
2 -3038 -668 5950 4526 6923 -6231
2 17602 6796 5226 -3701 13195 673
1 -7228 -18392 7562 9830 -32768 -11601
1 -1390 -6674 -32102 -2043 21994 26392
2 -6722 -3210 -12530 9916 32767 11828
4 -2760 11002 -3278 18881 -32768 -10534
3 -11214 -15078 -14804 -12567 16866 1991
3 -10444 10568 9610 12882 -26557 3769
2 -9394 8102 22040 -6379 30478 1339
1 900 -7438 32767 18467 4115 -20445
4 -4566 -3732 6250 -6728 -28249 5802
1 -32768 -13580 -11200 -5249 -6225 8733
3 22154 -29708 -24744 -17364 -24527 -18401
3 3152 21802 18312 3426 7605 6336
2 15598 9104 -21624 10634 32767 21446
2 -25162 2518 31396 -6259 -12821 -3808
4 1470 30658 -16750 16668 -32768 -10990
4 29610 -13688 8284 313 -3051 1320
1 11592 8332 10832 3983 -160 9300
4 -13138 32767 -32768 -13260 -15764 3293
3 -3852 -28200 -23724 9150 22663 5887
1 -14532 -21094 -15252 -8645 -28918 -13238
2 32767 16822 -32512 -3512 28789 12649

2 884 8136 1418 75 239 -416
1 138 -7754 -3142 284 225 67
4 -1430 7656 -1192 657 -273 -85
3 -1614 -6466 -5156 -883 532 27
2 910 8222 1380 -5 290 -305
3 -1598 -6502 -5086 -506 575 -26
4 -1522 7770 -1200 24 -154 21
2 0 0 0 0 0 0
3 0 0 0 0 0 0
4 0 0 0 0 0 0
1 140 -7770 -3036 304 217 73
1 0 0 0 0 0 0
4 0 0 0 0 0 0
4 0 0 0 0 0 0
2 0 0 0 0 0 0
3 -2102 -6522 -7012 -3091 -2798 -233
1 0 0 0 0 0 0
2 7292 8170 -1962 -570 4144 -887
3 -1390 -4588 -9380 -5896 296 805
1 4372 -7288 -3534 -271 11838 -1777
4 -5016 6128 -6696 1647 3264 -305
4 -4092 9216 -6534 8655 3153 -6290
1 -1750 -10996 -8400 -6684 -11700 -2000
1 -4386 -7970 -6358 -15005 -3239 5885
3 -2092 -1904 -10376 -8919 2572 684
3 0 0 0 0 0 0
2 -224 10572 -836 233 -2215 4782
2 726 8592 -1636 9738 -1614 3187
3 -2454 -2470 -7114 -8622 -2489 2138
1 -1754 -3530 -350 -8898 9389 8931
1 1662 -4052 -2884 2125 -5487 2689
4 -4706 8126 -3298 11660 -64 -8423
4 -5122 5046 -658 5396 1148 -5929
2 0 0 0 0 0 0
2 0 0 0 0 0 0
3 -4546 -3750 -5798 -5627 -11569 384
3 -698 1574 -9122 7650 4165 492
1 -5366 -5642 -4356 2053 -15166 -5835
2 -4994 6668 -4380 6940 -487 -3755
3 7462 -15438 -15070 2998 29727 8848
1 1136 -15646 -17584 -2331 -10895 6653
4 -6652 390 2076 7582 -17740 -2729
2 4262 16180 -8832 1355 16087 -3591
4 -9080 11972 -11110 -1947 -2052 6592
3 -3738 7302 -2112 -20257 -2800 -1898
2 -1432 -166 -282 8075 -7513 6690
4 -3844 -3428 -3620 7440 12834 -504
2 8778 10158 -4902 -2141 -6103 -2794
4 -12446 854 -4282 -5230 -9690 4969
3 -9530 2526 7758 8037 1081 -6380
1 -5784 -3704 -3362 -14099 3267 16473
1 12342 -3748 8272 2321 -5691 -2729
1 -26176 -3404 -32768 8657 -6416 -3477
1 -2294 -1814 -2182 -15752 8874 10045
3 -1760 -11740 -31768 10847 -4434 -1073
4 -8862 15624 -12718 1995 -3440 -2846
4 20872 -6938 6454 7246 -8329 5009
3 3880 6340 -5912 -21683 7825 3363
2 822 10668 -19402 8106 -7512 333
2 -14478 -4204 2682 -8350 29843 -1214
2 14964 12262 -1120 619 -10423 3004
3 -9844 -2458 14922 18941 11529 -66
1 12778 -2934 13190 16014 -18654 -9713
2 -32768 -13522 -3554 13399 -32768 -16996
3 -3030 -21416 -32768 -7857 3100 -2455
4 -26896 -474 -3712 -351 -15462 -3954
1 -966 -19692 -32768 -6861 -13532 241
4 -1992 14282 -2538 4497 28909 -6831
3 20180 12918 15724 -2473 4218 5914
3 22228 -9334 -31558 25509 27456 7832
2 -948 -7896 31302 -15783 32767 3763
1 6074 -8474 18334 -11778 9176 -392
2 -8278 24386 2648 4977 -32768 -13615
1 -20720 7694 -32768 27197 -17127 -2381
4 11682 652 13866 -7796 -32768 288
4 -22458 23758 -12386 12291 12518 -11766
3 9356 8976 11660 -20275 13941 4477
2 -8450 -1486 19078 -12928 27807 -6904
1 612 -536 5242 -15361 3279 319
4 31056 -9536 7462 -1189 -16710 6559

3 -1894 -6682 -4756 44 -42 -54
2 958 8054 1138 92 29 -35
3 -1750 -6646 -4784 109 122 35
1 -58 -7690 -2884 76 471 40
4 -910 7946 -1464 -22 -85 15
3 0 0 0 0 0 0
3 0 0 0 0 0 0
1 -124 -7752 -2974 102 376 -13
2 980 8090 1138 -182 -10 -57
4 -1004 7844 -1512 -153 35 13
3 0 0 0 0 0 0
2 0 0 0 0 0 0
3 902 -11048 -25780 -18538 6996 405
1 0 0 0 0 0 0
2 0 0 0 0 0 0
2 0 0 0 0 0 0
1 0 0 0 0 0 0
4 0 0 0 0 0 0
4 0 0 0 0 0 0
4 0 0 0 0 0 0
4 -342 8610 -2068 1513 -1935 752
1 0 0 0 0 0 0
1 -4556 -13462 -18996 -15472 11371 6543
3 -1420 -5278 -12554 -27009 19727 -7408
2 0 0 0 0 0 0
1 3658 -5024 -9820 -32768 15651 -4225
3 -2258 -1132 -6110 -15868 16958 -4242
2 826 7598 1428 2660 3 913
4 -1202 7646 -926 4325 -6217 -351
3 -150 -1796 -5596 -10997 8591 -2836
4 0 0 0 0 0 0
3 1698 4712 3960 -10596 5392 -2211
4 0 0 0 0 0 0
1 -1492 -3764 384 -28246 3508 -5132
1 -604 4744 -1052 -10223 -642 -974
2 1630 7064 1028 -130 -592 570
2 1056 8366 1496 -798 -5068 -141
1 984 8312 2456 -2276 -1526 -49
2 0 0 0 0 0 0
3 354 8812 12356 7111 -4027 4817
4 -1376 7852 -2118 -3399 -1759 3605
3 3232 -14650 -2302 28680 -8228 15235
4 -2228 9188 -1300 946 -8691 1326
1 -492 28020 14822 7084 -17893 -3037
2 0 0 0 0 0 0
3 4904 -2688 -3736 -19731 12494 -4680
2 1102 7446 480 -3334 2398 -913
1 0 0 0 0 0 0
4 -3370 7046 -662 28 -4852 -940
3 272 -468 6612 -13548 614 -2718
4 -1288 6942 -1556 -5069 7010 1010
1 3554 4254 -3766 -10015 3692 1362
2 0 0 0 0 0 0
3 1954 2100 6836 1583 -5337 -1313
4 0 0 0 0 0 0
3 -644 -848 3262 22640 -12050 6300
3 2930 -11148 -10962 32767 -21179 10121
1 2294 6618 1984 -4532 1024 -84
1 1636 4430 1112 3085 -1176 3223
4 0 0 0 0 0 0
4 0 0 0 0 0 0
2 392 8390 702 -671 842 -1301
2 2058 8584 1130 948 6306 1518
2 1036 8432 1180 2413 695 918
2 748 8544 1234 2301 4268 2323
4 0 0 0 0 0 0
3 -1778 -8930 -20104 8537 -32768 940
1 646 1858 -600 12774 -5698 5249
1 -218 -1102 -4454 24105 -12308 2735
1 -366 -6628 -9666 28264 -10165 -3609
3 3912 -6490 -12424 5548 -10428 1079
4 -2102 6784 322 1747 2635 -1512
4 0 0 0 0 0 0
3 -44 -8370 -11170 -1404 -4056 -2884
1 -3288 -20236 -7390 28991 -12066 -9317
2 0 0 0 0 0 0
2 0 0 0 0 0 0
2 0 0 0 0 0 0
1 -21260 -13676 2096 2299 -30245 -6738
4 -1332 8136 -1122 -3408 9646 -1032

3 -1902 -6552 -5032 19 369 224
1 -726 -7714 -3140 285 230 32
3 -1906 -6588 -4898 -80 277 173
4 -1228 7856 -1550 -204 -314 -1
2 868 8318 1252 333 296 -242
3 0 0 0 0 0 0
1 -826 -7818 -2880 87 429 93
1 -316 -7690 -2998 58 193 53
4 -1252 7948 -1642 -211 -228 -59
2 0 0 0 0 0 0
4 0 0 0 0 0 0
4 0 0 0 0 0 0
3 0 0 0 0 0 0
1 0 0 0 0 0 0
3 0 0 0 0 0 0
2 0 0 0 0 0 0
1 -1658 -8566 -2960 369 1124 1844
2 0 0 0 0 0 0
1 924 -11850 -16076 -17606 6824 2535
1 -966 -8230 -12482 -32768 8011 -5537
4 0 0 0 0 0 0
4 0 0 0 0 0 0
3 0 0 0 0 0 0
3 0 0 0 0 0 0
2 0 0 0 0 0 0
2 0 0 0 0 0 0
3 -180 -8256 -9518 -5451 -5447 -1858
3 -5168 -9812 -30430 -32768 10244 -4138
2 0 0 0 0 0 0
2 852 8624 1314 629 -3472 -328
4 0 0 0 0 0 0
4 -1220 7852 -1506 1476 -1571 345
1 -1232 -2094 -2048 -25054 9457 -4891
1 240 2752 -2228 -10401 1051 -1760
4 0 0 0 0 0 0
3 -11304 -4150 -4686 -31579 23062 6180
3 1524 2276 5892 -11426 8488 8373
1 164 4834 -2252 -3350 -2159 1012
1 2360 9822 -1128 -1983 -3551 2211
4 -860 8250 -1746 3859 -5536 436
2 0 0 0 0 0 0
2 0 0 0 0 0 0
1 -326 11010 7684 7365 -4559 4097
1 -30240 23256 14454 -5334 -3026 -15573
3 7414 1540 4668 8461 -252 2206
2 0 0 0 0 0 0
4 0 0 0 0 0 0
3 3990 32767 15902 -15339 12119 2745
2 0 0 0 0 0 0
4 0 0 0 0 0 0
3 8268 -2664 -1750 -9646 2431 -2089
3 4020 -1500 3104 -6823 1756 -4933
2 0 0 0 0 0 0
4 0 0 0 0 0 0
2 1590 8842 1126 -665 1237 378
1 -5466 272 -6560 5402 709 3584
4 -494 9264 -2552 -6345 699 3672
1 3878 1094 -5984 -8874 1745 1570
3 2792 818 2884 935 1860 -425
1 3324 3528 -662 -7898 983 1446
4 -2936 8976 -1878 -1529 -1572 114
2 626 8624 1068 1606 -3637 -848
4 0 0 0 0 0 0
2 0 0 0 0 0 0
3 238 2002 3158 16104 -6411 6016
1 3630 5660 40 -1577 -932 3564
1 1944 5302 -606 7473 -6781 4592
4 -1646 8764 -1702 -490 3673 834
3 2314 -2006 -6500 26594 -23975 9808
3 -1618 -9628 -21748 25027 -17068 7068
1 518 1232 -4220 19431 -14514 3862
2 458 7620 1092 1210 1333 364
2 396 7968 1066 -1305 4117 272
4 0 0 0 0 0 0
2 0 0 0 0 0 0
1 1662 -2184 -11070 23317 -17232 -2884
2 0 0 0 0 0 0
4 0 0 0 0 0 0
4 0 0 0 0 0 0
3 -3290 -10690 -12518 13556 -20864 -4794

3 -1854 -6214 -4822 -1557 1266 1124
1 -526 -7768 -2988 -214 -575 -237
4 -900 7908 -1558 1231 -361 154
2 998 7882 1296 779 659 -1
4 0 0 0 0 0 0
3 -1446 -5986 -4804 -84 1064 978
1 -112 -7574 -3446 -97 112 -396
4 0 0 0 0 0 0
2 0 0 0 0 0 0
3 0 0 0 0 0 0
1 0 0 0 0 0 0
2 0 0 0 0 0 0
4 0 0 0 0 0 0
4 0 0 0 0 0 0
3 0 0 0 0 0 0
3 0 0 0 0 0 0
1 0 0 0 0 0 0
1 0 0 0 0 0 0
2 0 0 0 0 0 0
2 0 0 0 0 0 0
4 0 0 0 0 0 0
3 0 0 0 0 0 0
3 0 0 0 0 0 0
2 0 0 0 0 0 0
2 0 0 0 0 0 0
1 0 0 0 0 0 0
4 0 0 0 0 0 0
1 -4686 -9456 -3280 818 -920 296
3 -346 -8306 -15292 -9611 7423 2136
3 -1488 -7702 -16706 -24993 9796 -487
4 0 0 0 0 0 0
4 0 0 0 0 0 0
1 -1928 -12866 -16608 -19630 4885 7135
1 -582 -8780 -13412 -32768 10397 1577
2 0 0 0 0 0 0
2 0 0 0 0 0 0
1 -82 -632 -3182 -26496 12940 -3136
2 0 0 0 0 0 0
2 812 8362 1316 42 -2877 -108
4 0 0 0 0 0 0
1 -698 3134 -1598 -11668 3196 -1879
4 0 0 0 0 0 0
3 302 -1128 -4174 -23928 15684 -2368
3 2692 3468 -322 -13400 9836 2136
3 5012 5122 -1934 -5006 4830 1701
2 0 0 0 0 0 0
1 226 5594 -894 -3446 -143 1857
3 6112 8152 344 -36 4608 2710
1 0 0 0 0 0 0
2 0 0 0 0 0 0
4 -640 7722 -1400 1697 -4564 634
4 0 0 0 0 0 0
4 0 0 0 0 0 0
4 -1730 8446 -1356 -443 -6249 1018
2 0 0 0 0 0 0
1 2380 5862 1194 13450 2986 9247
2 0 0 0 0 0 0
1 5468 -3954 -12252 904 8140 -1840
3 5458 5644 6570 9358 1893 963
3 250 -1268 -430 -3322 798 -1061
4 -2370 7244 -1526 -2525 -74 1159
3 3142 236 710 -20 -2071 -445
3 -290 -752 1580 4281 -2042 2603
4 -1278 8130 -2350 -1827 800 361
1 -722 1052 -2156 2713 3584 5433
1 8212 2660 -5792 -193 4081 2077
2 956 8238 914 -1472 3587 -204
2 0 0 0 0 0 0
2 0 0 0 0 0 0
3 2528 -1524 -2944 13312 -5786 10067
3 4878 -5532 -10470 20144 -17243 11950
2 0 0 0 0 0 0
4 0 0 0 0 0 0
4 -1406 8236 -1716 355 4183 -1039
1 0 0 0 0 0 0
1 0 0 0 0 0 0
4 0 0 0 0 0 0
3 -98 -10278 -12418 19140 -21046 5325
1 0 0 0 0 0 0
2 0 0 0 0 0 0

4 -1018 7932 -1520 318 420 -78
1 -22 -7808 -2782 124 80 37
3 -1342 -6394 -4904 -636 61 -2
2 894 8078 1314 698 245 -85
2 0 0 0 0 0 0
1 -80 -7740 -2802 65 -47 37
3 -1486 -6442 -4948 461 -49 -380
1 0 0 0 0 0 0
4 0 0 0 0 0 0
4 0 0 0 0 0 0
4 0 0 0 0 0 0
2 0 0 0 0 0 0
3 0 0 0 0 0 0
3 0 0 0 0 0 0
2 0 0 0 0 0 0
2 0 0 0 0 0 0
4 0 0 0 0 0 0
1 0 0 0 0 0 0
1 346 -9214 -9432 -3981 10700 2285
4 0 0 0 0 0 0
1 -494 -13346 -16672 -22911 1373 2576
1 6 -6076 -9142 -30297 10434 -2176
2 0 0 0 0 0 0
3 0 0 0 0 0 0
4 0 0 0 0 0 0
3 0 0 0 0 0 0
2 0 0 0 0 0 0
4 0 0 0 0 0 0
2 0 0 0 0 0 0
2 0 0 0 0 0 0
3 -1638 -7460 -15072 -11017 5550 1208
1 -1516 -1006 -2714 -21853 7190 -1881
1 -486 4634 -1088 -10641 679 1457
4 0 0 0 0 0 0
3 -2896 -7264 -14310 -30010 10849 1354
3 -616 -1344 -3010 -25488 16186 509
4 -1044 8580 -1756 -114 -4812 1640
1 1368 9192 -108 -2945 -4558 3280
3 2402 3702 760 -13911 11456 1674
2 0 0 0 0 0 0
4 0 0 0 0 0 0
2 0 0 0 0 0 0
1 0 0 0 0 0 0
3 2058 5924 6376 -2352 5558 3618
1 -14950 -12690 3478 25381 7914 9119
2 0 0 0 0 0 0
3 32767 -32768 -32768 14830 32037 28052
1 10150 3214 42 -8461 8005 -171
4 0 0 0 0 0 0
4 0 0 0 0 0 0
2 0 0 0 0 0 0
3 4544 3050 -916 3698 -3038 -1823
3 422 -2016 -784 6247 1152 6319
3 908 -2606 -2262 2715 1486 5558
4 -1430 7626 -1982 -2407 876 1165
2 582 7798 724 -129 3117 444
2 1500 8920 1084 337 2149 580
4 0 0 0 0 0 0
1 0 0 0 0 0 0
1 3306 4050 1132 -7700 837 -3848
4 -1822 8502 -1766 -584 4037 -973
1 946 5106 948 -1000 -1066 -226
4 0 0 0 0 0 0
1 240 4780 -150 7215 -2644 3756
3 2110 -472 -2694 4621 -9524 5027
3 5480 -1574 -10608 16674 -24639 6198
3 -1520 -5318 -18368 15832 -28048 -3931
3 -2624 -6176 -12360 5870 -24743 -8984
2 392 8428 1080 1196 2073 789
2 0 0 0 0 0 0
1 1112 4036 -2680 17705 -9632 4296
1 506 -1058 -8228 25338 -12670 -1387
2 0 0 0 0 0 0
2 0 0 0 0 0 0
4 0 0 0 0 0 0
4 0 0 0 0 0 0
4 -1642 7644 -778 1393 1832 -281
2 0 0 0 0 0 0
1 -128 -8280 -6004 29000 -9012 -5343
3 -5000 -4902 -11402 5800 -1182 -4801

2 642 7844 1276 319 1161 -63
4 -942 8058 -1610 -61 8 140
1 -468 -7614 -3482 661 -245 -310
3 -1500 -6530 -5212 -77 111 255
3 -1578 -6480 -5132 -60 203 203
3 0 0 0 0 0 0
1 -230 -7646 -3302 -154 297 256
1 -112 -7642 -3098 -18 175 97
2 0 0 0 0 0 0
2 0 0 0 0 0 0
4 0 0 0 0 0 0
4 0 0 0 0 0 0
2 0 0 0 0 0 0
1 0 0 0 0 0 0
1 0 0 0 0 0 0
3 0 0 0 0 0 0
2 0 0 0 0 0 0
3 0 0 0 0 0 0
4 0 0 0 0 0 0
4 0 0 0 0 0 0
4 0 0 0 0 0 0
2 0 0 0 0 0 0
2 0 0 0 0 0 0
1 0 0 0 0 0 0
1 -514 -10384 -12758 -9647 10283 4270
3 2132 -7802 -15920 -7760 7277 573
3 -1008 -8838 -20026 -24395 10716 -2959
4 0 0 0 0 0 0
1 916 -9978 -16650 -29619 8965 481
4 0 0 0 0 0 0
2 0 0 0 0 0 0
2 0 0 0 0 0 0
4 -1096 8232 -1668 1909 -3623 355
3 -2632 -5334 -6478 -26133 15277 -4438
1 640 -4190 -5186 -28832 5052 -4289
3 -302 -380 -978 -17659 11972 -2539
1 -962 2724 -1056 -16055 2417 -1868
4 0 0 0 0 0 0
4 0 0 0 0 0 0
3 1004 5082 3340 -8527 7674 2245
1 1566 7316 -1256 -4460 1996 2175
3 5538 6548 7354 279 4036 3717
2 786 8194 1158 285 -2472 38
2 0 0 0 0 0 0
2 0 0 0 0 0 0
3 488 5120 7770 10488 -3595 4193
4 0 0 0 0 0 0
1 2272 6922 -2852 1869 -504 563
1 21966 -17274 -24968 -1718 -7071 -6646
4 0 0 0 0 0 0
2 0 0 0 0 0 0
3 32767 -32768 -32768 9880 478 -5148
2 0 0 0 0 0 0
2 844 8884 1088 -1755 1 -706
4 0 0 0 0 0 0
4 0 0 0 0 0 0
1 -1994 -950 -3350 16 -4860 1660
3 6464 3620 5458 -2093 -134 -2322
1 3300 1418 -2790 -4945 3762 2738
3 0 0 0 0 0 0
2 0 0 0 0 0 0
1 3080 3702 -874 -1138 -431 2098
1 2468 5252 -726 7559 -3400 3734
4 -2198 8508 -1808 -598 -624 182
4 -2042 8212 -1450 268 3043 -637
3 0 0 0 0 0 0
3 2332 -796 -1636 9342 -8626 7135
1 1930 3346 -4728 17591 -11227 3278
2 878 8338 1162 1069 3766 1142
2 0 0 0 0 0 0
2 0 0 0 0 0 0
3 5256 -3152 -10026 18285 -26876 8399
3 -1700 -10202 -19296 19259 -19883 3058
1 -512 -2776 -8818 21273 -9146 34
4 0 0 0 0 0 0
4 0 0 0 0 0 0
1 -1156 -9066 -7722 22836 -3222 -3032
4 0 0 0 0 0 0
3 -2496 -8746 -11776 8808 -17735 -3357
2 0 0 0 0 0 0

2 804 7988 1344 549 -374 152
1 208 -7680 -3134 -453 444 354
3 -1420 -6596 -4798 -595 556 783
4 -1040 7774 -1224 129 -497 -114
3 -1326 -6468 -4872 435 566 544
4 0 0 0 0 0 0
2 0 0 0 0 0 0
1 -82 -7762 -2904 -231 -315 66
1 0 0 0 0 0 0
2 0 0 0 0 0 0
3 0 0 0 0 0 0
3 566 -6832 -13718 -4631 6699 1778
3 -74 -8354 -18632 -19204 10254 -3644
1 0 0 0 0 0 0
2 0 0 0 0 0 0
2 0 0 0 0 0 0
4 0 0 0 0 0 0
4 0 0 0 0 0 0
1 0 0 0 0 0 0
2 0 0 0 0 0 0
4 0 0 0 0 0 0
3 -1858 -5790 -11326 -23451 16746 -5139
2 0 0 0 0 0 0
4 -1020 7860 -1708 1361 -2705 162
3 -332 -1500 -4532 -18086 15118 -4906
1 -846 -14804 -21798 -20059 -271 5757
1 1708 -5688 -9826 -32768 7149 2505
1 -2758 978 -382 -23095 11962 -661
2 0 0 0 0 0 0
3 1320 1752 206 -11735 10057 -2344
1 -1718 2474 -2234 -3502 2546 2511
3 2932 4752 4378 -7132 6676 -25
4 0 0 0 0 0 0
4 0 0 0 0 0 0
2 1156 8400 1390 1544 -3042 105
1 2356 5028 -5080 -646 723 2080
3 1652 5442 7812 619 1344 2924
1 6066 10284 3484 2458 1594 -1606
4 0 0 0 0 0 0
4 0 0 0 0 0 0
3 -1354 2236 11206 16111 -3787 11205
2 0 0 0 0 0 0
2 610 7732 1286 167 -2062 -570
2 0 0 0 0 0 0
4 -2290 9422 -1296 -131 -2446 437
3 -4312 8408 3692 -559 -90 -4933
4 0 0 0 0 0 0
1 -4 32767 -26 -4055 7251 3161
2 858 8188 946 -4022 3165 -443
3 3070 972 3742 5483 119 1482
1 -1196 434 -3044 -3031 1849 2057
3 2512 -1286 -2876 2038 -1646 -1823
1 0 0 0 0 0 0
2 870 9316 986 -1748 271 -1025
1 2734 3918 -978 406 -936 2814
2 830 8600 906 739 3155 59
3 0 0 0 0 0 0
4 -1392 7626 -1844 -613 284 522
4 0 0 0 0 0 0
4 0 0 0 0 0 0
3 1306 472 -738 6162 -8804 5907
4 0 0 0 0 0 0
1 366 3400 -1648 8268 -7885 4358
1 1514 2272 -4920 18792 -19242 1855
3 3748 -3234 -11936 19746 -18464 11895
2 0 0 0 0 0 0
3 4244 -10196 -20970 20629 -13368 11658
2 0 0 0 0 0 0
2 0 0 0 0 0 0
2 0 0 0 0 0 0
3 1418 -8888 -12674 9437 -14524 -1415
4 -1642 7962 -1326 -1665 4621 691
1 -4490 -5750 -5740 26188 -32768 -9732
4 0 0 0 0 0 0
1 -6178 -11458 -9466 14626 4063 -10914
3 -978 -6834 -8346 2531 -9781 -3162
2 532 7840 1290 1288 603 347
4 -1726 7628 -978 -224 4033 -80
1 -692 -12662 -6810 9428 3633 -9665
4 0 0 0 0 0 0

3 -1466 -6594 -5154 45 24 -98
4 -1060 7920 -1442 -192 92 121
1 76 -7726 -3086 84 69 16
2 620 8208 1210 599 334 218
4 0 0 0 0 0 0
3 -1562 -6498 -5034 -53 91 0
4 0 0 0 0 0 0
2 0 0 0 0 0 0
1 14 -7752 -3078 238 -223 10
3 0 0 0 0 0 0
2 0 0 0 0 0 0
1 0 0 0 0 0 0
1 0 0 0 0 0 0
3 0 0 0 0 0 0
2 0 0 0 0 0 0
3 0 0 0 0 0 0
1 0 0 0 0 0 0
2 0 0 0 0 0 0
4 0 0 0 0 0 0
4 0 0 0 0 0 0
4 0 0 0 0 0 0
4 0 0 0 0 0 0
2 0 0 0 0 0 0
2 0 0 0 0 0 0
3 870 -7594 -13690 -4313 9047 639
3 142 -6866 -14954 -17754 11643 -2903
1 0 0 0 0 0 0
1 -5858 -10136 -8680 -5044 5243 3755
4 0 0 0 0 0 0
2 0 0 0 0 0 0
2 0 0 0 0 0 0
1 -328 -11272 -16728 -28492 7686 3531
3 -1290 -5708 -9964 -20848 11729 -5403
1 2112 -3054 -5092 -28654 6732 -1736
3 1098 -1152 -4418 -18999 10609 -4451
4 -1040 8000 -1288 2128 -2365 -268
3 2222 4004 1184 -12359 8459 239
4 0 0 0 0 0 0
1 16 2124 -2268 -13497 3847 982
1 920 5094 -3352 -2753 -506 3398
2 0 0 0 0 0 0
4 0 0 0 0 0 0
2 0 0 0 0 0 0
3 6038 8144 5448 -4227 7267 3606
4 0 0 0 0 0 0
3 0 0 0 0 0 0
2 0 0 0 0 0 0
1 3794 6562 -4172 -293 1648 1150
4 0 0 0 0 0 0
3 4744 -8894 32767 19461 -2949 11639
1 -21930 14264 32767 9220 -9786 -2453
2 0 0 0 0 0 0
1 5240 3704 -1568 -1008 3 -1990
3 8764 2270 -1480 -2609 4148 -2099
2 0 0 0 0 0 0
3 1640 -1094 656 4173 28 144
1 3908 -226 -5662 -5152 4281 3786
4 0 0 0 0 0 0
2 0 0 0 0 0 0
4 0 0 0 0 0 0
1 3866 3922 -1478 -3508 1174 2548
2 0 0 0 0 0 0
2 904 8448 1196 1029 5045 1143
1 3528 5074 -2222 3184 -4095 3135
4 0 0 0 0 0 0
3 0 0 0 0 0 0
4 -1908 8272 -1588 107 2830 -725
3 462 -56 -346 2872 -7435 4579
3 4094 -2062 -9614 16092 -18607 9230
3 1938 -6572 -17472 20591 -20523 3796
4 0 0 0 0 0 0
1 794 3780 -2886 11147 -8686 3413
4 -1798 8056 -990 -833 3943 123
1 508 1860 -7472 16651 -14404 1241
2 988 8412 1170 812 2292 1490
2 0 0 0 0 0 0
4 -1732 7776 -924 -1840 7067 575
3 1312 -6926 -15022 13484 -13212 -615
1 -964 -2634 -4568 21072 -13142 -2037
2 0 0 0 0 0 0

1 162 -7444 -3516 461 3389 -717
4 -1072 7826 -1478 -109 -183 45
2 542 8394 1136 -585 1692 -162
3 -1448 -6542 -5108 -6 17 195
1 -168 -7670 -3558 -29 -1028 -1097
1 0 0 0 0 0 0
4 -946 7862 -1534 -226 -29 -43
4 0 0 0 0 0 0
3 -1596 -6532 -5156 157 -4 107
3 0 0 0 0 0 0
2 0 0 0 0 0 0
2 0 0 0 0 0 0
1 1292 -7412 -3748 861 -3327 -794
1 536 -7466 -3682 457 -8304 -844
2 0 0 0 0 0 0
3 0 0 0 0 0 0
2 1366 8238 2452 2331 -3345 -491
4 0 0 0 0 0 0
4 0 0 0 0 0 0
3 0 0 0 0 0 0
1 0 0 0 0 0 0
2 122 7776 2662 479 1125 134
2 1626 8344 2640 299 1128 276
3 2144 -8108 -13902 -4810 5264 400
3 -888 -8292 -21026 -22558 9700 -2550
4 0 0 0 0 0 0
1 -3912 -9872 -8232 -5967 12795 6725
4 0 0 0 0 0 0
1 -1264 -9338 -18306 -25120 6106 3730
4 0 0 0 0 0 0
2 1494 7560 2368 572 -2392 -27
3 -1758 -4248 -7524 -23408 17589 -2905
4 -856 8282 -1794 2143 -3816 -134
1 -1084 -2884 -5552 -30789 7759 990
3 -516 -726 -3728 -16866 10531 -1997
1 -362 2744 -2602 -15768 6809 839
3 2760 5104 2636 -9598 8442 2779
2 0 0 0 0 0 0
2 0 0 0 0 0 0
2 448 8052 1198 -32 -5620 -970
1 -122 5270 -2412 -1726 -1194 2314
3 11648 11442 10554 7618 5621 5776
4 0 0 0 0 0 0
4 0 0 0 0 0 0
4 0 0 0 0 0 0
2 0 0 0 0 0 0
2 -442 6918 708 -1121 -1784 -1878
3 32767 -32768 -32768 24194 15050 32767
3 4452 562 6068 -1819 12206 352
4 -1972 8830 -1346 -107 -7460 1256
1 -1000 8136 19722 9704 8493 -2026
1 -1040 740 -5628 3923 2877 -375
1 1988 -1324 -2180 -5764 6328 4328
3 3772 394 1068 1553 -340 -2873
3 0 0 0 0 0 0
4 -2770 7304 -1130 -730 -1467 874
1 2434 1642 -1120 -5351 -1000 3755
4 0 0 0 0 0 0
2 0 0 0 0 0 0
2 1926 9330 964 -946 3025 -1082
2 976 8646 1290 2568 3198 755
1 1114 3414 -578 3320 -4471 4532
1 2310 4860 -2504 17174 -12338 2723
2 0 0 0 0 0 0
4 -2418 8032 -1460 -2201 2284 191
4 -1558 8456 -2002 -1685 4929 -21
3 0 0 0 0 0 0
3 1940 152 -1058 11570 -12817 5785
1 -348 -194 -8320 23467 -25849 -6657
2 496 8318 1158 353 4536 2801
4 0 0 0 0 0 0
3 3066 -4204 -8176 23649 -25817 6496
1 -3208 -7742 -11024 17239 -12392 -10635
4 0 0 0 0 0 0
3 -5140 -13446 -16070 23627 -20700 -2216
2 0 0 0 0 0 0
4 0 0 0 0 0 0
3 -4060 -8654 -14462 4683 -22063 -7766
1 -928 -11490 -8224 12199 -283 -8690
2 124 7720 1564 1981 1225 1934

3 -1304 -6534 -5162 -861 909 227
4 -1610 8136 -1640 -248 -1874 1135
1 -16 -7708 -2984 -49 -289 275
2 762 8104 1170 131 409 169
2 0 0 0 0 0 0
1 324 -7648 -3302 -68 -168 50
3 -1452 -6342 -4870 -709 618 74
4 -1562 7710 -1528 429 -447 140
2 0 0 0 0 0 0
1 0 0 0 0 0 0
3 -1448 -6380 -4926 -12 232 -94
1 0 0 0 0 0 0
2 0 0 0 0 0 0
1 -586 -8082 -2582 708 -1902 -32
3 0 0 0 0 0 0
4 0 0 0 0 0 0
3 5836 -9130 -25472 -16184 8556 -4938
4 0 0 0 0 0 0
2 0 0 0 0 0 0
1 2466 -16336 -24638 -22761 -2963 4420
2 0 0 0 0 0 0
3 3138 -5820 -21672 -24855 25810 -8681
4 0 0 0 0 0 0
3 -64 -3694 -9906 -14248 24611 -9706
4 0 0 0 0 0 0
4 -324 7616 -1780 -983 3327 634
2 0 0 0 0 0 0
1 632 -6632 -9022 -32768 7884 -553
2 0 0 0 0 0 0
2 766 8832 1396 922 -3962 -421
4 326 8016 -2072 866 -5125 2504
1 -1506 1416 -1714 -24594 7974 -316
3 -4728 -8530 -4922 -4563 6850 -7914
3 -2742 -2036 3540 -12027 3202 -6025
4 -2906 7776 -696 2319 -12958 772
1 792 5452 -2564 -9566 4389 2033
3 -1722 3940 11526 -8791 1595 -1811
2 0 0 0 0 0 0
3 0 0 0 0 0 0
2 160 7700 1146 -537 -2280 -630
1 2910 4926 -4056 -4181 3469 7
1 644 6802 20 -1534 -132 464
4 -1756 7516 -1484 674 659 1299
4 -1818 8098 -1196 622 -4565 1678
3 352 12212 13312 13537 -7835 9151
1 1982 10862 5186 4402 -1533 633
4 0 0 0 0 0 0
2 0 0 0 0 0 0
1 -26216 32767 14158 -2062 -19257 -16431
4 0 0 0 0 0 0
3 6672 12464 4656 6234 -32768 -10997
2 0 0 0 0 0 0
4 -1118 7224 -1016 4743 -10462 -2382
3 464 -1468 -4668 -1406 3289 -4482
3 3984 2448 2024 -1295 3662 -1769
4 -3730 5796 108 -1322 -630 -2126
2 0 0 0 0 0 0
1 2586 504 -4502 2471 3492 4761
2 498 8932 1066 2182 2264 298
1 0 0 0 0 0 0
1 0 0 0 0 0 0
3 908 974 940 703 3037 2118
3 -1438 -2512 -560 -1508 -1716 4965
4 264 8436 -2614 -8440 11259 268
2 0 0 0 0 0 0
1 0 0 0 0 0 0
4 186 9190 -5174 766 -242 363
2 0 0 0 0 0 0
1 1564 4358 1738 8853 -13498 8343
2 0 0 0 0 0 0
2 0 0 0 0 0 0
1 3816 2758 -6586 23192 -27735 164
3 -1468 464 -4572 8810 -19893 6265
4 -758 8634 -1654 1267 6821 1397
3 6656 -808 -16364 22647 -32768 2986
4 -2082 7486 -792 753 2006 843
4 -1646 6542 -1292 -2023 3973 1904
2 0 0 0 0 0 0
3 -2892 -8232 -18244 12644 -32768 -15738
1 -8454 -8636 -11780 20433 -10302 -14155

3 -1242 -6598 -4688 -542 516 -75
1 -298 -7758 -3054 61 -151 53
4 -962 8016 -1444 -205 -17 59
2 908 8098 1294 213 367 86
2 0 0 0 0 0 0
4 0 0 0 0 0 0
1 -266 -7760 -3066 77 -143 61
3 -1638 -6296 -4646 157 233 -95
1 -298 -7690 -3068 21 121 173
3 0 0 0 0 0 0
3 0 0 0 0 0 0
2 0 0 0 0 0 0
2 0 0 0 0 0 0
1 0 0 0 0 0 0
1 -2348 -8694 -3292 -931 7122 2111
4 0 0 0 0 0 0
4 0 0 0 0 0 0
4 0 0 0 0 0 0
3 -1764 -6686 -7350 2581 12131 2352
1 132 -8204 -10282 -10488 9794 3939
1 886 -5598 -12518 -22773 10108 -1445
4 0 0 0 0 0 0
4 0 0 0 0 0 0
2 0 0 0 0 0 0
2 0 0 0 0 0 0
3 4080 -7304 -14672 -13093 13978 -709
3 2598 -4812 -9528 -21050 11478 -8333
2 0 0 0 0 0 0
1 2556 -2458 -6048 -19506 1918 -5070
4 0 0 0 0 0 0
2 0 0 0 0 0 0
1 298 3310 -3896 -11368 3457 -1067
4 -266 8940 -1182 2576 -6349 2187
3 1172 -2716 -5066 -17350 6260 -5313
3 2620 5848 1032 -13477 4840 -3074
2 0 0 0 0 0 0
3 2248 12676 13144 5814 1508 3064
4 -560 6982 -916 -61 -2290 2157
4 0 0 0 0 0 0
3 -6532 -14232 -5526 -487 1621 2834
1 2080 3590 -5466 -3020 2126 755
2 0 0 0 0 0 0
1 -1532 7860 4698 1371 -403 -4995
2 0 0 0 0 0 0
3 5746 -1016 1020 -2011 -4880 -2886
1 568 -870 -12490 648 4563 5510
4 -1258 7558 -906 383 -11723 -548
3 3328 1568 -2048 11208 -2734 3401
1 3634 4520 -3864 1279 -1823 -702
4 -3160 7736 -554 -4245 369 -1227
2 1926 9564 1628 -4490 18269 1802
2 3092 8556 2656 1168 -2817 90
3 3386 -4126 -5784 20812 -8156 10236
1 0 0 0 0 0 0
4 -126 8888 -2700 -6777 9659 -196
2 -612 8470 1518 3589 -4011 338
4 950 9968 -2464 168 942 -948
1 2424 1900 -6474 5204 -2237 3830
3 -6672 -13520 -3278 31734 -20805 7465
2 1708 8162 1718 2750 -621 1640
3 -2398 -11190 -14510 2054 -23309 -4306
3 -5190 -4166 -6692 -6196 -13443 -696
4 0 0 0 0 0 0
1 2462 1044 -6224 10031 -4700 4150
2 0 0 0 0 0 0
4 0 0 0 0 0 0
1 1430 -442 -6690 14519 -8914 3965
2 566 7204 1162 1103 -536 -476
1 0 0 0 0 0 0
4 0 0 0 0 0 0
1 -922 -9186 -3778 16751 -12407 -3698
2 0 0 0 0 0 0
2 0 0 0 0 0 0
4 -2762 7862 248 2645 1718 -3628
3 -2764 -3514 -6378 304 542 -340
3 -1502 -4034 -6328 1253 7971 1595
3 -1382 -9232 -6712 -3360 5813 -386
2 0 0 0 0 0 0
4 -1160 7796 -1044 -3017 7936 -1810
1 -7478 -9980 -3050 3980 -16924 -8327

4 -446 8100 -1584 -862 -463 -80
4 -484 8112 -1630 -20 -1141 -36
3 -1758 -6734 -5388 1396 727 -550
1 -442 -7792 -3008 185 -1281 -232
2 796 8098 1200 -373 625 -102
1 -680 -7856 -3030 120 -899 -39
3 -1990 -6732 -5400 60 616 -383
2 0 0 0 0 0 0
3 0 0 0 0 0 0
1 0 0 0 0 0 0
2 0 0 0 0 0 0
4 0 0 0 0 0 0
4 0 0 0 0 0 0
4 0 0 0 0 0 0
4 0 0 0 0 0 0
2 0 0 0 0 0 0
1 0 0 0 0 0 0
1 -1814 -8974 -8082 -9268 7566 4009
3 -106 -7192 -7466 -663 8199 2087
3 3264 -8568 -15184 -11567 7233 -1192
2 0 0 0 0 0 0
4 0 0 0 0 0 0
1 648 -6368 -9468 -20160 8678 36
3 56 -8766 -14568 -21750 12298 -6831
2 0 0 0 0 0 0
2 0 0 0 0 0 0
3 -1600 -4652 -6226 -21731 13026 -7255
1 1580 -2640 -7092 -20139 6515 -3779
4 0 0 0 0 0 0
3 -804 814 962 -16664 7982 -2296
1 2680 1742 -5718 -11771 2611 -2116
3 1892 5110 10028 -3207 2829 3469
1 2508 4394 -6828 -7809 672 -2359
2 0 0 0 0 0 0
2 0 0 0 0 0 0
4 -350 8190 -2008 1285 -2743 707
4 0 0 0 0 0 0
4 0 0 0 0 0 0
4 -410 8928 -1376 -206 -2502 3828
2 0 0 0 0 0 0
3 3832 5528 12696 21333 -3132 12118
2 0 0 0 0 0 0
3 10880 -5004 -4746 -4857 9112 -3469
1 2074 6164 -3138 -3927 -359 -2501
1 -8520 2598 5956 -1288 -4377 -6455
4 0 0 0 0 0 0
3 3902 -2236 2658 -570 -5418 -6491
1 -2064 -320 -3132 1205 3792 4193
2 2600 7688 1222 -2258 14847 1908
3 0 0 0 0 0 0
4 0 0 0 0 0 0
1 4020 4830 -3472 1190 59 1274
2 3374 9004 2478 584 -4071 3
2 -274 8674 2388 3951 -2404 855
2 1348 7906 1816 2482 -1397 966
3 896 -5120 -3552 17822 -2512 10144
3 -1750 -16378 -9066 28281 -14438 15938
1 0 0 0 0 0 0
1 1536 2290 -5768 6388 -1954 3108
4 0 0 0 0 0 0
4 -2562 7978 -1420 -3570 270 -543
3 0 0 0 0 0 0
3 -502 -12744 -11162 3459 -6580 6426
4 -86 9132 -2996 -3234 7849 -826
1 1352 1526 -6138 13980 -7376 5167
4 0 0 0 0 0 0
2 58 7576 1272 1031 -1992 -843
1 1050 -2022 -8288 18941 -10528 1113
2 0 0 0 0 0 0
4 1500 7874 -1692 -771 1331 675
4 -2900 7548 -738 248 5594 511
1 -856 -9026 -6036 21288 -2282 -1342
3 1588 -6028 -9696 1464 123 1209
3 -1516 -7872 -7448 -7988 -2593 -2937
1 1962 -15514 -8848 16381 5300 -6824
2 0 0 0 0 0 0
2 0 0 0 0 0 0
1 -528 -8736 -5540 3326 -17080 -1918
2 0 0 0 0 0 0
3 -3192 -10062 -6024 -12105 1271 -1248

3 -1068 -7604 -5694 3551 -5305 -1678
1 3358 -7732 -3230 50 -3851 -903
2 538 8260 1682 -98 137 509
4 -1258 7838 -1474 144 421 -311
2 0 0 0 0 0 0
4 0 0 0 0 0 0
1 -402 -7858 -1908 -591 1597 917
3 -1680 -7098 -5294 1699 -2372 -833
2 0 0 0 0 0 0
1 2 -7738 -2760 -424 341 682
3 -1268 -6806 -5312 234 -736 -291
4 0 0 0 0 0 0
2 0 0 0 0 0 0
1 0 0 0 0 0 0
4 0 0 0 0 0 0
2 0 0 0 0 0 0
1 -28 -12808 -9340 -5170 5431 5045
3 0 0 0 0 0 0
2 1198 7686 2136 1803 -1649 -87
2 374 7454 1144 -113 74 -67
1 -3536 -12428 -22148 -32768 6665 7657
1 -3016 -2948 -1520 -32768 20841 3088
4 0 0 0 0 0 0
4 -374 7606 -1292 2851 -1526 -1065
4 -1828 7642 -690 1022 -3812 -1552
3 -3504 -5558 -3274 514 5058 784
3 4066 -15324 -30760 -23916 7681 -2142
3 -4048 -11872 -16394 -32768 22764 -16728
3 -7838 -6414 -5674 -32768 22571 -13483
4 0 0 0 0 0 0
1 234 3766 -4830 -15831 11026 -2271
1 1290 2200 -1172 -4551 -2520 -880
3 -5132 -4242 6798 -23269 2182 -613
2 0 0 0 0 0 0
4 -658 7352 -524 6341 -13708 1559
2 394 8068 1320 1990 -8245 -1133
3 -2542 1908 16078 1575 -1545 3743
1 1856 4098 332 -245 -764 -174
2 -86 7574 1096 968 -4709 -860
1 -1348 7224 6764 6264 -6077 3259
2 140 8536 1016 -806 -2509 -1067
3 -4636 4324 26384 26652 -7286 13395
4 0 0 0 0 0 0
4 0 0 0 0 0 0
1 -2080 20644 21334 6227 -13871 -12273
3 -7210 25502 -6504 14456 -27141 -7858
1 1404 -1130 -4384 -2699 5656 720
2 0 0 0 0 0 0
3 -3676 -2984 4556 -14583 -12046 -13479
2 0 0 0 0 0 0
4 -1988 10356 -1396 540 -7564 6541
4 0 0 0 0 0 0
2 0 0 0 0 0 0
2 742 8798 886 3121 4758 1369
1 6314 7398 7034 -5378 5497 2301
4 -3044 2656 -564 -2557 -3551 4249
1 4520 3540 350 -618 740 2658
4 -4954 10216 -524 -7988 2121 4998
3 -1102 6422 12330 -3160 -4444 -3491
3 -982 1550 1668 -6217 1213 2589
2 0 0 0 0 0 0
1 0 0 0 0 0 0
1 1764 1910 -34 -1645 -7184 4244
4 -4398 9474 -1498 -3849 9184 -2724
4 -1994 9276 -1342 -107 16473 -6592
3 -2572 -2612 480 -9571 -3910 6818
2 0 0 0 0 0 0
3 610 -26 282 3481 -13859 7614
3 1472 -3022 -15276 24601 -32627 8651
1 348 2884 -1066 5572 -12426 7031
1 1028 3164 -3070 19416 -25856 1293
3 -4802 -15536 -19308 28368 -32768 45
2 676 7724 1126 -2089 6301 974
4 -606 8908 1154 246 24711 -1822
4 -2210 8710 -496 492 11460 356
2 1310 8294 1108 -2350 3073 606
4 -620 8712 -908 2653 2735 2123
3 -7034 -11592 -13296 20653 5180 -1447
2 296 8808 1410 -578 1944 398
1 2688 -3768 -5786 29248 -16709 -5609

4 -1168 8004 -1696 -186 218 -66
1 -296 -7696 -2914 52 -76 -83
2 740 8154 1250 204 186 -128
3 -1662 -6628 -5114 374 -612 -391
1 -440 -7822 -2810 28 -67 -45
4 -1074 7954 -1552 208 433 -239
3 -1660 -6608 -5066 226 -280 -88
2 0 0 0 0 0 0
1 0 0 0 0 0 0
3 -1570 -6612 -5122 43 -192 56
1 -3288 -9972 -9966 -9462 7325 4176
3 0 0 0 0 0 0
4 0 0 0 0 0 0
4 0 0 0 0 0 0
4 0 0 0 0 0 0
3 -618 -9172 -12884 -6375 6421 1278
2 0 0 0 0 0 0
2 0 0 0 0 0 0
2 0 0 0 0 0 0
2 0 0 0 0 0 0
1 1334 -8638 -15240 -24009 9678 -437
1 1742 -3634 -7786 -25027 9600 -4240
1 1140 366 -4964 -14882 4651 -1383
3 1136 -8382 -17948 -23495 11404 -1607
3 -2362 -926 -5162 -26878 13746 -4270
2 0 0 0 0 0 0
4 0 0 0 0 0 0
2 0 0 0 0 0 0
4 0 0 0 0 0 0
4 -236 8656 -1662 2538 -2794 946
3 664 3976 910 -20043 10512 -40
4 -614 7646 -962 4443 -5285 831
3 6658 10794 9130 -2909 9614 4604
2 0 0 0 0 0 0
1 2976 3032 -3718 -7961 4158 301
1 3450 6176 -2576 -3930 890 455
3 4116 -2668 6006 25492 -123 11737
3 7086 -820 -3148 -1903 8800 -186
4 0 0 0 0 0 0
1 -11100 4232 6546 7545 96 4295
4 -1366 7438 -630 -841 -10118 3202
1 12 4086 -4764 2533 8344 2242
2 0 0 0 0 0 0
2 12 7610 796 -1713 3405 -265
4 -3062 7554 -870 -4844 -4072 2987
2 0 0 0 0 0 0
3 3882 906 1854 443 -1456 -2852
1 576 408 -2438 -995 6377 3484
4 -2034 8526 -1860 -5306 90 985
2 0 0 0 0 0 0
3 2296 664 -1410 1140 1096 149
1 5720 4756 -138 -1230 1635 2121
1 5298 5514 -1884 200 -4254 -558
4 0 0 0 0 0 0
4 0 0 0 0 0 0
1 0 0 0 0 0 0
2 322 8518 1242 2948 2492 2250
3 818 -36 616 2499 -3237 4008
2 0 0 0 0 0 0
3 138 -2846 -2470 12090 -7155 10740
2 166 7638 1172 732 -132 932
1 1194 3024 -1610 6815 -8259 1832
2 0 0 0 0 0 0
1 188 544 -4040 15557 -10837 1759
4 0 0 0 0 0 0
4 0 0 0 0 0 0
4 0 0 0 0 0 0
3 -1806 -11608 -10920 25518 -25723 11891
3 -14078 -27034 -12420 28126 -32768 -14250
3 924 -14158 -11624 12266 5360 6516
3 144 -4760 -9682 -2509 -4645 525
1 -1886 -4570 -8198 21534 -8220 -2023
1 -3476 -16588 -7034 28117 -9326 -3193
4 0 0 0 0 0 0
2 0 0 0 0 0 0
2 1036 7956 1400 -1584 3202 -465
2 0 0 0 0 0 0
4 -2272 7158 -690 -1428 6049 476
1 4620 -21940 -5998 14282 -32768 -21949
3 0 0 0 0 0 0

4 -1486 7978 -1868 -856 -2012 989
3 -1392 -6928 -5406 1509 -1212 -1374
2 746 8016 1294 742 1105 -156
1 -218 -7562 -3108 -41 119 5
4 -1556 7846 -1602 -477 -1555 601
1 -178 -7654 -3288 50 -328 -166
2 0 0 0 0 0 0
2 0 0 0 0 0 0
3 -1588 -6776 -5414 722 -77 -714
1 0 0 0 0 0 0
3 0 0 0 0 0 0
4 0 0 0 0 0 0
2 0 0 0 0 0 0
1 0 0 0 0 0 0
1 -792 -11836 -11260 -12982 -4064 1096
4 0 0 0 0 0 0
3 3664 -10286 -13544 -7729 8050 -1891
3 1572 -9916 -14942 -19448 12393 -8579
4 0 0 0 0 0 0
4 0 0 0 0 0 0
3 1424 -5720 -10092 -23349 14990 -13420
2 0 0 0 0 0 0
2 0 0 0 0 0 0
1 -1292 -10308 -13638 -29198 5999 1927
2 0 0 0 0 0 0
1 -1526 -1210 -3306 -24831 11524 1793
3 622 -1414 -1746 -16643 13899 -9750
4 0 0 0 0 0 0
4 -1144 7908 -1316 3005 -1947 -391
3 666 2146 1704 -8226 6071 -2394
3 3570 4156 2124 -1858 2519 785
2 0 0 0 0 0 0
4 0 0 0 0 0 0
2 660 8494 1128 2078 -1243 -452
1 112 4178 -1278 -13078 7328 3653
1 5304 6828 -2338 -6054 1771 2360
3 5242 6182 2010 483 624 917
3 0 0 0 0 0 0
1 4562 6884 -2646 -1433 -958 -46
4 0 0 0 0 0 0
4 0 0 0 0 0 0
1 1082 3344 946 6293 -1117 4020
2 0 0 0 0 0 0
2 0 0 0 0 0 0
3 4822 7584 3308 1472 203 1534
3 2078 7708 -1514 -4372 -5303 -8666
4 0 0 0 0 0 0
4 0 0 0 0 0 0
1 -498 -724 870 12532 6261 9272
1 -1158 -2908 -3556 2385 -29944 -12631
2 0 0 0 0 0 0
2 0 0 0 0 0 0
2 -518 8090 924 -582 -341 -512
1 5202 1520 -5154 1127 -1886 291
1 8704 -1520 -6742 -9786 -2008 -1502
3 4332 4478 308 -3259 1514 -1421
4 0 0 0 0 0 0
2 0 0 0 0 0 0
4 0 0 0 0 0 0
3 4090 5408 2992 1886 537 -17
1 0 0 0 0 0 0
4 0 0 0 0 0 0
3 0 0 0 0 0 0
4 0 0 0 0 0 0
1 3864 4586 -1026 -7109 371 -2904
3 3794 4810 1772 3206 -868 1948
3 1672 3118 706 7129 -4431 4997
3 318 1744 -628 13936 -12362 10512
2 768 8592 104 -1474 85 456
1 3580 8610 460 -194 -343 -262
2 0 0 0 0 0 0
1 3464 5200 -960 4654 -2038 -1743
2 0 0 0 0 0 0
2 0 0 0 0 0 0
4 0 0 0 0 0 0
4 0 0 0 0 0 0
2 0 0 0 0 0 0
1 846 1982 -228 13692 -14264 -4535
3 2830 -5458 -7766 20012 -17385 12309
4 0 0 0 0 0 0

2 726 8136 1198 -160 434 -80
3 -1630 -6490 -5026 301 328 187
1 28 -7764 -3040 3 2 29
4 -1110 7922 -1520 -243 -311 -176
1 36 -7796 -2934 55 -5 6
4 0 0 0 0 0 0
3 -1592 -6648 -5182 419 394 188
1 0 0 0 0 0 0
4 0 0 0 0 0 0
2 0 0 0 0 0 0
2 0 0 0 0 0 0
3 0 0 0 0 0 0
1 0 0 0 0 0 0
3 0 0 0 0 0 0
1 0 0 0 0 0 0
4 0 0 0 0 0 0
3 754 -7760 -10298 -1299 7556 1475
4 0 0 0 0 0 0
2 0 0 0 0 0 0
2 0 0 0 0 0 0
2 0 0 0 0 0 0
4 0 0 0 0 0 0
3 2650 -9014 -14316 -14171 8381 -4859
3 1510 -5572 -11346 -17287 13022 -8189
2 0 0 0 0 0 0
4 0 0 0 0 0 0
1 -2072 -9740 -5462 -1878 4924 2044
1 -1072 -10876 -14624 -18212 5601 2394
1 1164 -5288 -10624 -32270 10247 -1336
2 0 0 0 0 0 0
3 1114 -1674 -7370 -15673 11952 -7880
2 0 0 0 0 0 0
3 2372 1160 -2710 -11781 10161 -5015
4 0 0 0 0 0 0
4 0 0 0 0 0 0
1 -430 -274 -4484 -23191 6284 -317
3 2952 3010 486 -6640 5278 -2434
3 3826 4756 1542 -2891 1932 -881
2 0 0 0 0 0 0
4 0 0 0 0 0 0
2 0 0 0 0 0 0
4 0 0 0 0 0 0
1 1522 3842 -2314 -11542 4462 1669
1 2818 3624 -1604 -3549 1222 1562
4 0 0 0 0 0 0
4 0 0 0 0 0 0
2 0 0 0 0 0 0
3 4452 6874 2438 -680 962 813
2 398 7954 1172 90 -863 -704
3 0 0 0 0 0 0
1 4244 4062 -2116 -76 -1056 1178
1 0 0 0 0 0 0
1 0 0 0 0 0 0
4 0 0 0 0 0 0
2 0 0 0 0 0 0
2 0 0 0 0 0 0
3 0 0 0 0 0 0
4 0 0 0 0 0 0
3 4280 7146 4700 1720 -1234 1181
1 0 0 0 0 0 0
3 6008 2724 -1186 7769 -2678 5229
4 0 0 0 0 0 0
3 8070 5112 -5182 -1037 1040 -2713
4 0 0 0 0 0 0
2 264 8422 998 -268 -711 -452
1 4760 5822 -2916 216 -310 -510
2 0 0 0 0 0 0
1 7700 11642 -158 324 2310 960
1 5212 4754 -6492 -403 491 -850
4 0 0 0 0 0 0
4 -786 7948 -2036 -237 1850 369
1 0 0 0 0 0 0
3 7358 5950 1992 -284 252 -78
3 0 0 0 0 0 0
2 0 0 0 0 0 0
2 0 0 0 0 0 0
2 0 0 0 0 0 0
3 5830 4520 -882 -4318 233 -3483
4 0 0 0 0 0 0
1 5202 5172 -3944 245 129 412

2 788 8124 1308 304 413 17
3 -1100 -6606 -5082 -354 -419 -335
1 -96 -7802 -3040 -15 136 12
4 -870 7600 -1650 -539 448 157
1 0 0 0 0 0 0
3 0 0 0 0 0 0
4 0 0 0 0 0 0
2 0 0 0 0 0 0
2 0 0 0 0 0 0
4 0 0 0 0 0 0
3 0 0 0 0 0 0
2 0 0 0 0 0 0
3 0 0 0 0 0 0
2 0 0 0 0 0 0
3 0 0 0 0 0 0
1 0 0 0 0 0 0
4 0 0 0 0 0 0
1 0 0 0 0 0 0
1 0 0 0 0 0 0
2 0 0 0 0 0 0
1 -3118 -9660 -6140 -3730 228 1762
2 0 0 0 0 0 0
1 -2006 -10178 -14260 -20170 1263 2550
4 0 0 0 0 0 0
4 0 0 0 0 0 0
4 0 0 0 0 0 0
3 756 -9182 -15216 -9817 -4000 -2674
3 -4078 -8556 -17710 -26992 4884 -314
3 -3078 -3372 -7182 -26821 16942 318
1 70 -5816 -10806 -26822 9609 385
1 -662 -978 -4238 -21855 7871 -1445
3 -1170 656 -758 -21113 14183 -587
4 0 0 0 0 0 0
4 -676 8230 -1720 1568 -3288 5
2 0 0 0 0 0 0
2 0 0 0 0 0 0
2 0 0 0 0 0 0
3 20 3626 4016 -13432 5802 1309
3 2250 8136 11610 -5072 1479 871
4 -772 7614 -1270 2560 -4465 172
4 0 0 0 0 0 0
1 1010 3342 -2058 -11735 4293 136
1 3122 5616 -1140 -4898 1967 1287
3 -4744 3802 17544 16458 -5490 8681
1 4048 5952 -1798 40 1253 394
4 0 0 0 0 0 0
4 0 0 0 0 0 0
2 0 0 0 0 0 0
2 0 0 0 0 0 0
2 0 0 0 0 0 0
1 -32768 -5808 32767 1364 11754 -20561
3 11180 -24146 -10554 7332 897 -25509
2 380 6792 574 -2149 6093 222
4 -2684 7782 -950 -500 -4953 191
1 -9272 -2190 -5592 5677 -4746 3443
4 0 0 0 0 0 0
2 2006 9228 1540 -718 636 829
3 9296 3136 -566 -9076 4768 -2762
3 4238 2144 2074 -4756 6189 -1065
1 4788 6186 3114 -1258 -96 432
2 0 0 0 0 0 0
3 3552 2276 1994 -3823 3227 -677
1 3310 6954 -2720 2039 -355 470
3 5304 3970 2108 -1689 2101 126
1 0 0 0 0 0 0
4 0 0 0 0 0 0
4 -1882 8556 -2152 -1554 5264 -270
4 0 0 0 0 0 0
4 0 0 0 0 0 0
3 3548 3364 2814 2890 -621 1405
3 3488 1384 -548 9040 -3837 2704
2 0 0 0 0 0 0
1 0 0 0 0 0 0
2 0 0 0 0 0 0
1 0 0 0 0 0 0
2 0 0 0 0 0 0
1 1754 3310 -2154 2787 -4606 1099
2 0 0 0 0 0 0
4 0 0 0 0 0 0
3 3466 2560 -2806 14962 -10326 3926

1 386 -7626 -2766 -498 268 291
3 -1798 -6508 -5162 -44 -152 -76
4 -966 7866 -1548 -106 76 8
2 718 8366 1056 652 105 -63
3 -1788 -6478 -5098 -36 -71 -52
2 0 0 0 0 0 0
1 0 0 0 0 0 0
4 0 0 0 0 0 0
2 0 0 0 0 0 0
3 0 0 0 0 0 0
3 0 0 0 0 0 0
3 3382 -9244 -13956 -1804 10034 3599
2 0 0 0 0 0 0
4 0 0 0 0 0 0
4 0 0 0 0 0 0
1 0 0 0 0 0 0
1 0 0 0 0 0 0
1 0 0 0 0 0 0
4 0 0 0 0 0 0
3 72 -12290 -23156 -23968 8614 -8428
4 0 0 0 0 0 0
3 -5410 -8240 -10726 -29321 17722 -11736
4 0 0 0 0 0 0
2 0 0 0 0 0 0
2 0 0 0 0 0 0
2 0 0 0 0 0 0
1 0 0 0 0 0 0
1 -1990 -11572 -11486 -6843 6318 4379
1 -1692 -10612 -14648 -24779 2862 4026
3 -3296 -2844 -2436 -22167 15040 -8142
3 -1448 946 2454 -12870 7810 -2628
4 -506 7756 -1570 2597 -4732 383
4 0 0 0 0 0 0
2 0 0 0 0 0 0
2 0 0 0 0 0 0
2 0 0 0 0 0 0
1 -964 -3488 -6112 -30123 12884 -1473
1 -598 1744 -2808 -17295 7036 -584
2 622 8224 1160 1687 -2389 -244
4 0 0 0 0 0 0
3 426 3716 4030 -7329 -23 964
4 0 0 0 0 0 0
1 3030 6196 -2080 -6165 452 1089
3 930 7656 13730 -3262 -3740 1936
3 -2514 3270 19104 19172 -8872 9571
1 2926 7538 2852 3017 1385 -171
4 0 0 0 0 0 0
1 0 0 0 0 0 0
2 0 0 0 0 0 0
3 -3068 -1842 -20716 -3656 -16030 -6357
2 0 0 0 0 0 0
1 116 -5194 -8202 -4401 1703 6539
1 5450 4674 208 -7441 -2040 911
3 5832 1264 2936 -10188 1708 -4659
3 1768 1994 4224 -5835 6334 -5229
4 0 0 0 0 0 0
2 2258 7730 656 -2316 6849 820
4 -2338 7420 -1710 -1366 135 -155
2 1330 9552 1400 601 -4787 -1456
4 -1224 8066 -2354 -1000 1660 579
2 186 7866 928 1933 -293 -134
3 -308 5404 7066 -2844 5004 -1460
2 1648 7592 872 -287 2524 653
3 638 6192 7424 942 1255 431
1 4660 8264 -1848 -748 -1511 -260
1 0 0 0 0 0 0
2 0 0 0 0 0 0
3 0 0 0 0 0 0
4 0 0 0 0 0 0
4 -1722 8218 -1524 1456 4854 -1840
4 0 0 0 0 0 0
2 0 0 0 0 0 0
4 -1486 7784 -1116 2156 1826 -762
1 0 0 0 0 0 0
3 0 0 0 0 0 0
1 0 0 0 0 0 0
3 0 0 0 0 0 0
4 0 0 0 0 0 0
2 0 0 0 0 0 0
1 0 0 0 0 0 0

3 -1302 -6670 -4790 -354 182 165
4 -1404 8006 -1504 57 117 116
2 0 0 0 0 0 0
1 0 0 0 0 0 0
3 0 0 0 0 0 0
3 0 0 0 0 0 0
2 0 0 0 0 0 0
1 0 0 0 0 0 0
1 0 0 0 0 0 0
4 0 0 0 0 0 0
4 0 0 0 0 0 0
2 0 0 0 0 0 0
2 0 0 0 0 0 0
2 0 0 0 0 0 0
2 0 0 0 0 0 0
1 0 0 0 0 0 0
1 0 0 0 0 0 0
1 0 0 0 0 0 0
3 0 0 0 0 0 0
3 -1096 -6654 -6884 1020 2145 817
3 6610 -9454 -20760 -9356 8241 -1305
4 0 0 0 0 0 0
4 0 0 0 0 0 0
4 0 0 0 0 0 0
3 -5634 -15088 -19300 -32768 13159 -7890
2 0 0 0 0 0 0
4 0 0 0 0 0 0
1 -372 -9284 -7636 -2805 -256 1460
1 370 -14928 -21672 -29659 4239 3859
3 -3104 -7308 -3720 -27686 16226 -6490
4 -618 8082 -1944 2000 -2964 359
3 -1184 -1760 -700 -16260 9946 -3505
1 -40 -6090 -5664 -31422 8919 -2797
2 0 0 0 0 0 0
2 1076 7498 1076 234 2445 733
4 -1036 7984 -1096 4427 -6544 -340
2 0 0 0 0 0 0
1 462 1370 -1842 -17816 5257 211
2 766 8398 1402 3191 -3459 217
1 1616 5010 -2348 -6093 1046 1540
4 -1400 6636 -852 1980 -5061 683
3 142 3172 2792 -9438 5988 899
4 0 0 0 0 0 0
3 1608 7552 14158 -4050 1314 3126
3 -540 5172 17370 14536 -4168 8144
2 0 0 0 0 0 0
3 30812 2868 -11020 -5008 -23909 -32768
2 0 0 0 0 0 0
1 2146 8084 174 -1035 1211 -834
4 0 0 0 0 0 0
1 -16608 -20042 12686 8374 -31788 -20586
4 -2520 8462 -1686 -1841 -3127 1476
3 8604 -2966 -4034 -14509 5579 -7307
2 566 7024 582 -2679 2916 -875
3 252 1392 7744 -9539 8150 -6364
2 1764 9880 1556 -1751 1163 -283
4 -2078 7772 -1718 -886 -2121 -250
1 -5222 -2452 -5732 9264 4434 8711
4 -2062 7616 -1790 -1781 3461 567
1 5924 4352 -1972 -6673 960 279
1 4958 6200 -3126 -2909 -2229 -948
1 0 0 0 0 0 0
4 0 0 0 0 0 0
4 -1434 8438 -1952 1176 6016 -532
3 -200 4668 6352 -1680 5646 -1348
3 292 7972 6750 1970 1668 859
2 0 0 0 0 0 0
2 1032 7892 1154 840 3419 1076
3 0 0 0 0 0 0
1 0 0 0 0 0 0
2 0 0 0 0 0 0
4 0 0 0 0 0 0
2 894 8200 1046 -1109 3517 713
4 0 0 0 0 0 0
3 0 0 0 0 0 0
1 1330 4978 -2890 4567 372 535
3 0 0 0 0 0 0
4 0 0 0 0 0 0
2 0 0 0 0 0 0
1 2270 6676 -4396 9568 -1373 -43

1 144 -7714 -3104 554 -1350 -317
3 -1342 -6736 -5452 1626 36 -442
4 -1154 7964 -1636 -310 -815 659
2 772 7708 1262 388 311 295
3 0 0 0 0 0 0
1 -56 -7780 -3110 396 -244 -198
4 0 0 0 0 0 0
2 0 0 0 0 0 0
1 0 0 0 0 0 0
1 0 0 0 0 0 0
4 0 0 0 0 0 0
4 0 0 0 0 0 0
2 0 0 0 0 0 0
2 0 0 0 0 0 0
3 0 0 0 0 0 0
3 0 0 0 0 0 0
2 0 0 0 0 0 0
2 0 0 0 0 0 0
1 0 0 0 0 0 0
1 120 -9708 -7946 -5028 -7400 728
4 0 0 0 0 0 0
4 0 0 0 0 0 0
3 -1034 -6282 -5796 902 3300 1134
3 -294 -9136 -14464 -6946 3443 1454
1 -1996 -10140 -10338 -17644 4006 3416
3 -5792 -11372 -18116 -29540 8179 -2385
4 0 0 0 0 0 0
2 0 0 0 0 0 0
1 -48 -4382 -10288 -25691 10660 -163
3 -3514 -4866 -5190 -26544 16965 -2331
4 0 0 0 0 0 0
2 0 0 0 0 0 0
1 -594 586 -4050 -19756 9735 -194
1 842 4472 -3644 -11283 4061 836
3 -1160 428 -790 -20098 10966 928
3 1458 2750 3730 -11751 9290 4873
2 0 0 0 0 0 0
2 0 0 0 0 0 0
4 -972 8312 -1406 3056 -5466 -153
4 0 0 0 0 0 0
1 2360 7012 -3500 -5592 -1440 138
2 0 0 0 0 0 0
4 0 0 0 0 0 0
4 0 0 0 0 0 0
2 0 0 0 0 0 0
3 5820 5132 9712 -3262 8748 2388
1 3608 7222 -2930 -2113 -1531 -475
3 1914 5978 7712 8532 -2962 -1367
3 1044 850 10728 30359 -5024 16794
3 3832 -14128 -16278 -6160 -1072 714
2 0 0 0 0 0 0
2 0 0 0 0 0 0
1 3546 6176 -3202 2887 -2780 -1566
4 0 0 0 0 0 0
1 5354 2444 -10414 7365 4941 2874
4 0 0 0 0 0 0
3 9360 -2726 -1098 -18296 1856 -4008
2 1736 8514 1090 -3593 7922 965
1 8080 4758 -10124 -11204 12260 2370
1 2596 4866 2908 -7755 550 -1813
3 4086 4234 6202 -8429 7432 -2637
4 -3450 7222 -1068 2040 -6683 -897
2 0 0 0 0 0 0
4 -1934 6834 -1484 -1999 5661 665
3 4096 4384 3300 -997 2228 -3290
2 -112 8272 870 -450 1470 250
4 0 0 0 0 0 0
3 3726 3220 2584 1320 -6770 -3562
2 1864 8914 1132 893 546 625
4 -2066 8374 -1822 1023 6183 -1434
1 1608 4778 376 -471 -8 -406
1 2066 5562 -958 5706 -2354 2831
3 366 4382 2932 3652 -12421 -11399
2 0 0 0 0 0 0
2 0 0 0 0 0 0
1 1692 4896 -3304 10049 -1958 3195
1 84 2800 -4706 17082 -14766 2088
3 -2298 3884 1060 12833 1607 -16993
4 0 0 0 0 0 0
4 -1412 7880 -956 2889 3592 -1623

2 1622 8180 1336 -672 4296 161
4 -1152 7836 -1378 -139 354 43
1 -44 -7934 -3062 423 -1144 -55
3 -1724 -6506 -5060 -30 -155 -237
2 0 0 0 0 0 0
1 60 -7636 -3076 46 331 257
3 -1590 -6544 -5106 124 -69 -143
2 0 0 0 0 0 0
2 0 0 0 0 0 0
1 0 0 0 0 0 0
4 -1266 7852 -1470 -107 17 107
4 0 0 0 0 0 0
1 0 0 0 0 0 0
3 0 0 0 0 0 0
4 0 0 0 0 0 0
3 0 0 0 0 0 0
1 170 -8764 -2954 1060 2328 177
1 -1092 -8758 -4830 -2211 4548 950
4 0 0 0 0 0 0
4 0 0 0 0 0 0
2 0 0 0 0 0 0
4 0 0 0 0 0 0
1 -3582 -12034 -13544 -17639 -2392 3479
3 1774 -8300 -15240 -10572 4456 -1469
3 -706 -9360 -18714 -25416 9899 -4475
3 -3804 -4206 -5898 -26139 15650 -4487
2 0 0 0 0 0 0
2 0 0 0 0 0 0
4 -964 8194 -1698 2489 -3588 93
4 -1448 7374 -914 3354 -5571 -228
3 -488 -542 -2100 -19355 14663 -3708
3 -1150 3162 2186 -13149 8985 -8
2 0 0 0 0 0 0
2 1010 7700 1220 145 3044 743
1 426 -6916 -12840 -30605 9324 250
1 -1178 -1126 -3424 -23315 9523 -1844
4 0 0 0 0 0 0
4 -2936 7748 -1944 568 -9743 679
3 394 5108 10018 -5487 1974 3763
3 1664 5274 13366 8156 -1966 7403
2 0 0 0 0 0 0
1 1316 3032 -3656 -9142 3322 531
2 0 0 0 0 0 0
1 3716 5522 -2308 -3907 1963 -124
4 -3432 7130 -1822 137 -4291 160
4 -2488 7316 -1574 -1111 -676 1031
3 4184 -6750 2330 32767 -4849 21184
3 10744 -380 -5862 -9612 4838 -4643
3 3564 992 2380 -9155 5363 -5991
2 524 7510 1198 576 -256 -527
2 640 7372 962 -2551 1947 -948
2 2264 8932 1230 -2072 2213 56
3 2498 3716 4866 -3565 4315 -2572
4 -3086 7464 -1700 -3529 3126 1752
2 0 0 0 0 0 0
4 0 0 0 0 0 0
1 1922 8620 1704 6234 -3563 -391
1 616 -3704 -4144 9076 -9609 2381
1 4292 -72 -4910 -10820 5164 1355
1 3034 3910 204 -6024 -2468 1163
2 0 0 0 0 0 0
1 844 6834 1078 6389 -5297 3181
3 0 0 0 0 0 0
4 0 0 0 0 0 0
3 900 4662 4026 8258 386 2903
2 0 0 0 0 0 0
1 3058 5760 -1260 18568 -11333 2966
4 0 0 0 0 0 0
2 728 8190 1022 -1813 5663 679
3 1190 3858 1110 13957 -4284 5686
4 0 0 0 0 0 0
2 0 0 0 0 0 0
4 0 0 0 0 0 0
1 160 -1238 -5198 26197 -11961 -4931
1 692 -10916 -5922 29154 -8949 -7858
3 3474 1256 -5234 16256 -7015 6735
3 2492 -1812 -9174 17927 -11008 7656
1 -852 -23246 -7168 25512 -26576 -12458
2 0 0 0 0 0 0
4 0 0 0 0 0 0

3 -1510 -6514 -5170 750 58 -427
4 -1000 7812 -1680 -340 2 -8
2 790 8258 1108 -336 1178 -207
1 512 -7756 -3392 621 -153 -251
3 -1552 -6464 -5184 458 -121 -697
3 0 0 0 0 0 0
4 0 0 0 0 0 0
4 0 0 0 0 0 0
2 0 0 0 0 0 0
2 0 0 0 0 0 0
1 652 -7724 -3232 -295 -1067 -101
1 296 -7782 -2940 -446 -1396 -93
3 0 0 0 0 0 0
4 0 0 0 0 0 0
2 0 0 0 0 0 0
3 0 0 0 0 0 0
1 0 0 0 0 0 0
4 0 0 0 0 0 0
2 0 0 0 0 0 0
3 3446 -9296 -16052 -9504 3887 1047
2 0 0 0 0 0 0
3 -1260 -9494 -18700 -29756 8558 -2094
2 0 0 0 0 0 0
1 -1500 -10074 -9402 -8379 5430 2795
1 1260 -8238 -12084 -21321 16111 2195
1 3264 -4016 -8602 -22690 6442 -3719
4 0 0 0 0 0 0
4 0 0 0 0 0 0
3 -1620 -2910 -3316 -27382 17385 -4359
3 -904 2156 446 -16700 11100 -2532
2 0 0 0 0 0 0
2 520 8334 1328 1921 -2875 -190
4 0 0 0 0 0 0
4 -346 8194 -1880 3197 -4134 -282
1 2260 128 -4118 -16131 3191 -2658
1 2556 3078 -3738 -7823 3109 -785
3 900 6312 2796 -7032 6275 2723
2 0 0 0 0 0 0
4 0 0 0 0 0 0
2 0 0 0 0 0 0
4 -1254 7872 -1624 204 -3188 1159
3 922 7208 10690 2744 2634 5983
1 3582 4570 -4172 -3212 2002 -285
1 3632 3916 -5096 -1825 -190 -619
3 1662 36 5334 23623 -1446 17287
3 -7190 -4862 -11988 -14514 -15265 -13049
4 0 0 0 0 0 0
2 0 0 0 0 0 0
4 -2164 7502 -1102 1117 -6863 1083
2 -138 8302 934 -2874 4392 -314
1 4130 10378 -372 -719 627 -1996
1 -4388 2682 -820 9577 -28836 -2341
4 -3286 7158 -874 -1934 -2114 853
3 5166 1106 1496 -13615 1982 -6941
1 5528 2264 -6858 -9825 9100 4411
3 4488 3332 4752 -3870 2457 -1938
1 4090 6526 1044 -591 -185 -440
2 0 0 0 0 0 0
2 1636 8366 1166 1820 -6844 -1313
4 0 0 0 0 0 0
3 4270 4372 3416 1534 2493 749
3 0 0 0 0 0 0
4 -2546 8644 -2070 -1313 1357 -108
4 0 0 0 0 0 0
1 0 0 0 0 0 0
2 -112 8146 1170 2073 874 1647
1 0 0 0 0 0 0
2 1160 8570 1196 2504 -227 1055
3 0 0 0 0 0 0
1 0 0 0 0 0 0
3 0 0 0 0 0 0
1 2890 4512 -2338 2748 -2163 917
4 0 0 0 0 0 0
2 -20 7900 1232 1832 198 101
4 0 0 0 0 0 0
2 0 0 0 0 0 0
2 1162 8118 1432 326 2214 -332
4 0 0 0 0 0 0
1 1198 2956 -2470 8218 -7224 3829
3 0 0 0 0 0 0

1 -20 -7790 -2818 17 -133 23
3 -1766 -6536 -4898 374 -177 -414
4 -1260 7914 -1628 -240 231 64
2 942 8106 1252 285 373 -38
1 -2 -7798 -2844 41 -141 6
3 0 0 0 0 0 0
4 0 0 0 0 0 0
2 0 0 0 0 0 0
1 0 0 0 0 0 0
2 0 0 0 0 0 0
2 0 0 0 0 0 0
2 0 0 0 0 0 0
4 0 0 0 0 0 0
4 0 0 0 0 0 0
4 0 0 0 0 0 0
1 0 0 0 0 0 0
1 0 0 0 0 0 0
3 0 0 0 0 0 0
3 0 0 0 0 0 0
3 0 0 0 0 0 0
2 0 0 0 0 0 0
4 0 0 0 0 0 0
4 0 0 0 0 0 0
2 0 0 0 0 0 0
1 0 0 0 0 0 0
1 0 0 0 0 0 0
3 -188 -6732 -10218 -3410 527 736
3 -2258 -9882 -18608 -18463 -1970 73
1 0 0 0 0 0 0
3 -5218 -7290 -12356 -30664 7911 3524
2 0 0 0 0 0 0
4 0 0 0 0 0 0
3 -1696 -2110 -1816 -26791 16335 2196
1 0 0 0 0 0 0
2 0 0 0 0 0 0
4 0 0 0 0 0 0
2 0 0 0 0 0 0
1 0 0 0 0 0 0
3 -412 1864 1716 -15885 9719 1208
1 3674 -17000 -32732 -22543 2879 6129
3 1534 3860 2792 -6484 3450 2244
2 0 0 0 0 0 0
4 -1136 7728 -1470 1493 -4103 310
4 0 0 0 0 0 0
3 3058 6224 2904 -1721 -653 839
2 850 7020 1000 -270 3330 661
2 0 0 0 0 0 0
3 0 0 0 0 0 0
4 0 0 0 0 0 0
4 0 0 0 0 0 0
1 -108 -10778 -8396 -32768 11304 -1073
1 -2170 -2686 2406 -24905 4595 -1420
3 4474 11220 10600 507 -1059 3460
2 354 8604 1374 3181 -4437 -634
4 0 0 0 0 0 0
1 -970 3514 -648 -5609 655 2322
2 570 7850 1296 2659 -1144 -169
1 408 10540 4388 5374 1107 4632
4 0 0 0 0 0 0
3 810 6662 16380 14193 -1808 7848
3 32767 28786 -588 -9590 16848 4270
2 160 8010 1306 -779 -1009 -696
3 6366 1484 -916 -534 249 -2824
2 644 8160 600 -2418 2533 -999
4 -788 8708 -1826 2821 -3743 580
4 0 0 0 0 0 0
1 7432 32767 -2448 -10969 18922 -6419
1 -988 -3354 -5304 -5142 6725 6374
2 0 0 0 0 0 0
3 0 0 0 0 0 0
4 0 0 0 0 0 0
4 0 0 0 0 0 0
2 0 0 0 0 0 0
3 0 0 0 0 0 0
1 3636 5200 1918 -1304 -939 -18
1 2998 4700 -2638 1730 36 276
2 0 0 0 0 0 0
3 3112 2546 1984 552 90 230
1 0 0 0 0 0 0
4 0 0 0 0 0 0

3 -1570 -6674 -5054 126 -72 13
4 -1050 8042 -1448 -219 141 94
1 166 -7842 -2994 362 -608 -317
2 0 0 0 0 0 0
3 0 0 0 0 0 0
4 0 0 0 0 0 0
1 0 0 0 0 0 0
2 0 0 0 0 0 0
3 0 0 0 0 0 0
4 0 0 0 0 0 0
4 0 0 0 0 0 0
4 0 0 0 0 0 0
1 0 0 0 0 0 0
1 0 0 0 0 0 0
1 0 0 0 0 0 0
3 0 0 0 0 0 0
2 0 0 0 0 0 0
3 0 0 0 0 0 0
2 0 0 0 0 0 0
2 0 0 0 0 0 0
1 0 0 0 0 0 0
3 0 0 0 0 0 0
4 0 0 0 0 0 0
2 0 0 0 0 0 0
2 0 0 0 0 0 0
1 0 0 0 0 0 0
4 0 0 0 0 0 0
3 0 0 0 0 0 0
1 0 0 0 0 0 0
3 0 0 0 0 0 0
2 0 0 0 0 0 0
3 1466 -6942 -10146 -892 1122 780
1 -16 -7846 -3300 -65 2044 571
4 0 0 0 0 0 0
2 0 0 0 0 0 0
4 0 0 0 0 0 0
4 0 0 0 0 0 0
2 0 0 0 0 0 0
1 200 -9994 -11922 -7110 7350 3803
1 1980 -16396 -24638 -32768 10032 1823
4 -36 7854 -2508 29 2493 1141
3 2784 -15496 -26622 -22362 2243 -6685
3 -9736 -14152 -9242 -32768 14704 -6428
2 0 0 0 0 0 0
1 632 -7774 -1938 -32768 10723 -7026
3 -7498 -6080 1922 -29243 16420 -3381
4 118 8468 -1912 4800 -5777 1026
3 -1178 7984 19704 -13234 -879 7200
1 -1154 1868 -658 -12077 5614 -2730
4 0 0 0 0 0 0
2 0 0 0 0 0 0
2 1044 8400 1240 48 -3126 -244
4 -1328 5856 -700 1951 -2692 31
2 0 0 0 0 0 0
2 0 0 0 0 0 0
1 -818 5384 -1036 -1879 -113 1277
1 32767 -28332 -32768 -16026 17656 9421
3 -862 7240 11022 16888 -6374 9909
3 32767 -13754 25632 6971 2117 32767
4 178 6766 -1894 -2367 -5311 3779
1 -4462 -6566 -11492 524 8825 8538
4 -1784 9162 -1900 -3310 -12832 2033
1 3192 4606 4256 -6233 -17 -1352
2 0 0 0 0 0 0
3 6392 -9066 -9402 -13483 9083 -2938
3 2648 1222 11696 -14822 12767 -5168
2 596 8694 1188 510 -3894 -1605
4 -2524 7598 -1634 -4959 3214 3211
2 836 8418 1126 188 4740 447
3 1684 13834 12704 562 4084 -1160
2 1788 8410 1284 1525 411 -276
3 2322 7386 6446 3352 1379 1771
1 2136 5992 1588 147 -488 -768
4 -2756 9804 -2322 -4167 869 1345
1 1774 4078 -1346 3265 -2607 44
4 -250 7966 -3176 -1823 5335 2010
2 0 0 0 0 0 0
1 -762 1040 -3184 6831 -6009 1870
4 0 0 0 0 0 0
3 0 0 0 0 0 0

4 -1116 7918 -1450 -319 -28 -65
4 0 0 0 0 0 0
3 -1784 -6568 -5190 -235 54 196
1 102 -7732 -2736 -130 253 133
4 0 0 0 0 0 0
1 182 -7796 -2666 52 48 -61
3 0 0 0 0 0 0
2 0 0 0 0 0 0
3 0 0 0 0 0 0
2 0 0 0 0 0 0
4 0 0 0 0 0 0
4 0 0 0 0 0 0
2 0 0 0 0 0 0
1 0 0 0 0 0 0
3 0 0 0 0 0 0
1 0 0 0 0 0 0
2 0 0 0 0 0 0
2 0 0 0 0 0 0
3 0 0 0 0 0 0
3 0 0 0 0 0 0
4 0 0 0 0 0 0
4 0 0 0 0 0 0
4 0 0 0 0 0 0
1 1494 -8958 -8424 -5131 -140 1788
1 -4936 -12240 -12104 -17054 -12847 11485
1 -7886 -7810 -2366 -15047 1650 18448
4 0 0 0 0 0 0
2 0 0 0 0 0 0
2 0 0 0 0 0 0
1 -918 -1642 -2516 -14576 17803 12273
3 0 0 0 0 0 0
3 0 0 0 0 0 0
2 0 0 0 0 0 0
2 0 0 0 0 0 0
1 194 2126 -3702 -7449 6246 5508
1 1382 4852 -4150 -3358 6335 3082
3 -1774 -11032 -21658 -21954 -2089 -3630
3 -4814 -7714 -8142 -32768 10998 -3286
4 0 0 0 0 0 0
4 0 0 0 0 0 0
2 0 0 0 0 0 0
1 3294 6040 -5376 -1909 5221 742
1 3154 6356 -4854 -1310 650 -122
2 0 0 0 0 0 0
3 -3390 -2224 -924 -23583 16534 -2797
3 -2204 3424 1140 -13704 7015 -365
4 -944 7844 -1460 2248 -2942 250
4 0 0 0 0 0 0
4 0 0 0 0 0 0
4 0 0 0 0 0 0
3 -454 7126 6252 -6002 -2129 2536
3 0 0 0 0 0 0
2 0 0 0 0 0 0
1 2910 7624 -3650 -1409 3805 -248
2 0 0 0 0 0 0
1 5612 15218 -698 -4946 9172 -415
1 -692 6456 5222 23999 -5782 9365
2 0 0 0 0 0 0
2 840 8464 1540 2297 -7401 -582
3 8828 9084 16012 18601 -2765 9252
1 8766 -8808 -5128 -17833 17889 -328
3 -3214 -6576 -9228 5320 -8510 -5823
4 0 0 0 0 0 0
4 0 0 0 0 0 0
4 -1672 6836 -1762 -1346 607 1173
2 0 0 0 0 0 0
3 4732 -1514 -370 -9755 8912 2624
3 4512 2800 4452 -1577 2352 2869
1 1158 3960 1368 -5476 4239 40
1 510 5740 650 -781 1913 221
2 0 0 0 0 0 0
4 0 0 0 0 0 0
1 0 0 0 0 0 0
4 -1872 8032 -1648 -741 4418 -1452
3 0 0 0 0 0 0
2 1566 9126 1242 -1183 -155 -1138
2 1790 8260 1240 1026 6894 1370
1 0 0 0 0 0 0
3 4886 6734 434 5832 1540 458
2 2328 6950 1162 1352 4032 1630

3 -1656 -6458 -5248 -163 -89 14
4 -1128 7894 -1380 -65 15 -27
2 798 8080 1188 -518 253 -177
1 128 -7952 -2760 -208 122 90
4 0 0 0 0 0 0
2 0 0 0 0 0 0
2 0 0 0 0 0 0
3 0 0 0 0 0 0
3 0 0 0 0 0 0
1 0 0 0 0 0 0
4 0 0 0 0 0 0
3 0 0 0 0 0 0
3 0 0 0 0 0 0
4 0 0 0 0 0 0
3 0 0 0 0 0 0
2 0 0 0 0 0 0
1 0 0 0 0 0 0
1 0 0 0 0 0 0
2 0 0 0 0 0 0
2 0 0 0 0 0 0
4 0 0 0 0 0 0
1 0 0 0 0 0 0
4 0 0 0 0 0 0
2 728 8174 1440 810 2963 -89
1 5416 -8998 -15080 -2744 20023 2501
2 0 0 0 0 0 0
1 -3574 -28896 -25708 -32768 -3891 3162
2 0 0 0 0 0 0
1 -4214 -14374 7690 -32768 13134 -11326
1 604 1228 466 -3688 5171 4365
3 0 0 0 0 0 0
4 0 0 0 0 0 0
3 7800 -13044 -13050 -2754 4074 377
4 0 0 0 0 0 0
3 6580 1382 -826 -26925 15916 4746
4 -792 2174 -960 6564 -8707 -2285
2 0 0 0 0 0 0
2 0 0 0 0 0 0
1 2200 7028 -5440 -738 -760 -2068
1 3092 7158 -4244 -175 -13 1423
4 0 0 0 0 0 0
4 -2282 9112 -1164 -1040 -11738 1683
3 -4726 -1356 -10598 -26871 11074 4338
3 -3152 2634 -718 -16033 12144 4181
1 0 0 0 0 0 0
1 0 0 0 0 0 0
2 0 0 0 0 0 0
3 1580 4046 -984 -7899 1094 1721
2 0 0 0 0 0 0
3 2084 7132 -1440 -3077 2986 302
4 -222 8380 -2118 -1282 -3444 2384
4 -2290 7116 -980 397 -4616 -171
2 0 0 0 0 0 0
2 1746 8288 1858 2958 -3491 428
4 0 0 0 0 0 0
4 0 0 0 0 0 0
1 -46 11514 -208 -1076 -2810 2844
3 -8402 13170 7206 -8180 -2025 3701
1 3616 13508 1244 2174 1254 6478
3 -2104 9324 16924 6329 -7706 11045
3 2804 -6206 -2728 -10178 -5935 -9451
3 -820 2938 10816 837 7372 2576
4 -1892 6078 -810 4401 -2564 -1626
4 0 0 0 0 0 0
2 -194 8394 2462 4737 -8479 267
2 -250 6526 12 -2519 1347 514
1 4154 -8228 10068 6763 -5917 4027
1 5412 -7862 -9318 -7441 12867 6898
2 0 0 0 0 0 0
1 6768 7188 -2670 947 -816 -314
1 0 0 0 0 0 0
3 7504 12508 -7788 4580 -643 31
4 -1926 8576 -1294 -9330 9162 2847
4 0 0 0 0 0 0
2 0 0 0 0 0 0
3 6028 6982 542 2796 2459 -523
4 -1472 8798 -1538 5141 3841 676
3 -92 -1250 532 8886 -1934 477
2 0 0 0 0 0 0
1 0 0 0 0 0 0

4 -1142 7946 -1466 -238 103 19
3 -1530 -6710 -4982 122 -51 -39
2 658 8156 1662 358 497 -80
1 458 -7774 -2828 319 -454 12
3 -1474 -6640 -5060 0 -24 1
4 -1062 7846 -1558 -205 179 -25
4 0 0 0 0 0 0
2 0 0 0 0 0 0
1 0 0 0 0 0 0
1 0 0 0 0 0 0
2 0 0 0 0 0 0
3 0 0 0 0 0 0
4 0 0 0 0 0 0
2 0 0 0 0 0 0
2 0 0 0 0 0 0
3 0 0 0 0 0 0
4 -138 11202 -8890 5122 -1032 -251
1 0 0 0 0 0 0
2 318 11880 -2588 5330 13080 2567
2 14972 17202 -6182 19860 11004 18476
3 0 0 0 0 0 0
3 0 0 0 0 0 0
3 -966 -6658 -5224 -647 -863 -1363
1 0 0 0 0 0 0
1 0 0 0 0 0 0
1 0 0 0 0 0 0
4 1122 19160 -16934 25099 5198 8088
4 -746 10322 -6278 29508 8944 12880
4 -1728 2272 -950 19566 3859 8022
4 -1370 -3074 -210 10713 -302 1656
1 0 0 0 0 0 0
3 -1436 -6740 -4832 -2504 -2729 -2140
3 0 0 0 0 0 0
1 0 0 0 0 0 0
2 5284 11188 -3600 22055 168 21385
2 2172 2872 -1364 16453 4151 20356
1 0 0 0 0 0 0
3 0 0 0 0 0 0
2 500 -2012 -1230 7442 1613 10468
3 0 0 0 0 0 0
1 0 0 0 0 0 0
2 1878 -5562 -2614 3121 -946 3104
4 -170 -8718 2008 4083 -1991 -1795
4 -74 -12838 2048 -5170 -4629 -7660
3 0 0 0 0 0 0
2 1120 -10162 -2430 2374 331 -1498
2 -2900 -13672 -4546 -2594 -29101 -6856
4 446 5414 766 -19326 9704 -16525
4 150 4780 316 10869 -23962 4214
1 0 0 0 0 0 0
3 -2082 -6874 -5076 -2963 -7225 -3521
1 0 0 0 0 0 0
2 4234 2036 -6144 6905 5139 -1932
4 4910 -2774 -3366 13042 1269 8149
2 2230 -6238 3456 3834 -1485 770
4 2050 -6752 1892 7728 4019 5316
3 -3186 -6052 -4418 -738 -3188 -350
1 0 0 0 0 0 0
3 0 0 0 0 0 0
1 944 -7598 -2340 -1329 -5393 310
4 790 -6490 2206 581 1338 2040
1 414 -7348 -2974 -283 176 390
2 0 0 0 0 0 0
4 0 0 0 0 0 0
1 504 -7778 -3500 -520 -2248 298
3 0 0 0 0 0 0
2 1330 -1260 -1196 -8898 -2857 -11489
3 0 0 0 0 0 0
2 3492 2372 -1992 -20371 -4086 -18807
3 0 0 0 0 0 0
2 3826 9602 -2290 -26160 -2797 -22011
3 0 0 0 0 0 0
4 36 -1852 622 -7977 -506 -3365
1 0 0 0 0 0 0
4 -2174 1740 -982 -16599 -7392 -7552
1 0 0 0 0 0 0
4 -1426 4182 -9508 -25926 -15107 -9210
3 0 0 0 0 0 0
1 -140 -7612 -3810 627 4694 317
2 2068 24082 68 -23929 -3169 -17686

3 -1570 -6570 -4948 -309 -142 -522
2 532 8182 800 35 701 -240
4 -1254 7776 -1822 29 659 -9
1 0 0 0 0 0 0
2 884 7944 878 293 852 -206
4 -1344 7712 -1674 -32 759 -167
1 0 0 0 0 0 0
3 0 0 0 0 0 0
3 0 0 0 0 0 0
3 0 0 0 0 0 0
2 716 8260 772 -461 144 140
2 0 0 0 0 0 0
1 0 0 0 0 0 0
1 0 0 0 0 0 0
4 0 0 0 0 0 0
4 0 0 0 0 0 0
3 0 0 0 0 0 0
1 0 0 0 0 0 0
4 1670 11562 -12508 5312 11223 1062
4 1314 20928 -15122 28311 2982 9764
4 158 11120 -3452 31138 6746 13707
3 0 0 0 0 0 0
3 0 0 0 0 0 0
1 0 0 0 0 0 0
1 0 0 0 0 0 0
2 0 0 0 0 0 0
2 0 0 0 0 0 0
2 3176 17278 -4436 10450 10303 2519
2 11696 18456 -10662 26083 -47 20365
3 -1426 -6774 -4750 -2699 -3454 -2245
2 -1578 7578 -4500 26881 9628 28419
3 -2016 -6192 -4412 -1104 -2731 -1584
1 0 0 0 0 0 0
1 0 0 0 0 0 0
4 -1352 976 920 20248 2706 8277
4 -1812 -5538 992 9658 1970 1880
1 0 0 0 0 0 0
3 0 0 0 0 0 0
2 -1448 466 -1680 16599 4520 20750
4 -338 -9420 3244 2307 -304 -1887
3 0 0 0 0 0 0
1 4 -8106 -2352 -1393 -6110 -529
2 -3258 -6148 2288 6372 -4025 5302
4 0 0 0 0 0 0
4 1362 -7336 860 -12095 -452 -4844
3 0 0 0 0 0 0
3 0 0 0 0 0 0
2 -10268 -10196 4864 -2847 -6610 -8384
2 32767 16662 13878 -10136 -5656 -18782
4 28432 -8604 -8112 7741 -10056 5347
1 -414 -7824 -2368 -602 -4302 -644
1 0 0 0 0 0 0
2 7804 1302 -824 3274 2250 -3214
2 5308 -4628 2022 2729 1683 2515
1 0 0 0 0 0 0
1 -1178 -8332 -3532 1400 -1865 -1761
4 -362 -5528 -2962 -1555 801 -120
4 0 0 0 0 0 0
3 -2584 -6258 -4866 712 -225 602
3 0 0 0 0 0 0
3 0 0 0 0 0 0
4 3660 -5968 -1842 7643 -25674 -4753
1 0 0 0 0 0 0
4 -434 -10790 786 4197 -18097 766
1 0 0 0 0 0 0
3 -1796 -6808 -5410 1115 4078 2235
1 0 0 0 0 0 0
4 48 -10470 -2512 1362 -5681 4693
2 0 0 0 0 0 0
2 0 0 0 0 0 0
2 -224 -2558 -384 -5680 -3967 -563
2 -1820 -2434 242 -18228 -7471 -10086
4 -2256 -8516 -2420 -873 836 4510
1 0 0 0 0 0 0
3 0 0 0 0 0 0
3 0 0 0 0 0 0
2 -698 6654 -1190 -32768 -6803 -18089
3 0 0 0 0 0 0
4 -4536 -5280 588 -5708 8635 5427
1 164 -7592 -2818 -469 5533 1445

1 -668 -7716 -3284 332 -2644 169
4 -4908 4536 -1990 -269 -6367 -198
3 -928 -6098 -5382 977 4322 3103
2 -136 8516 948 -1422 890 241
4 -1498 8400 -3182 -3670 9179 -888
2 1054 7956 780 -113 579 12
1 0 0 0 0 0 0
3 0 0 0 0 0 0
1 0 0 0 0 0 0
4 -990 8286 -1528 1717 1186 -1854
2 0 0 0 0 0 0
3 0 0 0 0 0 0
1 0 0 0 0 0 0
3 -3048 -6110 -4350 589 2719 549
4 -570 7496 -2340 459 883 -297
1 0 0 0 0 0 0
3 0 0 0 0 0 0
2 0 0 0 0 0 0
4 0 0 0 0 0 0
2 0 0 0 0 0 0
1 0 0 0 0 0 0
2 0 0 0 0 0 0
1 0 0 0 0 0 0
4 0 0 0 0 0 0
4 -2604 12468 -10934 12406 -5993 2879
2 2084 10624 -1718 6568 2637 2340
3 0 0 0 0 0 0
3 0 0 0 0 0 0
2 5120 11190 -4430 11754 4133 7872
4 -5394 12896 -14876 28981 4848 6676
4 -3808 5200 -3428 30971 10330 7030
3 0 0 0 0 0 0
1 0 0 0 0 0 0
1 0 0 0 0 0 0
2 8530 9102 -6232 14944 3993 14653
3 0 0 0 0 0 0
2 5544 3766 -3608 14273 4381 17153
4 -2138 -776 280 21015 3477 4117
2 4356 12 -3192 10096 -303 14310
3 -1176 -6802 -5206 -408 -2344 -2267
3 0 0 0 0 0 0
1 0 0 0 0 0 0
1 0 0 0 0 0 0
4 -628 -5346 2100 9800 -72 -854
3 0 0 0 0 0 0
3 -1908 -6500 -4982 -74 -2792 -1645
2 1210 -3798 -2638 6590 -232 7920
2 244 -8032 -2968 4087 -1692 1675
4 668 -8896 3298 2232 -3592 -1430
4 500 -11074 3362 -3772 -6302 -3338
1 0 0 0 0 0 0
1 0 0 0 0 0 0
1 0 0 0 0 0 0
4 -644 -8192 5638 -14038 -1700 -8062
2 0 0 0 0 0 0
4 -13510 -3928 -2216 -3011 -12877 -59
1 0 0 0 0 0 0
2 10668 -15344 -14138 2990 -29063 5000
2 -822 -1514 -494 -2051 9475 -6813
4 4622 -282 -5470 8551 2781 1430
1 0 0 0 0 0 0
3 0 0 0 0 0 0
3 -2902 -7336 -5336 887 -2996 -1760
3 0 0 0 0 0 0
3 0 0 0 0 0 0
2 8284 -176 800 1962 -2139 -1459
4 0 0 0 0 0 0
1 -120 -8492 -3416 -270 748 -651
2 7460 -3934 -124 -164 -3285 2482
2 0 0 0 0 0 0
3 -1504 -7166 -6018 2742 4713 1120
1 140 -8520 -3116 -2156 -3805 969
4 1178 -9618 2398 1733 2405 1490
4 0 0 0 0 0 0
3 -1748 -6664 -5278 -1297 2410 175
1 0 0 0 0 0 0
1 0 0 0 0 0 0
4 1436 -3748 -622 -5581 696 -2273
3 0 0 0 0 0 0
2 2406 -5424 -3670 -6865 -1055 -2776

3 -1744 -6584 -4766 455 252 295
1 0 0 0 0 0 0
2 402 7574 1514 1111 721 681
4 -1124 7884 -1704 -697 176 131
2 0 0 0 0 0 0
1 0 0 0 0 0 0
4 -1190 7928 -1730 -330 -141 128
3 0 0 0 0 0 0
2 0 0 0 0 0 0
1 0 0 0 0 0 0
2 0 0 0 0 0 0
1 0 0 0 0 0 0
3 0 0 0 0 0 0
3 0 0 0 0 0 0
4 0 0 0 0 0 0
4 224 9118 -3808 1722 -1960 -554
4 2274 13446 -13112 14387 798 2064
4 566 16978 -14394 32422 2521 11151
2 7080 13776 -4988 9440 9014 7470
3 0 0 0 0 0 0
1 -1060 -7424 -2998 1721 -4917 -1971
2 8838 12966 -4646 16173 -612 15838
2 4914 7656 -3610 15800 3477 20002
4 -2556 8262 -2528 30440 6247 12902
3 0 0 0 0 0 0
3 0 0 0 0 0 0
1 0 0 0 0 0 0
1 0 0 0 0 0 0
1 0 0 0 0 0 0
2 4602 1276 -2690 12497 3526 17485
3 -1896 -6756 -4404 -3563 -4626 -2708
1 0 0 0 0 0 0
4 -3760 652 714 18583 -746 4042
3 -2254 -5994 -4218 -177 -1240 -708
2 2870 -1904 -2142 7966 1708 10728
4 -3056 -5672 1928 8147 -1644 -1344
1 436 -7606 -2856 -792 -2619 -567
1 0 0 0 0 0 0
2 3278 -4678 -2362 4800 805 5670
2 1286 -7694 -1368 3136 -1901 2177
4 -1354 -8844 2588 1886 -6414 -2806
3 0 0 0 0 0 0
4 0 0 0 0 0 0
3 -1628 -6774 -5174 -784 -3694 -1744
1 0 0 0 0 0 0
3 0 0 0 0 0 0
4 -702 -8814 2328 -11622 682 -8569
2 0 0 0 0 0 0
2 -32768 -21116 32767 -17682 -13232 -22005
1 0 0 0 0 0 0
4 30248 -9970 -27820 -1754 923 -627
3 0 0 0 0 0 0
4 2016 -3658 -6762 6220 5790 -421
1 0 0 0 0 0 0
1 296 -8758 -2684 -1378 -5574 -246
2 4572 4856 -2298 -718 3043 -7875
2 7704 -4684 3812 1822 -5028 4757
4 0 0 0 0 0 0
3 -2896 -6560 -5052 1922 -1410 -339
3 -986 -6538 -5864 3218 4013 1672
3 0 0 0 0 0 0
3 0 0 0 0 0 0
2 4328 -8154 -820 -1398 -1837 2316
2 5632 -5078 -1988 -829 798 -199
4 1838 -8150 1310 2382 1282 2120
4 1952 -7938 242 -775 1916 526
1 -964 -6978 -3466 -1155 -1610 1175
1 0 0 0 0 0 0
2 0 0 0 0 0 0
3 0 0 0 0 0 0
4 0 0 0 0 0 0
2 0 0 0 0 0 0
1 -86 -7892 -3332 179 102 -389
3 0 0 0 0 0 0
4 0 0 0 0 0 0
1 0 0 0 0 0 0
3 0 0 0 0 0 0
1 0 0 0 0 0 0
2 -360 -760 -606 -5484 -6205 -7152
4 0 0 0 0 0 0

3 -1830 -6616 -4948 310 -477 -609
4 -1060 7800 -1586 -274 467 145
1 0 0 0 0 0 0
2 482 8100 940 220 -162 -167
3 0 0 0 0 0 0
3 0 0 0 0 0 0
1 0 0 0 0 0 0
2 0 0 0 0 0 0
2 0 0 0 0 0 0
4 0 0 0 0 0 0
4 0 0 0 0 0 0
3 0 0 0 0 0 0
3 0 0 0 0 0 0
1 0 0 0 0 0 0
2 0 0 0 0 0 0
2 0 0 0 0 0 0
1 0 0 0 0 0 0
1 0 0 0 0 0 0
4 0 0 0 0 0 0
4 892 11776 -9910 8021 1333 432
4 -20 14524 -13200 27842 4326 3826
3 0 0 0 0 0 0
4 128 6560 -5216 27556 7998 9244
3 0 0 0 0 0 0
3 -1460 -7132 -5098 -2440 -2170 -1664
4 98 1900 -3640 20299 4616 8183
2 380 10296 -994 2171 3883 621
2 8164 13682 -4174 13725 9282 8536
2 6846 12148 -5034 17478 2545 15299
2 3620 6716 -3960 16777 5332 21501
4 -1140 -3700 -160 13918 3060 3546
3 0 0 0 0 0 0
1 0 0 0 0 0 0
1 0 0 0 0 0 0
1 0 0 0 0 0 0
1 0 0 0 0 0 0
1 0 0 0 0 0 0
2 3458 690 -2416 10481 4895 22297
3 0 0 0 0 0 0
2 -514 -3542 -1906 7320 -268 13173
3 0 0 0 0 0 0
4 -808 -6506 1556 7968 -283 591
4 232 -8740 2762 3087 -2414 -429
1 0 0 0 0 0 0
3 0 0 0 0 0 0
2 -1924 -8032 -120 5240 -2025 3659
1 0 0 0 0 0 0
2 -2680 -10788 1676 632 -3675 -3505
1 0 0 0 0 0 0
4 0 0 0 0 0 0
3 0 0 0 0 0 0
4 624 -9834 5430 -10351 -1645 -6040
3 0 0 0 0 0 0
2 -7886 -3650 2746 -8120 7215 -21996
3 0 0 0 0 0 0
2 11156 -4152 -2558 1724 9653 7120
4 -938 -548 612 -20650 706 -8932
1 0 0 0 0 0 0
4 -3314 -5248 2044 -1825 -2883 120
1 0 0 0 0 0 0
1 0 0 0 0 0 0
1 0 0 0 0 0 0
3 -2276 -5854 -4378 1441 3056 1597
2 2874 -5388 540 1053 284 -360
3 -1514 -6738 -5284 1523 1718 628
2 1232 -6770 -374 -854 2119 -526
4 2184 -3782 -3206 -2760 2215 -1103
4 0 0 0 0 0 0
4 6030 -4724 -4650 4642 1625 1429
4 0 0 0 0 0 0
3 0 0 0 0 0 0
3 0 0 0 0 0 0
2 2266 -6840 812 -1258 1383 -5681
2 0 0 0 0 0 0
1 0 0 0 0 0 0
1 0 0 0 0 0 0
1 0 0 0 0 0 0
4 6880 -9452 -2182 -1857 1988 -2727
3 -1974 -6502 -4526 -527 1251 292
2 6396 -292 -6 1238 -6038 -4301

4 -942 7830 -1620 31 340 -69
3 -1620 -6624 -4788 -11 -125 -257
1 0 0 0 0 0 0
2 1068 8194 870 -755 755 -692
1 0 0 0 0 0 0
3 0 0 0 0 0 0
3 0 0 0 0 0 0
1 0 0 0 0 0 0
2 0 0 0 0 0 0
2 1286 8432 762 -159 337 -221
4 0 0 0 0 0 0
4 0 0 0 0 0 0
4 0 0 0 0 0 0
1 0 0 0 0 0 0
4 36 11772 -14848 11974 6948 539
3 0 0 0 0 0 0
1 0 0 0 0 0 0
2 0 0 0 0 0 0
3 0 0 0 0 0 0
4 1134 16580 -13890 32323 6357 8543
1 0 0 0 0 0 0
4 -342 8244 -1794 28022 5044 12983
3 0 0 0 0 0 0
1 0 0 0 0 0 0
2 0 0 0 0 0 0
3 -1158 -6986 -5260 -1998 -1119 -997
2 964 10878 -710 3146 5819 1227
2 6744 13694 -4060 13762 1147 9333
4 -1988 466 1328 16380 723 6310
2 7220 12266 -6136 17986 475 17707
2 4230 3344 -2484 17020 9448 27051
3 -1700 -6670 -4252 -4287 -3497 -1465
4 -2372 -6802 1114 5878 -181 782
3 -1756 -5728 -3920 -563 -1942 -1019
1 0 0 0 0 0 0
1 0 0 0 0 0 0
2 484 444 -2256 9740 679 18381
2 -1304 -4690 -1426 5797 144 6446
3 0 0 0 0 0 0
3 0 0 0 0 0 0
1 0 0 0 0 0 0
4 -1484 -9940 994 760 -2560 -2157
4 0 0 0 0 0 0
1 104 -7672 -2826 -1218 -3093 -70
2 -4448 -9888 -164 2812 -4159 -4366
2 -9452 -6706 2560 -4642 3445 -20571
3 0 0 0 0 0 0
3 0 0 0 0 0 0
2 -2860 -3190 4420 348 7022 -6740
4 0 0 0 0 0 0
4 -506 -484 1582 -20094 5001 -9745
4 78 7876 -2174 9299 2968 4820
1 -138 -7698 -2490 -928 -5199 -441
1 0 0 0 0 0 0
1 0 0 0 0 0 0
2 11728 -2382 2580 4559 801 5032
4 878 -7864 -836 7531 6557 3076
1 0 0 0 0 0 0
3 0 0 0 0 0 0
3 -2414 -6074 -4710 1781 3083 2284
2 4926 -6606 862 -643 -2509 4365
4 370 -10742 132 1336 1753 1573
4 1172 -9410 -1168 -1076 1531 329
2 5780 -5512 -600 21 381 3255
1 -730 -7718 -3584 314 737 -71
1 0 0 0 0 0 0
3 0 0 0 0 0 0
3 -1502 -7098 -5912 935 2574 464
3 0 0 0 0 0 0
1 0 0 0 0 0 0
3 0 0 0 0 0 0
1 0 0 0 0 0 0
4 0 0 0 0 0 0
2 0 0 0 0 0 0
4 0 0 0 0 0 0
2 0 0 0 0 0 0
4 0 0 0 0 0 0
2 0 0 0 0 0 0
1 0 0 0 0 0 0
3 0 0 0 0 0 0

4 0 0 0 0 0 0
3 -1746 -6644 -5052 -259 -547 -224
2 816 8170 460 -392 19 -382
1 -132 -7782 -3054 -4 366 89
2 0 0 0 0 0 0
3 0 0 0 0 0 0
4 0 0 0 0 0 0
1 0 0 0 0 0 0
1 0 0 0 0 0 0
3 0 0 0 0 0 0
2 0 0 0 0 0 0
3 0 0 0 0 0 0
2 0 0 0 0 0 0
4 0 0 0 0 0 0
4 0 0 0 0 0 0
4 0 0 0 0 0 0
1 0 0 0 0 0 0
3 0 0 0 0 0 0
4 0 0 0 0 0 0
4 0 0 0 0 0 0
1 0 0 0 0 0 0
1 0 0 0 0 0 0
2 0 0 0 0 0 0
3 0 0 0 0 0 0
2 1184 11110 -658 2153 1732 174
2 7038 14116 -660 12267 16395 6479
2 9276 12800 -7374 13479 2193 12442
3 0 0 0 0 0 0
3 0 0 0 0 0 0
4 9266 11570 -9446 4535 2596 4498
4 7002 19660 -19290 24341 -3242 12577
1 0 0 0 0 0 0
1 0 0 0 0 0 0
1 0 0 0 0 0 0
4 -2902 15278 -12730 29219 2524 13483
2 3998 6732 -6694 12774 11971 26502
4 -3908 6900 -2116 16057 3085 9935
3 0 0 0 0 0 0
2 3730 -670 -3846 8371 6907 27809
3 -844 -6672 -4758 -2456 -5317 -3857
1 -186 -7832 -3010 -911 -2139 -55
3 0 0 0 0 0 0
1 0 0 0 0 0 0
1 0 0 0 0 0 0
2 -1032 -2098 -872 5974 1135 16506
2 802 -4904 928 4247 -5181 6295
3 -2196 -6592 -4998 -786 -2821 -1390
4 -3124 1958 282 5328 -570 4969
4 -3438 -4922 2780 5884 -5380 -1022
3 0 0 0 0 0 0
4 -528 -8286 1834 308 -1677 -3500
2 -1452 -8088 1806 2870 -5904 264
2 462 -10478 2700 -853 -768 -4130
4 0 0 0 0 0 0
1 0 0 0 0 0 0
1 0 0 0 0 0 0
3 0 0 0 0 0 0
2 -5942 -11712 6554 -8976 4525 -9252
2 3570 -7894 2966 -3637 -13105 -17747
3 0 0 0 0 0 0
1 0 0 0 0 0 0
3 0 0 0 0 0 0
1 0 0 0 0 0 0
4 -162 -3372 -1582 -9581 -5020 -6963
4 8188 -6512 -2572 1130 28234 -1728
1 -1106 -7978 -3742 1707 -1081 -941
2 7002 436 4564 9521 -11917 13145
1 -556 -7530 -4008 1123 6456 -39
2 -1044 -3430 3750 9180 3751 9280
4 3272 -5056 -8260 7898 1650 635
3 -1036 -4498 -4320 6664 4637 175
4 3200 -5916 78 4370 7500 1237
3 -1032 -6614 -5226 3171 -2341 -3885
2 -4128 -4002 5074 6796 310 3052
1 -310 -8014 -3940 48 3788 236
1 -112 -8658 -3666 -1765 5524 1392
4 1698 -7838 1550 1396 2538 1596
2 -3290 -6618 4568 1888 1239 -1505
3 -3784 -6026 -5722 -1671 -3781 -1882
3 0 0 0 0 0 0

2 868 7996 830 -287 806 -315
3 -1786 -6558 -4842 297 -479 -126
4 118 7978 -2040 -232 1648 -169
1 -104 -7472 -2720 76 -948 49
3 0 0 0 0 0 0
1 0 0 0 0 0 0
4 0 0 0 0 0 0
2 1008 8294 784 -495 562 -148
1 0 0 0 0 0 0
1 0 0 0 0 0 0
4 0 0 0 0 0 0
4 0 0 0 0 0 0
1 0 0 0 0 0 0
4 92 8046 -2450 -24 4569 343
2 0 0 0 0 0 0
3 0 0 0 0 0 0
3 0 0 0 0 0 0
2 0 0 0 0 0 0
2 0 0 0 0 0 0
3 0 0 0 0 0 0
3 0 0 0 0 0 0
3 0 0 0 0 0 0
2 0 0 0 0 0 0
2 0 0 0 0 0 0
1 0 0 0 0 0 0
4 0 0 0 0 0 0
1 0 0 0 0 0 0
4 2670 9950 -7998 5355 -1436 -694
2 282 9854 -822 2476 3409 -364
4 2692 13048 -13150 17227 2193 6240
2 1490 11578 -2576 9714 7319 4321
4 -736 8172 -7678 19690 5410 7038
1 0 0 0 0 0 0
3 0 0 0 0 0 0
1 0 0 0 0 0 0
3 0 0 0 0 0 0
1 0 0 0 0 0 0
4 -1870 3732 -3906 17837 6945 6453
1 0 0 0 0 0 0
4 -2064 1128 -690 11734 572 2824
3 -1166 -7116 -5480 -1190 -2653 -1722
2 5606 11040 -5232 15099 4081 11600
3 0 0 0 0 0 0
2 4692 5112 -4194 15581 3719 15842
3 0 0 0 0 0 0
4 1712 -7188 -184 1944 -1506 -1094
4 3536 -9394 -9534 -964 -9058 1129
2 4742 766 -3668 12794 1129 14401
3 0 0 0 0 0 0
2 -320 -6046 -4270 8329 -1211 6837
1 0 0 0 0 0 0
1 0 0 0 0 0 0
1 0 0 0 0 0 0
3 -22 -6274 -4250 -1224 -3022 -5245
1 0 0 0 0 0 0
2 -4652 -3528 -3014 1021 5294 -11360
2 32767 -25822 -13582 16416 -7703 7807
3 -1740 -6596 -3830 169 -8611 -7499
4 504 -6928 -7466 6396 -2509 -671
4 -19576 -6018 -3538 1376 -24537 3380
4 298 -1040 -3230 -1256 9096 -8785
4 0 0 0 0 0 0
2 4520 -2202 -764 -2505 -8972 -3309
2 10602 -518 -3130 -318 -7693 3541
1 0 0 0 0 0 0
3 -2394 -3340 -4210 8615 -442 -1261
1 0 0 0 0 0 0
3 1060 -8956 -7590 9152 4946 1708
3 -2396 -7080 -6730 -798 536 2566
1 1318 -7626 -3514 -520 -1184 -271
2 5746 -3676 -3016 587 -429 4242
4 0 0 0 0 0 0
1 1462 -7398 -3426 -1924 2302 718
4 0 0 0 0 0 0
2 4312 -2622 -2988 720 243 2671
3 -776 -7346 -5482 -3795 6871 4551
3 -1534 -7984 -5108 -5128 3991 2089
4 0 0 0 0 0 0
1 0 0 0 0 0 0
2 0 0 0 0 0 0

3 -1666 -6604 -4802 -186 -54 -165
1 154 -7678 -2986 29 -69 20
4 -520 8310 -2916 1120 1818 -494
2 780 8240 984 265 309 -76
1 0 0 0 0 0 0
2 0 0 0 0 0 0
4 0 0 0 0 0 0
3 -1766 -6616 -4772 7 -74 -284
2 0 0 0 0 0 0
1 0 0 0 0 0 0
4 0 0 0 0 0 0
3 0 0 0 0 0 0
1 0 0 0 0 0 0
1 0 0 0 0 0 0
2 0 0 0 0 0 0
2 0 0 0 0 0 0
4 -1356 6572 -1580 1019 13 -11
4 0 0 0 0 0 0
3 0 0 0 0 0 0
3 0 0 0 0 0 0
1 0 0 0 0 0 0
2 782 9408 -742 3288 3498 -37
4 1140 10950 -11350 8794 2994 1776
1 0 0 0 0 0 0
2 2162 12030 -858 8558 12622 3585
4 808 12086 -12862 24657 3623 6145
3 0 0 0 0 0 0
3 0 0 0 0 0 0
3 0 0 0 0 0 0
4 532 2382 -3488 24467 7785 9084
2 0 0 0 0 0 0
3 -1604 -6818 -5076 -1385 -1672 -1394
2 4274 6750 -4584 11907 1772 18556
1 752 -7574 -3150 -543 2615 -280
4 -2186 -2400 -906 16324 3308 6020
1 0 0 0 0 0 0
3 0 0 0 0 0 0
1 1362 -7564 -2872 232 712 -1467
3 0 0 0 0 0 0
1 0 0 0 0 0 0
2 2884 -1570 -3998 9979 4854 21920
4 -1904 -6034 110 7781 668 1116
2 3222 -4252 -4200 6926 843 15311
4 -88 -8672 110 1889 -1875 -1318
2 600 -6704 -2532 5486 -4229 5446
4 0 0 0 0 0 0
3 0 0 0 0 0 0
1 1940 -8032 -2286 -346 -2384 -954
4 -106 -11578 1010 -9411 204 -7009
2 -2642 -10072 1850 726 -2284 -3309
1 1952 -7778 -2066 -327 -4952 -1437
3 0 0 0 0 0 0
3 0 0 0 0 0 0
2 6438 -3282 32767 -15120 16849 10857
3 0 0 0 0 0 0
2 5828 2418 -3850 2950 5069 4136
4 32767 -26324 -78 3311 -26751 701
4 2666 -2392 -4376 4901 5951 -862
1 0 0 0 0 0 0
1 0 0 0 0 0 0
2 2306 -6742 368 2972 874 2020
1 0 0 0 0 0 0
1 1700 -7492 -4182 1674 1219 105
2 3228 -6172 -158 317 18 -620
4 2970 -2782 -1916 4625 3154 1389
3 0 0 0 0 0 0
4 1610 -3074 1054 519 -1590 619
3 0 0 0 0 0 0
1 0 0 0 0 0 0
1 0 0 0 0 0 0
3 0 0 0 0 0 0
2 0 0 0 0 0 0
4 552 -3440 408 -8670 -4029 -3181
2 2610 -2446 -280 -354 -553 -5875
4 2782 356 -7696 -19518 -7739 -7035
3 0 0 0 0 0 0
1 0 0 0 0 0 0
2 1106 -2294 -830 -5951 -4084 -13239
3 0 0 0 0 0 0
4 2984 4884 -14676 -19664 -4383 -5046

2 720 8208 1152 -317 502 -305
3 -1706 -6300 -4850 -130 141 305
1 162 -7754 -3000 397 -714 -348
4 -758 7586 -1584 -353 1510 -589
2 812 8254 1168 -51 280 -281
2 0 0 0 0 0 0
3 0 0 0 0 0 0
1 0 0 0 0 0 0
4 -530 8056 -1842 -1307 568 257
2 0 0 0 0 0 0
2 0 0 0 0 0 0
4 0 0 0 0 0 0
1 0 0 0 0 0 0
3 0 0 0 0 0 0
1 0 0 0 0 0 0
3 0 0 0 0 0 0
4 0 0 0 0 0 0
3 0 0 0 0 0 0
3 0 0 0 0 0 0
3 0 0 0 0 0 0
4 0 0 0 0 0 0
4 -708 11034 -9330 4128 -219 -791
4 -112 17504 -17712 26881 5256 -885
2 0 0 0 0 0 0
2 0 0 0 0 0 0
1 0 0 0 0 0 0
1 0 0 0 0 0 0
1 0 0 0 0 0 0
4 -834 10422 -6276 31716 9865 6826
4 -1052 1352 -1994 21928 6918 6077
3 -1068 -7060 -5682 2296 2704 -362
3 -604 -7348 -5072 -2983 -1456 -2188
1 0 0 0 0 0 0
1 0 0 0 0 0 0
2 1934 9286 712 2014 1732 687
2 6314 13798 -3832 13313 7341 9403
3 -1584 -6398 -4370 -5536 -4819 -2498
3 -1368 -5590 -4274 -1239 -2017 -1266
1 316 -7730 -3054 248 2998 609
4 -1108 -2776 -118 10869 3752 1510
2 9954 15060 -8862 21177 -2023 19481
2 2046 3234 -2808 21277 6641 28336
4 -600 -3988 102 4159 285 -343
1 0 0 0 0 0 0
3 0 0 0 0 0 0
1 0 0 0 0 0 0
4 410 -7942 -500 1963 -1617 -1232
1 1780 -8230 -2318 -2145 -3456 -2315
4 0 0 0 0 0 0
3 0 0 0 0 0 0
2 -726 172 -2994 13270 -701 17782
2 426 -4102 -384 8255 -3809 6442
4 1892 -9434 2006 -2793 -139 -4090
4 1000 -8126 2188 -12308 646 -7383
1 0 0 0 0 0 0
3 0 0 0 0 0 0
1 920 -7030 -2524 540 -3455 -2407
2 -1902 -7068 1192 3145 -5397 -644
3 -1698 -7038 -5368 -707 -5786 -3428
2 -4320 -13002 3294 -3767 501 -7793
2 26808 -32768 -32768 15503 -9086 14601
4 -1064 -5868 2412 -2942 -10798 1375
2 2844 -448 -684 6485 4529 6998
4 3988 3832 -6858 3094 -7505 5276
3 0 0 0 0 0 0
3 -2082 -4562 -4608 1100 -1506 -1037
1 0 0 0 0 0 0
1 0 0 0 0 0 0
1 0 0 0 0 0 0
3 0 0 0 0 0 0
4 0 0 0 0 0 0
1 0 0 0 0 0 0
4 1182 -4024 2386 3508 1853 -1112
3 -2594 -7106 -5804 683 3125 3016
2 -1728 -7704 2582 3430 -1646 3308
2 14 -6898 1772 348 403 -1160
2 0 0 0 0 0 0
3 -370 -6908 -5070 957 7615 3698
4 2300 -4054 980 -217 -2555 -2017
1 0 0 0 0 0 0

3 -1474 -6754 -5072 127 -357 -265
2 0 0 0 0 0 0
1 -310 -8046 -2818 889 -1117 -712
4 -816 7816 -1444 -197 111 197
4 0 0 0 0 0 0
1 0 0 0 0 0 0
1 0 0 0 0 0 0
2 0 0 0 0 0 0
2 0 0 0 0 0 0
3 -1434 -6722 -5172 -195 -200 -222
3 0 0 0 0 0 0
4 0 0 0 0 0 0
3 0 0 0 0 0 0
1 0 0 0 0 0 0
2 0 0 0 0 0 0
2 0 0 0 0 0 0
4 0 0 0 0 0 0
3 0 0 0 0 0 0
4 662 10284 -6680 3823 -4790 -496
1 0 0 0 0 0 0
2 -152 8296 1214 691 4702 264
3 0 0 0 0 0 0
3 0 0 0 0 0 0
1 0 0 0 0 0 0
4 440 14136 -14074 18383 6066 2844
1 0 0 0 0 0 0
4 -1976 10946 -9204 28952 7010 6644
2 4534 9446 892 2182 15330 4926
3 0 0 0 0 0 0
4 -844 3138 -2472 24131 5208 7700
4 -1374 -2006 -568 15083 1010 3534
3 0 0 0 0 0 0
2 10222 12480 -1036 8470 2005 10098
1 0 0 0 0 0 0
2 10276 15668 -8712 15803 -2043 24835
1 0 0 0 0 0 0
4 692 -5834 -72 8478 -2551 -744
1 0 0 0 0 0 0
1 1098 -8230 -2688 -2526 -4657 -1505
4 1470 -8318 924 4134 -977 -702
2 4148 5400 -3590 17301 5942 30594
3 0 0 0 0 0 0
2 -120 -632 -1114 11501 -770 18263
3 0 0 0 0 0 0
1 836 -8060 -2358 -3598 -7866 -1405
2 1046 -4336 834 6009 -5149 7048
1 0 0 0 0 0 0
2 -858 -8202 1654 842 -2322 1074
4 0 0 0 0 0 0
3 0 0 0 0 0 0
4 132 -11500 3120 -4679 -1702 -5672
3 0 0 0 0 0 0
4 8146 -8282 1522 -19900 8780 -8320
1 0 0 0 0 0 0
4 -3636 1706 -1524 -862 -2627 1994
2 -7222 -10030 4850 -6481 5000 -11722
1 0 0 0 0 0 0
3 0 0 0 0 0 0
3 -2024 -7294 -5036 -3332 -5962 -3365
2 4278 -2454 -1798 -5525 -22170 -11350
2 1646 -5734 1298 7539 -2106 8302
3 0 0 0 0 0 0
3 -2456 -6404 -5022 3725 3033 1414
2 -102 -7064 3422 614 -739 194
4 1440 250 -4598 5711 -726 3477
1 0 0 0 0 0 0
4 0 0 0 0 0 0
1 -136 -7146 -4792 3507 400 -2066
4 3150 -5200 2840 3485 3504 -3026
2 0 0 0 0 0 0
3 0 0 0 0 0 0
2 0 0 0 0 0 0
3 -1516 -6604 -5496 -11 2172 1574
4 3752 -2222 2460 -380 -430 -2299
1 804 -7962 -4738 357 2726 474
1 800 -8252 -4070 -2932 937 2786
1 732 -7598 -3472 -3769 2732 3887
2 0 0 0 0 0 0
3 0 0 0 0 0 0
4 1116 -2076 1670 -8381 -8299 -839

1 314 -7988 -2884 353 782 54
4 -896 7840 -1718 -155 149 -57
2 638 8200 1052 -196 -313 -129
3 -1668 -6618 -4992 -14 3 -28
4 -916 7950 -1700 -200 221 -34
1 0 0 0 0 0 0
1 0 0 0 0 0 0
2 0 0 0 0 0 0
3 0 0 0 0 0 0
3 0 0 0 0 0 0
2 0 0 0 0 0 0
2 0 0 0 0 0 0
2 1442 10940 -3408 5181 -3159 -2091
1 0 0 0 0 0 0
1 0 0 0 0 0 0
3 0 0 0 0 0 0
3 0 0 0 0 0 0
4 0 0 0 0 0 0
4 0 0 0 0 0 0
4 0 0 0 0 0 0
3 0 0 0 0 0 0
4 -1714 8248 -3258 -924 7260 -69
2 -1104 14400 -5612 14312 3580 -2644
1 0 0 0 0 0 0
2 2782 12018 -4880 19311 21473 8597
4 2726 12164 -10740 10646 2803 808
3 0 0 0 0 0 0
1 0 0 0 0 0 0
3 0 0 0 0 0 0
1 0 0 0 0 0 0
1 470 -7646 -2518 136 -3067 -2382
4 1382 14394 -11588 25278 284 7522
4 -848 4942 -3698 25197 3219 8411
3 0 0 0 0 0 0
2 0 0 0 0 0 0
2 4188 -86 -2042 12124 11990 21366
4 -1106 -402 -2022 15350 2454 3439
2 1914 -2664 -1728 6470 1353 13780
3 -1104 -6950 -5048 -2054 -1369 -1483
4 -124 -6100 -2500 7109 1237 -846
1 0 0 0 0 0 0
1 844 -7594 -2176 1718 -4732 -2797
2 552 -4844 -630 3814 -2650 6365
3 0 0 0 0 0 0
1 0 0 0 0 0 0
1 0 0 0 0 0 0
3 0 0 0 0 0 0
4 746 -11120 -2372 4284 1019 -2415
4 3328 -14250 -456 -282 -420 -2700
3 0 0 0 0 0 0
2 -332 -7128 378 1700 -2615 549
2 -3182 -9066 3184 -3494 -3704 -6952
4 -32768 15088 -5200 583 -4764 16057
4 4566 750 -12032 9068 5317 4256
2 32767 -32768 22090 17717 32767 32767
2 5332 9160 -4504 8459 -6835 558
1 320 -7976 -3374 2476 -2838 -655
3 -1192 -6898 -5226 2079 -3618 -3131
1 750 -6034 -4114 1236 892 49
3 -2414 -6064 -5102 1549 -3020 -1139
2 -1232 -5578 4080 5903 -4113 3582
4 0 0 0 0 0 0
4 -598 -4376 4358 4314 2822 900
1 0 0 0 0 0 0
3 0 0 0 0 0 0
3 0 0 0 0 0 0
2 302 -4848 2704 556 -1928 -1493
1 710 -8098 -3872 -1299 3701 1829
4 90 -6540 3354 48 3394 45
2 2626 -3934 784 -2049 58 -5122
1 0 0 0 0 0 0
1 532 -7500 -2952 -1799 2391 87
4 -46 -6284 2398 -3920 1900 -1869
2 3392 -1794 -140 -6698 -695 -9707
3 -1550 -6918 -5362 -970 4273 3062
3 0 0 0 0 0 0
3 0 0 0 0 0 0
2 3268 1984 -1706 -18972 -6119 -15272
4 1512 -6078 72 -6490 912 -2447
1 0 0 0 0 0 0

1 52 -7956 -2780 -833 890 1310
2 1062 7870 702 -185 7 -387
1 0 0 0 0 0 0
3 -1534 -6696 -4922 37 14 -153
4 -994 7774 -1824 -132 100 65
2 1090 8460 434 110 1298 -269
4 -1014 7852 -1900 -146 107 71
2 0 0 0 0 0 0
3 0 0 0 0 0 0
1 0 0 0 0 0 0
1 0 0 0 0 0 0
1 0 0 0 0 0 0
3 0 0 0 0 0 0
3 0 0 0 0 0 0
1 0 0 0 0 0 0
2 0 0 0 0 0 0
2 0 0 0 0 0 0
4 0 0 0 0 0 0
4 0 0 0 0 0 0
3 0 0 0 0 0 0
2 0 0 0 0 0 0
4 1256 8240 -3272 1700 -5126 1065
1 0 0 0 0 0 0
2 -232 11314 -1604 2955 5115 548
3 0 0 0 0 0 0
4 -4300 9944 -4880 11122 -22396 -1941
1 0 0 0 0 0 0
2 12362 11624 -210 10953 25868 14848
3 0 0 0 0 0 0
4 -5582 11006 -11368 17989 705 -3102
1 0 0 0 0 0 0
3 0 0 0 0 0 0
4 -6426 6580 -8660 24673 4573 -4861
1 0 0 0 0 0 0
2 12466 12814 322 3549 1972 22519
2 14006 5816 -9842 9389 4043 29918
3 0 0 0 0 0 0
4 -3520 580 -2700 21652 4680 -3594
2 2630 1626 -4140 11439 251 21184
1 554 -8056 -2802 -339 -2734 -932
3 -906 -6888 -5122 -1539 -1926 -2162
1 950 -7912 -2600 -1936 -6190 -631
2 850 -860 182 8300 -5709 9905
3 0 0 0 0 0 0
4 -2268 -3990 -1304 11810 -1701 -4392
1 0 0 0 0 0 0
3 0 0 0 0 0 0
2 1308 -4706 1658 5510 -4209 3796
2 -2916 -7090 3254 950 -5819 -2004
3 0 0 0 0 0 0
1 424 -7418 -2672 236 -4583 -1326
4 -1814 -9144 -2110 4040 -3112 -3720
4 0 0 0 0 0 0
2 32767 1576 32767 -5170 32767 23199
4 -4428 -2582 2552 -16164 7475 -9395
2 19440 8234 -10998 7658 6444 1697
4 -14136 120 -9984 1792 -11960 2057
2 -3606 -7510 7990 5310 -5608 3289
4 768 1630 -2556 22549 -4033 305
2 478 -4074 4042 93 -118 384
4 2328 -5116 2902 8409 5933 1452
3 -912 -6648 -5266 165 -5479 -4011
1 0 0 0 0 0 0
3 -2654 -6846 -4740 -2081 -9866 -4063
1 0 0 0 0 0 0
3 -3164 -5468 -4634 4262 920 786
1 0 0 0 0 0 0
3 -654 -7444 -6700 4914 2685 881
1 74 -7456 -3790 -30 1117 -384
3 -2200 -6968 -6324 -461 1182 1195
4 942 -7036 5314 2316 4975 -475
2 0 0 0 0 0 0
4 0 0 0 0 0 0
2 3028 -7368 2000 -2729 -316 535
3 -1004 -7018 -5292 -1306 5387 2199
1 0 0 0 0 0 0
1 0 0 0 0 0 0
3 0 0 0 0 0 0
4 0 0 0 0 0 0
4 0 0 0 0 0 0

2 0 0 0 0 0 0
1 520 -7860 -3426 611 1965 110
3 -2578 -5864 -4462 1341 -1123 -997
4 -786 7796 -1626 -391 525 -459
2 0 0 0 0 0 0
3 -1722 -6668 -5218 1201 -4173 -1173
1 0 0 0 0 0 0
1 0 0 0 0 0 0
2 0 0 0 0 0 0
4 0 0 0 0 0 0
2 0 0 0 0 0 0
3 -1890 -6584 -5412 200 -2851 778
1 0 0 0 0 0 0
3 1530 -7898 -6144 1079 5671 2497
4 -1078 7830 -1560 -2391 -1035 499
4 0 0 0 0 0 0
3 414 -7082 -4850 -1197 2258 719
2 0 0 0 0 0 0
2 2146 9424 -738 1819 -2126 -1025
3 0 0 0 0 0 0
4 -890 8536 -2196 -1641 470 861
4 0 0 0 0 0 0
1 0 0 0 0 0 0
1 0 0 0 0 0 0
3 0 0 0 0 0 0
3 0 0 0 0 0 0
2 2238 11028 -3986 9563 -9566 -4387
2 -4738 10342 -4816 16198 -26322 -14689
2 -11326 9062 -828 16960 23758 -7517
4 0 0 0 0 0 0
1 0 0 0 0 0 0
4 0 0 0 0 0 0
4 444 16540 -16038 16708 6774 -264
1 562 -7752 -3402 806 1899 -350
1 0 0 0 0 0 0
1 0 0 0 0 0 0
2 6112 2596 -7198 20761 30000 13016
3 0 0 0 0 0 0
3 0 0 0 0 0 0
4 2594 11470 -9450 32767 6077 11058
3 -610 -6986 -5394 -691 -2432 -2401
2 3044 -1088 -4096 14935 8017 9174
2 2682 -3790 -2364 9101 6127 6707
3 -1144 -6836 -4708 -3021 -3425 -2906
4 -378 2658 -1802 24383 2527 9091
4 -3168 -1346 -2540 13503 939 1432
1 0 0 0 0 0 0
1 900 -7364 -2570 -1486 -3618 -899
1 0 0 0 0 0 0
2 2020 -5024 -1756 4641 576 1586
3 0 0 0 0 0 0
4 -636 -7328 -1440 7655 -303 -4755
1 0 0 0 0 0 0
4 1620 -12798 4018 -777 -984 -4730
3 0 0 0 0 0 0
1 0 0 0 0 0 0
2 2558 -8322 30 2118 741 -1514
2 -6136 -11234 8768 -13126 15919 -18711
4 32767 32767 -32768 12113 6882 14829
3 0 0 0 0 0 0
3 0 0 0 0 0 0
2 -11104 1262 -3492 5072 -11858 -3332
2 -950 -4440 2830 6229 3292 5415
4 -12268 -1840 1490 -11701 9364 -874
1 0 0 0 0 0 0
1 0 0 0 0 0 0
1 298 -7504 -4012 73 -2416 -210
1 0 0 0 0 0 0
3 -1478 -4768 -4260 5999 2659 590
3 -2530 -7170 -6048 3860 -820 -319
3 -2384 -7482 -6270 -767 4391 4049
2 232 -6624 2958 1008 -979 799
2 0 0 0 0 0 0
4 2452 -592 -3906 6646 -4033 3867
4 0 0 0 0 0 0
4 1846 -3184 474 2899 1072 -914
2 2832 -4420 452 -1700 -308 -3792
4 0 0 0 0 0 0
3 0 0 0 0 0 0
1 0 0 0 0 0 0

4 -776 7742 -1758 -267 401 117
2 618 7902 1094 -1773 750 -517
1 -598 -7770 -2082 450 -5694 -918
3 -1278 -6794 -5058 12 -398 -198
3 -1490 -6606 -4972 -217 -385 -333
2 0 0 0 0 0 0
1 418 -8048 -2782 346 -546 -481
4 0 0 0 0 0 0
3 0 0 0 0 0 0
3 0 0 0 0 0 0
4 0 0 0 0 0 0
1 0 0 0 0 0 0
3 0 0 0 0 0 0
1 0 0 0 0 0 0
4 0 0 0 0 0 0
2 0 0 0 0 0 0
2 0 0 0 0 0 0
4 -1170 8256 -3152 -78 3779 378
4 3814 12454 -11900 10979 4044 3697
4 3824 14856 -12022 25688 1417 12192
3 0 0 0 0 0 0
1 0 0 0 0 0 0
3 0 0 0 0 0 0
1 0 0 0 0 0 0
1 0 0 0 0 0 0
2 0 0 0 0 0 0
2 0 0 0 0 0 0
2 0 0 0 0 0 0
2 0 0 0 0 0 0
4 438 7810 -4022 26013 1980 15591
1 0 0 0 0 0 0
4 -1878 -876 -118 15852 1850 7337
1 0 0 0 0 0 0
3 0 0 0 0 0 0
3 -1454 -6692 -4768 -2514 -2654 -1896
2 0 0 0 0 0 0
4 -570 -4764 36 6269 676 644
4 1398 -6350 -1736 691 -291 -279
2 0 0 0 0 0 0
1 0 0 0 0 0 0
2 17626 17668 -3804 8008 32767 10736
1 0 0 0 0 0 0
3 0 0 0 0 0 0
3 0 0 0 0 0 0
3 0 0 0 0 0 0
1 1046 -9100 -2198 -1378 -1110 -44
2 23664 12866 -4576 15220 11622 32767
3 0 0 0 0 0 0
2 -4090 6988 2746 16189 -5837 21195
1 1098 -8026 -1584 -647 -2270 -2178
4 0 0 0 0 0 0
4 0 0 0 0 0 0
3 0 0 0 0 0 0
3 0 0 0 0 0 0
1 0 0 0 0 0 0
1 876 -7600 -2308 887 -6660 -4328
2 644 -628 -1302 6648 -2601 9522
2 770 -8924 1108 1359 2312 1240
4 0 0 0 0 0 0
4 -1996 -11072 -382 -857 -2158 -4070
1 0 0 0 0 0 0
4 4128 -10172 -2848 -9300 -269 -7300
1 976 -7038 -3376 2355 -2972 -2694
4 4268 -9344 2208 5060 851 2571
2 -12774 -4018 11576 -18302 15262 -27248
3 -1260 -7272 -5258 -2788 -2402 -1677
2 -2198 4960 -1880 3163 -3679 2291
3 0 0 0 0 0 0
3 0 0 0 0 0 0
1 410 -6708 -4074 2820 -3642 -572
4 518 -3230 -3600 5683 4641 1943
2 4964 -4192 584 3987 424 1868
2 7010 -4102 2044 2231 1827 470
3 0 0 0 0 0 0
1 0 0 0 0 0 0
1 0 0 0 0 0 0
3 0 0 0 0 0 0
2 0 0 0 0 0 0
4 -812 -6908 1426 3519 -204 2645
4 0 0 0 0 0 0

2 828 7976 1166 344 527 -106
3 -1386 -6570 -4644 36 138 539
1 36 -7670 -2602 256 670 604
4 -670 7758 -1466 455 849 -564
3 0 0 0 0 0 0
4 0 0 0 0 0 0
2 0 0 0 0 0 0
3 0 0 0 0 0 0
1 0 0 0 0 0 0
4 0 0 0 0 0 0
2 0 0 0 0 0 0
2 0 0 0 0 0 0
2 0 0 0 0 0 0
4 0 0 0 0 0 0
3 0 0 0 0 0 0
3 0 0 0 0 0 0
1 -866 -7732 -3346 535 -951 -757
1 0 0 0 0 0 0
1 0 0 0 0 0 0
1 0 0 0 0 0 0
1 0 0 0 0 0 0
2 0 0 0 0 0 0
4 0 0 0 0 0 0
4 -890 8352 -3160 -1193 3241 819
2 0 0 0 0 0 0
3 0 0 0 0 0 0
3 0 0 0 0 0 0
3 0 0 0 0 0 0
3 0 0 0 0 0 0
1 0 0 0 0 0 0
4 2204 10106 -8260 4982 2505 1391
1 0 0 0 0 0 0
4 4046 14230 -12322 16784 1463 6434
2 0 0 0 0 0 0
4 1338 14004 -8430 25917 2947 11097
2 9280 19236 -8970 10379 24004 6076
2 12410 20350 -4240 27342 5078 32610
2 2644 3368 852 19395 7602 31247
2 -1528 -484 -1474 6407 21 13756
1 0 0 0 0 0 0
4 158 4876 -3174 22032 3785 11080
1 588 -7612 -3090 211 -1372 -1743
4 -586 -1392 -212 13048 1218 6032
1 394 -8384 -2658 -754 -4379 -2069
4 -46 -5018 -62 4562 265 1389
3 0 0 0 0 0 0
3 0 0 0 0 0 0
3 0 0 0 0 0 0
3 0 0 0 0 0 0
4 992 -8136 -1572 193 -624 -678
2 604 -3854 -782 1901 145 3282
1 0 0 0 0 0 0
1 0 0 0 0 0 0
1 0 0 0 0 0 0
4 0 0 0 0 0 0
4 374 -7760 -2202 -3375 -1709 -3083
3 0 0 0 0 0 0
2 -346 -6502 -376 829 -1703 -1370
3 0 0 0 0 0 0
2 -676 -11814 1436 -2666 1103 -6014
4 9058 32767 -32768 22575 5159 17547
4 -1910 -9172 -434 3717 8822 1635
3 -1860 -6674 -4980 -1844 -3992 -2597
3 -2752 -6892 -4766 -947 -3415 -992
1 0 0 0 0 0 0
1 0 0 0 0 0 0
2 -10936 8950 -6114 -17039 7540 -32122
2 -2872 6298 -7414 13049 11406 20757
3 -1606 -5570 -4644 2458 3678 1964
2 6622 -3696 -140 2658 -1370 -1950
3 -948 -6950 -5654 1860 797 289
2 6382 -5202 532 3066 -576 1482
4 1440 -5608 -360 5448 3113 2578
1 368 -6438 -3856 1967 -1812 -507
4 -664 -6890 1362 1503 931 2301
1 0 0 0 0 0 0
2 5134 -4540 -26 1169 964 976
4 0 0 0 0 0 0
1 838 -7834 -3824 -683 2809 1741
3 0 0 0 0 0 0

3 0 0 0 0 0 0
4 -478 7824 -1924 -97 1060 411
2 810 8156 852 107 -551 -305
1 1036 -7566 -3130 258 -751 -90
2 0 0 0 0 0 0
4 0 0 0 0 0 0
1 -350 -7656 -3104 722 -305 -610
3 0 0 0 0 0 0
1 0 0 0 0 0 0
3 0 0 0 0 0 0
4 0 0 0 0 0 0
3 0 0 0 0 0 0
1 0 0 0 0 0 0
2 0 0 0 0 0 0
4 0 0 0 0 0 0
2 0 0 0 0 0 0
3 0 0 0 0 0 0
4 6790 9868 -8442 2648 6907 2619
4 6440 13920 -11628 14873 636 9099
1 0 0 0 0 0 0
1 0 0 0 0 0 0
2 -50 8756 -1490 985 4229 515
2 5790 11582 -2096 7448 14246 4323
3 0 0 0 0 0 0
3 0 0 0 0 0 0
3 -1528 -7346 -4762 -2541 -3445 -3299
4 1360 12814 -8656 21371 -1062 12187
2 5264 13508 -974 15733 10641 11731
4 1806 5484 -4620 18487 184 11547
2 2764 8336 -2402 12029 -687 14467
1 1312 -7960 -3192 -1062 5243 844
1 0 0 0 0 0 0
2 2870 2812 -3174 10006 2354 12837
2 2890 -520 -3252 6266 1840 8749
4 -1322 424 -1770 11704 -3201 5628
4 -1418 -3534 -1278 5292 -2421 96
1 1144 -7488 -2770 184 210 -2198
3 0 0 0 0 0 0
1 0 0 0 0 0 0
3 0 0 0 0 0 0
2 4774 -2756 -4112 3709 1736 4543
2 8768 -7108 -4084 4263 -7292 -2287
3 0 0 0 0 0 0
3 0 0 0 0 0 0
1 0 0 0 0 0 0
1 0 0 0 0 0 0
4 1626 -5498 -3762 1272 -503 -650
4 1618 -5612 -4308 -227 -85 -440
3 0 0 0 0 0 0
4 0 0 0 0 0 0
3 0 0 0 0 0 0
4 656 -7370 -6910 -1011 -4089 -1578
1 2594 -8064 -1854 -1438 -3367 315
1 1250 -6944 -2008 -280 -7840 -1324
2 -6574 -11568 -6892 10870 2125 8670
2 -4838 -9848 -1912 8854 9803 11939
2 -7956 -6298 9468 -10530 17246 -21322
4 0 0 0 0 0 0
2 6222 24136 5382 8583 -28433 -3778
3 -602 -6842 -5034 -155 1752 1620
3 0 0 0 0 0 0
1 444 -7744 -2298 2230 -9306 -3411
4 -6444 -8730 -620 -5617 -3019 820
3 0 0 0 0 0 0
1 -816 -7734 -3936 3837 -6404 -1533
1 -516 -7322 -5888 4011 2581 -539
4 -394 -1850 -5594 8969 9250 -3595
1 1306 -7738 -4478 -321 3351 -548
1 0 0 0 0 0 0
4 858 -5680 2524 6841 -291 -233
2 -7240 -7044 6300 -1919 -7267 -4439
4 2452 -5880 162 994 2497 -2367
2 5220 -2900 764 684 -8 -57
2 3546 -1424 -810 -3418 -3316 -3687
3 -940 -6214 -4206 -1951 -2741 -1718
3 -1876 -6486 -4356 -462 -2293 -49
1 220 -8232 -2996 -3393 3091 1075
4 2122 -3112 -706 -449 1218 -1789
2 696 -1276 366 -10029 -6948 -10159
3 0 0 0 0 0 0

3 -1894 -6830 -5188 -534 123 579
1 -202 -7676 -3164 60 -142 -45
2 720 8302 758 -139 278 -66
4 -556 7744 -1774 -448 902 -55
4 0 0 0 0 0 0
1 0 0 0 0 0 0
3 0 0 0 0 0 0
2 646 8330 782 461 189 -20
3 0 0 0 0 0 0
2 0 0 0 0 0 0
1 0 0 0 0 0 0
3 0 0 0 0 0 0
4 0 0 0 0 0 0
4 0 0 0 0 0 0
4 2028 8368 -8018 6104 8333 1249
3 -1628 -7048 -4852 -1661 -1823 -1288
1 0 0 0 0 0 0
1 0 0 0 0 0 0
2 0 0 0 0 0 0
2 4898 11058 -1898 3219 21100 6302
1 0 0 0 0 0 0
3 0 0 0 0 0 0
3 0 0 0 0 0 0
4 2104 8824 -10876 12208 7111 3928
4 2812 11618 -16048 21203 11457 7839
2 13356 14142 -3306 11814 10183 20786
2 8852 12464 -3482 14929 1369 24804
1 0 0 0 0 0 0
2 4240 5902 -856 13817 -2670 21283
2 1136 -1286 790 7206 1008 13684
4 2048 7894 -5886 27219 5706 12426
4 172 2416 1198 16786 -539 8355
3 -720 -6944 -5118 -224 -2038 -3142
3 -1072 -6722 -4610 -2546 -5656 -4756
1 688 -7884 -3054 127 -1287 -1109
1 0 0 0 0 0 0
1 0 0 0 0 0 0
3 0 0 0 0 0 0
4 102 -4324 3352 7137 -9 2903
1 0 0 0 0 0 0
3 -1396 -6552 -4466 -1233 -12016 -5525
2 1206 -5478 -482 2740 229 6637
4 1142 -10096 2800 -1130 -352 -529
2 -1344 -10002 238 470 -77 112
3 -2722 -6878 -5638 488 -7046 -5622
2 -6008 -9268 7264 -9476 6171 -15288
4 1394 -15362 5586 -11113 1086 -4729
1 0 0 0 0 0 0
4 -17630 -9310 4000 623 -11678 1710
2 3552 -7304 -3898 -6488 -32768 -16393
1 0 0 0 0 0 0
3 -3652 -7222 -6378 691 -1861 -2552
3 -898 -4964 -5450 1300 6269 1540
2 1236 -2094 -1640 5796 -4038 5705
3 -1332 -5246 -4906 -317 573 -334
2 814 -6762 1698 3095 -586 1900
4 3226 982 -4186 -4502 2446 -1641
4 3448 -3006 -2592 2914 1999 1903
1 0 0 0 0 0 0
1 0 0 0 0 0 0
4 1940 -5818 64 1901 1079 598
3 -2850 -6352 -5044 1199 2196 1821
4 0 0 0 0 0 0
2 2818 -6264 696 765 226 -108
2 0 0 0 0 0 0
3 -1838 -7506 -5556 873 6881 4168
1 0 0 0 0 0 0
1 0 0 0 0 0 0
1 0 0 0 0 0 0
3 0 0 0 0 0 0
4 2116 -3248 -262 -3855 -1905 -2259
4 1662 -2482 -2100 -11832 -5388 -4141
3 0 0 0 0 0 0
2 0 0 0 0 0 0
2 376 -1562 -938 -1999 -7725 -6822
1 0 0 0 0 0 0
3 0 0 0 0 0 0
1 0 0 0 0 0 0
2 -532 -702 -476 -14097 -9046 -15158
4 960 -330 -5586 -23445 -15137 -3891

3 -1804 -6732 -5168 330 -198 -120
2 786 8352 796 108 -533 -272
4 -664 7870 -1886 -786 -881 1412
1 42 -7704 -3060 405 547 89
1 0 0 0 0 0 0
2 818 8302 886 710 -170 -18
3 0 0 0 0 0 0
4 -1218 7892 -1698 -488 -1159 980
2 0 0 0 0 0 0
2 0 0 0 0 0 0
4 -1274 8012 -1676 -169 -3 209
4 -964 8300 -5862 -1088 5687 -628
1 0 0 0 0 0 0
3 0 0 0 0 0 0
1 0 0 0 0 0 0
3 0 0 0 0 0 0
3 0 0 0 0 0 0
4 7288 16330 -18342 14810 11359 3116
2 1586 10184 -720 3634 2727 1155
4 330 22640 -12038 32767 5511 11083
2 2626 13126 -2562 13767 13084 6815
3 0 0 0 0 0 0
1 0 0 0 0 0 0
3 0 0 0 0 0 0
1 0 0 0 0 0 0
2 13476 10322 -5820 17440 3028 20259
3 -826 -6718 -4330 -4244 -6066 -4665
3 0 0 0 0 0 0
2 4416 4786 -2630 16219 3150 25498
4 -1424 9900 -1238 30278 5241 14154
4 -3430 2522 2172 17522 364 6476
1 0 0 0 0 0 0
1 0 0 0 0 0 0
1 1290 -8072 -2138 -737 -2925 -2070
2 774 -1246 -2652 9132 2330 18459
4 -2954 -4842 5152 6858 -1332 -802
3 -2298 -6354 -4402 3998 -2452 -2834
2 -416 -4828 -2500 4691 -2999 7270
1 1292 -7522 -1626 -896 -5207 -2133
2 -2820 -9130 -882 1587 -5942 -1770
4 -1086 -9632 4608 -2207 -3390 -2506
3 0 0 0 0 0 0
1 0 0 0 0 0 0
4 -728 -10790 2968 -8275 -2409 -4127
2 -9126 -4700 5656 -12178 24194 -18887
4 -144 -11150 1620 -21786 1553 -11146
2 -6256 12104 7076 8205 -5298 -574
1 274 -7292 -2894 1866 -2962 -1596
3 -2000 -7436 -5294 -1431 -6731 -3410
3 0 0 0 0 0 0
2 -1950 -6424 4344 5449 -2086 4449
4 -12282 -2630 -1082 -4930 1733 -2054
2 2342 -5668 2614 2174 504 1817
4 2924 1634 -2624 4016 2392 2048
1 0 0 0 0 0 0
3 -1530 -5068 -4502 2274 562 180
1 0 0 0 0 0 0
3 0 0 0 0 0 0
1 0 0 0 0 0 0
1 0 0 0 0 0 0
1 0 0 0 0 0 0
2 2296 -5334 1888 913 206 583
4 0 0 0 0 0 0
2 726 -3298 656 -547 -2699 -1988
4 1288 -5522 2872 2296 1095 -2649
4 4168 -4548 178 -4047 -2420 -2216
3 -1790 -7564 -5796 339 5137 3516
3 0 0 0 0 0 0
2 -1858 -3052 834 -6692 -8656 -8138
1 0 0 0 0 0 0
2 -2206 404 468 -22337 -9119 -17210
4 1456 -3004 -2986 -10827 -5518 -1032
3 0 0 0 0 0 0
4 -484 -1172 -6902 -23549 -8559 -4097
3 0 0 0 0 0 0
1 0 0 0 0 0 0
3 -2538 -6704 -4236 372 4081 2397
1 0 0 0 0 0 0
4 -2346 6650 -11472 -28477 -7906 -2332
2 4430 14756 852 -32768 6980 -27272

3 -1522 -6770 -4864 160 -323 -151
2 838 8242 1172 1935 -399 411
4 -748 8006 -1812 -1059 -75 475
1 526 -7758 -2622 -489 531 507
4 -738 8094 -2038 -509 314 158
4 0 0 0 0 0 0
3 0 0 0 0 0 0
1 744 -7718 -2758 -131 229 85
3 0 0 0 0 0 0
3 0 0 0 0 0 0
3 0 0 0 0 0 0
1 0 0 0 0 0 0
1 0 0 0 0 0 0
2 484 8068 1098 1410 -108 408
2 406 8014 1036 643 700 335
2 0 0 0 0 0 0
4 0 0 0 0 0 0
3 0 0 0 0 0 0
1 0 0 0 0 0 0
3 0 0 0 0 0 0
1 318 -7950 -3318 74 -629 -188
3 0 0 0 0 0 0
3 -1306 -6684 -4830 -1711 -2208 -1394
1 0 0 0 0 0 0
1 686 -7954 -3252 176 4461 -557
1 772 -7684 -2678 -799 1095 -331
2 0 0 0 0 0 0
2 6682 14402 -2768 12115 8524 4653
2 6556 13488 -7364 15912 6283 13856
2 4090 7238 -1682 13495 6756 23474
4 670 9348 -6352 1943 4854 459
4 2326 15566 -11842 17200 2924 4303
4 18 15500 -8318 30503 3780 9017
4 -64 5540 -1840 26784 4363 11484
1 0 0 0 0 0 0
2 0 0 0 0 0 0
3 0 0 0 0 0 0
4 -1150 -356 1190 17133 1646 5587
2 -324 -1494 -4670 4929 -12132 10653
4 -964 -5278 2922 7306 1147 123
1 1718 -7756 -2608 -1497 -4099 -1467
1 0 0 0 0 0 0
2 -434 -6136 -2084 4329 -5232 3952
3 0 0 0 0 0 0
4 160 -10224 2542 970 -753 -1047
4 642 -12620 3564 -2952 -1945 -2970
3 0 0 0 0 0 0
3 0 0 0 0 0 0
2 -74 -8412 -1798 1947 -6134 -4074
4 -340 -10750 3700 -13184 -994 -7470
1 986 -7216 -3048 1168 -5011 -4239
2 1104 -13734 2034 -3321 2561 -8304
4 -32188 -31830 -2968 5491 -6214 5695
4 4542 724 -8452 3900 3159 3165
1 0 0 0 0 0 0
2 -32768 -16084 -10422 8355 -32768 -24782
1 0 0 0 0 0 0
2 -5008 -7398 9048 11289 -17969 6985
3 -1606 -7202 -5066 -1183 -4184 -2990
3 -2162 -5280 -4294 679 -2737 -1627
4 218 -682 2820 9543 6078 4266
1 1112 -7334 -4642 3147 2389 -1583
3 0 0 0 0 0 0
1 0 0 0 0 0 0
3 0 0 0 0 0 0
2 -2000 -4002 3030 2574 994 730
3 -1308 -7446 -5538 1490 7563 4446
3 -882 -6700 -5214 -977 2232 1331
2 1420 -5968 1614 1228 1694 -1468
2 0 0 0 0 0 0
2 798 -1832 -164 -2627 -3527 -6355
1 1692 -7724 -3514 -3845 1517 3061
1 0 0 0 0 0 0
4 380 -5778 5938 3437 6126 653
4 1792 -6716 2408 -761 3563 -1678
4 0 0 0 0 0 0
2 -166 -692 582 -9062 -12025 -13292
4 0 0 0 0 0 0
1 0 0 0 0 0 0
3 0 0 0 0 0 0

2 938 7928 812 220 -403 -257
1 138 -7670 -2928 156 -49 95
2 952 8126 788 -262 91 -285
4 -934 7980 -1832 -112 177 -64
3 -1696 -6964 -5088 -536 -375 112
2 0 0 0 0 0 0
2 0 0 0 0 0 0
1 0 0 0 0 0 0
1 0 0 0 0 0 0
3 0 0 0 0 0 0
4 0 0 0 0 0 0
3 0 0 0 0 0 0
4 0 0 0 0 0 0
1 0 0 0 0 0 0
4 0 0 0 0 0 0
1 0 0 0 0 0 0
2 888 9182 -724 1472 1899 -106
3 0 0 0 0 0 0
3 0 0 0 0 0 0
2 1964 11392 -4662 10277 14265 5824
3 0 0 0 0 0 0
2 10080 12846 -6074 15780 -99 16183
3 -1284 -6826 -5100 1720 1268 362
2 6200 9014 -4376 19211 711 22162
2 1440 1876 -584 12331 1049 16084
1 0 0 0 0 0 0
1 0 0 0 0 0 0
1 0 0 0 0 0 0
1 0 0 0 0 0 0
3 0 0 0 0 0 0
3 -1650 -7020 -4550 -4431 -4084 -2165
2 1712 -3406 -1322 3913 520 6672
2 3074 -5920 -3286 917 -1670 1621
4 -1282 9052 -5216 -291 4036 -216
4 3636 17956 -18764 21226 6290 1802
4 1274 12022 -6818 32767 6612 11589
4 -652 4074 -588 24425 3427 12042
4 -2614 -2440 2084 11496 407 3114
1 0 0 0 0 0 0
4 -1260 -6298 1694 1358 117 -2045
2 0 0 0 0 0 0
1 0 0 0 0 0 0
3 -1544 -6276 -4076 -2138 -2653 -1773
3 0 0 0 0 0 0
2 2080 -10656 -1820 627 2601 -1865
1 0 0 0 0 0 0
1 0 0 0 0 0 0
4 0 0 0 0 0 0
3 0 0 0 0 0 0
4 -2302 -24334 7382 -12329 -1251 -7332
3 0 0 0 0 0 0
2 -4332 -2250 4510 -12919 15841 -19651
2 -5534 13076 5188 8465 -16109 5673
2 -1958 -3392 3350 3470 -4256 267
3 0 0 0 0 0 0
1 1218 -6300 -3844 1237 -234 181
4 -7972 -2278 -446 -6150 659 -1285
1 0 0 0 0 0 0
4 4088 6364 -9272 -8 2590 4423
4 -320 -2170 -884 10527 4131 3184
3 0 0 0 0 0 0
2 4986 -5376 1454 706 738 -1749
1 1516 -7456 -4032 593 3308 531
3 0 0 0 0 0 0
1 0 0 0 0 0 0
3 0 0 0 0 0 0
4 956 -7046 1532 5401 2198 -974
2 0 0 0 0 0 0
4 2712 -7330 448 1284 1763 -1518
2 0 0 0 0 0 0
3 0 0 0 0 0 0
1 0 0 0 0 0 0
3 0 0 0 0 0 0
1 0 0 0 0 0 0
2 2750 -796 -1010 -2657 -1598 -5444
4 0 0 0 0 0 0
4 0 0 0 0 0 0
4 1036 -4512 -200 -6649 271 -225
3 -1338 -6378 -4298 -1182 2366 1502
1 0 0 0 0 0 0

2 1094 7738 1140 -907 1763 -947
1 16 -7584 -3306 794 -1366 -687
4 -762 7904 -1536 -17 279 122
3 -1466 -6656 -4724 -219 94 -188
1 0 0 0 0 0 0
1 0 0 0 0 0 0
3 0 0 0 0 0 0
3 0 0 0 0 0 0
4 0 0 0 0 0 0
2 0 0 0 0 0 0
2 0 0 0 0 0 0
4 228 10090 -9150 8922 4715 231
3 0 0 0 0 0 0
1 0 0 0 0 0 0
1 0 0 0 0 0 0
3 0 0 0 0 0 0
4 426 10486 -11684 17022 4993 2274
2 5918 10760 -4406 -1964 13509 2936
1 0 0 0 0 0 0
4 -176 8692 -9642 23351 4969 3904
4 738 4122 -4846 22136 6253 6620
2 11630 15466 -1906 12762 4138 17714
3 0 0 0 0 0 0
2 8590 15794 -2650 15051 -4018 26132
2 2132 5108 -1144 10031 2232 21768
1 798 -7604 -2864 -1066 1299 -479
1 0 0 0 0 0 0
3 -1570 -6594 -4690 -2254 -2546 -1315
3 0 0 0 0 0 0
1 0 0 0 0 0 0
4 678 -606 -892 16212 2761 5386
2 -86 468 -554 3573 1114 7242
2 3694 -1522 -742 1535 1921 1520
4 182 -6434 1310 7943 992 2320
3 0 0 0 0 0 0
4 -388 -10020 3196 666 791 -285
2 5862 -4310 -730 293 332 -62
2 0 0 0 0 0 0
3 0 0 0 0 0 0
3 0 0 0 0 0 0
1 0 0 0 0 0 0
1 0 0 0 0 0 0
4 326 -12636 4786 -8166 1870 -1854
4 -2828 4246 234 -27599 9512 -14236
1 0 0 0 0 0 0
1 1200 -8044 -3338 -5 1767 -180
2 5328 -9138 5718 -2709 786 -1892
4 4704 5342 -16334 4206 -7827 3409
2 8864 -1852 -5160 3080 2304 4302
4 -372 632 -1576 17357 2450 3041
3 -1314 -6242 -4862 -1335 -3734 -2595
3 -2710 -6148 -4456 -428 -2428 -593
4 1016 -5090 1602 10117 4794 640
1 0 0 0 0 0 0
1 0 0 0 0 0 0
2 4668 -6826 -70 2017 -765 1091
4 1502 -7910 3032 4061 2218 341
3 -1866 -6314 -4952 2392 1745 1804
2 0 0 0 0 0 0
3 0 0 0 0 0 0
3 -1414 -7000 -5366 154 3561 1197
3 0 0 0 0 0 0
2 0 0 0 0 0 0
2 0 0 0 0 0 0
4 1962 -8380 2534 -173 548 -166
4 0 0 0 0 0 0
1 0 0 0 0 0 0
1 0 0 0 0 0 0
3 0 0 0 0 0 0
4 0 0 0 0 0 0
3 0 0 0 0 0 0
4 0 0 0 0 0 0
1 0 0 0 0 0 0
2 0 0 0 0 0 0
1 0 0 0 0 0 0
2 2930 -1068 -50 -1281 -1723 -2840
1 0 0 0 0 0 0
2 -828 -94 -992 -7821 -5427 -11654
3 0 0 0 0 0 0
4 598 -3686 458 -4811 -1830 -770

1 0 0 0 0 0 0
4 -666 7982 -1952 -9 464 -104
3 -1622 -6624 -4658 -255 -97 -286
2 774 8142 1020 581 182 182
1 0 0 0 0 0 0
3 0 0 0 0 0 0
4 0 0 0 0 0 0
2 684 8172 988 437 457 148
2 0 0 0 0 0 0
2 0 0 0 0 0 0
1 0 0 0 0 0 0
1 0 0 0 0 0 0
3 0 0 0 0 0 0
4 0 0 0 0 0 0
4 0 0 0 0 0 0
3 0 0 0 0 0 0
1 0 0 0 0 0 0
1 0 0 0 0 0 0
2 0 0 0 0 0 0
4 0 0 0 0 0 0
4 0 0 0 0 0 0
3 0 0 0 0 0 0
3 0 0 0 0 0 0
2 0 0 0 0 0 0
3 0 0 0 0 0 0
3 0 0 0 0 0 0
1 0 0 0 0 0 0
1 0 0 0 0 0 0
2 -652 8554 -1174 111 5352 -102
4 1014 10022 -9504 4523 4430 625
4 2212 15616 -13354 23458 5088 4808
2 7558 11616 -4428 6204 12257 5280
2 6464 15362 -4036 14140 8339 12589
2 8006 14840 -4720 18692 4130 25060
1 0 0 0 0 0 0
1 0 0 0 0 0 0
3 0 0 0 0 0 0
3 -1258 -6860 -4956 -2540 -1854 -1355
4 1384 10890 -7330 28806 5119 12162
4 478 3990 -1234 23961 -566 12553
3 0 0 0 0 0 0
4 -2952 -3582 2510 12567 1541 3616
4 -1296 -7420 1656 3065 476 -2109
2 3684 4340 -1640 13893 2417 24038
2 -314 -2034 482 8158 -1009 10940
1 0 0 0 0 0 0
1 70 -7726 -2960 -8 -3019 -1363
3 0 0 0 0 0 0
3 0 0 0 0 0 0
3 -1456 -7224 -5272 -950 -3908 -2489
2 -258 -6932 234 3399 -11 2015
2 468 -9300 2244 -3221 4372 -6422
4 302 -11586 2086 -790 -1083 -1684
4 910 -14672 3320 -8980 545 -4227
1 0 0 0 0 0 0
1 0 0 0 0 0 0
1 0 0 0 0 0 0
4 -158 25858 -17528 3317 32767 21389
1 0 0 0 0 0 0
4 -2564 2566 -4784 4886 13906 4585
3 0 0 0 0 0 0
2 32767 27242 28544 -5007 32767 32767
3 0 0 0 0 0 0
2 3006 656 -62 7706 16899 14062
2 -340 -5022 4830 4919 -591 6977
2 2076 -4588 3330 2411 -2934 3237
1 0 0 0 0 0 0
1 0 0 0 0 0 0
3 0 0 0 0 0 0
3 0 0 0 0 0 0
4 1074 -2854 -1508 9749 3606 1018
4 606 -9802 1964 3246 534 819
3 0 0 0 0 0 0
1 0 0 0 0 0 0
3 0 0 0 0 0 0
4 1332 -8480 -484 -754 -479 -660
4 0 0 0 0 0 0
1 0 0 0 0 0 0
2 2686 -6204 1768 1356 -36 1698
2 0 0 0 0 0 0

2 1114 8206 1086 -295 -1412 -105
1 0 0 0 0 0 0
3 -1390 -6686 -4670 44 437 -170
4 0 0 0 0 0 0
3 0 0 0 0 0 0
1 0 0 0 0 0 0
4 0 0 0 0 0 0
1 0 0 0 0 0 0
2 0 0 0 0 0 0
3 0 0 0 0 0 0
3 0 0 0 0 0 0
4 0 0 0 0 0 0
4 0 0 0 0 0 0
1 0 0 0 0 0 0
1 0 0 0 0 0 0
2 0 0 0 0 0 0
2 0 0 0 0 0 0
2 0 0 0 0 0 0
3 0 0 0 0 0 0
4 0 0 0 0 0 0
1 0 0 0 0 0 0
3 0 0 0 0 0 0
3 0 0 0 0 0 0
4 -1402 11192 -7674 7554 3442 83
4 2028 12260 -16182 22057 6826 4145
1 0 0 0 0 0 0
2 0 0 0 0 0 0
2 0 0 0 0 0 0
3 0 0 0 0 0 0
1 0 0 0 0 0 0
3 -988 -7004 -5026 -3045 -2729 -2188
1 0 0 0 0 0 0
4 330 8318 -7062 27328 6357 8913
4 -156 2348 -2784 18660 2628 6202
2 -94 9418 -980 608 1727 -547
2 13810 11826 -3284 10844 13909 10054
2 5376 12760 -2014 16331 -2281 15775
3 0 0 0 0 0 0
2 -3304 5248 1418 16301 -1498 14852
3 -1666 -6186 -4272 -540 -2951 -1715
1 0 0 0 0 0 0
4 88 -2572 -816 10042 693 960
1 0 0 0 0 0 0
4 1076 -5148 -1000 3784 672 -637
4 1068 -10300 -1778 645 -1624 -686
4 0 0 0 0 0 0
3 0 0 0 0 0 0
3 0 0 0 0 0 0
1 0 0 0 0 0 0
1 0 0 0 0 0 0
2 1558 902 636 4615 1700 5327
2 20898 -5178 -19070 9088 1176 7257
1 0 0 0 0 0 0
1 796 -8348 -1764 -527 -5252 -606
3 -1808 -7138 -5308 -1341 -6264 -3986
2 396 -5782 5804 10087 6772 13370
2 -12382 -9400 9470 -8092 11041 -9462
3 0 0 0 0 0 0
4 2698 528 -7858 -7956 -575 -1622
4 8030 -14558 -4270 3472 3403 4564
2 10612 1652 -1134 5816 -29865 -3532
1 302 -7526 -3382 230 -2324 -2380
2 -1708 -6766 3762 9457 -14908 7340
1 0 0 0 0 0 0
4 -19518 -24294 9042 -3425 -6251 292
3 -3616 -6748 -4188 2776 910 589
4 -12774 15658 -6624 -12120 3417 -3415
3 76 -5420 -5698 5486 5837 1935
1 0 0 0 0 0 0
1 550 -7964 -4206 1535 636 -809
4 3624 934 -946 15374 1862 4753
4 1608 -7232 1754 8560 4502 3478
2 4024 -5562 1090 5378 291 5582
2 1248 -7122 2208 1305 1144 2578
3 -906 -7436 -6366 -1015 -2708 -891
3 -3194 -7210 -5012 -150 6851 3575
4 1626 -8764 2128 1495 5868 1521
2 0 0 0 0 0 0
3 -278 -6704 -4968 -547 7006 2538
1 394 -8102 -3854 -1275 3824 1300

2 894 8236 1086 881 188 -3
1 198 -7726 -3008 -251 -100 130
4 -912 7906 -1652 26 151 -1
3 -1556 -6696 -4962 -35 -44 -83
4 -896 7778 -1638 -8 105 -11
2 0 0 0 0 0 0
1 0 0 0 0 0 0
2 0 0 0 0 0 0
1 0 0 0 0 0 0
4 0 0 0 0 0 0
3 -1516 -6712 -4980 -57 -75 -62
3 0 0 0 0 0 0
1 0 0 0 0 0 0
2 0 0 0 0 0 0
3 0 0 0 0 0 0
3 -1964 -6602 -4846 910 1000 734
1 0 0 0 0 0 0
4 704 12616 -10794 7251 6097 688
2 0 0 0 0 0 0
4 1846 15928 -14436 26422 4808 5011
3 0 0 0 0 0 0
3 -1142 -7006 -5188 -2263 -1078 -1109
1 0 0 0 0 0 0
1 0 0 0 0 0 0
2 -124 8766 -818 -14 3587 -164
2 7716 12682 -2272 6213 16685 7096
4 -230 7238 -4158 28636 6395 10062
4 -760 1206 -1876 18729 3124 6683
3 0 0 0 0 0 0
3 -1652 -6312 -4256 -455 -1366 -763
1 0 0 0 0 0 0
2 9584 15424 -2120 12971 6895 20015
2 5852 11294 -1888 13643 4017 25837
2 5502 3256 -850 7472 3745 25313
1 0 0 0 0 0 0
1 0 0 0 0 0 0
3 0 0 0 0 0 0
4 -328 -3470 -778 10527 1908 1851
3 0 0 0 0 0 0
4 206 -5940 -480 5890 119 411
4 712 -9302 980 3885 -867 635
4 154 -10890 2660 1450 -1463 394
2 -1310 -1570 736 3128 -1170 12537
1 156 -8064 -2814 -2113 -3419 -101
3 -1350 -7032 -5344 -306 -3138 -2176
4 -374 -13108 3408 -3555 -1375 -2537
3 0 0 0 0 0 0
1 0 0 0 0 0 0
4 -1392 -8938 4806 -11718 1685 -5872
2 268 -8518 -220 1378 -1911 1975
1 0 0 0 0 0 0
2 -2074 -13456 1014 -905 -433 -4499
1 0 0 0 0 0 0
1 0 0 0 0 0 0
3 0 0 0 0 0 0
3 -2412 -6218 -4648 -334 -2364 -163
2 32767 32767 -32768 1161 32767 -1325
4 32767 21628 -20118 7469 32545 24380
4 96 -3506 -2634 4251 11553 2557
2 -3768 7470 -2022 6781 -4336 2635
3 -1086 -6196 -5064 2869 2781 1860
4 0 0 0 0 0 0
3 -858 -7356 -6444 1112 647 295
4 1068 -7268 720 4340 1969 1321
2 -946 -6336 5466 5324 -6295 4048
1 0 0 0 0 0 0
2 3302 -6538 2950 1560 -1178 848
1 0 0 0 0 0 0
4 1690 -8072 726 174 2042 -716
4 0 0 0 0 0 0
2 0 0 0 0 0 0
2 0 0 0 0 0 0
3 -1296 -6884 -5298 -204 3782 1209
1 358 -7940 -3832 183 -272 -502
3 0 0 0 0 0 0
1 144 -7834 -3512 -1172 1967 751
2 2988 -2454 -550 -3084 -2187 -3461
3 0 0 0 0 0 0
1 0 0 0 0 0 0
4 0 0 0 0 0 0

3 -1896 -6512 -4872 -451 -230 176
4 -1232 7770 -1524 -60 -210 -4
1 214 -7792 -2974 120 -343 -45
2 1094 8096 988 335 216 7
4 0 0 0 0 0 0
3 0 0 0 0 0 0
3 0 0 0 0 0 0
2 0 0 0 0 0 0
1 0 0 0 0 0 0
1 0 0 0 0 0 0
2 0 0 0 0 0 0
1 0 0 0 0 0 0
1 0 0 0 0 0 0
4 0 0 0 0 0 0
4 0 0 0 0 0 0
4 0 0 0 0 0 0
2 0 0 0 0 0 0
3 0 0 0 0 0 0
3 0 0 0 0 0 0
3 0 0 0 0 0 0
2 2684 9372 -3024 1630 6152 -93
2 6196 16904 -5552 10271 11766 5789
1 318 -7862 -7798 -359 7518 3307
1 2408 -14654 -13572 -11890 12916 7137
4 0 0 0 0 0 0
4 1718 9352 -10312 -3056 11192 1214
3 5850 -7116 -9928 4232 5925 2340
4 3988 32767 -24618 32767 1050 10650
3 3796 -25312 -32520 -29635 -4121 -17331
3 -9206 -16354 -9264 -32768 22103 -15756
2 7928 15094 -2914 16165 11290 12894
1 1254 -9884 -11324 -15616 5520 -505
2 1110 9548 -5138 8900 15081 18289
1 -1760 -7204 -10706 -14870 13590 -8367
4 -1822 19712 -3528 32767 9028 22685
4 -3378 7736 1914 23128 1049 13076
3 -5464 -5498 -716 -24709 17554 -9744
1 -2594 -2758 -2482 -17332 18602 -14076
1 190 672 -786 -8926 10957 -14648
3 -3302 -204 6196 -11777 7176 -1275
2 1892 2806 -1494 967 12930 27535
4 -2972 -1690 4858 10179 1012 952
2 -372 926 -810 -2067 3991 21725
2 -3344 -2354 930 1061 -8080 6337
3 -8 3440 7372 -2408 2301 3917
2 -1872 -6358 926 2689 -914 531
3 0 0 0 0 0 0
2 -1190 -10134 1080 461 -980 -5996
3 3902 6088 8530 5658 -1063 5709
4 -1156 -6536 5506 1746 1512 -3853
4 0 0 0 0 0 0
2 -1784 -11954 5906 -5591 2224 -11718
3 3496 7806 5638 9746 -1267 6664
4 1538 -9756 2252 -8470 417 -4164
4 1708 -11392 280 -9811 3060 -6019
1 -1044 2426 860 -4555 -1316 -8509
1 -2164 6678 1802 -3192 -1311 -1596
1 28 11080 7750 2697 3628 5928
1 4468 2704 2066 15736 -2682 9075
1 27684 32767 -25158 -9880 277 1466
1 2678 -1312 -3990 -2643 1364 -4370
2 16054 -26004 23938 -16731 1408 13353
3 -32768 2526 2116 -15463 -32768 -27796
3 12564 -6134 -4348 8209 13894 3884
4 -5032 -25232 1670 -4462 -4965 399
4 2404 286 -360 519 -9841 1940
2 4248 4630 -492 3904 -5264 6035
4 4322 -4870 1476 1886 2166 742
1 3818 7326 2956 -10169 10263 -301
4 0 0 0 0 0 0
1 4398 7210 -146 -716 108 -2712
2 -256 -10700 3910 2040 2449 5957
3 2352 3082 4304 -278 4888 -1744
2 1312 -5214 768 -789 826 3875
3 2428 4482 2058 633 -331 566
2 0 0 0 0 0 0
3 206 450 1362 -756 -5809 945
1 0 0 0 0 0 0
2 0 0 0 0 0 0
4 -660 -4362 1642 666 -504 -3766

4 -850 7784 -1344 521 313 -330
2 940 8166 896 -443 2744 101
3 -1202 -6796 -4914 -577 403 660
1 356 -7886 -3104 -279 95 84
3 -1074 -6690 -4846 -202 161 70
4 0 0 0 0 0 0
1 0 0 0 0 0 0
4 0 0 0 0 0 0
2 0 0 0 0 0 0
3 0 0 0 0 0 0
2 0 0 0 0 0 0
1 0 0 0 0 0 0
1 1496 -8782 -8840 -3209 4926 2224
4 0 0 0 0 0 0
2 2648 9696 -24 -879 8590 1351
2 9148 11538 508 4189 14664 8481
4 0 0 0 0 0 0
3 0 0 0 0 0 0
3 -1716 -6264 -6570 1204 1548 -32
3 4718 -16636 -30786 -21032 7518 -3397
2 0 0 0 0 0 0
1 -828 -10232 -8978 -9247 7157 2999
2 2262 13682 -3018 8140 -93 18263
1 1534 -8432 -9554 -14514 5996 -392
1 -4868 -7848 -7188 -18204 9735 -4086
4 1572 21926 -22804 18087 10010 -794
3 -5432 -12464 -14422 -32768 24681 -16392
4 154 20242 -7778 32767 13328 16594
3 -5470 -7858 -3770 -28219 18038 -9341
2 6818 7238 -1880 10416 -368 24272
2 -154 -3434 182 8149 -310 18175
3 -3392 -3656 1810 -16306 6944 -3405
1 4430 -64 -6502 -18848 10079 -10196
1 2396 3394 -1238 -12930 7563 -7994
4 -3024 11556 -1260 29795 4214 19259
4 -3936 2190 4318 15208 1420 5120
2 24 -4498 218 2999 -100 8650
3 484 1350 9434 -6766 -456 2836
3 0 0 0 0 0 0
1 1604 5012 -12 -4794 3408 -4501
2 -272 -7460 282 633 -1500 119
1 456 8262 3742 1784 877 -605
4 -2016 -4404 6794 3908 299 -4168
4 -912 -11648 10488 -5786 -1053 -5521
4 -260 -11784 10992 -19153 1779 -9222
4 7494 -492 -29392 2260 436 2918
2 -1308 -8320 2772 -4087 3060 -6572
2 -27936 -29844 30282 -10596 2029 -13827
3 -1070 3778 18572 20855 -2963 11822
1 650 4136 528 10038 -3114 5198
3 15214 -444 -25982 -7762 -8859 -6722
1 10136 32767 -3560 -2591 16032 -2287
2 9602 5394 -1820 11329 8893 15869
4 -2120 3588 -1338 10395 5911 4386
3 1272 -712 188 -8926 381 -7654
3 2778 9666 9496 -3215 -1097 -596
2 -1254 -4440 3316 1201 -3793 2225
4 2662 -13846 2358 641 -3579 -3905
1 4866 -4888 -6830 -15178 4008 -1789
1 1594 2950 648 -12285 -1841 -1485
4 5158 -9274 636 -5132 -2925 -977
2 0 0 0 0 0 0
4 780 -2068 -172 -11849 -4395 -1494
2 3430 -2776 -1900 -10671 -3507 -14615
1 1230 6642 2622 -294 -6504 2609
3 3610 6462 5728 5764 -4743 155
3 -570 898 578 13075 -8545 2458
1 2180 7720 2176 19488 -15932 2857
4 -32 1532 1336 -21300 -5312 -6376
2 9538 1976 -5510 -20626 -1119 -18263
2 530 12016 3468 -27077 -2968 -25349
4 1502 14202 -1362 -32768 -12181 -10322
1 3242 -2646 -7996 32767 -18214 -4842
1 132 -21338 -4498 32767 2601 -2545
3 -1000 -3190 -1686 21721 -12395 8429
3 -3498 -12156 -6660 32767 -26114 7015
3 -20252 -27276 -21124 32767 8874 -10543
2 -2234 22700 -11158 -21160 -402 1354
4 -20038 32767 -10534 -32768 -3403 16366
1 -2558 -10488 -10300 10256 -17740 -8736

1 -368 -7914 -3002 463 3299 -235
3 -2142 -6808 -4976 -2131 372 385
2 720 7654 706 -2358 1040 -91
4 -1222 8164 -1548 1197 279 -899
2 856 8968 936 -3219 3251 497
4 -992 8242 -1352 1942 1111 -1807
3 -2030 -6784 -4712 -2472 1020 1495
1 -218 -8120 -3192 -146 -1158 48
4 0 0 0 0 0 0
4 0 0 0 0 0 0
4 234 12348 -10260 10685 6940 870
2 1200 8934 820 -799 930 -112
3 -1696 -6766 -4542 -1939 1506 1968
1 622 -7278 -3188 -52 -866 390
3 0 0 0 0 0 0
1 0 0 0 0 0 0
3 1094 -8994 -15858 -11317 3744 -789
2 0 0 0 0 0 0
2 0 0 0 0 0 0
4 302 11180 -10560 24926 5941 7126
4 222 4004 -3484 20593 5871 10767
1 0 0 0 0 0 0
1 -746 -9318 -5732 -2221 3912 2363
2 2864 12132 -3682 3760 4683 1604
2 4010 15346 -4262 15038 5232 6776
3 -1432 -6188 -13230 -23508 9152 -4869
3 -1460 -1742 -4358 -19994 12271 -3949
1 252 -13662 -12272 -12892 5177 5677
4 98 350 -3218 11856 806 6267
2 7280 10602 -4848 18468 8278 21405
3 770 1314 -3858 -12921 8383 -2401
2 5766 3270 -3322 13772 7832 24666
3 2414 4914 -452 -8451 5638 274
1 5196 -5758 -12486 -28500 14872 -2130
1 2330 -966 -5382 -23265 15559 -11171
1 -278 972 -1830 -8602 8720 -7344
4 974 -4868 -3056 7711 1682 2168
4 1540 -7940 -3050 5188 1039 49
1 1464 4408 -1986 -2634 403 -2187
1 2646 9166 672 1485 313 1465
3 4680 7106 1450 -4844 1619 2462
2 1354 -424 -980 5843 1484 13299
3 0 0 0 0 0 0
2 1710 -3350 -906 1447 -437 4266
3 5772 9986 7136 545 5658 3927
2 1814 -8260 -286 378 -120 -1578
4 0 0 0 0 0 0
4 2008 -14750 332 481 3205 -742
3 1914 3456 10098 16505 1802 8038
2 2150 -10538 1296 -2439 4579 -7007
4 -574 -6782 6290 -16042 5381 -5735
1 3028 7464 3818 12210 1862 3931
3 5544 -3106 -4460 -17287 -13917 -8510
2 15808 -4206 -1156 -3973 -30436 -16025
2 5320 -2530 758 6111 -2800 10030
2 1886 -4530 584 866 1084 1460
2 0 0 0 0 0 0
1 -2510 -13280 -9162 5043 -8539 -1256
1 1958 3200 -3498 -11163 1609 -2909
4 -3390 -4790 7780 7504 -14123 104
1 2174 6636 340 -4153 -544 -179
1 0 0 0 0 0 0
3 3928 4210 1632 -7245 1338 -5381
3 3944 6552 4950 -917 441 -1163
4 816 -4838 278 6089 -2480 838
3 0 0 0 0 0 0
4 2280 -9732 206 -181 694 -1064
4 2870 -9630 -1590 -3874 -843 -1312
3 3606 3276 918 6123 -1934 1995
4 2282 -4688 -2702 -5016 -412 -1218
1 936 1692 -1842 5726 -6344 5392
1 1104 812 -2364 16496 -10083 6509
2 1944 -1490 -856 -4016 -4799 -6429
2 2000 -1870 -940 -14311 -6648 -15784
4 658 -1804 -2094 -10083 -3039 -4869
3 1178 800 -1426 11052 -7707 4719
1 6114 -1772 -8100 29817 -15509 3703
2 5750 2142 -862 -25187 -6119 -25315
4 1198 1154 -4670 -19297 -7164 -9626
3 1242 -2150 -3302 19605 -18285 8954

3 -1402 -6618 -5416 1188 -1166 -1185
1 -214 -7722 -3342 451 -204 -91
4 -922 8194 -1964 -1542 -1095 1082
2 980 8360 858 -438 149 -159
4 -1014 8032 -1962 -372 -947 483
2 1062 8300 884 265 425 -73
3 -1692 -6602 -5414 369 -914 -1006
1 -92 -7710 -3374 -115 -129 154
4 0 0 0 0 0 0
4 0 0 0 0 0 0
2 0 0 0 0 0 0
2 0 0 0 0 0 0
2 1780 9304 -896 1507 3146 98
1 0 0 0 0 0 0
1 0 0 0 0 0 0
1 -364 -7812 -4882 -790 3125 1290
4 0 0 0 0 0 0
3 -1776 -6492 -5322 -359 -217 -370
3 0 0 0 0 0 0
3 0 0 0 0 0 0
1 572 -11204 -11820 -12337 2669 3827
3 -866 -6928 -6356 -697 4031 1459
1 -2062 -11706 -13030 -22934 1566 3537
3 938 -9174 -13246 -10735 3514 -1
2 6700 13546 -2876 10419 3801 3738
4 -1398 8582 -2638 2071 3510 -1008
2 6418 17076 -6028 19612 -930 8825
4 -466 12864 -10264 13510 8437 -275
1 -492 -960 -6832 -21630 9327 1232
4 3720 8620 -11168 25374 7055 7785
4 2132 1670 -4828 22031 7539 10813
1 0 0 0 0 0 0
3 1600 -6206 -14504 -22179 7415 -4657
3 752 50 -6988 -20815 15752 -4059
2 3630 7046 -4896 19156 10098 16878
2 558 728 -2470 10414 12262 17070
4 2188 -2042 -3712 11749 5705 7171
2 4236 -1030 -850 2553 11805 13192
2 2796 -2880 -412 3485 -2883 5008
4 1478 -4836 -2716 5634 4589 3398
1 2574 1110 -4022 -4797 11427 -4156
1 3550 3796 -1314 -3754 3513 -2321
3 1878 2130 -4502 -12854 13005 -2588
3 3032 4350 -1064 -7578 9850 735
2 2568 -5210 -12 2489 1554 3927
4 918 -9488 -1504 2734 4091 -50
1 3696 4584 -1188 -1748 1971 -2810
1 1650 7330 1450 -644 -1569 -1224
4 0 0 0 0 0 0
2 266 -8254 1716 1176 -1112 -2173
3 5620 7132 3480 -5157 8408 2921
3 2738 6292 7600 4120 4725 3806
2 -6096 -19878 10386 -9150 5859 -10512
2 6812 14422 -1422 -802 -26377 -10837
3 3840 -304 7936 20077 2606 13375
3 12426 9446 4198 2514 12504 967
1 -4050 18852 916 14531 4609 8476
1 5012 -10230 -10228 3087 -805 3511
4 32767 32767 -32768 -15660 10041 -4998
4 6230 -6400 -1972 -2385 19612 3014
1 2770 4040 2934 -12555 2674 -4467
3 4378 -1308 -1068 -143 -1216 -9368
3 1192 5014 4526 -1059 6443 -3132
1 2018 5758 2418 -1081 -1919 -2530
2 -570 -8478 6380 7207 -7421 8994
2 540 -4914 3054 -132 402 2399
4 -202 -2614 904 3696 -5055 6004
4 824 -6896 938 3860 2510 2791
4 958 -7558 -270 937 -458 937
1 1912 6414 1068 -442 1031 598
1 0 0 0 0 0 0
3 800 6478 3580 600 345 -1707
2 -304 -5148 2144 26 880 -177
2 1162 -5716 2078 -954 104 -3067
3 2776 6278 1782 991 -426 218
4 0 0 0 0 0 0
2 0 0 0 0 0 0
3 0 0 0 0 0 0
4 0 0 0 0 0 0
1 2538 2566 208 187 -2940 1996

1 -200 -7930 -2172 -4640 -1737 2088
3 -2446 -7306 -5000 -6819 -377 1789
2 622 8040 1304 6448 1569 1461
4 -1130 9408 -1266 6790 273 -4123
3 0 0 0 0 0 0
1 0 0 0 0 0 0
2 244 7416 1276 3274 212 -156
2 0 0 0 0 0 0
4 -474 8668 -1040 6867 2422 -4099
4 80 7022 -1846 4021 2572 -2092
4 4816 8170 -5786 3043 21435 3794
4 9268 13926 -14784 18151 -5303 16330
1 0 0 0 0 0 0
1 0 0 0 0 0 0
1 -2696 -8690 -7046 -290 -388 -1754
2 0 0 0 0 0 0
2 4484 11722 -4546 -1246 -775 -3099
3 -910 -6036 -4602 -2437 2099 1766
3 2410 -7706 -10858 -1728 8945 -421
3 2184 -8394 -18412 -19441 5255 -10245
3 -2220 -3738 -8422 -25490 8910 -11031
1 -522 -10070 -13730 -12362 6115 5767
1 -2228 -7430 -15778 -24656 9999 4293
1 1776 -1078 -8146 -26526 15331 320
3 -2942 -310 -2548 -16293 9564 -5287
3 -230 3474 -330 -8961 5085 -1847
2 4056 17122 -9368 17575 2034 -1280
2 -5994 12506 -10010 22508 5594 -2668
2 10038 930 448 17363 32767 31108
4 -652 8438 -6068 24606 -4154 18685
4 -3080 1302 -1546 14803 -209 8820
4 -1668 -2992 -2200 6221 1358 1588
4 -120 -6336 -3126 2133 1295 845
4 -1268 -7736 -3102 332 297 509
4 0 0 0 0 0 0
1 938 5734 420 -10054 11392 1040
1 482 -144 -244 6402 9795 2529
1 3246 -1736 -2780 6068 2759 425
2 3002 -3436 -1386 2276 2114 11299
3 1666 6174 508 -3152 1513 -713
2 624 90 -402 -6549 9049 639
3 1972 7954 742 417 -593 -43
2 5332 1970 -530 -3375 497 -3248
3 0 0 0 0 0 0
4 -1896 -8130 -5292 1258 -3621 -1157
3 1376 10404 -2328 -1829 -1501 924
4 -5990 -12598 -2730 3071 -7664 -3707
3 -2744 12718 1280 -5985 -4551 3423
2 0 0 0 0 0 0
1 4182 2802 -786 -1184 -3450 262
2 0 0 0 0 0 0
1 8916 5066 -2008 975 2458 814
2 1108 -8322 -396 -1979 -18 -2772
2 -14800 -9426 9902 -10042 -25429 -27519
4 -3584 -10186 3454 -6787 -3466 -7716
4 9044 7398 -2992 5880 2013 3291
1 3090 5252 -2186 5420 -5660 1051
1 -932 4982 9080 9531 -8569 3078
3 2892 7978 11618 6494 371 11450
3 4480 -8072 922 -9704 -5294 -2598
1 5302 -3444 -5332 -6975 -6441 -2670
1 7252 6122 -578 -2374 2133 3413
2 196 4724 370 9043 -12531 4941
2 4766 -7522 2946 834 -1793 -974
3 0 0 0 0 0 0
4 4400 -5350 3502 5229 889 3713
4 -602 -8880 -1116 -5776 3431 6179
3 0 0 0 0 0 0
1 8164 3804 -2884 322 2143 554
1 5772 2440 -2534 -505 822 163
3 0 0 0 0 0 0
3 -472 9162 -3422 2794 2002 513
4 -5622 -8048 -8438 -7877 4751 3196
4 -4582 -6586 -7058 -3355 1563 44
2 8290 -3700 168 347 3238 -104
2 0 0 0 0 0 0
4 0 0 0 0 0 0
1 2150 -1412 -2432 -3862 -6660 -705
3 0 0 0 0 0 0
2 2828 1436 830 3445 -7347 -15

4 98 8316 -1800 4952 1906 -1033
1 -260 -7458 -2568 -2932 888 2314
2 522 7624 1224 4066 760 697
3 0 0 0 0 0 0
1 0 0 0 0 0 0
1 0 0 0 0 0 0
4 0 0 0 0 0 0
4 -968 6770 -1126 541 277 -172
3 0 0 0 0 0 0
3 0 0 0 0 0 0
2 520 7126 1010 635 1313 -183
2 0 0 0 0 0 0
2 802 8508 606 -4659 713 -1488
4 0 0 0 0 0 0
4 18258 14252 -13736 9981 7031 7585
2 0 0 0 0 0 0
2 -706 13012 -5436 7461 5215 400
3 0 0 0 0 0 0
1 86 -8026 -3266 5610 -2527 -2839
3 14718 -11514 -16856 -6989 7494 -5415
1 -762 -8716 -4326 4138 -10527 -3853
3 5846 -13016 -14126 -8814 8597 -18757
1 -4040 -10204 -9736 -5376 5325 4628
4 9544 17252 -8176 11469 -4161 24182
4 -3962 13700 -3308 5824 -7747 19897
1 -330 -9782 -16046 -23576 1141 2335
2 13114 13646 -7276 17972 5333 16944
4 -6006 2566 -1058 5235 -3644 6488
3 -7518 -5898 -7080 -8803 3376 -16781
3 -1742 -290 -3384 -5443 5075 -5105
2 6802 8526 -3906 18526 -154 22667
2 4974 4170 -2934 11074 1715 19901
3 2786 2692 -3070 -4996 510 -3634
4 -1188 -1590 -3114 3928 -2460 855
1 44 -6532 -10192 -28656 4373 -1879
1 1378 -1424 -6216 -18982 6459 -4768
1 2148 1420 -3592 -11057 4939 -4095
3 0 0 0 0 0 0
4 -2550 -4416 -3826 1719 -3521 261
3 0 0 0 0 0 0
2 3032 712 -1828 6145 -2788 12515
2 1152 -5516 -1056 1151 3438 6204
4 0 0 0 0 0 0
1 994 5318 -1576 -3963 3942 -2337
1 0 0 0 0 0 0
4 -10264 -2784 -5986 3343 -8149 -7146
3 -96 8540 -6122 -10823 -4535 268
4 -7300 -5416 1018 -3834 -584 -15017
3 1642 7740 3908 -1705 -4709 6554
1 0 0 0 0 0 0
2 -120 -5920 -4666 -2425 1950 -5
2 590 -5776 -8896 122 1657 -1670
1 12128 -5130 -26382 12038 15266 9329
2 -32768 -24000 5382 -28 8781 -18157
1 3496 -2234 -6426 863 3211 -604
2 11596 7548 426 -1332 16503 3248
4 16078 -2694 16598 -8402 23393 -9561
3 -1948 -3438 -5182 13549 -2073 10814
4 5748 -5636 -1152 -1450 6129 419
3 5516 4450 2880 -2469 6883 813
3 4132 984 -3654 318 1021 -2445
1 1820 3380 -396 -8221 8324 4239
3 2546 4404 564 -3997 -117 -1736
1 2796 8572 -4240 -993 -749 301
4 902 -994 -5120 3636 -2621 2855
2 0 0 0 0 0 0
4 0 0 0 0 0 0
2 2946 -6670 -1800 2032 145 1972
2 0 0 0 0 0 0
4 1418 -4652 -2284 2911 3167 -2779
1 1786 7062 -4362 828 347 -528
4 638 -2302 -878 -1519 -3789 -3407
1 0 0 0 0 0 0
3 3166 4462 1516 11 460 1122
1 0 0 0 0 0 0
3 1320 1052 -744 2545 -4783 1018
3 716 294 -1876 7384 -9251 4338
2 0 0 0 0 0 0
4 -92 -856 -772 -9863 -5538 -5863
2 0 0 0 0 0 0

4 -590 7656 -1732 334 352 -330
3 -1620 -6348 -5198 -184 869 139
2 922 7958 998 246 222 66
1 0 0 0 0 0 0
2 0 0 0 0 0 0
4 -608 7990 -1632 172 60 -76
1 0 0 0 0 0 0
3 -1672 -6302 -5204 9 180 234
1 0 0 0 0 0 0
1 100 -10180 -12926 -12046 -4536 1867
2 -266 9274 -2408 -316 -6329 -618
2 4338 13030 -4026 7684 4754 3789
3 0 0 0 0 0 0
3 -4600 -6314 -13830 -6968 -6101 336
4 0 0 0 0 0 0
4 -6182 11484 -6412 5171 -2844 -2102
2 4994 13208 -4388 13339 4640 10895
2 6364 14874 -2936 17028 1112 18178
4 350 13656 -15262 27748 16130 3131
3 -7416 -7202 -19938 -22427 15061 4163
4 2158 8200 -5388 30537 5152 9142
3 -642 -4746 -6450 -25427 22820 -3597
1 -2416 -9500 -10464 -21821 6195 2090
1 1650 -7106 -8062 -25785 -621 -1899
1 -180 -124 -3326 -19230 -2142 -1225
2 3196 3884 -1354 18316 -9572 18042
2 -1650 -4522 2332 15221 -12015 3200
1 -1586 5928 -108 -8253 -4925 3466
3 540 -2464 -840 -15908 11918 -4337
3 2200 2284 454 -6301 2910 1570
4 118 1402 454 17385 2759 3839
4 1054 -3510 -898 5719 42 92
4 2270 -8366 -658 2171 -199 309
3 6858 7026 2186 -1400 1716 1936
3 0 0 0 0 0 0
4 0 0 0 0 0 0
2 1928 -4964 -1630 9711 5011 4623
2 0 0 0 0 0 0
1 2580 6880 -2922 -4688 2262 2276
1 -1422 7442 -2002 6534 1857 2116
4 2766 -14376 6866 -12192 6013 -2513
1 124 7778 -4524 8613 3944 2702
1 3422 -2774 -8484 16547 -11747 6469
3 8310 9052 15976 13968 5837 5053
2 4784 -7446 -3656 -5691 8605 -8227
2 4970 -32768 -15840 8354 -10895 -9393
3 -1144 8952 -6480 -17632 -2991 -259
4 -5044 9240 1442 14731 -5178 -3664
1 -4006 366 3660 -17591 8979 -226
4 5314 -6060 3912 8865 -4148 6058
1 132 6020 -4914 -557 -8717 -3793
4 1574 -9696 3888 3560 0 2074
3 1336 884 1370 -9408 -5094 -8471
3 6222 6432 5690 -5594 -663 -1389
2 -4520 4076 1076 12651 -11423 8020
2 3624 -5338 -374 -847 -4549 -1
2 2724 -6550 -4110 -706 -2914 1173
3 5106 7234 3464 367 781 -928
3 0 0 0 0 0 0
2 0 0 0 0 0 0
4 1272 -8672 1666 -1343 -557 1018
4 1118 -6366 -742 -4071 -716 139
4 466 -3120 -176 -8293 -2783 -2749
3 1628 2584 1092 6079 -4060 838
4 48 -752 282 -19805 -9154 -8163
3 48 488 650 14809 -11354 7050
2 2654 -1792 -1632 -7248 -841 -3152
1 -1228 8738 -2526 -2439 -1167 -1960
2 1700 1278 706 -17247 2804 -9156
1 0 0 0 0 0 0
1 602 2066 -1954 8121 2402 101
1 906 -2772 -644 21160 3265 2334
2 1810 14726 3304 -30329 10848 -25871
1 4464 -15390 -8520 32767 -1025 3118
2 2492 14254 -1074 -13285 32767 8636
4 -4762 3990 -3296 -29654 -27880 -278
4 630 14942 -13090 -24826 -91 3394
1 -470 -12684 -11728 18320 17400 -5938
3 2982 -5072 -8124 26716 -18891 9124
3 -7416 -8578 -15204 20695 -30825 -9487

1 158 -7476 -1980 -4373 3910 4125
3 -1732 -6482 -4684 -283 743 792
4 312 7882 -1476 1638 -8092 -1752
2 -320 6810 1622 1879 1214 -172
4 -1600 7888 -932 1459 -2494 -1004
3 -2042 -6616 -4822 257 674 580
2 984 9134 1412 -236 5702 1611
1 664 -7894 -3142 -975 -226 936
2 1484 7302 1434 738 -1651 -667
2 570 8318 1434 64 -633 114
3 0 0 0 0 0 0
1 -168 -6686 -2494 356 -2264 -690
3 -2030 -6382 -5146 2359 7117 2299
1 0 0 0 0 0 0
3 5270 -8586 -14196 -4055 9779 -902
1 -760 -8152 -4930 873 -3484 -1619
4 -1124 7700 -732 -48 8277 206
4 3068 8714 -4244 485 10313 1875
3 5618 -10322 -16934 -14995 12957 -11587
2 0 0 0 0 0 0
2 518 10432 -2040 3635 8047 875
2 5970 14578 -4288 14194 10789 6662
3 4768 -7444 -13958 -14791 16157 -14178
4 8488 10604 -10222 9241 6040 5438
1 966 -7582 -9172 -5142 12849 5701
1 2078 -10986 -13226 -14564 9101 4410
4 9462 12466 -11864 15990 4953 15166
1 -1668 -7402 -10726 -23803 -553 965
4 0 0 0 0 0 0
4 1574 4040 -3870 13434 6968 12667
3 1438 -4382 -7682 -13527 11917 -11796
4 912 150 -322 6883 4237 8119
3 830 -1270 -1242 -7454 9579 -6074
1 768 376 -4422 -23924 14647 -3708
1 1902 3820 -4984 -14440 15140 -5590
2 5182 13130 -4718 18808 1866 16110
2 4290 2558 -2054 15367 8469 22773
2 5698 -1494 -3382 7345 9495 18322
4 994 -2504 962 4720 1248 4423
4 1336 -5856 1588 3683 -761 2317
3 284 1170 1522 -5319 4424 -3837
3 1874 3954 5058 -3618 3657 -404
2 4708 -3470 -1800 5240 3715 10323
1 3162 5662 -2334 -8882 9364 -4106
2 -92 -6466 1426 3076 1857 4318
1 648 6008 2216 -3009 3103 -832
2 618 -7114 1698 -448 258 -1325
1 964 6678 2960 1988 820 1192
3 3066 4664 5092 -1473 1377 268
4 1596 -7038 2502 1867 135 258
3 0 0 0 0 0 0
4 2764 -8186 2510 -244 373 -589
2 1322 -7282 1562 -3620 2274 -5544
1 1070 6584 4266 8196 -622 3544
2 -1924 -3772 4796 -11259 13643 -15539
1 2470 -1398 1930 23239 2734 10428
3 3636 7412 8322 2916 -841 1775
4 1596 -10102 4738 -4853 -1353 -1448
3 4066 1072 9832 24576 -3637 13643
4 1734 -5204 4464 -23444 2823 -10360
2 -964 2758 6520 -2057 2936 1001
3 10654 -398 20 4184 1305 875
3 3570 2062 -1402 -3834 5293 -3192
2 6238 -512 -152 5153 -2368 6953
1 10210 1016 -2286 -9 10095 1313
1 3320 266 -4922 -8489 -2725 -1373
4 5776 116 -3706 -3635 3869 3242
4 1094 -3292 -916 3844 -836 3667
4 0 0 0 0 0 0
3 4678 5634 2312 -1416 2040 -2141
4 570 -3808 452 2259 -5252 -1038
3 1196 2934 1438 -1536 -2743 -2318
2 1664 -7662 1616 3339 955 2914
2 1354 -4954 1380 1891 -1068 -1215
1 0 0 0 0 0 0
1 2712 5712 1494 -1385 -1626 1264
1 1614 1928 166 654 -4170 3878
2 2486 -1844 1168 949 -5556 -4917
4 2018 886 320 4739 -6660 -1604
3 -524 -1232 320 -5118 -5524 -1331

2 1382 8542 322 801 -1275 75
3 -1114 -6810 -5246 -572 252 584
1 -530 -7850 -3350 -87 1217 414
4 -584 7976 -1774 1321 156 -629
1 0 0 0 0 0 0
2 0 0 0 0 0 0
3 0 0 0 0 0 0
4 -574 7792 -1674 1040 186 -228
1 0 0 0 0 0 0
1 936 -7616 -3258 -2750 210 2060
2 0 0 0 0 0 0
2 0 0 0 0 0 0
2 888 13584 -2928 5189 7637 -195
4 1048 8826 -5484 -379 6375 698
4 11524 15122 -13680 12751 5822 6734
4 3902 16894 -11928 21824 3466 17214
3 2140 -7498 -8710 468 6998 2363
3 7930 -13182 -18588 -12380 9735 -4338
3 2186 -10580 -15740 -18255 16237 -13143
2 18396 15236 -3400 19194 4712 17293
3 -2626 -6724 -8860 -17872 14050 -15420
1 -5708 -11768 -7010 -2595 729 3465
1 1546 -12254 -16504 -28112 -356 4675
4 -1120 10238 -4582 22363 1712 16887
4 -1888 3148 -494 15661 -874 11154
4 -1576 -2232 1170 9991 -1507 4574
3 -2968 -2228 -2204 -14800 9109 -10921
3 -1432 1604 2126 -10286 7728 -3572
2 2462 8700 -3890 21225 -1079 15246
2 1134 -394 -2214 13952 8560 16214
1 -748 -3426 -5288 -29566 8850 4342
1 -1664 1482 -2218 -16716 8116 2421
4 -1428 -6030 1612 5856 1603 1660
4 -1910 -8426 1098 2963 -53 2395
2 592 -2344 -878 3918 9140 11040
2 2642 -4136 -2160 1504 10074 6267
3 190 4630 4498 -6714 4064 159
3 2058 6294 5690 -4298 758 930
1 0 0 0 0 0 0
1 1662 5868 -1106 -3052 15478 937
4 -3082 -10132 2374 741 -2060 724
1 2020 9548 2330 -429 2948 669
1 3700 9232 1674 4550 -2181 773
4 -3380 -12670 8008 -6366 47 -6261
2 1676 -7772 -2356 2547 -462 1447
2 1902 -9156 1122 1493 -761 -1658
2 -390 -11258 4090 -3984 3507 -5927
3 2708 6098 8830 -2052 -1306 -821
3 700 5850 12868 5671 -3851 3398
1 2592 6364 2036 13131 -1747 3134
4 1114 -8770 2686 -19561 8116 -12532
2 28632 -17650 -13638 10914 -4138 -2534
2 1426 2692 592 5977 -712 4933
1 9732 -5078 -8640 15423 -29425 -6389
3 2816 6694 8346 18257 -4671 10997
4 -7370 -4396 3894 -218 3951 3363
3 9410 32767 20316 -9389 12222 -3039
2 1624 -6406 2058 4877 -2033 1896
1 5056 1412 -3608 -7913 7781 1554
2 670 -5712 1766 2029 -8 -293
3 6400 -2058 -648 3280 -3292 -2944
4 3916 -56 -4888 -1732 6019 233
4 0 0 0 0 0 0
3 1400 696 320 -3437 -190 -3225
1 2066 6598 780 -8737 -83 -1174
3 804 348 80 -7322 -1192 -1018
1 1548 5972 1560 -4313 -1892 255
2 1044 -2368 1456 915 -6685 -5243
2 1758 -2794 -758 -3446 -7439 -7058
1 0 0 0 0 0 0
1 922 2530 292 4074 -8080 5673
3 0 0 0 0 0 0
3 1808 3100 -4202 19476 -20240 4284
3 -2212 -108 -13610 25181 -26797 -4497
1 638 2506 -2032 18676 -17079 4506
4 0 0 0 0 0 0
4 760 -5448 -4 -4416 -4136 -1723
4 -50 -1724 -5466 -21913 -9763 -5770
4 -4274 9702 -13020 -29181 -4790 -6193
2 1060 -2858 -1940 -14642 -9200 -11577

3 -1474 -6534 -5232 739 -260 -411
4 -838 8002 -1848 -353 -43 -5
3 -1550 -6518 -5356 452 -229 -282
1 176 -6490 -2770 2660 -647 -1447
2 1036 7318 976 -3545 -463 -1039
2 0 0 0 0 0 0
3 -1508 -6532 -5308 101 -100 -72
3 0 0 0 0 0 0
1 0 0 0 0 0 0
4 -734 7918 -1864 -77 54 -244
4 0 0 0 0 0 0
2 0 0 0 0 0 0
2 900 9010 854 -3864 605 -1193
3 0 0 0 0 0 0
3 -966 -7558 -8180 1598 10971 3449
4 0 0 0 0 0 0
4 3570 12914 -8670 7875 6993 696
1 0 0 0 0 0 0
1 -50 -8758 -3508 4338 -744 -2933
1 -360 -8096 -3730 1962 664 -891
4 4318 13280 -12826 22548 1864 7442
4 2382 8028 -7076 24589 5984 15265
3 3292 -10196 -17158 -17215 3464 -3360
2 1370 8814 64 -1508 -464 -1270
2 0 0 0 0 0 0
3 678 -6070 -12084 -23160 11890 -6492
2 5734 13784 -2532 12219 10239 5633
1 -1900 -8756 -7732 -2181 837 2551
1 2612 -11106 -11868 -15353 6325 6237
4 -1264 4100 -4624 17808 3660 12723
3 -520 -2914 -9046 -18392 14031 -9318
4 -2248 -608 -2420 12956 2261 5830
3 -1684 -32 -3758 -15489 10578 -5723
2 8304 19486 -4768 19502 2763 17517
2 3410 12116 -3040 20139 5257 27236
1 -2408 -12344 -12742 -24509 3980 1967
1 -2290 -7390 -8230 -29727 9724 -1334
1 1318 -1362 -4382 -19394 10354 -7339
1 -146 72 -806 -8854 2595 -4816
2 3002 4542 -2210 9174 3229 22048
2 -204 1322 -738 5471 -2493 10314
3 -576 2750 1202 -10976 7852 -1183
3 1092 5312 4590 -7595 3830 983
3 3410 6858 9358 -4139 243 3381
4 -1688 -5108 598 8657 1014 737
4 -274 -9280 1920 4122 -1668 -2162
3 0 0 0 0 0 0
2 -1030 -4648 108 4777 -22 3718
1 -74 5278 1002 -3761 2507 -440
2 -3574 -11846 3294 815 -146 -3414
1 -1838 9906 4612 1987 -451 2657
4 878 -13092 4714 1364 -834 -3598
4 376 -13670 9644 -9840 2283 -4600
4 472 10452 2076 -28460 9674 -12772
3 1524 2736 11064 18855 -984 9351
3 -32768 -5676 -12342 -16562 -32768 -32768
2 36 -7688 7120 -12815 18844 -20492
2 1452 19264 -362 -931 2631 635
1 14272 8642 -32768 17835 -9273 15077
4 4554 -1592 -1888 -251 8646 3072
1 2944 -5500 -5682 -525 -65 2413
3 9354 -356 1002 1751 1286 -2791
2 1226 -7602 2288 7864 -1019 10198
4 564 -776 -1612 2442 -2476 4403
2 498 -7822 2292 584 435 1841
4 -440 -3840 326 4753 -1476 775
1 2732 4488 -1234 -13586 4544 -2591
3 1712 938 388 -4336 1389 -4365
1 1558 7936 2564 -3042 448 -1406
3 1500 572 1798 -3470 2541 -502
2 852 -4984 1880 -545 -880 -1114
3 2808 3546 2514 1350 -418 1133
4 0 0 0 0 0 0
4 -98 -5004 204 -8395 -3000 -3989
2 2448 -604 2264 -2179 -6165 -2713
1 1552 5202 1356 629 -1880 842
1 1598 778 -398 1633 -3451 1711
1 118 86 254 7082 -11622 1563
4 -180 -2320 -4638 -23725 -11038 -6531
2 -576 -236 3086 -10320 -18741 -7328

3 -1430 -6580 -5160 -242 -50 69
4 -608 7888 -1630 145 91 -50
2 1048 8024 756 251 735 138
1 -128 -7770 -3238 291 -1432 -194
2 978 8194 796 278 814 183
4 -644 7904 -1672 -19 131 35
4 0 0 0 0 0 0
3 0 0 0 0 0 0
1 -286 -7632 -3170 91 -246 76
1 -3474 -8116 -976 695 3078 625
1 3200 -8884 -7632 -2827 23242 4550
4 2772 10400 -8826 3083 7712 71
2 0 0 0 0 0 0
2 552 8752 1326 -230 19686 2392
3 0 0 0 0 0 0
3 1194 -7628 -12572 -4087 1323 700
4 3414 16292 -14644 21144 4765 5453
3 -472 -8890 -18222 -18730 6539 -1111
1 6392 -11868 -12612 -15962 6489 -3168
1 4434 -7852 -11470 -26067 4183 -10526
3 -3156 -5666 -13376 -24474 14942 -2001
4 824 10306 -7776 26881 8253 10961
3 -1116 -3010 -5404 -19995 16541 -3956
4 948 4388 -3338 20435 6859 11061
2 10142 12794 288 6581 9770 11395
2 12260 13806 -1736 12484 -3215 21290
1 1378 -976 -6646 -20971 11050 -9230
2 6310 7472 -3318 11007 2227 24087
3 362 -684 -292 -13607 10409 -2726
3 1798 3146 3768 -7574 6376 991
4 130 340 -834 13050 1870 6447
2 4782 4706 -4158 6737 4363 20379
1 846 116 -5504 -12579 8114 -7420
4 800 -5278 1322 7157 1375 1143
4 1808 -9706 3192 1742 1512 -2163
1 576 2828 -354 -9070 2267 -5374
1 944 7750 3402 -2897 163 -2139
2 410 -818 -288 6352 -989 11662
2 362 -6056 1304 4283 285 4032
4 0 0 0 0 0 0
3 4736 5892 5586 -3183 871 3266
3 0 0 0 0 0 0
3 4738 6534 9402 10112 43 6387
4 3026 -10054 3794 -10981 4012 -4545
3 -32768 17854 32767 24729 -29324 2551
4 -10012 6600 -9498 10164 28982 23203
2 -3566 -13300 5108 -491 -1304 -2855
1 -3466 11562 16848 7140 3365 2083
2 -12922 10046 -20958 -13282 -5088 -32588
1 -32768 -6964 30122 14710 -32768 -19729
3 4564 1590 1372 1983 -2521 -784
3 3038 420 -222 -2349 -948 -2836
2 8072 -1624 1474 1101 4165 4730
2 3052 -3710 1888 4249 572 6138
1 4200 -1404 -3224 -115 898 230
4 4700 -2392 -3128 -3747 8073 -184
1 4230 3484 -2210 -6200 2797 55
4 2042 -64 -2496 1908 -1351 3210
2 2080 -7568 2444 1171 1050 1936
2 0 0 0 0 0 0
3 3870 2302 2556 -1904 1230 -762
3 2640 1186 1320 -2379 -3568 -2256
1 3478 8098 1218 -3322 282 -793
1 0 0 0 0 0 0
4 2502 -3712 624 3891 957 374
4 3014 -2442 574 3156 -4599 83
2 0 0 0 0 0 0
1 0 0 0 0 0 0
3 1596 2272 1386 878 -5517 -220
1 2106 1264 -890 448 -5219 -73
2 2606 -510 528 -581 -5099 -2643
3 1542 2498 -1326 13435 -13631 3198
4 1496 -3980 580 -1730 -5676 -1364
4 1720 -2366 -1744 -14954 -6235 -5980
4 3064 3544 -10364 -26448 -10972 -11386
2 820 -766 152 -3672 -6399 -6840
2 -1148 2394 -322 -16804 -6713 -17205
3 1080 -1064 -10734 23326 -21883 9695
1 -118 530 -1242 4890 -7528 2372
1 -1948 1000 -1296 21325 -11945 2363

3 -1200 -6548 -4786 108 590 884
1 -28 -8804 -2880 -4424 1039 4500
2 130 9032 2150 7028 2112 -729
4 -510 7670 -1526 -353 756 -357
1 3586 -7520 -2718 -5895 10913 4500
3 -1140 -6538 -4986 905 25 186
1 652 -7044 -3196 -1919 -4367 1266
3 0 0 0 0 0 0
4 -364 7716 -1684 -1087 478 106
4 0 0 0 0 0 0
2 4580 7228 4156 4155 20885 7983
2 0 0 0 0 0 0
1 -34 -6764 -2704 505 -517 -817
4 0 0 0 0 0 0
1 624 -7270 -3520 3360 -2622 -2529
3 0 0 0 0 0 0
3 0 0 0 0 0 0
2 -568 7188 1026 -985 -3911 -820
2 0 0 0 0 0 0
4 0 0 0 0 0 0
2 0 0 0 0 0 0
4 0 0 0 0 0 0
3 0 0 0 0 0 0
1 -1416 -8182 -3576 2530 -2168 -2871
1 0 0 0 0 0 0
3 3192 -9282 -12950 -5924 2972 38
3 2212 -9750 -15642 -19483 5820 -6675
3 -2364 -6182 -10872 -22857 10150 -9012
2 758 8616 114 -874 -923 -778
2 0 0 0 0 0 0
2 2540 10538 -2508 4495 3651 1923
4 4238 12666 -9642 9803 -4918 -61
4 2484 14398 -12286 23918 -1049 8396
4 -1128 9014 -6488 25577 2669 10910
1 -1386 -7552 -4580 -24 275 217
1 -2818 -8956 -6044 -3579 4466 4520
2 3466 12748 -4426 12300 6313 6861
3 -1904 -1894 -6298 -19246 10178 -5459
4 -2072 2628 -3658 18572 1944 6043
1 -2108 -9154 -12944 -11522 3564 6481
3 -726 1502 -1930 -14373 7692 -2034
1 -56 -9036 -14580 -22684 7984 2274
4 -1790 -2040 -1070 11948 2088 1387
4 -180 -5580 -528 6762 743 -354
2 5216 12578 -4486 16548 3918 15167
2 6232 7906 -4170 15401 5582 21451
3 1476 4392 1650 -9243 5640 318
2 2240 1836 -1770 10018 870 17596
3 2714 6278 3534 -5051 3164 897
1 -286 -4312 -7914 -25691 13124 -3339
4 258 -8622 224 2686 -1458 -1230
1 1430 -530 -4164 -16897 6862 -8074
3 3368 8360 5706 -2816 258 1581
3 0 0 0 0 0 0
1 -1472 1936 106 -8967 1454 -3685
2 -578 -1522 -1286 6264 -729 8291
1 -1474 8614 3356 -2656 1698 2169
2 308 -8502 -1206 4588 769 2357
4 486 -11212 -434 414 319 -1151
4 -228 -13594 1236 -875 1532 -3633
4 -374 -10696 4160 -12377 749 -6985
4 -9456 -8552 -4788 -1044 -6285 -324
1 580 8924 5566 7898 472 4825
1 32767 32767 4600 -22675 32767 -2352
2 -870 -11538 2528 -166 -613 -3630
3 1672 5476 15778 12922 143 7815
2 8996 -2448 27608 -1040 15344 32767
3 20164 -28682 -15708 -4624 -2959 -19085
4 4234 -2588 -294 -222 3870 3910
4 2192 -3942 -3756 -552 -705 3873
1 -1832 -5186 -6188 -900 -11543 -402
1 1590 5528 -546 -9052 3477 -171
2 7066 1052 -3828 6347 -8807 2191
2 802 -7046 2846 4585 -2834 4425
3 6230 376 2474 759 994 -3417
3 3176 2744 -806 -493 2656 -4138
1 2082 7570 1964 -3847 -411 -495
4 -194 -5626 -4316 -102 138 2361
2 860 -6302 1208 145 -370 1066
3 1922 5742 364 64 2244 -2312

4 -778 8084 -2010 418 -198 308
3 -1908 -6570 -5418 -932 -460 -817
2 996 8372 240 -1014 235 -199
1 -722 -7978 -3540 2649 990 -718
3 0 0 0 0 0 0
2 0 0 0 0 0 0
2 0 0 0 0 0 0
4 0 0 0 0 0 0
4 0 0 0 0 0 0
1 -522 -7884 -3738 970 -51 360
1 0 0 0 0 0 0
1 1098 -8104 -2428 -1976 3106 -8
2 0 0 0 0 0 0
2 0 0 0 0 0 0
3 0 0 0 0 0 0
3 -2046 -6450 -6570 -325 3597 2071
4 0 0 0 0 0 0
4 154 13004 -12662 14928 7066 137
1 -1188 -8636 -3406 -2041 -4874 794
3 2272 -9304 -16684 -14582 4476 -532
1 734 -7526 -5038 -3930 6255 2085
2 3144 9978 -1630 3897 5265 1112
3 272 -6156 -14276 -23537 12132 -4587
4 1198 11622 -11748 27045 7489 7211
1 1454 -10542 -11490 -13082 340 1107
3 -1502 -2582 -8710 -21549 14177 -5949
2 4630 13068 -3922 10841 6286 4777
4 238 5152 -5188 24780 8800 11257
3 -820 -510 -2804 -16820 10855 -4275
3 944 2370 1724 -10119 8156 -156
2 5922 11398 -5092 15233 8475 16296
1 1898 -8770 -13478 -23974 6427 -2545
2 5472 7042 -4950 14535 4130 20448
1 1738 -3168 -7508 -24140 8107 -5372
4 -542 798 -1446 15952 2841 6440
4 338 -3408 482 8718 2049 1166
4 1924 -7178 1590 3243 1982 -1030
1 924 408 -4606 -15085 8188 -5187
1 1036 1996 -2660 -10051 3621 -3996
4 2936 -9944 1458 -416 964 -1280
3 3552 4920 4876 -4719 4797 2581
2 3490 1536 -3062 9758 7738 19331
3 4526 6716 6782 -897 1829 3595
2 3392 -476 -2394 7056 1265 12664
3 0 0 0 0 0 0
4 3212 -11188 1066 -2519 2479 -1710
2 -742 -5382 112 6587 -2055 4853
2 784 -10910 1666 4158 -704 640
4 2996 -10338 2170 -5387 5212 -3015
3 4358 5388 6522 8062 1398 4729
1 -122 6712 856 -6457 2965 -1503
1 906 10702 3360 -1172 -127 456
4 3956 -2928 1264 -18373 8364 -8529
4 7200 -3250 3842 -4948 -1631 1996
2 -390 -13658 9092 -7334 18752 -6488
2 18710 -12072 -8302 1451 -11307 -3074
3 2406 1230 3442 16335 -472 10626
3 2554 11976 10088 -1288 -7288 -2137
1 2670 8722 3766 17351 4749 8314
1 5422 3196 -9154 -3314 15112 451
2 5090 -2608 946 5776 5485 10078
2 -318 -6544 3338 2466 -661 3029
3 982 348 -580 -6552 -2409 -7236
3 2828 4490 4572 -3338 7398 -21
4 616 906 -3006 5240 -8807 5980
4 0 0 0 0 0 0
1 2674 2136 -1864 -10719 4084 -773
1 944 7076 3988 -4882 -1936 -1002
4 1560 -6700 1064 2429 -594 198
2 0 0 0 0 0 0
3 2256 4402 3452 -575 -544 -1179
2 2036 -1954 1454 -1857 -4671 -4187
3 1080 758 864 -3428 -3689 -955
4 2016 -2254 -70 2572 -4178 -724
1 0 0 0 0 0 0
1 1184 1360 148 2312 -4488 3345
1 2120 1192 -610 9816 -10324 6438
2 -176 -1920 -1192 -8217 -10804 -11030
4 0 0 0 0 0 0
3 0 0 0 0 0 0

3 -1190 -6468 -4856 -598 1031 1079
4 -630 7700 -1584 147 446 -636
1 -1562 -8230 -2116 -3260 -3605 1450
2 438 7906 1242 2682 -2161 903
3 -948 -6568 -4890 303 721 499
1 -58 -7468 -2780 -2763 604 1707
2 420 7734 996 872 -423 821
3 0 0 0 0 0 0
2 0 0 0 0 0 0
1 -484 -7268 -2482 -359 -902 1259
4 -424 7792 -1718 -439 515 -266
4 0 0 0 0 0 0
1 0 0 0 0 0 0
3 0 0 0 0 0 0
2 0 0 0 0 0 0
3 5252 -8008 -15490 -2593 6322 -7
1 446 -7386 -3122 2737 -6230 -3271
4 0 0 0 0 0 0
2 0 0 0 0 0 0
4 7862 11610 -12168 4228 6847 2435
1 -3968 -10364 -3858 -592 5804 1359
4 6248 16778 -14084 21554 3863 12124
3 2824 -10644 -18278 -19744 8308 -7610
1 -1254 -10508 -14420 -17691 6568 4325
2 2672 11284 -1870 627 4394 -1066
3 -1670 -7778 -13488 -24908 12539 -9362
4 1292 11900 -6918 25889 2411 16548
2 8362 14526 -5980 13829 3739 8660
2 3752 14946 -7196 20965 3743 17880
2 6812 3236 -2640 19913 5865 28888
1 -2646 -9620 -15974 -29154 5508 -666
4 -40 3532 -2382 19702 2442 11759
1 504 -1690 -3046 -30547 11307 -6068
4 -662 -732 -454 12644 1348 6080
1 -182 2194 -230 -14318 5258 -5075
4 -490 -4854 1190 7498 1328 1985
2 744 -502 430 8550 2029 15650
3 -1334 -2768 -5066 -20655 13645 -6737
3 -990 220 -228 -14192 9856 -3234
3 926 3152 4458 -7699 6695 -37
3 1902 5440 6324 -2304 1366 1408
2 1436 -1310 -1120 1793 749 4335
4 454 -8264 2872 2674 582 -543
1 1048 2950 -354 -1642 -3 -626
3 0 0 0 0 0 0
3 2134 7570 8828 7973 -1492 5263
1 1844 10506 838 1420 -230 1790
1 2186 9324 414 3943 1591 2308
4 0 0 0 0 0 0
4 -22 -11246 3020 -9045 -1405 -4446
2 1854 -8262 -1060 1476 984 -1298
2 0 0 0 0 0 0
3 3618 2684 7684 19803 -4664 13426
3 6456 -7116 46 4687 6644 -1047
4 7394 -7756 1078 -19733 12518 -7463
1 1674 9618 8654 11408 5312 4155
4 8504 -832 -2578 -5165 10871 626
1 -4928 -8384 -4902 2265 -10828 -4955
2 -7008 -17888 11646 -8983 8334 -8314
2 -8576 12844 3814 -4423 -32768 -17259
3 838 752 -1568 -3459 3439 -6494
2 -1906 -7580 3710 5772 -3066 5758
3 1962 5356 2716 -976 6709 -419
2 1232 -6844 1232 331 -327 -813
1 1928 4850 1020 -10414 5552 665
4 278 -776 -1430 3779 -7506 6305
1 2050 8218 1934 -1699 -1777 8
4 196 -6100 -844 2658 2913 1380
2 0 0 0 0 0 0
2 0 0 0 0 0 0
3 1948 5966 2656 668 -255 -755
3 0 0 0 0 0 0
1 0 0 0 0 0 0
4 1888 -6816 -1668 905 -390 293
1 0 0 0 0 0 0
4 0 0 0 0 0 0
3 1604 1052 626 -4154 -4101 161
1 0 0 0 0 0 0
2 0 0 0 0 0 0
4 2 -1608 964 3983 -5918 -2368

1 0 0 0 0 0 0
3 -690 -6930 -10154 -6910 -1895 -688
4 -356 9886 -5760 4553 2288 -1038
2 0 0 0 0 0 0
4 632 13080 -9228 14205 5873 2524
2 0 0 0 0 0 0
1 0 0 0 0 0 0
1 0 0 0 0 0 0
4 1876 12106 -8186 23357 4869 7773
3 -882 -8804 -13148 -15059 4118 -1391
3 -1652 -7336 -11638 -20792 8840 -1439
2 0 0 0 0 0 0
1 0 0 0 0 0 0
2 0 0 0 0 0 0
3 -440 -3500 -8002 -20594 11744 -2295
4 448 5932 -4660 22138 8164 11050
2 0 0 0 0 0 0
4 66 382 -2008 17358 2286 8183
3 1134 440 -2612 -16958 11943 -3000
2 2320 9718 -650 2549 6664 1895
4 148 -4942 78 11566 2145 4332
1 0 0 0 0 0 0
1 -646 -8338 -4770 -767 3484 102
3 2244 3926 1584 -12411 8125 -2053
2 11442 15300 -5070 9843 6264 11872
1 -1456 -13066 -16386 -18556 -3491 150
4 988 -7392 1270 7103 989 2302
2 4754 13320 -4654 17555 6597 29376
3 2650 5806 4184 -7923 3996 -777
3 2008 5884 5018 -4011 2099 -141
3 2226 5932 5122 -1218 345 531
1 -1046 -7132 -7526 -32768 22408 -5285
2 2292 4452 -994 12460 -2200 22511
1 -2150 -2036 28 -20539 8049 -6755
4 376 -8080 1656 4050 -107 1224
4 610 -8438 2514 1510 29 399
1 2284 2524 -2366 -6237 4058 -1200
2 1484 -2882 144 7387 -1126 11823
1 3262 4126 -2992 -4374 2435 -803
4 0 0 0 0 0 0
2 -214 -5110 2458 1568 426 2529
4 0 0 0 0 0 0
3 0 0 0 0 0 0
3 0 0 0 0 0 0
3 3054 9700 8874 3917 -1841 4750
3 -3856 18548 -2712 13460 2282 9374
2 -478 -5934 4272 -8385 7733 -11106
4 48 -14162 5264 -5560 -1561 -3924
2 -4102 9696 10832 -22214 14902 -26468
1 0 0 0 0 0 0
1 3302 7526 8974 1596 1788 521
4 240 -14132 3900 -13622 2259 -7438
4 32767 32767 -32768 -9770 18353 -2803
4 -382 -856 84 5104 5263 7727
2 6210 -2314 790 4074 9923 13299
2 0 0 0 0 0 0
3 10856 790 -460 13213 1470 7614
1 -6648 32767 -30816 6988 -4422 3212
3 7966 -1836 -6966 3900 7250 -1526
1 -3310 -4442 -1972 8596 -4689 -2058
4 -96 -5804 -276 2304 -2191 3974
4 552 -7274 -1612 1953 683 779
3 0 0 0 0 0 0
2 -1048 -7216 3282 6060 -1564 6596
2 -56 -8194 1298 1632 -401 -214
3 2978 7464 3364 -1303 993 -257
1 3440 3362 -4754 -8714 4177 1374
1 3864 8506 588 -3798 -733 605
1 5092 7876 -610 -189 -1077 534
3 0 0 0 0 0 0
2 0 0 0 0 0 0
3 0 0 0 0 0 0
1 0 0 0 0 0 0
4 0 0 0 0 0 0
4 0 0 0 0 0 0
2 0 0 0 0 0 0
1 0 0 0 0 0 0
3 0 0 0 0 0 0
4 2710 -4446 -1448 1799 -2453 -1232
2 0 0 0 0 0 0

2 1560 8786 1000 -3497 6192 -489
4 -1042 9238 -2338 3921 451 -1194
1 742 -7160 -3410 1797 579 -1431
3 -2170 -7644 -6224 -4215 1568 1431
2 1834 8500 1248 -1728 902 -760
3 -2286 -7726 -5132 -6749 3326 2824
4 -1218 9362 -1166 6981 1731 -2777
1 2024 -7310 -4594 4354 -7091 -3475
2 0 0 0 0 0 0
3 0 0 0 0 0 0
4 0 0 0 0 0 0
1 -2302 -8050 -3892 1209 -815 -3589
4 -870 7914 -812 4284 2912 -2042
3 -1814 -6882 -4484 -3404 3717 2106
1 -832 -8014 -2992 2507 8951 -1208
2 0 0 0 0 0 0
2 0 0 0 0 0 0
2 0 0 0 0 0 0
1 148 -7720 -3584 1399 4140 167
3 0 0 0 0 0 0
4 0 0 0 0 0 0
1 -436 -7940 -3564 -161 -1043 681
4 5204 10952 -12520 12993 7939 4477
3 4284 -7100 -17064 -13073 6307 -2728
4 2506 8978 -11624 20386 4021 10484
3 224 -4582 -14830 -21553 10431 -6795
2 0 0 0 0 0 0
4 14 4146 -5296 20858 4246 12568
3 -2030 -1800 -6020 -21573 13263 -6240
4 -1274 -580 -1788 14721 2608 8751
3 -1874 1742 -312 -14986 11171 -3434
1 2080 -8290 -4696 -1432 -5263 610
1 -8114 -14464 -14870 -12883 -298 9299
1 -474 -9408 -13222 -32481 16685 2764
1 62 -3156 -5356 -26069 14452 -7272
1 314 804 -4384 -13313 5455 -6206
4 -2294 -4486 -682 8745 3556 4008
3 -470 3968 1690 -8557 7711 886
4 -1846 -7356 232 4556 1606 1044
3 1504 6074 4214 -5462 4676 1560
2 9026 15420 -3992 8830 13807 9227
2 12086 15124 -6548 17476 901 20514
2 5286 8636 -3428 14783 6306 26035
2 2024 3642 -1838 8520 -886 16050
1 -588 6230 2990 -4249 4825 805
2 2156 -1416 -1732 6074 361 8296
2 1630 -5686 -724 5409 801 3808
1 -196 4352 2744 10562 -2 4137
3 1504 6634 6320 -2930 416 737
4 -1274 -8700 622 1581 -1027 -431
3 904 7346 8746 -260 -5526 1389
4 -1116 -10786 1052 -321 -3363 -1540
3 2940 10926 8680 5114 -4937 3322
3 1328 2076 10510 24553 -2017 11851
2 -32 -8538 1322 2537 -45 -352
2 -3048 -10326 5560 -4668 4986 -7469
1 1572 -1202 -1244 14664 3106 6864
4 -1660 -16344 4610 -3437 -3281 -4115
4 6972 -31520 -8528 -1118 -18809 3535
1 17250 5492 -18418 -13969 -15008 -12878
3 -8080 16408 -3260 -14539 12226 3478
3 5342 3438 3762 -2500 4602 -994
1 2176 530 -5282 206 -4107 -1918
1 926 0 -5600 -12188 -1672 -366
2 32767 -32768 -27764 13458 6477 10103
4 3796 -6320 1268 -4784 3544 -2236
2 1894 12208 914 7883 -18721 -1999
4 5650 -312 -7008 -5790 9284 2324
3 2272 4478 1668 -1925 1 -5577
1 3208 9316 0 -8355 4123 3465
2 1762 -10230 4664 4431 -8524 1392
2 4282 -6528 1152 -589 -2008 -1070
3 1410 6236 1248 -551 2123 -2043
4 -624 -4970 -3786 2591 -2683 3358
1 5522 8014 -330 -1002 394 1476
4 -1014 -7576 -3084 1216 1385 1023
1 4930 7090 -1086 217 683 -365
3 1952 7988 1280 862 103 -1085
4 124 -7298 -3914 -165 224 -352
2 0 0 0 0 0 0

2 860 9332 1030 -7210 2501 -2510
4 -998 8644 -2212 -2552 -1283 1758
1 -3212 -10152 -6278 5603 -3293 -4735
3 -2836 -5440 -6428 1711 -2956 -1934
4 0 0 0 0 0 0
2 0 0 0 0 0 0
2 1050 8870 444 -1762 3008 -285
3 0 0 0 0 0 0
1 0 0 0 0 0 0
1 -132 -7688 -3258 -645 3770 186
4 0 0 0 0 0 0
1 -114 -7962 -3156 -1964 -3358 289
2 0 0 0 0 0 0
2 800 9416 1538 5600 -1215 2303
3 0 0 0 0 0 0
4 -946 7732 -968 390 -406 -641
1 0 0 0 0 0 0
3 0 0 0 0 0 0
4 218 12138 -9118 4186 6796 -201
3 1646 -8242 -18156 -6003 8559 2254
1 0 0 0 0 0 0
4 1980 19918 -15468 28400 8262 2909
1 -1064 -9912 -5190 -4643 4087 4194
4 10 10400 -4140 32288 10239 10264
2 0 0 0 0 0 0
3 -3540 -9834 -20410 -26750 11095 1530
2 1858 11476 -406 8520 3613 3797
3 -3294 -5540 -8782 -27555 15843 637
2 5222 11886 -3004 16884 10343 13993
1 2810 -9998 -14596 -20444 6246 2656
4 -158 3318 -1728 20293 3230 8454
3 -124 -1378 -2546 -19321 11164 66
4 148 -2322 440 11434 1468 2908
3 1592 1710 1614 -10813 9305 1192
2 7774 6968 -5010 15036 3635 18889
4 1062 -6134 1410 4512 1331 256
1 626 -5942 -12026 -27017 11133 -3223
1 116 -1972 -7264 -23338 8656 -6054
3 2888 3944 4836 -4923 4652 1870
2 4712 2318 -3806 12054 3000 18842
3 3338 5526 5068 -678 1561 2424
1 -1900 4092 1334 -15374 5633 -3094
2 1352 -2692 -2238 8436 1115 11492
4 1458 -8564 772 -22 68 -752
3 0 0 0 0 0 0
2 1114 -6640 -446 4323 2656 4393
3 2340 8622 11400 6298 164 7167
1 24 7330 5774 -3267 3052 79
4 0 0 0 0 0 0
2 -774 -9566 3924 -2998 3186 -2997
4 -152 -14944 3300 -5508 3120 -4568
1 1784 7376 6678 11015 703 3838
1 -20148 -28362 -17086 5213 -32768 -17395
1 -1982 -2346 -96 -5585 -503 367
3 11440 -19534 -15556 10234 8387 2089
3 4124 -1684 -3856 2213 -2944 -5297
2 -32768 -22010 28852 -14369 -7131 -23185
2 -5818 1786 4720 975 -9989 207
4 32767 -17788 11254 2391 24428 -8436
4 7642 1024 -3300 -6110 7581 1600
4 532 -3514 -958 3613 1211 3407
2 3262 -6104 -878 4790 -1308 5078
2 2630 -9296 100 1367 1005 343
4 2462 -8210 -406 2169 956 -156
3 848 3036 1734 -1945 2286 -2339
3 3814 6128 3812 -804 1442 990
1 2092 7008 1450 -6785 581 -599
1 2478 9174 828 -757 319 782
1 0 0 0 0 0 0
1 0 0 0 0 0 0
3 0 0 0 0 0 0
3 0 0 0 0 0 0
2 4108 -6376 -750 -425 470 -1279
4 0 0 0 0 0 0
4 0 0 0 0 0 0
2 0 0 0 0 0 0
2 0 0 0 0 0 0
4 0 0 0 0 0 0
1 0 0 0 0 0 0
3 0 0 0 0 0 0

3 -1328 -6674 -4802 -1864 1658 1400
2 0 0 0 0 0 0
1 1412 -6936 -2670 -3598 1214 2150
4 -520 7908 -1454 1757 1477 -958
4 0 0 0 0 0 0
1 84 -7158 -2678 527 -810 -305
4 0 0 0 0 0 0
4 0 0 0 0 0 0
3 0 0 0 0 0 0
1 -218 -7538 -3054 2398 -1682 -2104
3 0 0 0 0 0 0
1 0 0 0 0 0 0
3 0 0 0 0 0 0
2 0 0 0 0 0 0
2 0 0 0 0 0 0
2 0 0 0 0 0 0
2 3370 9284 -1398 1137 7358 1538
3 2684 -7748 -10590 725 2804 -13
1 0 0 0 0 0 0
1 -50 -8968 -10200 -10607 4322 2890
2 4482 11024 -2080 5504 5502 5253
4 1988 10720 -8040 2431 3237 1693
3 2550 -10582 -17470 -14100 3235 -7356
4 4496 16260 -13822 19530 -1076 6765
3 -3288 -10574 -14956 -28062 8886 -11409
3 -3268 -4584 -5004 -25266 13821 -8642
2 4748 12992 -2522 10669 3246 10035
2 6896 12348 -3118 14788 3034 18892
1 -982 -9490 -10408 -17497 5401 1562
1 5118 -6528 -12586 -25066 12031 -3463
4 -1208 13578 -7760 29800 -583 12493
4 -1500 4882 -2208 24417 3203 10900
4 -2156 -1560 710 15219 455 4141
1 2354 564 -4082 -20860 8945 -5584
2 5486 4782 -2276 13516 -225 20467
1 2002 -84 -5266 -13217 6104 -7015
2 4530 2062 -974 8046 751 19233
1 -428 3878 3238 -9045 504 -4696
3 -1406 358 690 -17622 9791 -4677
4 -1740 -5976 1846 6971 -156 -277
3 -196 4368 4968 -9131 4682 -228
3 1458 6764 6464 -2671 -104 1167
3 0 0 0 0 0 0
4 -392 -8902 1580 1368 -380 -1362
3 2644 8612 7436 5718 -2804 5814
4 0 0 0 0 0 0
4 -196 -11622 2284 -6299 331 -5162
2 -6 -2484 170 6047 291 10496
1 62 8046 2974 -2530 2477 -406
2 -162 -8078 -674 3540 895 4119
1 -302 9794 4762 3783 -1096 2632
2 -1446 -10298 422 891 -468 -455
1 784 9712 7006 11855 -108 4250
2 -4880 -11930 3758 -3664 1142 -8931
3 5258 5370 2156 12393 -924 7882
3 32767 -32768 -32768 16784 10886 9316
2 32767 32767 3342 -872 32767 32767
4 3246 -7410 -806 -13602 4343 -5262
4 -2180 -20514 -1910 -813 -9973 -5825
1 -16718 -22072 20642 -2247 -2198 -15978
1 1572 1440 -4198 -9764 4040 1620
4 5852 -126 -6652 -498 -7683 2970
4 278 -4858 -3190 3911 1685 1942
2 7424 -5270 -354 7224 19417 15659
2 -116 -6734 2440 2807 639 2910
3 7070 -306 -3260 1340 -1451 -3587
1 1984 6792 1364 -5838 -623 -256
3 3630 4338 -1416 -2822 1578 -3239
3 4148 7046 -1382 -192 779 -1315
4 1876 -6586 -4466 1700 2770 412
3 4026 6212 -1380 -205 290 -177
4 1970 -6074 -3310 1203 302 145
2 1456 -6446 1338 517 86 -596
2 0 0 0 0 0 0
1 2398 7004 846 -2398 12 386
1 0 0 0 0 0 0
1 2594 5636 772 2569 -1472 3341
3 0 0 0 0 0 0
2 2332 -4664 400 -1309 -1407 -3811
4 0 0 0 0 0 0

3 0 0 0 0 0 0
1 -34 -7864 -2958 -1048 25 947
2 950 8436 912 1413 -137 143
4 0 0 0 0 0 0
1 0 0 0 0 0 0
1 0 0 0 0 0 0
3 0 0 0 0 0 0
2 0 0 0 0 0 0
3 0 0 0 0 0 0
4 0 0 0 0 0 0
2 0 0 0 0 0 0
4 0 0 0 0 0 0
2 0 0 0 0 0 0
4 0 0 0 0 0 0
3 0 0 0 0 0 0
1 0 0 0 0 0 0
3 0 0 0 0 0 0
1 0 0 0 0 0 0
4 0 0 0 0 0 0
2 0 0 0 0 0 0
1 0 0 0 0 0 0
3 0 0 0 0 0 0
3 2870 -8476 -15072 -5948 3431 -659
1 0 0 0 0 0 0
4 0 0 0 0 0 0
4 -34 10372 -7518 3278 11285 949
2 0 0 0 0 0 0
2 0 0 0 0 0 0
4 4702 12396 -11678 15033 8621 5249
4 4334 11510 -10132 23067 4673 11100
3 -2008 -7690 -15512 -20285 6942 -1877
3 -1538 -3228 -11160 -21165 13674 -1536
2 0 0 0 0 0 0
1 0 0 0 0 0 0
1 -1982 -8412 -6708 616 5120 1528
2 2132 10414 -2596 168 8780 387
1 4668 -12230 -12876 -13388 12649 4895
3 246 -276 -6116 -17889 15289 -2031
4 2134 5392 -5616 21071 7153 14154
2 8560 16270 -4708 14017 13330 9195
2 5702 22988 -8824 26875 -10922 20409
1 3058 -16610 -24294 -32712 -14127 -2498
4 -68 460 -1286 15260 4690 9412
3 872 876 -1110 -13424 12213 -1550
3 2238 2036 2860 -8567 9909 -206
4 -76 -3304 1084 9638 3228 4320
2 2122 1446 918 19840 21371 32767
2 -604 1558 -758 5117 -3367 13180
3 2398 4108 6296 -4358 4863 759
1 -7042 -5298 2180 -32768 16230 6731
1 -1950 -404 -2180 -12799 9276 -9926
4 586 -7016 3164 4787 1421 1005
3 2248 6408 8976 246 694 2794
3 3016 7150 9114 5595 -844 5854
4 1152 -10328 5092 -847 232 -1358
4 1548 -12630 5334 -7158 1767 -3326
1 -970 1580 462 -3330 1029 199
2 -92 -2338 470 1982 -754 2248
1 778 7850 2316 187 3530 4535
2 1170 -8346 1008 463 568 -2732
2 -5416 -15228 7780 -8067 11952 -9230
1 -426 12254 14824 16376 5484 8038
3 3432 4928 9738 14952 14 10353
1 -18904 8834 -6296 -4048 -2437 -3942
3 -6126 29452 21126 -16695 -12888 -9441
2 28542 -14730 -9516 4783 -11436 -3187
4 2336 -8768 860 -15185 5331 -6070
4 -5988 2508 470 -4922 -3537 1445
3 4318 630 208 -3514 -604 -6375
2 9220 348 -1410 4769 619 6120
1 5624 1414 -4818 -8162 2977 1109
3 1754 4380 4852 -2241 3129 -1283
2 2744 -8144 1084 3441 134 4105
1 2950 9042 -56 -5299 1958 209
4 4082 -1688 -2286 2373 -4161 4615
1 3052 8186 -1336 -299 -879 -441
4 1492 -6808 -166 3859 1441 1844
4 2532 -8028 -52 1482 166 -315
2 3352 -6780 436 -134 182 92
3 3922 5372 4070 229 410 390

2 1494 9018 1188 1567 -5478 -47
1 -572 -8824 -2526 -2901 -10174 -208
3 -1718 -6608 -4802 -3357 1595 2125
4 -444 7870 -1444 2919 2042 -2073
1 -1014 -7950 -1842 -3419 -2909 2703
1 288 -7800 -8632 -1373 4164 4169
4 0 0 0 0 0 0
4 0 0 0 0 0 0
2 -412 8154 1162 3308 -2063 755
1 708 -17088 -31648 -24769 -3299 3326
4 -1748 7686 -1994 -2994 1080 927
3 0 0 0 0 0 0
3 -1174 -6066 -4550 311 865 739
3 -1738 -6212 -5282 3047 1980 238
2 0 0 0 0 0 0
3 1332 -7696 -11616 187 5017 1384
2 27102 21602 -8302 17180 22016 16887
2 -11864 13356 -216 23590 -12098 28362
4 1836 11770 -9908 3461 7620 -36
3 -1022 -11390 -23270 -22979 3881 -4433
3 -3654 -3610 -7192 -30586 19627 -6436
4 3028 18890 -17588 27283 3179 5581
2 9634 6552 -2710 7957 11282 26774
1 -13916 -13018 1048 -32220 -2380 12071
2 -3228 210 2050 4691 -6944 2925
1 2110 -3036 1868 -19936 30909 508
1 324 -932 496 -4900 6898 -1459
1 2556 4960 186 -238 4248 2566
2 3088 -4612 -694 2456 4008 156
2 4214 -6572 -1210 1197 2064 -331
3 -3650 290 -792 -22011 17390 -3821
3 706 3648 4012 -10076 7336 2975
4 -1536 6124 -3554 32767 12887 14448
4 -2918 -1524 1896 21417 4549 7430
4 -328 -6442 2250 5307 747 -1323
2 0 0 0 0 0 0
4 1762 -8930 1006 -2046 2857 -3434
4 2672 -13076 4680 -9590 5263 -3753
2 0 0 0 0 0 0
3 4014 5236 6362 -2716 2292 4502
1 4562 7016 -2078 917 286 1504
3 3648 7542 13996 9014 3644 5962
1 0 0 0 0 0 0
3 8332 -20076 -7020 30884 -9175 13356
1 0 0 0 0 0 0
1 16024 -5828 -16514 -2089 -9689 -8631
4 21894 7446 -32094 -3786 1293 2893
2 -6820 -17494 6958 -3458 2594 -6778
2 -2268 16026 -1210 -3702 -8143 -16839
3 4152 -8694 -5038 -18217 3853 -11265
1 1418 -7874 -9172 3699 -9208 2269
4 5100 7910 -1444 18845 367 8308
4 -2124 -10060 6132 11303 1952 6449
1 3472 8028 1834 -7785 3018 -353
3 -2044 3236 10674 -13153 8524 -6056
1 5442 6554 -1766 648 -951 -24
3 366 8368 10488 -1141 -1943 -743
4 -598 -12400 6142 2280 957 1044
2 -302 -10566 5238 3848 -8857 2719
2 4538 -6220 -512 243 -256 -243
3 2504 6658 5048 2074 256 330
3 0 0 0 0 0 0
2 0 0 0 0 0 0
2 0 0 0 0 0 0
1 4096 5246 -2402 201 302 153
1 2114 1024 -2240 -290 -2267 77
4 564 -8822 3342 -1718 148 93
4 0 0 0 0 0 0
1 246 706 -1930 1560 -5711 2868
3 0 0 0 0 0 0
3 0 0 0 0 0 0
1 -662 2024 -1746 17027 -11861 5647
4 0 0 0 0 0 0
4 0 0 0 0 0 0
2 1098 -550 652 -1053 -5837 -2913
2 -962 126 328 -11535 -4856 -11900
2 3660 9978 526 -28143 3513 -27932
3 1574 2824 3252 3952 -2878 974
1 4644 -4112 -10288 32767 -7651 2168
4 272 -4396 1674 -5615 -3989 -2465

2 578 8846 1066 -4331 139 -292
1 184 -7624 -3444 1507 531 -801
3 -1306 -6562 -4346 -1502 1040 860
4 -410 7336 -1334 -289 2465 -614
3 0 0 0 0 0 0
2 658 8716 874 -2015 549 -153
2 680 8434 762 253 526 -24
2 1330 9764 -908 2359 817 -157
4 0 0 0 0 0 0
2 3608 12746 -3864 11892 5170 2335
1 -20 -7862 -3286 1269 -160 -839
3 -144 -6692 -8724 800 1026 -460
4 668 9814 -6716 -945 3092 343
3 2716 -6010 -11724 -4424 7171 -2106
3 2020 -8096 -15164 -9157 7437 -7091
4 2092 9866 -10904 6556 10229 2137
1 -230 -7834 -3560 565 -93 -221
1 792 -8408 -7392 -3204 -3736 1696
1 -3408 -9886 -7882 -10008 -4686 6925
2 3616 13366 -3628 16521 6383 9356
4 986 14128 -10154 14788 6370 7649
1 -1062 -8218 -11332 -19429 7236 7150
3 -3906 -9672 -15168 -24373 6967 -9597
2 12074 13358 -6704 18208 247 18618
4 -1758 15196 -7846 27607 2259 12245
3 -2946 -2622 -1934 -24875 15283 -7256
1 1716 -3628 -10968 -25353 10440 3376
4 -700 3252 -398 26673 4635 13659
4 -1388 -3928 3604 16352 4254 6377
4 298 -7068 4102 5605 1607 394
1 -1356 -1740 -10824 -19020 6228 -5749
3 110 1892 3102 -15016 16437 -3898
1 -4822 -44 -2888 -16864 6509 -2553
2 -2268 7642 -3044 22387 -9566 14180
2 -1592 -934 -1074 13724 15739 17205
3 2052 4638 5372 -6440 3270 895
3 3314 5942 5368 -2573 917 2397
4 872 -8130 3322 118 580 -1046
4 568 -10708 5432 -3562 663 -2094
1 -2316 5374 3706 -9093 1399 2891
1 1796 9962 5984 1785 895 5377
3 0 0 0 0 0 0
2 -3092 -5066 136 7521 -1692 2521
2 -372 -9890 1340 1311 875 -3756
1 3740 7632 5412 12524 -591 5414
2 1846 -9752 1660 -4662 2142 -8829
4 -1316 -13126 8090 -12964 2970 -7262
2 9072 29838 -32768 -14470 30514 -18684
4 32767 3992 -8046 41 32767 -6421
3 1522 8280 12106 7176 -978 6775
1 -12910 -31674 12570 14850 -32768 -29077
3 32767 -32768 -32768 28900 32767 32767
1 2136 48 -4906 -13655 5766 -394
3 3672 -5672 -6914 -13929 -121 -12933
1 560 6098 1568 -6990 -1849 488
3 -2256 3302 10534 -11302 7700 -5719
2 5342 -748 4046 9241 21543 20672
4 4774 7786 -6822 15264 1371 9106
2 1670 -5790 1602 3502 -6535 2509
4 -2020 -7218 6736 14486 5096 7529
3 -2558 7484 13138 -3100 4493 -1096
2 1198 -3452 1140 752 -1290 -901
1 0 0 0 0 0 0
3 0 0 0 0 0 0
1 1006 3486 554 8808 -11267 5271
2 -850 -2840 -228 -4386 -5834 -7676
4 -3162 -11530 11054 5190 2463 1647
4 -1134 -8168 6312 -2205 -526 -74
4 306 -5732 2100 -4280 -1921 -1124
4 0 0 0 0 0 0
3 0 0 0 0 0 0
3 0 0 0 0 0 0
2 1424 -2000 -1446 -13736 -2011 -13692
1 1116 2108 -1932 22743 -16060 2
1 -1182 -5314 -5102 28617 -13370 -11394
2 3538 6358 -1886 -27158 -6661 -21519
1 -474 -23144 -7922 28427 -1137 -16072
4 0 0 0 0 0 0
3 0 0 0 0 0 0
2 2530 20384 4890 -32768 -11349 -24849

2 550 7812 1106 1091 -174 282
3 -754 -7562 -8614 -602 4690 1028
2 732 7900 1052 -373 408 -154
3 -1096 -7942 -9076 -8627 1810 -892
4 -124 9292 -4050 3576 5157 411
1 186 -7674 -3020 470 -1129 -314
2 0 0 0 0 0 0
4 -594 9328 -2466 7259 945 -649
3 -2442 -7714 -6470 -10953 1713 -561
1 58 -7824 -3208 491 -946 -405
4 -934 9386 -3732 8636 -556 -2139
2 0 0 0 0 0 0
3 0 0 0 0 0 0
1 -48 -7736 -3118 196 -417 -129
4 826 9448 -6596 13538 5493 -1587
2 0 0 0 0 0 0
3 420 -4382 -8912 -12192 4781 -323
3 -72 -1150 -4114 -7420 4687 -1329
2 3766 11422 -3172 2932 5818 969
4 836 3514 -2912 10898 3644 1772
2 6194 14800 -3518 11715 6077 7443
3 -408 -258 -5278 -2228 -409 -822
1 -2570 -8544 -3464 -385 4067 1646
1 2560 -8394 -10262 -5821 7133 4084
1 576 -9770 -11690 -14593 11801 3734
4 -116 3488 -5116 4557 -1983 1005
1 2410 -8088 -10406 -18853 5636 -1122
1 0 0 0 0 0 0
2 5266 15226 -2046 16380 14220 17768
4 -212 1950 -13026 8101 3619 683
2 1196 8312 -5206 14545 1421 17693
3 3296 3072 -15284 -7074 1399 -2409
3 2362 5826 -10366 -15481 8366 -2810
1 -1004 624 -708 -17647 25695 -1233
1 2218 3590 -2062 -8183 13129 -8230
2 1370 944 -1976 9317 6633 18739
4 1480 -1696 -11594 16505 8217 3650
4 -270 -3100 -2450 16627 7084 5353
2 1244 -1722 -1708 3939 3625 12768
4 472 -4088 -810 11412 3123 2824
3 -458 4048 -822 -16538 9164 -1732
3 976 3988 2068 -11205 7524 4
3 2514 5248 4328 -7061 4654 689
2 -596 -5958 -1158 2508 -1450 3500
3 1010 6158 9802 -2577 254 1177
1 322 7278 1856 -2593 1475 -3431
4 1076 -6768 1124 7779 1985 1460
1 2264 8402 480 2193 28 1078
2 1556 -9850 -482 637 -471 -1433
4 -60 -9538 5186 2721 21 -123
2 3460 -8196 1118 -2816 1774 -5095
3 -330 9154 11444 4706 -4120 5097
3 7286 6156 13352 21741 2585 17836
2 3006 -1084 2970 -10420 14301 -13897
1 4992 6796 1864 8057 485 3579
1 4036 -1702 -2172 20060 -546 7071
4 -550 -14720 8290 -6652 -1248 -3334
4 4196 -9164 4274 -22266 11314 -7639
2 -5528 7746 7252 8571 -16934 474
2 2848 -5480 2526 6734 -5321 5891
3 12338 -6636 -8584 4536 9415 -2307
3 1130 1834 3082 -6135 3777 -3697
1 -1984 -3190 -2634 -11303 -1621 1560
1 2864 3608 1948 -11512 -1992 -2155
4 6752 12078 -9564 -1221 -1195 2530
4 1552 -4292 2060 6319 1408 2157
3 2814 5670 2646 -3046 3381 -1270
4 2314 -8106 196 2901 1540 815
2 1104 -4534 1612 4042 -650 2109
4 2246 -9058 190 1418 1212 515
2 0 0 0 0 0 0
3 2490 7186 3450 -1496 516 -1989
1 2598 5416 930 -5642 -1200 563
1 2640 6720 2038 -852 -1512 3012
3 0 0 0 0 0 0
1 2566 4892 1692 4797 -6628 4255
1 966 1948 480 15115 -14631 -587
4 0 0 0 0 0 0
2 1730 -4708 1054 -1047 -3290 -6349
4 0 0 0 0 0 0

4 -664 7864 -1706 -16 185 -57
2 1252 9368 864 -1883 -5183 -314
1 2370 -7594 -4022 392 1881 -2987
3 -1462 -6550 -5006 -166 187 60
3 0 0 0 0 0 0
1 1190 -7476 -3402 672 -1569 -3449
2 290 7958 1016 1011 -4119 -1997
4 0 0 0 0 0 0
3 0 0 0 0 0 0
3 0 0 0 0 0 0
2 1302 8366 1242 1107 4939 1087
2 0 0 0 0 0 0
1 340 -7912 -3292 268 -1622 -354
1 0 0 0 0 0 0
4 0 0 0 0 0 0
4 0 0 0 0 0 0
3 0 0 0 0 0 0
3 0 0 0 0 0 0
2 0 0 0 0 0 0
2 2832 8322 -1322 1582 2189 -2099
2 17628 16288 -5456 16887 13520 20450
3 0 0 0 0 0 0
4 0 0 0 0 0 0
4 0 0 0 0 0 0
4 0 0 0 0 0 0
1 -490 -7070 -2936 917 -4507 -1375
1 0 0 0 0 0 0
1 9020 -12180 -21492 -20439 5537 2071
1 4740 -8616 -10626 -32768 5279 -9035
4 0 0 0 0 0 0
2 6228 11546 -1940 18331 -3861 22800
3 0 0 0 0 0 0
1 -368 -3548 -4258 -21932 5592 -8075
2 5606 6776 -2298 13324 6327 23281
3 2820 -13340 -24878 -18498 2220 -2698
4 -2934 23512 -19278 21385 7880 -846
2 2814 1502 -996 8670 -143 14279
1 0 -204 -3288 -13977 5676 -5225
2 548 -3936 188 5809 -146 7361
1 -692 3736 -176 -8326 2080 -3040
3 -4308 -8138 -12126 -32768 20614 -8110
4 128 13452 -4522 32767 10681 15967
4 -4254 7476 2622 29292 2670 15612
3 -5156 -5504 -2066 -27861 17468 -7562
2 40 -8760 432 2364 -977 3567
2 -346 -8550 314 -93 -1677 -855
4 -4024 -6246 5388 10924 333 1765
4 -1572 -14054 9374 -5368 2835 -6816
3 -1182 2118 7718 -16061 4643 570
3 2834 8186 13890 1582 1546 7252
1 -298 7946 3296 -3709 1371 -204
1 580 8464 3248 2077 -3666 1508
2 -2608 -9916 3068 -3335 -182 -6956
3 4452 7294 12598 17312 -216 12001
4 2136 -10746 1630 -20336 8974 -9214
1 522 8878 9596 8620 -1137 3606
2 -12544 -16924 13710 -1880 23774 32767
1 25006 28668 12766 -11805 32767 6659
3 -32768 932 -18844 -15163 -32768 -23335
4 -8296 -3976 -16192 3521 823 4171
1 902 -282 -4686 -11567 5679 1295
1 926 6978 4288 -6392 -1129 -228
2 10194 -3552 -1402 10100 14718 13041
3 806 -3870 -2806 -10848 1397 -6313
2 -2410 -7962 4268 3593 -5547 2353
3 3694 5582 3820 -6732 1212 -2338
4 1986 1926 -976 11649 -4184 3865
4 1078 -9460 -688 5157 460 2481
4 1514 -11032 -56 -924 1032 -1141
3 4396 8806 4214 -366 -773 -1191
4 2218 -6126 -1556 -2668 -877 -1472
3 3388 5100 1960 2694 -1884 -84
2 942 -6336 924 142 -1259 -839
2 0 0 0 0 0 0
1 2576 7310 2670 -148 -8 521
1 0 0 0 0 0 0
2 1384 -1540 1200 -584 -2698 -5436
1 478 1578 52 4216 -4015 3078
4 988 -2236 -1204 -4045 -3344 -3219
3 1210 1160 286 5443 -7778 1329

4 -918 7978 -1510 1014 -100 -1053
2 1224 8370 846 -743 976 -800
3 -1574 -6340 -5054 444 187 -369
1 50 -7706 -3044 375 305 699
4 0 0 0 0 0 0
1 0 0 0 0 0 0
3 -1688 -6480 -5150 925 504 -514
2 1470 8342 868 -45 530 -402
3 0 0 0 0 0 0
4 0 0 0 0 0 0
1 0 0 0 0 0 0
2 0 0 0 0 0 0
3 0 0 0 0 0 0
2 0 0 0 0 0 0
2 2726 9712 -1416 233 10026 2802
4 0 0 0 0 0 0
1 0 0 0 0 0 0
4 -2034 7968 -1694 -1111 2515 269
3 0 0 0 0 0 0
4 3332 10148 -9382 1216 16750 -97
1 2296 -7024 -7436 -980 12430 1908
2 8828 11186 -378 3424 9770 7681
4 1406 26840 -17818 31212 7085 5971
4 -888 12776 -2768 32767 8456 16811
3 3434 -9748 -16510 -2471 9123 5263
3 -48 -21046 -25392 -30940 16920 -6915
2 5746 14308 -974 7928 -3933 11696
3 -5604 -9658 -4980 -32768 16380 -3966
2 9720 14832 -2038 13437 2992 26221
1 3142 -10014 -10730 -10383 9163 -145
1 790 -10650 -8912 -14953 3048 -3910
1 3782 -9434 -11420 -23645 7640 -9125
1 1374 -1872 -2992 -21251 4815 -10059
1 -124 3458 962 -10714 2984 -5098
2 2434 4118 -626 14455 -2572 21119
3 -2564 -1306 2396 -21066 19193 -3913
4 -2226 4920 1780 24841 2153 10787
3 314 2140 7622 -9977 7191 -261
2 886 -2452 -622 8870 902 13191
4 -2116 -4604 4736 12229 1135 977
1 1002 6698 586 -1941 723 -330
3 1916 5386 10364 1260 1048 3326
2 1418 -6688 -160 4372 160 4737
3 3434 8028 10156 6819 -802 7443
1 2128 11552 1824 3209 416 1406
2 -160 -10134 1410 229 -423 -1149
4 336 -10996 9388 1243 1839 -3439
4 86 -12156 8600 -11020 927 -5546
4 5260 -6686 802 -21192 8852 -7660
3 5560 6244 11308 16204 -3604 9790
2 1790 -5742 2294 -9590 16421 -12929
2 -7536 -206 -1418 6356 -32768 -10766
3 -6590 -12466 232 1924 -23159 -7417
4 12846 1944 -2646 1119 1848 4127
1 4468 3030 1518 19330 2527 6849
1 3576 -1322 -3586 -1311 12056 1109
4 1452 -4430 668 8345 3907 6266
2 2298 -5484 1144 6677 1647 7620
3 4306 2308 3392 -5505 4712 -5778
1 2948 4290 -2006 -9969 1443 -602
1 2832 7244 250 -4643 -866 -172
3 2204 5984 4040 389 3907 -2632
4 -1068 -9418 3130 3847 2633 2790
2 1630 -6766 2486 3093 1088 2142
3 1220 5666 3188 2155 46 -905
1 2844 6208 -640 -595 -669 748
3 1528 632 728 2289 -7634 3040
2 0 0 0 0 0 0
1 3002 3926 -1026 1747 -1538 2813
4 -294 -8350 2762 -821 -103 -1045
2 1946 -2798 828 -320 -2149 -4094
4 -342 -3228 1528 -5016 -2330 -4058
4 -968 1182 -84 -12074 -6483 -9142
1 2048 2454 -1824 5465 -7046 4580
4 780 3638 -7974 -23322 -11588 -11177
2 2372 -1574 -554 -1739 -4158 -8641
1 1070 2530 -2134 15239 -17034 3536
3 170 894 408 9042 -8663 7324
3 1922 -2060 -5160 23439 -22832 7924
2 3236 -1874 -1032 -8127 -10930 -16953

4 -296 7944 -1880 192 -69 31
3 -1426 -6644 -4924 -56 -74 55
1 488 -7502 -3636 1309 -379 -755
2 1382 8106 876 -443 636 -344
3 0 0 0 0 0 0
4 0 0 0 0 0 0
2 0 0 0 0 0 0
1 0 0 0 0 0 0
3 0 0 0 0 0 0
4 0 0 0 0 0 0
2 0 0 0 0 0 0
1 0 0 0 0 0 0
4 0 0 0 0 0 0
2 0 0 0 0 0 0
1 0 0 0 0 0 0
3 0 0 0 0 0 0
3 0 0 0 0 0 0
3 0 0 0 0 0 0
3 2196 -10256 -15498 -1763 8696 1434
2 0 0 0 0 0 0
2 0 0 0 0 0 0
2 742 9114 -284 545 1609 96
1 0 0 0 0 0 0
1 0 0 0 0 0 0
1 0 0 0 0 0 0
4 0 0 0 0 0 0
4 0 0 0 0 0 0
4 4510 12454 -10676 5269 5341 740
4 2086 23950 -16858 31628 2260 14468
4 -1388 11384 -3666 31369 12100 22480
3 -1202 -17246 -24148 -28719 13714 -10004
3 -5076 -8390 -8272 -30834 19234 -13574
2 8524 12330 -3378 8049 8080 6476
1 80 -10346 -13512 -11449 3877 2857
2 9728 15186 -4784 17935 -4494 16972
1 3318 -11586 -15990 -27994 6399 -3492
3 -3948 -4210 -1480 -21996 14056 -10361
1 646 -3378 -6088 -28344 12684 -6774
3 -1646 1180 6672 -12376 5693 -78
1 880 1928 -4404 -16857 12274 -7220
4 -3126 4724 478 20116 3538 13873
2 5612 8304 -4626 18429 3167 22511
4 -2266 -4318 5592 9963 1809 2743
2 3420 794 -2134 11359 6871 19304
2 1020 -1324 -1228 6349 -178 11268
4 -1586 -10074 7270 -42 527 -2677
2 -1112 -6012 -992 3957 -267 2724
4 -304 -12180 5358 -6684 1518 -5999
2 -2226 -10602 1492 1175 532 -6111
4 1008 -8206 1658 -13970 3278 -10630
1 264 2614 -1906 -9206 3700 -5832
3 1066 5780 9952 -1579 -568 4086
1 -1182 6076 2720 -4030 41 -522
3 1436 8360 10498 4214 -1091 5419
1 -528 8938 7380 6506 768 6366
3 3748 6890 9244 13645 259 9802
3 32767 -11206 -32768 26523 12627 26788
4 -6554 -16838 -9708 -5560 -21017 -2070
3 13172 -544 -4748 -1962 6517 -4018
1 -11072 6226 32767 -7372 32767 -6900
4 12292 -242 -6418 1090 -2447 7124
3 1532 1816 310 -2229 6237 -6816
4 1698 -2858 -2128 2562 1620 8352
2 32767 25448 -19232 -8069 32767 -10557
1 68 -6100 -6286 2832 -7816 1847
2 8662 8304 -5200 5819 21366 9186
1 3388 5916 1896 -6185 1609 -1501
2 -50 -8162 5432 3512 -2074 2127
3 -762 5100 2822 -1376 4644 -3806
2 2612 -4414 1578 -378 -2102 378
3 -832 7024 4174 -1491 35 -1832
2 0 0 0 0 0 0
4 -784 -5380 -626 3385 1688 5627
1 2782 6004 1788 -2329 -1876 -1455
1 0 0 0 0 0 0
4 -1226 -7788 -456 1804 620 2685
3 1216 7836 3640 486 -532 649
1 0 0 0 0 0 0
2 0 0 0 0 0 0
4 -1148 -8472 234 487 417 -221

2 2010 7978 -230 400 302 -186
1 0 0 0 0 0 0
3 -1542 -6634 -4988 15 258 224
4 -230 7856 -1738 -9 -182 373
4 -282 7822 -1640 -167 -213 201
2 2114 8170 -92 829 110 -423
1 0 0 0 0 0 0
3 -1538 -6674 -5000 3 244 216
4 0 0 0 0 0 0
3 0 0 0 0 0 0
3 0 0 0 0 0 0
3 0 0 0 0 0 0
2 0 0 0 0 0 0
2 0 0 0 0 0 0
2 2070 7990 -78 -1298 3513 676
4 0 0 0 0 0 0
4 0 0 0 0 0 0
1 -678 -7844 -7058 -201 -10440 1602
1 -4746 -5434 -12990 -8291 -2795 5070
1 -4324 -8952 -8966 -14281 203 7329
2 2902 8062 -126 -449 -704 726
2 1480 8302 254 476 -4539 -323
4 0 0 0 0 0 0
3 -5952 -6634 -18172 -22912 -14492 1878
3 -2770 1098 -4606 -20185 -904 8658
1 -926 -6036 -4212 -12125 840 6422
1 852 -1262 -3666 -4573 2096 3755
1 0 0 0 0 0 0
3 -6024 1616 -932 -4037 1370 5390
2 1154 8096 216 381 -1418 -638
3 16658 -30792 -9742 3037 -12104 2311
2 0 0 0 0 0 0
4 0 0 0 0 0 0
1 30996 -21462 -18118 -4287 5126 -9549
4 -388 8364 -1724 958 -2559 291
4 -322 7932 -1298 2224 -4493 155
1 -15920 -9928 -10844 3457 -18866 -2538
1 -2048 9898 -3676 -19761 30139 16821
4 0 0 0 0 0 0
2 1358 8394 128 -1389 -2938 -1050
2 1420 9300 108 -1188 4436 90
4 0 0 0 0 0 0
3 -13986 5114 -20376 4473 1507 -447
3 -3602 -1066 -3910 -26375 -25615 -806
4 -1310 7666 -1534 -1459 -5300 746
3 -8100 -3426 10646 18121 12642 -829
3 -4048 -32768 -32768 11211 -6289 -9191
1 19874 -17724 20942 13171 -15949 -6338
2 1646 6950 -28 101 -603 -1329
2 938 11398 1130 -53 -1818 -1472
4 354 9882 -2630 -4306 4336 3077
1 -32768 -18740 -32478 6463 -24404 -6473
2 0 0 0 0 0 0
1 5946 -9922 9294 -1528 23650 19385
2 416 6172 204 -200 -5802 -1670
1 -1206 5528 -8798 14762 -12083 -9492
3 16496 8314 15498 -19083 -2471 -1095
3 2500 -642 -2096 24014 7303 -55
4 -1042 9002 -786 4113 -11565 -669
4 0 0 0 0 0 0
1 -12086 7828 -13746 -16683 16392 6905
1 11044 -9972 12118 4952 14216 5204
2 0 0 0 0 0 0
2 0 0 0 0 0 0
3 -7170 -5784 -13562 -23748 -15947 2706
3 -650 9014 7258 1236 -6514 -3529
4 910 9216 -1612 2650 290 1237
4 -2868 5540 -910 2473 -6376 -2852
4 740 9844 -1480 -2111 13529 -364
2 1036 7756 610 329 -7065 100
1 -9670 -44 -15594 8931 -17801 -14952
2 400 8802 584 410 4881 1289
1 -11396 3712 -7682 -11303 5104 5686
4 490 8102 -1314 3448 -7361 -651
3 -7800 -6870 -23864 22547 2568 -3132
3 -2386 -3192 -8610 -16173 -5222 4360
2 1728 8188 -108 -19 2878 -221
4 -1632 6514 -968 -963 3222 -743
1 5952 -5270 3072 8692 9479 2370
3 -1920 6346 108 1679 -103 -1673

3 -1526 -6576 -5340 128 585 221
4 -468 8026 -1916 -442 -521 -6
2 1540 8360 -242 86 -75 76
1 1138 -7234 -4444 -607 -501 -315
2 0 0 0 0 0 0
3 -1574 -6676 -5140 -483 560 325
1 1026 -7012 -4222 -790 -551 -153
4 0 0 0 0 0 0
3 0 0 0 0 0 0
3 0 0 0 0 0 0
4 0 0 0 0 0 0
4 0 0 0 0 0 0
4 0 0 0 0 0 0
2 0 0 0 0 0 0
2 0 0 0 0 0 0
2 0 0 0 0 0 0
1 0 0 0 0 0 0
1 0 0 0 0 0 0
3 -2072 -4722 -9490 -5169 247 1004
3 -1898 -3696 -11072 -8681 2867 2057
2 0 0 0 0 0 0
2 0 0 0 0 0 0
1 0 0 0 0 0 0
1 0 0 0 0 0 0
1 1942 -9162 -8274 -3059 -3566 232
4 0 0 0 0 0 0
4 -426 8186 -1556 1503 -2778 528
1 -9186 566 -15978 -15980 -13606 7108
1 -6926 -3038 798 -13637 8712 11101
2 0 0 0 0 0 0
4 0 0 0 0 0 0
2 0 0 0 0 0 0
4 -564 7786 -1032 1091 -5808 1097
3 -2128 -2870 -8608 -10158 3923 2247
3 -918 -2970 -4746 -3826 872 -174
3 0 0 0 0 0 0
2 1858 9006 176 -1511 3609 3016
1 -4722 -15828 1108 10519 3882 2741
4 0 0 0 0 0 0
3 -2884 -676 -2642 -11179 -18647 185
2 2110 9132 1342 2051 -11957 -4977
1 -12426 -8120 -17868 -2940 -7413 4772
4 -862 8372 -1716 -7120 -2111 1977
3 2422 -3668 -27830 -1537 698 4638
3 1194 2808 36 -22357 -7163 3026
2 -1464 7282 -580 1196 -686 -2529
4 -540 9178 -2462 -5457 -508 1622
2 1172 4966 -1072 299 2948 -1339
3 -2794 -4202 26216 26980 12652 -662
1 10532 3044 4354 -18538 9725 9325
4 -724 8630 -2386 -623 -324 536
1 6668 -8866 24230 24532 -5758 -7851
3 -11790 -21250 -32768 -24838 -12367 -1673
3 6064 840 21090 161 -7666 -2591
2 0 0 0 0 0 0
4 -162 8744 -2060 4686 753 959
1 -29964 -4222 -26608 -21338 11573 16084
1 13542 -8672 26606 3038 8317 4211
4 -1150 6248 100 6456 -2995 -2386
2 1064 5686 914 987 -911 -1703
3 -5220 -14368 -32768 21409 -3626 -4401
3 8508 7386 9846 -20339 -3624 3679
2 916 9420 -1586 -2994 -4880 -386
2 0 0 0 0 0 0
1 -32768 -6624 -32768 5461 -29407 -13960
1 6414 -4590 5828 -8647 17868 12131
4 -792 9004 -170 -116 6341 -254
4 -608 8466 -208 2777 -5540 -762
3 1958 1688 14412 20400 10530 -1577
4 -554 6834 -1444 -2707 6854 -703
1 -374 -4050 11704 14700 -6164 -5972
3 -910 -24316 -32768 -2801 -4871 500
1 -29812 -11948 -28624 -12156 991 894
4 1664 9516 -2280 -1294 1202 1802
2 938 5078 -358 852 14 -1120
2 -1922 11230 746 -2092 -1889 1838
4 -1286 7612 -922 1908 -4383 -1098
2 810 7416 1386 1648 1060 -1322
1 3694 -4532 2828 -682 14502 12169
3 6534 4790 3570 -15048 -5324 -108

2 1774 7820 178 760 1266 485
1 1226 -7332 -4466 2917 -896 -3106
3 -1654 -6416 -4934 351 418 37
4 -334 7822 -1644 -139 -365 222
1 1008 -7464 -4648 2049 -2258 -2799
3 -1698 -6456 -5110 797 283 -90
3 0 0 0 0 0 0
2 0 0 0 0 0 0
3 -3164 -6408 -7118 -1470 -1921 80
4 0 0 0 0 0 0
1 608 -7202 -4512 821 -2326 -1413
4 0 0 0 0 0 0
2 0 0 0 0 0 0
3 -2368 -4272 -12234 -7984 1496 2406
4 0 0 0 0 0 0
1 592 -8092 -6026 309 -5384 939
2 0 0 0 0 0 0
2 0 0 0 0 0 0
2 1062 8244 -110 -1724 4436 719
1 -1722 -5968 -17642 -9583 -10754 6227
4 0 0 0 0 0 0
4 -440 8272 -1484 927 -2046 201
4 0 0 0 0 0 0
1 -3786 -8194 -5640 -15843 -2825 6968
3 -1822 -2810 -11600 -12694 5045 1870
2 3622 8206 220 811 -1342 577
1 654 -4906 -1096 -5969 -303 2217
3 0 0 0 0 0 0
4 -594 7470 -990 897 -5172 713
1 32767 -12950 -13794 -3197 27317 -7806
3 13158 -13640 -9530 -4425 -5123 5093
3 698 -10660 -26518 7792 13878 1589
4 0 0 0 0 0 0
1 -22792 -14962 -7842 2704 -16918 3415
2 814 8162 736 2875 -8877 -3587
2 330 9646 -6 758 -2278 -2398
2 0 0 0 0 0 0
2 654 5004 -134 -3861 -7579 -3516
2 2466 12980 -288 -568 10186 7004
3 7436 6012 -338 -31729 -678 -1684
3 -2998 -10730 24648 26786 18675 3768
3 -21382 -28388 -32768 -20404 -14746 -4406
3 9748 8654 21708 -9498 -8298 -1069
2 522 5374 1448 2400 -3933 -3150
1 -1606 4112 6722 -24504 19457 14851
4 -834 8722 -1872 -1889 -5959 1038
1 5870 -11926 32767 25149 -21614 -7204
4 0 0 0 0 0 0
1 -8032 -21780 -32768 -18633 18668 8902
4 0 0 0 0 0 0
1 9424 -17738 11418 -4363 17747 11480
4 -2284 7030 -1284 2070 -5165 -1837
1 -15030 12602 -18528 18769 -15926 -15692
4 -444 8582 -1458 -1008 11395 1222
2 -2422 7754 288 -4630 -5348 447
4 -718 9184 -938 5453 -8253 -644
1 -4062 9150 -4274 -22114 7978 8730
2 0 0 0 0 0 0
3 -9102 -850 462 29390 381 281
3 -4916 9550 -8378 -32768 3256 5385
4 -1408 5696 -70 893 5784 -1687
4 504 9978 -1144 -1386 2821 235
1 5186 -14444 15090 7216 -10229 -959
1 -20452 -308 -32768 5108 -11093 -3234
2 -760 6306 810 -274 -2003 -1621
2 -1754 10524 2072 -117 -2787 845
3 -3172 -1892 16908 7044 4071 716
3 -2848 -4822 -32768 16822 -1407 -8436
3 4334 1882 12132 -15451 3649 4590
3 5726 5972 2538 21899 7023 -698
4 0 0 0 0 0 0
2 552 7232 260 -136 4268 -834
2 214 7720 1716 1469 2562 2637
1 3772 920 7348 -8068 7609 6226
4 0 0 0 0 0 0
1 -14024 -6538 -5102 23355 -13765 -6739
1 0 0 0 0 0 0
4 0 0 0 0 0 0
3 -6434 -8338 -21618 -4240 1871 1664
2 0 0 0 0 0 0

1 368 -6972 -4854 951 2069 -2357
3 -1614 -6478 -5054 -457 382 483
2 2024 7610 76 110 7340 319
4 -340 7936 -1668 379 -8 -9
2 2534 8222 152 411 1026 -443
3 -1564 -6426 -4984 -69 403 208
3 0 0 0 0 0 0
1 468 -7560 -4670 -652 -1141 -769
1 0 0 0 0 0 0
4 0 0 0 0 0 0
4 0 0 0 0 0 0
3 -2740 -6608 -9582 -3842 -2759 283
2 0 0 0 0 0 0
1 0 0 0 0 0 0
1 0 0 0 0 0 0
2 0 0 0 0 0 0
2 2022 8020 238 447 -395 353
3 -3256 -3312 -13358 -11592 1470 3058
4 0 0 0 0 0 0
4 0 0 0 0 0 0
4 -326 8272 -1730 743 -2487 676
1 5052 -7118 -15512 -7001 -3945 722
1 -7646 -6280 -9770 -19758 -6123 8471
3 -2166 -2056 -7950 -11676 6486 3989
3 -922 -1874 -5478 -4871 4342 1280
2 0 0 0 0 0 0
2 0 0 0 0 0 0
4 -484 7958 -1348 1839 -4336 522
2 1006 8244 368 -1462 4709 1915
2 2548 8904 1054 1680 -3730 -326
4 0 0 0 0 0 0
1 -562 -6498 -546 -8924 1260 3789
4 0 0 0 0 0 0
1 -16588 -12584 -5720 -869 -26610 -7236
3 -4568 -54 -5914 -3228 -8162 1016
3 -12124 3080 -4528 -7201 -10560 -1268
1 -3164 13616 -14520 -14790 -9760 1269
2 -116 8254 -502 1144 -6296 -2369
3 2012 -1356 -10692 -13037 16049 13669
4 -608 8130 -1604 -6687 -1374 1287
3 -4074 -1266 14868 7109 -3090 -5056
4 0 0 0 0 0 0
2 232 6780 1042 1240 1046 -985
1 11894 -16360 23784 3818 17787 1629
2 -436 10644 938 -3134 -3661 -2162
2 0 0 0 0 0 0
4 -84 10980 -2864 -644 3456 805
4 -888 9140 -308 8336 -6800 -1979
1 -32768 -7380 -32768 10354 -32418 -16761
1 -2196 -5594 2992 -10899 15132 16386
3 -94 -24616 -32768 20107 -1795 -7972
3 9204 9880 9036 -25413 -4730 3303
3 -7710 -8370 25402 28915 21877 -288
1 -66 -7302 25230 16379 -21814 -6687
2 574 5164 -120 -559 -6443 -2270
2 -2936 11960 1610 -2399 1692 4077
1 -32102 -18000 -32768 -12161 -3496 8958
4 -1844 5626 -176 424 2508 -596
3 -6636 -21936 -32768 -23061 -14006 -2808
4 1304 8854 -430 771 844 1932
1 14588 -17710 10008 -9910 18493 11340
4 -1696 6214 170 29 -1464 -2018
2 1530 5562 2264 2698 4223 -757
1 -18048 88 2400 14773 -12863 -20145
3 15156 2696 16196 -8553 -15615 368
4 0 0 0 0 0 0
2 28 8144 -1412 -3538 -8753 -2498
3 -16224 -8142 -372 32767 -2312 2458
4 -1004 8672 -1580 940 -4576 492
2 1126 10856 3610 2725 9081 2933
3 -10888 -514 -15178 -29128 -6601 4427
2 1388 4466 1436 5365 -1194 -1309
1 -13294 11050 -16722 -20529 17239 10942
4 -422 6612 -1232 725 1430 -882
1 10908 -12514 10802 -3313 6809 7602
3 -896 3128 12994 -1375 -8030 -729
2 -2056 8434 60 -5546 -11171 -1999
1 -15114 13840 -12562 22802 -10595 -18858
3 -3896 -6558 -16668 32767 5395 -1876
4 0 0 0 0 0 0

1 -914 -6716 -4942 -566 1798 -1695
3 -2822 -6126 -5650 -2757 -4202 -90
2 1506 7896 308 574 -6353 -742
4 0 0 0 0 0 0
2 134 7912 -34 -1226 -585 1047
4 0 0 0 0 0 0
3 -1992 -6034 -5270 -1188 1542 1110
1 -782 -7540 -8068 -1364 2880 -1034
3 -4492 -5476 -9254 -5566 2084 2583
1 -2098 -7168 -8744 -8129 -1786 64
1 -2482 -6924 -6206 -11780 2608 3597
4 0 0 0 0 0 0
4 0 0 0 0 0 0
3 -7110 -1022 -11240 -13131 3384 7056
4 0 0 0 0 0 0
1 0 0 0 0 0 0
2 1456 8624 284 419 1671 1297
2 1132 9002 842 3050 -2272 -1532
2 0 0 0 0 0 0
2 0 0 0 0 0 0
4 0 0 0 0 0 0
1 984 -1866 1394 -3324 2202 275
1 -10124 1254 -14448 2757 4285 6749
3 -3990 370 -5890 -11520 2054 7598
3 -2018 146 -1164 -3130 -9603 114
3 -15762 -4792 -27584 -766 -17533 -3152
2 1024 10178 22 -355 1132 -446
2 0 6376 -788 -8 -1562 -3542
1 -5668 7256 -8436 -18881 -8507 7543
1 -4170 -3176 9444 6006 -4241 -7359
4 -670 7752 -1204 829 -3194 128
4 0 0 0 0 0 0
3 768 -26 -5814 -17135 14984 5183
3 5122 -4926 14814 4081 3212 1319
2 0 0 0 0 0 0
4 0 0 0 0 0 0
4 0 0 0 0 0 0
3 12094 7814 -32768 18331 2799 -4771
4 -332 7444 -1776 847 1793 312
1 -9964 -6328 -22332 8603 -7241 -5316
2 3370 10212 1318 675 5354 3791
1 -10544 8338 -9564 -16728 -124 11593
1 11748 -7320 11596 -345 1095 2964
4 -770 8028 -1770 864 -191 86
1 -19424 5192 -26296 22530 -7133 -15777
4 -1286 8938 -1634 1082 2470 -184
2 1048 7898 352 2603 -6531 -4604
3 -1896 1934 -10372 -19504 14363 7152
2 -1484 4780 1582 -1338 -6145 -3317
3 -4730 -2290 10464 2583 1542 862
2 -1294 10100 1074 -3197 4236 4483
3 3620 -4596 -26878 31591 5774 580
2 0 0 0 0 0 0
2 -912 6266 586 -1226 214 -235
3 -7064 198 -2324 -20825 3062 3612
3 -8996 -3568 7766 18246 4179 2269
1 -13518 7368 -5370 -13533 1479 8485
4 -812 7812 -1176 4655 -3410 -1250
1 -1350 -5898 21224 14021 -5343 -5983
4 0 0 0 0 0 0
1 180 -10980 -25844 -4292 -5171 3535
3 -6424 -13984 -20648 -8094 -1977 -4325
4 0 0 0 0 0 0
2 0 0 0 0 0 0
1 -3502 -2404 1574 -8987 12008 4242
4 -1886 7212 -886 -17 -2464 -181
3 9166 10234 9258 -14601 883 1815
2 692 7906 2172 1683 5977 935
3 -3426 -4380 432 15417 5103 -874
3 6474 -11598 -28250 -14635 8003 -1406
1 10288 5670 7802 7092 -6318 -4445
1 -13204 -9232 -20608 -7788 -4464 6697
4 484 7380 -2178 -5671 3553 1865
4 -258 8878 -2298 -2176 -2480 1874
2 -808 6712 1346 -191 -6251 -3190
2 -370 9586 1282 950 4685 1112
2 374 7498 2144 2660 -69 -696
4 -1724 7386 -1634 -3 -1067 -821
1 7778 -5952 13270 467 5910 3732
3 1472 -476 7430 9612 -2641 1374

3 -1782 -7106 -5692 4102 3250 -407
4 -404 7808 -1616 -247 -346 88
1 -3004 -8192 -4204 834 -1689 -1428
2 86 8646 1082 -126 -918 -2408
3 -1900 -6842 -5600 484 -332 -417
2 0 0 0 0 0 0
2 0 0 0 0 0 0
1 0 0 0 0 0 0
1 -876 -7836 -4588 -470 11125 545
4 0 0 0 0 0 0
2 1984 8828 -34 -1955 -5684 2754
1 264 -8038 -1652 -3819 5225 107
4 0 0 0 0 0 0
2 1566 8710 152 -878 -8194 2321
4 0 0 0 0 0 0
4 0 0 0 0 0 0
3 0 0 0 0 0 0
3 -1312 -7120 -8008 93 9822 3990
3 -820 -5438 -13670 -11010 3509 2558
4 0 0 0 0 0 0
3 -1344 -1420 -9824 -15868 3735 520
3 -2176 -2914 -6018 -7013 1735 -879
4 -210 8430 -1926 854 -2287 282
1 -1370 -7322 -4338 852 -13648 2160
1 -848 -5196 -16778 -9995 7020 3881
1 -6554 -4618 -7198 -14781 4041 4873
2 492 8620 572 -436 -6781 1427
2 -114 7090 -68 -2413 -4202 115
1 -7022 -7900 -3348 -8711 -3990 5378
1 32767 -32768 -2454 5158 -7205 -4896
2 0 0 0 0 0 0
2 0 0 0 0 0 0
3 -4784 -4402 -8642 -1278 -5317 1224
3 13880 -23052 -2910 -4303 -18518 -1674
4 -498 7750 -1346 2353 -4018 174
4 0 0 0 0 0 0
3 -12190 -8184 -32768 -17761 -4969 10544
2 0 0 0 0 0 0
2 888 7378 1084 5281 474 -4619
4 0 0 0 0 0 0
4 0 0 0 0 0 0
1 -18406 -2258 -27692 -21742 7269 11614
3 12198 -3498 15126 -9896 9932 4257
1 7694 -16482 4976 -12274 801 5476
1 -2650 -3436 8326 17062 -14806 -15524
2 0 0 0 0 0 0
2 1130 10376 -2230 -1971 -392 1962
4 -2660 8596 -2248 -4714 6319 2875
4 0 0 0 0 0 0
3 -8156 -2162 13192 26770 10269 1384
3 -374 866 -32768 -23562 -16701 -3603
1 -27748 5210 -23096 -8825 4236 -684
2 0 0 0 0 0 0
1 3004 -12396 11248 -4480 -3509 12342
1 312 8818 1372 440 -14752 -15089
3 586 11098 -3554 704 -2662 -3653
3 -8194 -14290 2012 -2667 5667 10062
4 -1448 5990 -1114 266 4090 -907
2 -1078 5210 1254 -799 -8893 -2116
4 -90 7082 344 1377 2129 2059
3 7064 16046 -23808 16891 2201 -10350
2 -2522 10980 300 -5900 9395 6831
1 -332 2478 -26580 10161 -8870 4813
2 3468 9728 -856 -512 6585 67
1 -3186 12898 -7672 -14339 -2213 3134
4 -3220 8802 -1722 419 -4372 -1859
3 410 -9158 2428 -16156 9839 6114
4 2062 7520 -734 -682 6057 110
3 -3356 4306 3408 8336 -1681 -6445
1 11630 -14214 16626 5813 -10 8496
4 -2502 8522 -1992 -2475 -1609 -98
4 2150 8016 -1970 746 2453 45
1 -16270 19020 -32768 -29 -37 -6395
3 10312 -5674 -32768 -8520 -9772 -2703
2 0 0 0 0 0 0
2 -1866 10526 1574 -959 626 644
3 13410 9786 10950 -6203 -7477 -454
2 2620 7600 2112 1349 749 -95
1 0 0 0 0 0 0
4 -1888 7960 -1498 532 -5138 -713

2 342 7828 516 1388 459 -1463
1 -662 -6866 -3922 972 -358 -202
4 -544 8040 -1706 1091 -345 -226
3 -1860 -6584 -5128 -1246 465 214
2 0 0 0 0 0 0
1 -628 -7488 -3756 890 292 5
2 0 0 0 0 0 0
2 1098 8420 596 -710 -2321 -133
1 0 0 0 0 0 0
4 -446 7954 -1564 1279 11 -394
4 0 0 0 0 0 0
1 -494 -7530 -4748 -775 1277 31
3 -1886 -6456 -5088 -1495 595 455
3 0 0 0 0 0 0
1 2290 -7822 -10826 -3933 -7332 -1381
1 -10072 -7212 -23292 -19971 1186 -1350
4 0 0 0 0 0 0
2 -332 8002 1140 -373 -1232 -109
4 0 0 0 0 0 0
2 0 0 0 0 0 0
4 0 0 0 0 0 0
3 0 0 0 0 0 0
3 -2306 -4904 -7666 -3625 -282 1154
3 -3466 -4412 -10276 -5517 1020 2118
2 0 0 0 0 0 0
2 0 0 0 0 0 0
3 -3106 -3676 -12684 -13299 55 3831
1 -5970 -11188 6988 -14996 -23 7
3 -5532 -2244 -12924 -20085 -10293 6890
1 3474 -5344 1646 -3037 5535 -2273
4 0 0 0 0 0 0
4 0 0 0 0 0 0
1 32767 -2284 -32768 -3960 -6754 27
2 -20 8654 460 3225 -8360 -2821
1 -5408 -828 -17206 -5934 10858 5210
2 -432 9570 414 1629 477 -1157
4 0 0 0 0 0 0
3 -17522 10038 32767 -7711 -2293 9106
4 -1138 5700 -1390 -613 -790 -1302
3 0 0 0 0 0 0
2 0 0 0 0 0 0
1 1968 -1668 10406 -3510 -12783 2662
3 -17772 812 -17752 -5756 -9428 -2285
2 -1274 5096 -28 -4649 -1929 -882
2 802 13090 2298 1427 10540 6976
3 12080 -9164 -888 -3744 -4619 761
1 -3088 11674 -9262 -2165 5604 -223
3 8658 5286 -2742 9556 -4664 -10059
1 2334 -12826 10068 -691 13629 15498
4 0 0 0 0 0 0
4 -1116 8038 -1510 3453 -8484 -2544
4 -108 8970 -1748 -125 3124 12
1 -2172 14250 -22194 16681 -24921 -12625
3 1600 -4186 -6588 19040 2774 4691
1 -10262 -5586 -26930 -10319 7220 -306
3 8226 1368 -18466 -28913 9089 315
1 2200 -13122 26948 -8478 -7893 -1922
3 -7856 -8766 -4274 10455 2496 -1087
4 0 0 0 0 0 0
2 822 4108 1272 3625 -1832 -5619
4 -678 9324 -1002 4395 -6382 -319
2 0 0 0 0 0 0
2 -2480 2930 934 -249 -4146 449
4 -2304 4708 -1192 -1829 260 -150
2 -1288 11164 96 -4610 5059 350
4 0 0 0 0 0 0
2 -3574 9096 2620 3089 3647 902
4 -1550 9354 -1164 2009 -12730 -1165
1 -27354 18066 -28440 30162 -30292 -9794
3 13592 -3748 -20748 32767 2087 11377
1 -18366 74 -14616 -15130 6502 5203
3 14300 5672 -18366 -31262 13990 729
1 6364 -15242 19272 -14239 7703 -1707
3 -8072 -7804 11658 5937 -2437 -4156
1 -16170 18450 -27658 32767 -32768 -10331
3 -506 -1998 -24048 32767 2852 9560
2 422 4004 1998 1979 -644 89
2 -116 10458 1008 -2385 -6314 -4281
4 0 0 0 0 0 0
4 -414 7162 -2096 -1796 546 447

3 -1628 -6586 -5236 -439 -860 -541
4 -556 8002 -1918 41 -624 184
2 298 8334 24 -1599 -4382 265
1 -468 -6964 -4232 -1146 6590 -1549
3 -1702 -6454 -5106 -271 32 -108
3 0 0 0 0 0 0
4 0 0 0 0 0 0
4 0 0 0 0 0 0
2 1140 8668 -118 -59 -936 84
2 1674 8182 122 1241 -2886 -1849
1 -406 -7188 -4294 -434 4028 1387
1 0 0 0 0 0 0
3 -3174 -6200 -8836 -4863 -1930 883
3 -1460 -4204 -11988 -10769 1618 1104
1 0 0 0 0 0 0
2 1722 7860 -34 617 -302 -990
1 1342 -7226 -4524 47 2125 2503
2 0 0 0 0 0 0
4 0 0 0 0 0 0
4 0 0 0 0 0 0
1 2076 -7792 -7778 -820 -3650 1633
4 0 0 0 0 0 0
1 -7532 -992 -19592 -10412 -1407 5504
4 -204 8150 -1688 463 -2244 535
2 0 0 0 0 0 0
2 1368 7338 712 394 -2691 -1517
3 0 0 0 0 0 0
3 -1082 -2622 -4414 -4771 1019 886
3 -1838 -2082 -7066 -1758 -85 2128
2 0 0 0 0 0 0
1 -6290 -10992 -4130 -15658 -727 8184
2 1938 8618 308 -119 1537 1419
1 -13418 -9912 4972 1473 -12573 2265
3 -17714 -2078 990 -15016 -32768 -9539
4 -486 7966 -1352 1168 -4231 738
4 0 0 0 0 0 0
4 0 0 0 0 0 0
4 0 0 0 0 0 0
2 1126 9614 620 1353 -7217 -2753
3 -13290 4058 -20996 -13731 -11584 8159
3 1646 -3812 10154 -5476 8751 5710
2 -374 6736 678 1546 -3455 -974
1 -19480 -2512 -16182 -17444 14326 12704
1 10114 -6126 9172 -6194 -10247 -32
2 0 0 0 0 0 0
4 -1244 8914 -2210 -1269 -1602 136
4 586 9288 -2636 3060 1942 350
3 1092 -7480 19812 27961 12224 -2253
3 6898 -23452 -32768 -6677 -12222 -5295
2 72 12102 154 -2026 10537 4744
1 6460 -6598 23100 26255 -9058 -11315
1 -20450 -17904 -32768 -9980 12255 4992
4 -1732 8192 -264 7335 -5253 -3450
1 3560 -698 6774 -11235 24325 16831
3 5190 7384 5720 -28384 -11165 -3942
3 -10572 -4680 10352 6365 -13733 -12243
2 0 0 0 0 0 0
2 -508 5648 480 -1954 -7307 -1533
2 -2362 12906 1490 -4870 5 2236
1 13990 -11560 24402 7575 8593 4045
4 0 0 0 0 0 0
4 -1056 9122 -1240 -2438 5683 -243
1 -32768 -14430 -26910 5828 -32768 -21612
3 3574 -24958 -32768 32767 8448 -1545
1 -12752 6068 3532 -14282 22008 18616
1 10930 -12112 30554 8542 -1717 -817
1 -32768 -32768 -16708 13343 -32768 -20788
1 -18792 -4332 -6842 -10685 21118 23478
4 -620 9942 -486 3049 -5626 -710
3 8232 11716 -7962 -30336 8134 8148
3 -4392 -2324 20564 9401 -39 -5268
2 2520 8626 4002 3317 -655 -1705
2 0 0 0 0 0 0
3 -1560 -22484 -32768 32767 20196 -3813
3 -546 -5524 -10352 -24408 8856 7662
4 0 0 0 0 0 0
2 -1420 12210 1188 -1976 5693 2573
4 -72 8992 -1708 -3022 921 1548
2 0 0 0 0 0 0
4 -1228 9392 -838 1293 -6853 3

1 1022 -7300 -4728 -380 -2552 -2967
3 -1206 -6584 -5174 347 1280 292
4 -688 8030 -1804 -105 -675 946
2 1252 8126 -524 -1230 -3345 702
1 20 -6986 -4158 -610 196 -799
1 0 0 0 0 0 0
3 -1812 -6314 -4882 280 144 -649
3 0 0 0 0 0 0
4 0 0 0 0 0 0
2 1166 8218 -602 -691 -414 661
4 0 0 0 0 0 0
2 0 0 0 0 0 0
2 0 0 0 0 0 0
1 0 0 0 0 0 0
1 1296 -7190 -4458 -676 2986 4228
3 0 0 0 0 0 0
4 0 0 0 0 0 0
3 0 0 0 0 0 0
3 -2350 -6310 -7540 -2390 -1994 216
2 0 0 0 0 0 0
4 0 0 0 0 0 0
3 -2340 -4222 -11192 -7282 3655 2492
2 0 0 0 0 0 0
1 0 0 0 0 0 0
1 2044 -6846 -4936 885 -568 1011
4 0 0 0 0 0 0
2 0 0 0 0 0 0
4 0 0 0 0 0 0
3 -1436 -4904 -9540 -8799 5840 2014
3 0 0 0 0 0 0
4 0 0 0 0 0 0
1 4636 -6580 -13206 -5104 3545 517
1 -4160 -4744 -12054 -13984 -3463 1684
4 -726 8536 -1554 308 -3778 838
2 0 0 0 0 0 0
2 0 0 0 0 0 0
2 0 0 0 0 0 0
2 1270 8396 454 -148 46 -874
3 -2378 -930 -3484 -5015 857 3227
4 -990 7896 -1102 1019 -5018 725
3 1742 -8598 2018 -1171 -14545 -6707
4 0 0 0 0 0 0
1 -1308 -4178 2304 -7642 -768 2964
1 0 0 0 0 0 0
4 -1092 7352 -978 -1034 -4978 220
3 -24 -6704 -23986 -21784 -6043 423
2 2110 9682 714 1856 -3895 -1532
3 6168 -762 21100 -3451 22385 3581
2 -78 5772 1054 1578 -6046 -4164
1 6148 -11726 -18796 -18693 21960 12384
1 13280 2170 18708 -11406 -3069 -3400
4 0 0 0 0 0 0
2 -1436 8376 148 -3456 1653 1349
1 -6590 -172 9718 32767 7739 -6328
2 3970 9668 1210 1586 -298 744
1 2636 -8842 -32768 -19345 -3095 3388
4 -1226 9492 -2418 -3229 912 1357
3 -4626 -5638 5574 32767 -11321 6721
4 -516 8248 -1854 4888 -1950 204
3 -4802 -16864 -20052 -22059 2641 -4562
3 2560 1484 8634 -16710 6006 -1184
1 -496 -7578 1324 -10853 -3650 6672
4 -1464 7854 -1104 6090 1221 -2239
2 -666 5800 -48 1879 -8661 -4385
2 -1486 6052 1434 -2588 -1593 61
1 5228 -15564 16916 6152 -1987 -1945
3 -1354 -10436 7706 19232 -1229 385
4 -326 7400 -1024 1941 1032 785
1 -4864 64 -32768 16079 -3795 -8491
1 -986 8552 -804 -24256 5992 9299
4 -2022 9112 -650 -139 316 -1225
4 -380 7464 -672 692 1427 -1256
3 12034 -24434 -32768 19573 -13004 -6012
3 1470 12974 6686 -30525 10815 409
2 1014 13808 -96 -2152 2999 1813
2 -210 8196 1658 3209 5432 1537
2 -50 5220 990 1240 -6693 -2719
3 -170 414 12078 509 -3928 -1421
4 -90 6798 -1966 -3538 2424 242
1 -3024 -17098 9042 -2253 3337 6665

4 -366 8028 -2010 -1418 -897 416
2 1484 8162 -208 -702 1988 278
1 1564 -7094 -5078 2688 2173 140
3 -1942 -6574 -5432 726 610 -649
3 -1618 -6836 -6890 -1451 852 77
1 1864 -7454 -5558 1798 -1001 -785
2 1786 8438 -140 14 767 -529
4 0 0 0 0 0 0
4 0 0 0 0 0 0
2 0 0 0 0 0 0
2 948 8030 1018 -152 -1940 -3113
4 0 0 0 0 0 0
3 -2892 -5184 -13258 -10954 1365 2470
2 76 7846 546 -1740 238 -1144
3 -2868 -3816 -9526 -14802 3983 3647
4 0 0 0 0 0 0
1 0 0 0 0 0 0
1 -406 -7666 -12970 -12472 -9682 2516
1 -1344 -7834 -4542 -14982 -1837 5738
3 -638 -1870 -4532 -8235 1861 398
3 3040 -11386 -10944 -4419 -15201 1237
3 -1132 -13306 -19898 1112 8128 12786
2 0 0 0 0 0 0
2 1660 8664 578 2113 -3712 -1208
1 4072 -4034 8240 -6476 3810 -601
4 0 0 0 0 0 0
1 -2242 -2156 -21596 -9701 7580 -109
4 0 0 0 0 0 0
1 -832 2342 -6568 -14606 6387 7149
4 0 0 0 0 0 0
2 24 7670 -156 606 -2393 -488
2 592 6680 254 69 -412 903
1 9550 -11816 22236 10980 -5048 677
3 6434 4484 5312 -17995 10865 3451
3 3632 -3414 13088 24158 11637 -2725
4 0 0 0 0 0 0
4 0 0 0 0 0 0
4 -1452 9082 -76 6400 -11947 -1736
1 -32768 -30736 -32768 93 -22106 2628
2 -1006 12146 1334 -3053 -3224 -610
2 0 0 0 0 0 0
1 -1114 -9702 26864 4698 23061 11259
3 -2390 -32768 -30636 -2427 11178 629
3 4610 27816 9288 3854 -8875 -5472
4 -1540 6816 -1924 -3188 10759 758
3 -21952 -12534 -12602 -1335 -15544 -420
4 894 9306 -642 3176 -3301 316
3 0 0 0 0 0 0
2 742 6130 556 1507 -8798 -4285
2 -2988 9572 -1570 -5339 -4724 -525
1 7632 6260 -27558 -5340 1343 -5182
1 -4656 -114 -286 8990 17700 -1512
1 5182 -8678 -7234 -1450 -1852 1544
3 -1156 -6542 -22928 1413 -5153 -1095
3 -1118 668 6126 -5124 3471 3144
2 1084 8978 2898 4437 6853 4638
2 -88 7000 864 2004 -12739 -5737
4 -3256 6352 -872 475 -2838 -1822
4 1068 8554 -1068 150 6514 188
1 1302 6950 -8454 -5304 -5717 1335
4 -1662 6788 -1506 -2009 -4204 -941
4 972 9162 -1824 -3613 8640 1407
1 1170 -10516 -660 813 6612 3287
3 3342 2478 -13522 -746 -7592 -5766
3 -1704 -4248 -3628 -702 3875 3585
2 -1544 8560 1106 -1390 10215 3222
2 1452 7484 1282 167 -183 -631
1 -1826 8928 -7718 -6407 -4187 -4703
4 0 0 0 0 0 0
4 0 0 0 0 0 0
2 958 9508 -1074 -346 235 -605
2 -42 7828 1612 3615 -3298 671
1 0 0 0 0 0 0
3 -6018 1310 -13648 1598 2480 -2229
1 142 -1842 -6132 -6931 2198 2735
1 -444 -2 -22 2499 2510 -1600
3 482 -5448 -144 3290 -1677 -6013
3 -284 -2220 -3798 18890 -8467 -1546
2 -1466 8036 314 312 -2124 -2673
4 0 0 0 0 0 0

3 -2132 -6634 -5006 -1127 -312 60
1 652 -7144 -3918 522 192 -110
2 716 7984 562 579 661 43
4 -378 7840 -1568 339 190 -263
3 -1910 -6350 -4812 -1099 -114 476
4 0 0 0 0 0 0
3 0 0 0 0 0 0
4 0 0 0 0 0 0
1 942 -7318 -3938 515 -3141 -1178
1 310 -7728 -4096 690 -1700 -453
2 0 0 0 0 0 0
2 230 7970 716 313 -1515 -1001
3 -1218 -5406 -8604 -3029 -673 984
4 0 0 0 0 0 0
4 0 0 0 0 0 0
2 908 8600 176 -22 2494 1043
2 0 0 0 0 0 0
3 -1458 -4518 -12814 -9144 313 -618
3 0 0 0 0 0 0
1 0 0 0 0 0 0
1 1188 -6924 -12576 -6788 -7371 -423
4 0 0 0 0 0 0
2 0 0 0 0 0 0
2 0 0 0 0 0 0
4 -690 8506 -1116 1510 -3321 330
3 -690 -3948 -4764 -2920 4788 2754
3 0 0 0 0 0 0
1 -4654 -6164 -8672 -13521 -1531 3316
1 0 0 0 0 0 0
1 -4522 -6352 -1448 -6838 -2216 2470
2 0 0 0 0 0 0
2 -280 7192 920 1149 -7838 -4282
4 -826 6966 -958 611 -1766 -204
4 20 7246 -1350 -2073 -2945 877
2 900 7794 -232 -1409 -451 -77
1 -7284 17508 -4768 -26610 30387 8094
1 10012 -14282 7672 5415 30107 1599
3 -19228 -1964 -15522 -7126 -11386 3216
3 -5204 9140 4124 -25327 -13577 226
2 -72 10936 722 -200 -426 1022
2 0 0 0 0 0 0
1 -32768 -7544 -15420 31494 -32768 -17824
3 -10478 -1638 20692 17730 -836 -4891
3 -32768 -28774 -32768 3651 -32768 -11092
4 0 0 0 0 0 0
1 -5562 4498 -10658 -24286 7873 7323
4 0 0 0 0 0 0
4 -1078 8168 -748 3993 -7061 -619
1 3306 -14022 6532 -3171 3110 511
1 3152 6 10304 16432 -11029 -6495
1 -4866 -5618 -28826 -16622 17066 6588
2 0 0 0 0 0 0
2 -586 6842 1620 -1376 -7177 -4004
2 -2994 9690 -2020 -654 -1315 1677
2 -244 8142 2156 4124 7179 2659
4 -1584 6184 -1494 -2427 4713 257
4 496 8802 -1930 -138 5348 935
4 -540 9024 -1344 5908 -3921 -1173
3 1448 11216 1320 -25638 3628 -2110
4 -1268 6510 -932 3316 1006 -2899
3 4358 -730 1268 8092 6004 2051
3 48 -6902 -11088 25802 -1483 3701
3 -3614 -8704 -23468 -25510 10125 2223
1 2420 -4084 -7682 -13756 14322 8257
1 3048 -14358 8560 520 899 -743
2 -662 5864 2912 4052 -8274 -5220
2 -1712 8296 224 -5287 -4224 -1910
1 -5788 9806 -3734 24403 -20578 -10423
3 2822 7120 15974 -12751 3845 196
4 592 7020 -1398 -2398 2810 -73
3 -656 -4016 8052 16304 -1958 809
4 0 0 0 0 0 0
2 -926 9396 418 1232 9402 5698
2 -1152 6972 2556 3399 3295 1381
4 0 0 0 0 0 0
4 0 0 0 0 0 0
1 -4532 4098 -20854 -20564 18976 8878
3 7492 -11948 -32768 23240 -3806 4286
1 102 -4604 2166 -8489 11867 8919
3 -864 -2826 -16574 -30659 7156 -2467

3 -1872 -6584 -5168 -401 -216 -180
4 -336 8112 -1970 -483 -134 258
2 336 8890 156 -749 1193 1016
1 -322 -7712 -4044 -945 3727 -611
1 764 -6724 -3792 -450 -1066 1228
3 -1846 -6670 -5002 -947 138 659
2 868 7698 552 552 -232 -349
4 0 0 0 0 0 0
2 0 0 0 0 0 0
4 0 0 0 0 0 0
3 0 0 0 0 0 0
4 0 0 0 0 0 0
2 0 0 0 0 0 0
4 0 0 0 0 0 0
3 -1822 -4138 -11104 -6455 -2863 1043
3 -3534 -4760 -11458 -12351 -248 2211
2 0 0 0 0 0 0
1 0 0 0 0 0 0
1 0 0 0 0 0 0
1 0 0 0 0 0 0
3 -3660 -3018 -5584 -9312 3287 3442
2 0 0 0 0 0 0
1 -1670 -2480 -16924 -9778 -13889 2728
4 0 0 0 0 0 0
4 0 0 0 0 0 0
1 -6074 -5524 -3116 -12784 -8266 2552
3 -2356 -2228 -6334 -3316 1559 1689
2 0 0 0 0 0 0
2 0 0 0 0 0 0
3 0 0 0 0 0 0
1 -2592 -8938 -5058 -2757 2329 7168
4 -816 8012 -964 -1612 -4976 1284
4 0 0 0 0 0 0
1 -16262 2836 -9882 -7025 -4214 2851
2 792 9094 1044 1778 -5044 -1840
1 -696 2352 7906 -7944 9804 6897
2 -1426 7372 220 1036 -4025 -3267
3 -25970 1166 -14588 -3805 -12214 5582
3 14250 4966 10352 -12861 3923 2869
4 0 0 0 0 0 0
1 1694 -800 3592 25970 -16993 -12324
4 0 0 0 0 0 0
3 4268 4568 6502 32627 14221 -2543
1 -7582 -7602 -22450 -1372 7576 7312
2 2036 7006 -60 491 1306 -43
3 -5532 -12790 -21310 -10337 -15617 -3932
4 0 0 0 0 0 0
2 0 0 0 0 0 0
3 1738 9098 324 -7228 -21326 -5093
4 -1806 6884 -108 4553 -3752 -2826
3 0 0 0 0 0 0
4 832 8140 -1426 -1959 8535 -537
2 -338 6060 34 -249 -2368 -1503
1 13542 -10280 14034 96 31767 11899
2 -418 7266 -436 -1965 -7228 -684
1 3924 8688 -2650 1499 -6560 -13676
3 4636 -13894 -25162 -13373 -12932 -2776
1 -16398 -14510 -22128 1224 -162 1529
3 9402 9362 16044 -14935 -2470 800
1 -1550 -1076 6076 -5373 8870 9854
2 -1496 10644 -526 -754 642 1328
4 -568 9492 -464 2921 -6463 646
2 168 7424 1746 1955 7833 1846
4 -1134 7008 80 575 1474 -1373
4 0 0 0 0 0 0
1 882 -506 9142 14101 -11475 -11450
4 0 0 0 0 0 0
3 -1722 1484 5112 21470 6422 1504
1 -9210 -15088 -15872 -905 1153 6688
1 -2302 4674 4936 -12733 7230 11234
3 3736 -14176 -22668 -4698 -456 -6984
2 0 0 0 0 0 0
2 -1592 8646 1120 1663 4536 1992
2 -14 7242 1338 617 -1771 -815
3 3276 1006 -418 -22061 3069 6692
1 -4502 -3672 8336 19540 -10349 -14716
3 1126 -2216 1524 28702 11467 3632
4 0 0 0 0 0 0
2 0 0 0 0 0 0
4 0 0 0 0 0 0

4 -110 7928 -1878 -246 -550 -86
2 714 8570 544 966 -1514 -776
3 -1606 -6400 -5404 1418 833 219
1 2242 -6336 -4022 -1633 2607 -310
2 0 0 0 0 0 0
2 -56 8262 -84 -491 -209 355
1 948 -7012 -4002 177 -3994 -3162
1 450 -7022 -3820 819 -93 -797
3 -1622 -6360 -5490 1496 460 -258
4 0 0 0 0 0 0
4 0 0 0 0 0 0
3 0 0 0 0 0 0
3 0 0 0 0 0 0
2 0 0 0 0 0 0
2 0 0 0 0 0 0
1 0 0 0 0 0 0
1 0 0 0 0 0 0
4 0 0 0 0 0 0
4 0 0 0 0 0 0
4 0 0 0 0 0 0
1 2372 -5194 -13448 -3807 -4295 3027
2 0 0 0 0 0 0
2 526 7786 718 -1618 -3433 -2066
1 -1062 -6194 -12928 -13837 -14442 2700
3 -3188 -4724 -12344 -6910 919 2969
3 -3720 -3952 -11212 -13092 3103 3845
3 -1490 -4686 -6068 -9124 4550 3790
4 0 0 0 0 0 0
3 -3262 -2232 -1454 -1570 651 1331
2 0 0 0 0 0 0
2 646 8594 1536 928 3386 1253
1 64 -7432 -3606 -9585 2054 4028
1 0 0 0 0 0 0
4 -198 8284 -1536 1973 -3550 679
3 9628 -8260 -12972 -5781 -13753 1086
4 0 0 0 0 0 0
2 -358 7978 1844 2390 -6528 -3235
4 0 0 0 0 0 0
4 -516 7268 -1500 -5669 -5233 3095
1 -12448 15058 -13686 -14905 -6772 7958
2 3052 7546 -922 -373 -7958 -2762
1 14200 -4120 19382 6506 10167 -6517
3 3066 -8036 -24220 -17504 5095 10419
3 16940 -4348 24390 11478 9186 871
2 -2978 11242 1420 402 1299 2354
4 -1012 11156 -2304 -6286 1280 2187
2 1562 8310 1308 1427 2205 -884
4 -356 8844 -1624 1992 -6604 -550
3 25338 -32768 -32768 15349 3839 -6832
1 -32768 -32768 -13094 1859 -26724 -6937
3 5344 12332 -4000 -32059 -11386 837
1 8042 -770 -1220 -12388 32767 23198
3 -14986 -1792 18690 19393 4436 -5912
2 -962 6330 798 -2296 -9778 -3204
2 -4124 9964 -544 -208 2175 1919
3 9112 -28316 -29516 -5589 1474 -3438
4 -2104 6304 -1714 208 1375 -1097
4 0 0 0 0 0 0
1 13332 -6672 28142 12965 -925 -4829
1 -32768 -27434 -18312 735 -26599 3876
4 -1076 10242 -596 8021 -8188 -3505
1 9352 -2644 9564 -4933 19752 15181
4 0 0 0 0 0 0
1 -6620 -1228 -1978 18132 -21594 -18414
3 13738 9762 14608 -20244 -3618 202
3 -4244 2534 4644 32767 10404 3197
2 1226 6526 3470 2158 5728 1290
2 986 7640 -98 -2793 -9860 -3704
2 -2350 9578 2766 2405 10729 3736
4 830 7704 -1262 1975 268 1142
1 -12698 -5860 -22874 -9928 6289 7466
1 20520 -6474 21934 -2696 31610 11336
3 -974 -14566 -20774 -16917 -6845 2614
3 12546 9990 27002 -6809 -16160 -6250
1 -32768 -7652 -29186 9083 -31642 -14721
2 1820 5974 2456 1435 -6603 -2281
2 -5082 10118 -194 -3526 -5372 -118
3 9422 -21458 -32768 24767 12283 1428
4 -830 7038 -1294 266 -1601 -715
4 1062 7924 -2056 -5946 4363 1188

1 2450 -7174 -4776 -442 -858 -1380
2 370 8360 602 786 -2295 -834
3 -1748 -6562 -5320 -1175 218 816
4 -382 8050 -1886 94 -174 -24
1 238 -7170 -3980 -689 -6285 -557
3 -1552 -6584 -5004 -1179 1054 1166
2 904 8092 586 245 -532 -338
4 0 0 0 0 0 0
3 0 0 0 0 0 0
4 0 0 0 0 0 0
2 -102 8540 330 -224 -559 153
3 -3286 -4726 -11592 -5634 3137 3102
2 0 0 0 0 0 0
1 1562 -7182 -4742 -335 1503 2325
3 -3886 -3944 -10706 -13377 2693 4160
1 246 -3702 -11318 -3961 -1232 2770
1 -788 -6186 -10632 -9653 1057 2187
4 0 0 0 0 0 0
3 -2750 -160 -4966 -10428 62 3323
4 0 0 0 0 0 0
4 0 0 0 0 0 0
2 -394 7540 1250 -415 -5372 -2647
2 0 0 0 0 0 0
3 -264 -5928 1298 482 -7315 3003
2 0 0 0 0 0 0
4 0 0 0 0 0 0
1 0 0 0 0 0 0
1 -1800 -10222 -5746 -4652 -10004 3440
2 -240 8920 1666 1324 -4673 -1700
1 -8086 792 -31046 -7387 -10723 10048
1 14960 -7024 15438 380 -15782 4242
3 -19074 -11244 -27540 -6545 5246 12300
4 -400 8542 -1528 -2995 -4620 1118
4 -1136 8104 -1246 -1241 -3626 521
2 -1036 5788 270 -52 -2947 -2466
3 15088 -4076 24914 -3551 27537 4604
3 -12298 56 -32768 32767 5943 -8198
4 0 0 0 0 0 0
2 0 0 0 0 0 0
4 -572 8238 -1208 2453 -5211 -60
3 -8202 -2116 -11864 -29117 12553 12560
1 -24786 -10808 -32768 20624 -32768 -20872
2 0 0 0 0 0 0
1 -15876 13868 -9186 -17602 7471 25649
4 0 0 0 0 0 0
3 -12780 -2864 25826 14838 -11619 -6620
2 1358 6260 -140 -1844 -7960 -3026
3 7434 -27494 -32768 -11750 -4245 -4091
4 746 9738 -1798 1197 2418 1435
1 7760 -13428 24674 8901 6048 -4545
1 -32768 -21782 -32218 -4049 -24337 2156
2 -3794 11566 1228 460 2468 3170
4 0 0 0 0 0 0
1 17408 -14206 7522 -1494 8355 12045
1 -15322 864 896 20271 -18946 -17697
4 1048 7292 -1618 -106 9459 -77
2 3684 6114 2278 3053 3403 -154
2 -516 7366 -380 -3287 -10390 -2866
3 11954 4396 21526 -12944 2094 2879
3 14 -5210 8696 31586 8140 -2774
2 -1082 10018 3516 2463 11762 3275
2 780 5588 1350 313 -4290 -3065
4 -670 8506 -856 2616 -4903 998
1 -19982 7404 -12442 -17054 3762 21160
4 0 0 0 0 0 0
1 12624 -17520 18916 6159 77 -1850
3 -10798 -5530 -10304 -29825 4785 8368
3 -3482 -2750 19108 8144 -4266 -2153
1 -29218 -4662 -32768 992 -12808 -6751
3 -13096 -18016 -32768 7657 -5922 -7962
4 244 9790 -1064 -2866 -505 1677
4 0 0 0 0 0 0
1 20212 -8828 7276 -4709 14492 12577
3 10164 5240 19274 -12507 1114 6428
2 -4528 9902 690 -1299 -45 1083
2 2388 8474 2986 2133 7791 2496
2 652 6916 -146 -2746 -11798 -3668
3 -12716 -4396 4414 27112 -7471 -3978
4 748 7576 -2412 -3454 6968 1093
1 -13780 622 6420 21330 -3070 -15427

1 38 -7928 -4702 3539 4400 -3989
3 -1816 -6526 -5194 -173 -169 676
4 -566 7896 -1758 -49 -190 11
2 338 8054 58 -1560 1054 305
3 -1604 -6716 -5260 -382 260 872
3 0 0 0 0 0 0
4 -446 7934 -1736 91 -81 -124
1 1746 -7708 -4600 1005 3976 -909
1 0 0 0 0 0 0
2 728 8732 -48 -580 1341 779
2 0 0 0 0 0 0
2 164 7816 960 1482 -2842 -967
4 0 0 0 0 0 0
3 0 0 0 0 0 0
4 0 0 0 0 0 0
3 -3842 -6008 -8438 -1979 -136 956
4 0 0 0 0 0 0
1 0 0 0 0 0 0
1 0 0 0 0 0 0
1 0 0 0 0 0 0
3 -2740 -2406 -12814 -8426 4408 3577
3 -2514 -2670 -9440 -11797 5644 3582
1 3754 -2666 -14056 -8148 -10414 147
2 -534 7994 504 -776 1065 -166
2 0 0 0 0 0 0
2 0 0 0 0 0 0
4 0 0 0 0 0 0
4 0 0 0 0 0 0
2 0 0 0 0 0 0
2 0 0 0 0 0 0
3 -3046 -2158 -6310 -7751 2250 1920
3 570 -4206 -5954 -1771 -11387 1055
1 -4338 -6706 -7412 -14809 -10976 1882
4 0 0 0 0 0 0
1 -3280 -8042 -940 -2336 -1015 4938
4 0 0 0 0 0 0
3 -16592 -13662 -31900 -4189 19373 19576
3 19756 -3158 25340 -2039 11428 1857
1 -18146 -5796 -31002 -10089 -27590 6372
2 766 10074 1460 2050 -5280 -1781
1 18092 -14590 21912 -4028 9947 4270
4 -680 7418 -1194 -3807 -6272 1549
2 -1078 5938 1284 2121 -8040 -5099
4 0 0 0 0 0 0
4 -362 10506 -2650 -3896 1269 1473
2 2114 9252 -444 -2375 520 1336
1 -32768 -546 -32768 18056 -32768 -26744
2 0 0 0 0 0 0
1 -3354 7498 -3238 -13121 25121 23383
3 -8746 -14110 -32768 32767 3856 -6096
4 -210 9398 -1272 5830 -7646 -1550
3 6376 10196 -1974 -28759 3535 2846
2 0 0 0 0 0 0
2 0 0 0 0 0 0
4 -1616 5704 -1600 1858 4986 -1612
1 8356 -6632 23320 15278 -8045 -103
4 1248 9722 -1316 3328 3553 1638
1 -32768 -17174 -26442 -6057 -19574 7025
3 -11316 902 17474 21385 18767 -3212
3 11650 -27380 -32768 -16186 3699 763
1 5296 -12480 11036 -5209 17402 9838
4 -1916 7022 218 5924 -6673 -3554
4 1248 7604 -1466 -2441 10824 92
2 886 6356 2654 2538 5513 1245
3 18656 4918 23422 -11086 1352 5094
1 -16298 2522 -232 21515 -20093 -18016
2 -412 7744 1438 -1357 -6639 -4241
3 -4788 -2288 8546 32767 10699 456
2 922 9356 2122 2404 10634 4149
1 -9094 -3538 -18350 -12002 17132 12583
2 -1318 5860 2020 1783 -7995 -2740
1 15792 -12084 26094 3778 21142 2564
4 -192 8200 -888 1046 -6230 1180
4 -1158 5712 -1598 -2948 1924 -419
3 -6852 -10028 -15910 -26234 -5661 4935
3 8264 7028 11532 4908 -8729 -3625
1 -25706 -4508 -32768 4000 -22936 -13882
2 -1522 11444 -180 -3200 -2178 -1424
4 1634 10664 -2260 -6095 5128 2792
3 1924 -28572 -32768 21489 7061 -6681

3 -1474 -6582 -4926 -1034 1191 1122
2 440 8126 630 163 460 -126
1 968 -7364 -4480 597 894 1982
4 -214 7820 -1536 863 -291 -179
2 528 8228 706 153 468 -38
4 -256 7770 -1600 84 -497 232
1 1388 -7314 -4560 -297 747 1996
3 -1588 -6428 -4842 -362 892 581
1 1436 -7166 -4436 -796 -157 764
2 0 0 0 0 0 0
4 0 0 0 0 0 0
4 0 0 0 0 0 0
1 0 0 0 0 0 0
2 0 0 0 0 0 0
3 -1572 -6342 -4850 317 535 57
3 -3258 -6264 -6740 -1197 -1769 -85
3 -2156 -3740 -11608 -5535 1968 2374
2 0 0 0 0 0 0
3 -2476 -3120 -9762 -8092 4163 3419
3 0 0 0 0 0 0
1 0 0 0 0 0 0
2 0 0 0 0 0 0
2 244 7338 1198 109 -683 -1827
1 136 -9408 -8814 -1056 -5560 168
1 -4748 -6504 -15722 -15947 -1002 4199
4 0 0 0 0 0 0
4 0 0 0 0 0 0
4 -600 8164 -1444 1791 -4256 149
3 -1546 -2234 -5938 -4024 822 1758
1 4598 -3828 3674 -6320 4750 392
1 -5512 -19278 -7956 3814 -4651 -2008
3 -1942 -5588 -5200 -861 -22093 -7681
2 0 0 0 0 0 0
2 0 0 0 0 0 0
4 0 0 0 0 0 0
4 0 0 0 0 0 0
4 -770 7634 -1034 -4602 -3574 1820
4 -1090 7946 -1402 -7774 -676 2328
4 -56 11318 -2810 -4654 3089 2209
2 -394 7314 1802 1220 -8065 -4433
2 0 0 0 0 0 0
2 0 0 0 0 0 0
3 -10440 -11882 -20964 -18227 -5537 9438
3 7904 4076 21646 3131 1666 -3858
3 12902 -28260 -32768 25658 583 -4799
1 -11000 -1372 -23812 -18692 -3133 7239
1 15488 -7942 24894 1007 5149 1811
1 -32768 -17622 -32768 10086 -24687 -13009
4 -708 9260 -990 7341 -7938 -1476
3 4332 10916 964 -29968 5403 1611
1 -526 4984 -2492 -16791 27502 21865
2 1264 8724 608 210 4821 685
4 -1524 5180 -722 3921 2589 -1769
4 824 11416 -930 2088 5686 1560
1 11186 -9888 28734 13710 -10740 -4323
3 -12028 -3176 17826 20784 5109 -2736
1 -32768 -28820 -25804 -1859 -29810 474
3 254 -30602 -30590 -10276 -5955 -3853
2 0 0 0 0 0 0
2 -3264 10102 888 -177 -2366 256
2 0 0 0 0 0 0
2 -748 7258 2166 -284 -5216 -2630
4 -718 7000 2166 6139 -10085 -2593
1 4008 -3612 3872 -5472 19040 15029
1 6904 -2406 9938 11760 -9786 -2418
4 168 6800 -1420 -6184 9845 81
3 7212 10246 20574 -18434 1743 -2012
3 -14238 4012 13174 17794 1176 -6954
1 -30744 -15258 -20494 -7277 -12588 4311
4 1310 9672 -1776 -1744 -1430 2175
1 2440 -9240 5984 -810 11519 11786
4 -1432 7856 -890 731 -5975 -2060
3 -5118 -19560 -19168 -16068 -1914 1442
2 -3774 8928 268 -338 -2298 1
3 5338 8706 16134 -14570 3444 -310
2 0 0 0 0 0 0
1 -1472 -2860 11742 18323 -13510 -12779
3 -704 1944 20470 28274 1621 385
4 0 0 0 0 0 0
2 1828 7414 1570 -331 -7144 -3639

3 -1520 -6932 -5538 -2473 -29 312
4 -220 8666 -1872 1898 1407 -348
1 954 -7138 -4696 1554 -452 -497
2 200 8152 640 345 66 -25
2 0 0 0 0 0 0
3 -1382 -6228 -5016 -2081 1167 1121
4 0 0 0 0 0 0
1 1166 -7348 -5118 382 288 946
2 0 0 0 0 0 0
3 0 0 0 0 0 0
4 -678 7938 -1540 608 -62 698
1 0 0 0 0 0 0
4 0 0 0 0 0 0
1 0 0 0 0 0 0
2 0 0 0 0 0 0
3 -1228 -4384 -9202 -2645 2348 1853
4 0 0 0 0 0 0
4 -1096 9086 -832 -574 -5084 1667
3 -2082 -3174 -12396 -8836 1460 1268
3 0 0 0 0 0 0
3 374 -2204 -5218 -5078 2000 1679
2 0 0 0 0 0 0
2 0 0 0 0 0 0
2 0 0 0 0 0 0
1 1036 -6152 -7702 -3657 3952 3251
1 478 -6664 -9822 -8768 -3724 1573
1 0 0 0 0 0 0
1 -3858 -5984 -3870 -6462 -7416 1903
3 -1080 -2206 -6256 -2484 -2657 3107
3 -18786 -914 -19308 369 -7100 4406
4 0 0 0 0 0 0
2 0 0 0 0 0 0
4 0 0 0 0 0 0
2 -290 8668 1192 -367 -3821 -1085
4 0 0 0 0 0 0
2 478 7774 422 -825 -763 -1052
4 -248 8900 -1658 -5598 -6894 2561
2 0 0 0 0 0 0
1 -15156 58 -9466 -2394 3573 4850
1 396 -3936 5164 -5686 8326 8322
1 -412 4952 -4036 18228 -22495 -8808
3 8474 6330 10910 -19571 329 3000
3 -6056 3678 3726 25804 6176 -4516
3 4864 -19832 -10654 -14649 -4769 -440
4 -738 9024 -3110 -5053 2346 1272
3 15076 26832 15716 -880 9859 325
4 -388 9414 -848 6380 -5748 -2618
2 0 0 0 0 0 0
2 0 0 0 0 0 0
1 -22076 -2920 -21874 -6847 549 8725
1 12960 -17576 14938 3511 15065 4420
2 -1058 8748 2764 62 -4664 -2812
1 -31522 9374 -24426 4631 -8493 -12761
4 -1700 5780 -502 4508 2068 -3433
1 -10918 9372 -9310 -10001 4192 3459
4 1588 11214 -630 2802 7799 -385
2 -516 7904 894 2 885 -394
3 4406 114 -8856 12647 -17453 -8204
3 1918 -11210 -3744 -17630 -8334 3132
2 -1774 8302 3128 1579 -220 954
1 13494 -19730 5200 6921 1485 -5001
2 -2760 7146 3628 2796 -6668 -4184
1 -19438 5874 -19090 95 17089 2588
4 -280 8314 1438 7427 -6479 -2692
3 1672 9410 -8892 13584 5568 2022
4 0 0 0 0 0 0
3 -12672 -1750 -5734 3359 -23835 -11781
4 576 8930 -1270 -1641 3001 1627
4 0 0 0 0 0 0
2 1480 10194 116 -1087 -1077 -548
2 0 0 0 0 0 0
4 -88 6748 -1830 -5126 2334 1375
1 0 0 0 0 0 0
1 15324 -13342 12714 -5639 16667 5868
3 -6988 -6142 -12112 -15717 -961 7296
3 8492 7610 -2678 908 -7437 -2641
1 -22204 10834 -27018 6549 -29550 -12904
3 -7372 -17442 -22562 32767 19571 -134
2 -356 8118 378 -1364 -9843 -2885
4 498 10608 -2208 -2085 -592 1467

4 -232 8072 -1944 -894 -343 -7
2 700 8246 570 135 149 -245
1 1242 -7070 -4460 -517 34 1309
3 -1704 -6620 -5428 108 -265 62
4 0 0 0 0 0 0
2 614 8142 494 208 -123 -177
1 1374 -7046 -4454 -586 426 1312
3 -1230 -6360 -6404 -265 -326 223
4 0 0 0 0 0 0
1 0 0 0 0 0 0
1 210 -7116 -4948 152 -2546 1167
3 0 0 0 0 0 0
3 -1676 -5290 -8404 -2213 2885 1047
2 0 0 0 0 0 0
2 0 0 0 0 0 0
2 0 0 0 0 0 0
4 0 0 0 0 0 0
4 0 0 0 0 0 0
3 -2120 -4244 -10556 -6419 2054 996
3 -888 -3924 -9494 -10675 1818 1063
4 -380 8074 -1038 362 -4022 581
4 0 0 0 0 0 0
2 -486 7294 1650 -665 -7550 -3361
2 -626 7700 1484 -3320 -144 -754
1 4806 -6242 -12458 -6232 24 4949
1 -116 -2064 -11814 -12017 1506 2414
1 -2330 -3054 -5972 -11033 -3590 -424
1 -4846 -7062 538 -2195 7248 -1538
1 -6756 678 -6524 -5682 1950 3230
3 -2396 -2996 -8616 -13244 -2273 95
3 -2888 -598 -2750 -4087 -3255 1922
4 0 0 0 0 0 0
3 -32218 -9112 -9382 155 -2796 9149
2 0 0 0 0 0 0
2 0 0 0 0 0 0
4 -254 7892 -790 -5466 -3344 2499
3 1192 9052 -2402 -21810 -9983 -2147
4 0 0 0 0 0 0
1 7546 588 1676 -16789 25012 10639
4 -282 8278 -1522 -241 -1506 798
2 -734 7910 1412 14 62 -1722
1 8452 -6168 11070 19550 1524 -9281
2 752 5530 2680 -2171 -2753 -659
3 -5440 1578 21110 32767 6555 -2194
4 826 8890 -1868 6953 67 126
1 -19286 -7544 -24356 -9620 24317 9974
4 0 0 0 0 0 0
2 -2096 8172 4034 1805 697 263
2 0 0 0 0 0 0
1 15050 -7052 13814 -8678 23350 9140
3 -10082 -18976 -16832 -19064 -32768 -6749
3 13112 2794 14982 -16813 -3975 -1329
1 3850 -1074 -9698 16689 -5692 -11296
3 -3902 6282 3556 30661 9241 -1551
1 -15482 -480 -28446 -13759 15048 12917
3 -13678 -12804 -17242 -24698 -16912 3367
2 -2380 9526 554 59 -4669 -1973
2 1248 6658 7060 4012 10850 1544
4 0 0 0 0 0 0
4 766 8906 -26 -1147 1073 1114
4 -738 7646 -566 -2604 -1197 -787
2 734 5360 2966 -738 -16394 -4373
1 10002 -12388 14756 -5508 15954 4607
2 -4968 9848 1750 202 3842 -776
1 -1716 9860 -13930 21358 -13946 -11614
4 -278 8518 -82 -3477 1900 91
3 14078 -2740 16888 -9901 -783 1737
3 -1790 -1292 -8828 32767 13337 -2194
4 0 0 0 0 0 0
2 1522 5986 7188 2928 7024 1381
2 -3776 5608 2218 -1501 -18170 -4108
1 -12524 3712 -24170 -14314 17533 8569
1 11028 -15156 17012 -5258 14762 5880
4 -1504 6696 -56 -1351 -2011 -1249
3 -13262 -12180 -16318 -26542 -11275 7656
3 16890 3028 13992 -5008 -1091 -2985
3 -2652 -6776 -32768 32767 9245 2952
1 -8784 9134 -27564 19624 -21862 -13995
4 -176 9582 778 -1774 3593 -345
2 -4590 9170 3436 350 4437 -50

1 1796 -7154 -4594 474 1350 3321
2 1070 8212 132 545 -3 -467
4 228 7610 -1550 -387 -1773 855
3 -2668 -6986 -5338 1987 1288 110
1 1368 -6682 -4808 1305 1531 2197
1 1988 -6738 -5032 1173 1225 -189
2 0 0 0 0 0 0
2 0 0 0 0 0 0
4 0 0 0 0 0 0
4 0 0 0 0 0 0
3 -2548 -7110 -5272 -599 1055 942
3 0 0 0 0 0 0
4 268 8470 -2054 -868 122 -18
3 0 0 0 0 0 0
3 0 0 0 0 0 0
2 0 0 0 0 0 0
1 0 0 0 0 0 0
1 0 0 0 0 0 0
1 0 0 0 0 0 0
4 0 0 0 0 0 0
1 1780 -5558 -10962 -4907 -4263 1818
4 218 8724 -1596 3257 -1287 -381
2 0 0 0 0 0 0
4 0 0 0 0 0 0
3 0 0 0 0 0 0
2 0 0 0 0 0 0
3 -5010 -3150 -15560 -7295 2094 1230
2 0 0 0 0 0 0
4 926 7524 -1294 1558 -817 616
1 -1410 -3404 -9938 -8986 -3587 2500
4 0 0 0 0 0 0
1 -1604 -3430 -6072 -10452 -37 2642
2 0 0 0 0 0 0
3 -4744 -6096 -10286 -15047 3885 4343
2 -48 7162 1608 -2046 -6753 -3445
3 -3810 -2314 -3108 -9231 1648 3199
2 0 0 0 0 0 0
2 -854 8658 2508 -2591 -469 -1625
3 -96 -1814 -3530 -1341 -1568 1751
3 -11356 -4306 2260 -6959 -31890 -12701
4 632 7206 -1134 -3665 -1163 2184
4 1126 8388 -1676 -6784 -560 2392
1 -1704 -7258 -6200 -7677 -1484 1504
1 3192 -10676 -8786 -5404 -1702 -8545
3 -1528 -6974 -16720 -23293 4559 12752
4 1104 8462 -1288 -3442 -2246 1965
4 254 6534 -2028 -2788 -2707 674
1 -19130 8748 -16756 -11259 2421 10006
1 11182 -13408 10756 -2727 20123 7284
3 10200 5132 8952 -7761 -14094 -10693
3 -2686 -5720 -692 32767 8133 4272
2 0 0 0 0 0 0
2 -682 5718 3614 1170 -9759 -3557
2 -2048 9502 3084 -2773 265 362
3 -11088 -8944 -8904 -28391 -16514 1374
1 -9464 12240 -10298 11835 -11099 -16622
1 -24110 5226 -13788 -15330 18194 16513
4 0 0 0 0 0 0
2 752 7580 4440 2730 6273 2016
4 392 9372 -966 5392 -4733 -710
3 12194 7598 4074 -1353 -10420 -4632
2 0 0 0 0 0 0
3 4656 -9644 -18208 32767 9203 -2689
2 0 0 0 0 0 0
4 -194 5794 -1034 2937 341 -4520
4 1784 9338 -1072 -375 4357 -1689
1 8104 -17010 10764 -1405 18490 2601
1 -22192 12700 -17194 8923 -25369 -16733
2 0 0 0 0 0 0
4 186 8666 746 4363 -8272 -1126
2 552 6968 1756 -49 -6031 -2620
4 0 0 0 0 0 0
3 -4130 -3484 -8720 -24084 -7151 6717
1 -12238 12012 -10016 -8588 10288 7766
3 3936 2470 -3598 4019 -9718 -9191
1 10336 -16192 12582 178 11457 5474
2 -2886 8064 3904 7 1420 992
1 -20432 10456 -32768 -640 -14850 -12065
4 1438 11574 -1236 -2417 1925 1574
3 -17846 -19760 -27278 14996 -4208 -3386

4 314 8934 -2170 -2181 48 -1311
3 -2692 -7720 -5434 -420 127 -683
1 -686 -7500 -4314 -2856 1519 -1463
2 1258 7640 1100 2196 -35 -1476
1 -354 -6282 -3556 -3635 1195 367
3 -2430 -5526 -4636 -1544 487 1228
2 0 0 0 0 0 0
4 244 7690 -2352 -122 1057 -1146
4 -592 8508 -1688 2459 2716 -1222
1 -302 -7278 -3576 -180 -4921 -1200
3 0 0 0 0 0 0
1 -1606 -6448 -3626 2193 -1194 1840
2 2744 9166 460 430 282 252
2 0 0 0 0 0 0
3 0 0 0 0 0 0
4 0 0 0 0 0 0
4 0 0 0 0 0 0
2 538 8228 594 493 -562 210
2 0 0 0 0 0 0
1 564 -8206 -3772 447 13413 7975
1 3054 -7436 -4598 -1235 3199 5732
2 0 0 0 0 0 0
1 1754 -6994 -4198 -513 -2781 4095
4 0 0 0 0 0 0
4 -1316 8186 -1206 447 3 -309
3 0 0 0 0 0 0
3 -1318 -5508 -10378 -6051 1768 2290
3 -1576 -1872 -8534 -10593 3384 1258
3 -1062 -1470 -7080 -6214 2817 -218
3 -2610 -2984 -5022 2 447 204
1 5690 -7248 -10328 -1933 -2208 -109
1 0 0 0 0 0 0
4 0 0 0 0 0 0
2 664 8104 170 -1753 1982 724
2 1100 8620 756 -862 -411 -503
4 0 0 0 0 0 0
1 154 -10090 -1956 -4823 -1488 -580
1 -576 -2100 742 -10047 8888 11925
4 0 0 0 0 0 0
4 0 0 0 0 0 0
2 0 0 0 0 0 0
2 1234 8040 1140 1720 -4379 -2493
3 112 -7238 -8810 -1649 -4141 1261
3 -21310 2870 -8766 -12634 -16668 1473
4 -294 8964 -2422 -2820 -3404 2282
1 -2172 6798 4870 -3770 9655 3015
4 -1328 8208 -1954 -509 -2267 1003
2 -178 6692 752 97 -3273 -2995
3 -5778 2458 758 -1339 7976 8247
2 1228 8894 446 -1254 4613 1565
3 794 4802 -2188 8691 -2001 846
1 9428 -452 -7840 1645 7036 2435
3 -18282 -11924 -19456 694 -3754 1436
2 0 0 0 0 0 0
1 -11256 1356 -32768 5385 17718 3698
1 2652 -8940 2958 -9416 12818 13354
2 112 9314 -132 1977 3121 485
3 15590 13922 20722 -14528 8690 6043
4 242 8098 -2724 -1041 3928 1431
4 -640 9152 -1380 4783 -4527 -873
4 -344 7064 -2038 1606 6506 -339
2 1112 5140 1716 2824 -5926 -4004
1 940 -3750 7082 20084 -8995 -8429
2 -3060 9752 802 -2544 -5526 295
1 -23308 -14446 -26554 -15774 17696 9938
3 -9250 5116 12228 23047 -2430 -4371
4 1356 7808 -2062 3917 -308 277
3 3256 -24404 -19428 -20511 -17514 -2530
1 10578 -9636 7928 -6880 17666 14892
1 3468 -1460 5482 19264 -8136 -16042
3 4996 4802 16586 -16344 -7747 -4822
3 7574 -966 1372 28095 3099 5096
2 4990 7198 -1472 1153 4350 219
4 -640 7858 -960 3762 197 -2456
2 0 0 0 0 0 0
4 1792 6186 -2196 -1219 -1058 330
2 -518 10638 362 -1324 1795 914
4 0 0 0 0 0 0
1 -15102 -5242 -26700 -15954 7551 9087
3 -6648 -17248 -17324 -24466 -4927 2353

4 -154 7826 -1984 -461 -858 467
3 -1832 -6518 -5236 -22 1018 455
3 -1854 -6388 -5064 -348 725 490
4 0 0 0 0 0 0
2 1414 8658 324 -1356 1408 689
1 1470 -7172 -4372 -575 1618 1309
3 0 0 0 0 0 0
4 0 0 0 0 0 0
4 0 0 0 0 0 0
1 974 -7270 -4206 -1093 -1414 924
2 0 0 0 0 0 0
2 0 0 0 0 0 0
3 0 0 0 0 0 0
4 0 0 0 0 0 0
3 0 0 0 0 0 0
1 0 0 0 0 0 0
1 1594 -5318 -12268 -6832 -4629 2249
1 -4658 -6022 -9190 -12168 169 5989
2 0 0 0 0 0 0
4 0 0 0 0 0 0
2 0 0 0 0 0 0
3 -3024 -4700 -11202 -5360 854 2395
3 -2098 -4190 -10362 -10555 2384 3047
1 -1100 -6522 -2468 -6416 3026 5110
3 0 0 0 0 0 0
3 -11072 -9690 -12154 -9455 -20727 1400
4 0 0 0 0 0 0
4 0 0 0 0 0 0
1 -1792 -6380 -3580 -2393 -20386 -2282
1 -6572 1872 -12160 -1171 -10548 -8806
4 0 0 0 0 0 0
1 -9602 -3920 -2308 -1311 23586 9903
4 0 0 0 0 0 0
2 0 0 0 0 0 0
2 1154 7486 602 466 -2197 -1716
4 0 0 0 0 0 0
2 164 8390 644 -398 144 -1112
2 0 0 0 0 0 0
3 9818 -1874 -6810 -5791 -8330 -1909
3 -18756 15180 -576 4863 11695 931
1 260 -11544 -22402 2933 4667 -4173
1 -13818 -8796 -1472 -19675 2179 8074
3 -12626 -302 -8578 4809 -1079 6687
3 -7004 5410 -7566 -15859 14704 7793
4 -82 7654 -1670 -2871 2399 210
2 0 0 0 0 0 0
2 730 9338 804 -716 376 41
4 0 0 0 0 0 0
2 0 0 0 0 0 0
2 -818 8968 1764 -503 -6227 642
1 4694 -2448 26808 22183 -31513 -8392
4 -772 7598 -2172 -381 4786 -379
1 -620 -18140 -32768 -10146 -972 3769
4 0 0 0 0 0 0
3 -552 -7054 14438 30529 21142 1777
3 -15788 -25920 -23280 -11274 -12026 -5191
3 3764 2120 14042 -23752 -6114 -4546
4 -2306 8042 -330 4939 345 -1389
2 -1702 6296 1786 -567 1531 -2634
2 -598 8550 56 -405 -4440 -670
2 0 0 0 0 0 0
3 -9068 -3072 11744 29884 -5245 -1018
3 -19328 -28516 -19250 -23288 7806 -1087
4 -720 6614 -1306 700 -486 -262
1 4954 338 9922 -18798 26232 17862
1 9670 -13148 29648 25451 -5165 -8255
4 -158 8378 -1834 -2322 3488 804
1 -15870 -8132 -32768 -19757 -2813 7745
2 0 0 0 0 0 0
4 -2010 7624 -908 -712 -572 -395
1 1456 -9860 5488 -6953 17049 15001
4 -902 7936 -2060 -2931 2304 -190
2 0 0 0 0 0 0
1 346 202 12740 13752 -13087 -8229
2 0 0 0 0 0 0
1 -31912 -6582 -25662 -10130 -14225 4340
3 11120 -1408 21328 -18369 -1640 -1457
3 -14600 -554 14064 25655 6846 -1717
1 3228 -8568 6384 -2977 11297 8059
2 0 0 0 0 0 0

2 1176 8220 44 -43 56 372
3 -1666 -6588 -5550 -765 -220 -1223
4 -20 7714 -2530 -594 278 -104
1 534 -7038 -4140 1032 1818 283
2 0 0 0 0 0 0
4 0 0 0 0 0 0
3 -1918 -6830 -5350 -2215 -790 -1342
3 0 0 0 0 0 0
4 0 0 0 0 0 0
1 922 -7236 -4460 741 554 694
1 0 0 0 0 0 0
3 0 0 0 0 0 0
4 0 0 0 0 0 0
2 0 0 0 0 0 0
2 0 0 0 0 0 0
1 1206 -7408 -5364 17 -2375 1734
3 0 0 0 0 0 0
4 0 0 0 0 0 0
4 0 0 0 0 0 0
1 2652 -7448 -14880 -10043 -6965 2212
1 -4890 -5564 -7292 -16918 -3474 6727
3 -3208 -6740 -9948 -6403 -2818 315
1 -948 -2970 2608 -3365 8282 3769
2 0 0 0 0 0 0
4 0 0 0 0 0 0
3 -3118 -2592 -10442 -15438 -2358 4127
2 0 0 0 0 0 0
2 0 0 0 0 0 0
2 1034 8500 960 2303 -2616 -1284
2 0 0 0 0 0 0
1 -2802 -7516 -9386 4083 5965 3162
1 29158 -3822 -18336 -5781 10907 3820
4 0 0 0 0 0 0
4 0 0 0 0 0 0
3 -4212 2642 -5104 -8783 -625 6840
3 10616 -9754 -6872 -8877 -4611 7014
4 0 0 0 0 0 0
4 0 0 0 0 0 0
1 -19808 -13676 -10688 -7756 -23395 4588
2 1080 10768 -1132 -269 -1760 -653
1 27668 -3312 10126 -9351 12231 117
2 2818 4492 178 -969 -5641 -2048
3 -12646 3442 -26732 -7280 -1997 8699
3 18016 -2382 20092 7950 17269 7210
3 -3508 -15366 -32768 32767 8532 3659
4 0 0 0 0 0 0
3 10812 8572 -2544 -32400 3127 3312
2 -2446 10696 1552 -2344 -6864 24
2 -332 8932 214 -356 2334 -395
4 -420 8016 -1462 3694 -7158 -702
1 -32768 -8362 -12988 14345 -32768 -32768
1 -21290 -2278 7336 -6615 31629 26628
1 5438 -17142 13568 5919 -6203 9507
1 -6530 27066 -7636 -5002 -16107 -19439
2 -72 5514 1920 965 2127 1195
4 0 0 0 0 0 0
2 340 10028 -268 -3136 -10822 -4092
3 -14744 5134 2812 -2808 -3171 -4445
4 -534 7450 -1706 -1666 1470 784
3 -1086 -6634 5736 23422 25209 9399
3 -636 12446 -27244 -19672 -14624 -10247
2 -596 10084 2164 4536 17720 4775
2 0 0 0 0 0 0
1 -10096 1024 -16052 -3022 16034 13622
1 0 0 0 0 0 0
3 7084 176 9886 -9036 -12265 5654
4 -1484 9380 -1418 -84 -3568 51
4 -944 6780 -1810 -1862 3671 -740
1 1730 -3494 12490 12437 449 -15002
4 -376 7956 -1640 176 176 249
2 2178 10416 -1976 -3449 345 300
3 -6922 -3444 10466 25113 -1864 -4262
1 -32768 -11276 -32768 -7393 -4291 7480
3 -18530 -26276 -32768 -9261 -7438 -1429
4 -1200 8870 -1956 232 503 -118
2 -3084 9724 1462 292 -510 1424
1 6610 -2310 -2684 -13045 17992 17839
2 -378 6260 632 -109 11400 3535
4 -988 7542 -1312 1318 4946 -1204
3 14622 -1472 2640 -20600 5683 5737

4 -768 8160 -1916 622 -53 -548
3 -1932 -6806 -5092 -1753 434 1186
1 1594 -6842 -4492 -1414 -588 1254
2 596 8092 290 259 220 62
1 464 -7506 -4416 -1636 -799 2373
3 -1714 -6608 -4852 -1736 915 1510
4 0 0 0 0 0 0
2 506 8170 230 -87 398 283
3 -1552 -6450 -4720 -1032 876 1137
2 0 0 0 0 0 0
1 0 0 0 0 0 0
1 280 -7236 -7968 -3575 2268 4774
4 0 0 0 0 0 0
2 0 0 0 0 0 0
4 0 0 0 0 0 0
3 0 0 0 0 0 0
2 920 8250 798 73 -2303 -1080
1 -2534 -5682 -10446 -9537 -1713 5066
4 0 0 0 0 0 0
4 0 0 0 0 0 0
2 0 0 0 0 0 0
1 0 0 0 0 0 0
3 0 0 0 0 0 0
3 -6768 -5136 -11188 -8215 -8589 342
1 -582 -2684 -3382 -5180 2182 1666
2 790 7776 774 576 3524 1107
1 -1842 -2916 -7536 1077 8431 2810
2 0 0 0 0 0 0
4 0 0 0 0 0 0
4 0 0 0 0 0 0
4 0 0 0 0 0 0
3 -5228 -1962 -9692 -19344 -6874 4868
3 -2142 1360 -5626 -10115 -1264 6243
2 734 8266 682 -860 -3390 -797
2 0 0 0 0 0 0
2 -60 7616 648 458 -138 -434
1 5434 -13356 -26074 -8864 -7939 -1350
1 1176 -9752 -696 4870 30 627
4 0 0 0 0 0 0
3 1010 -6770 11382 -5119 -2675 10451
4 0 0 0 0 0 0
1 3434 -292 9440 4631 2154 -2352
3 6844 2818 -8266 2808 -4124 -117
3 -4266 1162 660 12142 7051 -3416
2 0 0 0 0 0 0
2 132 8860 1208 1462 3887 1488
2 -456 6874 2610 1427 -7219 -3474
4 700 8772 -2558 -591 997 1495
3 -7512 -12814 -14114 9653 15517 236
3 -410 14980 -7696 -4134 -4091 -3061
4 -814 9088 -602 6065 -10916 -1159
3 -13582 -9742 2098 807 4403 1735
4 -124 5402 -2170 -2664 2926 1289
3 -3530 7642 -25662 4796 2684 -2593
4 -1050 9706 -532 -909 -5989 1361
1 -16398 -8096 -23488 15 -21691 -11020
1 19958 -8292 14942 1157 31576 10746
1 -8902 9588 -12430 -6949 -17183 -7410
1 6094 -18172 -5154 12043 13197 1614
3 -14268 -10602 -17258 -12445 -2664 1853
3 5644 996 2844 13224 -26398 -7063
1 -8666 -4684 -16960 -9970 -5531 8395
1 3100 4718 3672 13649 25287 -5878
2 1488 10300 -3116 -1433 -4714 -1468
2 868 7120 3194 4577 5350 2953
2 0 0 0 0 0 0
4 -2018 6568 -1698 -3350 -956 392
4 742 8132 -1654 -1425 442 697
4 -1632 7168 -2086 -1422 -1382 452
1 -3354 -13644 -22732 -2764 -20399 2798
1 -3470 9756 20068 10225 2700 -8285
3 -10012 -8664 -21132 -2709 5050 411
2 -232 10500 1694 3025 6949 6823
3 -1080 12388 21256 13331 -14379 -1793
2 -1030 4670 2062 1916 -10411 -6528
4 -372 8454 -1370 1834 1621 -384
4 0 0 0 0 0 0
1 2664 -13714 -23488 -5506 -4026 5601
2 -834 10516 -270 -3455 10403 5824
3 -6232 -11706 -22540 -8561 1617 295

1 636 -7022 -3896 73 -1086 545
2 722 8136 320 1335 -1406 -362
3 -2098 -6414 -5522 1379 -339 48
4 0 0 0 0 0 0
4 0 0 0 0 0 0
2 348 7982 664 1044 -1331 -1359
1 690 -6804 -4252 1549 3484 1018
3 -1662 -6632 -5686 147 -4 495
2 0 0 0 0 0 0
1 1728 -7166 -4636 1176 2743 722
3 0 0 0 0 0 0
2 1226 8158 214 -86 -2487 -390
3 -2436 -6788 -8234 -8409 -6184 -883
2 0 0 0 0 0 0
1 0 0 0 0 0 0
1 1928 -8402 -6526 -718 -3594 1137
4 0 0 0 0 0 0
4 0 0 0 0 0 0
4 0 0 0 0 0 0
2 746 8444 1078 -580 -2755 -788
2 0 0 0 0 0 0
4 0 0 0 0 0 0
3 -1972 -4892 -8960 -10863 2661 2739
1 -5642 -4112 -13422 -8717 -11967 5225
3 -1954 -2188 -6586 -7673 4212 2219
1 -1368 -4850 -3430 -11645 -2657 7969
3 -1042 -1770 -8296 -5222 1168 1378
4 0 0 0 0 0 0
2 0 0 0 0 0 0
1 16524 -16884 -2628 -4732 -8227 5639
2 824 8724 1414 2165 -6722 -3607
1 5078 -4622 -27584 -10125 3010 5250
3 15578 -16792 -2690 2546 -6703 345
3 -13024 -7410 -27552 -10419 321 5317
4 0 0 0 0 0 0
4 -756 8826 -1836 -413 -3071 62
3 6122 6332 8774 -13871 13188 5652
2 -658 6964 420 -560 483 -524
3 -5282 -604 13672 15522 -18696 -6475
2 1402 8390 868 611 2391 1085
4 0 0 0 0 0 0
4 0 0 0 0 0 0
1 3118 -14 5610 -15803 -3097 6377
1 -4160 -9064 13214 13109 12450 -5444
4 0 0 0 0 0 0
4 -1720 7756 -630 3874 -7847 -1064
2 6 9604 1238 537 -5457 -1211
1 -13090 -22282 -32768 7470 -1293 -8742
2 0 0 0 0 0 0
1 -6256 -1050 -6108 -15731 2327 10862
3 -17536 -25586 -32768 7273 -9543 -7207
3 5770 9006 -5930 -16063 6313 9252
2 -270 6280 506 -141 -7074 -2453
4 -1532 5844 -950 -720 -308 -1221
3 3890 4484 6862 -4813 -10598 -4725
4 0 0 0 0 0 0
3 -8176 -2864 -4624 22156 -4723 -2242
1 -70 -8476 11512 -1798 9101 6876
2 -1408 8184 734 -3718 906 1036
1 -5356 2576 -3230 14829 -2673 -11095
2 750 10894 244 306 4045 2510
4 0 0 0 0 0 0
2 850 7124 1496 3426 818 -449
4 0 0 0 0 0 0
1 -18512 798 -17748 -12675 -814 472
1 908 -2908 4302 -5474 5690 9773
3 -2464 -4800 -18244 -14872 -2077 -707
3 8454 3368 110 -10793 2115 2449
3 -3918 -3822 14706 18456 -3496 -398
1 2794 -1230 8770 9367 -5643 -8625
1 -16846 -13536 -31632 13680 -12785 -12104
4 0 0 0 0 0 0
3 -5384 -20650 -32768 7842 -14729 -11032
2 -752 6634 1738 73 -10324 -3391
4 0 0 0 0 0 0
2 -2178 11092 1530 -3030 9001 2226
3 1034 614 -10472 -19804 5720 5897
2 1900 7516 2046 2621 1987 381
1 -9774 -994 -10568 -15547 3226 13508
4 0 0 0 0 0 0

3 -2074 -6376 -4596 -1294 -289 178
2 1032 8252 -494 -1559 -2359 -331
4 1442 8528 -1826 705 -865 -571
1 2476 -7842 -5950 -2155 -1599 -407
4 0 0 0 0 0 0
2 2128 8946 -414 -1208 303 246
3 -1754 -6468 -4688 -111 3 -182
3 0 0 0 0 0 0
1 -418 -6746 -4484 -3906 -11216 2280
1 -1148 -5492 -3850 -1702 -2419 2190
1 166 -5568 -3914 1900 5433 988
4 0 0 0 0 0 0
1 186 -7084 -4220 5112 4734 -532
4 0 0 0 0 0 0
4 0 0 0 0 0 0
3 0 0 0 0 0 0
2 0 0 0 0 0 0
3 0 0 0 0 0 0
2 0 0 0 0 0 0
4 0 0 0 0 0 0
3 -2074 -6532 -8780 -4828 -6341 -2727
3 -2708 -4488 -10724 -10433 1390 924
1 2094 -8150 -5404 3740 3055 742
1 1062 -1674 -15460 -3534 -15018 -3847
4 0 0 0 0 0 0
2 0 0 0 0 0 0
2 0 0 0 0 0 0
2 0 0 0 0 0 0
2 0 0 0 0 0 0
2 0 0 0 0 0 0
3 0 0 0 0 0 0
3 0 0 0 0 0 0
4 0 0 0 0 0 0
1 -3198 -9850 -8786 -12300 -4868 3766
1 0 0 0 0 0 0
4 0 0 0 0 0 0
2 0 0 0 0 0 0
2 1138 7684 778 581 1725 -746
1 -13612 2982 -13454 -50 -15374 -5827
3 -15644 480 -7952 -3330 -19505 1107
3 -1302 328 -17054 -22397 -10761 3103
1 -9606 -3020 -9740 -17392 4500 10561
4 0 0 0 0 0 0
4 0 0 0 0 0 0
1 13954 -4182 13762 4459 1680 -671
3 6290 -3354 21974 9199 2343 2440
3 18550 -12310 -32768 27249 5381 1137
1 -32768 -21588 -16794 15674 -15845 -9737
2 0 0 0 0 0 0
2 780 10452 816 -1562 1306 2217
4 -746 7046 -1564 -1645 -1727 1075
4 -1304 9582 -1516 -1989 2736 1423
3 -3156 -5398 -7238 -25263 7487 6113
2 1402 7824 936 835 -5934 -2910
4 -486 8378 -1652 1031 -4406 865
1 -18772 -196 -8320 -17247 15557 20947
1 12784 -2108 12924 2809 706 -890
4 -1366 6792 -1456 -712 -403 284
2 0 0 0 0 0 0
3 3064 3912 19946 1438 -5216 -1771
4 -1096 8984 -1642 -1977 5070 823
4 0 0 0 0 0 0
3 24544 -3000 -32768 28879 17575 7772
1 -32768 -12124 -27042 18462 -25049 -17945
1 -24250 3422 -7806 -16325 12854 19751
3 -2172 -6152 -7220 -24263 7693 8529
2 1534 9570 1070 -2143 1081 3313
2 314 8858 1114 1485 -7107 -5013
1 12470 -4364 11014 -2889 3953 4223
4 0 0 0 0 0 0
1 -20390 -1316 -22374 26456 -21263 -18165
4 280 8022 -1468 777 3585 -65
4 0 0 0 0 0 0
2 1520 6746 1212 799 10253 2035
2 88 8456 1768 -99 -7680 -288
2 -570 9014 1718 978 -762 -3084
1 -28032 10752 -10610 -20330 5786 15705
3 2272 4648 15324 -1818 2440 -37
3 7762 4580 -15410 28233 11408 6073
3 -10184 -9578 -8494 -27368 3182 4935

3 -622 -6634 -5582 491 -504 -362
1 950 -7206 -3948 -35 -73 89
2 1596 7974 146 129 322 43
4 -946 7866 -1934 -755 -117 15
3 0 0 0 0 0 0
1 0 0 0 0 0 0
2 0 0 0 0 0 0
4 0 0 0 0 0 0
2 0 0 0 0 0 0
4 0 0 0 0 0 0
1 0 0 0 0 0 0
1 0 0 0 0 0 0
1 0 0 0 0 0 0
3 0 0 0 0 0 0
3 0 0 0 0 0 0
3 0 0 0 0 0 0
4 0 0 0 0 0 0
4 22 8796 -8742 6756 -3855 -1911
2 0 0 0 0 0 0
2 2464 9042 654 593 -1286 -726
2 1354 12532 -4480 4189 -5727 -5715
1 0 0 0 0 0 0
3 0 0 0 0 0 0
3 -580 -6774 -5316 -576 -1520 -1599
4 -2458 8810 -9774 14675 -16 500
4 -2612 5922 -3348 12972 3454 -939
1 0 0 0 0 0 0
2 -6342 4464 -15576 19393 -6553 -7398
2 -6370 3944 5292 7827 -6911 -13023
3 0 0 0 0 0 0
4 -3254 3588 -1478 5161 2170 148
3 0 0 0 0 0 0
4 0 0 0 0 0 0
2 -24674 14864 14732 1540 -32768 -13796
1 0 0 0 0 0 0
1 2184 -6122 -3408 54 -3780 -2493
1 -224 -8278 -2988 735 -11060 -1837
2 2230 10312 -10474 16189 -8928 -6421
1 -1480 -6464 -2416 3335 470 87
2 886 -8058 14974 -3741 -2700 -1133
4 -10534 7702 -16760 4685 22342 -8731
4 8794 5548 27224 611 -4111 1015
3 0 0 0 0 0 0
3 1032 -6434 -6550 8818 7762 3256
3 -2076 -9936 -6722 -2950 -7435 -2304
2 -8538 32296 -30998 -25709 -26934 -14495
1 972 -9198 -4924 3358 7022 -1646
2 372 -2108 -12782 32767 -5299 2856
4 -8786 24454 -32768 -20821 10572 14458
4 -7012 1378 -5604 23894 14319 -12921
1 1738 -9642 -2394 900 -13643 796
3 -2362 -7388 -4826 -7556 -479 418
3 -440 -4132 -5076 -3134 1144 1135
1 -2940 -5770 -2712 3013 3503 1549
3 -780 -7948 -5656 -283 7397 -184
1 2358 -7556 -4130 426 7323 -872
4 -9660 -5838 29804 -25661 10891 9220
4 -4746 30746 -31004 22310 -12020 -8974
2 2656 -9260 32767 -23795 -5706 -3866
2 -9448 31958 -31280 12333 -1401 -3491
3 -554 -4500 -4166 -4265 -11869 -3044
3 -2036 -5806 -4334 7019 11431 4415
2 3762 6348 22450 8144 4038 553
2 -32768 21372 -32768 -28077 -32768 4146
4 16928 -6902 30570 7794 1809 -2604
4 17424 32767 -32768 -32768 8544 8388
1 0 0 0 0 0 0
1 688 -8562 -2580 -1249 510 1201
3 190 -8480 -5376 -406 -3956 -2916
3 -2468 -3892 -6012 887 -5071 49
2 -11084 -9768 -11244 26201 11906 -6483
2 14658 5542 32767 -6409 13676 15613
4 -1964 -8938 -3308 28477 -978 -10320
1 1054 -9690 -2470 -2659 -5294 -286
4 -8274 -4866 16446 -13059 -25228 -1519
1 -2048 -5224 -1434 353 -5704 1061
3 592 -8838 -6412 6432 10649 3197
2 -8002 31656 -32768 -1434 24127 1584
1 0 0 0 0 0 0
4 -8346 32767 -28746 17567 -32768 -2849

3 -876 -6640 -5252 131 -50 37
1 1336 -7134 -4302 -421 338 470
4 -724 7948 -1588 -98 331 80
2 622 8276 228 208 -133 -154
4 -732 7904 -1588 -97 284 85
2 630 8248 194 301 -226 -164
1 0 0 0 0 0 0
3 -886 -6632 -5282 -167 -97 -70
3 0 0 0 0 0 0
4 -644 7858 -1612 -121 300 69
1 0 0 0 0 0 0
3 0 0 0 0 0 0
2 0 0 0 0 0 0
2 0 0 0 0 0 0
2 1790 8744 172 1663 -4716 -992
3 0 0 0 0 0 0
4 0 0 0 0 0 0
1 0 0 0 0 0 0
2 -2446 12690 -6898 8463 -12997 -6390
4 0 0 0 0 0 0
4 -212 9422 -5776 5109 -4888 -2000
2 -6602 5580 -7294 13430 2887 -7368
3 0 0 0 0 0 0
1 0 0 0 0 0 0
4 -3492 7376 -7466 11170 -4449 -2532
3 0 0 0 0 0 0
1 1198 -7370 -4226 1167 3185 470
1 1518 -7172 -4042 572 -2915 -110
1 874 -7666 -3890 610 483 -607
2 -4772 2424 -1536 9858 7934 -4636
1 0 0 0 0 0 0
2 -2436 7830 816 -4411 -1900 -3300
3 0 0 0 0 0 0
3 0 0 0 0 0 0
2 -19850 9524 -17132 -491 -11270 -7364
1 1620 -7588 -3580 -1108 -5781 -687
2 1516 -2522 -5276 16939 4845 -326
1 -474 -6644 -2548 1803 -8747 -1600
4 -4892 6486 -6940 13895 2475 -4713
3 0 0 0 0 0 0
4 -2314 2292 -3396 7297 2940 -3458
3 0 0 0 0 0 0
4 -8486 7358 -20134 -6360 4262 497
4 -10720 2724 -6258 6441 7163 -3697
1 0 0 0 0 0 0
4 8710 -602 17564 -11777 -8547 389
4 15876 16132 -32768 2341 5271 2923
3 0 0 0 0 0 0
1 2462 -8566 -4560 132 6419 -663
3 0 0 0 0 0 0
2 -4546 -5652 5124 -15862 -2426 4912
2 -5258 20884 -1580 7291 -15644 -3997
1 598 -7150 -3168 221 -11686 1561
4 5748 -3138 1310 7071 -683 -856
1 0 0 0 0 0 0
4 -8778 22472 -13348 -12739 12297 4589
3 0 0 0 0 0 0
2 -298 -10450 6346 9947 7555 -339
2 7590 -328 -26132 -13973 -5109 -688
3 0 0 0 0 0 0
2 3760 10910 -6024 18899 2695 -879
2 -6980 -8852 10674 -3545 4663 -3181
3 -2760 -7420 -4654 -4328 -6501 -1366
1 3086 -8530 -3496 -1847 4650 -646
1 -410 -7296 -2808 -1383 -9682 420
3 -1146 -5946 -4820 5816 11744 6560
4 704 -14558 -6804 16571 12694 -4506
4 -24976 2418 9446 -16756 -2933 6162
4 -2082 13992 -21308 9607 7601 1269
3 2036 -9086 -5092 -2065 1275 -2351
4 8630 -12470 7916 10954 -5911 -5334
3 -2920 -4594 -4204 -7125 -17494 -5706
1 0 0 0 0 0 0
2 -4558 9402 -24746 1586 -19574 -7058
1 1764 -6790 -1342 -1854 -3045 -331
2 -5756 3024 11884 10942 6094 1000
3 -718 -6744 -4878 7044 16648 6083
4 11910 -1300 15966 -32768 9849 9725
1 -1852 -6428 -3212 2482 -5575 -907
2 -15726 -6756 846 -27402 -16750 -9467

1 498 -7260 -4474 683 9 -505
2 1260 7822 -574 19 195 535
3 -622 -6628 -5504 551 -150 -288
4 -496 7770 -2044 9 -141 44
3 -686 -6668 -5422 -271 -59 -196
2 1406 8172 -476 125 217 406
4 -602 7976 -2020 228 -34 27
1 1300 -7338 -4518 -526 -94 388
1 0 0 0 0 0 0
1 0 0 0 0 0 0
4 0 0 0 0 0 0
4 0 0 0 0 0 0
3 0 0 0 0 0 0
3 0 0 0 0 0 0
1 0 0 0 0 0 0
2 0 0 0 0 0 0
2 914 8186 232 895 -3387 -3870
2 5584 7834 -602 -103 1267 -242
2 -2222 10658 -4956 2789 -5339 -4575
3 0 0 0 0 0 0
1 0 0 0 0 0 0
2 -4484 8356 -9022 12105 1201 -3193
4 574 8932 -4104 1499 -1525 -1121
3 0 0 0 0 0 0
1 0 0 0 0 0 0
4 -3322 8984 -12974 11262 -1230 -3863
3 0 0 0 0 0 0
4 -4274 6172 -7686 18381 -1192 -3212
4 -2424 3086 986 3253 8490 -2127
3 -1208 -6872 -5036 -276 -3619 -2709
2 -2578 8536 -3106 14923 5310 -3340
3 0 0 0 0 0 0
1 0 0 0 0 0 0
4 14454 19484 -782 1390 -7804 1061
2 11044 21928 16292 177 1470 -7346
1 1034 -7070 -3792 632 -2759 -2911
1 614 -7216 -2598 261 -8654 -2618
3 0 0 0 0 0 0
1 -2196 -6854 -3198 3308 -1957 -2443
3 0 0 0 0 0 0
2 7918 2848 -9966 4430 19426 5414
4 -12690 13786 -11656 564 9191 -2703
2 -882 2136 -3930 -7115 14024 5060
4 -128 -10774 9630 2623 -6241 1382
2 -15920 18842 -10636 4275 9029 -529
2 3248 -13182 5160 9751 -5654 -3334
1 2434 -7944 -3634 -37 7183 233
1 220 -6424 -3034 2276 -11634 872
4 760 16906 -25198 -1855 -27315 -1660
3 0 0 0 0 0 0
3 1102 -7972 -5520 -2739 -589 -1292
4 -4918 -3490 24458 9562 -1996 -3824
3 -2636 -5578 -4990 -5135 -7191 -2739
1 -1048 -8192 -2994 3007 9224 2739
4 8406 3118 -25988 -25080 -8177 4491
2 -17836 12616 -4874 -23442 -577 -1457
3 90 -7822 -5272 -1514 6307 -447
1 3380 -8206 -3314 -1842 -2936 443
4 -8940 5260 -16026 17939 11953 -9224
2 4426 14526 -13480 24753 -6070 -9526
2 9750 -10320 25920 4620 19658 11437
2 6702 28646 -32768 -12837 8723 -3317
1 -1434 -6052 -2488 -308 -2834 683
1 804 -8244 -3320 677 -894 -621
3 0 0 0 0 0 0
3 -1750 -8680 -5264 3185 9713 2634
4 12020 -2902 25376 -4012 -24067 -249
4 -12390 32767 -32768 -8886 13011 14715
4 -7642 -11414 4718 18078 -1328 -12766
1 -38 -8660 -2176 -1406 -3684 -1011
3 -1500 -7116 -3562 -7265 -9734 -3541
3 -2958 -3592 -4068 4530 -802 944
2 -5492 -9948 -11054 27862 10072 5488
2 12606 -6432 29736 -22009 -10239 2889
4 1068 -1364 21658 -24998 25248 9225
1 -1430 -6908 -2936 1058 411 967
3 718 -8464 -6504 8159 13247 4524
1 0 0 0 0 0 0
4 -6740 20418 -14566 21223 -17749 -6631
2 -12336 26880 -20690 11006 11387 1116

2 1474 8396 -330 -1523 2328 642
1 0 0 0 0 0 0
3 -1000 -6744 -5500 382 -281 -164
4 -1012 7926 -1776 -774 227 -350
4 -666 8010 -2004 -370 398 -725
2 2044 8440 -290 -378 121 632
1 542 -7396 -4240 420 -801 -67
3 -832 -6626 -5512 119 -248 -307
4 0 0 0 0 0 0
2 1054 8304 -180 670 -604 -86
2 0 0 0 0 0 0
4 0 0 0 0 0 0
3 0 0 0 0 0 0
3 0 0 0 0 0 0
2 0 0 0 0 0 0
3 0 0 0 0 0 0
1 0 0 0 0 0 0
1 1006 -7730 -4432 -1437 1094 3710
4 -198 8828 -6492 3685 -2137 -1507
1 1528 -7864 -4514 -2786 3401 4239
2 -442 11902 -7076 6580 -6662 -6516
4 944 10166 -11092 14480 -2003 -73
3 0 0 0 0 0 0
4 -1912 6482 -4960 15715 1311 -1757
3 0 0 0 0 0 0
2 -2966 7944 -7002 14198 -951 -5542
1 2598 -7556 -3760 -3623 245 2467
1 0 0 0 0 0 0
3 0 0 0 0 0 0
3 0 0 0 0 0 0
3 0 0 0 0 0 0
1 816 -7030 -3774 1712 7721 -1346
4 -3140 3564 -2870 4708 2769 -1642
1 3128 -7450 -3746 1593 -5598 -5468
4 -2140 5606 -68 -6440 -11908 -3031
4 -16454 18672 -22752 11105 -4985 -2694
1 308 -8288 -2928 1482 -16045 -5504
2 0 0 0 0 0 0
2 10542 26342 14878 -4007 19539 9596
2 8470 7518 -13346 15471 20960 7557
1 -2144 -6090 -2908 4173 -3284 -4511
3 0 0 0 0 0 0
4 2946 -2336 32767 -856 -10490 2432
2 3056 -1198 15272 -7409 11057 1407
3 0 0 0 0 0 0
2 -32768 32767 -16786 -20432 -32150 -7723
2 -9010 -17540 10562 21369 -9713 -2089
3 -496 -7058 -5210 42 -2012 -373
4 31366 32767 -32768 -7434 -16387 -843
1 864 -11240 -5606 4262 12982 -1504
4 11284 -23724 16294 21247 6146 -2682
1 1908 -8846 -3800 1814 -9797 1054
2 -24034 -9706 30858 -14306 -31932 -13362
2 -1780 14662 -11174 5487 -6183 -8963
4 70 12914 -12194 -19820 3736 -3063
4 -5736 -5332 -18224 14525 3706 -3632
1 -2150 -7056 -2844 1295 2324 4434
1 1512 -7750 -4342 -206 5751 2652
3 -1074 -5634 -5798 2397 5920 2236
3 72 -8886 -5402 -5222 -5145 -3333
4 -14654 -9050 24372 -12514 -10151 275
4 -6952 32767 -32768 -5164 3538 7159
1 964 -5944 -1032 -2113 -968 1868
1 468 -11680 -5036 -689 976 -898
2 5448 -6570 32767 -3132 -2385 7893
2 15950 32767 -32768 -7408 -7281 -9395
3 -4134 -4100 -4148 -870 -1916 994
3 770 -10610 -6410 4652 15459 4976
4 6856 -6118 784 24820 -2070 295
2 -14776 -11474 2418 24617 8621 -2336
2 7238 -4586 32767 -10451 -5356 9985
3 -1442 -7638 -3216 -9445 -12774 -4361
4 -2736 4502 19904 -17493 5881 2102
3 -2392 -5012 -4400 2376 6340 2405
1 928 -7358 -1312 -2750 -6158 -194
1 -1610 -5772 -2322 396 -1860 -1697
3 -754 -9198 -5510 3718 4778 2318
4 5620 32767 -32768 9076 -4806 302
2 9498 32767 -20986 -9125 -18358 -16766
1 -44 -9608 -3422 1348 3904 -1266

2 1450 8022 24 584 279 -572
4 -636 7882 -1378 250 1092 -220
1 1064 -7298 -4034 -957 12 535
3 -998 -6628 -5302 -729 -307 -359
4 -236 8274 -2100 275 -98 -155
2 1380 8448 148 503 449 -391
3 -924 -6602 -5170 -767 18 104
3 0 0 0 0 0 0
3 0 0 0 0 0 0
4 -2202 9030 -7884 8808 -14883 -2944
2 0 0 0 0 0 0
2 2312 10582 -1834 1972 -2546 -2080
1 0 0 0 0 0 0
1 0 0 0 0 0 0
3 0 0 0 0 0 0
3 -464 -7050 -5242 -237 -1071 -1756
3 0 0 0 0 0 0
4 -3142 9072 -11878 16721 4416 -2706
2 -1910 12270 -9622 17970 -18121 -13211
2 -2616 -1532 -808 12961 4130 -10291
4 -1640 3186 -1634 11407 6342 -3637
1 0 0 0 0 0 0
1 1064 -6836 -3538 528 -1956 217
4 -2088 5254 -3876 1807 2469 -2110
4 -2590 4712 -10054 -2014 -421 5783
3 -950 -6242 -4562 -1612 -3890 -2886
1 702 -7312 -3754 1808 1601 -1189
3 0 0 0 0 0 0
1 2134 -7434 -3594 -43 -4248 -2525
2 22556 30932 768 1932 7116 -10933
2 19292 940 -9326 10467 25036 8103
3 474 -6154 -5486 7513 4786 3217
2 4676 -14528 4738 2106 1974 4673
3 0 0 0 0 0 0
2 5040 -148 13070 -24025 32767 15425
4 -4990 7218 -9756 6276 17004 -7533
1 40 -7804 -2246 304 -14248 -1264
4 14490 6396 22196 -5373 31956 5755
1 -1938 -7028 -3136 3871 3338 -1423
4 -17556 9796 -32768 -14154 18461 20084
3 262 -7434 -5668 -471 7684 3144
3 950 -6580 -4554 -6338 -5342 -4252
1 0 0 0 0 0 0
1 2056 -8652 -2154 836 -20547 -1986
4 -9652 8110 -9312 18553 28265 -4702
2 9378 22378 -29040 24714 6969 1411
2 5232 576 25858 6087 7978 -1803
4 410 8594 31748 -13826 -1448 4968
1 -2930 -6666 -2790 1710 1893 763
1 2038 -8046 -4486 -102 8956 1289
2 12264 -11874 -32768 -22911 32767 23526
2 302 5098 -13580 32272 5591 481
4 -17224 32767 -32768 -2581 -942 7631
3 -1480 -7258 -4600 -1418 1944 -877
4 5912 -13592 5532 20970 8352 -441
3 -1370 -7526 -3570 -4759 -4512 -5350
1 0 0 0 0 0 0
1 0 0 0 0 0 0
3 -2818 -4618 -4310 1648 -57 -496
3 0 0 0 0 0 0
2 6096 -5180 20086 -4369 6161 5691
2 -3970 32767 -22886 -10918 -2032 -12451
4 2596 -4832 23094 -25066 -384 567
4 -5172 24100 -16256 19766 2459 -500
4 6666 -13206 23356 9307 -5209 129
3 0 0 0 0 0 0
3 -182 -7214 -5282 4293 10236 4956
2 2082 -13636 7240 25459 -7905 2688
2 6240 -4872 28760 -22823 -2724 1056
1 972 -8508 -3002 -2181 -3410 -1612
1 -1638 -5870 -2720 -543 -1355 960
4 7830 2248 -6434 -31431 1856 -4002
3 0 0 0 0 0 0
2 -12630 32767 -25754 13000 -19487 -13869
2 -2284 4968 13030 10014 -599 -4026
1 190 -8106 -2332 819 452 815
1 0 0 0 0 0 0
1 168 -6640 -2894 201 1016 -711
4 -11608 7370 -9598 24648 8086 -2405
4 1382 -3832 12414 4602 -2963 2569

3 -752 -6722 -5516 317 -201 -6
4 -986 7848 -1904 -391 313 -21
1 1156 -7630 -4504 3273 -4608 -4871
2 826 8198 162 1793 802 739
1 0 0 0 0 0 0
4 -868 7904 -1850 -94 285 -105
2 574 8146 424 2189 548 -888
3 0 0 0 0 0 0
3 0 0 0 0 0 0
4 0 0 0 0 0 0
1 584 -7448 -4520 387 -1439 -1430
3 0 0 0 0 0 0
2 0 0 0 0 0 0
1 0 0 0 0 0 0
3 0 0 0 0 0 0
1 0 0 0 0 0 0
2 0 0 0 0 0 0
4 0 0 0 0 0 0
4 -780 8572 -3656 930 -1152 -432
2 0 0 0 0 0 0
4 -262 10886 -10940 9841 263 -1292
1 0 0 0 0 0 0
1 0 0 0 0 0 0
2 0 0 0 0 0 0
3 0 0 0 0 0 0
3 0 0 0 0 0 0
4 -1158 9952 -9528 20529 3773 1937
2 4420 10842 -728 1078 -4317 247
2 2818 17326 -11284 18170 -18202 -5785
1 0 0 0 0 0 0
1 0 0 0 0 0 0
3 0 0 0 0 0 0
3 -532 -6858 -5188 -1993 -1106 -1464
4 -292 3352 -3214 13891 6082 1650
2 -11322 3680 -5042 23167 -5560 -6015
4 -1566 2676 -4264 6481 3473 -682
2 -9990 -2214 7132 214 -2578 -17877
2 3028 11164 -8790 4247 -11868 -5751
4 0 0 0 0 0 0
4 11230 -8640 -12910 12447 -70 5373
1 0 0 0 0 0 0
3 0 0 0 0 0 0
1 0 0 0 0 0 0
3 0 0 0 0 0 0
4 4228 3232 -23604 -2246 3408 -6937
4 4702 4092 18364 -2971 29622 -30
1 924 -8400 -3844 -2177 -8262 599
1 -456 -6120 -2250 -1405 -2204 2231
2 14852 6332 -11202 1712 27690 9273
1 1234 -8750 -2786 1151 -4222 -715
2 2590 -876 19576 14472 -23784 -4605
3 -1068 -6758 -5296 2952 -1053 814
2 -1114 -7606 -2002 -21134 26758 8291
3 912 -6374 -5558 2702 1993 491
3 -1982 -7936 -6258 -1406 -7087 -2573
4 6470 -4604 -86 -10040 -20939 2405
4 -4684 5158 -31560 18149 9996 -1739
3 -356 -6296 -6018 2734 11263 2867
1 -2518 -7304 -6480 5348 6876 549
2 -2060 852 -19544 21129 -13721 9105
2 -4116 12662 19308 8956 7427 -46
2 -6094 -13446 -21808 -23536 -6671 -3083
1 2568 -4612 -1754 945 741 -1147
1 -3032 -10794 -4804 3510 -5880 -3218
4 -3570 -5398 17820 5268 -5391 3750
4 -6918 2594 2194 -30250 2105 -2441
3 1034 -7276 -5670 -5217 -4945 -4488
3 -3016 -5756 -4542 -5158 -4800 -1532
2 -7624 84 -16606 14883 -1418 3391
1 1888 -8262 -4350 -563 14107 4417
3 -758 -6792 -4738 2659 11570 4337
1 -630 -4332 -1712 -1767 -6519 -1620
2 7408 10230 15544 11420 6809 441
4 11708 -1238 -21426 21241 11635 2358
4 -3186 -1812 18014 396 1645 2773
3 226 -5834 -5096 -236 -2471 -945
4 3420 104 -780 -16319 -7631 -3580
3 0 0 0 0 0 0
1 -2026 -10352 -1568 -24 -5562 1196
2 2124 -5956 -13348 -21138 5757 5826

4 -1082 7668 -2154 -188 623 101
2 2548 8846 -898 -499 -4081 1809
1 1988 -7758 -4038 -669 -930 -3071
3 0 0 0 0 0 0
2 3082 9508 94 3611 -8890 2317
1 2458 -9012 -3918 -1402 -12523 -6265
3 0 0 0 0 0 0
4 -990 7770 -2150 -268 990 -272
4 0 0 0 0 0 0
2 -50 6922 804 4014 -15185 -3986
2 -1146 7174 -346 -630 3617 2019
3 0 0 0 0 0 0
3 0 0 0 0 0 0
3 0 0 0 0 0 0
1 -1026 -6278 -2788 -944 -7606 -1741
1 32 -6346 -3520 2079 6810 -1600
1 1948 -7750 -4218 2625 3003 -1782
4 320 9564 -7522 4144 -1055 -1773
4 -92 11820 -12696 14722 3654 1637
2 3530 8560 -560 -1713 4345 791
3 0 0 0 0 0 0
3 0 0 0 0 0 0
4 -2980 11304 -10570 24947 2784 6
4 -446 2276 -1610 16737 8319 1309
1 630 -7044 -3780 1930 -8815 758
1 0 0 0 0 0 0
2 1274 13354 -8912 8163 -13791 -7832
2 -8860 7848 -10494 20744 -5497 -15316
2 -5700 3544 32 8585 14082 -17938
4 118 1106 -538 1992 4376 -912
2 -5278 5060 -5322 2429 -4040 -15998
4 0 0 0 0 0 0
3 -406 -6904 -5272 -2384 -1599 -1962
3 0 0 0 0 0 0
1 2124 -7492 -4504 -119 1888 2136
1 0 0 0 0 0 0
3 -772 -6586 -4798 -654 -1252 -547
2 0 0 0 0 0 0
3 0 0 0 0 0 0
2 10722 1058 -13598 -10325 9369 2921
1 936 -7000 -3036 -3529 -8070 11
4 13896 -5864 -940 -7646 13594 6147
1 -12 -6704 -2492 3 -4919 -616
4 5668 7180 340 -17633 -17764 -13894
1 -288 -7644 -4692 3822 3782 -4083
4 -17406 12502 -26704 17522 9325 -4067
3 0 0 0 0 0 0
2 15522 15224 -22938 6611 29669 7421
3 -720 -6518 -6178 5289 -836 311
2 -16150 -580 11438 4605 -20178 5271
3 990 -7638 -6546 6 2125 -854
2 1908 6590 4448 -14426 769 -7771
3 0 0 0 0 0 0
2 22954 12800 -32768 10729 -12494 1733
4 14120 -4904 17850 14592 17960 4462
4 6906 2986 12078 -16114 -565 -6520
4 28398 9878 -32768 14572 6900 7803
1 0 0 0 0 0 0
1 1020 -8732 -3818 221 -6139 -2916
1 -2040 -8780 -4628 820 -2217 983
4 -4796 2180 16964 5532 -990 4775
2 -10102 10252 18376 4498 -2772 -2478
4 6142 -554 5322 -18935 5028 -8272
2 -5920 -500 -2796 -17319 -6825 -1127
1 1652 -6518 -2802 -1113 4770 1925
3 -508 -6174 -5220 139 1081 -211
1 284 -9312 -3982 1187 -4823 -554
3 -1112 -5800 -4714 -1915 1423 870
1 0 0 0 0 0 0
3 0 0 0 0 0 0
1 902 -6286 -3352 438 708 1153
3 -344 -6546 -5640 4208 2938 1895
4 15640 5674 -32768 16095 -1026 8058
4 -6650 2510 16848 4099 4874 2519
2 7030 10742 -32768 16198 -5084 -2082
2 -7178 8790 14236 4058 -1685 -1282
2 -2088 -574 -1402 -18819 -5119 -1793
3 420 -6086 -4802 -234 2336 1161
1 0 0 0 0 0 0
4 8608 -878 2460 -16634 2587 -6990

1 442 -7294 -3724 -1125 98 3069
3 -728 -6654 -4970 -1596 718 607
4 -464 7960 -1816 197 333 46
2 68 8396 546 376 1415 352
4 -544 7708 -1708 132 305 -22
4 0 0 0 0 0 0
3 0 0 0 0 0 0
3 0 0 0 0 0 0
2 272 8200 832 309 -500 -284
1 754 -7806 -3898 -1319 2626 4755
1 0 0 0 0 0 0
2 0 0 0 0 0 0
2 0 0 0 0 0 0
4 -528 8300 -4056 971 -1081 -958
1 1678 -7130 -3964 -1324 2580 2999
3 0 0 0 0 0 0
2 4464 12760 -9308 7779 -166 -55
3 0 0 0 0 0 0
4 -748 7620 -6688 5129 1109 -846
1 1696 -7282 -4030 -152 1552 -701
3 -786 -7082 -5200 -137 -2725 -2781
3 0 0 0 0 0 0
3 0 0 0 0 0 0
3 -772 -6592 -4822 1463 -4213 -1225
1 1486 -6882 -3430 524 -4876 -3014
1 0 0 0 0 0 0
1 0 0 0 0 0 0
4 -1324 7550 -6902 9047 738 -1211
1 534 -7860 -3402 -520 -6994 -1410
4 0 0 0 0 0 0
4 -10002 -1172 9216 11668 -9521 -5402
2 -3230 12942 -7022 19435 -1572 -2744
4 8210 -2398 -4600 21923 -25430 -2347
2 -5738 4034 4596 14135 -5848 -11128
2 0 0 0 0 0 0
2 18748 7432 -8514 5800 -3812 4313
1 -22 -7128 -3270 52 -3907 -95
1 0 0 0 0 0 0
2 -1612 -778 -2842 5244 -1576 8399
2 -10146 11262 -14806 -14322 -4660 -11926
4 30 -1848 -3496 3220 10095 5503
4 -11346 -6032 -18450 4452 348 -5493
3 0 0 0 0 0 0
3 -810 -6384 -4986 2218 -1019 792
3 0 0 0 0 0 0
3 -664 -7458 -6156 4137 6779 4237
3 1982 -8288 -5416 1155 13523 1562
2 380 5044 -10920 4180 26036 -163
4 -15054 -7314 -9372 -7172 11902 1735
2 12046 -5586 15374 -8269 16504 8184
4 -11970 -6478 2154 -9608 -9590 -2169
2 0 0 0 0 0 0
4 -12734 14134 -11714 436 -17545 5608
1 0 0 0 0 0 0
1 0 0 0 0 0 0
1 0 0 0 0 0 0
1 1140 -9126 -2510 -3538 -5329 1154
3 -802 -10070 -4844 -12084 -13505 -10379
2 -3988 -6340 -7500 16053 553 6580
4 -4782 4738 -8144 14784 2652 -4920
2 -17928 1306 -3640 -27645 2582 -3550
3 -5214 -5632 -1650 -6150 837 1303
1 -968 -5738 -1908 -2135 -3226 642
1 0 0 0 0 0 0
3 1450 -6678 -3026 1086 9952 2165
4 15954 4086 -8262 -26047 -16903 3170
4 -13608 22064 -12452 16991 15614 -31
2 864 26962 -12532 12260 -11786 -19073
4 5068 -6662 562 -10623 -4913 -1071
4 7972 19436 10086 5107 -4018 5768
3 -1698 -4206 -2640 -1123 -16576 -3189
1 574 -6374 -3448 309 -8363 641
1 0 0 0 0 0 0
2 -10680 -9526 31794 -13558 -8509 -3967
2 29902 28958 -3818 1710 -25960 -4867
3 -1114 -10138 -5976 16870 19666 6652
3 -1504 -9346 -2736 -4619 -21024 -6126
2 -3746 -23964 19468 8618 -4928 5895
1 0 0 0 0 0 0
4 10174 -25658 -9980 8552 24991 -2694

3 -1214 -6464 -5236 -1101 711 -144
1 2654 -8144 -5552 1462 -1973 -3422
4 432 8114 -1574 1507 1876 -308
2 -974 6676 1484 -1025 5549 5037
1 1448 -8988 -2694 -3364 -9075 -7649
4 -12 7832 -1526 1254 1412 -390
3 -1200 -6378 -5052 -1118 159 44
2 1276 8500 -132 -1394 4729 4443
3 0 0 0 0 0 0
3 0 0 0 0 0 0
3 0 0 0 0 0 0
4 -42 7598 -1572 338 1243 -290
4 0 0 0 0 0 0
4 2550 8356 -4336 1675 -10935 -1182
1 280 -7312 -3150 -4028 -15078 -1777
1 -2166 -6070 -1900 276 -2060 1561
1 994 -7544 -3520 3508 12508 2955
2 -272 8746 454 -54 -3487 -1977
2 0 0 0 0 0 0
2 1594 8704 14 2626 -1525 -3630
1 3478 -8204 -4668 3291 3312 2944
4 -3398 6470 -10126 4221 -500 -3
2 1780 10590 -9850 8475 -13861 -8061
2 -6110 5824 -12592 15600 7031 -3068
1 3066 -8052 -2894 3578 -10061 -693
3 -258 -7120 -5144 -980 -2100 -1294
3 0 0 0 0 0 0
4 -3040 6894 -10192 9122 3533 -1105
4 -5204 7428 -4638 12881 3487 -3233
1 914 -7722 -1962 4456 -13775 -8157
3 -1062 -7468 -4704 357 -4658 -4601
3 0 0 0 0 0 0
1 2012 -11460 -846 3206 -1509 -10514
2 -3106 3418 1378 13112 6165 -5712
2 -6226 28818 -2092 6134 4146 -11920
4 -2336 4102 1480 4699 4017 -4022
4 -12032 8616 -6746 -2597 621 -6637
3 -2148 -5636 -3588 1901 -3565 -2171
4 3864 2226 12984 -23805 22017 -973
2 -7200 466 -7966 5865 32767 5902
2 -13194 -14356 -5078 -17913 -32768 -19246
3 -788 -5522 -4184 8236 -1039 1081
1 2468 -10130 -1976 8443 -7522 -9776
1 1394 -5132 -2858 6703 6770 -7817
2 4304 24188 -26100 11441 23563 2759
2 3686 2256 32767 2993 19852 17051
4 -8744 25256 -25218 22013 -19642 -5648
4 32442 -20516 22244 4644 -15608 -5263
1 5100 -7252 2618 -1331 -7135 -2700
1 2918 -1884 1028 -1789 224 2386
3 -204 -8916 -6132 5582 -607 -1484
3 0 0 0 0 0 0
3 -1086 -9032 -5312 -1644 8182 2999
4 -12584 32767 -32768 -25184 -11372 9468
3 -2116 -8414 -2806 -11736 -4909 -3973
4 -7648 12306 -9974 23376 13994 -13793
2 -19826 31664 -32768 -18760 9170 3703
1 4994 -12300 -3078 4164 6559 3361
2 -6114 -17622 -2458 31581 -15724 -490
1 0 0 0 0 0 0
2 -1764 -13566 32767 -30959 -17549 -186
3 -2328 -3988 -3240 -3024 -2781 1741
3 1130 -6790 -4516 4436 11977 4086
1 0 0 0 0 0 0
1 3216 -9396 5444 -7216 -3709 7263
2 -1720 21214 -28980 17399 1698 -6975
4 11364 -246 28474 -15747 16063 17241
4 -2404 24736 -12556 18392 4072 -6794
3 0 0 0 0 0 0
3 -1940 -8138 -4914 6313 4422 947
4 16344 -17692 15904 7308 -12985 -7023
2 -8292 8316 30338 5760 6452 8905
4 32767 21406 -13520 -32768 4206 6615
2 -31114 8090 -32768 -31534 13736 16486
1 4420 -7154 -522 -3312 4488 4270
1 426 -11364 -742 421 1001 -28
1 1406 -7530 2532 -2975 -13042 -3664
2 -9308 -12702 -5732 23063 -12396 -11968
3 0 0 0 0 0 0
4 -11242 4462 -8112 26399 2020 -9398

4 -404 8852 -2394 -1489 5206 -456
3 -828 -6940 -5098 -2341 -728 1403
4 -30 8254 -1848 2107 1905 -767
3 0 0 0 0 0 0
2 -3392 5408 1318 199 -6707 5894
1 -4268 -3962 1834 -5074 -12997 -4572
1 0 0 0 0 0 0
2 -4150 5454 5456 493 29715 8161
3 0 0 0 0 0 0
3 0 0 0 0 0 0
4 -706 7640 -1264 1471 1755 -446
4 0 0 0 0 0 0
4 0 0 0 0 0 0
4 0 0 0 0 0 0
3 0 0 0 0 0 0
3 0 0 0 0 0 0
2 4958 12668 42 6620 13787 -723
2 17658 172 32767 22402 32767 1110
2 7304 15962 4606 2108 -32768 -7647
1 -4070 -10288 -678 16346 -3806 -3604
1 4230 -12898 -4984 3525 29071 17628
1 -1092 -10556 -5520 7755 -25459 747
3 0 0 0 0 0 0
2 -1982 7218 3516 11885 -18455 -139
3 78 -7674 -2590 -626 -5965 -3594
2 1220 7752 -3116 10638 -2768 -1719
4 252 8326 -3362 382 -2386 -1404
1 2502 -4930 -3000 -6624 15518 -5977
4 -2558 6572 -11798 6902 -1067 -2395
1 4432 -10018 -5404 -2399 -9706 -11921
2 -2874 2442 -8134 4577 -1467 -1679
1 -478 -6962 -470 -5824 -32768 -3097
1 -1234 -6446 -68 -1687 1991 8881
2 -3952 1934 -8396 9962 1514 -5169
3 0 0 0 0 0 0
3 -1930 -7742 -3650 1984 -5749 -3193
4 -5442 6808 -10024 13129 5491 -6379
4 -1448 5696 -2466 11149 2047 -3644
4 -694 4926 -2108 1652 2774 -887
2 -5990 940 -346 3924 -3909 -7173
1 2986 -5224 -3004 3169 11560 3292
2 9684 13868 -100 -4699 8985 15584
1 2488 -9570 -2782 10582 -3859 -5353
3 0 0 0 0 0 0
4 0 0 0 0 0 0
3 212 -6962 -4588 1291 -8831 -5148
4 6890 13372 -7324 -1321 -10540 -628
3 -2860 -5682 -4500 1357 -8428 -4070
3 -938 -6998 -4992 2161 1405 2194
1 0 0 0 0 0 0
3 0 0 0 0 0 0
1 638 -8516 -3674 8962 520 -5044
2 -5582 9534 -14110 11585 696 -802
4 -15112 5382 -16226 17535 -12325 -4021
2 -178 -8966 1210 3650 5338 5722
4 -5412 -8992 -4380 1146 3967 -7539
2 -32768 -2600 6736 -14957 -18466 -6318
1 -1220 -7964 -2646 5398 -2366 -3690
3 -1716 -6642 -4542 -2717 1495 1363
4 7386 1844 2988 -11965 -7387 7733
3 0 0 0 0 0 0
1 1052 -9716 -3730 -2162 3731 5685
4 -1774 12672 -23336 -6585 7156 -298
2 -3072 11464 -4384 -5117 -32768 -18388
1 432 -6824 1024 -7724 -1919 10071
2 -1542 -14492 2920 18842 3501 1056
1 322 -6632 1324 639 -7895 4172
2 16772 13390 12320 -32768 5249 2457
4 2154 -7252 16202 18032 -15116 -3579
3 -1948 -11770 -90 -1968 1045 1397
4 -10452 -6652 -32768 -26265 15370 9468
3 -618 -9450 470 3786 -4394 -2987
3 0 0 0 0 0 0
2 -1236 14024 -19866 19751 814 -7219
4 -16128 11878 -11246 16855 -2299 -6068
2 -4598 -4478 18722 9281 -3506 2902
1 4396 -11414 -346 -387 3566 2611
1 -6 -4826 -282 1409 -1992 -2913
2 11080 16054 -20202 -29270 19748 2388
1 -2014 -7432 -654 5994 -5109 -4681

3 -1020 -6704 -5498 386 521 187
1 2086 -6908 -4276 87 -169 1393
2 914 7628 -4 -73 -2264 -305
4 -246 7954 -1842 645 -526 177
3 -912 -6578 -5312 -186 449 319
2 1302 7882 -18 -1191 939 -240
2 0 0 0 0 0 0
1 0 0 0 0 0 0
1 0 0 0 0 0 0
3 0 0 0 0 0 0
4 -280 7992 -1774 841 36 0
4 0 0 0 0 0 0
1 962 -7610 -3192 75 -4895 -2294
1 0 0 0 0 0 0
2 2316 9328 -1510 1590 -4606 -3505
2 -568 9148 -3698 5361 -7235 -5200
4 1568 9022 -4714 3671 -8787 -1521
4 -2632 6316 -10476 11118 -7218 -875
3 0 0 0 0 0 0
3 0 0 0 0 0 0
4 -2350 6028 -6718 13638 418 -2638
4 -30 1166 -690 7421 405 -512
1 466 -7472 -3078 1662 -1117 111
3 -992 -6174 -4258 -2024 -2202 -803
2 -1548 6208 -10136 10527 2740 -2567
3 0 0 0 0 0 0
2 -2770 5086 -5508 11998 5680 -2690
1 0 0 0 0 0 0
3 -1534 -7694 -4240 629 -4280 -2777
4 -2732 6118 -4584 948 1489 -2987
3 -2206 -6038 -3328 1326 -6092 -3368
4 0 0 0 0 0 0
1 0 0 0 0 0 0
2 -8270 13146 -58 8506 -9393 -7169
1 1620 -6984 -2654 2274 -7501 -868
2 4758 3812 -6832 1102 32645 13426
4 -2508 6552 -19094 13372 -11956 -4466
4 174 3996 25894 -8102 -16937 5709
3 -1762 -6456 -4034 8402 -1522 386
3 0 0 0 0 0 0
1 0 0 0 0 0 0
2 0 0 0 0 0 0
1 1006 -5726 -1192 5815 -5970 -4591
2 15858 3194 -8482 -5801 2524 1519
2 -12648 3888 -1706 -13710 -9626 -2330
1 0 0 0 0 0 0
3 -3074 -8068 -4782 -1092 -1312 1515
1 3120 -8444 -1128 -1049 345 1756
3 0 0 0 0 0 0
4 -16538 -3490 -21984 -17364 17386 6307
2 -13998 14514 -22280 20182 18256 822
4 -7386 16832 -16760 16271 -18671 -6696
1 474 -3302 504 694 -362 2584
3 0 0 0 0 0 0
1 1422 -11892 154 346 369 709
3 -1810 -8326 -2638 -1979 -1159 553
4 2454 -1758 31060 2175 -2580 4978
4 11260 32767 -32768 -24547 10354 5889
2 8062 -1740 12614 2415 15831 4854
2 -32768 25130 -32768 -27786 -27783 -13039
1 0 0 0 0 0 0
3 -2696 -7250 -1536 -2284 -3591 -1163
1 0 0 0 0 0 0
3 -2718 -7462 -4310 6424 6732 2048
2 -4410 -7710 -8296 25220 8440 202
4 -1146 -7292 -8070 28106 -9451 -3773
2 8180 3416 32767 -14588 -3198 3145
4 -1430 3592 21404 -19876 6963 2919
3 -884 -8924 -5344 2125 5127 940
3 0 0 0 0 0 0
1 1206 -9714 -38 4370 8653 1261
1 0 0 0 0 0 0
4 -7980 32767 -28416 12545 -6609 -1696
4 -808 -8206 6860 17795 -5022 1063
2 7086 32767 -19846 260 837 1685
2 -4694 -2786 4566 13647 6418 687
2 3426 -7400 25566 -16345 -2214 -3558
4 -2222 1880 17360 -24189 307 2458
3 -2450 -6618 -4022 1505 5162 1178
1 0 0 0 0 0 0

2 866 8046 -170 -1479 -629 157
3 -914 -6382 -5170 408 -894 -750
1 -566 -7588 -3762 2046 -1223 -1220
4 -1926 8232 -1510 -3909 2113 607
4 190 8756 -2374 -2019 2562 416
3 0 0 0 0 0 0
2 1094 8444 0 -1562 2084 403
1 0 0 0 0 0 0
4 0 0 0 0 0 0
1 0 0 0 0 0 0
3 0 0 0 0 0 0
4 -394 7758 -5092 4762 -9603 -1658
2 1548 8520 50 -145 -163 -722
2 0 0 0 0 0 0
1 0 0 0 0 0 0
3 0 0 0 0 0 0
3 0 0 0 0 0 0
3 0 0 0 0 0 0
4 -1824 9406 -9816 10916 -331 -1797
4 -3240 7086 -4982 13127 940 -3560
1 0 0 0 0 0 0
1 554 -7056 -2112 1569 -5445 733
2 4256 10502 -3886 3520 -10803 -5582
2 -3440 7302 -9234 12013 183 -3237
3 0 0 0 0 0 0
3 -542 -7372 -4568 377 -4433 -3537
2 -5126 5190 -3544 15113 -4260 -7761
2 -8206 9356 -1176 6322 -1907 -11566
1 0 0 0 0 0 0
4 -3448 3872 -204 5273 3880 -1638
1 0 0 0 0 0 0
4 0 0 0 0 0 0
2 -16004 -306 -2138 577 -5526 -5826
1 1304 -8768 -504 1729 -9978 -4129
3 0 0 0 0 0 0
1 -1510 -6856 -502 4294 -2823 -1805
3 0 0 0 0 0 0
1 0 0 0 0 0 0
3 0 0 0 0 0 0
2 -1150 4804 -6514 14595 -7910 3998
4 2088 7470 -7414 -3269 95 2475
2 3746 -7076 17748 -10421 9545 2593
4 -17190 14380 -9156 8553 14466 -14037
4 8004 -6846 24112 2623 -19579 5109
2 -19084 32767 -13802 -10017 10556 408
2 -7036 -12150 -1178 29096 -25821 -7271
3 -542 -9040 -6122 605 468 1518
3 -1904 -7856 -3828 -6263 -487 1400
1 884 -12616 -2204 1492 114 1895
4 -98 32767 -32768 340 -32768 2713
1 2740 -6954 208 12 1323 3741
4 664 -7678 -474 21939 16859 -6236
3 0 0 0 0 0 0
3 -252 -8094 -3284 -759 3044 -606
2 -9974 -8730 32767 -27257 -20901 -8452
2 6070 23692 -21324 19427 -18558 -10295
1 0 0 0 0 0 0
1 2290 -7384 2362 -1735 3797 1701
4 -2542 -1790 16662 -27619 17090 11738
4 -8140 21896 -8978 18912 12667 -3848
4 8012 -14942 18074 6934 -8 -2528
3 0 0 0 0 0 0
3 -2794 -7882 -4004 4736 6802 3147
1 0 0 0 0 0 0
4 3360 11330 -19342 -26321 -18849 1077
2 1536 2642 17934 9457 3987 5976
2 1364 1104 -17070 -28903 21102 9757
1 154 -10896 422 446 6511 354
3 -1936 -6766 -3986 -607 2076 1972
3 -1384 -6116 -4878 1491 -813 493
4 -3506 8290 -10636 24357 -4308 -5300
1 1198 -6702 1230 -2121 -5657 1521
2 -9688 -2702 -9504 24098 1187 -4899
4 10454 -9664 11066 -4164 -1335 4005
1 -784 -6596 984 809 -2157 -865
2 2750 2202 14912 3614 -1098 4715
1 654 -10926 -1776 -19 3562 2109
3 0 0 0 0 0 0
2 13100 21560 -32768 -17535 32767 10501
4 -21340 28266 -32768 -17964 -14863 480

3 0 0 0 0 0 0
1 684 -7270 -4046 73 -1917 -1002
2 1766 8100 -348 -2745 -91 522
4 -660 8302 -2188 -1575 -587 366
1 0 0 0 0 0 0
2 1730 8982 -446 -2712 -1081 673
3 0 0 0 0 0 0
4 -516 8072 -2056 -497 -266 -109
1 1272 -7496 -3998 -1854 847 4079
3 0 0 0 0 0 0
4 0 0 0 0 0 0
2 1644 8742 -528 -1036 -36 97
2 0 0 0 0 0 0
3 0 0 0 0 0 0
4 0 0 0 0 0 0
1 0 0 0 0 0 0
4 0 0 0 0 0 0
3 0 0 0 0 0 0
3 0 0 0 0 0 0
3 0 0 0 0 0 0
1 1020 -6962 -3276 -656 -1755 1710
1 0 0 0 0 0 0
1 1334 -7656 -3576 2429 -2307 -1852
4 0 0 0 0 0 0
4 -1048 8672 -3270 1022 -2238 -1217
2 0 0 0 0 0 0
2 3282 9022 -2258 2301 -4632 -3516
2 -2362 8444 -6350 5773 177 -3304
1 0 0 0 0 0 0
3 0 0 0 0 0 0
2 0 0 0 0 0 0
3 0 0 0 0 0 0
1 0 0 0 0 0 0
4 -2260 8264 -11166 8468 2128 -3003
4 -2838 6904 -9318 15753 2703 -4054
2 -1040 6672 -4070 12181 -537 -3714
2 -1652 5484 -2564 9336 2479 -1764
4 1264 1398 -402 10452 32 -3127
1 0 0 0 0 0 0
4 -3694 4028 -1698 -1040 1707 -3644
3 -522 -5646 -4260 295 -3369 -2328
3 0 0 0 0 0 0
2 -2276 12692 -5136 6289 -418 -3119
1 0 0 0 0 0 0
3 -2404 -6194 -3444 -480 -5900 -2989
3 0 0 0 0 0 0
2 -16544 -2954 -6546 -9043 12642 -2251
1 0 0 0 0 0 0
2 -6582 10264 -21676 15422 -16423 -3690
1 2096 -7658 -2722 622 2386 1273
4 -8656 6502 -15052 -7240 -9747 2248
4 -21922 21368 -10726 15991 8000 -11301
3 0 0 0 0 0 0
4 12952 -17512 21136 6719 -14592 3939
2 5450 13738 21266 2085 18140 6802
4 14752 21262 -32768 -31107 -13924 -3005
3 -1522 -8440 -5336 2573 1981 1656
1 1360 -4932 -1076 -2017 -6936 376
2 -32768 28696 -32768 -32494 10780 13999
1 -1006 -9714 -1932 2142 -2243 1211
1 2496 -7912 -588 -821 2361 4383
3 -1830 -7602 -3906 -6545 -3134 -2125
2 508 -10192 -5064 24253 -9676 -5371
3 -1824 -5600 -4552 -1152 2403 2274
4 -6226 -13424 3958 19918 9367 -3104
1 0 0 0 0 0 0
4 470 -1420 14726 -26276 3938 3900
2 1828 -11656 32767 -15622 -12551 218
3 0 0 0 0 0 0
3 -2776 -5492 -2182 -5612 -10608 -2279
2 16180 32767 -21456 12686 -21752 -13337
2 -3454 2258 11184 10993 5828 5224
4 -8344 23208 -10774 16295 -9524 -3918
4 11068 -12984 10990 10821 -3670 -2112
1 4220 -9120 704 6941 6451 -209
1 0 0 0 0 0 0
2 254 -828 8610 -32134 6352 -11722
3 -3108 -7796 -3902 5832 10365 4164
4 12992 -4238 3990 -30618 3264 8409
1 -550 -8330 -910 3630 949 -2557

3 0 0 0 0 0 0
4 -1292 9328 -1670 -9562 2522 2086
1 1344 -7172 -4552 -208 -5624 -4341
2 3792 8278 -540 -2096 -268 4366
1 3046 -7182 -5394 1224 1549 -6624
2 1440 8574 -382 -282 -8089 490
4 -286 9468 -2282 -6961 3988 1594
3 -1146 -7130 -6406 2359 -2116 579
1 2762 -8022 -4844 1382 -9348 -8700
4 -252 9598 -2526 -3220 43 1612
4 0 0 0 0 0 0
2 28 8124 -594 8 189 -10
2 2262 7844 -286 1718 6054 1830
1 0 0 0 0 0 0
3 -866 -6600 -6098 -1537 -1765 1439
3 0 0 0 0 0 0
2 2480 7270 264 4539 -2810 -2990
2 1598 7754 -540 2648 229 -4483
4 296 9110 -1698 7056 1485 746
1 -1902 -6064 -3520 3345 504 -3935
4 782 8784 -1346 9999 -1286 -263
1 -396 -8832 -4702 4280 8289 -1705
3 0 0 0 0 0 0
3 0 0 0 0 0 0
1 1684 -7300 -4556 719 -560 3208
4 0 0 0 0 0 0
1 1326 -7608 -4344 -3533 1117 8025
4 0 0 0 0 0 0
2 2612 7384 -4430 3564 -5001 -8330
3 0 0 0 0 0 0
2 -638 7398 -7968 8893 -839 -5665
3 -2030 -6730 -4678 -1574 1682 -463
2 0 0 0 0 0 0
3 0 0 0 0 0 0
1 0 0 0 0 0 0
3 0 0 0 0 0 0
1 3190 -7290 -3388 -3390 -2886 3904
3 0 0 0 0 0 0
1 0 0 0 0 0 0
4 -556 5704 -4136 5683 2036 -3115
2 -2912 342 90 4936 108 -355
4 -770 4230 -5336 2547 116 -2937
2 16884 15914 -2566 -2427 6112 -184
4 15378 15080 -512 351 11664 6462
1 1398 -6724 -1734 1812 -8672 -6288
4 0 0 0 0 0 0
1 -2298 -11120 -4830 8275 -1033 -8919
4 -5354 21336 -10542 9832 -15999 -5347
2 12466 -260 3328 1740 24595 11604
3 -2062 -6684 -4828 1200 -4099 -3480
2 7826 17032 -22378 2920 4882 2006
3 0 0 0 0 0 0
1 1456 -8266 -2072 1924 6943 -2616
4 14692 -21228 4440 7410 -932 -27
1 -972 -6608 -4016 3814 -6091 -1624
4 -5284 11382 -18818 -28833 -20059 4592
2 -4036 -368 16724 8432 -1116 986
3 0 0 0 0 0 0
2 -2694 3942 -29188 -24212 19206 8411
3 348 -5854 -7538 5842 10990 3606
2 -292 8836 -10628 24971 -6622 -5439
4 -12570 9078 -13428 20803 16727 -9568
4 8116 -4438 32046 -5748 -8999 -485
2 -14 -660 12988 -3918 3829 370
3 186 -9252 -4546 -11406 -7714 -5447
3 -2370 -3010 -4462 -6047 -2475 1044
1 0 0 0 0 0 0
1 0 0 0 0 0 0
1 912 -10880 -4096 -557 4452 1342
1 0 0 0 0 0 0
4 11936 32767 -32768 -3887 -13085 2907
3 84 -9516 -4002 1894 7587 2987
3 -556 -8320 -2896 -1624 945 1138
2 -9358 31816 -19484 -16215 -12354 -11609
4 988 -1026 -6822 19211 16547 -4641
2 -5338 -5766 -3708 23546 -14891 -2369
4 3824 -2094 25864 -16680 -472 464
1 286 -7354 -2478 -503 -2063 940
3 0 0 0 0 0 0
2 -4174 824 19212 -22306 -7476 -1103

3 -168 -7008 -5418 3341 -1848 -1600
4 -1030 8424 -2594 -2794 -638 812
1 318 -6542 -3244 922 -735 -912
2 412 8360 716 3996 538 -1983
3 0 0 0 0 0 0
1 0 0 0 0 0 0
2 618 7296 282 1680 1926 -1147
4 -616 8230 -2306 -1213 43 1162
1 0 0 0 0 0 0
1 0 0 0 0 0 0
1 1554 -7528 -4760 333 -883 -156
3 -862 -6494 -5470 975 -320 -131
3 0 0 0 0 0 0
3 -424 -7198 -5552 -2303 274 253
2 0 0 0 0 0 0
2 1464 8042 394 -613 1334 60
2 0 0 0 0 0 0
4 0 0 0 0 0 0
4 0 0 0 0 0 0
4 -1606 8912 -5892 2334 -4923 -748
2 1026 9132 -8230 7203 -3558 -3652
3 0 0 0 0 0 0
1 2564 -8562 -4132 -2034 -4251 -1637
2 -5342 6246 -7088 12250 2004 -2733
1 398 -7320 -3124 -1615 -10075 -607
4 -3148 9918 -9914 13609 965 -2945
4 -3126 8636 -3972 15334 5954 -4048
3 0 0 0 0 0 0
3 0 0 0 0 0 0
3 -588 -7366 -5126 -441 -2117 -2556
4 -1974 2748 768 5014 6318 -3789
2 -3478 11532 62 12933 -7142 -10659
1 346 -7536 -3162 -202 2854 -1036
4 12144 -2300 9864 -1373 1463 -4058
1 0 0 0 0 0 0
2 3648 2624 6688 6477 -631 -14284
2 -2292 6102 -15914 5995 22076 8673
2 -2766 -16470 -10658 3214 10133 4088
1 224 -7434 -2856 2481 -7306 -3464
1 0 0 0 0 0 0
4 -11160 9230 -22304 3763 -9089 -4091
4 24664 9212 7904 9401 -11134 -1030
3 -1342 -6722 -4524 -875 -5993 -3432
3 0 0 0 0 0 0
3 -1244 -8464 -5808 3324 -7756 -4113
2 -7596 7954 10254 -25890 -9461 -10702
3 -3614 -6516 -5670 3036 -2353 -678
2 5142 17012 -26098 24670 -7121 2974
1 -50 -10296 -4776 2825 13325 -1190
4 -4704 -12670 -26946 -10763 2607 9613
1 2958 -8812 -1514 -1673 -10046 1596
4 -17004 19896 -9646 2672 26882 -7018
3 276 -7454 -5382 -1413 -2894 -1515
3 -2536 -4418 -4958 -1536 -4369 -142
2 -1864 576 14890 9770 11315 -1419
2 -24390 23332 -32768 -23180 -32768 -20597
4 6274 -13938 24562 11265 -9844 6381
4 25044 20438 -19810 -31844 32767 6632
1 -3200 -5276 -3182 1845 -9011 2873
1 0 0 0 0 0 0
4 1056 -17172 -2976 20652 4040 -5378
2 4984 3648 -3628 15928 8835 -1651
1 0 0 0 0 0 0
1 428 -5428 -732 -1859 -7728 -2111
2 1828 -2504 16030 -260 2149 4330
3 -906 -8746 -4968 -1371 5577 1565
3 -2154 -5812 -6282 455 699 1129
4 -23752 -2854 7280 -14548 9424 5087
2 1734 7992 -28574 4678 26696 3919
2 -10538 2532 22312 -829 21897 9163
3 534 -9086 -5060 -4987 5060 -197
3 -2756 -3908 -3888 -7069 -10682 -2844
1 -2328 -9622 -3470 1073 -838 -2107
1 2192 -6848 -1120 -3047 1208 461
4 -1050 18062 -13784 13856 -18843 43
4 23616 -18116 -2236 2408 -32768 -11251
4 15690 3992 11460 -32768 32767 15549
3 -2528 -6444 -4876 7731 14521 7665
2 -20198 3616 17262 -30293 -32768 -14744
1 -1984 -7138 -2288 2608 -4880 -2200

2 1482 8120 202 2 -2767 -532
3 -968 -6682 -5264 -1508 428 81
1 656 -7272 -3812 -1255 1474 1908
4 -292 7822 -1910 136 388 50
3 -1004 -6664 -5162 -1528 347 103
1 0 0 0 0 0 0
4 -204 7708 -1892 -238 460 -79
2 880 7548 6 -696 14 -420
3 0 0 0 0 0 0
4 -98 7866 -2158 -315 150 -27
3 0 0 0 0 0 0
3 0 0 0 0 0 0
2 0 0 0 0 0 0
2 5234 13682 1390 5144 -3494 -3221
2 -20 7336 -4350 9612 -8949 -6262
1 0 0 0 0 0 0
1 0 0 0 0 0 0
1 1518 -7274 -3420 -916 752 2372
4 0 0 0 0 0 0
4 -1650 10168 -11320 10621 -2336 -2883
2 0 0 0 0 0 0
3 0 0 0 0 0 0
3 0 0 0 0 0 0
4 -2848 6124 -6576 17152 -992 -1627
4 -3136 572 -1214 7981 -627 -3106
1 0 0 0 0 0 0
1 1696 -7974 -3692 3298 526 -4270
2 0 0 0 0 0 0
3 0 0 0 0 0 0
4 -1434 3808 -4754 -3330 4328 -6278
1 1002 -8102 -3642 3056 -5535 -5313
4 -24294 1018 -17846 -4042 2827 -4679
2 -5400 10478 604 -1197 824 -7698
3 -1150 -6194 -4642 -966 -3715 -2050
1 858 -6760 -2924 576 -4250 -2793
2 -12444 13872 -19300 -2770 14044 14
4 -10058 5374 -11782 17579 -9195 -13743
4 8070 1802 21930 -6962 -7962 4895
3 0 0 0 0 0 0
3 0 0 0 0 0 0
1 0 0 0 0 0 0
1 -248 -7420 -2834 492 2181 319
2 -3242 -5220 -7352 19822 14351 18473
2 -520 8988 10504 -5732 7199 -1607
4 -29120 32767 -32768 -11740 -32768 3913
4 4672 -14712 5188 22512 28458 -1909
3 -2214 -7224 -5932 756 704 1487
3 0 0 0 0 0 0
2 10406 32767 -32768 -21191 32767 4861
2 246 -13850 -1612 25348 -13429 5080
1 1872 -10004 -3758 2370 -4711 1199
1 -446 -7906 -3242 2567 3364 2030
3 0 0 0 0 0 0
1 2048 -6808 -3436 -332 2774 2065
3 370 -8214 -5982 -1913 1968 71
1 0 0 0 0 0 0
4 -2140 -624 4958 -15821 4657 -252
2 6092 1172 32767 -5620 -2887 5664
4 11484 32767 -32768 4378 -2567 5540
2 32767 25574 -32768 1569 30114 9384
3 0 0 0 0 0 0
4 7472 -11240 2804 16240 4331 148
1 1206 -7610 -2618 -1828 4257 687
4 -698 -206 8908 -11151 -3707 -1041
1 200 -6600 -2570 -931 -5162 -1870
2 -2776 -1864 1822 13652 -3804 -120
2 -2764 2022 14596 331 -5583 921
3 -1122 -6298 -5002 3298 9091 3615
1 -454 -9288 -2930 719 -2500 -361
3 -352 -7742 -5338 -1593 -887 66
1 0 0 0 0 0 0
2 16170 15606 -32768 -17383 14232 -3026
2 -412 -10142 -5364 24142 4101 8651
3 0 0 0 0 0 0
1 0 0 0 0 0 0
3 -530 -5666 -4974 3450 2960 2220
4 -3004 30154 -32768 -14688 -11481 -176
4 1162 -9112 -3992 22061 12656 -1930
4 1150 -2062 13464 -5896 -1698 1822
2 -3684 6258 13168 -2247 -2472 841

2 1210 7580 -514 -858 5660 -703
4 -668 7752 -1844 1024 695 -694
3 -898 -6892 -5264 -727 371 -484
1 -74 -7416 -3922 -574 6715 -805
3 0 0 0 0 0 0
4 -546 7708 -1814 508 1113 -683
2 2736 8278 -394 -632 5756 -616
2 3004 8310 -472 420 1010 -1288
1 1050 -7188 -4072 907 2166 -1018
1 0 0 0 0 0 0
2 0 0 0 0 0 0
4 0 0 0 0 0 0
4 380 9522 -5214 2705 -5015 -1739
4 -3394 8910 -8198 10836 -631 -2867
1 0 0 0 0 0 0
1 0 0 0 0 0 0
3 0 0 0 0 0 0
2 3470 10024 -2456 1921 -5373 -2654
3 0 0 0 0 0 0
3 0 0 0 0 0 0
4 -3862 5738 -5646 12618 2799 -3794
3 0 0 0 0 0 0
2 1056 11812 -8662 11726 -9205 -6106
3 0 0 0 0 0 0
2 -5156 3582 -6242 14503 -1182 -7675
4 -1126 2502 -4098 7518 2375 -2647
1 1146 -7300 -3816 11 -4178 -819
1 0 0 0 0 0 0
3 0 0 0 0 0 0
3 0 0 0 0 0 0
2 -1916 1084 -552 4804 4177 -5320
2 18598 17146 4188 2483 -1113 -10011
1 0 0 0 0 0 0
1 0 0 0 0 0 0
4 -2974 2324 -4976 1842 699 -4204
4 24732 15996 -7382 -1149 -14625 2395
1 1510 -8720 -3154 -1034 -12648 827
1 -1476 -6504 -2670 1577 228 -782
3 0 0 0 0 0 0
2 9490 5268 -24658 15885 879 4575
3 0 0 0 0 0 0
2 -4252 -5758 12748 11393 -2535 -57
4 -17290 10098 -17954 7790 7927 -10448
4 26104 1164 10430 13363 -3010 1772
3 -1542 -6904 -5290 -1180 -4000 -117
3 596 -6454 -6054 3743 12355 3727
1 0 0 0 0 0 0
1 -32 -7754 -3782 3001 -7306 -3750
4 -3600 -7052 7536 -27431 16803 15475
4 -12840 23060 -3468 15099 764 -13820
2 1206 -3094 32194 -32768 -17075 -7189
2 0 0 0 0 0 0
1 330 -7558 -3132 190 7489 1409
2 2154 8268 15498 4089 8641 -2813
1 1790 -7566 -2920 -1002 -3472 167
2 -15210 -7508 20304 -25422 -31817 -7473
4 22000 -10042 13914 12379 1334 195
4 -19148 542 15696 -27620 25156 19679
3 298 -7324 -5094 -4357 -7647 -3486
3 0 0 0 0 0 0
3 362 -7812 -6136 -1341 4682 -1246
1 -1184 -8642 -2808 -1331 -1057 1453
3 -2692 -5636 -4340 -5959 -8855 -2856
1 0 0 0 0 0 0
2 -10560 12862 -30092 19823 15503 3184
2 -1400 8972 13422 5782 8867 -3844
4 -11994 17938 -3654 17756 -22695 -14020
4 16564 -11674 15924 14843 -6592 2490
4 -13060 -3410 18084 -28026 32767 15090
2 -7738 -9138 27648 -27694 -32768 -14506
4 -14406 15038 -5054 21199 -11802 -11202
2 830 15990 -27804 16456 8434 5818
1 374 -6180 -2700 -778 -2441 273
3 -2188 -5396 -4184 4525 6642 4455
1 436 -7742 -3698 156 -978 -508
3 0 0 0 0 0 0
2 -1104 9278 16410 1645 10090 -929
1 0 0 0 0 0 0
4 21476 -15898 6530 7308 -6721 -1974
3 -890 -6556 -5142 -2148 -10028 -1227

2 -286 8100 894 4293 418 -2509
3 -300 -7078 -5228 1760 973 1017
4 -2956 6926 -2952 1648 -2547 -763
1 1354 -8002 -3730 355 -6545 -4103
3 -278 -6578 -5130 1373 -443 32
3 0 0 0 0 0 0
1 0 0 0 0 0 0
2 972 8112 100 3364 4051 -2271
1 0 0 0 0 0 0
2 2154 7720 -178 842 3085 -1447
4 -1610 7120 -2160 -1061 3782 450
4 0 0 0 0 0 0
1 0 0 0 0 0 0
4 0 0 0 0 0 0
3 0 0 0 0 0 0
2 0 0 0 0 0 0
4 126 9676 -6488 778 -6290 -990
2 0 0 0 0 0 0
2 0 0 0 0 0 0
3 0 0 0 0 0 0
3 0 0 0 0 0 0
4 -5416 9842 -9196 13800 -1854 -4202
3 0 0 0 0 0 0
2 5652 14742 -5008 6421 -9826 -3144
1 -184 -7678 -4252 2810 8021 412
1 2470 -8118 -4418 -218 1452 1779
3 -970 -6258 -4852 -2178 -1999 -527
4 -3030 4198 -3180 13161 2017 -4246
4 354 2918 -1248 1071 9552 -864
3 0 0 0 0 0 0
2 -7524 9430 -6432 22132 -5390 -11614
2 -6550 964 4450 4972 3968 -10152
1 0 0 0 0 0 0
1 0 0 0 0 0 0
4 -3324 7680 -7628 3503 -2229 -1672
1 0 0 0 0 0 0
4 -1472 -2280 -4944 -1570 -8759 1165
3 0 0 0 0 0 0
3 -1578 -5766 -4274 490 -1554 -996
1 0 0 0 0 0 0
2 10678 10434 -6932 188 10145 5972
2 2986 11260 -1490 6483 18274 2789
2 -10098 -10910 -6812 16473 -9108 8663
4 -23590 6130 -11488 7341 -11650 -4297
4 15774 -3976 -136 14816 6282 -1250
4 14250 -3572 15558 -29326 30612 13109
3 -226 -6390 -4814 5417 1194 -166
2 16926 -8124 27836 -28481 -7361 -1483
3 0 0 0 0 0 0
1 0 0 0 0 0 0
1 1160 -8078 -3098 2534 -6567 -3753
1 -1544 -7876 -3432 4702 -1310 -6411
4 -434 25848 -11908 4322 -17166 -3554
3 -196 -6854 -6450 2736 5197 1006
4 -1008 -7702 1790 18364 -5504 1126
3 -378 -7476 -4940 -4988 -8276 -2979
1 1404 -7880 -3532 2670 3775 -4598
2 12382 29492 -3188 8754 3547 6217
1 -68 -8292 -3500 1406 -3160 -876
2 -7752 -13602 1532 19888 8083 -5770
1 0 0 0 0 0 0
4 -3536 -4178 14458 -18673 -2128 4921
4 -12082 28932 -14610 12554 -7859 -3698
1 1042 -8006 -3090 -3286 -7358 1348
2 9822 2040 28084 -15589 5625 6133
2 -764 32767 -19370 43 5335 -737
3 -2738 -4422 -4228 1454 2401 2472
3 -22 -9070 -6532 3896 11784 5258
4 6892 -12284 15962 14366 -1354 581
3 0 0 0 0 0 0
4 -976 -2320 4836 -27036 10680 6359
3 0 0 0 0 0 0
1 -734 -7220 -2408 -584 -2485 4425
2 -6016 -2874 10300 13526 6453 -3333
1 0 0 0 0 0 0
2 142 -8056 32767 -26287 -20889 -8429
2 12892 27466 -10770 9124 -13984 -1428
3 1232 -7406 -5674 -117 5740 -136
1 0 0 0 0 0 0
4 -1150 25560 -9652 14611 -9279 -6689

3 -878 -6318 -4566 -1774 434 57
4 94 6748 -1328 76 4545 -974
2 -584 7702 -542 -83 -4482 360
1 1862 -6786 -3568 1388 4993 3058
3 -688 -5968 -4242 -778 -104 250
4 -366 6408 -1378 -1561 670 -327
1 0 0 0 0 0 0
1 0 0 0 0 0 0
2 1874 8826 -312 -1758 8236 4959
2 2924 7976 -424 -406 -1265 2656
1 1196 -7358 -4278 1496 -5472 -2700
4 -736 9348 -1592 -5823 1305 781
4 -406 8132 -2052 -4318 100 314
2 0 0 0 0 0 0
3 -772 -7236 -4958 2807 -890 226
3 0 0 0 0 0 0
4 -162 8836 -2934 -943 -293 -467
4 -4972 10292 -8280 7001 -8075 -4337
1 1188 -7754 -4630 822 -989 -3280
1 0 0 0 0 0 0
3 0 0 0 0 0 0
3 0 0 0 0 0 0
2 0 0 0 0 0 0
2 0 0 0 0 0 0
2 1490 11920 -6974 7354 -292 -8370
2 -3198 5860 -6250 12129 74 -7363
3 0 0 0 0 0 0
3 0 0 0 0 0 0
3 0 0 0 0 0 0
1 0 0 0 0 0 0
1 0 0 0 0 0 0
1 0 0 0 0 0 0
4 -3182 10286 -9470 18025 1336 -4679
4 -2228 3842 -3272 14454 4588 -3720
4 -4092 2038 -948 1753 6807 -2109
4 0 0 0 0 0 0
1 0 0 0 0 0 0
4 -5470 -88 -6004 -4441 -24374 4174
1 2402 -7464 -3554 -2 -4860 -1129
3 -412 -6446 -4924 -2022 -2181 -1365
2 0 0 0 0 0 0
3 0 0 0 0 0 0
2 -8794 9286 5146 -2699 3339 -11121
2 -14446 2634 -13262 -552 5882 -67
2 -4814 7640 -3854 9965 3175 1962
1 0 0 0 0 0 0
1 0 0 0 0 0 0
4 -8620 8006 -7048 4231 23272 -4703
4 442 52 7058 -3212 -4819 336
3 -594 -6252 -4636 64 103 429
3 -500 -6290 -4870 948 -3785 -1644
2 6282 -7880 -4696 -9804 14342 2266
2 -10270 8714 -12296 -217 3306 402
1 0 0 0 0 0 0
4 0 0 0 0 0 0
1 0 0 0 0 0 0
4 6150 -4414 -11912 -5844 -1887 3323
3 0 0 0 0 0 0
3 0 0 0 0 0 0
1 0 0 0 0 0 0
2 -8006 3062 2518 -1541 1041 -3980
1 -374 -8290 -4134 72 8600 3235
2 12112 -6696 -26394 7365 10680 14147
2 -740 12464 -712 -210 2959 -1980
3 -406 -7522 -6218 5327 8583 2242
4 -942 15110 4102 4240 9353 76
3 -1614 -8384 -4856 -5879 -11180 -3709
4 -2466 -8528 -11664 6651 4219 977
2 -114 -1572 11952 -4145 2824 2358
2 25660 15938 -31490 8225 19416 16017
1 2868 -7330 -1706 -4418 -804 1526
1 -1232 -8394 -3246 1340 -9310 816
4 2682 -2648 -9010 -8173 -6470 -2355
4 12304 21562 -10998 -355 23760 4185
3 -3304 -4508 -4238 2089 3243 1854
3 1548 -8320 -6196 1286 10046 2575
3 -2668 -8360 -3624 -9769 -11215 -4932
1 698 -8600 -3156 2339 13049 2392
4 -4922 -5662 -14438 19647 6004 2912
2 -1422 1232 -2738 16673 2654 -148

2 2580 7672 470 1310 -157 -1472
1 0 0 0 0 0 0
3 -706 -6726 -5228 93 -577 -448
4 -668 8208 -1998 -307 630 -58
2 924 8782 -770 -1507 -68 2569
1 0 0 0 0 0 0
4 -686 7806 -1828 54 855 16
3 -388 -6558 -4970 -270 -722 -360
1 2088 -7172 -3690 2836 -67 1011
2 1656 7892 318 14 -204 1103
2 0 0 0 0 0 0
3 0 0 0 0 0 0
3 0 0 0 0 0 0
4 0 0 0 0 0 0
2 0 0 0 0 0 0
1 -138 -7572 -4516 3343 -1162 1235
3 0 0 0 0 0 0
4 0 0 0 0 0 0
4 0 0 0 0 0 0
1 1836 -6766 -4046 -297 7799 3494
3 0 0 0 0 0 0
3 0 0 0 0 0 0
4 0 0 0 0 0 0
2 0 0 0 0 0 0
2 0 0 0 0 0 0
4 -2024 9348 -6130 4267 -7566 -1217
1 2930 -8068 -4464 -2063 -460 -320
1 1466 -8086 -3716 -2913 -9661 -1913
2 2516 10756 -4020 2344 -5185 -5799
4 -1062 8890 -9226 13184 2069 -1682
4 -366 4510 -4548 12830 3501 -859
2 -1696 7584 -10822 15855 -6757 -3932
1 192 -7844 -3260 -2960 -558 1362
1 1706 -6480 -3178 -1215 -255 580
3 0 0 0 0 0 0
3 0 0 0 0 0 0
4 -1502 3414 -1372 3224 1896 658
1 0 0 0 0 0 0
1 0 0 0 0 0 0
4 4458 1128 8774 -1050 -2739 -4730
3 0 0 0 0 0 0
3 -1154 -7266 -4906 -2691 -5566 -3400
2 -4568 7624 -930 14364 1160 -5340
2 2216 14078 2024 -274 1833 -7440
3 -1760 -5754 -3844 -606 -2958 -1636
4 -20598 10534 -22190 2609 -1348 -5463
2 16648 7860 -16696 8286 32767 15341
2 -16490 -11614 -5310 17510 -13567 -2547
2 16446 -6918 32767 -32096 -1253 4496
3 -1006 -6052 -4532 6397 -1108 -836
3 0 0 0 0 0 0
1 1486 -8462 -3360 1859 -6479 -2028
1 -308 -7460 -3480 1879 -1525 -871
1 0 0 0 0 0 0
4 12820 -22 7664 15874 26643 -1624
4 -18236 -2570 10244 -19976 5518 12062
2 14176 27578 -32768 16997 10869 5957
2 3630 8992 16962 3613 7747 -3838
1 1738 -8652 -4398 215 -8681 -2153
4 -15866 24504 -598 16573 5097 -4316
4 17764 -23326 20630 8618 525 913
2 -32768 4206 -14322 -24442 -17414 -6899
1 -786 -7702 -2852 -407 1226 3498
4 1948 4888 -6296 -32768 19182 8678
3 -358 -6992 -6112 2293 6236 2551
1 2186 -7698 -3004 -1370 3700 3069
3 -326 -6576 -4860 -4673 -7164 -1823
3 -1868 -6454 -5042 1433 8714 3611
2 1278 6768 -11186 23290 2362 -4436
2 10680 -2606 18976 -3957 1997 6118
4 -12298 5114 -7494 20219 3696 -11017
4 6928 -4974 11120 -7816 -10068 2271
3 -466 -9026 -4884 -6796 -1468 -3569
3 -3532 -3848 -4152 -5930 -5699 -264
1 288 -8012 -3354 17 -1534 1281
1 1186 -5400 -2174 -1137 -86 1619
1 22 -8666 -3236 2765 -3114 -3036
3 -2004 -8936 -4904 3172 12729 6108
4 -20790 32767 -32768 -10474 -25937 6644
2 7538 32767 -32768 -12626 32767 15750

2 878 8380 -216 1212 696 -1968
2 1358 8294 -136 1814 4246 -1718
3 -494 -6652 -5324 583 -1100 -499
1 0 0 0 0 0 0
4 158 8176 -2626 -96 290 -144
4 228 8418 -3476 203 -153 -169
1 0 0 0 0 0 0
2 0 0 0 0 0 0
2 2874 9336 -1726 3907 -3599 -6247
3 -468 -6678 -5374 306 -766 -481
4 -3584 8770 -8308 5937 -3835 -2487
4 -4052 7444 -9432 12646 4566 -4158
2 -100 7720 -7864 10928 -1049 -4409
2 0 0 0 0 0 0
3 0 0 0 0 0 0
3 0 0 0 0 0 0
1 0 0 0 0 0 0
1 0 0 0 0 0 0
1 744 -7506 -3664 1793 -736 1790
4 -1876 5436 -4026 11549 4594 -4731
2 -4650 11794 -948 6587 526 -4199
2 -7318 13494 3694 -210 2490 -3604
1 0 0 0 0 0 0
1 1708 -7080 -3096 -1313 -6182 -143
3 0 0 0 0 0 0
3 -666 -6998 -4810 -1971 -2763 -2218
3 0 0 0 0 0 0
4 -1218 1478 -8 1137 4135 -2891
4 7376 8696 -10610 -3092 -11495 2157
3 0 0 0 0 0 0
1 -350 -7330 -2840 1152 -5678 -1073
1 -282 -6978 -2790 2516 6622 -1082
2 4880 5640 -12904 9114 -13545 -921
2 5058 -6338 7830 5180 1618 -109
4 -14802 17724 -12392 5683 20636 -11439
4 15054 -3060 15062 9251 -9090 4229
3 -1550 -6406 -4718 5219 -3734 -1218
1 1656 -8682 -3004 336 1571 -2091
1 18 -8004 -2612 -1348 -7699 1404
4 14040 6040 -32768 -27768 4736 3596
4 -7222 15682 -5770 18512 13407 -5973
3 0 0 0 0 0 0
3 114 -7304 -5748 747 3220 888
2 2568 6830 9206 -28999 -6352 6031
2 7246 19106 -27516 18426 -3311 -245
2 16676 10812 16400 973 12100 5624
2 -28050 -4562 -17846 -14412 -14261 6232
1 0 0 0 0 0 0
3 -1682 -5272 -5214 -4291 -8863 -2041
1 1468 -8386 -2424 -1356 -2377 -257
3 -1070 -7350 -5058 2154 12447 4129
4 12418 -4452 3770 -2495 -10163 51
4 1544 25172 -22492 -19323 21201 -389
3 -1202 -8386 -4466 -7863 -5794 -4663
1 -552 -7968 -2530 225 -1088 2070
3 -3538 -5428 -3986 -2931 -204 509
1 1456 -6002 -1642 -1171 2020 137
4 -2694 -4068 -5796 19565 -1582 -1844
2 -7934 -2126 -7664 18809 9859 -6855
4 3472 -6104 7874 -7372 -8059 -1025
2 4416 3778 16320 -5272 4794 2411
2 -32768 -50 -32768 -22122 -9685 7585
3 -1108 -6678 -4748 3214 8114 4279
2 2680 15298 -17262 19158 -7699 -11541
3 -1080 -7550 -3814 -3368 -1300 -2169
4 17256 28234 -32768 -24775 2573 3429
4 -7872 5274 -16064 21525 2563 -7561
1 -588 -8884 -2448 3000 -10203 -4370
1 280 -9414 -2698 1433 7423 45
2 5446 4566 12070 5466 -3343 -4026
3 -2450 -4360 -5462 781 -5222 -163
3 -948 -7608 -4946 6743 8430 5247
2 -7220 6790 -3638 -26444 -11552 -2334
1 1388 -6542 -3264 235 -2439 -1060
1 -516 -8214 -1690 817 -7701 -2536
4 10900 -10504 16202 4197 113 2312
4 19902 6234 -26146 -32669 19790 3986
1 -88 -8726 -2560 420 2112 2122
4 -5558 10938 -11140 21136 2889 -7927
3 274 -7420 -4804 -110 24 -1097

3 -780 -6754 -5522 429 -1699 -1688
1 500 -7368 -3850 -1283 -1760 -69
4 22 7960 -1190 -315 870 -66
2 704 8278 214 828 -273 -785
4 68 8034 -1398 -364 934 -105
4 0 0 0 0 0 0
3 0 0 0 0 0 0
3 0 0 0 0 0 0
1 0 0 0 0 0 0
1 0 0 0 0 0 0
2 812 8106 82 304 749 -211
2 0 0 0 0 0 0
2 0 0 0 0 0 0
3 0 0 0 0 0 0
3 0 0 0 0 0 0
1 0 0 0 0 0 0
1 0 0 0 0 0 0
4 0 0 0 0 0 0
4 2882 10154 -5342 4672 -8565 -1960
3 0 0 0 0 0 0
4 0 0 0 0 0 0
4 -2890 3738 -4844 11538 5620 -3076
1 2052 -6934 -3382 112 -1510 261
1 780 -6816 -3450 2910 -1788 -3198
2 268 10964 -4972 4686 -4555 -5236
2 -2126 8088 -8240 16067 -3521 -4545
2 -3640 5718 -562 11675 -1197 -5032
3 0 0 0 0 0 0
4 -3238 1156 -4056 4380 3680 -7299
1 0 0 0 0 0 0
2 -3810 8828 -1144 269 -138 -1762
2 -9050 6514 -12354 14756 -9284 1449
1 1208 -7376 -3078 1358 -6286 -3491
3 -834 -6778 -4552 642 -2495 -1919
3 0 0 0 0 0 0
4 -18098 -16 -2782 588 -8185 -3773
4 -14138 15008 -11902 12282 -6632 -8979
3 0 0 0 0 0 0
3 0 0 0 0 0 0
2 -10886 -4936 -11342 20790 -1226 1026
2 7438 -1270 9950 -3799 4466 -1822
1 -318 -7722 -3008 2172 -3977 -1580
1 92 -7160 -3222 2388 6722 195
4 2438 -3886 19440 7274 -2084 4255
2 -32768 13532 -25374 -27291 -32768 -3811
4 14048 7010 -32768 -31215 17927 7283
2 -7116 -14944 -2532 24362 -1830 -7148
4 -1360 -970 -2476 22533 2144 -10104
1 1970 -8494 -3014 264 -2144 1415
3 0 0 0 0 0 0
1 0 0 0 0 0 0
3 -24 -7188 -4678 719 4694 1690
2 19814 6502 22860 -9442 10754 4740
2 -30580 9922 -22618 12396 18860 3016
1 1862 -7020 -2554 -3328 2336 2997
4 1454 4328 -10336 -11741 -6321 1223
4 32767 32767 -24874 2307 9333 2877
1 0 -8188 -2458 157 -9087 -373
1 -38 -9250 -2842 1319 8651 1476
3 0 0 0 0 0 0
3 1182 -8242 -5832 2413 11154 4028
3 -3050 -7892 -3182 -10593 -16769 -6241
4 4338 -7570 10342 14472 -5761 6385
4 7082 1736 -14350 -25983 11715 104
3 0 0 0 0 0 0
1 2010 -6966 -1962 434 -779 -416
2 586 142 4018 896 373 -8745
2 790 -238 4386 -13147 -28268 2032
3 420 -7854 -5762 2094 11638 2901
1 -634 -7054 -2306 1647 -927 -2048
2 -12812 4274 -12452 19532 1861 -4100
1 0 0 0 0 0 0
3 0 0 0 0 0 0
2 15736 10888 21424 -14344 -8603 1247
4 -612 11280 -3700 19104 -15735 -12633
4 1062 -8596 -276 -5923 13464 6244
2 -18042 28538 -32768 1514 24745 -2293
1 940 -9084 -1840 -387 -5600 -386
4 1538 29576 -13584 -3392 20714 2957
3 -1262 -7376 -4926 4096 9300 3598

4 -144 7848 -1434 7 442 -150
3 -1216 -6770 -5124 -937 -369 -190
2 456 9282 30 1149 1363 2334
1 0 0 0 0 0 0
2 1204 7524 158 3348 138 -2079
4 -80 7986 -1644 -309 672 -150
3 -1080 -6616 -5048 -562 70 273
1 656 -6466 -3494 486 -3271 1537
1 0 0 0 0 0 0
4 768 8388 -1806 2072 -1647 -583
4 2282 10276 -8916 9185 -6704 1155
3 0 0 0 0 0 0
3 0 0 0 0 0 0
2 0 0 0 0 0 0
3 0 0 0 0 0 0
4 -1090 6882 -7550 12953 -1393 199
2 -838 9432 -3478 3514 -7076 -8301
2 0 0 0 0 0 0
1 1542 -8398 -4148 -228 4972 4500
1 0 0 0 0 0 0
2 0 0 0 0 0 0
3 0 0 0 0 0 0
1 0 0 0 0 0 0
1 712 -7158 -3042 2164 -4814 -3602
2 0 0 0 0 0 0
3 0 0 0 0 0 0
4 -2322 850 -5600 9193 3528 -3005
4 -98 2548 -7578 3751 -4737 -8325
3 0 0 0 0 0 0
3 -1166 -6900 -4590 687 -5049 -2823
4 -16598 9638 -12326 -5145 3569 -4379
1 0 0 0 0 0 0
4 -380 9788 -5128 20364 -4199 -9871
1 -606 -7986 -2682 715 -2212 -1787
2 -1890 7900 -5442 2491 -4962 -2351
2 -13984 -9914 -7814 22552 8597 22
2 1314 -1392 17258 -7945 2003 -5235
1 -386 -6882 -2576 823 5357 -1053
1 832 -10366 -2822 843 -6716 -504
2 25880 32767 -32768 -14782 -12670 9150
3 0 0 0 0 0 0
3 -2290 -5696 -3164 -4262 -8795 -981
4 6124 3514 6990 2028 -1242 15020
4 -28292 24816 -28416 -22620 14278 -5401
3 -1114 -5944 -4632 9549 5567 4547
1 0 0 0 0 0 0
3 76 -8072 -5654 4893 -1851 81
1 0 0 0 0 0 0
2 -17796 1116 12154 7286 4598 -12776
4 13350 -2340 -544 10299 803 4841
2 32767 -898 -4280 3347 32767 26014
4 -19044 2756 -214 -6920 -5547 2563
1 1244 -9178 -3128 -1655 -2369 15
4 22764 4628 -14150 -6226 15501 -1200
4 -30598 -1626 -3432 11020 -18570 1440
1 0 0 0 0 0 0
3 0 0 0 0 0 0
3 -2082 -8340 -4648 -8755 -6306 -5103
2 -22008 5008 -4320 -12011 -21034 -10475
2 16504 -1800 -7658 8231 28440 8953
2 -25166 -2210 13848 -3025 -32768 -8601
2 -6422 -16828 -9090 -11861 32767 2347
4 21690 -766 -6848 -7229 12498 -7021
4 -19254 3990 -6852 10037 -32768 15073
1 146 -7458 -1746 -2306 -8128 -1395
3 -2498 -6062 -4482 -3028 4458 2313
3 -890 -7982 -4264 -2841 4096 -1285
1 -906 -6944 -1298 934 -2607 -912
3 0 0 0 0 0 0
3 -1594 -7206 -4752 9948 14650 6628
1 -396 -7958 -3272 3289 7213 -1504
1 1836 -6974 -2686 571 4895 270
2 -8238 4264 -5632 -2658 -17143 -6389
2 -10084 -692 9868 7788 -3242 -7214
4 11574 2242 -31084 -5869 17698 -10482
4 -16422 1578 6106 13787 -29750 9446
2 11400 10826 -14810 -10335 -18021 -6809
1 702 -8030 -3140 708 -10990 -3210
4 13810 9118 -12698 -16565 13337 -4889
3 432 -7774 -5220 191 -6092 1261

2 2230 9154 576 -3128 1282 3488
4 -736 7634 -1410 1266 828 -153
1 1516 410 -2196 11270 3600 -8731
3 -318 -6844 -5126 1384 -898 487
3 -654 -6772 -5204 1773 -605 -351
1 -2484 -2826 -3140 17650 -16578 -21637
4 -632 7490 -1468 -84 526 -81
2 528 8078 1388 2681 -14936 -4194
2 -1348 8974 2348 3982 -7509 -7745
2 -126 6296 104 -745 3271 -4831
4 0 0 0 0 0 0
3 0 0 0 0 0 0
3 0 0 0 0 0 0
4 -576 9600 -8590 3862 -6632 -1771
3 -2374 -8624 -6258 3610 494 26
2 3456 8360 380 -3257 12306 -1928
1 -7614 -4646 -4574 17988 11985 -21498
4 -1578 9506 -10006 14882 -427 -3068
1 -3746 -12486 -5754 25178 1011 -9399
1 -2324 -10506 -9638 3196 4503 -8317
3 -352 -7260 -5858 -556 -1107 -592
3 -1076 -7102 -4720 -7204 -7214 -3551
4 -38 4268 -3336 11966 395 -1135
4 -3650 3218 -1232 1422 3464 -265
4 0 0 0 0 0 0
2 8116 12394 -4210 3635 -5374 46
2 -7832 8610 -9192 19870 -5479 -8706
2 -4616 -2194 6082 3320 11517 -11509
1 3776 -7284 -5184 238 7035 -5793
1 -160 -8026 -3312 -2574 -19229 -5475
1 -2452 -5256 -1926 -1812 -11830 1522
4 32767 10756 -470 -4610 16229 5756
2 14338 31776 2258 -6805 4646 857
1 38 -9056 -3702 -1619 10096 3765
3 -944 -6760 -4418 -4597 -1152 -2410
3 -964 -6020 -3952 -1624 -1378 -2173
2 4920 14090 -12314 7868 24434 8471
4 -32768 6912 -8118 3524 -23192 -5248
2 -2482 796 -4854 17744 11294 17007
3 0 0 0 0 0 0
3 -1306 -7240 -4756 6679 -1763 -1453
4 -4694 8310 -5586 12278 3456 -15617
1 2590 -8090 -3280 -1860 -868 4516
1 908 -6182 -3230 768 -1986 1439
3 0 0 0 0 0 0
3 222 -8566 -6830 1894 3710 1855
1 330 -6160 -3678 5980 -2493 -3501
2 -7070 2208 9506 -12247 -25626 -7855
1 242 -11610 -5526 5497 6365 -3228
2 11096 32767 -32768 -4563 8153 3863
4 20082 -4792 16198 -10303 5468 6787
4 -12828 32767 -32768 -4173 -8001 4244
2 -5750 -13978 -2874 25220 11543 6749
2 4068 3438 29166 -13089 -2320 5971
1 2542 -7052 -2896 -43 2410 475
3 -1326 -8526 -4706 -7562 -4655 -994
4 2028 -11376 -5570 23280 14427 2866
3 0 0 0 0 0 0
1 0 0 0 0 0 0
4 3820 3716 9224 -12051 8833 396
1 0 0 0 0 0 0
1 -1040 -7776 -3146 -400 -1481 3018
3 -830 -7648 -4818 -2257 2666 1219
3 0 0 0 0 0 0
4 -16980 32767 -32768 -8332 -8013 1723
2 -9792 32767 -32768 -6461 16639 4801
4 -2116 -9158 3704 18313 7974 2810
2 -3108 -7704 -6846 22085 965 1275
3 -1760 -4696 -3790 3767 450 1956
3 492 -9448 -6448 7098 8268 3566
1 838 -7680 -2850 -1385 4111 4093
1 492 -7996 -3550 28 -2474 349
2 2734 -1210 32210 -19193 -1714 2483
2 8128 32767 -22400 9062 -3403 -560
4 956 5508 -974 -16870 1773 245
4 1504 32767 -13774 8594 19304 6863
1 802 -8132 -3574 565 -543 -483
4 -3472 -13280 3624 16114 5724 1142
2 2072 -8316 1666 19447 2699 6054
3 -1286 -7864 -3928 -4885 -8712 -2570

2 1632 8364 894 1561 4638 -578
3 -932 -6576 -5264 -1480 -136 37
4 -136 7964 -1854 57 1154 -78
1 1696 -8096 -3016 2228 22573 4872
1 3708 -7370 -4164 3994 588 -127
3 -1094 -6488 -5016 -1299 -894 -452
2 1430 7912 604 862 -2611 -1455
4 450 8176 -2410 1056 -512 -440
1 0 0 0 0 0 0
4 0 0 0 0 0 0
3 0 0 0 0 0 0
4 0 0 0 0 0 0
3 0 0 0 0 0 0
1 0 0 0 0 0 0
3 0 0 0 0 0 0
3 0 0 0 0 0 0
3 0 0 0 0 0 0
2 898 7812 336 -733 -345 724
1 0 0 0 0 0 0
2 0 0 0 0 0 0
2 2306 11196 -1614 -776 -4895 -484
1 292 -8068 -3416 -29 -3982 -1946
2 -174 9830 -9406 12429 -11555 -7019
1 -138 -7404 -3054 55 -2918 1583
2 0 0 0 0 0 0
4 -680 9106 -5054 2628 -4493 -1195
4 -2280 7856 -8260 10269 -2200 -1475
4 0 0 0 0 0 0
3 0 0 0 0 0 0
4 -1534 1208 -3012 5063 4303 -1274
2 -1694 1936 1228 7173 -5818 -7993
3 0 0 0 0 0 0
2 -14650 32767 -26022 -32768 -32768 -1721
1 0 0 0 0 0 0
1 2650 -7380 -3612 -1245 887 974
4 -1298 12962 1142 -5084 -18945 8674
1 1422 -7314 -2726 188 -11335 2657
1 -646 -6236 -2368 2625 -695 -1103
3 0 0 0 0 0 0
3 0 0 0 0 0 0
4 -15912 17394 -13010 14503 14616 -13231
4 21118 568 29064 4001 -9060 4974
2 -4064 12074 -14240 19721 3582 -3566
2 5228 874 21200 1093 3296 -2027
1 -344 -10500 -3118 3124 -4458 -4226
3 -2232 -7650 -5234 -1907 -6370 -485
1 446 -9360 -2490 141 -705 2265
3 -1028 -7312 -4830 1440 6860 2974
1 0 0 0 0 0 0
3 -1418 -5622 -5314 1036 -2382 -118
2 -13890 21804 -32768 -23897 -16641 5634
4 -10526 29212 -32768 -31134 15592 8166
2 -4560 1522 -9930 28991 -5638 -5400
4 -10894 3832 -4232 25870 8751 -11998
2 8868 2816 28206 -5392 5289 6579
4 2722 -916 16736 -9203 -12170 6562
3 506 -8770 -5946 1182 10152 2868
3 -3236 -9140 -3574 -9482 -9051 -5137
3 0 0 0 0 0 0
4 -4976 32767 -32768 -11915 -1362 12648
1 -774 -9552 -3662 2434 1467 -2204
2 -10436 28076 -32768 -6855 8405 4210
4 -5112 -8966 702 24954 6155 -3854
4 -3848 -1118 6934 -10380 -2610 3383
1 278 -6454 -1364 1462 -2950 1367
2 -3114 -19136 -5088 19951 -5845 -6853
1 -10 -8622 -4086 1243 5992 794
2 6546 11720 32020 -11212 11293 8460
2 -18972 27298 -32768 -7415 14194 5011
2 -1676 -4618 -10982 14874 1696 -6772
4 -3674 32767 -32768 -13230 9663 10165
3 928 -8348 -5580 3742 11096 4018
1 0 0 0 0 0 0
3 -1604 -7770 -2634 -9178 -11932 -5882
1 0 0 0 0 0 0
4 -7094 -10732 306 19981 5960 -2471
1 -96 -6664 -1284 -1546 4109 1487
3 -2444 -3404 -3976 4000 1654 1271
4 -9274 -2196 108 -15646 2822 4594
2 8908 5884 31184 -16869 -876 3297

2 0 0 0 0 0 0
1 -438 -7388 -3070 889 -5303 257
3 1320 -7122 -3734 -210 -2522 -1625
4 0 0 0 0 0 0
4 0 0 0 0 0 0
1 -3166 -7984 -8326 -2368 -2309 247
3 212 -7538 -6278 -866 -7090 -2814
2 -4394 9052 -7142 7616 -3113 -8024
1 -9438 -3278 -13560 -9273 5987 5344
4 -1600 8402 -1828 570 71 -183
3 -1672 -6320 -6128 -836 -113 -1377
3 -138 -3790 -14438 -9664 3318 2175
4 -7540 13106 -11136 11550 -6234 -6205
1 0 0 0 0 0 0
1 -204 -8174 -1222 -6059 2374 -340
2 -6712 2832 -11882 12571 10274 -6816
2 -5524 5168 -3660 10893 5297 -5342
4 -9578 5742 -6062 23840 3317 -14530
1 -11804 -7076 -8242 -479 -4752 5458
3 -4426 -214 -10242 -16596 2748 3923
1 -10152 -4184 1644 2980 -16974 -2069
3 -3436 -4940 -6314 -10704 -3389 1544
1 -10208 -1730 -18670 -6510 901 2722
3 -6536 -2400 -9736 4833 668 6863
1 252 -4358 -2546 332 20722 1244
2 -1158 5302 3740 1475 6897 5419
2 -14228 9334 1854 -3262 -2552 -2314
3 3352 -1196 -3040 -10454 -13047 -1720
3 -16624 6138 -16070 -9551 -2033 3966
2 -2096 2082 2168 -5486 -14212 -5979
4 -6294 16184 734 -1098 15683 -5670
2 14808 5176 -15718 3238 15774 2338
4 -2046 8216 -11276 1139 -4159 3058
2 0 0 0 0 0 0
4 0 0 0 0 0 0
4 -3288 2986 -616 -151 11977 -6768
2 8898 10670 -13352 2416 21121 4979
1 -11324 9584 -32768 -8738 24002 9865
1 -6198 -2772 -11266 -1462 -15517 -1558
2 6078 4650 6626 6956 -22577 3991
4 -3722 2664 -17124 10478 -5902 6781
4 -10118 -8082 -4846 2611 7661 -11777
3 0 0 0 0 0 0
3 -14934 9654 -6932 -1103 3915 8682
3 -11218 8584 1136 1401 -10933 -716
2 7132 -9370 2936 -1801 -5311 7535
2 -3840 1988 -9680 -14177 -11513 -126
4 1070 1800 8396 -15081 8059 -2113
1 -3126 -4516 -2974 -3602 -12368 -4284
1 3056 2074 10248 17664 -25093 -7604
4 8844 7502 -13400 -12163 5230 4706
3 2786 -9712 3316 32009 29800 12991
4 -11352 242 -14392 15832 -19548 -4576
4 8254 -8032 6482 2385 2242 -4293
2 -4134 8718 -21004 5987 16440 2935
2 -3254 -2310 11080 9566 6628 1387
1 -2284 -7300 -3458 157 -11510 -1214
1 -3098 -336 -8742 -18304 8804 6999
3 -5242 -12940 -15102 2520 5575 2080
3 5790 4086 -6676 -17094 3366 -11395
1 3724 2594 15894 17384 -4554 -7353
4 3702 2938 8804 -28254 24379 11279
4 -21488 24126 -12146 18130 -17907 -9020
1 4260 -2936 -24424 -8115 -5187 3801
3 9780 874 3306 21937 866 11916
2 1638 -3198 13732 -21933 -21098 -10400
3 -12324 -19408 -18158 -9517 446 -5051
2 17920 23400 -29130 16191 18216 8782
3 -11982 9546 20930 7484 -5876 5275
4 4616 -11088 19780 11510 740 714
4 8332 7044 2430 -26183 4847 1408
3 374 -21998 -29026 3619 -13385 -3854
2 -11982 1804 13806 9858 -98 -3069
2 2806 -560 6456 -24128 -17576 -10962
1 976 3940 23116 -76 1238 -1586
1 -21352 -23296 -24880 3008 3488 1156
2 9886 4722 -12074 17457 6037 7069
3 5096 8176 -880 -26340 12918 -7028
4 -5188 -632 -14286 22544 1358 -2019
1 -7438 7726 -7534 -20319 11562 6706

1 12 -7756 -3962 -2935 2868 1533
2 318 8936 116 1990 449 -19
4 -262 7952 -2554 -887 140 237
3 -1120 -6848 -5626 -852 1383 281
2 1140 8146 468 2871 4060 -1147
4 -910 8330 -2214 984 -1574 -292
4 0 0 0 0 0 0
1 852 -7566 -3530 -4468 -3096 4625
2 1302 7786 302 2172 1702 -1782
1 0 0 0 0 0 0
3 -1182 -6830 -5386 -2718 974 186
3 -806 -6940 -6626 -5056 87 -176
1 526 -8072 -3768 -222 5782 6861
4 -364 7674 -184 3533 5870 -617
2 0 0 0 0 0 0
2 2112 10252 1278 190 722 -1621
4 1252 7994 -3272 3985 -5302 -1480
1 5958 -7662 -2182 2301 3546 3225
4 -4858 11774 -7766 10701 7006 -1894
4 -2504 2930 -4474 12806 2181 -3056
1 9254 -7742 -7898 3059 -14266 -10076
1 -15838 -4688 -12932 -9916 3169 -2343
3 -1446 -6198 -9874 -10660 -2132 -1263
3 0 0 0 0 0 0
2 12486 15040 -8692 10791 -8781 -3609
2 -11756 -2496 -12392 23588 -691 -400
3 0 0 0 0 0 0
1 -6428 -7546 -570 -9306 -5131 14868
2 -2826 3968 1282 15972 11123 -5588
4 -4506 1326 -5998 4358 517 -6934
3 330 4018 -3858 -2068 6276 5636
1 2676 -9600 -2158 -1507 -2583 6595
4 740 14014 -9166 -1802 8932 -4677
2 -3708 10266 1040 -3279 588 -3775
1 10114 -6150 -6380 -6774 1455 3798
2 3374 18598 -146 3798 29634 3181
2 10348 -5830 -5710 -14028 -16965 6222
4 -4554 5612 -2036 5416 -32768 -10115
3 410 -3020 -1614 8406 2275 2377
3 18538 -12426 -8076 3745 1834 895
1 -3676 -6084 -5838 4502 -1579 7319
3 2354 -3528 -4500 8672 1062 -262
4 4750 -518 -6640 -3369 3243 937
4 1712 10864 -14518 5778 -16492 2299
3 -7766 3466 -16724 -3012 4228 4116
4 -19402 -12550 546 1631 9705 -4227
3 -4834 640 -8758 -3281 169 -907
2 1896 4128 -14686 1231 6605 2835
1 -8362 -5446 -12278 -3304 16641 -2710
2 -17392 3904 5484 -4245 -27231 -4714
1 -2792 -1512 -286 -1575 20233 5872
3 2714 -6172 -6512 -6888 -8919 -3233
3 -7778 4754 -7502 1186 14360 5219
3 0 0 0 0 0 0
1 -9098 1226 -9780 -1005 -2258 4328
4 162 7796 -3988 5333 -690 -3346
4 10592 -2320 2554 -10134 32767 5859
1 3520 2002 -3058 -4002 3651 4978
2 -23332 13486 -22102 8960 -32768 -24568
2 1772 1972 8470 -7111 32767 -1668
4 8108 4028 16634 -17930 -15884 7091
2 8214 7980 9508 -21933 17742 2071
1 -13834 2556 -3700 -7581 -4344 416
3 -13014 11114 -7930 -13347 13309 8914
3 0 0 0 0 0 0
4 -14876 9168 -9842 8115 535 -7539
4 13298 -19058 21190 6174 12683 -460
3 22800 -22976 -32768 11455 -26155 -7294
2 140 20460 -20740 9706 -11747 -814
2 2348 -20236 10396 9272 -4676 13612
2 9194 32767 -32768 -27450 28850 -3142
4 -15604 32767 -32768 -21424 -20798 7036
1 -12572 4182 -9786 -6847 7739 11954
1 11686 -6064 4208 3541 3690 -4939
1 -32768 -5338 -17830 16221 -12126 -13087
2 -6960 -11024 -8180 26825 5985 944
3 7226 4504 12166 -21945 2165 -6910
1 -10442 5176 4408 -11140 26493 19986
3 -6916 -20 11686 20963 2582 8674
4 -7132 -3442 -11952 21936 13206 -5534

2 2460 7112 98 -1241 -3919 721
4 -568 7992 -1724 -5896 -1016 2034
3 -1176 -6658 -5374 4721 -399 1122
1 968 -7510 -4098 -1064 -2608 -2164
1 136 -7658 -3536 -1332 -968 -594
4 -2174 8634 -4268 -740 -8848 2459
3 -326 -7392 -6040 4846 1667 1728
2 978 8370 448 -3500 -4778 3074
2 736 8920 434 -2896 -4296 2105
4 0 0 0 0 0 0
4 -3048 9182 -4732 4266 2108 -1746
4 -1628 7524 -6818 9051 4799 -3159
3 322 -7290 -7136 246 -2186 -91
3 -2668 -6562 -12834 -9951 -1536 -722
3 -2006 -3308 -11910 -17456 4761 602
2 0 0 0 0 0 0
2 -822 15858 -4532 6525 -3498 -6237
1 0 0 0 0 0 0
1 0 0 0 0 0 0
4 -512 11118 -8780 13068 -505 -4598
4 -3170 8192 -7414 22927 -10052 -7739
2 -5222 10156 -17058 30163 5771 -7067
3 968 -1572 -2494 -9690 9765 1337
2 -13260 -250 5056 17076 19373 -19770
3 568 -4528 -4558 2126 -2550 -1449
1 0 0 0 0 0 0
1 -1266 -7736 -12540 -5427 -22945 283
1 -13122 -1970 304 -6153 -10602 10364
3 0 0 0 0 0 0
3 -6390 -10752 -8144 -3573 -16878 -4961
2 9234 6460 6530 -15609 -4418 2930
1 -1626 -10326 -2016 -2208 -5238 10140
2 -814 -10622 -5270 8487 -24488 -15732
1 10402 -9518 -506 2400 3356 -4545
4 -7774 2160 10926 4302 -4408 -12284
4 -11000 1026 -3870 7739 -9652 531
4 -10354 -8516 -3700 -9546 178 -5063
4 -22180 2076 -8324 661 5520 5942
1 -6966 -6232 -9004 172 -5290 -4043
1 -10386 -7360 -18704 -8248 2979 9001
2 -9242 -12656 98 -1236 -7665 7973
2 -22616 16182 -12314 -11081 -9149 -10640
2 26064 -6422 12506 13113 27372 20162
3 -614 -2000 -13206 2150 -2097 3779
3 -252 -5938 -21172 -15096 -1481 -1705
3 -4098 9026 32767 -6925 -3753 -4667
2 -21490 18900 -16006 -27580 1846 -8549
3 30506 -18268 -32768 32767 4952 6764
4 9116 -2954 13536 1962 13454 -2374
4 -19456 11304 -25104 -18993 -21217 15935
1 14922 -2810 21584 -10305 20469 2495
1 -32768 -20584 -7180 25532 -32768 -23271
2 -12172 -7346 -10860 25346 -13621 -3134
1 -21792 3742 1414 -13860 18435 21573
3 4300 -8530 -16216 -25605 13338 -3516
1 6534 -2636 26060 19792 -3312 -15511
3 -11904 -6678 21224 25964 7942 18794
2 4028 1060 22218 -10591 -3173 1733
4 -6772 -710 -9778 19351 8944 -13521
4 8870 -1624 27096 -14700 -2310 921
2 15226 32767 -32768 6163 7852 587
4 -23054 32767 -27496 12116 -22686 -3820
2 -6232 6018 16814 7437 4717 -5449
4 16852 -10814 13226 10311 -2845 -2484
1 -2034 -5360 -30082 -16047 3496 8867
3 1286 -17886 -24894 -11398 -274 -1465
1 22476 -848 15758 -3266 14773 4841
3 -11558 14552 32218 -990 -13141 -9270
2 -20170 -3966 -168 -27194 -20888 -7461
2 -12752 3116 -11232 18473 -20100 -2725
4 560 360 11766 -26074 3890 6471
4 -8508 -826 -10894 21750 -287 -6596
3 27180 -20772 -32238 18271 -2301 475
3 9326 3676 -2848 -22895 16925 -4577
1 -32768 -27728 -28380 16473 -21450 -7251
1 -13114 10560 5026 -18438 15338 12119
4 -2134 542 6178 -11597 10376 4315
2 4324 1644 20500 2714 -6369 140
1 5736 -6814 19202 13402 -23202 -12476
3 -1488 -9228 -8054 23170 17872 15220

1 1608 -7096 -4004 -695 2869 3158
2 2004 7602 174 849 1850 -404
4 -336 8000 -1350 387 -214 -188
3 -642 -6408 -4944 413 -177 -23
4 1238 8904 -3698 2311 -5118 -762
1 1438 -6734 -3922 565 -85 -372
2 1676 7720 272 -953 -253 1033
3 -218 -6548 -5906 -874 -2787 -1103
1 -942 -10340 -7852 1178 -4634 -1684
4 -2518 9152 -4258 9371 -12138 -3111
4 -3484 6024 -5330 9072 2726 -17
3 0 0 0 0 0 0
1 -18000 -4588 -16234 -14758 -20715 9117
2 0 0 0 0 0 0
2 7076 2806 -8134 4973 -11561 -2092
3 -3662 -5674 -12302 -8004 4226 -401
2 -2898 16980 -5686 5681 -7515 955
3 586 -4218 -13332 -17092 4392 -2333
1 276 -1892 1946 -17206 9896 12624
4 -1278 4226 -5132 7838 1250 -1147
4 -3450 -510 -916 7301 -2056 -7173
3 1306 876 -4792 -14605 -952 -360
4 -1888 5264 -6400 -2862 7657 -6191
3 266 666 3012 -5599 -9212 8767
1 2020 -4036 -4228 1998 6001 -1645
1 -1808 -8022 -7650 3448 -1406 -6510
2 -904 14110 3950 12157 8821 -16037
2 -1764 4974 -1458 8557 8692 -10757
4 1832 5526 -4578 -1486 -7717 4348
4 -8566 -564 1474 -6196 10177 -2190
1 -10132 -2544 -10236 -2140 5524 3585
2 580 7706 -1964 -2060 -5068 -5346
1 -4442 -216 -11880 -3272 -14070 7167
2 8914 5764 -13602 -2863 8224 6808
3 -9942 6974 -15032 638 -2260 697
3 -2840 6818 -9982 476 25270 8497
3 -5366 -3998 -4448 6017 17540 10134
3 672 -1776 15274 11185 1636 3582
2 -9738 17390 -10032 10034 60 -7892
2 -4628 -8776 6426 -10297 -7698 -7165
4 4176 23772 -15502 8453 1006 -5797
4 20074 -2128 25580 2610 -5752 7288
1 7140 4110 976 -2064 -8839 4313
1 0 0 0 0 0 0
2 -692 32767 -4228 0 -18215 -2682
4 11374 24282 -32768 -1439 10932 -221
3 9330 -6962 -32768 4437 -6083 -12437
3 7924 9558 17220 -14429 6141 147
4 82 -13400 12896 14650 10477 -1743
2 5370 -294 12372 18578 -9398 1843
1 5434 -14772 -32768 2525 8653 -919
1 -2298 3986 8080 -10988 -2389 6355
3 -5750 -2714 -8542 18104 -15263 8965
3 -2630 -3238 -23876 -18117 9891 -7291
1 -7956 4460 12522 15549 7663 -15259
1 -4246 -1854 -18960 -10980 -13041 13642
2 14794 896 -12502 -32768 26004 7444
2 -5306 5560 -15232 24262 -5263 -9505
4 722 4048 -5850 -32768 156 -2147
4 -1220 8152 -14572 18771 10354 4575
1 11364 -2064 25222 2056 -1787 1094
2 -10528 -17114 24858 -10743 -6253 -2167
1 -22952 -22918 -32768 7386 -517 -11475
2 4298 32767 -3714 329 -20112 -5218
3 -5060 -3422 22512 13524 4351 4553
4 2532 -8544 24656 -8761 -2558 -160
3 17324 -19068 -32768 449 -8290 -8532
4 4894 30478 -10582 7204 3196 3959
3 8416 12714 19202 -16874 10587 -1856
2 -550 -3548 9294 17307 -4835 -375
3 -14048 -7118 -10076 21748 -2070 10215
2 -19384 -6216 25792 -32768 10342 -7863
1 -7290 -8380 11548 -9097 476 4826
4 2778 -16770 7396 15305 3918 1581
1 3422 3512 12804 11162 -7440 -4782
4 -7274 7782 -7902 -25718 -3258 -317
1 5172 -2080 -27110 -7728 -1408 4146
2 1276 5770 -2538 16224 -32768 -13982
3 4050 -1400 -20404 -17760 1028 -10282
4 -2804 8274 -16426 20007 1271 6153

3 -718 -7200 -6378 3065 -502 -59
1 -438 -7622 -5346 3132 -4900 -3541
2 856 8634 -220 -1575 -5103 823
4 -836 8468 -2420 -2282 -1037 523
1 -18 -7244 -4448 1384 -1310 -2518
3 -822 -6808 -6028 721 2 -275
2 440 8514 170 1406 -6770 -3133
4 -620 8198 -2468 -508 -291 -191
4 0 0 0 0 0 0
4 1246 8260 -922 947 6218 524
2 1014 8396 34 2187 189 -1722
2 806 7428 600 833 523 -785
1 0 0 0 0 0 0
1 0 0 0 0 0 0
3 0 0 0 0 0 0
3 0 0 0 0 0 0
1 0 0 0 0 0 0
1 5140 -7364 -7332 -2780 -10715 -1026
4 872 8440 -1284 2257 923 -196
4 764 10810 -5556 7317 -10319 -2222
2 0 0 0 0 0 0
2 12224 18166 -12184 14000 -13064 -1941
3 0 0 0 0 0 0
3 0 0 0 0 0 0
3 1968 -7196 -11240 -5561 7296 2096
2 -10306 5658 -5906 25117 -1067 -4510
1 -7056 -6374 -9584 -12127 -10677 911
2 -8284 4804 -38 13132 10380 -6890
1 -8742 -5858 330 -7111 -2512 6674
1 -2780 -7240 -4138 -984 13190 9320
3 -288 -1022 -11508 -11791 4899 405
4 -3548 14810 -11814 20899 2888 -6831
3 0 0 0 0 0 0
4 -3702 1306 -1466 18342 2928 -13317
3 -4210 -1934 -6248 -4602 -3107 3946
4 1872 4 -1306 1806 -335 -8884
1 -4158 -7114 -3304 -522 -865 9323
3 -11404 6428 3520 13696 5904 -870
1 -13100 -296 -7878 3935 -12289 -3920
4 18998 10374 -20490 1119 -14224 -222
4 -2548 -8662 -7910 -10016 -3317 2458
2 -1442 3702 3504 -4250 -4731 -11549
2 32767 30698 -32768 10302 12839 -3254
2 1572 7184 -10770 -231 12760 -5257
4 -20030 3122 2478 -5249 26828 -6851
3 -14690 -1736 -17576 -8213 -6309 2330
4 650 6874 -390 1718 -16262 -2669
3 3944 -7456 4234 -5393 -5363 -3394
2 -5820 3576 -8782 5861 -18666 -5209
1 1128 -548 -8898 -6605 -2215 678
2 -19512 -5228 -8242 -11405 5141 1051
1 -1674 3644 -8394 -1620 12097 4308
1 418 -15106 -1894 5268 16491 7155
2 7090 14590 -2894 4027 8601 -7111
1 -10088 2450 -18868 -1509 6292 4851
2 15200 -10570 -5484 6222 -9116 3173
4 -13342 -8204 -13332 11482 -963 13692
3 11696 -348 -16620 10196 3956 -977
4 6438 4242 13418 -2639 28292 -2632
3 -8128 -11384 -13464 -3208 5134 -3480
1 -6230 -946 10588 6009 -16011 -2803
2 -4762 11100 -1168 -19144 6658 4687
4 -8798 -12212 -22834 -7039 -10151 2849
1 -1804 -6438 -8688 805 -2581 -1529
2 -40 8768 -18184 14303 -16700 -7265
4 -5630 21438 -19488 2494 20213 -2666
3 -704 15480 -7726 -58 -8789 -858
3 6960 -9822 -17740 3971 85 5164
3 632 -5142 2714 -4376 3850 -2961
3 0 0 0 0 0 0
2 -9658 -1466 -8696 -1062 -16176 -4859
2 6404 -2070 25116 -5827 -10148 -732
4 10260 -1994 -4354 8533 -3042 -2555
4 4936 -4942 3974 -12125 7838 6891
1 -3956 4032 -12310 -4235 -11333 -1289
1 5788 -12588 12836 9114 4094 -412
2 29564 15390 -27014 8173 1883 678
1 10166 -3708 -32454 -9785 -213 2468
4 3516 22284 -15086 13000 1073 955
3 0 0 0 0 0 0

2 72 8104 236 1556 -52 -2739
1 420 -6578 -3920 1052 3550 -281
4 -934 8084 -1952 -2102 2083 896
3 -658 -6998 -6138 970 -612 117
3 -1018 -6536 -5726 -517 -1065 -430
1 974 -7108 -4238 1775 1985 -2155
4 -1088 7958 -2038 -1300 2005 527
2 1160 8570 -40 734 3456 -1607
1 0 0 0 0 0 0
2 2068 7990 -114 246 1792 -720
2 0 0 0 0 0 0
1 0 0 0 0 0 0
4 0 0 0 0 0 0
3 0 0 0 0 0 0
4 -168 8158 -1168 394 5358 -50
3 0 0 0 0 0 0
1 134 -9244 -7858 -1812 -5464 2193
2 0 0 0 0 0 0
3 0 0 0 0 0 0
4 1664 9688 -3986 2257 523 -581
3 -424 -6628 -9912 -7234 3165 753
4 -6024 12996 -8058 15135 -1342 -6644
2 596 7218 -5560 4117 -8695 -2254
1 -9592 -7426 -13240 -11979 -1914 13621
2 0 0 0 0 0 0
2 -2994 8002 -1056 10820 -6376 -6841
1 -2344 -3770 -2616 -14312 2088 12379
1 -1500 -3714 -1536 -2979 820 -370
1 -6320 -9170 -6902 -1726 11098 5536
4 -4144 6072 -5370 19434 -993 -9374
4 68 878 400 6841 1314 -8550
3 764 -3672 -9390 -9858 5053 82
3 0 0 0 0 0 0
3 106 -6278 -70 -7041 -10 2673
3 -12576 2960 -11110 -4736 -7650 636
1 -4604 -228 -9860 -2338 31008 2471
2 0 0 0 0 0 0
3 -5002 1716 -9926 -3907 2355 3367
2 -4142 10700 -4836 7452 -132 -6442
2 -10126 -1062 -4370 2739 112 -7193
4 -7682 1340 -932 -9671 2952 -2094
1 4136 -962 -6006 -4275 -1953 -2196
4 5520 7634 -9594 1829 1458 2475
4 5384 984 -1774 1846 7261 2543
3 -6156 6914 -7266 -8582 -12122 -4890
2 -6546 736 -3572 -2424 -11499 -2263
4 -26888 180 -14294 -2065 6514 5531
4 6258 4044 -2056 -1239 3973 4979
3 -4598 1390 -4170 722 -2020 3295
2 4674 2760 -8128 1173 -13699 2399
1 6546 7246 2346 2704 -5186 5470
1 3320 -5996 -7068 5789 -32768 -10276
2 -12476 -4828 -6036 1562 13574 6560
2 -7178 3720 6590 -6475 16876 -2861
1 -7808 -1438 -618 11 -5601 -6527
1 -6342 1908 -13012 -4564 25295 6398
4 11424 262 -3698 -2629 3567 6087
4 2050 -5866 2604 -4101 -32768 -8514
3 -18688 8754 -2748 -650 -6515 -1093
3 -9180 11706 -9442 1771 1412 6471
1 -1436 -2554 -7736 -3590 10079 4688
4 876 11716 -14326 2908 10040 -1124
1 0 0 0 0 0 0
4 17718 774 -5506 6657 -8431 -4275
2 6574 5120 -5818 -8308 9495 9471
2 -19736 8944 -13456 3444 -10127 -402
3 1592 -2632 -11182 -6337 -16406 -4594
3 -636 3328 -8146 -1651 13196 3676
3 8260 1712 4458 8073 12029 5372
2 -8552 -16 3822 5434 16521 6824
1 4540 -3614 2364 -855 -16312 -423
1 -26974 240 -7274 11157 -19462 -20243
2 -6342 1790 -22552 -15221 -30978 -17282
3 5792 -14322 -17780 21913 -2371 15009
4 446 -8144 -5984 -3974 9464 -8604
4 25562 32767 -17838 -12652 32767 18253
4 4764 -4594 -18894 20023 14813 3356
2 974 -14 -542 15880 -30558 -11736
1 -5912 2632 -13394 -13613 16202 14609
3 -3560 13224 -2352 -25381 7436 -12685

4 -1236 8704 -3018 -3936 -1657 2995
1 -752 -7484 -3910 1560 -3267 -3268
2 1178 8434 -170 -1553 -3552 2754
3 -494 -6706 -5958 1012 -628 -280
1 82 -7100 -4060 585 3465 841
4 -2186 8092 -2962 -429 -3119 956
4 0 0 0 0 0 0
2 554 8442 -54 -25 -2895 324
1 0 0 0 0 0 0
3 -908 -6580 -5638 -505 -616 -603
4 -1896 8428 -4346 2557 0 -1772
4 -2724 7360 -7414 7135 4636 -3994
3 0 0 0 0 0 0
2 268 8014 70 708 -628 -1237
1 746 -7784 -4456 -579 1287 4035
2 0 0 0 0 0 0
3 -1136 -6734 -8720 -5419 -1236 331
1 0 0 0 0 0 0
2 4686 10952 -1890 3478 1251 -3035
1 -26 -8226 -10188 -4204 -11186 922
2 3616 17592 -12542 22867 -9900 -6015
2 -6236 2062 -1732 22799 7338 -6225
1 0 0 0 0 0 0
4 0 0 0 0 0 0
3 158 -4872 -12448 -10513 3714 1547
4 0 0 0 0 0 0
3 0 0 0 0 0 0
3 -1148 -4800 -5346 -3401 4405 1761
2 -1936 -798 1312 2128 5047 -2329
3 36 -3810 -5554 -2527 1748 1174
2 -1946 16854 -5494 -1922 7938 2453
1 -2270 -5260 -2676 -4614 -5278 4177
3 0 0 0 0 0 0
1 -414 -8368 -7652 -3283 -2471 4632
4 -1268 8336 -4620 7465 -1640 -3139
4 714 8036 -5692 3035 13976 -280
1 -4264 -2138 -8182 -2279 -11560 4136
1 -5896 -7552 -9618 -1211 -7304 -3177
2 3886 1702 -2156 7317 8161 1823
2 -2652 -4344 -13600 -8932 -5044 -1
3 136 -1026 -8062 2529 1194 905
3 -5590 2132 -7810 -8412 -18929 -5553
4 -8416 -3182 -4692 16503 -18065 -963
4 -7966 -10106 -2384 3115 -7239 -6067
2 -26030 -442 4334 -3317 -26502 -7796
1 -4074 -972 -5168 -1 6642 -1831
1 880 -290 -7558 1034 18507 1817
2 -8380 8768 -13968 12232 5197 3944
3 0 0 0 0 0 0
4 1186 -5558 932 -1632 -17960 5683
4 -32768 112 -5260 -8438 -74 -8046
3 7912 -4382 -17490 7160 8104 5227
4 15990 5322 1180 11915 -8123 -8416
4 -1762 -3434 248 -15485 8994 12261
2 -15404 -6620 6890 9079 2418 2136
1 -22626 -2126 -11928 -12832 1212 7426
3 -682 -12080 -15494 -19808 6667 5911
3 1216 -11106 6610 25561 22262 8417
2 4246 3756 27170 -14799 -25550 -12923
1 22594 -6840 21554 11476 -15141 -6824
3 -386 -23070 -15924 -6763 -3238 -6536
3 2572 20720 18598 -18248 -7281 -8405
1 -18148 -13380 -31056 7 9737 5973
1 2356 -5568 2152 -9731 23570 8808
4 -12828 32767 -23898 11574 -17240 -2649
4 9354 -14900 5964 13882 -1044 -8000
4 -9422 954 20496 -23332 28708 11786
3 15116 -5848 -9888 18691 -5761 1300
1 -26976 -2636 -1260 19628 -32768 -14697
2 8308 22376 -32768 8602 13562 3411
2 -4832 8780 14528 3604 5152 590
2 -7988 -9424 10844 -18718 -32768 -7610
2 -1312 8612 -22912 13207 20944 3914
3 -3904 -8656 -19910 -26717 6806 1583
1 -20526 -2964 -16604 -14606 14437 15531
4 -8028 13124 -18990 19356 -26095 -11622
1 29536 -12916 14384 -3747 18942 -4021
3 -11300 1784 3098 14299 477 8504
4 5958 -16620 2488 -1340 -7362 -7030
2 13542 14812 13192 5937 15627 12223

4 -1676 7872 -2080 -919 434 202
3 -864 -7164 -6122 2566 -785 -349
1 516 -7674 -4518 366 -2245 -2738
2 1694 8422 -566 -314 -2018 954
4 -1092 7948 -2090 -376 2479 -635
3 -1162 -6756 -5834 -107 -333 -612
2 1274 8104 -484 856 -971 157
1 322 -7280 -4186 -1044 -1472 -658
4 184 8220 -1446 -48 6437 75
1 0 0 0 0 0 0
2 0 0 0 0 0 0
3 0 0 0 0 0 0
4 1446 8294 -902 628 3688 165
2 0 0 0 0 0 0
1 0 0 0 0 0 0
3 -852 -6926 -5742 -3413 61 -256
4 1156 9336 -3784 3040 -3586 -1272
1 0 0 0 0 0 0
1 0 0 0 0 0 0
4 -4004 8934 -5150 10388 -4761 -3591
2 0 0 0 0 0 0
2 0 0 0 0 0 0
3 -1260 -7278 -10714 -9489 1145 1034
3 -1168 -4448 -11846 -13352 3717 234
2 3752 9384 -1826 292 -2909 -2903
1 1350 -8700 -7312 966 -4865 2134
3 194 -1040 -6724 -10150 8101 1860
2 0 0 0 0 0 0
1 -10666 -6104 -16424 -9711 -1739 9020
3 22 -290 -5220 -2917 5749 2536
2 -1712 10362 -12616 15116 -8783 -4719
1 4940 -5402 -3988 -16688 -1045 11621
4 -936 5958 -4914 8384 1850 -2024
4 -3014 5788 -4422 2010 1018 -1226
3 1032 -2662 -5056 4310 9230 2604
4 -836 9128 -6530 7166 -864 -3155
1 5624 -9490 9148 -582 1542 -3089
4 -430 2504 -3144 4236 -3320 -4663
4 4566 4644 -10358 1545 -11516 6062
2 -3188 4544 2200 4642 6410 -1566
3 4014 -10564 -6638 2350 -4077 557
2 -5566 20804 -410 7592 -6054 -14497
3 -19458 4696 -15678 -4918 -26723 -16587
1 -11642 -3756 -16030 -3207 9247 8571
4 -9844 -2120 120 -8616 2178 1179
3 -7754 -6072 -13916 -5773 13203 14028
3 6532 -612 1786 -2149 -711 2955
1 5934 2588 -14862 -15854 6198 -655
1 -6018 -1152 -622 4118 5564 -6294
4 -19038 13612 -4838 -4378 -20578 -1565
3 -7138 9048 -17154 -560 -2438 -9645
2 7340 4358 -6606 6754 32767 11826
1 -5576 364 -8206 -4628 -3027 8413
2 4616 16662 -28334 -12310 28464 14657
2 10514 11236 -19646 21554 1453 5976
4 -11070 17332 -16910 18223 18358 -11304
3 2650 -7420 2562 -4279 5671 6080
1 -5920 6158 -650 2783 -468 -4092
2 -14648 -6440 31678 -13694 401 -6503
4 9862 -8446 32767 -5924 -7340 10512
3 6642 14208 -6776 5766 1707 -12124
4 -19704 32767 -32768 -12635 -2886 -590
2 14486 32767 -23862 -10826 14611 5392
1 5026 -9328 -10216 3027 3225 6073
2 18472 866 -5374 31501 13787 6865
4 -3962 4924 -8058 20411 19321 -658
1 12800 17888 -17380 -17328 -6105 -3429
3 -10034 -10880 -11750 -453 15496 10692
1 -23044 -18548 14616 25253 22390 -4579
3 9408 9276 -2998 1148 -17785 -5672
4 -16492 -10778 16028 -23430 -12964 2917
4 2204 25842 -14106 12558 16369 4073
3 -2406 -2714 -32010 -2269 4674 1165
2 -2810 -3690 19320 -29981 20634 5188
2 -6670 24060 -16084 19378 -21053 -12817
1 -356 -374 -31556 -16318 -22019 8203
2 -4700 -10804 16720 7342 -14190 -8524
4 1846 -12398 22194 6053 -249 1957
3 376 -4570 15498 -3324 -6210 -54
1 -3144 84 7524 -1496 6098 6092

2 2122 7674 -246 -1882 5173 5441
3 -750 -6350 -4700 7718 -1272 370
4 -346 6502 -1364 -6774 -671 2082
1 -394 -6800 -4146 384 -5948 -3694
2 2370 8412 -274 -4299 -574 3700
1 0 0 0 0 0 0
4 0 0 0 0 0 0
3 0 0 0 0 0 0
2 1788 8956 -244 -2109 -3273 2085
1 1010 -8186 -4948 1706 -653 -5373
3 -1446 -7754 -6492 4085 -4132 -2134
2 0 0 0 0 0 0
2 0 0 0 0 0 0
3 -1882 -6762 -6042 -42 -3032 -1126
4 0 0 0 0 0 0
3 0 0 0 0 0 0
1 0 0 0 0 0 0
4 -702 7838 -2154 -1140 -746 -698
1 -2836 -9380 -5994 325 -1501 3103
3 -2622 -5128 -11592 -12053 66 727
1 -1032 -6778 -11048 -8353 -4752 11208
3 -3262 -3980 -9146 -13465 3243 3794
1 -2032 60 -4352 -5416 -1861 7367
4 -3512 10156 -6264 3497 -8524 -1785
4 -7278 14926 -12220 20321 -349 -8270
4 -2892 3356 -840 20182 2801 -12263
2 3942 15444 -7282 12392 -3056 -11766
2 -2362 2828 -12320 26214 4229 -11992
4 314 1684 634 -297 6932 -1994
4 -8398 11338 -424 -3948 743 -4676
1 -2168 -6072 -9282 -8151 -4771 4987
1 -3416 -6604 3466 -874 1541 326
2 3372 -4936 -398 17268 17029 6332
2 -28206 25148 9774 -11061 -6761 4995
3 -1062 -5264 -5880 -11245 -596 1143
3 -5944 46 -1904 -4429 -2124 3389
1 -3354 -8906 -16806 1311 1690 -95
1 -752 -3550 -4556 -4717 -1296 2694
3 -4074 -5254 -16018 5285 4826 6912
2 -12368 -4382 1766 3112 -21171 -14793
4 -18888 -5512 4450 8366 -5826 -8349
4 -16714 -2570 -19520 -5799 6181 -8663
2 18520 5198 -22914 -3570 32767 5912
3 -3956 2366 -7938 -3071 8624 3308
3 9242 -2552 -7800 -1422 12679 382
1 -3234 1394 264 -6384 -5158 3780
4 -23074 -6516 3118 -5072 11284 2588
3 -1418 -11722 -22344 27051 2045 6971
1 -2090 -1164 -26554 15601 -23616 -12931
4 -32768 8040 -7134 -11819 -3652 8033
2 -11238 -4024 17340 -4456 17041 2314
2 462 3810 -19520 -4066 11831 -2784
3 9664 -6698 -7506 -31969 13879 413
4 10250 -2828 9222 17729 32767 1540
1 -16384 11254 11112 -19337 22214 12773
4 -7290 -7744 22056 -25775 17021 14995
1 -4504 -13006 10644 25488 -21267 -10587
3 21440 -5676 -8530 31813 5023 13101
2 -6432 -6502 8744 10030 -32768 -8594
2 9960 -2628 31656 -17085 -16019 -8409
2 20642 21178 -31776 17451 -21161 -2128
3 -21654 -14820 -18518 -18476 10344 2847
1 -23248 1632 -19450 -13955 -567 17042
2 6144 11482 31284 -1551 1207 4808
4 -5056 19252 -21042 22242 -5159 -9149
4 8316 -7384 23074 -5087 -7449 -2023
1 28286 -3284 32767 12940 4090 -13331
3 -14048 -1664 29334 24598 -8138 6442
4 -16618 32767 -32768 2932 -17675 5405
4 20776 -27986 29182 15666 -6816 -350
1 -522 -18334 -32768 -10370 12421 5468
1 25400 -11896 32767 -3514 32767 6252
2 -3650 26000 -32768 1573 32767 11025
3 -5246 -25214 -19754 -10285 840 1279
2 1220 15818 21972 3145 11330 187
3 4004 32767 32767 -6843 -17944 -11779
1 -32768 -28674 -32768 3427 -18070 -565
3 -11788 -32318 -32768 4119 -30808 -15630
4 6850 31916 -21838 -32768 19361 2338
2 -32768 4394 -21438 -24275 -32768 -11013

4 -3702 6358 -2594 832 2972 -496
3 -1230 -7180 -6024 3159 -2913 -976
1 126 -8398 -4746 1148 3546 -4024
3 -1030 -6442 -6168 1456 -1080 -647
1 464 -7198 -3864 -754 -2098 1548
1 0 0 0 0 0 0
2 1064 8948 -586 -3651 -1484 3637
4 -968 6916 -2672 -1659 4817 1230
4 -1372 7938 -2534 -1252 306 1016
4 502 9614 -4502 3683 -3495 -1268
2 996 8052 -818 -2112 -2950 478
2 890 8152 -918 -1182 154 -491
2 2084 9562 -1362 1126 -537 -3781
2 3074 7334 -7242 10739 -11533 -10327
1 664 -9954 -11702 -6031 10835 8938
3 0 0 0 0 0 0
3 -1140 -7434 -8240 -6772 -1656 -482
3 -2060 -8110 -11644 -16252 3990 1595
1 -3434 -6006 -13408 -17597 6498 13638
3 -42 866 -8562 -11961 8628 5447
3 -2444 -7138 -9338 -7181 6086 4704
1 2314 -2248 -3524 -16650 3811 5117
1 160 -6588 1012 4982 -6182 -7235
2 -6904 4390 -3118 12433 -1713 -8193
4 -776 8686 -5162 9894 -6576 -2373
2 -7446 8638 -868 5911 7357 -7182
4 -17508 4174 -2206 -2496 2635 2086
4 0 0 0 0 0 0
2 74 6216 -1170 2467 6777 -4542
2 -3192 2278 -1706 -4469 -2697 2685
2 -15074 11774 -13914 9279 -2297 -5572
3 -4310 -1612 -6178 -7280 -12864 3704
3 -1374 894 -5950 -8066 -14515 -1454
3 -2412 9580 -12206 -9293 1774 -3447
4 -2742 -348 -44 11390 -6180 -5054
1 1676 -6346 -13816 541 -2077 -1773
4 3552 8610 -7080 -6910 7913 -46
1 -4792 -1766 -3612 960 -18431 -5217
4 0 0 0 0 0 0
1 -5250 -6312 -5732 -1160 18478 15592
4 -8308 4280 -680 -1561 19076 -6026
2 560 -4882 4176 10329 -1605 416
3 -98 -130 -8766 4304 14211 11500
1 -11980 1760 3266 -9351 -16771 -1852
2 -9028 -5424 -17252 -9756 14887 5243
2 10156 3542 19854 7062 -3209 -5932
1 -32716 2860 2066 6713 13123 -8
1 11460 -17828 10612 9686 6193 16389
3 9946 -9458 -8346 -3296 2958 -1111
3 -308 12610 12222 3774 -993 -15644
4 -4820 14132 -4344 5136 -10380 3422
4 9708 -28644 8242 7055 3611 5763
1 782 17998 -32768 -7420 -10678 -15047
4 -1478 32767 -17470 -25760 27930 4689
1 -18852 -11066 11028 10242 10494 958
4 -11826 -17432 -6382 14479 -6923 -2190
2 4450 7858 -32768 -4761 248 10710
3 -23176 -19058 -28992 19002 7444 19340
2 2706 7856 -844 155 -1191 815
3 9898 21082 3492 -15493 -5224 -13124
4 -12232 29470 -11114 -13238 -9579 -4793
4 -13082 -25880 -5742 11625 -9556 -291
1 9216 -240 -32768 -4711 -5328 1634
3 -16742 -17124 -32768 12124 -14600 8216
1 -26262 -4610 18870 9071 8508 939
3 0 0 0 0 0 0
2 -20900 -448 -27086 4675 6407 5044
2 -7802 -7284 17114 -8920 -17557 -5102
4 -26160 31640 -11820 -17883 -602 -729
1 14478 792 -32768 3435 -11596 -1332
3 -16324 -17326 -32768 16821 -9781 10984
3 9040 13156 23102 -7931 -7496 -10390
2 -26612 6764 -32768 997 832 1158
1 -17172 -5738 21220 8751 10688 3244
2 -2392 -1460 8200 -6386 -14391 -7385
4 -7156 -20004 -5892 6241 -2706 -1410
4 -2736 32767 -10610 -14862 26099 2123
3 -30844 -13542 -32768 13452 -27990 2895
1 380 7124 -32768 365 -13286 -10615
2 -14706 1060 -32768 3613 -9807 529

4 -1850 8108 -1560 -3748 -1664 1982
3 -1402 -7508 -6624 2200 -2561 -1795
2 -2562 6958 -4112 5938 -7005 -1610
1 -4792 -4814 -5670 -766 -5317 733
2 -1792 6986 -5396 5788 333 -678
2 -442 6360 -7490 8616 -656 -1891
4 -1296 8768 -2190 -3367 1369 1533
4 0 0 0 0 0 0
3 -1460 -6754 -6010 -1388 -492 -987
1 -4088 -4036 -6500 961 58 3657
3 -376 -6906 -5744 -4111 -679 -944
1 0 0 0 0 0 0
3 436 -6072 -8374 -11930 -5923 -2711
3 54 -6740 -11920 -16881 -2439 -1574
2 0 0 0 0 0 0
2 -1760 796 -8878 2970 547 -3003
1 -5952 -4470 -7048 -4107 4234 6263
4 -5070 11596 -10782 12746 -248 -7693
1 -5698 -4900 -8008 -2070 826 -2055
4 -6834 12264 -8260 26046 -2038 -17158
1 0 0 0 0 0 0
4 -676 1174 4522 9374 1651 -9984
2 0 0 0 0 0 0
1 -5050 -4444 -8588 -2247 6755 143
1 -4382 -5154 -3280 -1722 -4525 1330
4 196 4162 -4986 -2476 -1091 -2960
3 -3442 -3644 -3390 -9730 1117 1449
3 -1700 -3226 -6552 -638 1265 1569
4 -6220 -3812 -1164 -5933 12360 772
1 -5124 -6584 -6512 3476 -2285 -6678
2 1526 762 -9136 -1787 4094 -1326
2 -8402 6274 -1014 -2491 -25105 -12232
4 -18726 5330 -17120 -3831 -8776 -919
3 -2320 -5710 -2216 2650 2637 -402
3 -5110 -8 -5804 4417 5718 5602
3 4334 -3242 -10788 -1026 3310 5338
4 -13932 2066 -5918 -505 10060 -9109
1 0 0 0 0 0 0
1 -1510 5184 -13046 -2812 14431 56
2 2522 5694 -11150 -19 21549 333
2 7850 -714 -4770 14028 1044 6544
2 -4762 -3260 2302 -14152 12612 5911
3 -1204 -442 1666 -4861 -6353 -1497
1 440 -9322 -3808 -1294 -3359 -1241
2 -2162 17290 -8046 -3246 -9706 -1278
3 0 0 0 0 0 0
4 11514 3814 10056 -752 -14979 -3593
4 -9436 6168 -32768 -6936 4004 3157
3 842 -6804 -10598 -2280 -1017 -2929
1 0 0 0 0 0 0
3 -738 -4560 -17874 -4424 -3385 -270
1 -6218 -1336 -17280 7857 2570 -196
4 -6040 10206 -16428 2876 5461 -2424
4 3826 10214 16186 819 -9304 -249
2 -8216 5076 -9436 16422 -2572 -2545
2 5540 -410 -7450 -6119 10510 2475
2 -1302 8664 -5844 3775 -483 770
4 -4376 -5290 -27850 5817 4542 693
1 2402 -2426 -3982 -11019 5549 3283
4 1596 -2768 176 -10752 2827 -1240
1 -3332 -2910 7754 4374 -7062 -4456
3 7392 10260 4166 -9473 8978 6854
3 5376 -5228 -2366 12454 -2422 3968
3 5598 -17870 -13308 15820 15735 -398
2 -2220 -3856 9756 3508 -6167 5872
2 -8682 10158 -32768 -13573 -2325 -6293
3 10264 -9424 -32768 -18842 -4984 -8704
2 2634 19650 -16376 10531 -1654 -4370
4 -7444 23744 -15460 -16361 17172 16316
1 -25318 -5158 -8416 12797 -32768 -4717
4 -13204 12866 -25514 12442 -8038 -5856
1 -4118 -10780 -19332 -3849 6226 10170
1 -2130 -512 2648 -17697 23324 6931
1 744 -3102 7408 2292 -4 -3852
4 4628 -1710 -498 19517 -8559 -4959
4 1350 1676 7636 -237 -2108 1201
2 -9410 -4112 3844 21959 15096 1528
2 3690 240 8340 -638 2286 1044
3 6226 -1850 3324 -19968 -6384 -6115
3 3522 -7116 5224 6766 3138 3880

2 -3530 10736 2068 -3419 4101 -2911
4 0 0 0 0 0 0
3 3664 -2784 -4150 407 -3941 1613
1 5356 -12994 -3234 229 10189 4828
3 402 -5802 -4918 3530 -13518 -10659
1 620 -12154 -4942 -3849 -12129 5197
2 8530 10564 -1586 4780 -12194 -2786
4 -1688 8704 -1286 2542 17164 443
4 1192 6744 -2512 -965 17634 -1260
3 -5494 -10086 -7880 -9659 -32768 -16762
1 0 0 0 0 0 0
1 -2684 -6562 -3976 -10056 -1710 -1264
1 -5544 -3518 -4162 -8752 -1160 -472
3 -7418 -7446 -4942 3336 22760 19237
3 4808 -5746 -3796 -694 22629 12213
2 -5856 11428 -668 7432 -404 -20
2 0 0 0 0 0 0
2 -1152 6774 -2016 11915 -6681 -1266
4 4110 4780 -4552 -2297 5698 192
4 -214 8232 -2868 1369 -27569 2969
1 0 0 0 0 0 0
3 1370 -3530 -16218 -6840 2137 -5782
4 -7356 9516 -7698 5353 -8567 -6581
3 834 -1166 -12620 -16038 6207 -9243
2 -2020 2578 -2376 10041 -1522 -747
2 -2098 1780 -4240 3872 573 -2437
2 -4512 1188 -9628 2233 4264 -4093
2 -5778 -822 -11368 7511 9586 -4443
3 110 -130 -626 -6208 860 -2218
3 -2840 -4350 -6488 3998 -5695 504
4 -4152 5430 -7494 8900 8410 -10273
1 -3150 -2230 -3556 -2721 -464 1241
4 -4874 4060 -4456 4359 9226 -8064
1 -3996 -2688 -7658 1476 1139 -216
4 -1444 4716 -2094 -2272 7821 -4296
1 -5010 -1684 -11324 -1636 2815 2868
4 -4482 6236 -6408 283 -4528 -2012
4 -6894 -592 5268 -582 -2002 -3467
3 -1904 -1666 -1156 5710 2873 -358
3 3320 -7160 -12826 2725 747 -4202
1 -6134 -6762 -1316 -643 8771 2652
1 -6192 -9486 -5434 517 -14406 10909
2 4584 2230 -3112 1389 3743 2242
2 5604 7524 5164 -9846 -21116 -1939
2 1580 2472 -12418 -1211 -22476 -6914
2 -14902 -2216 -2698 -2384 11718 7712
1 3260 -3062 -13828 -4867 -6476 2695
3 4784 -2276 -9592 536 -11129 -1533
3 -10118 6 -17594 177 13159 10117
1 -7728 3408 -2768 1075 7889 3115
4 0 0 0 0 0 0
4 -9336 6516 -11342 514 4575 -771
4 4816 1294 -2 -1798 1555 3292
4 1132 19668 -21850 -6324 3090 10866
2 0 0 0 0 0 0
2 -3184 5694 -10570 -418 19668 -2091
3 526 1434 -8592 -4067 -10155 974
3 -8738 -3206 -17734 -8698 13240 4391
1 -6440 -82 -4532 -1051 10678 2211
1 -6450 2406 -17302 -14372 6458 5327
3 5090 -2898 3828 -8246 6819 -1786
3 320 -712 6232 12454 1846 -295
4 -2394 8524 -7868 17640 20766 1504
4 3248 -6738 16350 -8002 3018 8467
1 -10352 -2970 7654 -2459 -457 2095
1 -2406 -1846 6352 11208 -309 4200
1 6958 -4580 -18954 20687 7855 -7078
2 -7780 2170 -10886 17038 6299 -2874
2 -3522 -9366 25884 -10115 -1904 -5368
2 23168 32767 -28764 -21216 11712 7117
4 -14500 32767 -32768 -12968 618 1017
4 -4 11036 -7466 16833 13958 432
3 6398 5652 -12482 20682 -9738 3373
3 948 -7906 -17254 -14384 5711 -3570
1 4354 -4414 -27776 -14912 7514 9284
1 -14022 -1154 8290 -4938 1225 -1558
3 7668 9972 17878 -9768 2060 -4198
4 2626 -13218 8234 5371 1315 4404
2 2542 12710 -15902 20440 12408 -3896
2 -8100 -3926 12042 5274 -11431 -5686

4 -1056 7556 -1470 1710 1465 -794
3 -1032 -6644 -5406 -153 -894 -525
1 1118 -7260 -3674 -6622 5321 3794
2 4410 7014 -870 248 5185 -437
2 3840 9706 200 1142 1996 -1485
4 -748 7646 -1398 1034 1410 -848
4 0 0 0 0 0 0
3 -1206 -6642 -5224 -974 -411 151
3 0 0 0 0 0 0
1 0 0 0 0 0 0
1 -676 -5544 -2842 312 -5032 1678
3 184 -6974 -6258 -2308 -1664 47
2 0 0 0 0 0 0
2 0 0 0 0 0 0
3 -778 -6132 -9542 -8269 -4359 -1800
4 302 9092 -3974 2058 -1707 -1939
4 -6330 11818 -9142 13027 -6896 -5868
1 -762 -7652 -4062 4290 5255 3963
1 1388 -8904 -4890 4944 8733 6083
2 300 9774 -780 -2010 -9090 2471
1 0 0 0 0 0 0
3 0 0 0 0 0 0
1 0 0 0 0 0 0
3 0 0 0 0 0 0
4 -7424 1412 -5910 14904 3593 -10213
4 696 798 -1756 5536 9083 -7094
2 1662 10962 -1858 2922 -6539 -4622
2 -2904 10924 -13732 19439 -18894 -12616
2 -6758 -1112 250 15690 4729 -16046
2 6216 388 9578 -12097 -9621 -3956
4 -576 4206 -4622 -1464 -750 1952
4 2048 5084 -9014 1341 -4906 -3766
3 -2420 -3922 -6716 -4491 -2558 -841
3 -3118 -2910 -8628 -4357 -121 3471
3 0 0 0 0 0 0
1 -10250 -2360 -4470 -9368 5571 10319
1 -426 -5596 240 -2245 -2311 2108
1 -1984 -10436 576 2203 -5957 -2992
3 -5848 -1688 -20428 -6687 5501 6378
2 -12262 3342 -12434 1357 23096 -309
2 17770 5064 -10192 13576 16315 7435
1 -9490 -3372 -6920 -7422 6361 3992
4 -9808 -2528 -8280 4080 -24907 416
4 -18608 5968 -7462 237 609 -12737
3 9262 3914 19834 -11533 9938 -2403
3 23772 -1926 -32768 32149 -4560 9875
2 -1430 -992 12316 1746 -12262 -1644
2 8152 6544 11676 -32768 4308 7586
1 1992 7114 12316 -9694 40 -2742
1 -10304 -19210 -29108 22263 -11175 -13263
4 27136 4924 13912 3065 15199 -1019
4 -11100 -7880 -6794 -28412 -279 9776
3 -13714 -15338 -15114 -19023 15119 4822
3 8956 -9138 8376 19036 12203 17942
1 -16852 -13204 -24474 -10083 6099 15953
1 25550 -9014 32767 15732 -7155 -10016
4 -17838 24732 -11144 12736 -16182 -16243
4 6208 -16760 12398 2445 -13412 -6132
2 -5432 17954 -32112 21663 32607 2140
2 13522 1802 32767 -2465 27850 14667
2 -32768 12664 -24652 -24752 -32768 -3906
4 18906 17580 386 -32768 32767 22645
1 -20328 -6224 -15546 600 541 2562
1 -10330 -4296 -12752 -9405 4391 20086
2 -1988 9354 -15798 14436 26231 -5056
3 0 0 0 0 0 0
3 -4758 6890 -17670 -19965 21835 -4680
4 -14360 8952 -18336 23567 -11471 -11867
4 5132 -17734 12546 -3805 -4063 -2859
4 15914 32767 -32768 -28774 14415 23097
3 -5024 -5522 -5286 19101 5631 9690
3 -430 -31588 -10896 -696 -17896 -13598
1 22644 -11492 30744 16635 -13743 -9678
2 29492 4954 32414 -2606 15052 20067
2 -32768 31192 -32768 -13250 4524 -2391
1 4434 -5698 -29452 -5886 20027 7616
3 1986 12258 -17736 -21100 14534 -6537
1 -12530 -3256 -7880 -6677 5132 16969
2 -4432 3550 -8790 10452 2717 -11347
4 -11784 -1144 -14596 21633 -1640 -9365

1 956 -6798 -3902 -37 -2155 -97
4 -1270 8120 -2558 -1161 1140 165
2 1334 7700 300 1141 -3705 -1922
3 -1598 -6134 -6486 890 -3321 -2599
1 504 -7944 -4100 -438 -3103 -594
4 -840 8184 -1700 1165 1588 -98
3 -840 -6564 -5804 835 2047 -145
3 -912 -5770 -6216 -637 -1442 -321
2 964 8112 242 200 -434 -1238
4 -1226 7334 -1984 455 -921 -635
4 1488 10286 -6378 3789 -4095 -966
4 -11660 11140 -10450 18317 -6295 -7652
3 -1214 -5858 -8914 -4070 -89 261
3 -110 -2150 -11510 -9097 1207 739
2 1342 7916 250 -268 4158 -400
2 2580 8476 640 -279 -558 294
2 0 0 0 0 0 0
1 0 0 0 0 0 0
1 0 0 0 0 0 0
1 -2292 -10406 -6914 -4485 -4769 3342
4 -3294 4340 -488 14134 7805 -15073
4 -230 5722 -2686 949 2995 -1889
1 -5434 -4658 -13876 -15579 -5828 8702
2 -1720 9644 -8214 8227 -12187 -4413
3 0 0 0 0 0 0
1 -1652 -3260 1956 -6208 -194 7892
2 -7384 5488 -4518 14097 -1954 -7923
3 -1226 -8814 -7522 -10022 -7262 -2364
3 -22376 3466 -6942 -7103 -11006 -3071
1 1676 -7042 -8198 -5699 16137 2585
3 -8588 -2492 468 -11220 -4796 994
1 5008 6728 -7182 -4529 -15148 -2015
4 0 0 0 0 0 0
2 -3740 13692 -3892 11531 -4099 -14978
4 -5590 3754 -2570 -6934 5100 1589
2 -10474 18930 -5192 10318 -7263 -6907
4 4858 2920 -9916 1818 -490 3916
4 2320 5454 -11624 462 14703 8116
3 -188 -1340 -9386 -1687 -8216 1561
2 -13982 -14960 4226 8932 -29197 1660
2 -10386 5916 -2058 -12923 -10159 -13305
3 11434 -12788 32036 -2662 -22130 -10119
1 -12342 -488 1316 2267 2218 -2235
1 3562 -10726 -15892 -8091 7623 -5906
1 948 3972 -7208 11513 -20929 -9116
4 11328 2896 -9924 7264 -4806 -1932
3 -10322 7580 -5230 2229 1885 -2222
3 11174 -1866 -11782 -71 -2640 -3316
4 -9476 -6902 2278 205 11222 -2840
2 4274 10878 -9400 3134 6099 2060
2 -7346 -5900 -6828 -3274 17955 7241
1 -12524 -7202 -9992 -1228 29308 6724
4 -5088 -4454 -7158 -2149 -10980 2261
3 -4220 -362 -4876 5051 7155 880
4 -16632 6036 -3280 -2108 25511 -1249
3 -12392 2418 -13904 6335 5835 9303
1 13106 -4218 -4746 -2569 -5069 -2439
2 -24000 3232 -5692 -1087 -18828 -12108
1 -17366 -5558 -19100 4070 -9436 451
2 10380 -10718 2300 6017 -20881 5990
3 0 0 0 0 0 0
2 1756 878 -15376 -8776 16746 -569
3 8324 -6790 -12954 16648 3406 10103
2 8144 6950 13492 3780 -945 -1755
1 6326 5116 -3122 -7335 8749 3808
4 -4122 110 -886 3977 -7235 -7376
1 -9396 -7418 12772 9530 -9664 -4268
4 -7074 -4816 -5892 -7596 -4927 8342
3 4456 -17106 -8408 -167 -12537 -11685
2 24692 3662 -32768 9951 31447 15037
2 -6006 8514 2492 2652 6738 166
3 4186 11388 -798 -13351 7539 -6443
1 634 -1888 -31356 419 24172 8485
1 -3816 -6370 -4400 -8140 9654 5248
1 3772 -6430 14114 7984 -3026 -5365
4 5732 17652 -11494 3738 -8566 1050
4 0 0 0 0 0 0
4 -2880 624 3526 -17113 6267 2722
3 44 -3446 -12960 16635 -9118 8011
2 4550 -8596 25108 -2445 -17315 1072

3 -870 -6688 -5294 3558 -2152 -1310
4 -98 9016 -2380 -8348 -2760 3804
2 924 8836 -182 -2273 -6402 2118
1 3076 -8048 -5596 835 3238 -4815
1 1006 -7886 -4344 -1657 -9300 -1158
4 -1086 9466 -2560 -5670 -769 3205
4 -992 8592 -2524 -1574 -382 825
4 -1164 7772 -2416 0 -606 147
2 518 8172 -230 -789 -692 1078
3 -1130 -7002 -5798 3831 -2164 -1128
3 -948 -6910 -6094 1651 -1820 -572
3 -656 -6476 -5752 416 -954 5
3 0 0 0 0 0 0
1 -740 -7308 -3452 -2965 -1971 2047
4 -934 7832 -2222 2304 -307 -1145
3 778 -6392 -5262 -2397 -295 -1270
1 0 0 0 0 0 0
4 -346 7832 -1636 5179 -305 -2403
2 0 0 0 0 0 0
2 0 0 0 0 0 0
2 2488 8856 -524 1893 3213 -1705
2 6492 5750 -2538 4497 -8111 -3739
1 -882 -10070 -6066 -275 -1828 3612
1 -4360 -9166 -16822 -19719 10297 13409
4 -5174 10166 -5850 4638 3813 -2316
4 0 0 0 0 0 0
3 -904 -7720 -11300 -8630 -2744 -3181
3 -144 -2002 -14048 -12540 6492 -1070
1 3936 -312 -326 -13697 -8802 3629
1 21674 -20720 -27944 -230 11389 237
3 1162 -1406 -7600 -9938 12922 5495
2 -9110 9544 -7032 7413 -5542 -4141
4 1890 7368 -1934 10824 2791 -4586
4 -5264 3640 1532 10426 -2688 -7956
2 -4878 5038 -4096 13133 -5226 -10721
3 -3650 -15350 1566 -6665 -8339 361
1 -8680 1810 -4158 -3374 -5904 -3320
1 -1888 -88 -8992 -2951 10888 -189
2 8668 19552 -9502 3225 9807 -5298
2 3404 8612 -3034 -2225 5308 -1938
3 2028 2538 -10474 -8201 -5869 197
3 -2528 3144 -12528 -9762 -10958 -3513
4 5946 18530 -6348 -1896 -15980 3043
4 -18314 4166 -8800 7603 7393 -7921
3 3760 1216 2098 10473 29822 11395
2 -9380 -4124 -116 11869 29643 842
2 -12512 -9808 21454 -17910 -15998 -8231
3 2694 -5482 -7956 12413 -964 3367
4 2010 -2242 -294 -475 6114 4115
1 -5344 -3870 -2280 -553 -9278 1770
1 1268 2064 5400 5852 -13748 -3152
4 498 21162 -20402 -16773 -15979 7770
4 -14650 15398 -17878 18236 9327 -2568
4 5432 -20670 12028 1208 -7942 1294
1 -16506 -78 -32768 -925 17779 3305
3 1886 -12536 -21076 -3933 -16453 -2546
1 -2918 -5612 874 -6230 13219 5651
3 3702 9632 -3626 -16128 1711 -9206
3 3372 -838 -1780 7535 5396 -1468
2 6598 29556 -12238 -5003 -18327 -9936
2 4366 1148 -5544 19673 3046 -4676
4 -7392 28412 -31638 -31124 -23960 165
4 -8792 19180 -12148 19186 13928 -6185
3 3410 -7386 -21118 16724 -7582 11260
3 7778 5422 -4264 -12549 8592 -6903
3 1916 -326 1696 11502 -701 114
2 7184 -10320 30008 -16016 624 3374
2 7382 28614 -6478 1379 -21565 -11063
2 444 -10808 -2466 20107 3346 -5444
1 958 -3876 10430 -176 -6164 6184
1 8072 9884 -32768 7040 4189 -7302
1 -10058 -3172 -166 -6256 4695 2708
1 -5812 -2676 16926 10163 -2464 13811
4 4868 -20332 13016 1279 -7244 5219
2 2530 -11612 31908 -20279 5378 -757
4 -18548 32767 -23860 -25174 -4389 2074
2 5544 14206 -12046 3185 -32768 -15238
1 1690 -3658 -32768 -7988 -32768 -19772
2 -9296 -13338 17032 4172 10180 2996
1 -4760 -7308 5824 5174 15641 -1221

2 2782 8348 -1040 -1561 10226 4430
3 -1036 -6452 -5276 -292 -325 -255
1 -604 -10028 -4916 2088 4607 -1633
4 -1102 7438 -1372 3064 253 -691
3 0 0 0 0 0 0
1 1550 -6868 -4798 742 -1960 2283
4 -886 7522 -1414 1327 -833 321
4 -1532 8300 -1308 25 -73 4
2 4076 6986 98 2087 -4518 794
2 0 0 0 0 0 0
2 0 0 0 0 0 0
2 1094 7420 -344 -2500 1345 -1282
4 0 0 0 0 0 0
4 -184 7366 -1598 1023 3035 -1899
3 0 0 0 0 0 0
3 0 0 0 0 0 0
3 -654 -5930 -4362 -1750 -89 -560
2 2466 8742 -266 -3395 5082 -592
1 34 -8058 -4786 -1156 4071 5344
1 0 0 0 0 0 0
1 1376 -6698 -3802 -1058 -1453 849
1 536 -6820 -3868 352 3542 -1472
1 776 -7108 -4428 600 -3656 -2223
3 0 0 0 0 0 0
3 882 -6262 -7058 -566 -4235 -1075
4 0 0 0 0 0 0
4 2024 11324 -7860 4177 -6584 -523
2 0 0 0 0 0 0
3 996 -3410 -14078 -8271 -3005 -3636
1 -1148 -6094 -7068 -1373 -7846 1711
2 -950 15076 -7822 13746 -18035 -8641
4 -7368 10962 -9534 19744 3007 -7069
3 -1232 -2390 -10798 -9845 4250 -912
4 -4266 182 -1812 14604 4929 -8203
2 -7042 2874 -6270 19840 2141 -9697
1 0 0 0 0 0 0
2 -1284 -1746 402 8837 8962 -7565
2 8402 30380 -13514 -1959 -5731 -9577
4 -904 2886 -4008 1587 977 -2053
1 -5272 -8252 -7916 -7480 -3973 10584
4 7276 6308 4994 -3628 380 -249
3 -2188 -3082 -7228 -12983 -4658 -1852
3 32767 32767 18426 21687 32767 32767
1 12852 -1832 -7812 -7121 -642 1856
2 6072 -1616 -11636 7942 32767 7695
1 -3036 -8974 -4744 -2099 9380 7393
4 -10324 -374 -11702 -2740 -3517 840
1 -3644 -1472 -6904 -4852 679 2586
2 -8224 -4654 -5674 8679 -12450 -1962
4 -3010 4724 -4382 3438 14451 -6795
3 -2080 -2720 -4626 2612 -9744 -3330
3 -14288 1232 -9468 3409 13972 8659
3 -5546 2038 -1086 -4909 391 -1369
2 -2794 -3574 -1764 -8070 998 5314
2 5542 13740 -5160 -16820 1294 96
3 -778 8090 -4916 1631 -4683 3713
1 -5868 3686 -2386 2283 -8191 -2253
4 -1046 590 4740 -1146 652 -2817
4 -5594 -9622 -13224 -7618 2152 7267
1 9106 -5620 -2740 5471 11159 -4308
4 -7964 16026 -18834 -1921 -10619 -3785
2 -13682 10506 -21208 16218 1130 -3493
4 4580 60 10738 11774 -14357 -5545
2 2828 -10942 10178 15765 16975 791
3 3036 -12864 -17664 -2861 1043 723
1 -10904 -7924 -15556 -7529 -9661 -1201
3 4684 3178 11046 -14051 1732 -13327
1 2360 7376 10650 -13174 15101 9111
2 -2052 3838 15708 -27062 2165 1400
4 1688 -10414 11418 -18108 7182 7180
3 23018 -4870 -8982 30891 2278 20356
1 -4320 -476 -6894 30466 -2586 -9067
3 -13074 -8642 -16892 -11313 9116 779
4 -6730 20820 -13132 7074 -19528 -10201
2 10258 32767 -24828 8239 18191 5325
1 -7180 -4536 -24534 -10372 -834 8449
4 3128 -7526 3190 16053 -6477 -10068
1 9166 2752 5140 -15283 22139 936
2 -5940 -5444 2426 12981 10292 85
3 -1542 12854 23124 -17361 -7759 -8872

2 238 14206 1826 -7131 -7538 6181
4 -22 9390 -2492 -5697 345 2177
1 -274 -5464 -2454 912 -4953 68
3 -1614 -6192 -4996 2171 9417 2750
2 2272 6708 -412 1995 -2566 -2811
4 -770 8372 -2754 -235 -3935 985
2 0 0 0 0 0 0
4 -820 7610 -2190 -2003 745 664
2 808 9440 498 -771 951 857
4 -788 10266 -5550 2214 -6254 -313
3 -1412 -6568 -4960 1142 2270 804
3 -960 -6466 -8672 -3953 -2949 -1386
1 0 0 0 0 0 0
1 1380 -11636 -6726 559 4902 1079
1 -3044 -9246 -9456 -7827 2399 13606
1 -3262 -6944 -10338 -18066 4120 15212
4 -7172 13562 -10000 17913 -923 -8308
4 -5298 3696 -3068 18267 3146 -10840
3 -1250 -4076 -11130 -10429 -652 -1614
3 0 0 0 0 0 0
2 3480 9616 -434 1981 5426 -374
2 8428 4034 -3608 5744 -1827 -3007
3 -1694 -4622 -4062 -4998 5384 6
4 -1880 -126 -456 4031 2223 -4461
3 -4674 -3450 -6890 -4576 -831 567
4 -3058 6716 -4640 -5142 1266 -1483
1 2008 -3064 -1902 -6635 -3319 1908
2 -15244 7208 -2484 4569 -17396 -3717
1 1272 -5776 -3812 3424 8970 -4243
2 -950 13696 -4398 8156 487 -7324
4 0 0 0 0 0 0
4 4116 4608 -7928 -1248 17325 3169
2 8966 20724 952 28277 8402 -3731
2 -474 -12908 2110 530 -11395 -8233
1 -4290 -1740 -6870 2720 -5944 -4629
3 0 0 0 0 0 0
1 -2070 -1780 -1892 -3464 4531 1248
3 72 -7962 -14268 843 5590 3776
2 -21222 -4462 1070 -2174 19195 4300
2 -12446 6550 -6392 -6278 -4412 -6057
4 1592 5156 -16698 3208 -1883 -3840
4 -16866 6606 -5072 -10685 20 1393
3 -1402 2756 -7566 4986 8560 2668
3 -3546 -7992 -18408 -2564 4948 729
1 1608 -3212 -3342 33 -10400 -1984
1 -4272 -9260 -19352 -8662 -5421 5192
1 12962 3714 8894 -9858 9568 3978
1 -17708 -5952 -7372 30994 -10950 -15908
3 -5260 5992 25522 -11335 3341 -7530
3 22146 412 -12152 24561 -10876 12057
4 -4792 6100 -8638 14967 9345 -8480
2 8486 -10780 -10578 21947 28351 10576
4 5692 -9170 12794 -2965 -19347 -2212
2 1604 8536 19412 -11321 23264 9302
1 -7612 -6964 -25556 -6586 -3513 7675
3 -10962 -12132 -10152 -12188 7223 -89
3 3126 24186 17796 4302 -4384 -1200
2 -14656 21548 -32768 -8765 16995 9888
2 -3170 -6778 1822 10315 6403 -7045
1 9698 -2542 21768 -2643 16127 2770
4 -16284 32767 -32768 -10158 -6249 7306
4 4128 -10866 4256 18407 621 -5353
3 5358 -9782 -5206 8202 -20128 -494
2 14306 -440 24852 -11206 -2220 5698
3 -5534 -8126 -19384 -20972 21095 -2309
2 2790 26584 -32768 10897 13931 7571
1 -32768 -12664 -25596 11822 -24715 -11887
4 -5628 -2226 12016 -15196 -165 7067
1 -15418 -710 -13824 -15574 8485 13931
4 -3858 32767 -21922 14750 -25825 -3241
2 -752 6804 9046 4643 -419 -5792
3 -8906 -4502 -270 17564 -384 5151
2 6486 -5792 17714 -13969 -18404 -569
4 8462 -11446 4778 10818 2239 -2605
4 -6650 1372 15972 -22795 14099 9314
3 -3700 -24072 -25396 12029 -9959 -3398
1 21614 -12298 20224 4848 -2136 -3523
1 -8438 -8674 -28990 -1378 12436 -766
3 8278 -1252 -2664 -22240 16725 -7533
1 -12864 5478 -4030 -12942 13609 14211

2 1900 8148 112 810 -3690 -900
1 804 -7658 -4486 -823 -4296 -550
4 -430 7990 -1666 187 -293 103
3 -720 -6650 -5216 -458 -1 259
1 -3062 -8572 -15944 -9318 2052 8805
4 110 8134 -2284 536 -1201 25
3 -876 -6646 -5272 -549 -1008 -399
2 1036 8386 330 -555 -4949 813
1 -2000 -9646 -16108 -27712 7887 14309
2 2626 4124 -6228 -298 -17221 -4419
2 -9970 8836 -1148 6961 -15941 400
4 -792 8162 -2654 2847 -5173 -919
4 -1614 7134 -2128 2369 -733 -518
1 4912 -3968 1268 -10641 -9388 -2303
3 0 0 0 0 0 0
3 110 -6936 -6580 -1937 -1506 -651
2 -2330 9292 3260 4909 8805 -11179
1 1898 -7058 -768 2889 -364 -6650
1 3432 -4058 -7244 3535 7425 -670
3 532 -9268 -10470 -23023 -31173 -14409
2 0 0 0 0 0 0
3 -10656 -1888 -9112 -14173 6584 14887
2 -1722 11030 -4588 4905 150 -5921
4 -2376 13856 -10816 9746 -14586 -4529
4 -7166 -554 -924 13679 8682 -11056
4 -1696 474 -1490 -4134 18172 3470
3 -730 1582 -1962 -6116 4858 14426
1 -5318 -3246 -13698 1586 -4226 5348
2 -2532 204 710 2134 6788 -3562
2 -16814 6508 -5792 -529 -1902 -4711
1 -2740 -1566 -8392 155 -14447 -6558
4 426 10250 -12806 -1360 8575 -5775
1 -6346 -1106 -12980 -5866 7946 9149
4 2114 6796 -14874 2330 -2540 -1331
3 -9484 -3326 -8288 4315 1851 5570
3 1264 5876 -18684 -5622 11110 -292
3 8586 5316 12208 -3048 2254 1658
3 -26548 -8920 -9334 22521 9339 21362
2 9944 442 4380 10651 23177 7144
2 -9944 3028 -31090 -11681 -696 9014
1 4726 -5628 3658 -11526 6806 5870
1 -14718 13126 -844 5192 -28116 -23140
4 -8648 -4344 636 2244 -1512 -8038
4 -3742 25402 -8916 -6128 4237 4945
1 -2222 -13080 -7996 -3271 12146 10118
1 1732 -1428 10912 -2442 -19346 355
3 14242 11074 -2786 -17898 787 -19694
3 0 0 0 0 0 0
4 1856 -19906 -6024 12540 8150 -7374
2 8138 12792 4954 6980 -8699 -4008
4 9164 842 -10040 -23909 -3876 3682
2 -11674 -10324 14326 -4663 -5097 1647
1 -32768 3788 -12248 354 -2325 -1553
3 20014 -18188 -19442 -16553 -8553 -5264
1 21884 -24246 9254 -3136 21022 7504
3 -3394 13122 9298 -489 -14240 -5588
2 -7716 14660 -25720 915 -2831 -2810
4 0 0 0 0 0 0
2 10866 2964 21900 10697 15047 1529
4 12928 -31778 16958 7609 -13504 -5110
1 -31088 14810 -32768 10578 -498 -15579
1 -10906 -2714 7078 -11659 15044 13421
2 -32768 13836 -32768 -21606 -5261 13265
2 -11214 1966 -9350 15967 7117 -12056
3 -5406 -17376 -32768 26656 -14236 12335
4 -18544 32767 -27818 -29034 1504 21129
3 6388 6152 7338 -25633 4764 -6110
4 -11182 1398 -11104 25133 -1957 -7653
3 -6050 -3954 5266 20914 8878 8081
4 570 -16 19404 -19507 -3439 3885
4 1422 25842 -27528 15977 -7490 -9488
2 15452 -15696 31980 -6342 2857 15171
3 14490 -28342 -32768 -14159 -7241 -10432
1 6456 -8050 20008 4693 -24160 -10222
1 -32768 3334 -25468 3302 -19030 5404
2 -13712 22142 -20408 2223 1896 -1958
4 8498 -22570 21184 9196 -12494 -3340
3 -2528 3496 26828 -11106 -2028 -3601
1 10150 -17416 7364 -6385 21074 7334
2 12592 2356 22934 1935 15969 1042

4 -98 7916 -1666 -259 122 -8
2 1852 8040 -642 515 2652 284
1 684 -7936 -4460 1006 -1686 -5641
3 -804 -6538 -5482 -24 -64 280
2 0 0 0 0 0 0
3 -614 -6716 -5336 -669 30 241
1 -132 -7498 -3696 -157 -5640 -1843
2 0 0 0 0 0 0
4 88 7944 -1518 -232 858 -51
4 0 0 0 0 0 0
3 0 0 0 0 0 0
1 -592 -7438 -3508 -353 689 2081
2 408 20514 -17242 22664 -17083 -18167
4 0 0 0 0 0 0
4 2142 11210 -7240 3475 -5860 -1550
3 0 0 0 0 0 0
3 2368 -7684 -16406 -13409 -2576 -2610
1 808 -2456 -13232 -4559 -20637 1169
2 -8652 892 650 21741 6446 -16689
1 -6098 -5128 -2918 -8382 5859 8474
4 -5060 6882 -11176 13137 4108 -4392
1 -1428 -6230 -2418 -3814 488 7012
1 0 0 0 0 0 0
4 -1990 15774 -4520 14855 -8703 -4065
2 2162 -2882 6530 1612 240 -763
2 -3702 12472 -750 -8515 7720 4947
3 -7158 2424 -6410 -21301 -5337 510
3 1040 -4382 -2296 2458 8334 7901
1 -7224 -5828 -4478 71 -8077 5229
1 17880 -3988 -5738 -3087 -16549 -470
2 -446 4784 -4246 -5478 -9813 -662
2 -9444 12852 -13726 -1872 -24941 -9768
3 2622 -8022 -8204 12998 9749 1737
3 0 0 0 0 0 0
4 3004 -222 130 16563 -10549 -4606
4 2710 -1560 -2768 -4940 20781 -3822
1 6404 -366 -9686 -313 28570 381
1 -10882 -7186 -9886 -1193 1584 2510
2 -5126 8856 -1798 -57 13680 -5049
3 -500 -8234 -4178 10017 8383 5411
2 1564 19582 -21150 444 16151 -888
3 -2368 -3828 -19994 -2330 4166 3807
4 10406 -460 -6466 -1501 -2765 962
4 -30904 10518 -17830 -4401 -16492 -3892
3 8116 -894 9770 -16887 2026 -5682
4 11034 -5428 14874 8764 22706 -1402
3 23398 -16298 -21234 24616 -2474 7942
4 -6114 -192 664 -26716 3823 9742
1 -4504 1156 5984 -16846 23532 10171
2 854 -10388 6988 16343 -15060 4465
1 -5766 -7012 -7604 23390 -29244 -17084
2 4694 -8638 32767 -32768 2997 2884
4 -6330 19138 -14572 17841 3941 -12079
4 7564 -16314 18786 1168 -7892 -2583
2 13750 28602 -28772 17169 -15035 -6289
2 5426 9934 20534 9999 8517 3558
1 -18054 -3914 -20312 -12656 12152 15078
1 23054 -5608 22524 -34 11943 -7096
3 -4986 -9528 -19010 -23291 3329 -2372
3 -18386 9748 16494 9521 -11635 5456
2 -32768 6840 -32768 -19009 6197 12028
4 2052 25954 -31838 -19069 424 4310
2 -5814 -5250 -2258 16402 4788 -2090
4 4322 -10002 1048 18667 7132 -467
1 -32768 -18188 -8818 11927 -19902 4876
3 -14044 -17478 -31658 7832 -18785 -9100
1 -1978 1402 9306 -10087 22558 16924
3 5916 11722 14980 -18638 -3345 -13497
3 12134 -6612 3750 19340 4879 15525
3 3242 -14058 -19008 -23221 -3988 -3361
2 2974 -6580 18212 -6931 -9478 328
2 3412 19180 -26000 4291 -8167 -2729
1 -11328 3886 4568 15831 -20143 -17095
4 -5518 102 17260 -21354 5812 3623
1 -8874 -6704 -26658 -14067 7507 5372
4 -3468 24302 -23848 17050 -17490 -6069
4 7972 -14204 7348 8200 -1690 -453
2 -650 8474 14312 6870 4438 -2818
3 -4988 13528 12106 2234 -4087 617
1 21888 -16360 11630 -1085 17565 151

4 -2828 6974 -1478 -3550 -5575 4388
2 1948 8830 -232 -3454 -3339 4204
3 -636 -7406 -6378 4998 -1431 -1448
1 1016 -7548 -4364 2898 -2158 -3778
2 1134 8948 24 -1865 -5483 2380
4 0 0 0 0 0 0
3 -1332 -6948 -5806 -905 -3543 -1986
4 -340 8328 -2684 -588 1122 400
2 408 8386 -24 -133 -3663 -89
4 0 0 0 0 0 0
2 378 7990 -58 417 446 -825
3 -1738 -6226 -5946 128 -2098 -1705
3 0 0 0 0 0 0
1 610 -7896 -4478 1856 -1421 -3485
1 404 -7606 -4180 201 -1373 -1686
1 0 0 0 0 0 0
4 76 8958 -2922 5712 -5284 -3746
4 -170 12890 -9040 11457 -6318 -5017
2 680 8304 166 722 2136 -2444
2 4236 8966 -2800 1360 2498 -4682
2 2122 9778 -8764 7326 -21537 -7714
1 0 0 0 0 0 0
1 -2222 -5710 -19580 -12511 -5492 9596
3 -1914 -6768 -9268 -11914 -6321 -790
3 0 0 0 0 0 0
3 -3016 -2442 -6690 -6522 4911 2227
3 -102 -1918 -8102 -3790 7211 3919
3 -2338 -5146 -8132 -11682 -11976 -3059
1 298 -10584 -7436 -25506 1488 12201
1 128 -1624 2750 -5819 711 -4332
1 -4382 -352 -2384 -2210 5014 6956
2 -8266 9900 -1280 8445 8142 -4201
2 -7110 10556 204 9530 2790 -15766
4 -3274 11630 -7376 20759 8910 -9010
4 -1634 102 350 12619 6281 -8238
4 -556 3330 -732 -5100 751 -3556
4 0 0 0 0 0 0
1 4128 -7658 -12362 9032 2611 -9252
4 -9724 -2596 -4000 -3673 -4585 772
2 -5628 10562 -5216 1155 -5984 -13284
1 310 -3948 -5304 5296 -12469 -2563
2 6582 17026 -6898 23930 3621 -7628
4 -8598 1962 -4882 -3680 -4827 -124
4 -534 2926 -7168 -3524 12695 -1489
1 -164 -7054 -10508 216 2585 376
2 -12708 -29364 17650 6612 -9027 -3505
1 3768 -1444 -8558 231 6233 570
2 806 2812 7496 -25876 7877 -5293
1 12000 2838 -10428 -8138 32767 5159
2 -6074 -5134 -4424 -6045 -2201 -1346
3 -8568 3214 -5174 -8713 -9450 -721
3 -14820 8696 -4148 8350 7897 3678
3 1202 -3148 -7844 -2475 -4946 -2664
4 -3830 1910 -8874 4137 -3003 1373
4 582 1322 -7100 -1827 5442 -3492
1 9802 2732 -11212 -3000 -6112 1717
3 9314 -5136 -7044 -3436 -13629 -15449
3 -7786 -388 -3802 4833 16458 8096
3 -7452 4108 -7258 -1510 -3064 -257
2 8978 11104 -10046 -556 -18345 7527
4 -6280 -6088 -7638 2745 7474 2037
4 8504 7074 -8570 -3083 18703 -1909
3 -5718 4760 -4712 205 -1363 206
3 -8828 1278 -15422 2166 -319 -88
1 -2082 -5008 -6688 -4249 5631 201
1 -3964 -3640 -8126 -3148 11285 5572
2 4840 9060 -4496 -3318 -6051 131
2 11144 4500 -13456 162 17060 5717
1 14604 -2358 -6494 -7513 -857 263
4 -26562 2734 -14810 -529 -9332 -10406
1 -21896 8282 14488 6200 -32768 -15065
4 27026 1588 16632 -8261 10096 -2602
2 -13108 4364 1332 10028 32767 -4474
3 -4736 1182 -11800 -1264 10333 9216
2 -13694 1728 20370 -7625 -32768 -7991
3 7766 3614 22002 9059 18702 10174
2 -1846 30182 -32768 -5681 12723 4804
4 -32768 32767 -32768 -10732 12386 18575
3 224 -20650 -24382 5006 8732 1941
1 2440 -26122 -22576 -1776 -16331 -1299

2 1372 8492 -330 -50 -4188 1968
4 -752 7912 -1836 -2097 2666 774
3 -310 -6698 -5748 59 -219 -113
1 -108 -7632 -3722 -1074 -1327 -958
1 -136 -7096 -3560 -1107 -431 1380
4 -1280 8036 -2024 -627 440 -141
2 866 8292 -270 1013 -2371 626
3 -800 -7032 -5636 -1549 93 -662
4 -744 7988 -1556 244 3357 -165
3 240 -7436 -6132 -3924 -356 -792
1 0 0 0 0 0 0
2 788 7942 -116 1325 -72 -509
2 0 0 0 0 0 0
3 4856 -6350 -10648 -2454 15591 4685
1 506 -7756 -3944 -256 2169 4073
2 3318 12986 -3322 4082 873 -4975
1 0 0 0 0 0 0
4 578 6634 -668 -1767 11197 1498
4 3386 10266 -9000 1481 -1311 -149
3 2516 -8084 -13160 -11930 6343 -5375
1 2 -5784 -10742 -7797 -12743 2903
3 100 -5526 -4786 -9295 3902 -3107
2 -5286 15202 -9792 22599 -19089 -19095
3 1766 -5250 -7244 -3993 2345 -1663
2 1434 -3398 1784 17628 8315 -10025
4 -2898 8872 -6434 11669 -2284 -1934
4 -2716 8300 -2120 8630 -2199 -784
1 -4768 -2488 -3120 -6686 581 5634
2 8000 4336 12310 -7991 -7676 8685
3 272 -1646 -1434 1355 9590 4539
3 6066 -4362 1306 8244 12173 4166
2 -17016 13836 -13646 -10098 1086 -3540
4 -1862 5230 508 3342 -1457 -2008
4 -1896 6850 -3048 -360 -618 -2416
1 -3124 -9692 -8352 -7865 -7539 10437
1 -5962 -5708 -8428 -4127 -537 7805
1 662 -2558 -12296 -2384 5571 9170
4 -6326 9442 -11180 3033 -9944 -2078
2 -1748 5484 8020 -6690 -27638 -8266
4 -6446 -598 -5780 8546 -6819 -2109
2 -18690 2546 -9898 5787 -29075 -19128
1 636 302 -6896 -2219 -22620 1178
3 9492 -5902 -5782 -597 -2855 -7875
3 3534 -994 2304 -7020 -3665 -12530
3 6076 3296 -4846 -223 -15876 2239
3 -3158 -384 -18656 -1092 3021 8122
4 11634 3534 -7678 921 10908 -4822
4 7058 4520 -3370 -3677 -28300 -3877
3 8000 2204 -1992 -13997 -1714 -6616
4 -32768 -2646 -7158 2219 10346 -16553
2 6706 -4090 -4414 -2859 30971 5693
1 -10436 950 1528 2597 -818 -6194
1 -9048 3028 -8594 -5377 3730 3809
1 -10422 7594 2730 -8203 22019 12004
2 -10458 8946 12972 -3984 -22301 -8006
2 -5272 -10078 -6650 19022 32767 10015
4 7636 -3056 16684 -25479 32767 10589
3 -6686 2868 10918 12918 -19590 1407
1 18046 -15262 16708 7001 16990 -1686
2 -2638 -13322 32767 -20756 -32768 -12689
3 32767 -32520 -24530 -10515 5708 -3930
1 -32768 4320 -22896 -10719 -14265 -872
2 24560 21560 -11182 5335 11639 12256
1 8390 -12268 4502 -178 25867 15331
2 -2066 -2120 18628 9451 23995 5990
3 42 8750 20494 -17575 -5134 -12828
2 -32768 24264 -32768 -22650 -4494 -789
4 1758 16708 5574 12225 -9913 -8434
4 -268 -27924 8822 12203 -12135 -3435
4 -3534 32767 -26056 -28762 12095 11971
4 -524 11396 -18994 24159 7412 -1082
2 -1532 6208 -14312 22351 4301 -2809
1 -13640 -4334 8388 17283 -32768 -20260
3 -15566 -3700 8892 32767 32158 20441
1 -23800 9494 -1324 -15417 22003 16358
3 3380 -4366 -12004 -32768 -9779 -14374
1 19566 -17466 5788 -3749 4821 -1597
3 -4052 6628 18574 -2172 -8520 5388
4 1696 -4570 25958 -19829 -9295 -3495
2 9912 -13488 32767 -18443 506 5700

4 2432 8522 -2294 3006 7432 -360
1 354 -7416 -3868 -1833 -150 2709
3 -1604 -6724 -5104 -2986 3111 1860
2 1094 8570 -58 1453 587 -1510
1 614 -7548 -3894 -1595 1284 3660
2 1568 8342 -40 2422 2835 -1748
4 -592 9318 -2856 7988 -15437 -4582
4 -2412 6428 -3136 6986 2718 -2516
3 -546 -6178 -5142 -1322 2389 1403
3 0 0 0 0 0 0
1 0 0 0 0 0 0
1 998 -7008 -3994 473 1380 1722
1 478 -7440 -9542 -804 1904 1327
4 -6922 9324 -8010 7643 263 -3728
4 -5868 1110 -7602 13746 677 -8653
3 -110 -4880 -7912 -1720 -3189 -981
3 724 -4630 -11216 2164 6892 1402
2 1688 7716 68 1655 1864 -926
2 1288 8256 90 68 -539 -171
2 5602 19952 -8014 13254 -7773 -10078
1 -5056 -2714 -10140 -8426 -6446 3442
2 -7548 -7220 -8672 25788 -55 -10826
1 -4034 -3828 -3518 -10917 -7995 5500
2 -5332 -3628 7614 243 244 -7666
4 -2294 1018 -3588 7534 6476 -6703
3 528 -7460 -9520 -11722 -1946 -2606
4 0 0 0 0 0 0
3 -520 -5270 -8054 -13015 -6043 -3524
1 7772 -14850 -10912 -4704 -3544 4523
3 2000 -6144 8226 1195 -968 -708
1 7010 -9376 -7284 -1071 -12183 -1589
3 -4002 -2114 -21216 -4293 -13960 -1330
4 -3282 15996 -15688 538 -15006 1676
2 1266 17946 1000 5905 -23966 -12218
4 -19356 -6294 -5974 -9232 3874 -9671
2 8822 2892 -5710 4068 9763 1924
2 7008 -9920 -6400 722 -11732 6315
2 -18112 14328 -2142 -21415 32767 12041
1 -16092 1946 -1758 -7967 -9835 5220
1 0 0 0 0 0 0
4 -484 12644 8750 -8800 24349 -2695
4 7148 -14386 -3212 1901 -29850 1543
3 -3508 -16358 -12926 -6854 21167 4838
3 314 15004 5244 16323 14733 10007
4 -7200 9614 -25200 -6843 -945 -2119
2 -8800 11090 -19204 15113 -18506 -4510
2 -188 -8584 -4716 10708 7034 -2944
1 -15920 -8786 -9798 -6547 -23200 -1160
1 -11006 14736 -2604 -194 273 3938
4 10808 4548 12252 7995 -21119 -5892
3 5200 -11478 -19084 5074 -1773 1227
3 -9272 -5598 2710 -9568 544 -715
4 -3484 -9410 -5526 -13145 14135 12444
4 -5498 27088 -4950 4134 33 -55
2 4704 7118 31404 -31187 -8820 -5182
1 26428 -22944 11968 6828 -5231 -8744
2 19968 25258 -31520 14354 2863 104
1 -20872 -2648 -19284 3131 -5953 6412
3 16000 -52 -3986 16899 17978 5961
3 -14426 -8390 -11916 -304 522 -6401
1 -3544 -4662 -3422 -12514 19135 14844
1 13388 -6252 13842 7712 6431 -9742
4 -6510 -12016 1886 16128 -7873 -16598
2 -4250 3932 -1310 16634 17220 1549
4 4416 496 5882 -10217 8363 4299
2 7338 -296 16484 -3058 -12463 4142
3 8622 13412 -5464 -29681 2940 -10549
3 5684 -8148 5534 16993 -7040 13423
4 -4492 32767 -32768 -12865 3094 13997
1 -25700 -12676 -29826 2564 -2311 2533
2 -32768 17218 -32768 -11748 3724 -2049
2 -5946 -3506 -5332 13984 5499 -6948
4 -3904 -4226 -1272 21779 -7189 -10283
1 -3466 6134 13092 -9258 32767 18946
3 -5242 -22072 -32768 -649 -23879 -8545
3 17536 6798 23004 -27424 -2227 -11965
3 4892 -9608 -7208 31007 31033 15489
1 -6642 -3208 8318 10644 -32768 -12146
4 916 -4270 1412 -7185 -184 6807
2 8852 2944 20636 -524 -9343 -735

2 1374 8180 -240 578 1835 -1462
4 -1118 8532 -2338 3783 1187 -2634
1 1170 -7270 -4162 -1292 331 3159
3 -1536 -5992 -7532 -11310 2677 94
4 202 8128 -2598 3640 3945 -2675
2 1550 8456 -34 921 953 -921
1 1252 -7620 -4144 -1805 2049 4140
2 0 0 0 0 0 0
3 -1142 -4752 -7742 -7831 3130 1312
4 0 0 0 0 0 0
3 -1094 -4620 -6542 -4611 3833 2545
4 0 0 0 0 0 0
2 0 0 0 0 0 0
1 0 0 0 0 0 0
3 0 0 0 0 0 0
1 1176 -6748 -3756 -1165 -1288 2156
2 0 0 0 0 0 0
2 2182 11960 -2780 2957 -3545 -3217
2 -7278 5012 -10738 13483 1452 -6015
4 0 0 0 0 0 0
1 344 -8060 -4628 460 -5171 988
1 -4772 -7136 -13940 -8700 -15823 7399
1 -4774 -890 -4308 -12311 -1330 10930
3 3154 -988 -6728 -1395 4894 44
4 0 0 0 0 0 0
3 3870 -2724 -7264 1431 4348 255
4 0 0 0 0 0 0
3 0 0 0 0 0 0
2 -5240 5756 -2790 12359 2319 -6863
4 -2710 1782 -6796 4347 -473 -1749
3 0 0 0 0 0 0
1 446 -4538 -4008 -3736 -1210 -611
3 -13770 1270 -7986 -8183 -30385 -10726
4 -5386 1496 -5580 776 -2383 -1534
1 -17368 -10110 -7664 -3750 -2897 -52
2 444 7150 1922 -867 -4452 -2878
1 -6174 -158 -16402 -15855 2353 7864
3 -6304 -356 -15240 -16435 2343 918
1 -260 -5482 3438 -3533 1715 2209
3 5670 -2376 12234 -5509 5980 1560
2 7394 9682 -630 4109 2960 -7180
2 -1982 1408 -3410 2248 -3651 -2612
4 -7164 7886 -18366 -961 -3577 3604
4 -1168 -328 -1894 -221 13978 -2641
3 -4216 -1680 1790 24110 8738 10323
4 868 17892 -10276 -9128 -6819 2512
2 -8696 10896 -16726 -13804 14535 5156
2 -7694 12922 -13344 15501 -18082 -8451
4 -3880 12844 -21098 21438 11992 -262
1 -4486 -2814 10600 16933 -18110 -14811
1 -24232 558 -32414 -10058 5930 11255
3 10146 -26816 -28074 -19888 -13644 -13772
2 6824 6006 28962 -5636 -10042 -6527
1 2464 -11824 1758 2393 5811 12573
4 6280 -12894 5766 -4392 1498 4315
1 -1576 -4754 11992 17259 -26956 -5304
2 20278 32767 -32768 -18670 32767 31847
4 -13042 32767 -27266 -26761 -8817 -6983
3 798 5860 15092 -8319 5274 -7787
3 -11366 578 1602 24852 24752 10247
4 -11330 7988 -6590 15156 7057 -3101
4 -86 -17688 13118 -2399 -3600 989
2 3654 17442 -11022 17139 -13230 -5917
2 -3890 -2582 16874 225 -1627 1524
1 -32768 -306 -23360 -8024 -32768 -5086
1 -486 -8768 6184 757 10133 11143
3 32767 -22650 -30926 -8814 18073 -1574
3 7024 1970 10268 -6402 1966 -1902
1 -3898 -3042 17662 17287 -13256 -10888
1 -26094 -4024 -21134 -15719 -1415 6083
4 -8872 22272 -10580 -24329 -32768 -4272
4 -3030 13504 -8156 16924 11273 -4934
2 14784 27804 -32768 -21647 32767 26207
3 -12190 -1912 -3304 22473 -3844 11593
3 17474 -19652 -17868 -24653 -17912 -17138
2 -2892 18450 -8814 17259 -13690 -7703
2 -5978 -1048 16690 -23 -1588 -1553
1 1290 -10396 3812 -213 16055 10320
3 5582 5958 11036 -4495 -2260 1319
4 -978 -10362 1020 -3438 -13868 2000

4 -70 7252 -1660 -1604 -39 -550
2 352 8336 -26 -1786 -1020 1931
3 -136 -6094 -4410 1956 522 1694
1 592 -6576 -3550 1491 -1068 -4200
2 296 8704 94 -843 -514 373
4 148 7676 -2054 -3768 -41 407
1 578 -7804 -4002 2999 -2103 -5248
3 0 0 0 0 0 0
2 0 0 0 0 0 0
4 0 0 0 0 0 0
4 744 10092 -5502 -311 -5820 -433
2 0 0 0 0 0 0
1 104 -7912 -4034 2532 -679 -3143
3 0 0 0 0 0 0
3 2146 -8520 -7842 14 -7271 -741
1 428 -7462 -4174 1612 -266 -952
4 -7212 11512 -10536 13170 -2916 -5900
2 1628 8234 900 498 3447 123
4 -6832 6470 -6164 19488 -632 -11394
2 10998 21204 -9122 9918 3073 -822
3 -5766 -2858 -10870 -8978 -10938 -5813
3 0 0 0 0 0 0
4 1452 386 -618 7271 9820 -6256
1 0 0 0 0 0 0
1 3278 -8728 -7658 -788 -509 1744
3 0 0 0 0 0 0
1 -9736 -6626 -10508 -9082 -14443 12668
3 -726 -4758 -6530 -6316 828 -491
1 -4136 -3552 -4208 -10610 -1567 15666
2 -17128 3030 -2832 27285 -20288 -19877
3 -1700 -2080 -4506 -564 2259 1937
1 -78 -9032 -4164 -1702 6791 1780
4 -524 6342 -7802 -280 -3458 -2166
2 -66 -5994 5408 12295 20269 -8511
4 32767 2902 730 -17 -6273 1970
2 29834 32767 -19614 -2888 -18831 -18320
2 5148 1078 -10230 5009 32147 5816
2 -2280 -7540 -482 8883 -16136 -526
3 -1714 -6330 -4288 3737 -6434 -583
1 0 0 0 0 0 0
4 -22682 -2750 -8418 -2509 2989 -950
4 -4522 2778 -2338 3556 16157 -4543
3 -3278 -12808 -22282 -6984 19020 11559
1 -10276 -3466 -11744 -5816 -18873 6970
2 -4616 484 4738 -15210 10576 7111
2 -1514 22526 -16952 -4463 -2089 -1106
4 4208 -8204 6896 -4272 -7933 -1778
1 4170 -948 2002 3205 16276 -3643
3 -1328 9066 16716 93 -2811 -3050
3 10348 -2832 -24272 9762 147 4666
4 -2670 18990 -32768 -8352 -5600 4270
1 -8116 -11832 -7076 -3371 -21804 -3948
1 -20506 7434 -1664 -12246 9995 19747
1 19940 -2498 10610 5936 504 -8186
3 2994 -8242 -6376 -21487 1264 -2914
4 7382 4760 -12980 18371 5548 -6536
4 4914 -3166 6286 -3010 -7348 -2081
2 -9510 -7808 -10444 24468 -11383 -6587
3 -5794 -4408 6244 11387 7468 9132
2 3438 5060 11114 6500 10364 3963
4 -1556 10904 2838 -29833 11001 11700
3 11064 -21018 -28516 29453 8202 1891
1 -32768 -15716 -9280 20051 -32768 -11321
1 -19176 -892 -7138 -4432 7616 14878
4 -2744 12216 -20216 19710 -13178 -12738
2 -14530 -3046 -6458 -24074 -16753 4530
3 -4672 -4512 -16008 -21337 2381 -2469
2 -6526 8596 -17510 14368 9851 204
4 7018 -13650 6492 4925 -614 -4577
3 -2036 11658 9006 -105 -20594 -804
1 18294 -4516 13988 -3480 27090 -3197
2 5470 9886 6404 4064 8398 975
3 9322 -16132 -15078 26496 11870 3614
1 -32768 -8206 -8776 13627 -28220 -9232
2 -11924 -2292 7750 -17251 -15560 1083
4 2384 150 7348 -22642 9579 7549
4 90 15142 -14864 20048 -30312 -15993
1 -18820 10544 -1612 -12866 19117 18881
2 -9036 74 -22982 17071 7064 -58
3 -2554 -7440 -13816 -28422 989 -2096

2 944 8240 -350 319 934 -210
4 -458 8006 -2250 943 -2370 -220
1 -562 -8344 -4820 1106 -4931 -3210
3 -1256 -6560 -5750 -687 -4010 -2532
4 -320 9244 -4282 3258 -2386 -1499
2 978 8144 -138 875 1537 -1344
1 -2294 -8546 -5598 -1905 1825 2643
3 -1060 -6700 -6940 -1915 417 -791
3 -1510 -6476 -10056 -8904 -101 -883
3 -1356 -5626 -10026 -12865 2323 481
3 -794 -5400 -7674 -10696 1422 -167
2 0 0 0 0 0 0
2 4558 8176 -3406 1913 -3896 -4233
2 -12772 8014 -4202 5227 -7657 -5668
4 -5712 13542 -7536 15356 95 -8234
4 -4938 8022 -5174 19208 1334 -12406
4 -418 1976 -1280 8993 7048 -8745
1 -2978 -9438 -9942 -8350 -2821 9974
1 -3108 -4026 -9060 -13572 -798 13393
1 2802 -488 -1964 -6099 5248 6539
1 1804 -5004 -6104 -43 902 -1466
2 -6728 25152 -4076 12998 -49 -14022
2 17672 4814 9432 32767 13668 5851
3 -1516 -4862 -6430 -9388 -5269 -1504
4 -1854 3626 -4712 -1508 3050 -2605
3 0 0 0 0 0 0
4 0 0 0 0 0 0
3 996 -3644 -12400 4543 9202 3720
1 -6130 -12532 2004 -3122 -21025 -5810
1 -5640 -4966 -8600 1694 -7211 -255
2 -13210 -8588 3492 -9786 8054 -6388
1 0 0 0 0 0 0
2 -5076 11766 -5356 2875 30660 6626
3 0 0 0 0 0 0
4 396 2304 -4752 -4792 7106 4027
4 -1794 3444 -10770 3145 -22510 -5523
2 0 0 0 0 0 0
2 -5540 -3502 6656 -9270 -6739 -433
1 -4898 88 -6454 -5067 -7933 568
4 -12184 1996 -7396 3268 18266 -4916
4 2898 -2342 12070 -2807 1358 -2460
3 -2796 -1084 -8880 -1541 6248 3430
1 214 2814 4002 3270 10271 -5636
3 -188 -166 12224 1013 -2230 199
4 -2716 18556 -32768 -17700 -15965 2439
2 -12362 8898 -29778 -21336 -1542 -1253
4 -444 2066 -15992 22373 9570 -5561
2 -12100 -4700 -14344 24817 -10783 -4700
3 10948 -11832 -32768 15785 302 1023
3 -5488 -5644 -17516 -21031 6987 -2035
1 -17814 -23862 -16658 9383 -6475 -5115
1 -20790 -7492 -9810 -10058 5670 17478
1 19262 -3448 18904 -2549 6318 -8289
1 -32768 -14756 -15360 20536 -32768 -6734
2 1796 9578 9562 7260 4022 7284
3 -4026 280 15306 7469 787 8006
2 -11870 -9078 -19088 -22260 -7658 6296
3 12702 -22140 -32768 23996 413 -536
4 -7490 252 8612 -4269 -3206 -4701
4 9920 19328 -16824 -27219 10605 -2755
3 -5586 -2530 -15694 -26330 -5165 -5371
4 9674 3152 -18288 22521 -6770 44
4 -4846 -4676 11098 -3344 -3871 -5221
2 -7662 -7232 -7428 22688 1924 1684
2 3332 12334 11540 -88 8903 3938
1 -15584 -2906 -13650 -10544 8318 12950
1 24590 -5886 15552 -3690 13386 -10452
1 -32578 -6922 -18710 19170 -17176 -1365
3 1728 3704 13178 7579 -2134 10685
3 10180 -25324 -32768 22788 -5549 -4276
3 -3090 -726 -6044 -27141 -2423 -6465
4 16550 21698 -7656 -25420 19848 -1673
4 15394 5256 -14884 23423 -9769 2808
2 -16100 -2828 -22902 -20131 -5140 7024
2 -8346 -3542 -8936 17074 5943 -2393
1 -11816 656 -10566 -9689 4736 13729
2 14184 14942 14488 398 11036 3188
3 -15320 -1558 8582 24505 18286 10064
4 -12874 -8012 9172 -5264 -3960 330
1 19978 -7486 17306 12260 -20450 -9636

4 -818 7806 -1978 433 -193 -171
2 2400 7654 -254 -333 1249 411
4 -570 7664 -1990 413 -117 -264
3 1768 -7992 -7120 229 2684 1125
1 442 -7428 -3792 -205 1032 3386
4 0 0 0 0 0 0
2 1656 7972 -236 -1844 -2052 1453
2 0 0 0 0 0 0
4 0 0 0 0 0 0
3 4774 -9686 -13804 -8843 5445 -7019
3 3552 -10360 -17204 -19309 10733 -14769
1 780 -7446 -4040 17 1343 3028
1 0 0 0 0 0 0
3 702 -7950 -12200 -24632 21990 -17951
4 0 0 0 0 0 0
1 -3298 -11844 -26570 -23889 -22020 3316
1 -5120 -10332 -8004 -32768 10397 6986
3 -3352 -3628 -2760 -19254 19568 -18988
4 -178 7668 -2516 752 -2497 814
2 0 0 0 0 0 0
2 0 0 0 0 0 0
2 272 8540 -318 -786 3839 1593
4 -226 7938 -2184 2176 -5755 1133
4 0 0 0 0 0 0
1 -4128 28 2928 -26964 4074 3269
1 -322 2484 6838 -1501 -5452 3383
3 -7450 1150 7280 -14423 3742 -5195
2 2624 7810 102 2693 -3754 -1836
3 -8642 6078 15996 0 -3738 5908
3 -10890 -204 20136 20606 -9586 32767
4 -1084 7888 -2264 -123 -2109 2039
3 -2448 -17212 -17584 6408 -8028 -18181
1 -466 9942 4374 15001 3506 -1222
1 2120 2412 16340 19017 -32768 -4736
2 580 9152 646 2041 -10020 -4259
2 570 8068 276 429 959 -1469
4 -578 8944 -2140 2192 -8712 2015
4 0 0 0 0 0 0
4 0 0 0 0 0 0
3 -3494 122 -430 -8960 12050 -8915
3 -1100 4620 6110 -1468 4182 -2033
1 8472 -1266 -6420 -16511 17105 15014
2 0 0 0 0 0 0
1 5806 1232 3048 -4241 -11285 7821
2 0 0 0 0 0 0
4 -2316 9316 -3224 -8973 7324 3653
3 378 1490 2188 -148 -456 34
4 -1504 8834 -3024 91 5379 -750
3 0 0 0 0 0 0
1 2712 7730 2484 20922 -10622 -4851
2 768 9316 -568 -1029 5050 4821
1 -23986 -27650 19076 27946 -32768 -32768
2 912 8840 -606 -51 -345 763
2 202 9296 -756 791 9663 1406
1 448 -32768 -8564 19674 27289 -30905
1 4916 -13178 -2078 5279 -28844 -9182
2 2442 6836 818 4286 7995 331
3 2794 1320 1952 3236 -5602 6249
3 3312 -2542 -3696 13862 -17998 17809
4 0 0 0 0 0 0
4 0 0 0 0 0 0
4 0 0 0 0 0 0
2 528 7898 760 2882 -6487 -2764
4 0 0 0 0 0 0
2 -830 7590 1654 1527 -3148 -5139
1 -11070 -6792 3626 -3266 -14002 -6950
1 -2830 -6464 -3054 3052 8853 288
3 6728 -10712 -17052 20862 -32768 13032
3 -5160 -9632 -15200 19475 -23839 -5147
4 0 0 0 0 0 0
1 -752 -9466 -3336 3915 -4096 10375
2 394 8066 990 -357 11069 -717
2 2726 9094 308 -724 9694 978
1 -270 -13894 -5944 1764 5526 18276
3 -34 -9264 -13436 10334 -8977 -2405
3 -1524 -6426 -7670 -1059 7334 3070
4 0 0 0 0 0 0
3 178 -6226 -6484 -4321 2402 109
2 3348 8324 -872 499 -3461 -1711
1 30860 -8772 2286 -14836 32767 3683

4 200 8898 -2350 -522 -299 -136
3 -522 -6960 -5432 1439 -296 167
2 1046 7838 -208 3 2009 492
1 446 -7324 -3954 418 -663 -531
4 0 0 0 0 0 0
3 -28 -6882 -5842 454 -630 -489
1 638 -7332 -4076 468 -478 3
1 0 0 0 0 0 0
3 0 0 0 0 0 0
2 0 0 0 0 0 0
1 0 0 0 0 0 0
2 0 0 0 0 0 0
3 0 0 0 0 0 0
4 0 0 0 0 0 0
4 0 0 0 0 0 0
2 0 0 0 0 0 0
2 0 0 0 0 0 0
4 0 0 0 0 0 0
2 0 0 0 0 0 0
4 0 0 0 0 0 0
4 0 0 0 0 0 0
3 0 0 0 0 0 0
3 3842 -9216 -8154 -3767 -1930 -2285
3 2914 -14834 -23754 -22722 999 -17969
2 866 7430 -362 -698 2495 -956
1 1548 -9016 -6418 -1208 -1520 794
1 -318 -17458 -19258 -27373 -32768 -449
1 -7052 -8886 -3852 -32768 4689 8725
4 0 0 0 0 0 0
4 0 0 0 0 0 0
2 0 0 0 0 0 0
3 -7314 -5170 -4550 -27404 20710 -19014
3 -7338 662 188 -18572 13977 -9754
1 -4630 -2140 5380 -30774 3622 5441
1 -1772 6434 6618 -6828 -14878 6024
2 2168 8692 448 1840 -6724 -975
2 0 0 0 0 0 0
3 -2042 11466 10874 -9124 958 1617
3 8726 1246 2194 18111 -5202 27442
4 -1106 8486 -1764 3278 -5893 305
2 1176 7100 156 352 -1197 731
4 0 0 0 0 0 0
1 2944 9660 6596 3765 -4210 1495
1 6886 5208 14414 25968 -5720 -5867
3 4706 4896 -416 -3769 2954 -7080
1 6044 -2774 -12868 9232 18266 1177
2 1496 8738 -92 -1784 -6371 783
1 -5476 -3680 -7186 -14215 -14695 11226
2 32 7638 -452 -1542 -2646 509
3 -2918 4264 2484 -5572 6268 -7805
4 -796 8628 -632 5411 -12339 992
4 -2466 4150 -418 -1897 -7331 1776
3 -96 3938 4128 -1991 6908 -3631
4 -1524 9160 -1946 -11487 8304 4581
3 -64 4154 4560 -578 3134 -716
4 -890 10158 -3458 -5661 -117 1933
1 3350 -2742 8390 -18546 7609 11247
1 82 9774 14624 2843 10418 75
2 70 8026 -614 -3160 2957 2644
2 0 0 0 0 0 0
4 0 0 0 0 0 0
3 0 0 0 0 0 0
4 0 0 0 0 0 0
3 120 1932 2048 5667 -2064 8556
2 0 0 0 0 0 0
1 1788 9142 5652 18040 -5216 -1156
2 652 7598 136 3727 8013 -379
1 3228 9430 -176 10822 -1849 -1709
2 1782 7872 246 4081 2872 304
2 0 0 0 0 0 0
3 -448 800 -228 12421 -14061 16843
4 0 0 0 0 0 0
3 3354 -5702 -10042 16838 -28939 18435
4 0 0 0 0 0 0
1 1390 6246 -3394 6187 -2442 -2946
1 922 4292 -2250 8370 -2989 -6732
2 0 0 0 0 0 0
1 -16 2404 -2120 16547 -5091 -11078
4 -1438 8222 -1100 2983 943 -340
3 0 0 0 0 0 0

3 -560 -6890 -5254 376 1036 72
4 -534 7862 -1660 79 -268 -162
1 368 -7256 -4416 -900 -1884 -244
2 1238 8334 -392 703 670 -138
4 0 0 0 0 0 0
2 0 0 0 0 0 0
1 296 -7250 -4226 -952 -1058 567
3 -658 -6816 -5122 -528 1299 115
4 0 0 0 0 0 0
1 0 0 0 0 0 0
4 0 0 0 0 0 0
4 0 0 0 0 0 0
2 0 0 0 0 0 0
3 0 0 0 0 0 0
3 2520 -8120 -7966 -2579 6807 -89
2 0 0 0 0 0 0
3 6056 -11402 -14426 -12245 8175 -7000
2 0 0 0 0 0 0
1 1614 -14054 -20850 -22055 -32768 -810
1 -5244 -10344 -4844 -32768 8606 11757
2 0 0 0 0 0 0
3 1848 -6176 -8258 -23896 18334 -22066
1 -5482 -3014 4224 -28302 648 8350
1 -1140 4154 4888 -10092 -5893 7667
2 1456 8588 386 710 -6525 -908
4 0 0 0 0 0 0
4 0 0 0 0 0 0
3 -3186 -1592 -124 -14810 16502 -14490
2 332 8194 562 1068 -3305 -987
3 1594 5656 2742 -8235 6664 -1092
3 3580 7430 6830 1213 3241 6088
4 -278 8050 -1872 1865 -1841 299
4 0 0 0 0 0 0
1 1516 8938 2420 -3380 -4471 2235
1 184 7586 9406 8550 -7983 -2132
2 0 0 0 0 0 0
2 0 0 0 0 0 0
4 0 0 0 0 0 0
1 32767 -30072 -32768 21817 -18241 2240
1 1040 -748 -6450 5652 15601 4602
2 844 9842 -162 -2119 -2482 1011
3 32767 -32768 -23128 20458 20659 11856
3 5056 -4056 -11334 2680 4779 2638
4 0 0 0 0 0 0
2 0 0 0 0 0 0
4 0 0 0 0 0 0
2 0 0 0 0 0 0
1 -150 238 -5634 -17775 -6382 5946
3 9048 7338 340 3082 -5058 2745
3 9754 6398 -3440 2628 -2223 2047
1 0 0 0 0 0 0
4 -1176 7416 -1576 -5051 30 1029
1 1666 3912 12172 -5102 15230 2075
3 7712 4462 -1838 223 546 259
2 0 0 0 0 0 0
2 1092 9412 180 3323 6705 -564
1 -946 -352 3744 32767 8339 -6513
3 4428 2242 -1160 1973 -1440 1363
4 0 0 0 0 0 0
4 -436 8706 -2722 -1295 1124 493
4 0 0 0 0 0 0
1 -5886 -13012 -5222 32767 -19096 -10119
2 0 0 0 0 0 0
3 1680 -176 -2124 4524 -3674 9497
3 4070 -3850 -4740 8248 -9717 21333
2 634 7838 372 1714 8884 631
1 -3900 -6778 -21026 19062 26256 -74
4 0 0 0 0 0 0
2 1810 7904 950 1452 303 -1353
3 2816 -9022 -5818 10157 -32768 9234
2 -950 7876 548 -776 5473 -1859
3 -5754 -13732 -14200 17799 -13560 -6571
1 -6180 -7412 -10274 9777 -19847 -1324
4 0 0 0 0 0 0
1 -2040 -4932 -6696 879 1009 -1503
4 0 0 0 0 0 0
2 2526 7512 420 618 8277 370
1 -726 -6526 -6046 -3210 13388 -3529
4 0 0 0 0 0 0
3 372 -8752 -5924 -1873 2129 2603

1 0 0 0 0 0 0
3 -1116 -6898 -4992 -22 33 393
4 -634 7846 -1532 -140 61 -138
2 1266 7260 -220 -951 -6025 942
4 0 0 0 0 0 0
1 -1054 -7034 -3300 -868 -2875 551
2 -292 8316 606 -1338 -3029 1047
3 -990 -6656 -4788 67 759 768
4 0 0 0 0 0 0
4 0 0 0 0 0 0
4 0 0 0 0 0 0
2 756 10360 400 -556 6226 1629
3 -670 -6514 -4816 -135 -2950 -1533
3 0 0 0 0 0 0
2 2306 8456 44 1876 2079 -1256
3 15164 -15074 -19690 -9678 10496 -5511
2 0 0 0 0 0 0
1 0 0 0 0 0 0
1 1072 -7204 -4094 183 1802 1243
1 0 0 0 0 0 0
4 0 0 0 0 0 0
4 0 0 0 0 0 0
1 190 -13424 -12024 -10396 -2547 1296
1 -3162 -4002 -13530 -31097 -1639 8162
3 4658 -15260 -20774 -18728 24650 -24570
3 1058 -6568 -10048 -11991 26073 -22216
2 0 0 0 0 0 0
2 1074 10554 1610 -1571 -2346 21
3 -628 -2454 -3696 -8020 15361 -15373
2 100 7584 -234 -2465 4506 395
2 0 0 0 0 0 0
3 -3990 -1640 -274 -5500 7692 -9411
1 -2466 -330 -360 -31645 5022 11322
1 604 8484 -4376 -15143 1545 7180
4 -282 8238 -1934 2996 -8124 904
4 0 0 0 0 0 0
4 -1648 7462 -1310 -73 -6008 1188
2 2312 8272 450 1557 -11143 -144
4 -1798 8218 -1656 -1652 -2850 999
2 -460 8396 652 2180 -9262 -2379
1 1956 8082 -2504 -6735 2329 2360
1 730 7904 410 -2129 -2504 -2440
3 -5288 1308 4184 -2964 920 -4089
3 -2838 4830 8594 453 -4411 1311
3 -4632 10810 13504 5547 -8926 8565
3 13140 3882 7516 2291 -11570 16799
4 -1592 8166 -1726 -917 -1907 396
2 686 7524 418 1097 468 136
4 0 0 0 0 0 0
2 0 0 0 0 0 0
1 170 7236 14854 10509 5043 -2795
1 -8470 6060 -9766 -12112 -16281 -12731
4 -1706 8014 -1900 -409 -3776 1477
2 0 0 0 0 0 0
2 0 0 0 0 0 0
3 8828 -4338 -9158 5583 -2546 -2524
1 5634 -956 -8874 -6365 407 1415
3 1688 3644 1976 -2068 10160 -3193
1 454 236 154 -14402 -1895 10395
4 -2788 7470 -1422 -560 -1781 -198
3 2124 4636 2906 -701 1889 -1138
1 0 0 0 0 0 0
2 946 8618 -1106 -3023 5291 3517
2 0 0 0 0 0 0
4 -1288 8706 -2110 -691 5846 102
4 0 0 0 0 0 0
3 1144 3332 1794 -1908 900 97
1 4626 5664 10028 2646 6575 -2229
3 0 0 0 0 0 0
4 -1078 7648 -1512 1138 5544 -912
3 1372 330 822 697 -7497 6376
4 0 0 0 0 0 0
2 0 0 0 0 0 0
2 0 0 0 0 0 0
1 540 3070 5860 13877 3370 -5769
1 -2024 -302 1550 20239 4528 -4254
4 0 0 0 0 0 0
3 3434 -1290 -4662 12027 -22291 14620
2 0 0 0 0 0 0
1 -2652 -4214 -5748 24567 2347 -3490

1 552 -7424 -4576 -622 -969 1100
3 -930 -6580 -5212 -170 -257 607
4 -706 7970 -1684 700 -166 -62
2 1330 8160 -220 656 -792 -129
2 0 0 0 0 0 0
3 -732 -7186 -5074 -220 2153 980
1 564 -7050 -4342 -1891 97 1822
4 0 0 0 0 0 0
2 0 0 0 0 0 0
3 3834 -9312 -8120 -2793 678 327
4 0 0 0 0 0 0
2 0 0 0 0 0 0
3 14336 -17740 -20930 -12640 11857 -14851
1 0 0 0 0 0 0
1 0 0 0 0 0 0
4 0 0 0 0 0 0
3 170 -14746 -19860 -21291 26003 -27096
3 -3398 -6152 -7276 -15418 25965 -20741
1 1406 -8396 -5122 724 4263 696
1 -8778 -14784 -24312 -23826 -32768 6731
4 0 0 0 0 0 0
4 304 7434 -2058 1376 -2227 867
2 1350 8116 14 -153 4383 1115
2 0 0 0 0 0 0
1 -8006 -8946 -6296 -32768 10417 15144
1 -3764 -288 1160 -24312 7931 7397
3 -4476 -3264 -1816 -9579 15116 -15774
3 -5976 -246 2134 -9339 4049 -8188
2 0 0 0 0 0 0
4 -404 7476 -1644 1550 -7043 1596
2 1024 8932 -82 -1449 7906 3156
4 0 0 0 0 0 0
1 334 1640 2246 -5909 -6462 2830
1 1426 9296 5906 2312 -2932 -138
2 2874 8220 506 2263 -6426 -1456
2 -58 8370 796 2200 -11086 -3908
4 -1608 7842 -1828 -2198 -572 466
4 0 0 0 0 0 0
3 -8336 2690 11368 -6395 -3830 -2406
3 -11244 3044 11944 6559 -10072 9907
3 -9804 5082 15938 15198 -11705 25820
3 4016 -11708 -14150 10543 -6279 1203
2 -82 7248 486 -499 1287 903
4 0 0 0 0 0 0
2 0 0 0 0 0 0
4 0 0 0 0 0 0
2 0 0 0 0 0 0
1 1312 12018 3016 8127 3148 -967
4 0 0 0 0 0 0
1 3162 19982 3260 -2735 -5515 535
1 3926 -770 -6202 -11066 -3403 4727
4 0 0 0 0 0 0
3 -1232 -1006 -958 -3441 -111 -13729
3 -3846 4694 6542 -1777 4236 -7389
2 -422 7116 -150 638 754 -171
2 1200 8710 92 259 6236 3177
1 4048 5460 6944 -8758 4766 7505
1 4928 6252 8440 979 11665 -577
2 0 0 0 0 0 0
4 0 0 0 0 0 0
3 -3504 6852 4906 951 906 -979
3 0 0 0 0 0 0
4 0 0 0 0 0 0
4 0 0 0 0 0 0
3 978 1718 1064 -4634 1536 1914
1 986 2534 4896 13923 2873 -4700
1 -906 -376 -852 21393 2352 -3476
2 0 0 0 0 0 0
2 0 0 0 0 0 0
2 1116 8214 946 -943 6473 -437
3 1158 -1008 1086 -6981 -4085 1331
3 1144 -24 1478 828 -13390 7105
1 -1914 -6382 -7036 27143 -2181 -5524
1 -3358 -15354 -6636 32620 602 -4718
4 0 0 0 0 0 0
4 0 0 0 0 0 0
1 -1894 -32502 -6478 20939 32767 19389
2 1626 8574 288 -1160 -5757 -973
4 0 0 0 0 0 0
3 6072 -7394 -11340 16416 -27622 20425

4 -480 7632 -1724 215 -703 44
2 1242 8302 72 1753 605 -381
1 582 -7348 -3952 -461 -391 -392
3 5822 -9954 -13690 -7485 4734 -2092
2 0 0 0 0 0 0
2 0 0 0 0 0 0
4 0 0 0 0 0 0
4 0 0 0 0 0 0
4 0 0 0 0 0 0
1 -126 -10906 -8536 -4842 -3214 803
3 1606 -13356 -20156 -23596 14064 -13842
2 0 0 0 0 0 0
3 -1338 -6808 -7168 -21304 23201 -15286
3 -1374 -1676 -1998 -15696 15633 -12511
4 0 0 0 0 0 0
4 -554 8304 -1172 3417 -6145 299
1 -5758 -9306 -19878 -28066 -7127 9918
2 352 7652 -28 -2667 4238 676
2 2810 8712 -126 -552 3261 2295
3 -1214 2908 2978 -10220 10432 -5335
1 -5094 -6166 -4252 -32768 6699 11270
1 -1624 2158 1094 -18985 7010 6153
4 -1276 7628 -976 1305 -4856 345
2 1204 8296 528 2296 -9018 -2649
3 -1540 6628 8494 -3330 3459 -2059
1 220 2704 1628 -4139 -4440 2590
3 0 0 0 0 0 0
1 1272 7086 610 297 1160 747
4 0 0 0 0 0 0
2 -58 8190 750 2208 -3301 -1543
2 796 8110 570 136 -1426 -896
2 952 8922 322 -2464 93 1643
3 -17762 -390 7098 19307 -15187 32767
1 0 0 0 0 0 0
3 15892 -18834 -11238 4078 4526 5295
1 14366 -1038 12320 12639 7448 3108
4 0 0 0 0 0 0
4 0 0 0 0 0 0
4 -2662 6790 -930 70 -9207 -360
3 1368 -3896 1442 -11074 9783 -20061
1 1712 -4484 -11222 -1525 -4195 5882
1 3198 1204 2224 -13759 -5941 8009
3 -3660 5492 8172 -6393 8045 -9374
2 0 0 0 0 0 0
4 -2444 7322 -1340 -4479 6160 1011
2 1118 7926 -170 -503 -5039 -91
3 -1932 6492 8492 -1668 5292 -167
4 -692 9170 -2772 -4074 5733 871
4 0 0 0 0 0 0
3 0 0 0 0 0 0
1 4448 9892 11724 5090 7729 -2019
1 -662 2258 368 26484 -7065 -9731
2 -148 9468 160 528 4923 1290
2 1732 8194 578 2873 2777 -1302
3 -1078 1398 2830 4169 -2751 7912
2 -72 7672 464 1457 -986 -2421
3 -302 812 2104 8219 -13046 15992
2 868 8610 784 1498 6506 -599
4 -1080 8644 -1772 2047 7782 -676
1 -3204 -8020 -10686 29435 11357 -6359
4 -740 8524 -1742 3642 3566 -57
1 0 0 0 0 0 0
3 5576 -2248 -4652 16222 -27757 16741
3 5046 -6524 -18174 13152 -32768 2265
3 -992 -10548 -8366 12709 -30865 -3555
2 1816 8214 452 1579 1424 -1432
2 1468 7658 586 438 -57 9
2 0 0 0 0 0 0
1 3126 -17278 -8284 17849 10671 1943
1 5870 -11512 -8094 5590 -4968 10072
1 2178 -6048 -7192 1334 -9963 1646
4 0 0 0 0 0 0
4 -1626 7322 -680 3119 687 -659
4 0 0 0 0 0 0
4 -734 7388 -1184 -4417 3098 -655
3 -1006 -7316 -20214 8542 2763 -3875
2 738 8456 18 -2711 4105 3204
1 -162 -6190 -5324 -1846 1506 -5135
3 -154 -7318 -6906 1613 10808 2303
1 0 0 0 0 0 0

4 -698 7592 -1498 132 162 -292
1 546 -7202 -3646 -850 -1786 -1054
3 -482 -6986 -4934 563 243 263
2 1462 7852 -6 1377 -113 -134
4 0 0 0 0 0 0
4 0 0 0 0 0 0
4 0 0 0 0 0 0
2 0 0 0 0 0 0
2 1198 8688 -276 -1826 4578 724
2 2636 8702 -218 117 1708 -41
1 0 0 0 0 0 0
1 -118 -7060 -4048 2530 2689 -1008
1 1296 -8196 -6244 1110 -866 24
3 -440 -6852 -4872 137 536 109
3 3546 -9818 -10588 -4909 2474 -1382
3 2180 -12578 -19412 -20623 11861 -14790
2 0 0 0 0 0 0
2 880 7244 264 312 -2890 -2213
4 0 0 0 0 0 0
3 -1634 -4748 -7546 -20381 21824 -17720
4 0 0 0 0 0 0
3 -30 -782 -1810 -13375 17911 -14339
1 -8500 -16572 -20830 -18752 -32768 7744
1 -5908 -12104 -8764 -32768 3453 21105
1 -3018 -1554 3646 -30231 7177 12470
1 -1502 2174 4166 -7687 -4181 4893
3 770 3204 2182 -9397 7782 -3889
4 -812 7930 -1378 3355 -4401 296
3 1472 6288 5692 -6249 1163 -985
4 0 0 0 0 0 0
3 -2326 9492 8294 -4438 104 -1079
4 0 0 0 0 0 0
2 260 7954 -48 -1600 5588 1473
2 3412 8542 296 1547 -1343 587
2 316 7960 828 2049 -12835 -4611
3 -16170 7424 24580 10059 954 17487
4 -942 7708 -1778 -549 -6247 1807
1 -2052 4686 5608 6188 -7156 2235
1 4134 14642 2326 11999 1627 13
2 140 8478 656 -38 805 809
2 0 0 0 0 0 0
1 -5762 32767 28974 -5822 13543 10567
1 9268 -3090 -13676 -8086 3947 12047
2 0 0 0 0 0 0
4 0 0 0 0 0 0
3 -4226 -8324 -4826 -575 -29755 -11703
4 0 0 0 0 0 0
3 -2334 562 5012 -8532 6194 -18395
2 -320 8320 -456 -1026 -2088 -169
3 -2876 2862 6236 -3976 7991 -6988
1 9450 7166 4904 -12580 -439 5344
4 -1200 7736 -1932 -4104 5061 1579
2 1272 8490 -644 -189 8865 3232
3 -1728 7052 7860 553 3775 1876
4 -1242 9202 -2528 -2875 241 782
1 3894 3878 4106 -8578 1306 -224
1 0 0 0 0 0 0
1 598 3118 4320 12796 1954 -4521
4 -1138 8044 -2212 -470 6489 -143
4 -216 7962 -2120 662 4640 429
2 1554 8440 -86 1691 -487 -933
2 0 0 0 0 0 0
3 172 5614 5778 4270 -696 6058
3 980 3958 2860 6004 -2705 8814
1 -398 -432 1518 24228 -1548 -11387
2 0 0 0 0 0 0
1 -6554 -12914 -3782 32767 -2618 -21961
2 0 0 0 0 0 0
3 1036 1408 678 7492 -7914 13644
3 2844 -4622 -4358 12339 -15454 19587
4 0 0 0 0 0 0
4 0 0 0 0 0 0
2 0 0 0 0 0 0
4 0 0 0 0 0 0
2 0 0 0 0 0 0
1 -3426 -32768 -17932 32767 32767 -3184
1 -2044 -14552 4228 13247 -32768 1375
4 0 0 0 0 0 0
3 4572 -12264 -12782 18624 -18449 19786
3 -10596 -19754 -13078 23880 -22588 1663

1 794 -7392 -3526 -1130 -1684 405
1 60 -6912 -3734 666 -1336 -71
4 -542 7760 -1634 456 -892 331
3 2748 -8298 -8702 -6028 5085 -4040
2 1160 7650 304 1306 -1616 -272
2 0 0 0 0 0 0
2 0 0 0 0 0 0
3 1182 -7228 -8428 -9705 3866 -8019
4 0 0 0 0 0 0
1 0 0 0 0 0 0
1 -156 -8226 -5074 73 -5017 1089
2 0 0 0 0 0 0
3 4764 -8030 -12068 -13031 7839 -8484
4 0 0 0 0 0 0
1 -1040 -8944 -8832 -4924 -3994 3068
2 1054 8202 -172 29 52 -23
3 6904 -5902 -12920 -19321 15927 -14001
1 -9566 -12034 -19480 -26971 -14505 9249
4 0 0 0 0 0 0
2 0 0 0 0 0 0
4 0 0 0 0 0 0
2 268 7624 -158 -1251 1745 -1443
4 -596 7988 -2042 12 -3201 833
2 1934 8574 -48 39 7345 1818
3 -1860 -2172 -3108 -15361 27985 -20659
1 -5270 -6770 -2996 -32768 5483 18378
3 -10238 1750 1372 -14034 16017 -16326
1 -2262 562 2164 -20857 5830 10299
3 -5604 3716 6150 -3310 -1733 3773
3 -2926 7132 4802 -908 -3714 2432
3 -7534 9338 7890 -968 -10697 4132
2 2276 8810 726 2728 -7690 -1799
1 72 5874 3054 -4285 -5105 5708
2 -588 7882 688 2736 -6628 -3376
1 -602 7402 472 2422 -4791 2880
4 0 0 0 0 0 0
4 0 0 0 0 0 0
4 -414 8186 -1938 758 -2782 246
2 662 7312 602 548 1991 778
3 -7996 4002 14818 13740 -10412 31564
1 0 0 0 0 0 0
1 22814 4814 6072 8646 -3367 -1210
3 8466 -18852 -15014 6133 12515 4930
2 0 0 0 0 0 0
4 0 0 0 0 0 0
4 -1192 7968 -1476 1831 -4689 351
4 -2146 6718 -1020 -491 -3280 -425
2 0 0 0 0 0 0
2 0 0 0 0 0 0
4 -894 8624 -2060 -4185 4745 1916
3 -6520 3904 2878 -11192 8108 -7501
3 230 1972 10120 -7190 2258 1418
1 3282 610 -8644 -10513 -12567 904
1 7264 4818 8156 -11750 9259 11966
1 7912 9000 7230 -1685 1318 2301
1 1766 4422 3470 10459 -87 -3713
2 1108 9336 -116 -648 9825 3712
4 -1388 8332 -2306 -1005 -2085 733
2 1906 8034 -284 2534 135 -1318
3 3878 -1398 9382 -749 -865 1457
4 0 0 0 0 0 0
3 3164 -122 6178 2431 -3570 1487
4 0 0 0 0 0 0
3 4276 342 4282 5527 -5854 155
1 -14 1404 1558 18220 -1144 -10268
3 2632 -1036 1072 10686 -11462 2058
2 -16 7966 474 2616 532 -802
1 -230 -9958 1420 32767 -1426 -20853
2 0 0 0 0 0 0
4 0 0 0 0 0 0
3 -1552 -3862 -5798 15465 -18534 8199
3 3502 -9204 -15602 19922 -21987 16324
2 874 8966 818 3266 2336 -2541
4 0 0 0 0 0 0
2 0 0 0 0 0 0
4 -858 8196 -1634 -428 2196 -281
1 12400 -32768 -16358 32767 32767 -5565
1 28394 -19326 -14330 1990 21743 17444
3 -768 -15180 -21424 20800 -22283 5046
4 -808 7854 -1550 -669 4364 -241

1 -572 -7104 -3574 455 1051 128
3 -404 -6614 -5090 585 214 524
2 1434 7880 820 453 1704 301
4 -472 7992 -1628 -58 -295 207
1 50 -7670 -3884 453 465 -600
2 0 0 0 0 0 0
3 -482 -6684 -5266 711 -72 174
4 0 0 0 0 0 0
1 0 0 0 0 0 0
2 0 0 0 0 0 0
4 0 0 0 0 0 0
4 0 0 0 0 0 0
2 0 0 0 0 0 0
3 -560 -6710 -5378 506 -85 -32
3 0 0 0 0 0 0
1 0 0 0 0 0 0
1 -1588 -10924 -10964 -9243 -8386 2416
1 -4260 -4564 -9690 -19108 130 6165
2 0 0 0 0 0 0
4 0 0 0 0 0 0
2 0 0 0 0 0 0
4 0 0 0 0 0 0
3 46 -8308 -12856 -5978 3633 403
3 784 -13040 -20622 -26445 16946 -6448
2 0 0 0 0 0 0
2 0 0 0 0 0 0
3 1028 -4690 -1596 -18974 26306 -16694
3 -3150 2270 3072 -11155 11346 -7284
1 0 0 0 0 0 0
1 -1302 1946 -5986 -14605 3657 7267
4 0 0 0 0 0 0
4 362 8488 -2156 1495 -2198 405
3 -1248 8606 3654 -2314 -792 -1918
2 1140 8018 1662 322 826 153
2 966 8550 1856 360 -2270 -1354
1 -680 2220 -4694 -7278 1526 3391
1 1550 13046 -5106 -3620 -860 924
4 -44 8012 -1356 3096 -3920 456
4 -572 7580 -1078 256 -2897 1463
3 -9492 15172 8380 5625 -7315 6338
2 0 0 0 0 0 0
2 0 0 0 0 0 0
3 31902 -17044 -24100 -18732 -32768 -5646
4 0 0 0 0 0 0
1 24912 13544 -24570 -4093 -3267 -22801
3 -576 3854 3902 -18223 -4296 -1757
1 -12666 -9442 -9732 4491 -8431 -325
4 -1434 8076 -1354 -2318 -6590 1215
3 9374 -1570 3888 -971 -181 1329
3 0 0 0 0 0 0
4 0 0 0 0 0 0
2 0 0 0 0 0 0
4 0 0 0 0 0 0
2 0 0 0 0 0 0
1 -1896 -1216 -1156 -7387 2327 8380
1 742 2872 2376 4806 -2975 3557
2 0 0 0 0 0 0
3 5418 2182 1662 5753 -442 1266
2 0 0 0 0 0 0
3 4332 -486 74 8930 -4948 3957
1 872 3446 -1726 27763 -7884 -7610
4 -600 7936 -1968 -822 4788 -1326
1 -2924 -7180 -16056 30613 2300 -4521
4 0 0 0 0 0 0
2 0 0 0 0 0 0
4 0 0 0 0 0 0
3 -568 -1822 -756 10666 -21866 7822
1 -276 -9620 -12694 20888 12787 -1402
4 0 0 0 0 0 0
2 0 0 0 0 0 0
3 -4680 -10428 -5320 22962 -28156 8202
1 2766 -10862 -10800 12848 -22605 -5976
4 0 0 0 0 0 0
4 -808 7036 -892 1109 -169 -554
1 2942 -7924 -4338 -2705 800 -5377
1 -62 -7230 -3852 -2850 -16589 -2194
3 -3760 -23830 -17720 27031 -14124 9762
2 0 0 0 0 0 0
3 -684 -12242 -7116 -1123 -8130 5632
2 0 0 0 0 0 0

1 374 -7306 -4628 2479 6203 1133
2 270 9004 390 -19 4320 1891
3 -776 -6894 -5402 -306 33 -401
4 -692 7888 -1594 -553 -111 87
3 -980 -6942 -5254 -1201 484 -591
4 0 0 0 0 0 0
1 1930 -7336 -5170 11 4125 435
1 884 -7496 -4510 -2091 -3687 -1868
2 1316 7462 460 1927 -675 -1401
2 0 0 0 0 0 0
2 -24 8668 780 46 3153 481
2 0 0 0 0 0 0
3 0 0 0 0 0 0
3 -1704 -6626 -4672 -996 3798 342
3 1574 -7546 -5084 1842 10365 409
4 0 0 0 0 0 0
4 0 0 0 0 0 0
4 0 0 0 0 0 0
1 0 0 0 0 0 0
1 0 0 0 0 0 0
2 0 0 0 0 0 0
2 1204 8132 22 343 2205 680
4 0 0 0 0 0 0
4 0 0 0 0 0 0
1 -726 -6444 -3572 1241 171 495
1 988 -7946 -4784 1599 6500 1118
3 5842 -10384 -8692 -5218 3105 -7038
3 9182 -11584 -10242 -7962 11981 -21917
4 0 0 0 0 0 0
4 0 0 0 0 0 0
2 0 0 0 0 0 0
2 0 0 0 0 0 0
3 4222 -4262 -3708 -9197 10449 -25720
3 -468 668 -830 -7989 7631 -13310
1 -4300 -14968 -16724 -17864 -24626 5046
1 -3028 -1008 -7946 -30121 198 9054
2 0 0 0 0 0 0
3 2372 4872 166 -4459 1600 -2182
1 -2258 2008 -138 -21787 6005 10392
4 0 0 0 0 0 0
1 -1038 6296 -544 -7946 2297 6654
2 0 0 0 0 0 0
4 0 0 0 0 0 0
3 3536 7448 1792 -2762 958 1141
2 -28 7780 1084 1515 -5786 -1785
2 118 8444 1124 979 -708 -1073
4 0 0 0 0 0 0
1 1604 6766 -1910 1634 3960 1803
4 0 0 0 0 0 0
1 -2538 11336 2272 10670 5905 2319
3 506 12612 3902 -3603 -480 2614
3 2770 5382 6876 4433 -1616 13346
4 -1122 8226 -1484 2079 -5428 351
2 0 0 0 0 0 0
2 0 0 0 0 0 0
3 2968 982 -1810 549 -2706 -7806
3 5282 -918 -1076 -1698 4349 -570
4 -1042 6898 -1488 -85 -779 -204
1 360 -6894 -4018 795 -11229 -3563
1 -334 -2412 -9150 -11759 -6636 3037
4 -696 8114 -1520 -1447 -2587 -143
3 5288 5758 2178 -394 740 -944
3 0 0 0 0 0 0
2 204 8040 392 553 -4438 -776
2 -582 8198 532 -1170 3805 1331
4 0 0 0 0 0 0
1 2540 2190 3056 -11663 1403 3559
1 2470 7272 5564 3998 -1771 -597
3 0 0 0 0 0 0
3 0 0 0 0 0 0
2 0 0 0 0 0 0
2 1144 8408 406 745 2244 -216
1 1020 5852 1298 18030 -2411 -7058
1 -716 2672 -4882 23437 -611 -7294
4 0 0 0 0 0 0
4 -800 8238 -2302 303 -16 334
1 0 0 0 0 0 0
3 3822 1176 -570 3171 -3611 4325
2 0 0 0 0 0 0
4 -746 8046 -1786 2198 2479 -174

1 666 -7484 -4198 1003 3240 -79
3 -492 -6930 -5414 692 -314 289
4 -902 7886 -1690 17 -1173 308
2 0 0 0 0 0 0
1 692 -7474 -4282 -161 -706 1480
1 0 0 0 0 0 0
3 0 0 0 0 0 0
4 0 0 0 0 0 0
4 0 0 0 0 0 0
2 0 0 0 0 0 0
2 0 0 0 0 0 0
4 0 0 0 0 0 0
2 0 0 0 0 0 0
1 0 0 0 0 0 0
2 580 8644 422 -338 6087 1360
4 0 0 0 0 0 0
3 424 -7450 -6246 -1355 2486 168
3 3394 -9294 -11900 -8622 3700 -4863
3 5208 -11388 -18436 -22053 11055 -15107
1 562 -7908 -4446 550 3104 299
2 1890 8496 366 920 -206 -626
3 86 -3540 -5636 -19247 23725 -15795
3 536 1246 -1352 -12853 16053 -11408
1 148 -14460 -17042 -14597 -13230 6438
4 0 0 0 0 0 0
1 -2948 -3054 -11148 -30706 -1237 10087
4 44 8298 -2046 1122 -1491 747
3 118 4126 280 -10038 9886 -3871
3 -816 4648 4014 -8952 -145 -1195
1 -2672 520 -1360 -26331 7684 10426
1 -156 6388 -1796 -10468 1497 5363
2 0 0 0 0 0 0
2 -358 7918 446 -1556 2969 708
2 0 0 0 0 0 0
4 0 0 0 0 0 0
4 0 0 0 0 0 0
2 1292 8182 730 2641 -8989 -2783
2 -618 7328 726 1061 -4893 -584
3 -5812 6598 10966 -2681 -5464 4539
4 0 0 0 0 0 0
1 1900 6852 -2150 -1855 4504 -1313
3 1590 6126 15184 13230 -5141 29633
1 0 0 0 0 0 0
4 0 0 0 0 0 0
4 -1080 7850 -1688 -693 -3411 541
4 0 0 0 0 0 0
3 16020 -9920 -6616 6380 3646 -1541
3 2344 -2568 576 2052 3104 -7073
1 -10604 7724 6058 2659 -4351 -2771
1 0 0 0 0 0 0
2 632 8510 428 -933 -565 1519
2 0 0 0 0 0 0
1 3196 1132 1660 -11521 -7779 6636
1 2974 9936 3892 -309 -833 1615
4 -1202 8746 -2344 -905 -1012 -89
2 664 7910 -178 -415 -3615 -438
2 222 9234 182 -12 4674 1022
3 10 2052 2168 -81 2722 -3340
4 0 0 0 0 0 0
3 1618 3286 2728 -520 699 -3
3 0 0 0 0 0 0
3 2006 1892 2148 1306 -7133 4071
4 0 0 0 0 0 0
4 0 0 0 0 0 0
1 3378 9860 1632 15189 -7918 -5464
1 2878 5538 -6626 18334 3252 -7002
2 1190 8300 114 864 883 -1399
2 366 8228 206 33 3726 -25
1 4474 2892 -9998 14152 7618 -4361
1 -624 116 -7292 17197 -11156 -6467
3 2168 350 -3002 4418 -19743 9848
3 1842 -3884 -8798 15650 -21056 12545
2 0 0 0 0 0 0
2 726 8180 596 1480 388 -602
4 0 0 0 0 0 0
4 0 0 0 0 0 0
4 0 0 0 0 0 0
2 0 0 0 0 0 0
1 -3538 -5328 -9904 15086 8735 -2420
3 4760 -7918 -16250 17050 -18161 5634

1 1208 -8098 -4590 1729 -410 -3467
3 -882 -6620 -5408 -419 309 -351
4 -542 8068 -1730 49 -174 -26
2 868 7820 604 2137 -2623 -2094
1 620 -7504 -4364 -39 -3233 -199
1 274 -6892 -4268 -217 -670 1131
2 0 0 0 0 0 0
4 0 0 0 0 0 0
4 0 0 0 0 0 0
1 0 0 0 0 0 0
3 -1012 -6642 -5250 -821 310 -151
2 0 0 0 0 0 0
2 0 0 0 0 0 0
3 0 0 0 0 0 0
3 0 0 0 0 0 0
1 0 0 0 0 0 0
2 0 0 0 0 0 0
3 0 0 0 0 0 0
4 0 0 0 0 0 0
4 0 0 0 0 0 0
3 0 0 0 0 0 0
4 0 0 0 0 0 0
3 0 0 0 0 0 0
1 0 0 0 0 0 0
1 -356 -12254 -15170 -15276 -21149 3929
4 0 0 0 0 0 0
2 0 0 0 0 0 0
2 0 0 0 0 0 0
3 8808 -13642 -22560 -15683 4472 -5883
3 -978 -9804 -12902 -27860 19154 -19905
1 -2542 -4892 -8498 -27585 -1384 6719
2 472 8008 298 -399 2816 -1272
4 0 0 0 0 0 0
1 -2622 -470 -2506 -21204 5005 7875
4 -762 7734 -1438 -1583 1558 -295
2 0 0 0 0 0 0
3 -3824 -3540 -3400 -17608 25077 -19173
3 -8164 5168 346 -13221 9725 -9405
4 806 8060 -2506 -1077 1509 841
4 -216 8738 -1686 3699 -7056 311
1 -1666 5676 -2406 -9774 -1392 6829
1 28 9102 -2334 -6204 1094 6665
1 1196 10484 -1670 -4170 -571 3556
2 896 8772 732 1365 -3912 -182
2 0 0 0 0 0 0
2 600 7994 726 422 298 -63
3 -6810 5938 4948 -6160 -8813 6870
1 0 0 0 0 0 0
2 0 0 0 0 0 0
3 6128 12038 12918 4800 -4846 16724
4 -840 7218 -1296 3645 -3265 72
4 0 0 0 0 0 0
2 0 0 0 0 0 0
3 17174 3384 14070 -14984 -32768 -9310
2 0 0 0 0 0 0
3 9376 -6348 -462 5346 7501 -3005
1 32767 30054 1904 -4472 -27990 -17689
4 0 0 0 0 0 0
1 -4996 -5258 -2430 -4410 16124 5977
4 0 0 0 0 0 0
1 606 4842 1556 -6475 -6285 5525
3 -622 2186 3636 -267 3264 -6788
2 0 0 0 0 0 0
4 -1492 7808 -1654 9 -2663 -450
1 3226 8362 2676 -1890 3547 3934
4 -1072 7606 -2028 -3241 1902 1180
2 0 0 0 0 0 0
3 328 3782 4066 290 2719 -11
1 2356 6430 3542 5605 -4408 486
1 1770 5600 1058 14134 -1002 -3078
4 0 0 0 0 0 0
2 514 8116 96 1200 3788 -18
2 0 0 0 0 0 0
4 0 0 0 0 0 0
3 3260 1808 2454 42 557 1200
3 2550 914 2052 -824 -2391 610
4 0 0 0 0 0 0
2 0 0 0 0 0 0
1 396 1588 -1426 24411 -6444 -7602
3 2454 1418 1304 4424 -7481 5730

2 742 8348 162 -119 -649 307
1 904 -7476 -4404 1059 1690 1354
3 -696 -6508 -5446 -595 -885 -1123
4 106 7844 -1732 173 168 -228
2 0 0 0 0 0 0
2 0 0 0 0 0 0
3 0 0 0 0 0 0
3 0 0 0 0 0 0
1 802 -7404 -4450 233 -561 1818
4 0 0 0 0 0 0
1 0 0 0 0 0 0
4 0 0 0 0 0 0
3 0 0 0 0 0 0
1 7886 -15318 -18716 -16796 -12532 -824
1 -84 -9768 -8856 -32768 -1784 64
2 0 0 0 0 0 0
2 0 0 0 0 0 0
4 0 0 0 0 0 0
4 0 0 0 0 0 0
2 402 7900 468 -1168 5164 419
1 -3912 -2228 3010 -28127 8031 749
4 0 0 0 0 0 0
1 -5696 8534 2354 -13622 -4552 932
2 2092 8146 658 991 -1747 -287
3 7946 -17170 -32768 -23956 -3219 -13784
3 -4130 -12928 -9024 -32625 32767 -26293
4 0 0 0 0 0 0
1 -678 14600 5840 -11425 -8920 5480
4 112 7536 -1334 4702 -6640 680
1 -6054 6634 13200 11764 -13895 -3244
4 -396 6702 -1420 1345 -4169 1770
2 0 0 0 0 0 0
3 -12490 -5228 -2842 -22433 23709 -20289
2 556 8598 1350 1261 -5851 1263
3 -7496 4586 4442 -8531 -4234 -1387
3 -6134 8192 9178 993 -8820 15135
1 32767 -17292 -31780 -14042 25825 -25765
1 1512 -11780 -13128 -12400 4195 10302
4 0 0 0 0 0 0
4 0 0 0 0 0 0
3 32767 -32768 -32768 32767 32767 4352
2 0 0 0 0 0 0
3 4398 -12756 -5880 5810 -14454 9766
2 58 8204 -458 -895 -1625 -2922
3 3102 -4122 -56 -5247 2251 -8922
3 2506 2434 4126 -1656 3978 -4523
1 2606 1494 12998 -10910 10776 12903
1 4406 6540 6288 21185 -3327 -4793
4 0 0 0 0 0 0
4 -2722 8452 -1494 -444 -980 -764
2 0 0 0 0 0 0
2 0 0 0 0 0 0
1 -770 4608 -10214 21716 -9606 -12960
2 154 9056 784 1066 7279 1042
1 -3836 -1194 -10296 19470 -108 -8433
3 1800 2286 2282 2384 -1305 1989
4 0 0 0 0 0 0
4 0 0 0 0 0 0
3 2200 2416 668 6961 -11019 11367
2 464 7126 1334 1420 2717 -626
1 0 0 0 0 0 0
3 4956 -942 -3852 16015 -21829 16298
3 9930 -5566 -16848 17586 -12107 10490
4 0 0 0 0 0 0
2 0 0 0 0 0 0
1 1678 -15208 -9948 20726 21927 -2178
2 0 0 0 0 0 0
4 0 0 0 0 0 0
2 720 10340 438 822 321 1210
4 0 0 0 0 0 0
2 0 0 0 0 0 0
4 0 0 0 0 0 0
1 4462 -10186 -8366 4449 -9760 183
3 4208 -6944 -13188 13831 -14673 461
1 -616 -5658 -5678 -1532 -2114 -157
3 730 -8474 -9996 13905 1327 5244
3 296 -7116 -8574 3036 -1141 465
4 0 0 0 0 0 0
1 0 0 0 0 0 0
2 0 0 0 0 0 0

4 -356 7940 -1480 -464 106 55
3 -674 -6708 -5380 -173 277 187
1 602 -7442 -3684 -312 225 1460
2 962 8386 440 291 521 98
3 -746 -6636 -5164 -449 220 25
2 0 0 0 0 0 0
4 0 0 0 0 0 0
1 804 -7376 -3804 -318 641 986
2 0 0 0 0 0 0
2 0 0 0 0 0 0
1 0 0 0 0 0 0
1 0 0 0 0 0 0
4 0 0 0 0 0 0
4 0 0 0 0 0 0
3 0 0 0 0 0 0
3 0 0 0 0 0 0
4 0 0 0 0 0 0
3 0 0 0 0 0 0
2 0 0 0 0 0 0
4 0 0 0 0 0 0
4 0 0 0 0 0 0
2 0 0 0 0 0 0
1 0 0 0 0 0 0
1 326 -16536 -5582 -1767 2254 -199
3 2876 -8136 -8554 -2617 986 -2539
3 4310 -9468 -10902 -11098 3457 -11126
4 0 0 0 0 0 0
4 0 0 0 0 0 0
3 1898 -8428 -10232 -14247 7445 -15534
3 1310 -4416 -7238 -13233 11044 -16149
1 -7408 -12660 -6174 -25021 -26214 6684
3 1538 1270 -2470 -7444 13371 -13224
1 -4142 3874 -1768 -26835 2002 -1229
1 -3890 4574 -1090 -19924 6837 7155
1 -1670 8646 -1868 -10225 -4852 9104
2 142 8336 1220 -553 -2362 -1500
2 256 7922 412 -1229 5284 1140
2 0 0 0 0 0 0
2 -346 8122 1036 998 289 31
2 0 0 0 0 0 0
3 -1538 8138 -958 -5122 9788 -8549
1 -608 9838 -2792 -3655 -5653 6850
4 0 0 0 0 0 0
4 0 0 0 0 0 0
2 370 8292 1156 1333 -2760 -458
2 334 7684 1110 1243 -4962 -1041
1 1648 7998 -3020 948 -296 2138
1 1214 3506 -3838 6987 1836 -1772
3 -2294 9364 1360 -7122 80 -2451
3 -6922 13898 7172 -5528 -6859 4925
4 0 0 0 0 0 0
4 0 0 0 0 0 0
3 32767 -32768 -32768 24770 19405 32767
3 3822 -2044 -2202 -1980 5979 -525
2 0 0 0 0 0 0
2 318 9458 -682 -1180 -1743 1387
1 2236 -28576 1560 -11001 -32768 -29541
1 -1640 1654 -2832 -2686 31566 5836
4 0 0 0 0 0 0
4 -478 7516 -2050 -672 -3761 865
3 -28 1448 3858 -3478 4551 -4718
2 0 0 0 0 0 0
3 2298 3506 3448 -269 997 -948
2 0 0 0 0 0 0
1 3060 3914 -3646 -9962 -10226 3714
4 0 0 0 0 0 0
1 0 0 0 0 0 0
4 -862 7756 -1862 -541 953 -464
4 0 0 0 0 0 0
3 0 0 0 0 0 0
3 4472 3212 2688 4113 -604 1970
4 0 0 0 0 0 0
1 3320 4384 3396 -2979 -3316 2408
2 362 8766 62 768 6954 1910
1 0 0 0 0 0 0
2 814 8332 168 2085 2624 -1419
3 3980 2706 1408 6940 -3273 4342
1 3776 6554 630 8319 1535 -2461
2 0 0 0 0 0 0
4 0 0 0 0 0 0

1 988 -7914 -4476 -974 -3129 -2615
4 0 0 0 0 0 0
3 -796 -6398 -5418 -154 -1517 -2311
2 396 7948 656 1131 -303 -691
2 0 0 0 0 0 0
3 0 0 0 0 0 0
1 0 0 0 0 0 0
4 0 0 0 0 0 0
3 0 0 0 0 0 0
4 0 0 0 0 0 0
1 -432 -6914 -3582 -942 -541 -205
1 464 -7136 -3888 -305 166 -165
3 0 0 0 0 0 0
2 1198 8270 148 -4 3675 -55
2 1470 7800 162 489 -580 -36
4 0 0 0 0 0 0
1 0 0 0 0 0 0
4 0 0 0 0 0 0
1 0 0 0 0 0 0
4 0 0 0 0 0 0
4 0 0 0 0 0 0
2 0 0 0 0 0 0
2 0 0 0 0 0 0
3 0 0 0 0 0 0
3 0 0 0 0 0 0
2 0 0 0 0 0 0
2 0 0 0 0 0 0
2 0 0 0 0 0 0
1 0 0 0 0 0 0
1 0 0 0 0 0 0
1 0 0 0 0 0 0
3 0 0 0 0 0 0
3 2994 -10446 -11456 -4509 -1385 -633
3 1820 -17008 -25246 -31745 15081 -19959
4 0 0 0 0 0 0
4 0 0 0 0 0 0
1 690 -26478 -21236 -26016 -32768 5204
2 0 0 0 0 0 0
2 60 6562 362 -683 46 -3337
3 -5172 -6934 -5430 -24669 31345 -20154
4 62 7118 -1870 -1024 2000 -95
3 -9172 -610 -3044 -18405 11954 -13282
4 608 8196 -1804 1510 -3557 491
1 -14742 -10664 810 -32768 -7611 20846
3 -7708 6402 9910 -14012 -10809 1205
1 -478 3408 608 -18341 3341 14884
2 0 0 0 0 0 0
3 -8752 6188 19346 6924 -4679 22826
4 -366 7642 -1434 2351 -6827 540
4 -728 7580 -2244 -784 -691 2119
2 1598 8590 1744 2542 -12527 -1924
3 32767 362 -1190 -11963 -21159 -22868
4 -36 8520 -2418 1458 -4209 2191
1 2780 3674 2386 3288 -2082 -665
2 -2414 7636 1250 699 -2685 -2061
2 2610 8034 -624 766 3919 2200
3 2446 -742 4696 -4285 5579 -11001
1 21982 23634 15274 -14948 -17915 -15964
1 1270 -13310 -17552 6431 14441 6979
4 0 0 0 0 0 0
3 144 -946 4974 -3692 4405 -5575
4 -1210 6782 -1322 -3302 724 1801
3 1082 2192 5902 1573 -483 -513
4 0 0 0 0 0 0
1 776 580 1160 -6077 -2735 10946
2 -440 7224 172 413 -8904 -1616
1 416 7446 2264 15060 -5626 680
2 -2298 8940 390 -2248 755 2010
3 4 762 2648 5735 -6199 4933
4 0 0 0 0 0 0
3 3470 -224 -2988 12915 -13759 13278
4 -1222 9148 -2362 1259 862 -834
2 878 9458 508 -457 10618 1797
1 -1378 -2812 -5936 32767 -24277 -14707
2 2250 7770 570 521 4495 -76
1 -2530 -7532 -13172 22354 8222 -3978
1 126 -9198 -6924 18781 2789 -371
2 -386 7498 1240 -913 128 36
3 -2446 -4426 -9668 22001 -27399 13320
4 0 0 0 0 0 0

4 -460 8070 -2068 -73 -195 413
3 -1018 -6442 -5816 -802 151 545
1 414 -7308 -3910 -271 -1191 233
2 476 8210 544 277 -1060 -259
3 -886 -6432 -5512 -1673 1015 1049
3 0 0 0 0 0 0
4 0 0 0 0 0 0
2 0 0 0 0 0 0
1 444 -7172 -4068 458 555 27
3 0 0 0 0 0 0
4 0 0 0 0 0 0
3 0 0 0 0 0 0
2 0 0 0 0 0 0
2 0 0 0 0 0 0
4 0 0 0 0 0 0
1 0 0 0 0 0 0
3 0 0 0 0 0 0
4 0 0 0 0 0 0
1 0 0 0 0 0 0
2 0 0 0 0 0 0
3 0 0 0 0 0 0
3 5372 -8346 -9166 -1147 253 17
4 0 0 0 0 0 0
4 0 0 0 0 0 0
1 958 -9006 -6100 -959 -845 740
1 -1110 -20836 -14662 -25459 -32768 2823
1 -5374 1206 192 -30308 884 10567
2 650 8310 1200 -556 -1869 -1142
2 0 0 0 0 0 0
2 2346 8160 232 905 4159 942
1 -3060 3484 4508 -18049 2161 16340
4 0 0 0 0 0 0
4 0 0 0 0 0 0
3 20 -22098 -32768 -32768 5398 -18444
3 -7848 -10234 -5338 -27102 32767 -21848
3 -9206 1794 2994 -19605 7541 -10872
2 1066 8784 1308 2449 -9037 -1419
4 498 7654 -1742 2000 -4145 849
3 -5098 8590 5902 -5028 -6346 9740
4 0 0 0 0 0 0
2 -928 7932 1276 2190 -5893 -2310
1 -804 10768 -1922 -5760 -6515 9443
1 1002 10184 -3394 -514 2150 1865
3 5964 5038 3856 8217 1194 23186
3 3126 -4600 -5794 795 9318 7623
1 -5188 -1640 1536 15628 6224 347
1 -8502 -6346 -3754 755 246 -6810
4 -1016 6906 -1400 -286 -4392 775
4 -980 8196 -2262 -2251 -5945 1497
2 672 7682 590 376 642 1002
2 0 0 0 0 0 0
4 -2812 8056 -3834 584 -11057 697
1 -1546 -2912 -3922 -7872 -5615 9332
1 2068 5040 6038 4489 3374 2772
2 0 0 0 0 0 0
2 0 0 0 0 0 0
3 9260 -6846 2664 2185 10312 1304
4 0 0 0 0 0 0
3 5478 66 4378 -39 1213 -5083
4 0 0 0 0 0 0
2 0 0 0 0 0 0
1 1560 6618 -5170 18339 3861 -8429
2 780 8252 556 1053 7656 -881
1 -5170 4 -9066 21892 -7626 -11505
4 -1058 7680 -1806 -3790 5186 500
3 0 0 0 0 0 0
3 562 260 -678 5097 -12808 3123
2 1656 7738 896 807 2638 225
4 0 0 0 0 0 0
2 0 0 0 0 0 0
4 0 0 0 0 0 0
1 -4992 -5880 -6878 24745 -3349 -6400
3 308 -2162 -5768 14997 -25804 10195
1 -2410 -13644 -8690 20796 12079 333
3 3884 -7246 -22260 14391 -32531 3002
4 -82 7722 -1634 -50 4379 -113
2 0 0 0 0 0 0
1 -318 -8998 -9982 -3720 -28358 -3822
2 612 7090 700 1107 -3867 -2067
1 -2512 -6696 -2166 -5578 5613 -2159

3 -552 -6602 -5140 -1064 547 -82
2 928 8410 138 870 -764 -764
4 -600 7926 -1558 -297 -98 29
1 1252 -7316 -4622 -1079 -1750 422
1 488 -7360 -4280 -2156 -2153 13
4 0 0 0 0 0 0
3 -674 -6656 -5076 -907 475 -62
4 0 0 0 0 0 0
3 -584 -6630 -5020 -614 410 52
2 0 0 0 0 0 0
4 0 0 0 0 0 0
4 0 0 0 0 0 0
3 0 0 0 0 0 0
3 0 0 0 0 0 0
4 0 0 0 0 0 0
3 0 0 0 0 0 0
1 0 0 0 0 0 0
1 -652 -6582 -3600 732 -1701 53
1 700 -7502 -3966 1047 6374 -166
1 4274 -10758 -8282 -3662 -1755 -464
2 0 0 0 0 0 0
2 -552 7834 170 -1196 366 -292
2 2248 8784 186 99 6885 2047
2 1270 7802 170 940 -4794 -1787
3 0 0 0 0 0 0
2 36 7772 828 -681 -2233 -1021
1 -5038 -15164 -9934 -21868 -32768 4290
4 0 0 0 0 0 0
3 6484 -13554 -18100 -8434 5211 174
3 2912 -12396 -13202 -29111 22540 -31018
2 -496 8768 464 -3200 4504 978
2 2062 8120 378 139 4802 112
1 -5138 -2266 -4830 -26157 -3144 7107
1 -4428 1106 706 -18922 5455 8287
4 0 0 0 0 0 0
4 0 0 0 0 0 0
1 -3566 6718 828 -7343 -4287 5153
1 0 0 0 0 0 0
3 -12688 -6366 -6020 -19418 25337 -19809
2 968 8468 600 1485 -4985 -1273
2 82 8568 968 2183 -1782 -793
3 -9522 8972 8496 -13716 -6310 -1381
4 1032 8042 -2882 -1284 3968 1090
4 400 8220 -1398 4925 -8388 485
3 8148 14494 5080 -2499 -5836 10331
2 0 0 0 0 0 0
4 -1942 7234 -988 2238 -4723 1381
3 32767 -11960 -28766 14478 4813 31099
1 -1294 9434 142 290 1606 2544
4 0 0 0 0 0 0
1 32767 -32768 -32768 -28076 4511 -15526
2 0 0 0 0 0 0
4 -1444 6888 -794 1280 -11368 -497
2 0 0 0 0 0 0
4 -994 7922 -2442 -4213 150 1964
2 0 0 0 0 0 0
1 -6418 -6926 -3994 4369 18804 -1995
3 6412 -6220 3918 -2553 5185 2035
3 2942 -4954 5024 -6563 2993 -11758
1 540 2912 -2650 -4439 -8098 7711
3 3008 2438 5358 -1170 810 -5842
4 0 0 0 0 0 0
3 4664 3746 2832 1431 -937 106
4 0 0 0 0 0 0
2 0 0 0 0 0 0
1 638 4488 1780 3804 5216 5866
2 664 9086 418 182 4240 -530
1 0 0 0 0 0 0
2 0 0 0 0 0 0
1 -2186 2058 -5200 18087 -9151 -5512
2 2110 8334 406 5 983 709
1 -4484 -4726 -4356 25172 -1619 -6130
4 0 0 0 0 0 0
4 0 0 0 0 0 0
3 2196 574 830 3484 -4115 1918
3 -990 358 -1640 9044 -20254 7637
1 -4166 -16126 -5448 31238 11284 2975
4 0 0 0 0 0 0
2 0 0 0 0 0 0
3 -2522 -3250 -12226 22605 -29541 5365

4 -454 7864 -1496 86 134 48
2 0 0 0 0 0 0
1 462 -7616 -4196 184 1671 1482
3 -680 -6612 -5404 -425 -34 -193
1 676 -7144 -3884 -862 -70 1314
1 0 0 0 0 0 0
1 4694 -12346 -13604 -6716 -15576 -951
4 0 0 0 0 0 0
4 0 0 0 0 0 0
4 0 0 0 0 0 0
4 0 0 0 0 0 0
2 0 0 0 0 0 0
2 134 8546 1178 -244 -3815 -1810
2 1622 9266 -158 -1350 5318 1208
3 -702 -6486 -5312 -447 111 -169
3 -680 -6532 -5298 -324 209 -54
3 0 0 0 0 0 0
3 0 0 0 0 0 0
2 1660 8868 1208 136 -246 -562
2 -582 7402 1074 -780 -1417 -838
2 0 0 0 0 0 0
1 -7936 -6876 -12448 -30490 -1191 16238
2 122 8132 1176 1777 -6481 -2654
1 -6622 -438 2316 -22001 3183 18877
1 -4190 1824 -1386 -6521 30 13850
4 0 0 0 0 0 0
1 692 2658 -4476 -443 631 7256
3 0 0 0 0 0 0
4 0 0 0 0 0 0
3 10572 -15276 -24922 -18797 667 -9025
4 0 0 0 0 0 0
3 24 -9270 -11494 -24873 19851 -25394
2 -180 8820 1324 826 -1609 -1228
4 0 0 0 0 0 0
1 1538 15358 -5222 1194 -4108 4963
1 7248 13272 -642 6030 1287 -1570
4 -340 8036 -1678 3686 -5695 310
2 0 0 0 0 0 0
4 -1310 7060 -1130 1211 -2334 66
2 864 8106 648 1221 -3796 2200
1 32767 -28330 -32768 -9805 -4691 -443
3 -3818 -4950 -6098 -13970 18804 -21747
3 -8294 5044 10 -13811 627 -3272
3 -12576 32767 32610 179 -2540 17951
3 -2132 8510 4910 4074 7601 5553
4 312 8102 -1678 -166 -243 750
3 990 -5480 -404 9514 3627 8654
4 -454 6196 -1846 -183 -4978 1109
1 -1458 -9358 -2576 -5278 10429 -2323
1 2108 -2870 -1910 -12417 -15415 6396
2 0 0 0 0 0 0
2 -1198 7878 394 -509 2895 1150
3 1792 584 -2288 -1803 -3995 -5884
2 0 0 0 0 0 0
3 0 0 0 0 0 0
2 0 0 0 0 0 0
1 5228 2520 4138 -9653 -4063 10017
4 -990 8234 -1880 -1980 -5149 1410
1 8088 8040 3632 977 -2221 1310
4 -2228 8222 -1834 -2068 -673 271
3 2462 3548 1372 -2948 -629 153
1 4596 7014 -532 11627 -4553 -9034
1 2096 1808 -3198 19532 -4507 -16065
4 0 0 0 0 0 0
4 -1024 8262 -2114 -1042 688 376
2 0 0 0 0 0 0
3 2868 2888 1824 3496 -7412 5304
2 0 0 0 0 0 0
3 4462 -598 -3040 11938 -24716 12636
4 0 0 0 0 0 0
3 -5816 -8040 -13160 25244 -28419 5292
4 0 0 0 0 0 0
1 -468 -6894 -5460 25603 2571 -17577
1 3410 -26024 -4322 32767 10108 -11900
2 0 0 0 0 0 0
2 542 8282 572 -641 2880 12
2 0 0 0 0 0 0
4 0 0 0 0 0 0
3 -4984 -16122 -17138 19526 -32768 -10815
1 9584 -12664 -7194 13552 -1774 2585

4 -296 7914 -1794 -10 31 12
1 1806 -7842 -3702 -1668 5935 2473
2 1428 8194 2 1698 -1232 -369
3 -838 -6606 -5282 -720 450 380
2 0 0 0 0 0 0
4 0 0 0 0 0 0
1 934 -8064 -4330 -3290 -4337 3690
3 370 -6878 -5810 -1109 601 568
1 0 0 0 0 0 0
4 0 0 0 0 0 0
4 0 0 0 0 0 0
3 86 -7896 -9106 -11172 -8401 -5493
3 1106 -6642 -16012 -16587 6058 -5191
2 476 7824 1318 596 -8372 -3797
1 -712 -7336 -4034 2829 6978 1698
2 -2376 8624 1062 -3599 6363 1730
1 3288 -10042 -4416 453 5209 406
1 -9132 -17826 -15650 -20847 -32768 4480
4 0 0 0 0 0 0
4 0 0 0 0 0 0
2 6092 9060 -1046 398 -2005 -482
2 -658 7706 1576 1267 -4024 -3980
2 -570 6956 470 -1545 -919 -22
3 2360 -4476 -11248 -17698 21316 -10737
3 1136 -202 -4760 -11678 19303 -13500
3 -160 2788 -1842 -7150 8667 -7500
4 0 0 0 0 0 0
4 0 0 0 0 0 0
2 64 9494 954 -130 4661 3251
3 1726 5654 282 -4715 3353 -2424
1 -8682 -4036 -4646 -32768 1174 19440
2 1428 7960 1034 3240 -7139 -2134
1 -2660 978 212 -24462 4499 16817
1 764 4034 -1232 -6439 -657 4762
4 0 0 0 0 0 0
2 -1198 7130 1324 1846 -7810 -2072
1 -12 6966 -44 2329 -7138 695
4 0 0 0 0 0 0
2 74 8030 754 -97 -1851 885
4 0 0 0 0 0 0
1 -1328 8778 1158 8936 1650 2645
3 3110 6366 1822 -2691 -559 -1036
3 0 0 0 0 0 0
3 2682 10220 902 -3298 -3131 1435
2 0 0 0 0 0 0
2 0 0 0 0 0 0
4 0 0 0 0 0 0
4 0 0 0 0 0 0
1 -758 2052 5858 29285 12187 2410
1 4344 -5938 -4908 -3421 -10020 -431
3 -1994 10064 9716 -1096 -1280 10489
3 6230 4580 168 4243 9962 -1002
2 0 0 0 0 0 0
2 494 7600 -246 -503 6959 2152
3 0 0 0 0 0 0
4 0 0 0 0 0 0
3 1226 6560 2556 1528 1993 -1661
4 0 0 0 0 0 0
1 2902 3170 -3738 -14662 -7979 3775
1 3460 3126 926 -9412 -2907 3900
4 -882 7828 -3572 22 -2739 172
3 1762 7656 1802 1286 -330 -79
1 4338 5368 4042 -1507 -2243 850
3 0 0 0 0 0 0
1 3536 5212 372 9825 4760 -5627
2 826 8222 -380 3 -748 194
4 0 0 0 0 0 0
2 -408 9068 566 580 5174 537
2 0 0 0 0 0 0
4 0 0 0 0 0 0
4 -860 7860 -1820 224 357 -39
3 1812 3618 1814 1844 -720 3396
2 562 7832 712 597 3855 294
3 -590 1016 594 3886 -6723 9828
1 2078 2360 -3404 23677 -11349 -13549
1 -6028 -6572 -10142 24094 -2763 -15265
2 0 0 0 0 0 0
3 -146 -1930 -3444 12122 -19454 17745
4 0 0 0 0 0 0
1 -6516 -8002 -11270 19919 3120 -4385

4 0 0 0 0 0 0
3 -998 -6406 -5502 442 56 -21
2 0 0 0 0 0 0
1 1058 -7796 -4532 -1142 1603 636
3 -760 -6540 -5420 213 -207 -144
4 0 0 0 0 0 0
3 3270 -8550 -8654 -1806 3090 30
3 11088 -13490 -21172 -14818 12298 -14503
2 -58 7798 492 409 -707 840
2 0 0 0 0 0 0
2 -1048 8322 368 -1598 -760 -847
1 156 -7654 -3938 -2486 -2246 1550
1 0 0 0 0 0 0
1 -1134 -7180 -4316 2172 -1070 1694
4 0 0 0 0 0 0
4 0 0 0 0 0 0
3 4622 -9456 -13756 -16062 24893 -23191
1 2016 -8872 -4352 1175 8703 1530
1 -8920 -14586 -17044 -19169 -27106 7710
2 4012 8214 -190 1277 4779 1071
4 0 0 0 0 0 0
2 990 8508 1456 1498 -5752 -1955
3 4684 72 -5272 -7560 23080 -16689
4 -110 8490 -1504 1571 -1395 111
2 -656 6878 760 -809 -5028 -1904
2 320 8648 630 -718 7207 3165
2 2284 8448 762 1875 -7844 -1688
1 -6314 -3956 -8462 -32768 3410 14990
1 -2850 -420 614 -27905 7619 12417
1 628 5066 -680 -10261 -5416 4668
4 0 0 0 0 0 0
4 -654 6944 -1210 852 -6774 1445
4 -858 7972 -1836 -2399 -881 1322
3 -736 -2336 -4212 -4490 11595 -9649
3 -2780 1144 722 -4561 4680 -5221
3 -2538 4010 3172 -4378 544 -3254
4 0 0 0 0 0 0
2 -952 7784 1128 1094 -8565 -1755
1 1338 10196 2806 -3227 -1998 1801
2 44 8346 262 -744 -1535 1879
1 488 12876 6640 7781 -5577 -4563
4 0 0 0 0 0 0
3 -4424 7388 6802 -2382 -3937 122
3 -7122 10366 9208 2471 -11025 11953
3 32767 1670 1522 3630 -23290 12147
3 9508 -5992 -2640 6946 5736 222
1 -6806 -1092 -16222 -12494 -9558 -13550
4 0 0 0 0 0 0
4 0 0 0 0 0 0
1 6930 -2526 -2970 -4411 3262 3224
2 0 0 0 0 0 0
2 0 0 0 0 0 0
4 0 0 0 0 0 0
2 -948 8770 272 357 4306 -1010
2 3556 7890 -236 2240 9317 1487
1 1276 1380 780 -7862 -5296 10811
3 -2240 3072 3294 -440 1672 -4603
3 1660 5230 3492 573 2126 -35
4 -2088 8818 -2188 -962 550 -568
1 0 0 0 0 0 0
2 204 7628 584 810 -1517 -1116
1 2670 2992 2420 6979 -2935 -1298
2 -296 7994 1174 745 5405 767
1 1994 614 1318 19699 -4231 -12689
4 0 0 0 0 0 0
4 0 0 0 0 0 0
3 0 0 0 0 0 0
3 3150 1150 1010 -2991 -171 -794
1 -7384 -10552 -7244 32767 -5222 -22273
2 0 0 0 0 0 0
2 76 13128 2014 -2332 193 -1508
4 0 0 0 0 0 0
1 -14578 -32768 -9272 32767 20129 -6637
4 0 0 0 0 0 0
3 -1328 -546 1186 -8287 -2971 -2242
3 376 2470 2254 -1146 -11386 4063
2 2074 5310 1004 -290 2328 -972
3 7156 -1312 -4994 13757 -29814 14091
4 0 0 0 0 0 0
1 9366 -8826 -12804 10357 -12066 6801

3 -454 -6568 -5528 73 17 -21
4 -676 7906 -1830 -139 -224 151
1 954 -7356 -4342 -165 2733 36
2 0 0 0 0 0 0
1 348 -7550 -4076 -1186 -3397 324
4 0 0 0 0 0 0
3 -512 -6644 -5400 -352 226 151
2 0 0 0 0 0 0
1 50 -7066 -3768 -1225 -2419 643
1 360 -7270 -3354 933 -4006 -95
1 0 0 0 0 0 0
2 0 0 0 0 0 0
2 1222 7584 1072 1520 -3670 -1411
3 0 0 0 0 0 0
2 -260 7810 -120 -2372 -682 -665
3 0 0 0 0 0 0
3 0 0 0 0 0 0
4 0 0 0 0 0 0
4 0 0 0 0 0 0
4 0 0 0 0 0 0
4 0 0 0 0 0 0
4 0 0 0 0 0 0
2 0 0 0 0 0 0
2 1068 8168 250 1179 55 124
1 -472 -7084 -6712 -3298 -4679 782
1 -3370 -7062 -6456 -6394 -7909 2170
3 2870 -7084 -9690 -1134 9961 1671
3 6286 -8132 -14996 -8872 18993 -3610
3 5910 -6994 -8860 -13972 27335 -14487
1 -9046 -11074 -11302 -15259 -9616 10953
1 -6156 -1004 -9170 -21404 4714 16618
2 0 0 0 0 0 0
2 0 0 0 0 0 0
4 0 0 0 0 0 0
4 0 0 0 0 0 0
3 1924 -4000 -2294 -8872 17557 -10973
4 -564 7714 -1404 2189 -4294 193
1 -2818 2762 -750 -21714 8257 17035
1 294 6798 2082 -8548 1739 6476
4 0 0 0 0 0 0
3 2116 -502 1410 -5261 8889 -4035
2 1162 8438 -128 -994 3995 740
3 5604 3152 5622 -1404 6871 -1227
2 0 0 0 0 0 0
1 -892 8124 1464 4792 -5852 -91
2 370 7836 732 1629 -7114 -1081
2 -754 7698 556 -422 -3219 3
4 0 0 0 0 0 0
3 1478 6980 10116 2187 3030 2561
1 -6670 828 32767 -19106 32767 3484
4 -876 7506 -3310 -1263 -1246 1381
3 -3802 -32768 -230 32767 32767 7992
4 0 0 0 0 0 0
4 0 0 0 0 0 0
2 0 0 0 0 0 0
2 0 0 0 0 0 0
3 5684 -3844 574 4276 5245 4830
3 0 0 0 0 0 0
1 -228 -2168 -306 6060 20295 -448
1 -44 470 -4206 -8734 7811 4679
3 1380 1310 5146 -845 2237 -2942
2 -910 8424 -88 -852 -1216 -851
2 0 0 0 0 0 0
3 0 0 0 0 0 0
4 0 0 0 0 0 0
4 0 0 0 0 0 0
1 2104 7678 3530 -4591 -5565 4616
1 2082 6016 2284 -105 -4282 626
2 430 7834 254 405 506 -480
1 -316 4602 1410 8147 -3702 -1446
1 -1044 2060 -274 22431 -7916 -7519
2 386 8530 338 -67 3634 610
4 0 0 0 0 0 0
4 0 0 0 0 0 0
3 1282 -1086 1288 -304 -5777 1689
3 2262 -1400 -384 1533 -13730 5013
1 -4162 -10904 -4312 32767 4010 -13406
2 0 0 0 0 0 0
3 8076 -3438 -7174 8304 -26321 13485
4 0 0 0 0 0 0

2 388 8636 346 282 1746 305
1 658 -8398 -5008 -3960 -1626 2582
4 -268 7954 -1850 -108 213 -14
2 0 0 0 0 0 0
3 -264 -6690 -5308 -318 104 86
4 0 0 0 0 0 0
1 -352 -7090 -4358 -5075 -4040 3489
2 0 0 0 0 0 0
4 0 0 0 0 0 0
2 56 7448 1524 1427 -6906 -3186
3 -382 -6694 -5178 -417 116 -33
2 3278 10046 -2390 -2058 -308 -330
3 2504 -7296 -7754 -186 3206 1301
4 0 0 0 0 0 0
2 84 8122 400 994 4258 1022
3 8368 -13564 -19966 -17644 5138 -13063
1 0 0 0 0 0 0
1 0 0 0 0 0 0
3 312 -10156 -11756 -23606 18050 -21601
1 548 -10028 -6930 852 13020 442
2 0 0 0 0 0 0
2 0 0 0 0 0 0
1 -6502 -11508 -12138 -13960 -29835 4909
1 -5560 -4696 -9894 -30584 973 10477
4 -24 7856 -2316 -978 2006 211
3 -1260 -3718 -3470 -15164 19899 -19815
4 0 0 0 0 0 0
3 -3378 2458 990 -10892 10166 -9204
4 -758 7668 -1188 2970 -4030 -394
2 0 0 0 0 0 0
1 -4020 744 274 -25534 7350 14705
4 -426 7500 -1276 -12 -1394 -194
3 -3276 5398 2618 -6374 604 -1745
2 0 0 0 0 0 0
4 0 0 0 0 0 0
3 -2926 8760 8374 -1278 -4831 1315
1 -1906 5996 1314 -10384 -787 8333
3 -5928 14046 9654 6143 -9999 6581
1 574 8810 120 2390 -2072 4395
1 2802 17740 32767 15160 16780 -4130
3 32767 -32768 -32768 32767 14563 32767
4 0 0 0 0 0 0
4 0 0 0 0 0 0
2 0 0 0 0 0 0
2 -806 8314 1112 65 -3524 -644
3 14620 -11358 -10362 132 19977 -8739
3 -830 6138 2992 -1632 18729 -4034
4 -1264 7674 -1116 2727 -7998 424
4 -2426 7024 -988 -1277 -1002 744
1 2598 11522 5056 2905 18567 3961
2 -224 8490 594 -111 -4908 -646
2 -450 7464 120 -15 -475 1636
1 1124 -568 -3884 1917 3719 9754
3 -230 5158 716 625 3664 -1801
3 2240 5258 670 464 2174 1105
2 -382 7740 242 130 -349 191
2 0 0 0 0 0 0
4 -656 8044 -2072 -5222 4577 1533
4 -1320 8806 -2478 -2770 1970 821
2 0 0 0 0 0 0
1 3934 336 -1638 -3043 -3427 9328
1 4944 4698 -100 2394 -5518 3583
1 5548 3532 -2306 16070 -12941 -3802
2 0 0 0 0 0 0
1 -4818 -5830 -5658 24188 -6627 -12499
3 0 0 0 0 0 0
3 1528 320 -32 2417 -3296 4650
4 0 0 0 0 0 0
4 0 0 0 0 0 0
4 0 0 0 0 0 0
4 0 0 0 0 0 0
2 808 8142 834 202 1617 80
2 0 0 0 0 0 0
1 -700 -13298 -7614 29458 8243 -988
1 5432 -19110 -10140 22159 2600 894
3 -498 -690 -3374 7274 -14428 12659
3 -3480 -6652 -9160 24223 -26512 12914
4 0 0 0 0 0 0
3 194 -12984 -19382 20741 -17068 4882
1 4604 -10894 -4878 9233 -26246 -7493

2 0 0 0 0 0 0
1 750 -7960 -3826 -1481 -1086 103
3 -760 -6570 -5280 -390 432 -183
4 -566 8034 -1470 706 293 -309
3 -900 -6578 -5278 -289 330 -137
3 0 0 0 0 0 0
3 7980 -12538 -21260 -14858 247 -6265
1 448 -7126 -3668 -540 -1984 645
1 0 0 0 0 0 0
1 0 0 0 0 0 0
2 0 0 0 0 0 0
2 0 0 0 0 0 0
2 0 0 0 0 0 0
2 0 0 0 0 0 0
4 0 0 0 0 0 0
4 0 0 0 0 0 0
4 0 0 0 0 0 0
4 -570 7812 -1454 -975 1161 365
1 0 0 0 0 0 0
3 2268 -11358 -16900 -28028 22890 -20607
2 0 0 0 0 0 0
3 -3818 -5922 -7334 -19982 24829 -21666
3 -4996 -1668 -1676 -15452 13547 -12085
1 1922 -14266 -15578 -16944 -23279 5057
1 -4310 -4490 -9336 -32768 -4199 11317
4 0 0 0 0 0 0
4 -176 8326 -1400 4615 -9657 674
2 0 0 0 0 0 0
2 0 0 0 0 0 0
2 0 0 0 0 0 0
1 -3032 1018 2416 -25483 7440 17422
3 -4580 1738 5088 -10222 3286 -2560
4 -1922 6618 -528 2620 -5106 -319
1 -710 6958 1228 -10163 245 9206
4 0 0 0 0 0 0
3 -3996 5044 8892 -582 -5780 1024
3 -5120 7932 8188 1779 -7976 5846
3 -3862 4556 12908 9251 -6915 24658
4 0 0 0 0 0 0
4 -1216 8644 -1612 521 -9176 494
2 714 8300 486 1993 -5338 -1427
2 98 7782 628 1277 -1441 -1037
1 814 8854 156 907 -2367 5253
1 0 0 0 0 0 0
4 -1262 8414 -1772 538 -4020 588
3 24244 13268 22370 -11583 -32768 -18333
3 4268 -1620 692 2323 -1498 -4038
2 520 8388 640 -280 -810 -304
2 0 0 0 0 0 0
1 32767 32767 -13960 -16640 2823 -21002
1 -2746 -7972 -1180 1231 13301 2339
4 0 0 0 0 0 0
1 1620 792 -1264 -8693 -2970 8958
3 2208 826 1068 -734 2049 -5990
4 0 0 0 0 0 0
4 0 0 0 0 0 0
3 626 2876 3176 -2268 2848 -2827
2 0 0 0 0 0 0
2 112 9286 -404 -1088 3174 1537
1 3096 6082 3966 464 -7717 6959
3 0 0 0 0 0 0
4 0 0 0 0 0 0
2 1226 8160 -330 702 2674 -99
2 0 0 0 0 0 0
1 3080 5616 98 10820 -8544 -3256
1 1368 746 -3836 29078 -20761 -15065
3 0 0 0 0 0 0
2 286 8008 470 637 4999 -1473
4 0 0 0 0 0 0
3 472 1910 2290 6942 -14848 8856
3 6624 -4504 -9990 18182 -27928 13543
2 0 0 0 0 0 0
4 0 0 0 0 0 0
4 0 0 0 0 0 0
1 -8354 -19896 -12684 27036 28148 -9149
1 4428 -9000 -9490 13859 -10285 -4111
4 -1220 8372 -1086 2931 291 755
1 -100 -7932 -5268 5900 -5363 -2485
3 4820 -6838 -16822 22752 -15099 3973
2 -66 8082 1250 -1010 -8503 -2095

2 560 8242 16 -383 2117 51
1 182 -7270 -4380 400 -1385 -2173
3 -476 -6694 -5342 378 -303 -78
4 -146 8072 -1946 -604 -38 87
2 1536 8742 -184 700 1689 -416
2 0 0 0 0 0 0
3 -394 -6706 -5372 -32 181 -83
1 442 -7526 -4414 -457 -767 -1617
1 0 0 0 0 0 0
3 0 0 0 0 0 0
4 0 0 0 0 0 0
1 0 0 0 0 0 0
3 0 0 0 0 0 0
4 0 0 0 0 0 0
4 0 0 0 0 0 0
3 0 0 0 0 0 0
4 0 0 0 0 0 0
4 0 0 0 0 0 0
3 4564 -9258 -12936 -8285 1924 -4473
1 -484 -6556 -3856 1053 -595 1285
1 580 -7782 -4552 1385 4701 1505
1 2846 -8964 -7064 -3956 -5159 1000
2 1360 7758 436 2426 -2742 -1209
2 -120 7532 38 -996 215 235
2 0 0 0 0 0 0
2 0 0 0 0 0 0
2 1104 7702 584 292 235 -111
2 0 0 0 0 0 0
4 0 0 0 0 0 0
4 0 0 0 0 0 0
4 -166 8280 -1790 834 -3562 878
1 -4834 -12552 -11384 -15871 -27705 5416
1 -6758 154 -8702 -25775 -958 11764
3 954 -13170 -19812 -25069 11414 -14150
3 -2896 -4058 -2214 -21579 23665 -15601
3 -2664 2090 964 -14966 12353 -10650
2 1350 8636 134 -377 6067 653
4 0 0 0 0 0 0
2 0 0 0 0 0 0
4 0 0 0 0 0 0
3 -396 6078 5240 -6172 1650 -2255
1 -4262 2222 486 -23177 6937 16748
3 1158 8966 3646 -1576 -2289 -288
1 -400 6478 106 -8879 -294 7669
1 -206 6024 -244 4564 -1099 3421
2 312 7534 916 2827 -8151 -2642
2 -48 7472 516 459 -2890 -147
1 -3458 10646 21580 11138 7793 2493
3 -2900 12376 8610 752 -2381 4642
3 -28576 21514 11286 8722 -14573 27173
4 -1032 7698 -2192 -1506 -4531 1352
4 -1862 8514 -2108 193 -2962 -532
2 0 0 0 0 0 0
1 -8602 7824 3624 5333 -1808 -6145
3 -3236 -4048 -1718 -10495 -1646 -8233
3 -74 1060 5604 -3814 3052 -3218
1 -1522 -918 -5096 -3366 8227 5454
4 0 0 0 0 0 0
4 0 0 0 0 0 0
2 1212 7600 -134 17 1350 1129
3 2798 2756 4482 -406 919 -1969
3 0 0 0 0 0 0
2 236 7868 -456 -991 -5132 -548
1 1428 1022 194 -5934 -8433 8587
2 -448 9324 -556 -327 8862 2325
1 1286 5390 166 2775 -2110 5429
4 0 0 0 0 0 0
4 -1264 7756 -2132 -579 4091 349
4 0 0 0 0 0 0
4 0 0 0 0 0 0
1 5358 5450 -2324 14958 -14794 -1995
2 2484 7614 276 2466 1770 -1089
2 -1486 8316 62 -1444 -2941 -2108
3 2380 2558 2994 4223 -1218 3342
3 2192 2954 1470 6047 -11625 7435
1 -1446 -1320 -9442 23592 -12045 -14340
1 946 -9210 -12786 20250 11589 -12125
2 2310 8564 1382 562 13030 2941
4 0 0 0 0 0 0
3 3250 -274 -5646 13462 -20257 10622

1 420 -7458 -4706 -287 -1893 299
3 -400 -6760 -5330 189 -140 -495
4 -646 8048 -1804 -402 11 212
2 640 8226 66 649 -1520 110
2 784 8112 -66 1163 1061 175
3 -538 -6624 -5198 -147 35 -427
1 650 -7250 -4582 -1907 311 1035
4 0 0 0 0 0 0
3 0 0 0 0 0 0
1 1098 -7954 -5168 -4001 -7741 2096
2 0 0 0 0 0 0
3 4264 -9448 -14198 -11505 -1688 -6843
4 0 0 0 0 0 0
1 -2764 -8536 -9344 -9522 -6888 5574
2 412 8528 86 -1675 3395 852
4 0 0 0 0 0 0
4 0 0 0 0 0 0
1 -5106 -6284 -10236 -16062 -3497 9116
4 0 0 0 0 0 0
1 -3658 -1820 -8360 -23720 4550 9831
3 3184 -10446 -15876 -22286 8007 -14962
3 958 -6024 -8140 -23038 15449 -17651
2 2008 8050 46 -372 223 -257
2 0 0 0 0 0 0
3 -3450 406 -3084 -15234 18784 -15895
3 -6350 4576 902 -12040 6632 -3843
3 -3756 6762 6448 -6977 -6783 1605
4 0 0 0 0 0 0
4 0 0 0 0 0 0
4 0 0 0 0 0 0
2 0 0 0 0 0 0
2 0 0 0 0 0 0
2 710 8150 826 1225 -3522 -739
1 -1940 4226 -578 -20364 6857 8984
1 -622 8258 1198 -10609 1131 6732
1 1174 8448 172 1388 -4590 6788
3 0 0 0 0 0 0
1 0 0 0 0 0 0
2 0 0 0 0 0 0
2 0 0 0 0 0 0
1 -888 5146 -3974 8578 2825 -886
4 0 0 0 0 0 0
4 0 0 0 0 0 0
3 -5908 6762 11802 5436 -6014 23607
1 1434 7270 2202 2486 -10891 -5203
3 -18124 -3704 -2820 -535 -30546 -7591
1 -4756 -3072 -4700 -774 6463 1484
3 4104 144 -332 -2607 5076 -5012
2 266 9550 752 -948 -4104 -614
4 0 0 0 0 0 0
2 96 6984 -144 -356 171 435
1 2462 2148 780 -6991 -8835 6543
4 -1438 7726 -1574 -1676 -2427 -287
2 0 0 0 0 0 0
4 0 0 0 0 0 0
2 178 8810 726 1383 6262 405
3 3280 2444 3534 -1346 4969 -2953
3 2788 4056 4314 196 1274 -1253
2 1392 7510 520 1433 393 -115
3 0 0 0 0 0 0
3 0 0 0 0 0 0
1 4564 5174 1490 200 -5215 3695
2 0 0 0 0 0 0
4 0 0 0 0 0 0
4 0 0 0 0 0 0
1 5820 7144 -2862 15459 -8138 -5164
1 -3166 -628 -5442 24253 -8891 -16632
4 0 0 0 0 0 0
2 0 0 0 0 0 0
4 0 0 0 0 0 0
3 3302 2434 2146 4207 -2322 3656
4 0 0 0 0 0 0
1 -1584 -12016 -6176 31587 9190 -6685
2 0 0 0 0 0 0
3 2720 1120 -10 7220 -7409 7408
1 6914 -16308 -8218 23674 7597 -671
1 5720 -9820 -5822 8837 -22677 -2746
3 2534 -1202 -4800 11714 -19557 12580
4 0 0 0 0 0 0
2 0 0 0 0 0 0

3 -718 -6760 -4872 -543 134 -97
4 -906 8044 -1542 -245 -167 477
1 -138 -7160 -3236 -1729 -4777 -733
2 64 9380 -456 172 -3726 -324
2 0 0 0 0 0 0
1 42 -7728 -3240 -1715 2284 1714
2 0 0 0 0 0 0
4 0 0 0 0 0 0
3 -674 -6554 -4940 277 219 23
3 0 0 0 0 0 0
3 0 0 0 0 0 0
4 0 0 0 0 0 0
4 0 0 0 0 0 0
2 0 0 0 0 0 0
2 64 9784 1092 1392 -4196 -1766
1 0 0 0 0 0 0
1 0 0 0 0 0 0
1 0 0 0 0 0 0
3 0 0 0 0 0 0
1 0 0 0 0 0 0
2 -3314 15810 -520 6453 -6166 -2870
1 0 0 0 0 0 0
2 -6662 7928 -11682 22930 2280 -715
4 1364 16914 -18162 19590 989 4570
3 0 0 0 0 0 0
4 1310 15432 -10342 32767 3710 13788
3 254 -6666 -4934 1964 3475 809
4 -2144 6606 -1156 29247 5180 12437
4 -3590 -1388 1554 14923 3972 4469
4 -4388 -6668 2742 4011 -2361 -1445
2 -6132 3832 -4316 31768 12296 -7056
2 -928 -2180 -3730 28654 6872 -7206
3 340 -7270 -5188 -2042 -3254 -4058
3 0 0 0 0 0 0
1 0 0 0 0 0 0
1 452 -8646 -3750 -2785 -6074 -4018
3 -936 -6020 -4880 1926 -346 189
3 0 0 0 0 0 0
2 1762 -5934 -4024 9393 -5387 -3503
2 1430 -10484 -460 -3691 -4154 -1272
1 -832 -8040 -3106 -4069 -11205 -1269
4 -3638 -9750 4874 -4741 -7692 -6118
1 -512 -6392 -2690 -1624 -5776 433
4 -3008 -5382 804 -19699 -2163 -16065
3 -902 -7074 -5526 -1006 -4606 -2663
3 -1278 -5968 -5066 399 -4220 -1094
4 12820 -3454 -2086 11631 2824 91
2 -954 -32768 9050 -4978 -32768 -9573
2 2950 3628 -4778 7667 28747 901
4 3292 -2930 -74 11519 -470 5962
1 0 0 0 0 0 0
1 -1152 -7678 -4282 3867 5466 -1115
2 4074 -3906 2672 3939 -1535 -6878
3 0 0 0 0 0 0
2 0 0 0 0 0 0
3 0 0 0 0 0 0
1 0 0 0 0 0 0
4 344 -2972 4372 6070 1279 4693
1 0 0 0 0 0 0
4 -406 -2852 4518 1229 -2330 1165
1 390 -8356 -4850 -2648 609 -406
4 108 -1702 2374 -2381 -4526 -1606
4 -768 -902 2462 -11280 -2151 -4551
1 0 0 0 0 0 0
2 2572 -416 -2938 -28026 -4188 1542
3 0 0 0 0 0 0
2 -3406 11932 -8874 -28877 -10620 2677
3 0 0 0 0 0 0
1 0 0 0 0 0 0
2 -526 15074 -6402 -24546 28 904
1 0 0 0 0 0 0
2 1328 14462 -4022 -12758 7983 211
3 0 0 0 0 0 0
3 0 0 0 0 0 0
4 -900 5144 -8006 -32000 -12529 -9871
4 -2222 13942 -7276 -32768 -9981 -6882
3 -1730 -5798 -4728 1570 1519 2265
2 -4328 8984 -524 871 -26191 -7324
1 0 0 0 0 0 0
4 -1154 17994 -9350 -19902 -23683 -241

3 0 0 0 0 0 0
2 2846 8486 -442 1204 2097 675
4 -1138 7796 -1806 -555 922 564
1 1362 -7606 -4338 168 1449 -684
3 0 0 0 0 0 0
4 -1286 8116 -1912 -293 1061 221
2 780 8092 -162 1990 -4910 -848
1 0 0 0 0 0 0
4 0 0 0 0 0 0
3 0 0 0 0 0 0
1 0 0 0 0 0 0
2 424 7664 130 631 -3110 -1254
3 0 0 0 0 0 0
4 0 0 0 0 0 0
4 2942 15006 -14268 16324 11710 2023
2 -150 8308 -438 -1740 3255 580
4 4764 10546 -12216 30706 9674 14036
2 2352 9226 -442 24 -74 -5
1 76 -7184 -4050 1321 2770 -371
1 1308 -7500 -4536 262 740 -158
3 0 0 0 0 0 0
4 -230 6040 -2990 27156 7174 13584
4 -448 -802 2214 14794 4284 7644
1 0 0 0 0 0 0
1 604 -7612 -3276 -808 -5677 369
2 5460 13668 -1640 10173 2216 3240
2 -5990 10040 -8018 24761 -15033 -2570
3 0 0 0 0 0 0
3 0 0 0 0 0 0
3 -384 -7008 -5368 -1638 -4049 -3387
1 -254 -5852 -3436 1153 898 -915
2 -3016 416 -4186 27194 1398 -2965
1 0 0 0 0 0 0
4 -728 -6796 3912 1356 1023 650
1 2052 -7940 -3916 -1859 -3723 -947
4 484 -11820 5234 -7004 -348 -3081
2 -1396 -5398 -3560 21393 5725 -5571
2 1282 -9044 -4698 7517 -3597 -5608
3 0 0 0 0 0 0
3 -974 -6252 -4920 340 -2812 -1493
2 0 0 0 0 0 0
2 -9338 -1552 4830 -5108 -32768 -16263
1 168 -6888 -3038 -1726 -10539 -1029
3 0 0 0 0 0 0
3 0 0 0 0 0 0
4 -2564 -4790 -1330 -21226 -17 -14451
1 -432 -6644 -2990 1201 -5343 -3050
4 10386 -2386 538 3811 -5928 1587
1 0 0 0 0 0 0
1 988 -7392 -4646 2836 3170 -1363
3 0 0 0 0 0 0
2 978 3208 -3352 7202 8794 -2254
3 -1274 -6402 -5672 308 -1441 671
2 2128 -3510 2464 2841 3754 -4130
4 2924 -2494 -506 5452 245 6085
4 1294 -1970 50 1745 1009 1887
3 0 0 0 0 0 0
1 -50 -8260 -4818 1125 1060 -124
3 0 0 0 0 0 0
4 0 0 0 0 0 0
4 -496 -390 26 -5342 -3853 -7074
1 0 0 0 0 0 0
2 2044 -6402 1086 -15403 -2350 -2386
2 2722 1322 -3880 -31291 -11453 -2395
4 3364 2126 -5998 -21093 -10777 -14933
1 0 0 0 0 0 0
4 6042 10166 -11646 -26559 -3396 -9332
1 558 -7706 -3940 -1836 5137 1253
3 0 0 0 0 0 0
2 -668 9912 -10850 -22762 -3485 3032
3 0 0 0 0 0 0
2 -390 11158 -5340 -18437 -2639 494
2 -644 13412 -3244 -14437 9740 3286
1 832 -8678 -3900 -2828 1302 1244
1 0 0 0 0 0 0
3 0 0 0 0 0 0
2 9890 10494 -2090 -1483 -9434 -264
3 0 0 0 0 0 0
4 2194 15852 -8796 -21247 -24392 4966
4 -3750 13246 -4514 -12620 -20703 6816

1 0 0 0 0 0 0
3 -806 -6588 -4896 -918 -1442 -1078
4 -104 7972 -1828 -110 2341 -419
2 442 8444 -554 -845 1268 573
4 -326 8056 -1726 58 2167 -363
4 0 0 0 0 0 0
4 0 0 0 0 0 0
4 1762 9638 -6018 1024 352 -886
2 772 8242 -590 -2 -249 -189
2 0 0 0 0 0 0
2 0 0 0 0 0 0
2 3542 10576 -2274 2760 -167 -64
3 0 0 0 0 0 0
3 0 0 0 0 0 0
3 0 0 0 0 0 0
3 0 0 0 0 0 0
1 0 0 0 0 0 0
1 0 0 0 0 0 0
1 0 0 0 0 0 0
1 1704 -7490 -4528 208 2585 2882
3 0 0 0 0 0 0
3 0 0 0 0 0 0
1 2786 -7312 -4750 -540 -242 -35
1 1038 -6282 -4618 1654 -4988 -3855
2 1228 15534 -6640 16952 -20814 -6552
2 -3848 8598 -8980 29535 -2616 -3181
4 7070 15156 -18222 19006 10420 5980
4 2932 16538 -12052 32707 6375 17460
4 -1368 6604 -1412 24150 4331 15969
4 -3664 -174 1914 12687 -261 6709
3 454 -7144 -5210 -1884 -1987 -3614
3 -942 -7130 -4876 -4956 -5623 -6013
1 1230 -6808 -3678 1544 -1931 -6534
2 -4414 -1992 -1224 27174 8819 -5360
1 -8 -8550 -2602 413 -9326 -5385
2 -1676 -7156 -2300 14135 1146 -8367
1 0 0 0 0 0 0
1 0 0 0 0 0 0
4 -3646 -5966 4194 3755 -1722 -1639
4 -6918 -10880 7816 -5724 -4324 -11472
2 580 -6692 -3880 4176 -727 -8058
2 292 -3998 -3262 -641 -3646 -2258
3 -1020 -6330 -4358 -2707 -3310 -3824
3 0 0 0 0 0 0
1 3478 -9154 -3482 2314 -3976 -8568
1 3374 -8258 -5058 4080 -1191 -13169
2 32767 32767 -32768 19367 32767 17468
2 4556 -2224 7716 -10254 32767 5964
4 32767 32767 -32768 -349 32767 -2089
4 9516 3780 -9932 -2436 -4571 7644
3 -528 -7002 -4812 4390 -5703 -3874
3 -682 -6966 -5324 2976 -8863 -5898
3 -2568 -5462 -5076 523 -9869 -4772
2 3946 1880 -3138 7546 -15055 -10983
2 1998 -4964 -146 3395 -3824 -3377
1 -1468 -3742 -3558 32 -8786 -10388
1 -3790 -5766 -2738 1106 -1117 2784
3 -1438 -6202 -6228 4035 -1406 975
4 -1716 -2312 1554 7557 8885 5621
4 -1126 -5682 2398 3410 1302 2138
1 -2554 -9320 -3924 1896 9058 10202
3 0 0 0 0 0 0
1 2252 -13526 -4814 -5452 15969 15070
3 -46 -7080 -6140 -1213 7172 4191
4 860 -5370 354 1336 3157 -838
2 -12 -2488 -1520 -13209 -3213 2541
4 0 0 0 0 0 0
2 -3712 2012 -7630 -25601 -16497 2968
2 -6346 8018 -7034 -22808 -3861 10228
2 -5168 10224 -3970 -18235 -7507 6146
4 -648 -496 1442 -1125 -5829 -7633
4 1204 -824 -1410 -15175 -9515 -12199
3 0 0 0 0 0 0
3 798 -8380 -5562 -3287 5158 -128
1 3678 -11460 -3434 -9803 6483 15026
1 838 -4784 -2356 -6146 3299 9919
3 -1744 -6722 -4882 -3030 3368 -359
1 -308 -3962 -1558 -1501 3755 979
4 -126 10786 -10526 -28637 -8525 -11768
2 -2672 11380 -3658 -12852 4170 3892

3 -974 -6770 -5244 -689 -374 -315
4 -180 7772 -1454 1401 2088 65
2 854 8362 530 557 1155 -125
1 2650 -8136 -4356 -1367 1069 446
2 106 8398 648 760 486 -334
1 44 -7552 -3314 -1334 -10405 1031
1 -400 -6484 -3120 -953 2844 821
4 -706 7824 -1210 921 -608 389
4 0 0 0 0 0 0
3 0 0 0 0 0 0
3 0 0 0 0 0 0
4 1846 8614 -3370 1699 -2648 3727
1 0 0 0 0 0 0
3 0 0 0 0 0 0
2 364 7878 346 1169 3354 -458
4 2840 9736 -6046 3235 -686 3107
3 0 0 0 0 0 0
2 0 0 0 0 0 0
1 2150 -9718 -4022 1356 -13137 -3401
1 -3594 -6774 -2820 3611 -110 -337
3 0 0 0 0 0 0
3 170 -6062 -5194 2355 2672 912
2 1142 10330 706 -142 -6518 18
4 9754 17134 -14216 19210 -32 12400
2 -1166 7740 540 111 5171 -785
4 728 12744 -7446 23831 7322 17913
2 2530 8698 -64 515 6147 1442
2 -864 13756 -4746 11452 -21963 -9327
1 2558 -8626 -3518 539 22072 1599
1 3862 -7286 -3968 -918 -11483 -3538
2 -1842 8354 -9398 23891 4069 -3378
3 128 -7342 -5664 -893 -3387 -3420
3 -2102 -6206 -5046 -4091 -7620 -3962
1 -938 -7454 -2294 -1824 -22261 -1001
4 -210 6218 -3662 19028 4877 16576
4 -2676 90 -248 15524 969 13461
4 -4610 -4810 5016 11547 -260 5448
4 -1878 -6436 6704 4963 -2312 -1562
2 -4926 3736 -5444 25004 10085 -4045
3 -1522 -6304 -5056 933 1760 1885
2 -1676 -1886 -3962 17406 10552 -2932
3 0 0 0 0 0 0
1 -1068 -7190 -2764 -1488 185 259
1 1708 -7012 -3362 556 -1880 -1811
4 -3680 -6296 5760 -3131 -6555 -2997
4 -2278 -10130 5682 -10557 -6249 -6559
1 86 -7576 -2588 1641 -7366 -4547
2 3546 -4590 -5096 7951 2546 -4982
1 182 -8020 -2352 1670 -10119 -5520
2 5476 -7218 -5198 2416 3324 103
3 410 -7264 -5498 -201 -774 -575
3 -828 -7200 -5238 -2663 -3411 -3312
4 -918 -5102 3408 -26460 -929 -16756
2 3326 -6430 -852 -7399 -4282 646
4 -4198 -592 -6150 -1462 1440 -817
2 300 1146 -354 -6366 -21990 -2965
3 0 0 0 0 0 0
1 -760 -6466 -256 2115 -13882 -4453
3 -1238 -6482 -4598 -290 -2513 -2486
1 -2514 -9464 -988 3575 -6293 -7351
3 0 0 0 0 0 0
1 -1394 -9992 -1482 4298 1377 -3089
1 0 0 0 0 0 0
3 0 0 0 0 0 0
2 -7650 5466 548 -14 -955 -9032
2 0 0 0 0 0 0
4 2068 300 -5024 6159 1858 114
4 3702 -90 310 11855 -3967 2712
4 3202 254 4252 9657 -6497 -625
3 -1078 -6974 -6260 207 -1275 46
1 0 0 0 0 0 0
4 0 0 0 0 0 0
3 0 0 0 0 0 0
2 12544 -7740 -1060 -7937 855 -8679
1 11096 -7596 -3588 -4101 19001 868
2 9724 2406 -5374 -21372 -11051 -3415
2 0 0 0 0 0 0
3 1044 -7818 -5074 1133 2940 1886
4 3660 -3850 -194 -15584 -13950 -6488
1 -162 -9510 -2586 -1229 -2672 -799

1 0 0 0 0 0 0
4 -930 8042 -1776 1896 126 -357
2 1666 9026 246 2419 3036 1041
3 -780 -6740 -4638 -701 749 593
4 -784 7834 -1570 1907 198 -529
3 -504 -7136 -4826 -504 421 344
4 0 0 0 0 0 0
3 0 0 0 0 0 0
1 1200 -8312 -4096 -17 556 1653
2 2280 8826 82 3019 -3741 -645
1 22 -7222 -2844 3081 4201 4296
3 0 0 0 0 0 0
1 0 0 0 0 0 0
1 -1160 -8000 -4288 2387 -10323 -7433
3 0 0 0 0 0 0
2 162 6362 -302 2675 -810 -3176
4 0 0 0 0 0 0
4 0 0 0 0 0 0
2 1120 7828 -250 -1557 5781 1582
2 2038 8586 220 -1857 1929 1555
1 758 -7392 -3688 1009 -1434 -5423
1 836 -8986 -4262 -1607 -2130 -2840
4 928 6992 -3326 -111 1108 -340
4 2918 12398 -12606 8283 5757 1559
3 0 0 0 0 0 0
3 0 0 0 0 0 0
2 0 0 0 0 0 0
2 0 0 0 0 0 0
2 412 8520 240 1530 -2839 -1252
2 0 0 0 0 0 0
1 -112 -7606 -3176 -2155 -6427 215
1 -426 -6562 -2864 -1259 131 1745
4 7484 17598 -22254 27276 11071 7317
4 -470 11972 -5996 32640 10328 17898
3 -1054 -7528 -5578 -1805 -3356 -2494
3 0 0 0 0 0 0
4 -574 458 -740 17055 6215 12112
4 -730 -2252 564 6471 1207 3270
3 396 -7002 -4870 -645 -3762 -4694
2 2328 12140 -1402 3401 522 -2810
3 -1712 -6040 -4558 -1687 -8624 -5711
2 -624 17740 -13010 27561 -10309 -4278
1 0 0 0 0 0 0
1 0 0 0 0 0 0
3 -1264 -5974 -5054 2426 -1549 -387
1 1498 -6044 -3602 -383 -6243 4838
2 -6396 3410 -3544 32767 5993 3149
2 -3974 -5646 -2122 26115 10082 -457
1 938 -6504 -3628 -1243 -794 -1768
4 -570 -3938 2082 2912 -25 693
4 -80 -7142 1486 1422 -1145 464
3 0 0 0 0 0 0
1 2564 -9196 -2958 -1877 -12897 -9595
1 -536 -9598 -1970 -1380 -23254 -7689
2 64 -8452 -3130 8894 -1673 -5104
2 4224 -9568 -2586 -1690 -2609 -589
3 0 0 0 0 0 0
4 0 0 0 0 0 0
4 -4886 -6482 4120 -5439 -3105 -2748
3 0 0 0 0 0 0
1 -1924 -7538 -1640 -302 -2480 -7484
2 3838 -1480 -3710 -16884 -1697 3347
4 -9506 -696 990 -16253 -1056 -17619
1 0 0 0 0 0 0
2 1710 9384 -12432 -14502 8829 -2032
4 9578 -3746 -2534 4139 -13847 4778
3 0 0 0 0 0 0
3 0 0 0 0 0 0
3 0 0 0 0 0 0
2 588 5034 -5732 13609 -1408 -7065
1 -764 -7712 -3812 4185 967 -5921
4 7386 -1508 -7516 2799 -9638 4035
2 3132 -8870 3386 15496 6019 -5263
1 -1014 -8962 -4514 1496 772 3037
3 0 0 0 0 0 0
4 194 -4688 -1488 5138 -1490 3795
3 0 0 0 0 0 0
2 3758 -10582 5232 -4346 -3611 -5484
1 38 -9664 -4472 -1665 5268 8273
4 0 0 0 0 0 0

2 2030 8500 -416 1454 2048 -57
1 2312 -7268 -3384 -2292 -3931 1068
3 -200 -6716 -5070 990 30 -55
4 -146 7254 -1484 1188 557 -1177
3 0 0 0 0 0 0
2 108 8242 -350 1837 -1720 -2758
1 -642 -6368 -2902 626 -5856 1458
4 0 0 0 0 0 0
2 1742 8980 -500 2815 7251 1728
4 98 7700 -2028 -4764 289 1263
1 210 -7052 -3954 2894 7113 -2919
2 2402 7232 -176 3596 -2055 -1293
4 0 0 0 0 0 0
3 0 0 0 0 0 0
3 0 0 0 0 0 0
1 2632 -8090 -4690 1249 1988 -3471
2 -130 6762 -356 -421 -3183 79
4 -798 8630 -2610 -1938 1984 696
1 1330 -7478 -3716 -1356 -9696 -2375
4 -3084 10074 -6398 4600 7586 -1011
3 0 0 0 0 0 0
3 0 0 0 0 0 0
1 0 0 0 0 0 0
2 310 8596 10 -2951 5012 2716
4 4316 14666 -15864 21788 14351 6180
2 1588 9466 -776 -2340 3646 1404
3 0 0 0 0 0 0
2 3134 11738 -2008 4316 -6547 -4935
3 0 0 0 0 0 0
1 -1220 -6972 -3816 2911 1976 -2727
4 5636 9074 -6724 28655 8784 15602
4 810 3640 -528 18565 2912 8713
1 0 0 0 0 0 0
2 -2082 15402 -9902 26134 -7110 -8885
2 -1690 1362 -5154 29914 10375 -5009
4 1346 -2650 -972 7564 2502 1875
2 -3670 -7814 -2364 24049 11554 -3617
3 22 -6892 -4788 -865 -1781 -3291
3 0 0 0 0 0 0
4 3490 -7722 -2666 1550 -228 1427
1 2666 -8252 -4518 -1078 -5126 537
1 -124 -7090 -3066 -753 -13051 1935
3 0 0 0 0 0 0
1 -538 -7242 -2294 -780 277 832
1 1456 -7752 -2902 -466 -6119 -4179
3 0 0 0 0 0 0
1 0 0 0 0 0 0
3 0 0 0 0 0 0
2 -1362 -10384 -316 -500 -3216 -5071
2 32767 10042 21160 18037 32767 32767
4 816 -14348 2638 -1114 636 -1343
4 32767 -32768 32767 3185 32767 619
1 -764 -7104 -3598 2503 -2174 -3376
1 -606 -7576 -3588 2137 8291 -1492
4 450 3824 -2988 4977 5687 2115
4 2224 -1668 -1038 10488 2650 402
3 386 -6662 -5248 -1427 -4850 -3053
3 0 0 0 0 0 0
2 -5318 -2540 -5186 1488 7834 -4845
2 3508 -94 -104 13081 19445 358
4 4660 -3266 2012 4627 -4427 -200
1 674 -8018 -4820 974 2802 -1578
4 4588 -2068 2204 -874 -7684 -931
1 -68 -9624 -4614 -2251 3552 1105
2 2512 -5864 4056 1815 -1063 -4759
3 -626 -6868 -5586 3206 4411 4510
2 4296 -7650 880 -15702 8199 5860
3 304 -8370 -3246 59 2705 616
4 694 -1928 1846 -11639 -12926 -4223
1 384 -8506 -4012 -4031 4032 3670
4 2958 5164 -6166 -26183 -15070 -9646
1 366 -7706 -3374 -4741 8654 3569
3 0 0 0 0 0 0
2 3356 158 -6216 -24577 -12348 -1287
3 0 0 0 0 0 0
2 -1750 4132 -10010 -16897 442 4439
2 1162 6366 -8892 -14248 1981 1990
4 -602 16348 -6456 -29841 -5230 -4852
1 1520 -7006 -2860 -5110 4858 1863
3 0 0 0 0 0 0

3 0 0 0 0 0 0
1 156 -7526 -3412 38 -976 -797
2 0 0 0 0 0 0
4 -648 6764 -360 715 2078 -385
2 -1048 5336 -1458 2360 -5494 -1975
3 -1480 -6250 -5132 -150 -2093 -466
1 1004 -7432 -3468 224 -56 -4
3 0 0 0 0 0 0
3 -840 -7702 -5588 -1946 -302 -1461
1 410 -6914 -2946 1925 -5510 -382
1 0 0 0 0 0 0
4 1206 8610 -2844 -502 1984 -892
1 1594 -8202 -4320 2919 936 -1261
4 3012 11710 -11956 7068 6393 1422
4 5760 17958 -15536 31209 4290 13372
2 2180 13528 -7554 7211 5674 4916
3 0 0 0 0 0 0
3 0 0 0 0 0 0
1 472 -6270 -3664 923 -1611 475
2 -4452 7228 -11904 21704 -6611 -2719
3 0 0 0 0 0 0
3 -264 -7050 -5454 2008 -3601 -2349
2 -5364 -216 -886 30833 12107 -7511
4 134 6660 -2002 27807 5748 20618
2 48 -7706 -1212 22066 9053 -7339
4 -3730 -1712 1356 12506 -182 7525
1 1024 -7884 -3320 -2138 -2911 -1873
1 1056 -9848 -2238 -4833 -16220 366
4 -4306 -6750 2214 1635 -1617 -3385
2 784 -8826 -2930 7110 -2161 -4638
2 456 -6840 -418 -5644 -10153 -1922
3 0 0 0 0 0 0
4 -4180 -14720 2642 -12655 -3715 -13439
1 -776 -7942 -1650 -4162 -12304 3198
3 -1478 -7394 -5616 519 -1995 -904
1 -180 -5810 -2652 -741 -590 -2271
3 0 0 0 0 0 0
2 9200 4470 -13866 -525 -32768 17585
2 5476 23906 -8538 -4112 6736 -9033
3 -1110 -7128 -5002 -2147 -5119 -3401
3 -2108 -5238 -4484 878 -2540 -530
4 23322 -700 -28234 -906 7435 4668
1 384 -7052 -3304 3990 -2453 -7679
4 2302 -2828 -3416 4781 783 3621
1 0 0 0 0 0 0
1 -620 -7918 -5180 1963 3713 -4273
3 0 0 0 0 0 0
3 -992 -6668 -5336 448 -435 1026
4 978 -3368 -1084 -2317 -1934 1933
1 0 0 0 0 0 0
2 3854 -1264 2502 20314 8046 1301
4 0 0 0 0 0 0
2 2964 -6434 5814 5560 -4469 -4631
2 4394 -11072 5906 -18198 3236 7349
1 534 -8696 -4068 -4466 -3010 3157
3 0 0 0 0 0 0
3 0 0 0 0 0 0
4 0 0 0 0 0 0
1 0 0 0 0 0 0
2 4930 1854 -2816 -32768 527 4776
4 -810 1600 -1504 -11390 699 -7033
3 0 0 0 0 0 0
2 -4086 18514 -1706 -32768 1099 -2066
2 0 0 0 0 0 0
1 -154 -7534 -2244 -2925 13619 6714
4 954 7106 -8542 -25694 -5987 -11404
4 7310 15598 -10472 -22207 -3553 -7738
1 1268 -9920 -3856 217 11018 3040
3 0 0 0 0 0 0
4 620 12572 -10414 -10317 -15121 1464
3 0 0 0 0 0 0
4 -2306 8270 -4550 -3610 -8316 -180
2 13304 13194 -800 -2381 4942 -3003
2 9794 9126 820 1222 -27577 -11907
2 -1484 9422 538 1868 -2155 890
1 264 -6130 -2232 849 5079 4235
1 1252 -6790 -2830 1774 9810 5420
2 0 0 0 0 0 0
4 0 0 0 0 0 0
4 -388 8498 -2540 1921 3043 -204

4 -140 8036 -1604 208 -74 -525
3 -1032 -6818 -5100 174 -851 -619
2 462 8260 88 -544 4091 807
1 394 -7494 -3796 906 1986 143
3 0 0 0 0 0 0
1 934 -7946 -4264 254 309 -95
4 -86 7764 -1606 260 262 -515
1 0 0 0 0 0 0
4 0 0 0 0 0 0
3 0 0 0 0 0 0
1 744 -6738 -3118 -501 -5192 26
3 0 0 0 0 0 0
3 0 0 0 0 0 0
1 0 0 0 0 0 0
4 980 16724 -14526 14248 6993 2472
4 5710 9418 -8088 32391 11142 18329
2 1682 8168 -244 408 368 -420
2 0 0 0 0 0 0
2 580 7608 934 82 -8528 -4137
2 -372 9326 -834 -4036 6721 2828
3 0 0 0 0 0 0
3 -758 -7376 -5210 -1684 -2488 -2444
2 3456 13110 -2386 3674 -1648 -768
2 -9114 16032 -8974 23169 -1370 -7323
1 2310 -7650 -4172 338 1954 -1052
4 -868 6150 -910 25494 3404 17601
1 812 -8170 -3558 -1251 -7187 -192
4 -1384 -2472 184 11314 3450 9758
1 0 0 0 0 0 0
2 -3904 4242 -5278 31833 8864 -3681
2 -1474 -1644 -1360 25394 9620 -3312
4 -1736 -6416 504 1153 -834 2286
1 226 -7282 -3154 328 -1337 -1810
4 -2524 -9244 -502 -3453 -3171 -2062
3 0 0 0 0 0 0
3 -1312 -6150 -4290 114 -1521 -405
3 0 0 0 0 0 0
2 1072 -7586 -3922 5646 -3318 -5710
3 0 0 0 0 0 0
2 -178 -7504 1882 -15104 -4807 -2461
4 -2676 -14748 -2130 -7077 -3573 -8363
1 1696 -8298 -3426 -694 -6074 -4060
4 -28118 5398 -7774 -17283 9795 -15535
1 -44 -7646 -2302 -26 -13299 -3635
2 -3774 -7346 11522 9436 -32768 -15233
3 946 -7620 -5168 -1726 -2223 -2950
2 -4796 94 -1598 230 3967 -4706
3 0 0 0 0 0 0
4 -1324 744 -1062 5038 -998 882
1 -1218 -7236 -2664 2682 -3522 -6321
4 0 0 0 0 0 0
1 0 0 0 0 0 0
1 1538 -8254 -4684 178 6128 -15
1 0 0 0 0 0 0
4 4056 -4866 988 7980 -2436 4472
4 2738 -5878 1670 2534 -979 1588
4 1252 -3346 1522 -4175 -385 -2666
2 1104 -1836 -1078 1127 9520 -1039
2 0 0 0 0 0 0
2 4010 -3844 -3824 -20788 -1746 -1442
3 -1172 -5946 -4336 -552 -964 211
3 -574 -6670 -4958 3430 2250 2871
3 -130 -7354 -5626 2243 1549 1720
2 -2844 5526 -7562 -24973 -5895 1824
1 614 -8146 -3770 -4105 6073 4667
4 986 -480 -1620 -15404 -5115 -9567
1 0 0 0 0 0 0
3 0 0 0 0 0 0
1 264 -7470 -3426 -1930 10615 1981
1 1274 -7328 -3394 -2628 4825 768
4 1522 20 -6798 -24554 -29634 -5230
3 -768 -7192 -5196 124 4518 2272
2 -2850 8670 -5692 -21382 -2865 985
2 -830 10588 -2172 -17373 5758 1865
4 -2364 8836 -12898 -19004 -1819 4041
3 0 0 0 0 0 0
1 386 -7716 -3162 -2317 -1111 1345
4 -2276 7960 -9070 -11194 -9288 4619
2 6432 13574 -3224 -7570 10826 1913
3 0 0 0 0 0 0

4 -328 7842 -1772 -169 1743 -61
3 -754 -6842 -4904 -980 -372 -652
1 854 -7902 -4374 -1757 -1350 889
2 -1652 8900 -688 6766 -10388 -7015
3 -906 -6828 -4808 -549 -315 -840
4 -430 8176 -1798 172 1382 -209
2 -2806 4192 -208 4292 -216 -1591
1 0 0 0 0 0 0
3 0 0 0 0 0 0
1 0 0 0 0 0 0
2 -2562 8012 -2886 -1676 516 -58
1 658 -7446 -3656 560 -298 179
4 0 0 0 0 0 0
4 6876 15452 -15606 16540 8689 5942
2 -5374 15260 -17912 16691 3039 -6168
3 0 0 0 0 0 0
1 0 0 0 0 0 0
1 1650 -7840 -3982 160 -1642 -3622
2 -10010 10720 -3170 32767 18553 -11302
3 -770 -6446 -4878 1671 1811 969
2 -3026 -780 3512 29897 15745 -1401
3 0 0 0 0 0 0
3 -888 -7170 -5148 -3242 -5027 -4439
4 4512 15500 -11724 30702 3848 19264
4 -510 5346 -1462 23873 4161 17953
4 -3528 -760 2078 10268 1 7284
4 -8090 -13318 4616 -2386 -2287 -3668
1 1040 -8380 -2904 -746 -14836 -4356
4 -2104 598 -808 -22253 6129 -24144
1 -1084 -7692 -2266 -208 -8513 -3159
3 -1696 -7022 -4720 -1954 -2361 -2249
3 0 0 0 0 0 0
1 -632 -6694 -2802 2189 646 -4023
2 -172 -5948 1250 9413 228 -1728
2 1704 -7408 -2344 531 -656 -156
2 3350 -9806 4608 -12725 -9030 -4805
4 6474 7722 948 3142 -32768 6156
4 2056 -356 -5604 11870 -1328 8960
1 0 0 0 0 0 0
1 -1238 -7630 -3912 3601 -2194 -914
2 11504 -27150 19280 -11900 -32768 -24950
2 -10718 16860 -2210 5846 6029 -6404
3 1020 -6952 -4638 1834 -2880 -3057
3 -2502 -7010 -4098 -5030 -16876 -7601
3 -1786 -5318 -4214 5039 3111 2960
2 4222 -46 2310 13450 104 -2524
3 162 -7250 -5788 6293 985 3521
2 1984 -7136 2562 1933 481 -1028
4 -838 -5464 138 6714 2096 4064
1 68 -7530 -4510 56 11282 2984
4 -2432 -4034 1686 1678 -993 -2207
1 1216 -8844 -4906 -2819 5248 3460
1 0 0 0 0 0 0
4 -580 -1508 830 -2232 -1123 -6857
1 0 0 0 0 0 0
4 92 780 -170 -11946 -5477 -10357
3 -140 -7704 -6786 1526 1071 2060
3 -356 -7806 -5754 -2957 4439 1208
2 3630 -10002 1012 -14317 3714 5760
2 2162 -3832 -3508 -26579 -6769 3680
1 0 0 0 0 0 0
1 0 0 0 0 0 0
3 0 0 0 0 0 0
2 -2602 5512 -8318 -26241 1199 5726
3 0 0 0 0 0 0
4 1686 7930 -7930 -28927 -18579 -9747
4 3314 13212 -17798 -26520 -11643 343
2 -3034 9976 -6176 -22425 2053 330
3 0 0 0 0 0 0
3 0 0 0 0 0 0
2 0 0 0 0 0 0
2 5250 15166 742 -7749 24572 7658
4 470 9504 -11224 -11291 -8454 3232
4 -1760 8666 -4570 -7387 -3257 2378
1 0 0 0 0 0 0
1 -800 -7776 -2804 3978 8133 4253
4 -1684 9514 -3164 -2747 2087 932
2 2908 9314 -20 2905 -16389 -8052
3 0 0 0 0 0 0
1 1572 -8370 -3352 3793 11826 7229

2 1802 7742 -366 323 538 -1203
4 -180 7714 -1824 -128 535 -182
1 1070 -7284 -4298 1298 668 -362
3 -846 -6754 -5140 -379 -807 -531
3 0 0 0 0 0 0
3 0 0 0 0 0 0
3 0 0 0 0 0 0
3 0 0 0 0 0 0
1 632 -7360 -4162 47 -2893 -396
1 0 0 0 0 0 0
1 0 0 0 0 0 0
2 804 8120 -304 -514 1984 592
2 2200 7550 -488 1558 4409 2946
2 1268 9554 -522 343 -11996 -2676
4 -138 8042 -1818 -156 533 8
4 872 8782 -3950 967 1974 -624
4 2408 12394 -9614 9846 195 1237
4 1716 17120 -13878 25181 5471 8277
2 168 12232 -2070 3467 4125 -857
1 1068 -7372 -4144 -917 4738 -1149
4 728 9466 -4556 31764 8357 18581
3 0 0 0 0 0 0
2 1876 12980 -4974 17457 -7255 -5337
1 1902 -7702 -3858 -1899 -8168 -3146
3 0 0 0 0 0 0
4 -2186 1386 700 22433 5219 14883
2 -5572 3792 -8126 26799 1400 -2713
1 -216 -7988 -2192 -1149 -13759 15
4 -4342 -2346 3122 11362 -328 4255
4 -2176 -7158 5358 336 -1426 -2439
1 -896 -6578 -2954 1904 4231 188
1 1700 -6488 -3932 2723 5240 -3507
3 0 0 0 0 0 0
2 -2636 -2154 -1642 28674 10363 -270
3 0 0 0 0 0 0
2 -286 -6546 -2432 15937 2291 -2248
4 -4084 -11516 6684 -8941 -4984 -4534
2 1898 -4818 -3688 478 -5618 -4823
1 1624 -8518 -3558 1282 -9355 -5772
4 -7610 -8168 5240 -23060 -4338 -18437
2 0 0 0 0 0 0
1 -10 -8344 -2756 165 -15218 -2723
3 0 0 0 0 0 0
3 -200 -6726 -5058 -1351 -3511 -2555
1 -2232 -7574 -2492 2888 -930 -1776
1 494 -6598 -4582 1949 16646 -787
4 7894 -3668 -17440 1634 1374 4192
4 5912 1294 -7060 12050 -6452 10521
2 22084 -32768 -21676 32767 -19293 3331
3 0 0 0 0 0 0
2 -5776 19620 -3204 -1225 1494 -7528
3 0 0 0 0 0 0
2 3116 -5490 2076 9426 5493 -969
2 1632 -7750 918 -4321 707 50
4 -342 -1798 1710 8936 2698 5092
4 -648 -3276 2534 3319 3308 213
1 2230 -8112 -4920 376 -1276 -298
1 -1254 -8668 -4296 -1892 -2264 3598
3 0 0 0 0 0 0
3 0 0 0 0 0 0
4 0 0 0 0 0 0
1 1276 -9186 -4022 -4458 7646 3534
4 844 -1932 744 -6839 -1537 -6340
2 3278 -6262 -2692 -19724 2413 3388
1 792 -7140 -3096 -3985 -1501 2575
2 -2362 3212 -7490 -25407 -3418 2607
3 176 -7098 -5914 1234 3486 3289
3 0 0 0 0 0 0
3 0 0 0 0 0 0
4 3266 -2502 -5570 -18147 -10367 -11750
4 0 0 0 0 0 0
2 0 0 0 0 0 0
2 1014 12914 -5046 -18130 4580 -1612
3 0 0 0 0 0 0
1 -344 -6960 -2712 -2090 1826 1504
1 0 0 0 0 0 0
3 0 0 0 0 0 0
4 0 0 0 0 0 0
2 2984 12162 -3820 -7980 7613 -3737
1 0 0 0 0 0 0

1 500 -7838 -4322 434 -1637 -741
1 0 0 0 0 0 0
4 -82 7844 -1698 581 -613 -163
1 0 0 0 0 0 0
1 0 0 0 0 0 0
3 -646 -6490 -5044 183 566 348
2 1302 7744 84 257 -2041 -716
1 0 0 0 0 0 0
1 326 -7040 -3612 1865 4839 916
4 2404 9194 -5384 387 2105 -698
2 1340 8300 -458 -1479 1107 318
4 3402 17812 -15966 19907 4371 5659
2 0 0 0 0 0 0
3 -850 -6716 -5192 105 186 99
3 0 0 0 0 0 0
4 1496 12232 -7376 32767 5306 16864
4 -1650 5044 -846 25579 7280 17348
1 1792 -7098 -4318 1489 1522 -494
1 1056 -7632 -3778 734 -4205 -1032
1 0 0 0 0 0 0
4 -4492 -1610 1816 13161 1031 5704
2 2704 10316 -774 2461 -9329 1838
2 -4018 13388 -10704 18398 -7280 -2971
2 -4398 4640 -8024 26083 3508 -7711
3 0 0 0 0 0 0
3 0 0 0 0 0 0
3 -868 -6890 -4772 -2844 -2330 -2651
1 110 -6816 -3124 1403 727 -1122
4 -2646 -6550 3296 2935 -993 -3187
2 -1248 -1322 -1836 21263 10778 -6940
4 0 0 0 0 0 0
2 5796 -4652 -8098 8009 -1672 -7179
3 -1078 -6640 -4536 -768 -2037 -1481
3 0 0 0 0 0 0
1 0 0 0 0 0 0
1 708 -9196 -2890 -1965 -9159 -376
2 2236 -3008 -4928 171 -1522 1554
1 0 0 0 0 0 0
3 -1494 -6868 -4578 -1163 -6281 -3737
4 -1144 -15296 8262 -12008 1878 -9801
1 -182 -6608 -2510 742 -2279 -2280
3 -1360 -6572 -4560 3566 -1767 -635
1 0 0 0 0 0 0
3 0 0 0 0 0 0
4 -1966 27128 -32768 -12881 -24678 -13934
2 20568 13866 26958 4679 -26997 23373
4 6876 3716 -6430 12007 -4381 6997
2 12170 -1546 -7892 -4145 22065 726
3 -916 -6952 -6046 2237 -2126 33
1 0 0 0 0 0 0
3 0 0 0 0 0 0
1 0 0 0 0 0 0
2 1024 506 -4066 5707 2151 -2767
2 3716 -5268 -2172 2231 10662 84
4 850 -3728 1852 10332 1265 6094
4 292 -5214 3264 4162 1345 2771
3 -432 -6856 -5208 -1163 3350 2040
2 6164 -6642 -2848 -8804 6703 830
1 -636 -7536 -3120 -712 255 1051
4 690 -4946 2568 -1622 1098 -1294
4 -324 -1906 1802 -8231 -1725 -5415
3 0 0 0 0 0 0
2 4026 -690 -4598 -19026 -6530 -1016
1 0 0 0 0 0 0
3 0 0 0 0 0 0
3 0 0 0 0 0 0
1 0 0 0 0 0 0
2 0 0 0 0 0 0
4 1192 1412 -2010 -18056 -6994 -12012
2 626 8424 -6518 -16940 -3349 -1034
4 2452 6394 -11900 -23892 -9326 -8813
4 6104 6918 -14136 -20025 -8840 -1757
4 1404 8360 -9116 -13900 -13974 3037
2 434 10252 -5110 -13028 2220 -2787
2 1784 9736 -3534 -7291 2742 -3513
3 0 0 0 0 0 0
3 -1000 -6008 -4510 2988 4923 3941
3 -948 -6966 -5302 2548 2570 2717
2 2070 9136 -1924 -4574 -2376 -2686
4 -426 9380 -5276 -11960 -10427 1451

1 598 -7492 -3944 419 -583 -998
4 -232 7912 -1768 -111 -140 -430
3 -820 -6802 -5100 475 135 -77
2 1728 8110 -596 263 -771 430
1 0 0 0 0 0 0
3 0 0 0 0 0 0
2 1170 8024 -408 104 -1100 -218
4 -168 7896 -1850 -399 -43 -312
4 0 0 0 0 0 0
1 0 0 0 0 0 0
1 0 0 0 0 0 0
4 -160 9378 -4408 1688 -614 -3
3 0 0 0 0 0 0
2 0 0 0 0 0 0
2 0 0 0 0 0 0
3 0 0 0 0 0 0
3 0 0 0 0 0 0
3 0 0 0 0 0 0
4 5504 11992 -13216 16703 -606 6292
4 2760 14394 -11148 27587 3742 13609
2 0 0 0 0 0 0
2 0 0 0 0 0 0
1 0 0 0 0 0 0
1 0 0 0 0 0 0
1 0 0 0 0 0 0
4 424 5502 -2110 25034 3637 16122
4 -1918 -1890 -200 12635 1383 7331
1 1224 -8048 -3624 237 -4332 -793
2 2016 12342 -1852 6781 -7246 -5343
2 -3646 10546 -12998 23307 -746 -3160
3 0 0 0 0 0 0
3 0 0 0 0 0 0
4 -2042 -5584 90 3845 1968 315
2 -3858 -216 -3768 29610 9006 -5749
2 -822 -5202 -2820 19641 9171 -4639
4 0 0 0 0 0 0
1 -46 -5962 -2762 681 -2557 -359
1 1540 -8638 -3544 -230 -1969 -3195
3 0 0 0 0 0 0
3 0 0 0 0 0 0
1 732 -8044 -2538 -1104 -14947 -4323
2 2280 -4838 -5976 3727 -7739 -6612
2 4106 -9598 -3626 -5648 5834 9371
1 -878 -6934 -1860 -282 -8933 -2833
3 0 0 0 0 0 0
3 0 0 0 0 0 0
4 -4368 -16388 774 -6816 -5547 -7352
4 -1112 5956 180 -22508 12258 -20325
1 0 0 0 0 0 0
1 -118 -7862 -4172 2026 12832 -1930
2 -7030 -3392 12246 -10006 -32768 -16295
2 2706 8030 -2374 624 14294 -4348
3 -258 -7182 -5688 -569 -4932 -2553
3 -2374 -6140 -5002 -2238 -3637 -950
4 10804 4674 -4486 11811 -4550 5022
4 1428 -3726 938 12116 -695 7492
1 1778 -7792 -4600 -232 -473 1495
2 2186 -2044 -1218 437 2714 -6058
2 2864 -5510 -1474 -17542 5809 756
3 0 0 0 0 0 0
3 0 0 0 0 0 0
1 -868 -9026 -4374 -1375 -2393 2202
4 -58 -5060 2548 5113 1343 2375
4 950 -3962 2380 -326 583 -1487
1 276 -8176 -3626 -2962 4203 3877
2 2666 4092 -720 -32768 -5254 -3499
1 0 0 0 0 0 0
2 2576 22780 538 -32768 11716 -6082
2 10012 13608 970 -6287 7509 -2690
3 0 0 0 0 0 0
4 810 -1916 1388 -6261 -4076 -5643
3 0 0 0 0 0 0
4 1270 -294 -1132 -16558 -7072 -9161
1 554 -7386 -3122 -2525 3303 787
4 1748 2924 -12544 -22582 -22975 -7905
4 -1980 4020 -13634 -15888 -10301 3615
2 4580 8752 -1484 1331 -28055 -11019
3 0 0 0 0 0 0
3 0 0 0 0 0 0
1 0 0 0 0 0 0

1 752 -7204 -3730 115 270 -260
2 1416 7676 78 -1051 601 -655
3 -838 -6704 -5198 319 -121 26
4 16 7798 -1774 -124 168 -15
1 0 0 0 0 0 0
2 1106 7538 -82 -1551 981 918
3 0 0 0 0 0 0
4 90 7920 -1948 -249 201 -7
2 0 0 0 0 0 0
1 0 0 0 0 0 0
2 0 0 0 0 0 0
4 5388 11132 -9092 3464 -1342 -723
4 2474 16882 -13078 22148 -281 6592
1 0 0 0 0 0 0
3 0 0 0 0 0 0
3 -1020 -6592 -5026 582 1153 1114
4 -382 12570 -7538 32400 7142 15209
4 -1868 4878 -2328 25509 10462 17851
2 3554 9374 -1778 8080 -6599 450
2 10 14408 -8074 22956 -14704 -7463
3 0 0 0 0 0 0
1 466 -7242 -3280 472 -2833 -542
3 0 0 0 0 0 0
1 0 0 0 0 0 0
2 -4066 2164 -1694 28454 14955 -9196
2 396 -4630 -2354 22557 12752 -2369
4 -5268 -1784 4630 15762 655 6255
4 -3596 -8526 7630 1406 -1432 -1414
1 246 -7326 -3144 132 -784 -142
1 856 -8380 -3466 -274 -2523 -1065
3 0 0 0 0 0 0
3 -1222 -6730 -4648 -1061 -675 -614
1 516 -7804 -3096 -993 -5979 -1930
1 360 -7692 -2740 -647 -7122 -2480
4 -3732 -12676 4786 -10339 -6617 -5007
4 -8214 -5056 3020 -21925 -3199 -19579
1 0 0 0 0 0 0
2 2890 -4928 -4342 7012 1960 -363
2 5806 -7836 -7000 -707 -7030 -2363
2 -32768 -1222 -16848 -21582 1524 3974
3 0 0 0 0 0 0
3 0 0 0 0 0 0
2 -4622 3934 -2158 -2723 -1534 -1990
4 -2056 2974 -5250 5172 -10597 1364
2 1976 774 -306 9995 8846 -1549
4 3548 -2300 -2588 9254 -2044 5565
3 0 0 0 0 0 0
1 0 0 0 0 0 0
3 0 0 0 0 0 0
1 106 -8124 -4126 2186 4653 -691
4 1516 -4434 816 6504 2062 3247
2 1780 -4028 1416 -3765 -3183 -5393
4 1298 -3924 1356 1467 -274 395
2 5616 -1128 -4814 -29676 7469 1955
3 -720 -6570 -5400 -270 -834 -8
3 0 0 0 0 0 0
1 354 -7722 -4498 -369 729 1173
1 0 0 0 0 0 0
1 0 0 0 0 0 0
4 1230 -2270 116 -4497 -2436 -5416
1 530 -7810 -3190 -3194 7083 3038
4 1596 -1950 96 -16787 -3497 -10769
2 -5714 17488 -5314 -32768 -2427 461
3 0 0 0 0 0 0
2 1094 15900 -4198 -21179 8905 -498
3 0 0 0 0 0 0
2 3040 11398 -2964 -7274 6736 -1865
4 -300 1544 -4332 -25484 -19576 -7024
4 2150 10426 -10982 -23863 -5665 172
1 566 -7608 -3118 -1998 2531 713
2 3354 8870 -1572 -564 -4254 -3948
1 0 0 0 0 0 0
3 0 0 0 0 0 0
3 0 0 0 0 0 0
4 1760 12350 -8318 -14767 -12166 1894
1 0 0 0 0 0 0
2 1696 8892 -424 2975 -7170 -3132
4 -668 9736 -5014 -8019 -7465 1043
3 0 0 0 0 0 0
3 -942 -7026 -5456 515 2018 -142

2 1560 8546 -290 278 -564 -280
4 4624 14370 -12356 29104 4573 14125
1 508 -7400 -3516 -495 804 270
3 0 0 0 0 0 0
2 2758 9636 1254 1335 -4058 -729
4 1212 7474 -5090 27414 8068 19073
1 0 0 0 0 0 0
3 428 -7048 -5310 802 1305 336
3 -684 -7018 -5022 -2555 -2426 -2751
3 -1436 -6288 -4584 -1684 -1416 -1697
1 514 -7886 -3256 -428 -3149 116
1 0 0 0 0 0 0
4 -2260 1532 806 19171 2653 13106
4 -4080 -3456 3482 9841 977 3182
4 -3086 -6996 5334 -872 -3499 -3060
2 370 17704 -7262 18206 -20708 -8357
2 -6054 6124 -12194 32284 1814 -3090
2 -2564 96 702 31612 11368 -5955
2 1550 -5670 -3026 10719 2264 -3940
4 -1984 -9890 3954 -8704 -4939 -6019
3 0 0 0 0 0 0
3 0 0 0 0 0 0
4 -4480 -15090 3162 -13822 -4691 -12467
1 0 0 0 0 0 0
2 3654 -4808 -5372 -2413 -2275 -3468
1 1454 -8450 -3616 218 -6308 -4589
1 -184 -7972 -2348 -110 -11023 -3334
3 0 0 0 0 0 0
1 -1018 -7150 -2588 2325 -5030 -3732
2 -30254 -24642 17946 -24925 1540 1611
3 0 0 0 0 0 0
2 -12214 -6160 6206 -3180 -24976 -8710
3 -1024 -7454 -5692 -855 -6988 -3903
4 24004 32767 -29294 -6448 24428 -18237
1 -660 -8240 -4050 3021 7019 -4328
3 -2236 -5778 -4894 -286 -1221 -175
4 6372 1996 -720 7922 3566 5632
1 770 -7794 -4118 486 -86 523
3 0 0 0 0 0 0
4 3186 -5286 -1162 8743 2191 6198
4 1638 -5920 1070 4047 1018 3290
1 0 0 0 0 0 0
2 2644 248 -2300 8405 14772 -1981
2 3258 -4124 -992 204 3311 -5313
3 0 0 0 0 0 0
2 5766 -7098 -2606 -14338 4933 -603
4 852 -4120 1538 -263 -1186 -1564
4 280 -1492 916 -5623 -3881 -6611
3 0 0 0 0 0 0
1 396 -8346 -3788 -2350 3919 3103
1 0 0 0 0 0 0
2 196 1960 -4890 -23293 -5176 -2602
4 326 954 -2722 -16597 -12313 -11851
1 534 -7386 -3132 -2368 3538 2098
1 334 -7028 -2744 -1247 1021 838
2 4494 7766 -6182 -21311 1975 -4734
2 662 10912 -3868 -17609 4855 -3943
4 1128 7198 -9020 -26989 -12686 -11318
3 0 0 0 0 0 0
3 0 0 0 0 0 0
1 0 0 0 0 0 0
4 7558 12770 -12426 -19592 -4744 -4318
4 2642 12014 -6302 -13555 -10165 164
1 176 -7614 -3360 1651 5234 1580
3 0 0 0 0 0 0
3 0 0 0 0 0 0
2 3632 11800 -2228 -12885 6744 -5263
2 5202 10602 -1366 -2893 -212 -3191
3 0 0 0 0 0 0
2 1714 8262 138 1954 -13974 -2949
3 0 0 0 0 0 0
2 532 8170 -424 2262 -7277 -731
4 -1208 10042 -3668 -6604 -9607 338
1 1312 -7450 -3856 1183 2820 1729
4 -1336 8808 -3038 -1323 2365 830
1 768 -7740 -3976 1133 -144 826
1 0 0 0 0 0 0
2 42 8246 -758 1122 5282 3028
4 0 0 0 0 0 0
3 0 0 0 0 0 0

1 0 0 0 0 0 0
4 366 8024 -2414 -414 508 337
3 -922 -6670 -4946 9 72 238
1 0 0 0 0 0 0
2 654 8866 -406 -2490 -485 -899
2 1886 9018 336 -824 9151 899
4 4390 10646 -7748 3420 1386 742
4 728 22098 -16336 31365 -11349 12555
1 0 0 0 0 0 0
3 0 0 0 0 0 0
3 -1416 -7056 -5038 655 802 1155
4 -554 12062 -5540 32767 8561 18635
2 2152 8198 -184 564 -2166 -663
1 176 -7724 -3036 -1287 -8270 -948
2 3202 10614 -2446 4624 -930 1795
3 144 -6916 -5070 2626 3380 1709
3 16 -7244 -5174 -1486 -2311 -3032
3 0 0 0 0 0 0
4 -2346 4154 -312 23564 6253 15180
4 -4546 -1498 1740 11650 -493 2704
2 1288 13496 -7064 15430 -9840 -340
1 -934 -7934 -2670 -758 -3913 2062
1 0 0 0 0 0 0
3 -1184 -6944 -4718 -123 114 -153
2 -2120 10012 -9206 28022 -1290 679
2 -2028 1678 -1042 29860 5383 659
1 0 0 0 0 0 0
4 -2008 -6892 4086 4365 -103 -1529
4 0 0 0 0 0 0
4 -4308 -8384 3386 -9422 -7051 -344
1 0 0 0 0 0 0
1 2180 -8320 -3928 -1868 -6238 -3343
3 0 0 0 0 0 0
3 -218 -7080 -4610 -93 -3022 -2476
3 0 0 0 0 0 0
3 -836 -5946 -4580 2890 -1278 -17
2 124 -6752 -1012 15648 1454 -2533
2 2396 -13072 -4722 181 -5890 -7343
4 -12094 -13480 2180 -14761 -12676 -8890
4 32767 32767 -32768 -20627 32767 -15563
1 340 -8084 -2602 -3472 -12444 -5204
1 -1216 -7006 -1890 -1198 -10271 -5338
2 32767 32767 -32768 14381 1409 -6875
4 3910 -622 -3798 9611 20783 2783
2 -13490 2348 4316 4879 -9155 -7030
4 1734 -2884 1994 11489 1540 3557
2 4256 -4598 -212 7209 17542 2777
1 -1730 -7680 -2870 2190 3679 -4724
3 -92 -7056 -5292 924 -5308 -1643
1 0 0 0 0 0 0
3 -1256 -6456 -5316 -607 -3108 -362
1 658 -7640 -4250 1165 2570 2623
2 294 -5172 636 -4798 -20 -1915
4 1798 -4682 2330 5413 1415 2535
1 192 -8556 -4428 -256 5717 3848
2 1754 -5206 -2234 -18365 4321 2726
4 1252 -4212 2850 968 -592 -287
3 0 0 0 0 0 0
3 0 0 0 0 0 0
3 -336 -7348 -4844 32 1838 344
3 0 0 0 0 0 0
1 1744 -8494 -4240 -2999 7486 5141
2 -1686 2020 -4612 -25591 -10453 698
2 0 0 0 0 0 0
1 1004 -7132 -3738 -2825 4611 2173
4 2146 -3802 1712 -3335 -1551 -2837
4 1228 -2224 1468 -10340 -5038 -5605
1 1126 -6944 -3220 -2425 1287 -1944
3 0 0 0 0 0 0
1 0 0 0 0 0 0
3 0 0 0 0 0 0
4 2496 1790 -3882 -20004 -18497 -9929
2 -700 12540 -4792 -20824 3255 -1566
4 -1088 9756 -10260 -26220 -3232 -6596
2 2112 12434 -2668 -11702 10534 424
1 0 0 0 0 0 0
3 0 0 0 0 0 0
4 0 0 0 0 0 0
2 2514 10762 -1224 1078 -19948 -5964
2 -556 8966 126 4028 -2797 -882

1 3072 -7638 -4658 2182 5731 -1416
4 556 8344 -3872 3574 -1361 142
3 -986 -6628 -4862 168 -499 -6
2 2816 9254 -202 -240 426 -125
2 0 0 0 0 0 0
4 -652 7070 -3586 4312 -1367 291
4 -1404 6162 -2672 1582 1146 -410
4 0 0 0 0 0 0
2 0 0 0 0 0 0
1 1298 -8394 -4088 -659 -7655 -1480
1 -380 -7678 -3430 -1650 -5076 -583
1 156 -7110 -3182 -962 1701 -694
3 0 0 0 0 0 0
3 0 0 0 0 0 0
3 0 0 0 0 0 0
2 0 0 0 0 0 0
4 0 0 0 0 0 0
1 0 0 0 0 0 0
2 0 0 0 0 0 0
4 0 0 0 0 0 0
1 0 0 0 0 0 0
1 730 -7988 -3716 -228 1527 1927
2 1968 8352 -234 279 304 576
2 3588 11048 -258 3610 -866 2983
4 6406 13802 -12892 12386 -4450 3638
3 0 0 0 0 0 0
3 0 0 0 0 0 0
3 0 0 0 0 0 0
1 1012 -6802 -3418 112 -2730 1683
3 0 0 0 0 0 0
1 344 -6822 -3752 1192 69 -317
3 0 0 0 0 0 0
4 3398 11320 -11134 25584 2158 13646
2 3520 11770 -4580 12934 -18340 436
4 -310 4612 -5224 23939 6050 16269
2 -6178 9592 -9288 21253 -920 1352
1 0 0 0 0 0 0
4 -1702 -762 -1560 14548 -850 9734
1 1288 -8462 -3464 -1753 -11699 -3510
4 -4098 -4366 1304 2569 -6265 2388
2 -3568 2224 -4434 26875 4383 -4521
3 0 0 0 0 0 0
2 -190 -3766 -1596 20480 3802 -7857
3 0 0 0 0 0 0
1 -732 -8298 -2634 -1864 -10218 -1123
2 1224 -4940 -5546 5767 -4313 -8332
1 -30 -6940 -2704 -245 -2224 -1764
2 2124 -5188 -7386 -912 -3175 -7207
4 -7452 -7070 400 -4280 -9629 477
3 0 0 0 0 0 0
4 -13872 -7370 1350 -11678 -18181 -2431
3 0 0 0 0 0 0
4 -24842 13468 -2260 -27704 6948 -24614
2 6776 -4036 -5682 -10949 4965 2482
3 0 0 0 0 0 0
2 -20056 10354 3568 505 -11202 -7983
3 -158 -6650 -4808 -1159 -3132 -1559
1 30 -7262 -2982 2553 -3073 -5009
4 -5436 -4154 1382 10341 166 -16449
1 0 0 0 0 0 0
1 0 0 0 0 0 0
1 0 0 0 0 0 0
2 3120 -670 -2382 10769 7769 -2547
2 1042 -4134 700 948 1519 -1540
4 3568 -6688 1542 9785 8165 3159
3 0 0 0 0 0 0
4 684 -4588 2508 1461 2167 2855
3 0 0 0 0 0 0
4 -156 -4172 1994 -1898 1424 193
2 3248 -7106 -320 -14161 8529 7557
4 866 -3438 1330 -5223 546 -2279
3 -534 -7010 -5170 530 -319 61
3 0 0 0 0 0 0
1 544 -8542 -5118 -1693 3249 779
2 3052 330 -7424 -27282 -3565 1477
1 1192 -8414 -3990 -5362 3883 2363
4 284 -936 1326 -10846 -1141 -5317
2 -3866 10992 -6304 -24416 -2001 4553
1 0 0 0 0 0 0
3 0 0 0 0 0 0

3 -922 -7220 -4702 -2742 2203 472
4 42 7920 -1580 1892 2994 -1494
2 844 8234 -286 -185 554 183
1 876 -7394 -3954 -184 -450 630
4 314 7506 -1702 770 2114 -872
3 0 0 0 0 0 0
4 0 0 0 0 0 0
3 0 0 0 0 0 0
2 994 8322 -360 47 519 -66
1 952 -7266 -3880 -81 -3 158
1 0 0 0 0 0 0
4 -880 7506 -4440 -2455 6470 -813
2 0 0 0 0 0 0
1 0 0 0 0 0 0
3 -798 -6944 -4816 3903 -4037 -2318
4 10556 14854 -16934 14129 4821 5663
4 8472 18248 -12374 30631 3890 21861
3 0 0 0 0 0 0
3 -486 -7252 -5678 1661 -2808 -2325
1 0 0 0 0 0 0
2 0 0 0 0 0 0
2 0 0 0 0 0 0
1 0 0 0 0 0 0
3 0 0 0 0 0 0
3 0 0 0 0 0 0
2 2404 16786 -6520 20790 -9536 -2971
2 -500 5118 -10272 28899 -1216 5216
4 -144 6874 -3472 23817 1580 19627
4 -2692 738 -1772 12409 -78 9040
1 1764 -8804 -3886 -13 -3001 -337
1 0 0 0 0 0 0
4 -2872 -1840 -16 6320 -2322 2209
3 -522 -6656 -4778 -851 -1545 184
3 0 0 0 0 0 0
1 0 0 0 0 0 0
1 1842 -8446 -3542 -501 -4353 -4025
4 -3688 -4352 1420 2040 -4509 -1744
2 -3896 238 -1062 32767 6718 1848
2 -1006 -9232 -1432 20782 -57 -2344
1 936 -7844 -2400 -2433 -15216 -3817
3 2332 -8430 -3350 1069 3664 122
3 566 -6932 -3782 1168 -5042 -2917
1 -922 -7648 -2504 -644 -12179 -5128
4 -3754 -10106 1556 -4207 -7864 -7200
2 -2280 -11008 440 6648 -12386 -6089
4 916 -16940 -4924 -10102 -10258 -14374
2 1944 -8554 1108 -15583 -2599 -673
4 17858 10532 -7196 -327 9346 6872
1 -980 -7252 -3268 2029 -4745 -4429
4 708 2544 -5696 8682 -11320 8965
4 -1714 -3526 3310 8921 3218 1609
1 -800 -6798 -3302 2285 7140 954
2 -2940 -16940 -4950 11039 -32768 -11451
3 0 0 0 0 0 0
2 478 6872 -3848 11896 17431 -47
1 0 0 0 0 0 0
2 3438 -8002 12700 6872 376 -2562
3 -546 -6172 -4504 -1479 -9209 -5067
2 5654 -2590 5926 -19072 12186 5056
4 -300 -4704 3262 4818 1748 -1981
3 -2642 -5922 -4890 1 -5044 -238
3 -626 -7310 -5646 3842 5858 5827
1 274 -7768 -5080 635 -78 -663
1 556 -9756 -4322 -2852 3876 4227
3 2086 -8614 -4158 -673 1570 1241
1 0 0 0 0 0 0
4 0 0 0 0 0 0
4 1478 -1986 2214 -3942 -4680 -6704
3 -334 -7178 -5354 -237 4132 647
1 356 -7820 -2958 -1671 7572 2564
2 -272 2490 8848 -32768 -13873 -3313
2 -5826 23564 -12456 -27053 9450 5935
4 -786 518 1830 -19824 -11824 -9521
4 -3370 20230 3846 -32768 -21762 -9449
1 0 0 0 0 0 0
3 0 0 0 0 0 0
3 0 0 0 0 0 0
2 -4024 12008 -8248 -14868 -14835 1837
2 -2856 11766 -3904 -14037 330 5875
2 412 12364 -1072 -7077 20289 4886

1 292 -7578 -3828 -1366 -3267 -1256
2 432 7692 -278 662 -381 1136
4 -368 6970 -1312 464 688 -688
3 -800 -6814 -4324 -3349 3171 1868
2 956 8482 2 1187 -917 882
1 1076 -7366 -3298 -1978 -934 157
4 -212 7190 -1540 -2361 588 -256
3 0 0 0 0 0 0
3 0 0 0 0 0 0
2 0 0 0 0 0 0
2 1054 8598 -1112 1831 5051 887
1 -130 -6596 -3230 1220 -5910 -349
1 -110 -7852 -3806 1710 7022 -981
1 2502 -7690 -4194 395 -2058 42
4 0 0 0 0 0 0
3 -246 -6894 -4458 4533 -2508 125
4 0 0 0 0 0 0
4 6900 12700 -11028 5752 2495 -232
3 -762 -7830 -5414 4725 -5363 -1552
1 0 0 0 0 0 0
1 0 0 0 0 0 0
3 -1366 -7380 -5768 3318 -2790 -905
3 76 -7458 -5882 562 -572 -1784
1 0 0 0 0 0 0
3 -924 -6838 -5172 -4060 -3596 -4013
2 1208 8738 -1684 3945 -2727 -759
4 5176 17458 -12126 25782 -3192 11215
4 -18 11996 -7226 27989 -178 16281
4 -2592 3880 -2208 21324 391 13028
4 -5786 -3088 286 11863 -2387 6418
2 854 14416 -6914 17013 -8887 -2388
2 -3072 8550 -9044 26936 -2591 -1854
2 -3960 -776 -2576 26022 9584 -3844
2 -1334 -6286 -1520 20012 5168 -5971
1 2104 -8054 -3906 -133 -4096 -4066
3 -1514 -6588 -4760 -3980 -1984 -2181
4 -9052 -3068 2946 3867 -6063 1294
1 680 -8296 -2702 -1901 -16097 -2372
4 -9312 -5724 4088 -9607 -12799 -5181
1 -854 -7630 -2226 -1646 -9663 -1430
2 2466 -7882 -3070 7690 -2313 -5025
3 -1114 -6440 -4528 -2348 1169 109
2 2970 -11122 -4250 1931 -8231 -3651
2 3060 -12938 -1494 -7073 17 400
1 -688 -7300 -2772 2018 -4088 -3406
1 -930 -8842 -4154 4756 4846 -5376
2 -5324 -20102 -7520 3257 -32768 -15431
3 0 0 0 0 0 0
3 0 0 0 0 0 0
4 -20080 1064 -5022 -27860 -12320 -20450
4 2562 -1984 -14098 15102 -12869 -13851
3 -658 -6468 -4176 -1547 -7214 -4176
4 9446 -4222 2534 13159 9948 2485
2 2396 1672 -726 13328 30411 401
1 734 -8022 -4350 2485 4087 -50
3 -688 -5460 -4214 2474 -4785 -1777
2 1488 -7734 4626 5823 -5839 -6471
4 1462 -1566 3892 2125 -4729 4317
3 0 0 0 0 0 0
2 2460 -8176 2460 -2804 2790 2348
4 392 -4008 3604 767 -1115 -678
1 0 0 0 0 0 0
1 0 0 0 0 0 0
3 -1980 -7138 -6336 75 -4503 -360
3 -768 -6506 -5452 220 4537 3354
4 0 0 0 0 0 0
1 1262 -8314 -3980 -5292 1913 307
2 1062 -7450 874 -12803 428 6116
3 0 0 0 0 0 0
3 0 0 0 0 0 0
4 828 -612 1634 -5590 -5634 -3834
2 570 -1798 -836 -25697 -2258 6431
4 -1644 126 1360 -17504 -8161 -3482
2 -3690 9092 -2492 -31594 -2027 5634
1 0 0 0 0 0 0
1 0 0 0 0 0 0
2 -538 16876 -5700 -23552 14587 5319
1 0 0 0 0 0 0
4 -2442 13966 -5644 -32768 -8995 -3841
3 0 0 0 0 0 0

2 1826 8126 -302 1267 -1101 -413
3 -734 -6260 -4756 -1277 106 -552
1 0 0 0 0 0 0
4 -746 7238 -2370 575 1519 -683
1 0 0 0 0 0 0
1 0 0 0 0 0 0
2 618 8654 -50 1021 -813 -720
2 0 0 0 0 0 0
3 0 0 0 0 0 0
3 0 0 0 0 0 0
4 -1128 9916 -2062 1643 2969 -554
4 -914 9776 -1504 4793 3009 -1704
2 0 0 0 0 0 0
3 0 0 0 0 0 0
2 0 0 0 0 0 0
3 0 0 0 0 0 0
1 0 0 0 0 0 0
1 0 0 0 0 0 0
4 918 10084 -5364 8417 -2366 -3714
4 -4482 13758 -9144 19071 8154 -183
2 1422 8734 -906 -1636 6939 4010
1 1700 -8016 -4302 -367 12948 1360
1 2800 -8214 -4114 -927 -8997 -3308
3 0 0 0 0 0 0
3 0 0 0 0 0 0
4 670 9926 -8886 28939 8563 10588
4 966 3528 -3264 25771 7758 14506
3 -742 -6956 -4734 -336 -4089 -2857
2 2356 10708 -496 1887 -6234 -2203
2 168 17948 -4092 17910 -14234 -8174
1 -886 -8002 -3194 -1451 -7229 -448
2 -2470 3266 -13344 31362 -2602 2887
1 886 -6950 -2802 -564 -302 1947
3 -1052 -6644 -4752 880 -2659 -1148
4 -3506 -2288 1328 15440 1522 6176
4 -2076 -6874 1924 5528 408 -1005
4 -1198 -8678 2130 -858 -2132 -3472
4 -1714 -11796 1594 -4096 -2790 -4758
2 -6978 -1066 1068 32767 12017 -7026
1 1072 -5366 -2592 -418 -4048 -2431
2 -2528 -7134 -2240 15550 -2091 -7448
1 500 -8328 -3654 575 -9547 -6547
3 0 0 0 0 0 0
3 0 0 0 0 0 0
3 0 0 0 0 0 0
1 -746 -8070 -3268 927 -7576 -3068
1 2 -7886 -3400 1205 -2786 -2509
3 0 0 0 0 0 0
2 2198 -9944 -2890 -3236 -8765 -6215
2 -32768 32767 -32768 -10975 -25614 -10380
4 694 -12410 2630 -9162 -1176 -4994
4 32767 32767 -32768 5605 14549 16223
2 -12650 6304 -3356 -2090 3034 -3902
3 -642 -6434 -4528 -3296 -1628 -2113
1 0 0 0 0 0 0
4 -1852 3742 -7338 8509 5027 3860
2 5142 -7478 1460 12395 7502 -1327
4 1438 -3280 2048 11380 663 3374
3 0 0 0 0 0 0
1 0 0 0 0 0 0
1 -330 -8204 -4998 1402 8216 743
3 0 0 0 0 0 0
1 0 0 0 0 0 0
2 3996 -6256 4720 941 1981 -1123
2 2942 -7002 156 -7351 2697 3172
3 0 0 0 0 0 0
4 1780 -4606 2332 4613 -1473 -18
4 2506 -4428 1992 -255 -1405 -3179
1 0 0 0 0 0 0
4 3046 -2546 1488 -9636 -5251 -7602
1 0 0 0 0 0 0
4 1310 320 232 -22927 -7648 -9757
2 2776 -4716 -1558 -13959 717 3206
3 -370 -7318 -5518 309 -350 -46
2 1910 -212 -1314 -19954 1261 6006
3 0 0 0 0 0 0
3 -1622 -8208 -5730 2996 2589 1883
4 -3202 13466 -7968 -32425 -16952 -6735
1 0 0 0 0 0 0
2 1218 9050 5624 -32058 -14339 7212

2 1476 8394 -480 -2980 -948 -456
3 0 0 0 0 0 0
4 -694 7590 -1480 -1929 2255 173
1 622 -7000 -3754 -196 2123 -476
4 -536 8156 -1800 -3311 2817 723
2 1826 9352 -548 -1990 -593 11
1 774 -6988 -3628 -217 1014 -265
3 0 0 0 0 0 0
4 -426 8780 -2050 -2136 2181 765
4 0 0 0 0 0 0
1 0 0 0 0 0 0
1 0 0 0 0 0 0
2 0 0 0 0 0 0
2 0 0 0 0 0 0
2 0 0 0 0 0 0
3 0 0 0 0 0 0
3 0 0 0 0 0 0
2 3168 13774 -2516 11417 -11129 -4507
2 -4028 11380 -7374 26318 -6950 -2993
1 0 0 0 0 0 0
1 0 0 0 0 0 0
1 0 0 0 0 0 0
3 0 0 0 0 0 0
3 0 0 0 0 0 0
3 0 0 0 0 0 0
4 0 0 0 0 0 0
4 5268 11544 -10028 8579 6318 1011
4 4874 21716 -14898 32195 2047 14536
3 0 0 0 0 0 0
4 258 8846 -3468 30226 7334 21008
3 0 0 0 0 0 0
4 -3668 1920 -182 16560 -3046 9624
2 -5864 364 -2826 26963 6389 -2120
2 -3830 -4598 -522 21735 9538 -4926
1 0 0 0 0 0 0
1 1932 -7152 -3654 135 -4131 -4252
2 452 -8148 -3350 9911 -2484 -7670
3 0 0 0 0 0 0
2 662 -8284 -3968 1333 -4663 -6127
3 0 0 0 0 0 0
1 604 -8538 -2968 -1135 -12357 -4762
1 -152 -7340 -2584 -1211 -8277 -1582
4 -3086 -7598 5326 7231 -3811 350
4 -1324 -13080 6246 -6953 -6960 -1549
2 0 0 0 0 0 0
2 32767 6702 -4864 304 30172 32767
4 -6876 -6526 1584 -21685 -4369 -5344
4 7360 958 -22064 10267 -11584 -7339
1 12 -7460 -2750 946 -4877 -3630
1 -118 -9024 -2756 4137 -5914 -5969
3 0 0 0 0 0 0
3 0 0 0 0 0 0
2 -7212 3590 -898 4901 26827 6220
4 3146 434 -1480 15789 4726 640
3 0 0 0 0 0 0
1 -1694 -8048 -4090 4767 3910 -3126
1 0 0 0 0 0 0
3 -742 -6150 -4946 2458 7255 5041
2 3308 -4066 -18 8551 1452 -2734
4 2100 -2776 4462 7223 -1273 371
4 0 0 0 0 0 0
3 918 -7682 -4794 -1300 2030 60
3 -1704 -6906 -4724 -4365 -7205 -3312
1 728 -8312 -5400 -1059 -1156 976
2 2322 -7050 2286 -56 407 -2686
1 944 -8010 -4230 -4964 3088 2377
2 1802 -6254 222 -13803 5386 2884
4 450 -1250 2078 -13455 -11503 -6357
4 -3448 2152 -6630 -29090 -32715 2078
3 -1540 -7236 -4440 1120 6295 3277
4 -1598 12032 -11426 -21100 -6581 6579
3 0 0 0 0 0 0
1 0 0 0 0 0 0
2 1932 2094 1466 -32007 -8988 -114
2 710 26960 16672 -32768 -24873 13535
1 0 0 0 0 0 0
1 0 0 0 0 0 0
4 -4212 15960 -4134 -16887 -22576 10828
2 15868 16584 -2078 -5135 29484 -6606
3 0 0 0 0 0 0

4 -184 7870 -1922 -174 11 62
2 1126 8100 -212 435 -24 55
1 620 -7512 -4016 -139 695 1396
3 -1100 -6700 -4886 10 -67 51
2 1222 8026 -128 393 448 -398
2 1404 8162 -194 264 775 -519
1 0 0 0 0 0 0
4 -220 7864 -1958 -233 105 106
3 -994 -6758 -4938 121 -73 155
3 0 0 0 0 0 0
1 0 0 0 0 0 0
1 0 0 0 0 0 0
1 0 0 0 0 0 0
2 0 0 0 0 0 0
2 0 0 0 0 0 0
3 0 0 0 0 0 0
3 0 0 0 0 0 0
4 0 0 0 0 0 0
4 0 0 0 0 0 0
4 0 0 0 0 0 0
4 0 0 0 0 0 0
3 0 0 0 0 0 0
3 0 0 0 0 0 0
1 0 0 0 0 0 0
4 5746 19548 -18244 17866 6195 5282
1 548 -8190 -4016 1859 2802 -403
2 1174 7328 -262 2255 -4370 -1964
2 -438 11144 -1214 984 -1386 232
4 7036 13494 -8262 32534 9323 27022
2 3402 20370 -7060 23009 -15127 -5792
2 -3270 -1510 -5292 32767 6250 1619
1 0 0 0 0 0 0
1 0 0 0 0 0 0
4 -2240 6742 -204 20922 3352 20157
3 -938 -6466 -4730 1613 2738 1640
3 440 -7072 -5400 1205 1950 -462
2 0 0 0 0 0 0
1 0 0 0 0 0 0
2 -112 -8490 -2656 9580 -3129 -4635
3 -1298 -6968 -5008 -4254 -4820 -4368
3 -1778 -6526 -4624 -1652 -819 -1264
1 2312 -8680 -3246 -1918 -11097 -4481
4 -4516 -348 858 10412 26 7857
4 -5632 -8864 5130 3405 -3720 -4353
1 0 0 0 0 0 0
1 -212 -6940 -2794 360 -1498 -3165
4 -4068 -14524 6928 -7456 -8469 -12705
4 4456 714 1014 -19017 13250 -19372
3 0 0 0 0 0 0
3 0 0 0 0 0 0
2 1192 -9710 -3156 -2274 -9275 -4363
2 4828 -7956 -4064 -13877 -5737 1292
3 -570 -7268 -4994 -713 -6198 -5027
3 -2602 -5964 -4470 -990 -7430 -3983
1 244 -7458 -3516 3624 -2262 -6606
1 -392 -7778 -4126 2707 2064 -4386
2 -9694 -6310 10702 -4131 -32768 -24986
2 -378 3266 -2276 8596 16134 -1464
2 4212 -5446 3700 5381 114 -7358
3 -1064 -5980 -4892 2892 -1831 310
2 3782 -6248 2082 -4162 1651 -3549
3 0 0 0 0 0 0
1 638 -8108 -4978 933 -205 -1162
4 10510 7102 -6762 3702 -8801 4944
1 0 0 0 0 0 0
4 1838 -2068 3346 12515 919 7897
4 1260 -4144 5246 3870 -3239 1518
4 0 0 0 0 0 0
1 530 -8256 -3752 -2856 184 3928
1 0 0 0 0 0 0
2 3494 -4530 270 -15130 1904 -483
4 1328 106 1832 -2867 -8572 -3163
2 584 2908 -2736 -27149 -13195 -2673
4 1202 594 -1508 -17483 -9847 -7508
2 -2542 9734 -3950 -27397 -9768 3447
4 2324 8840 -10888 -30422 -12365 -9687
3 -1180 -6840 -6256 1053 -1118 1895
3 -428 -7850 -6220 385 4011 3593
3 552 -8056 -2562 4102 13105 3336
1 0 0 0 0 0 0

3 -1046 -6560 -5514 309 -26 -188
2 448 8114 384 83 562 -296
1 604 -7254 -3774 82 138 -159
4 -186 7794 -1756 144 -104 -185
3 -1172 -6432 -5436 -105 -633 -511
4 -490 7864 -2024 -262 417 -340
2 840 8372 178 -158 926 -729
3 0 0 0 0 0 0
2 0 0 0 0 0 0
3 0 0 0 0 0 0
4 0 0 0 0 0 0
4 0 0 0 0 0 0
2 0 0 0 0 0 0
1 0 0 0 0 0 0
1 0 0 0 0 0 0
1 0 0 0 0 0 0
3 0 0 0 0 0 0
1 0 0 0 0 0 0
2 0 0 0 0 0 0
3 0 0 0 0 0 0
3 0 0 0 0 0 0
4 0 0 0 0 0 0
4 2830 13880 -13666 15298 7772 3090
1 0 0 0 0 0 0
1 1084 -8510 -2996 -768 -6025 1477
4 1862 13698 -10414 29174 8017 13207
2 3524 13414 -1492 5750 -886 577
2 -3726 16654 -4770 29392 -16784 -4081
2 -4202 1614 -2860 32104 2368 4969
2 -3858 -5082 920 25667 7567 -1336
1 -686 -5580 -3212 2057 -1917 225
1 0 0 0 0 0 0
3 0 0 0 0 0 0
3 -734 -6850 -5032 -2484 -2401 -3506
4 -476 5014 -2870 24676 6648 14859
4 -2812 -1714 -58 13800 -2073 6447
2 -302 -8922 -2806 8630 -7108 -7475
2 0 0 0 0 0 0
4 -2584 -8200 1664 5730 -1228 -1424
1 1812 -9198 -3540 -1398 -8613 -4788
4 -36 -10650 1290 -4696 -3459 -7025
1 -198 -8186 -2206 -2446 -15631 -1158
3 -1148 -6148 -4574 -1410 -835 -1861
3 0 0 0 0 0 0
2 0 0 0 0 0 0
3 0 0 0 0 0 0
2 -408 -28624 -5962 5106 -25291 -4049
3 52 -6722 -5074 -456 -3991 -2479
4 768 -2490 -1218 -14175 2763 -13739
1 -1064 -7076 -2456 -647 -5067 -3187
4 7898 2204 -11252 5586 2152 5334
1 -504 -7616 -3594 2837 -907 -4378
2 -226 5094 -3658 4490 15541 1893
2 1992 -2540 700 4651 741 -3626
1 0 0 0 0 0 0
1 638 -7638 -4648 1372 4013 -717
4 2108 -982 -2430 12496 361 8220
3 0 0 0 0 0 0
4 -304 -4264 3172 7653 1151 3735
3 0 0 0 0 0 0
2 1448 -5708 710 -7610 949 -297
3 -36 -7180 -6494 1527 -7305 -2460
3 -1514 -6132 -6550 1186 -979 -127
2 3306 722 -4064 -29901 -1743 684
4 98 -4630 2434 3478 -3122 -1974
4 0 0 0 0 0 0
1 0 0 0 0 0 0
1 620 -8772 -3842 -3206 3164 3342
2 -2236 12838 1638 -32768 -16973 3279
2 -17808 32767 -2356 -32768 30413 22637
1 0 0 0 0 0 0
4 394 -3048 2854 -11885 -7662 -7641
1 -432 -8032 -3190 -2209 9752 2224
4 1004 3040 -3386 -30224 -15499 -9388
3 0 0 0 0 0 0
3 -2070 -6792 -5710 -2236 3765 1783
3 0 0 0 0 0 0
4 1950 20626 -11456 -32768 11104 -8781
2 -15274 10438 -246 1851 -32768 -30021
1 1978 -7072 -3050 -4020 8336 1045

2 1270 7986 -310 -143 620 367
4 -556 8046 -1742 177 2283 -14
1 412 -7432 -3850 -133 -1334 -1162
3 -926 -6830 -5146 37 -887 -277
4 -976 8018 -1686 415 -185 270
2 1300 7836 -458 -35 -752 95
1 532 -7344 -3920 264 645 -465
3 -552 -6688 -5244 29 -300 25
1 0 0 0 0 0 0
1 0 0 0 0 0 0
1 0 0 0 0 0 0
2 0 0 0 0 0 0
2 0 0 0 0 0 0
2 776 10118 1210 1099 -6717 -4633
2 -4118 17850 -3750 13700 -10747 -14068
2 -2240 5030 -11446 27416 6064 -2326
1 1446 -7460 -3866 -640 -2461 1028
1 0 0 0 0 0 0
4 0 0 0 0 0 0
4 5990 13424 -13504 11183 15086 3729
4 6248 18462 -12614 30029 6914 20610
4 -590 8840 -3714 26534 4467 21424
4 -3080 1562 676 16450 545 9665
3 0 0 0 0 0 0
3 0 0 0 0 0 0
3 -884 -6506 -5174 1162 1180 1361
3 0 0 0 0 0 0
4 -2430 -5088 4164 7332 -369 1131
3 -292 -7280 -5360 -3700 -4366 -4240
1 0 0 0 0 0 0
3 -1634 -6422 -4700 -3413 -2953 -3102
1 1386 -8138 -3788 -459 -6540 -2948
3 -908 -6036 -4594 -31 -1613 -1517
4 0 0 0 0 0 0
2 -3794 2384 -1886 32432 15802 -128
2 -834 -4898 -2096 19217 7066 -1942
2 2066 -10432 -2080 5324 -6598 -6960
4 708 -11946 2346 -9264 -4542 -6172
3 -606 -6730 -5148 905 -3233 -2352
3 0 0 0 0 0 0
4 2862 -4628 -1234 -17754 3521 -11149
2 0 0 0 0 0 0
1 348 -8068 -2828 -1574 -9314 -2623
1 -608 -7110 -2792 175 -6931 -3922
2 17040 -14410 -11000 14082 -15575 8915
1 0 0 0 0 0 0
1 0 0 0 0 0 0
2 4310 -1834 344 14379 23906 1188
4 7506 -374 -8820 1271 -16636 644
4 5880 -586 -5944 9560 -593 8401
3 0 0 0 0 0 0
3 0 0 0 0 0 0
3 0 0 0 0 0 0
3 0 0 0 0 0 0
4 1584 -3538 -774 5703 1793 5512
4 514 -4316 1286 2434 1648 1641
1 0 0 0 0 0 0
2 2332 -6078 3544 4431 -942 -6268
1 210 -7798 -4546 -1162 54 1162
2 0 0 0 0 0 0
4 0 0 0 0 0 0
3 0 0 0 0 0 0
4 472 -1032 1696 -5061 -2637 -4801
3 0 0 0 0 0 0
1 318 -8584 -4098 -3086 2785 2710
1 0 0 0 0 0 0
2 2992 -5652 -484 -14743 2398 2213
2 332 -1090 -4972 -19666 -7799 370
4 908 -870 -646 -16952 -5279 -10594
2 0 0 0 0 0 0
2 -1540 3748 -7560 -13327 1072 4546
3 0 0 0 0 0 0
1 0 0 0 0 0 0
1 140 -6830 -2826 -1779 1135 1237
3 0 0 0 0 0 0
4 1070 6914 -7956 -30141 -17350 -13685
3 0 0 0 0 0 0
4 5858 16130 -10990 -25531 -2097 -8911
1 0 0 0 0 0 0
2 0 0 0 0 0 0

3 -762 -6592 -5114 5 -256 78
2 1160 7940 -162 98 -599 -435
4 -492 7860 -1756 -187 605 -7
1 222 -7398 -3530 649 -1196 -645
1 0 0 0 0 0 0
2 1200 8264 -420 -542 1911 327
4 -608 7728 -1728 -397 466 14
2 1674 8462 -472 443 251 -368
3 0 0 0 0 0 0
3 0 0 0 0 0 0
4 0 0 0 0 0 0
2 0 0 0 0 0 0
4 0 0 0 0 0 0
2 0 0 0 0 0 0
1 0 0 0 0 0 0
1 0 0 0 0 0 0
3 0 0 0 0 0 0
3 0 0 0 0 0 0
1 0 0 0 0 0 0
4 0 0 0 0 0 0
2 0 0 0 0 0 0
2 3392 12218 -972 3515 -5003 -1359
1 0 0 0 0 0 0
1 0 0 0 0 0 0
4 0 0 0 0 0 0
3 0 0 0 0 0 0
4 5916 16746 -16134 18355 6187 6838
3 0 0 0 0 0 0
3 -552 -6770 -5348 1941 2329 1609
3 124 -7020 -5542 -185 2 -1069
2 -4744 17202 -7582 23807 -19982 -11035
2 -3946 724 -5478 28786 3707 -4093
1 1082 -7746 -3176 -101 -5936 -210
1 -812 -5806 -2688 1418 -1750 -208
4 568 13644 -6836 30481 4425 15881
4 -274 6212 -2104 23022 5193 16406
1 0 0 0 0 0 0
3 -1258 -6814 -5016 -3493 -2974 -2744
4 -2458 -1104 420 13940 1056 8369
3 -1010 -6346 -4608 -1170 -760 -917
4 -2734 -6818 2324 6206 -814 475
2 -2414 -3384 -1420 25481 12494 -3931
1 1878 -8478 -3906 -1329 -7852 -3196
2 -48 -6526 -3624 12003 715 -5319
4 -950 -11840 4352 51 -3093 -2736
4 -2076 -11826 3250 -12205 -4237 -7522
3 0 0 0 0 0 0
3 0 0 0 0 0 0
1 0 0 0 0 0 0
1 -16 -7602 -2890 -272 -3290 -1124
2 1788 -6862 -3224 1100 -3901 -5470
2 4690 -7792 -5294 -5115 506 352
1 -702 -7860 -3302 2490 -2414 -1912
1 -38 -8086 -4140 2576 6010 -948
2 1850 32767 -25468 22938 23264 6521
2 -1232 -1138 380 2607 -2458 -6405
4 -2772 -23908 -1304 -6193 981 -679
4 8744 2118 -7114 5405 5504 3584
3 0 0 0 0 0 0
3 0 0 0 0 0 0
1 862 -6898 -4334 1478 1730 -740
2 5086 -2026 -418 7412 7010 -116
1 0 0 0 0 0 0
2 3052 -3804 994 318 -3427 -3275
3 -1554 -6332 -5066 -1865 -2264 -491
4 0 0 0 0 0 0
3 0 0 0 0 0 0
4 934 -5720 1526 5515 -435 1925
4 1736 -4480 1802 1839 1245 -637
4 1500 -2556 2256 -3789 -1655 -3668
2 1898 -6128 -304 -13591 5964 3613
2 5018 1102 -6500 -28369 -5090 -2562
3 0 0 0 0 0 0
3 0 0 0 0 0 0
1 0 0 0 0 0 0
1 94 -8258 -3514 -2553 977 2669
3 0 0 0 0 0 0
2 2280 6474 -12580 -20141 -3189 -76
1 -170 -8350 -3294 -1926 4278 2910
4 2004 -3194 2088 -15683 -4436 -6947

3 -714 -6660 -5370 375 -71 148
1 710 -7424 -4038 -177 -1842 -412
4 -288 7888 -2156 -391 41 -193
2 1446 8014 -866 -277 713 -153
3 0 0 0 0 0 0
3 0 0 0 0 0 0
4 -438 7926 -2076 -178 108 -161
4 0 0 0 0 0 0
4 0 0 0 0 0 0
3 0 0 0 0 0 0
2 1456 8372 -862 -214 1382 183
2 0 0 0 0 0 0
2 0 0 0 0 0 0
1 478 -7324 -3858 45 -647 -461
1 0 0 0 0 0 0
1 0 0 0 0 0 0
4 0 0 0 0 0 0
4 -1204 7990 -1736 -267 2469 29
2 0 0 0 0 0 0
3 0 0 0 0 0 0
3 0 0 0 0 0 0
2 0 0 0 0 0 0
1 0 0 0 0 0 0
1 0 0 0 0 0 0
1 0 0 0 0 0 0
1 776 -7862 -3610 409 -4705 387
3 0 0 0 0 0 0
4 2952 11566 -8666 6365 17130 965
4 6450 10590 -12878 19648 13097 8400
3 0 0 0 0 0 0
2 5600 12766 -2194 9646 -11994 -4280
2 0 0 0 0 0 0
1 0 0 0 0 0 0
3 0 0 0 0 0 0
4 3540 4768 -5488 21975 8885 13889
3 0 0 0 0 0 0
1 0 0 0 0 0 0
4 1326 234 810 10443 4545 8932
2 -4334 1236 -3312 24493 8825 -654
2 -1958 -3686 -2148 19008 7509 -2835
4 5482 -3570 -1930 -1426 -2745 6599
4 0 0 0 0 0 0
2 1340 -7720 -3850 8822 -899 -5626
2 176 -7994 -4228 -429 -6265 -4865
3 -636 -7136 -5082 -3793 -2678 -3125
1 1056 -7896 -3462 -1893 -10757 -2664
3 0 0 0 0 0 0
1 -1052 -7766 -2872 -1581 -6043 959
3 0 0 0 0 0 0
3 -1052 -6840 -5112 3686 -3903 -1310
3 -832 -6738 -5908 3974 -532 215
2 -1432 -7604 -2696 -10953 3298 -2280
2 -6770 662 -3312 -2163 -12642 -7983
2 0 0 0 0 0 0
1 86 -7316 -3118 343 907 857
1 0 0 0 0 0 0
1 112 -7318 -4066 1291 5105 1292
1 1838 -7324 -4274 293 -762 635
2 1050 -4146 -1988 1371 1039 247
3 0 0 0 0 0 0
2 1646 -5812 -2858 -12178 3022 5866
3 0 0 0 0 0 0
1 -624 -7660 -3714 1258 -624 -701
4 -3476 -772 -3802 -8727 -126 -5063
4 5178 526 -2296 4735 1924 -107
4 3772 -2276 -2080 6608 -1715 6225
4 1840 -6640 -2118 -1551 -3729 2073
4 0 0 0 0 0 0
4 1972 -2958 -4072 -4714 1746 -4160
4 1326 482 -3808 -11419 690 -8721
3 0 0 0 0 0 0
3 0 0 0 0 0 0
2 -1208 716 -5078 -23158 -3872 6199
1 812 -7544 -4136 268 6383 241
2 -444 8054 -3018 -27652 2979 3746
1 694 -7656 -4040 -671 1815 -726
3 0 0 0 0 0 0
2 -3662 24458 1638 -30868 17081 7544
1 0 0 0 0 0 0
4 4928 3526 -8172 -16098 -2069 -12280

3 -1388 -6540 -5628 -456 991 -121
1 1070 -7436 -4580 436 -91 -556
4 -540 7926 -1864 263 592 -347
2 1284 7912 -160 780 734 -680
3 0 0 0 0 0 0
3 2278 -7310 -6460 -684 133 -887
4 -960 7472 -2330 777 800 43
4 0 0 0 0 0 0
1 0 0 0 0 0 0
2 1392 7932 -116 241 1088 -1046
1 0 0 0 0 0 0
2 1578 8070 -248 -91 1092 -950
3 4934 -9466 -10730 -5603 960 -6477
3 2054 -13512 -18654 -20290 4487 -17465
1 0 0 0 0 0 0
1 0 0 0 0 0 0
4 3514 12256 -7520 8062 2975 4566
4 5610 17890 -11554 22104 2605 17063
2 0 0 0 0 0 0
2 0 0 0 0 0 0
1 860 -12586 -7894 -3748 545 2327
4 1502 8252 -4350 25319 4237 20577
1 -11644 -14546 -13396 -29396 -16340 11351
3 -1788 -7258 -9954 -21785 18247 -17126
4 -1186 1428 -1960 18422 3998 14945
3 -1632 -1034 -2692 -15389 18490 -13400
2 3988 14952 -2214 5241 -4066 -628
2 -5430 16976 -7084 30554 -25888 -6677
3 -3312 1446 1182 -9948 12222 -7486
2 -5210 2316 -762 32767 8703 2410
3 -2240 4552 6930 -6758 1649 -1150
2 -2484 -3696 -26 26263 9609 5612
1 -5056 -4354 386 -32768 10572 10644
4 -2612 -2294 974 11554 885 6141
1 -2290 3758 2006 -26212 10723 4855
4 -1250 -7026 3318 4171 -1573 -163
1 710 5852 2396 -6933 -5739 594
1 1566 8828 2314 3359 -6205 2454
4 32 -11178 6208 -2008 -5769 -2017
2 -294 -5532 -786 7465 -5718 -982
4 292 -10324 5590 -10620 471 -4543
2 810 -9838 -522 -1227 -5003 -6639
3 -598 7528 9068 -1121 -2687 4338
3 -104 6170 8522 3754 -3894 10326
3 670 1104 4354 10747 -2624 21607
4 1310 -4194 2002 -20425 8599 -11706
3 28758 -4804 4100 -1393 -8485 -21876
4 8598 1760 -18246 -689 -10939 6401
1 5478 13072 3268 8429 8183 1839
2 4076 -14214 -3200 -5413 4284 -2750
1 -11134 4016 -1046 -2353 -6564 -15416
2 -9444 4564 4380 -13837 -27696 11130
4 1770 1496 -5624 13888 -1337 10343
4 -624 -2960 16 8588 3932 7504
3 5090 -1154 680 -2507 6308 -15162
2 84 7404 -3014 10177 -10931 -3934
1 -1378 -5972 -8660 -9018 -4603 3265
1 3778 7236 8144 -7253 -9589 5356
2 3142 -6332 4444 10295 -1867 -3341
3 -1356 1942 1934 978 5449 -7067
1 1902 7346 5436 11086 3875 -2868
3 -2724 4172 1898 456 2294 -2242
2 -148 -10324 3928 -13034 82 2054
1 256 4322 -4490 22672 -5952 -8101
2 2246 -708 -7324 -27810 -5219 814
3 0 0 0 0 0 0
4 -2688 -4814 2272 3683 -759 3090
4 -1162 -4186 1738 2537 -1016 633
4 -512 356 2130 -298 -4642 -1162
3 -1388 568 1234 -2567 -3157 1670
3 560 1526 -6 2518 -13505 9039
1 -4222 -2578 -10626 21875 2933 -5196
4 -2188 -1280 2192 -11529 -8069 -5643
1 0 0 0 0 0 0
2 -4212 8098 -9048 -25067 -2287 2322
2 0 0 0 0 0 0
4 2198 3428 -10906 -32768 -12702 -15366
2 -242 19952 -2058 -18239 20835 1612
1 -1282 -15364 -5832 22603 16733 6054
3 6812 -3628 -7882 15847 -27362 20534

2 1200 8246 -274 223 -147 -185
4 -258 7596 -1724 534 -106 596
3 -660 -6988 -5754 686 1035 926
1 1064 -7322 -4368 -1193 1596 1313
2 1520 7982 -396 104 541 17
3 -216 -6972 -5342 -1152 1993 631
1 682 -7274 -3944 -1431 -732 237
4 -678 8216 -1922 -384 -1065 988
2 0 0 0 0 0 0
2 0 0 0 0 0 0
1 438 -7380 -3736 -1023 -775 -158
3 0 0 0 0 0 0
4 -1064 8110 -1698 542 -499 -460
4 0 0 0 0 0 0
3 0 0 0 0 0 0
1 0 0 0 0 0 0
2 0 0 0 0 0 0
2 0 0 0 0 0 0
4 0 0 0 0 0 0
3 2190 -7764 -5782 -568 -1025 -1600
4 3724 14286 -11720 15403 5769 4827
3 4334 -9930 -15854 -11786 3634 -6700
3 2074 -7334 -13776 -17834 13896 -15987
1 0 0 0 0 0 0
1 0 0 0 0 0 0
1 0 0 0 0 0 0
4 2326 10496 -10202 25591 3814 12921
3 -486 -2844 -5846 -14565 16819 -15954
4 -758 3846 -2684 23542 4455 13618
2 0 0 0 0 0 0
3 -506 1392 -2262 -10402 9932 -9962
2 1314 16188 -986 5933 -5456 -4243
4 -814 -1260 -660 12426 746 7555
2 -4986 13786 -10368 28723 3833 -4736
1 1126 -12710 -6748 -4131 249 1770
1 -1582 -10828 -17612 -29324 -1357 8138
1 -3680 -3092 -68 -32768 6731 9733
1 -760 6990 754 -19325 9189 4978
2 -2994 960 346 32767 13760 1328
3 1454 5276 774 -6213 5089 -1694
2 -500 -7226 -2120 19923 10635 2744
4 -188 -6806 -990 4797 841 985
3 3490 7746 3876 -4034 2689 1651
4 2146 -8918 -2058 903 1174 -1103
4 0 0 0 0 0 0
1 990 8050 262 -956 -3544 1411
3 4350 7412 4608 -2048 2010 1879
1 5600 9896 2238 10504 2273 -3795
3 -886 8258 9060 3093 2912 8553
2 2170 -8172 -2904 3621 14 -1731
2 3630 -11068 -1834 -7524 1465 -826
4 -1162 -8724 1430 -6504 2309 -3727
4 9812 -11160 -4256 -813 -16343 -1665
4 5068 2624 -5762 7922 3813 5780
1 -32768 -9662 6098 -5913 -22806 -8679
2 30064 14544 3258 2842 18510 24742
3 32767 -29020 -23134 17476 32767 10821
2 -624 7058 -1900 16017 -12251 -6130
1 808 -2544 -6356 -14924 1522 4018
3 7200 -3320 -5280 594 2575 -7595
2 2632 -6972 4366 10359 282 -2050
2 624 -7670 3380 -7026 -1305 1336
1 3914 7450 5684 -9815 -2673 2886
1 2030 6198 6138 7674 -2264 -5996
4 742 -5794 -372 4117 -3061 2392
3 2192 4512 1974 -47 -413 -1704
4 2060 -9508 -1792 -425 1085 -1609
3 0 0 0 0 0 0
3 0 0 0 0 0 0
3 2264 3086 1128 1551 -3227 1605
1 -1528 1808 -504 15976 -2741 -8693
4 0 0 0 0 0 0
1 -4078 548 -7738 19622 693 -6368
4 1488 -3368 -1996 -4498 -2125 -2211
2 786 -4626 -1274 -19125 -425 3501
2 -3042 4796 -7384 -26068 -6499 1269
1 -1172 -724 -13346 16069 1885 -4502
3 3576 1878 -230 4279 -7722 8523
2 -2198 10236 -7266 -22101 5744 3605
4 3056 -3504 -3320 -9862 -2404 -5945

4 -616 8034 -1914 -614 -608 159
4 -506 7938 -1960 -150 -100 -7
1 512 -7466 -4290 158 267 667
2 1618 8224 -558 663 667 -660
3 -816 -6784 -5304 -282 251 -222
3 -760 -6770 -5102 -960 458 -175
4 0 0 0 0 0 0
2 1688 8118 -538 528 473 -326
4 2676 10334 -6880 1032 9101 -410
1 522 -7288 -4230 -409 298 979
1 0 0 0 0 0 0
1 0 0 0 0 0 0
3 2672 -8548 -7530 -2243 2335 710
3 8434 -13508 -15788 -13262 7810 -11468
3 4430 -7806 -11936 -14021 17948 -18341
4 8294 16532 -12492 18218 4919 8099
4 3912 12258 -10134 24228 5594 16689
1 656 -12706 -6332 -3912 837 674
4 1092 5888 -5086 20322 8886 16713
3 1912 -3332 -7442 -10115 17525 -16814
3 142 -8 -2104 -7702 12702 -11655
1 -7732 -11868 -11816 -24397 -12412 10018
1 -3914 -776 -2676 -30888 4866 7949
4 -928 1172 -1438 13260 4380 11298
2 0 0 0 0 0 0
2 0 0 0 0 0 0
2 3686 15896 -2950 5685 -6093 -3328
2 -6396 10678 -5374 25593 -26864 -17890
2 -1152 -726 -2372 28788 13574 1773
2 -1918 -4442 -2144 23725 13838 416
1 -2010 5260 698 -22091 9872 10362
3 -988 2528 2230 -4885 8163 -5458
1 1040 6674 -1026 -8365 2287 5149
3 -1762 3894 3344 -2606 2096 -1171
2 2144 -6584 -2432 10216 2843 -774
3 986 6890 7072 -854 -3156 2561
4 -1086 -3520 2536 7191 1605 5332
4 -1482 -5648 4106 932 -1296 809
4 -980 -9102 3894 -5290 -720 -3028
3 -212 9006 11028 3912 -3817 9452
1 2650 7952 -350 -1775 2311 2093
4 1438 -10998 -470 -11101 1344 -7132
1 2768 10338 1704 5729 1434 -626
2 2656 -8028 -2210 2589 1494 -3137
2 3354 -11674 -424 -5428 -3140 -4253
3 28950 -3502 446 -13986 -6931 2083
2 -15692 32767 -25972 19654 32767 9942
4 6076 -31450 9414 -7394 -5863 -4328
4 9724 1546 -7406 3800 -1623 6029
2 -1646 7032 3354 1454 -19411 -5479
1 -13324 -8028 -7184 -4331 -7751 -12416
3 12460 -3642 -2914 1329 915 -9001
1 2518 -3836 -5868 -2937 -667 164
2 2716 -5976 1188 12186 5175 2216
4 1232 -3756 434 8699 5165 7074
4 -400 -6528 2244 5430 1193 4834
3 46 1780 1060 2046 8821 -5066
2 664 -6052 4844 -6666 -11557 -4161
3 -1676 4536 2126 932 4588 -3076
1 4274 7570 3332 -6895 -6760 3603
1 0 0 0 0 0 0
1 1242 2976 -1182 18762 98 -7345
1 -5118 -1120 -8410 24317 -2124 -11466
2 1898 -4598 -2072 -22323 4401 7753
4 -676 -5988 1994 3105 -496 2141
3 -1066 5054 2836 -874 597 -2621
4 -654 -650 1836 1883 -4426 965
2 -2420 7162 -7324 -28787 -4542 3078
3 -952 -1058 874 -1730 -5236 -3756
4 0 0 0 0 0 0
1 -5248 -3954 -11302 19543 2107 -6062
2 -328 9554 -6772 -22963 2752 3339
1 0 0 0 0 0 0
2 6 13318 -2624 -18903 7447 472
4 716 -6454 52 -17759 -6787 -8159
3 -858 492 1036 -750 -3355 3358
3 5508 3278 502 10533 -18359 15009
1 -462 -13906 -5294 13804 23262 10050
2 0 0 0 0 0 0
3 8950 -2238 -9864 16987 -19326 18331

3 -734 -6572 -5422 -220 141 -179
4 -332 8058 -2020 -132 -376 -176
1 -2074 -7972 -3818 -457 -15111 -943
2 -410 8104 -586 181 -5324 186
3 -818 -6768 -5426 -911 635 -114
2 0 0 0 0 0 0
1 0 0 0 0 0 0
1 1962 -7216 -4098 -428 5643 1253
3 0 0 0 0 0 0
4 -176 8190 -1942 1026 205 -553
4 0 0 0 0 0 0
1 0 0 0 0 0 0
2 0 0 0 0 0 0
1 142 -7324 -4040 885 983 -1290
2 0 0 0 0 0 0
3 0 0 0 0 0 0
4 0 0 0 0 0 0
1 0 0 0 0 0 0
1 980 -12628 -13318 -10256 -14397 2098
3 -638 -7210 -7092 -1398 4044 1134
3 3890 -10226 -12174 -13824 664 -8774
3 4178 -5668 -10488 -14844 8022 -15484
2 1216 8372 -456 332 831 -14
2 2294 11778 -692 2247 -2979 -1303
2 3998 17638 -5714 13730 -9821 -6509
4 0 0 0 0 0 0
4 3918 12384 -9326 15121 598 5850
4 3372 7740 -8260 20233 338 13115
4 852 2170 -3790 17444 3062 12706
1 -4570 -4638 -11790 -27796 -2329 8663
1 -3534 -730 116 -28489 9297 13692
3 1096 -1378 -6284 -12096 12626 -13995
3 1118 1754 -4242 -9362 11534 -7504
3 1238 5626 430 -5796 6723 -2605
4 432 -1300 -4332 9696 1121 6782
2 -9494 3104 -2980 26445 -29285 -21576
4 -516 -6204 -3288 5892 -382 2516
2 -3012 -2434 8052 21508 32767 -5201
2 -3458 -5556 -3994 20679 10182 -774
4 662 -8580 -3748 1483 566 -1567
3 3642 8366 2384 -2471 4181 1309
3 0 0 0 0 0 0
1 -400 6348 512 -18421 7839 7424
1 1408 6272 -948 -4923 -670 770
1 1936 8542 -92 2328 -2363 -294
4 2710 -7102 -4618 -804 3244 -2067
2 1390 -6364 -916 4952 -3299 -2127
2 2202 -9010 -2256 -2201 -1293 -2893
3 -3138 3342 6574 6500 1044 13897
4 -762 -4888 1478 -9072 3140 -5989
2 6362 -13292 1130 -11585 4471 1643
1 3724 13238 1770 8809 3452 -2907
1 13576 12990 -9440 2382 10118 -2921
1 -4352 -2842 -2290 -9734 -20142 2477
3 -7560 8292 6784 -6805 -15340 -10903
2 12444 -10628 -5822 -5039 -16728 -6871
2 -586 1976 -2144 10412 3484 1751
3 5706 2506 -1532 -40 -462 -2500
4 -92 2062 -10808 4322 -11469 4864
4 1712 -3058 -6158 171 1583 -996
3 0 0 0 0 0 0
2 520 -4134 946 1973 -4278 -2726
1 864 2920 2400 -5647 -5411 5321
4 0 0 0 0 0 0
4 0 0 0 0 0 0
2 366 -5810 -346 -13363 302 5251
1 1284 6270 3756 11700 -2132 -4505
3 5404 6570 1284 -446 -792 -391
1 -182 2106 -7482 27206 -3121 -14590
1 -7752 -5838 -13722 23916 -2451 -14389
3 0 0 0 0 0 0
4 0 0 0 0 0 0
3 2624 2632 -614 1409 -5734 4096
4 2642 -2316 -2924 -4024 -1569 -4257
2 64 8 -5916 -29690 -8112 4901
2 -4518 7930 -7626 -26284 -430 6401
1 -1788 -8038 -10028 18986 12255 -2715
3 3306 230 -2886 1407 -9364 13146
4 2468 -860 -3316 -11302 -1886 -7871
2 -2126 13534 -610 -24784 12095 7091

3 -350 -6738 -5232 295 -330 14
2 1452 8074 -538 9 789 -262
4 -364 7914 -1878 -329 43 78
1 562 -7216 -4314 224 -45 -23
3 -330 -6800 -5224 37 -228 -3
3 0 0 0 0 0 0
4 -396 7972 -1886 -157 208 -4
4 0 0 0 0 0 0
2 1752 8144 -616 -74 877 -58
2 1584 8250 -634 -1 -83 28
3 0 0 0 0 0 0
4 0 0 0 0 0 0
1 356 -7170 -4176 190 -892 -32
1 0 0 0 0 0 0
1 0 0 0 0 0 0
4 0 0 0 0 0 0
1 0 0 0 0 0 0
2 0 0 0 0 0 0
1 0 0 0 0 0 0
2 0 0 0 0 0 0
2 0 0 0 0 0 0
2 0 0 0 0 0 0
4 0 0 0 0 0 0
4 0 0 0 0 0 0
3 0 0 0 0 0 0
3 0 0 0 0 0 0
2 2958 10838 -974 3401 -5089 -2406
1 386 -9540 -5354 -2879 -3562 831
3 0 0 0 0 0 0
3 0 0 0 0 0 0
2 1298 10744 -1534 12419 -15921 -8548
3 5214 -10320 -11802 -6402 2651 -3262
4 0 0 0 0 0 0
1 -1844 -9234 -8566 -9124 -22763 7568
4 4700 12480 -9058 7996 5280 1974
1 0 0 0 0 0 0
3 7412 -11214 -17450 -17183 15325 -16070
1 -5000 -1500 -6858 -24040 9772 15085
3 1162 -4408 -8380 -15265 20334 -19509
4 6524 15044 -13754 25417 5369 12748
2 0 0 0 0 0 0
4 1272 7828 -6328 25910 7399 19688
2 -11670 1492 -850 19521 -4487 -21320
4 -62 660 -682 16919 2570 13604
4 116 -4920 -358 9289 2201 5185
3 226 -466 -2314 -10673 15749 -14212
2 6032 -4312 6328 21539 32767 331
3 820 3486 1312 -7899 9793 -5584
2 1270 -7958 -2410 11270 11012 2902
1 0 0 0 0 0 0
1 1080 7924 -74 -8443 4527 2520
1 2010 7744 -1438 258 906 -46
1 2266 7832 -1944 4190 2808 -324
3 -390 4958 4386 -5732 5212 -594
2 2206 -7242 -2670 175 -1533 -2831
3 -3952 7124 8314 -830 -1642 5340
2 0 0 0 0 0 0
4 -1830 -6766 2892 4101 1678 -531
4 -2790 -7496 4622 -4940 -2038 -5069
1 3396 6416 -4680 3738 5786 -791
3 -3544 5832 13602 9710 -2074 24352
3 13428 -10588 -3400 6598 -4416 -5741
2 4366 -6282 -4966 -7866 69 287
2 8064 -19378 -12844 6293 -6927 8778
4 -1234 -12686 3154 -15687 2182 -11182
4 9270 4244 -6776 -4620 -11776 3994
1 -6664 11320 -262 -5787 6693 -5582
4 2774 1174 -4056 11723 2607 8873
2 -1664 10056 -2892 2285 -5647 -2829
1 134 -2352 -8038 546 -4806 589
4 996 -5428 -98 7935 3792 4466
1 0 0 0 0 0 0
2 2718 -4044 622 7562 -1157 -1926
3 48 1202 1192 -630 4748 -11596
3 -342 3956 2640 -14 4259 -4304
3 -680 4106 1370 -382 801 -844
2 1366 -7842 -704 -4889 170 2030
4 -772 -5712 1246 4240 -1315 2563
1 712 5962 760 3561 -819 -151
1 904 7314 -2496 16746 -1610 -7348

3 -928 -6724 -5506 1309 -1015 14
4 252 8344 -2540 -1079 -3422 1404
2 1068 7994 -684 -686 -1140 497
1 580 -6652 -4138 389 1710 -574
3 0 0 0 0 0 0
1 422 -7460 -4210 842 430 -1614
1 804 -7684 -4434 -124 -237 -784
4 -1064 7938 -1830 -541 -1387 613
4 0 0 0 0 0 0
2 0 0 0 0 0 0
2 0 0 0 0 0 0
3 0 0 0 0 0 0
3 0 0 0 0 0 0
3 1336 -7800 -6472 -3642 -2382 -2004
3 6632 -11624 -12232 -13680 -72 -12209
4 0 0 0 0 0 0
4 0 0 0 0 0 0
4 9838 14440 -7616 17735 -15601 9036
2 0 0 0 0 0 0
2 0 0 0 0 0 0
2 0 0 0 0 0 0
1 0 0 0 0 0 0
1 0 0 0 0 0 0
1 0 0 0 0 0 0
4 3778 11006 -8486 22960 -7759 16172
3 4416 -7828 -11858 -15610 9496 -18400
1 0 0 0 0 0 0
2 0 0 0 0 0 0
2 3278 17638 -1992 11702 -10102 -7349
2 -7734 5666 -9662 27906 1420 -1624
1 4418 -14306 -13866 -12081 -8196 4228
3 -972 -1960 -5612 -12688 12678 -13690
1 -1044 -2720 -11184 -29344 308 7183
3 484 1000 -5070 -7722 9609 -5864
4 -2112 5384 -3552 17900 -8293 8641
4 -3314 1276 -3548 10684 -2744 4688
4 -4202 -2352 -3556 7527 309 2319
2 -3356 204 34 29431 11542 1404
4 -3882 -7512 -2494 4259 -903 163
2 -1192 -5726 -2616 18338 8106 3467
1 -2454 -438 372 -28577 9747 9542
1 -70 6334 -1514 -14615 5272 1643
3 2574 4272 -2670 -5944 5191 -5141
3 2134 7752 270 -3793 996 -3651
4 -5478 -9274 -1872 492 -4006 -601
3 2098 10698 1134 -2356 -2470 -2680
2 1482 -5180 -2764 3696 112 -569
3 0 0 0 0 0 0
2 1728 -8476 -3616 -1735 -1867 -1587
1 612 7134 -1546 -2720 -315 -9
1 0 0 0 0 0 0
4 -4608 -7850 -4732 -4667 -4976 -3462
2 4022 -15120 -7180 -5848 -2838 -271
4 -3904 -2832 -1284 -13495 5165 -10506
4 904 2294 -5502 7416 -4389 1977
3 728 -654 2584 9779 -2157 21824
3 4650 -3752 1492 -9581 -6161 -14895
2 0 0 0 0 0 0
1 1918 11948 -1742 6684 2816 -3703
1 -744 32767 -4852 -3021 -795 -1804
2 -920 3098 -4718 11062 1955 -943
2 964 -5448 4232 4636 -4778 -3251
3 1108 4982 612 -1367 2325 -10946
4 874 -4668 -3302 9575 2169 6340
3 -1270 8154 -724 2658 2802 -3055
4 -5364 -6766 -1556 1940 -784 4284
1 -3270 -2710 -8670 -11649 2494 3982
1 1944 4278 3284 -7521 -3019 2242
1 872 4150 5058 6326 4016 -5283
2 2060 -5750 414 -7333 11193 5765
3 0 0 0 0 0 0
3 436 4278 -908 3998 1854 6344
4 -5742 -5910 -2150 -1428 207 518
4 -2650 -2934 -1900 -5567 4046 -3941
1 -3258 276 -2388 22104 917 -9034
2 -62 4 -2456 -25543 -6350 395
3 1178 228 -60 9607 -3703 11549
2 -9020 11590 -7574 -27451 -7940 5592
1 -7590 -6106 -8124 27066 4261 -9312
4 -612 406 -502 -13806 5452 -6491

2 1484 8146 -8 248 1532 -281
4 0 0 0 0 0 0
3 0 0 0 0 0 0
1 286 -7386 -3800 920 307 849
3 0 0 0 0 0 0
4 0 0 0 0 0 0
3 0 0 0 0 0 0
4 0 0 0 0 0 0
1 0 0 0 0 0 0
2 1242 8124 14 -50 211 -408
2 0 0 0 0 0 0
4 0 0 0 0 0 0
3 0 0 0 0 0 0
4 0 0 0 0 0 0
3 0 0 0 0 0 0
1 0 0 0 0 0 0
2 0 0 0 0 0 0
2 0 0 0 0 0 0
4 0 0 0 0 0 0
2 0 0 0 0 0 0
4 0 0 0 0 0 0
3 0 0 0 0 0 0
1 0 0 0 0 0 0
1 0 0 0 0 0 0
3 462 -6028 -4916 2219 6571 1445
1 -38 -12662 -7400 -3653 -914 2851
2 -1470 14250 456 1579 9056 -3035
1 -8200 -15162 -8410 -23865 -18775 7965
4 4544 13838 -12792 13815 7848 4978
4 1958 19624 -12816 32125 6180 15174
2 10442 17958 -4858 20989 -18522 6047
2 -174 3656 -5636 28353 -232 13582
1 -3138 -492 -2856 -30879 9217 2861
3 9532 -13410 -15062 -6594 3102 -7831
3 -4 -17804 -21146 -24417 13150 -24342
2 -2112 -594 -516 25273 8323 9741
1 -2854 2418 564 -24787 11286 4061
2 -292 -6520 -2546 13374 -833 3013
1 224 7416 -542 -12083 -1415 1423
4 -688 6332 -2124 28458 6821 18804
4 -3822 -1214 4394 14414 727 8101
3 -3568 -6542 -4368 -22154 20502 -20702
3 -5072 -200 1838 -13022 10087 -11070
4 -1396 -7624 4862 -82 -75 -1671
2 1986 -9754 -2302 5134 -4825 -1930
4 1208 -10554 852 -7780 2074 -4622
2 0 0 0 0 0 0
3 -2626 5056 5562 -4935 798 1634
1 910 9254 -70 -4942 -3692 1443
3 2352 7384 7448 2071 -1221 8912
1 1498 10734 1250 473 -1247 1690
3 4962 6142 6812 11050 -2037 16196
3 -362 9642 4834 -9517 -11392 -20051
1 2822 10706 4652 11171 3434 -2439
1 -11988 16364 -408 -4479 2948 -3231
2 1690 -13190 -726 -7065 -2146 -2157
2 22902 8440 -3670 -9353 5532 22904
4 2258 -9140 -462 -14110 4608 -8848
4 10260 3558 -1526 4874 -25163 3744
1 3496 1980 -1462 -14253 4709 5834
2 2910 3012 -2330 15160 8046 -1026
1 4646 7894 6356 -1826 -3562 -277
2 1832 -6756 1820 6979 4623 -314
4 1568 -946 -1994 15089 533 9666
4 -1910 -5936 2532 7486 1642 5014
3 428 3074 2626 -5865 7025 -10104
3 -898 5094 3828 -1406 3983 -4162
3 -804 3596 2064 -288 530 -1205
1 0 0 0 0 0 0
1 -1414 5202 -976 12641 4439 -5426
1 0 0 0 0 0 0
3 0 0 0 0 0 0
4 -1766 -5322 2564 1615 -1058 761
3 602 3080 2910 527 -3443 3679
2 482 -6610 -64 -3667 2328 2144
4 0 0 0 0 0 0
4 726 -5146 1438 -5338 -2965 -2109
2 150 -5642 -1806 -11765 185 4358
2 -2064 -1980 -6276 -16703 -227 6439
1 0 0 0 0 0 0

4 -666 7904 -1570 -253 23 135
3 790 -7684 -7318 -21 1768 926
4 0 0 0 0 0 0
4 0 0 0 0 0 0
1 222 -7306 -4230 98 35 703
2 1530 8202 -528 464 199 -242
2 818 9394 -180 560 -233 -647
1 120 -7542 -3914 252 358 658
3 8636 -11048 -14408 -8178 13550 -3795
3 7362 -10952 -16124 -14623 20202 -16370
2 622 17356 -4794 15260 -935 -4221
2 6776 5036 -10390 25618 -607 5824
1 806 -12764 -6162 -4495 -4135 2452
1 412 -7328 -16898 -26951 -2157 6210
4 5502 13250 -12006 7687 12562 2696
4 5894 19348 -14368 25645 9069 15235
4 4252 7462 -10496 21438 13065 20098
4 946 4048 -4258 11946 7979 17694
1 -2516 -1786 -3916 -32768 8281 3720
4 -1752 2870 -908 5720 -2609 10471
3 5502 -3668 -10246 -5723 24118 -16614
3 1378 -1526 -4514 -3064 15025 -14321
2 -434 684 -3056 28232 9150 6342
1 -2484 5248 -2822 -21827 9355 3210
3 -740 -1526 -990 -2374 8212 -9977
2 -598 -4862 -5218 20093 6792 4817
3 -2586 1660 3110 -3881 4740 -5859
2 1774 -7026 -2412 11395 -677 -797
1 256 6862 -1240 -8808 -1174 3409
4 -2482 -1736 3046 6761 -2427 4352
4 -1800 -5588 5296 3319 -881 -500
4 -1490 -8862 5732 -2606 -1281 -2874
4 -3768 -11976 6188 -11464 -311 -6784
1 1922 7526 -906 -2668 1311 866
1 1910 9298 360 1017 372 -421
2 2368 -7826 -1226 3585 753 -1881
2 0 0 0 0 0 0
3 -2988 3950 5708 -2815 1386 -789
3 -1628 7682 8480 1732 -4415 3428
1 1168 8680 5182 12834 3915 -2145
4 22440 -2346 -32768 -13659 -10192 -2963
2 -4 -8904 4694 -18573 -401 1428
2 10938 -22692 -7526 6236 -24798 -1854
3 -5224 9978 12398 10105 -5732 17226
3 9066 -11110 -4228 6785 -17203 -463
3 -64 -1494 -136 -5221 -5715 -13564
1 -13124 -4122 -8982 177 -25971 -13320
1 2726 5020 -5528 -14224 -10700 2006
4 8342 1324 -10490 8412 -10275 7711
2 3980 -5398 -558 17570 126 -380
3 1402 5102 3386 -1326 7888 -4104
2 1178 -6364 3366 5058 551 1861
4 0 0 0 0 0 0
4 -1518 -7820 3606 2812 -1825 3392
3 722 6090 3668 893 2584 -1059
2 -532 -8506 1658 1560 -818 1659
1 -1538 6526 2446 -6334 5037 -276
1 -772 8598 5308 -3628 -3120 760
2 0 0 0 0 0 0
1 0 0 0 0 0 0
4 30 -6796 1210 -104 933 -117
4 0 0 0 0 0 0
3 1178 5970 3436 280 -611 -667
2 0 0 0 0 0 0
1 0 0 0 0 0 0
3 0 0 0 0 0 0
3 1270 2528 1216 -2684 -3272 45
3 -408 420 626 -3436 -6606 923
4 0 0 0 0 0 0
4 402 -116 768 1819 -7212 -3804
1 0 0 0 0 0 0
1 0 0 0 0 0 0
2 404 -8186 -1592 -4328 -505 613
2 -126 -7400 -4826 -5522 -3555 203
3 2628 418 -376 3814 -11576 9575
1 0 0 0 0 0 0
3 6118 -1336 -11348 13024 -23271 12977
1 -366 6106 -3534 5381 -1339 -2146
2 0 0 0 0 0 0
2 236 -5174 -4414 -6098 -1472 2193

1 538 -7174 -4552 1250 506 1226
3 -716 -6768 -5446 761 -865 -397
4 -554 8010 -1966 -513 -411 250
2 2008 8226 -1076 -1001 1867 -138
2 2310 8352 -1094 -220 609 672
2 0 0 0 0 0 0
2 1408 8096 -348 1490 -3194 -450
3 -712 -6682 -5384 119 -250 -108
3 0 0 0 0 0 0
3 0 0 0 0 0 0
3 7178 -8628 -8956 -560 8983 -827
4 -486 7930 -1996 -13 -96 -42
4 0 0 0 0 0 0
4 1038 7956 -2420 -163 2520 -259
4 8066 9198 -5142 -1213 8664 6627
1 0 0 0 0 0 0
1 0 0 0 0 0 0
1 832 -7276 -4362 -1517 -1723 -1038
1 0 0 0 0 0 0
1 0 0 0 0 0 0
4 13020 22442 -10764 7285 -12905 14400
3 11752 -16392 -13298 -2454 13849 -12022
1 1744 -12132 -13624 -13869 -26744 1912
4 5580 23858 -6528 20281 -2229 18227
3 7972 -19012 -14222 -1861 13434 -21171
2 236 8270 -754 356 117 -133
2 4434 12718 -3822 7026 -1625 -857
2 -186 14378 -8234 25195 -6582 -1411
1 -4528 -4688 -10272 -26381 -1384 8387
4 846 16244 -898 22966 -750 17015
3 58 -13242 -9510 -4592 13430 -22913
4 -1412 4712 2412 15470 1210 13797
1 -3146 730 -3096 -25257 8627 9127
3 -3186 -4758 -1702 -4376 11681 -18217
2 -132 3482 -5244 28479 4077 4971
2 -1002 -3802 -3250 22863 8774 6078
1 -1494 5028 -2692 -17148 5535 5680
1 750 6502 -374 -9555 2995 3798
3 -4854 1250 698 -3140 4622 -12815
4 -3108 -2250 4322 7568 -5392 8483
3 -5796 5774 5000 -2432 2977 -5086
4 -4472 -6794 4758 3787 -834 1720
2 440 -6122 -2298 14518 4386 972
2 1630 -7696 -1202 8257 708 -553
2 1724 -8074 128 4252 -321 -398
3 -3092 6250 3606 -1475 986 1223
2 0 0 0 0 0 0
3 -1896 6540 3838 -1644 -2840 2277
4 -1682 -7756 2612 -533 755 -1725
4 -1466 -7362 1468 -3632 817 -2802
1 1826 8278 588 -4977 -331 685
1 1096 7122 770 -1850 -2497 -516
1 1562 7124 952 483 -1383 -293
3 634 6086 3308 387 -3586 5475
1 0 0 0 0 0 0
3 -1848 4614 1584 1577 -8451 7420
2 1926 -8404 -332 -2061 -1635 -1040
2 0 0 0 0 0 0
1 2938 11050 5180 7298 2761 -4151
4 -1612 -5754 -290 -6443 1358 -4779
4 -2436 -3740 -708 -8496 828 -7779
4 12926 3470 -8848 -15526 12788 -15975
4 13962 -3408 -3990 -566 1995 1494
1 13896 -2828 -8444 -712 5967 -7449
3 -592 -2304 1032 9963 -3972 29162
2 2028 -5394 -1046 -15974 8866 5787
3 15462 1002 4194 2871 12938 923
2 340 2886 -2210 -953 15047 2885
2 5596 -6844 -850 8352 -5378 -1854
3 1566 3066 2980 -1187 -1121 -10137
2 3542 -7564 1392 3594 -148 1703
3 2344 4418 2860 -614 4198 -5226
1 1788 3942 -5282 -5496 -12148 2625
4 2422 -1752 -4230 6738 -5876 7248
1 1808 8588 1662 -6522 4552 3879
4 452 -4026 -2666 8347 458 4975
2 1628 -7858 886 727 -68 2340
3 1492 6788 3832 475 1525 -3223
4 -214 -7324 -632 4071 -650 2907
1 588 6470 2944 -3196 -502 1115

2 1568 8566 -830 -279 -1833 1622
3 3214 -8080 -8950 2946 -940 448
4 1000 8740 -5318 -1040 3008 -401
1 748 -7628 -4382 60 -65 -1745
4 10626 17666 -17042 16177 4663 10694
4 1988 13004 -6896 31340 4559 22487
2 0 0 0 0 0 0
2 884 11526 612 1805 739 -1151
1 0 0 0 0 0 0
1 222 -10132 -4304 -539 -1907 -1166
3 8434 -12606 -20472 -13028 8669 -11600
4 -1606 5496 -1168 22235 1307 18145
2 -318 16520 -6862 19674 -11731 -9665
1 -2314 -15808 -15062 -18963 -32768 5486
4 -2412 -2654 1054 10941 -377 5690
1 -4704 -16 -8440 -29888 -446 6871
3 1236 -8600 -14078 -19770 22558 -23128
3 -2658 -3854 -3676 -13365 19434 -22416
2 474 3936 -11530 28180 532 837
3 -2248 1934 734 -8857 8843 -9836
4 -1150 -7014 1538 4884 695 -233
4 -1402 -9516 3062 175 -880 -1074
1 -4214 1930 -1758 -24689 14151 10479
1 -642 4652 -570 -12914 2833 3632
2 -2902 1010 -3736 30781 10345 2216
3 -1418 5278 4116 -4985 3260 -1427
3 -2784 6880 6712 -1152 -695 1514
2 -652 -3624 -1760 17577 2399 59
2 808 -7000 -436 5192 -3897 -4477
1 1706 6406 758 -3148 694 510
1 1798 10072 1642 4421 -1923 -639
3 -986 8098 9424 2165 -3824 5304
3 -596 6882 6490 8963 -2805 15370
2 1826 -11012 -1858 -2730 -1341 -3539
4 -912 -10900 3626 -4770 173 -1957
4 -1142 -10690 2700 -12103 3354 -5986
4 16392 -15966 -32768 -13040 3070 -646
4 5020 2478 -4278 9530 -6634 7532
3 -4370 -3590 11480 820 -19023 -32768
3 5284 -2608 -756 -6495 1496 -12961
1 -14614 -25100 31048 954 -19543 -6030
2 32767 32767 -960 7013 29287 -10181
2 2380 11058 -726 -4135 -10001 -4269
1 1228 -5942 -8418 1477 2539 -402
2 1718 -8220 500 9556 6342 1086
4 946 -4778 -1108 8555 49 6013
2 0 0 0 0 0 0
4 -1304 -7522 120 3109 -767 3809
1 0 0 0 0 0 0
3 1296 4878 3950 -2905 6297 -6822
1 2682 6590 4142 713 2772 96
3 594 6192 2574 262 1073 -5190
1 -246 3642 2780 12712 -336 -6748
1 -2510 -830 -4126 24062 -1847 -9435
3 -86 7144 1346 1899 -77 -1051
3 -798 4850 410 3201 -1847 5090
4 -2172 -7106 -246 -1303 302 1276
4 -1944 -5020 -694 -5414 276 -2924
2 1980 -2890 -1460 -16451 2277 5434
2 -1610 4166 -5128 -24311 -9690 3110
4 -322 -2302 -2500 -10850 29 -7247
3 470 2668 336 6225 -6361 12491
3 3260 -4180 -5616 10634 -11035 20303
1 -6118 -8504 -11628 26667 5127 -6152
1 -4238 -13800 -7742 27168 11070 3534
4 660 2640 -4996 -16636 -2396 -10197
2 -3280 10002 -7052 -25175 -2351 8174
2 -1614 17294 -1734 -24500 18679 8265
3 6328 -12024 -8642 13297 -11181 22473
3 6802 -17532 -10418 10786 -16769 19153
1 2668 -20022 -6332 8694 31098 21777
4 3398 8142 -8210 -20128 -2353 -11011
1 112 -6868 -5666 -2090 -19189 -1124
4 3658 14136 -5830 -25934 -5730 -8848
2 0 0 0 0 0 0
2 1508 5110 1354 6450 -18800 -1834
3 -858 -11540 -6440 3769 -14248 8041
4 -510 17822 -1500 -21222 -19126 -2191
2 -1014 7002 -548 3386 -11152 830
1 -558 -6114 -3630 -1959 19 -6417

1 568 -7534 -4064 -1248 -1874 -1143
4 -750 7874 -1506 1638 -168 49
3 -320 -7042 -5152 -193 694 165
2 1608 7700 -338 2728 -546 -362
3 0 0 0 0 0 0
1 -62 -6942 -3660 -84 -2467 -1153
4 728 8614 -4252 1702 -210 -576
2 872 7426 -196 895 -1431 -1523
2 1068 7930 -580 -1491 4603 732
2 3612 10644 -138 271 1161 -35
4 1016 13922 -11366 15990 5057 1990
4 1766 12130 -10496 28687 5560 11107
3 4546 -10948 -16086 -15898 2793 -4916
3 952 -7156 -14668 -22124 16393 -13375
1 0 0 0 0 0 0
1 268 -8888 -4582 467 -279 -89
1 1520 -13212 -14430 -14234 -31984 5412
2 2080 16882 -5960 18444 -16727 -9376
1 -4840 -2684 -11048 -29238 1939 9426
2 580 5352 -10130 27962 552 2689
1 -3808 1074 -1122 -25397 11997 12014
2 -2610 -484 -2148 28741 10513 2590
4 722 4898 -3720 25159 8109 16107
3 -454 -3142 -5162 -16464 22424 -14732
4 -1174 -1494 130 14286 2682 7335
3 -934 942 -866 -11916 11329 -8955
4 -112 -6454 1348 5179 754 -264
1 -1024 4720 -1412 -11411 2889 4718
2 -694 -4566 -2718 14645 5024 1176
1 1212 6590 -1506 -1720 -355 1001
2 1600 -6526 -2876 3906 -4127 -5035
3 1240 4744 3366 -6537 5388 -161
3 2040 7062 6764 -2939 3357 2882
3 12 7584 8852 -437 1123 7010
4 1744 -9476 1400 943 1217 -2955
4 1230 -10280 1318 -2054 2521 -5093
2 3752 -9228 -3472 -1672 2784 -2129
4 800 -7596 8368 -10997 11323 -13694
2 18304 -8674 14478 145 2986 27411
4 19608 1502 -2338 -4528 9512 -6551
3 -3926 3542 12812 8276 944 21747
1 0 0 0 0 0 0
3 13208 4690 1556 -2038 -19623 -6871
1 -31494 -9660 12632 -91 -32768 -11915
1 3218 -1024 -9352 -1903 1516 1301
3 5352 -4290 534 -5893 2157 -15822
3 1034 4562 6074 -3383 2531 -7080
4 5828 3782 248 11040 -9527 13586
4 1260 -7660 4418 5391 -3306 7579
2 5348 5244 -4212 1940 -2119 -377
2 844 -4664 1072 7588 780 1196
1 1496 6294 2154 -8023 2423 2452
3 2040 4736 4302 -559 197 -1818
3 0 0 0 0 0 0
1 2072 5742 3714 2434 -291 483
4 1778 -6974 2206 -482 -1417 1767
1 336 4020 870 12613 2841 -3298
4 0 0 0 0 0 0
2 1326 -6052 1736 -4282 2414 2977
2 1230 -4820 -914 -16951 4265 5868
1 -772 24 -4030 23842 -1081 -6791
1 -4978 -10958 -7590 31576 2140 -7161
3 1430 1030 1966 1754 -6385 4988
2 -2286 3848 -3302 -27754 -2809 5524
2 -2216 15294 1782 -32768 -1773 4214
3 2634 -368 -274 4962 -13478 9451
4 1874 -2548 428 -5098 -4525 -4300
4 2182 -558 -2778 -8827 -9661 -7345
4 3506 498 -5704 -16255 -11130 -8258
1 -4592 -29452 -7470 30584 32767 10732
1 10098 -6510 -6194 3588 -32225 -4269
4 4856 7006 -11234 -21253 -8929 -7263
2 -7294 24828 5466 -21988 32767 11482
3 6320 -4082 -6120 10766 -21357 13415
2 -3908 14642 7678 7069 -32768 -16773
3 5952 -11078 -11112 14663 -22460 14742
2 -3076 6604 376 7198 -6132 2124
3 3612 -13346 -11572 13324 -17519 9084
1 -6320 -7728 -2120 -3300 -16515 -3835
4 3194 10702 -8920 -19917 -6574 -3981

3 -728 -6872 -5440 -726 228 41
2 1898 8016 -460 200 335 -106
1 742 -7224 -4144 119 -534 -342
4 -462 8118 -1936 1203 355 -562
3 -504 -6904 -5202 -1313 696 47
1 624 -7218 -4198 23 -599 -224
2 1898 8028 -484 20 542 52
4 -356 7960 -1796 1543 925 -539
2 0 0 0 0 0 0
1 0 0 0 0 0 0
4 0 0 0 0 0 0
4 3930 11652 -7294 6988 2956 2470
1 0 0 0 0 0 0
3 0 0 0 0 0 0
2 0 0 0 0 0 0
3 4658 -9514 -10288 -6421 -748 -3468
2 0 0 0 0 0 0
3 4358 -12406 -17754 -19252 5023 -13110
4 7040 16806 -12594 25066 -6901 18366
1 0 0 0 0 0 0
3 -2336 -6612 -9558 -22073 13457 -14856
4 600 8828 -5598 24278 672 16969
2 5302 14570 -1940 12996 -13602 -5813
1 4612 -11834 -10856 -9871 -18843 1421
4 -1166 4012 -3920 17638 2387 11910
2 -2910 8390 -9024 26521 377 605
1 -2780 -7452 -12784 -27027 -2004 6913
4 -2612 -2842 12 11474 2693 6028
2 -4222 1484 -2484 30107 10859 2492
1 -4578 -1158 -2330 -28629 5465 9667
3 -2364 -2838 -4658 -16713 15141 -13630
3 -1786 2694 690 -11675 14124 -8041
3 -3584 7526 5810 -5973 4413 -2097
3 -2944 8804 7686 -48 -1544 1789
1 -1534 4784 -54 -18880 9470 7408
2 -1550 -4768 -1208 21530 8184 1214
2 682 -7250 -1432 7059 -2351 -4034
1 586 7416 654 -6043 1002 3816
4 -3840 -8254 1764 4370 -2595 871
4 0 0 0 0 0 0
1 1906 8042 -96 1820 -817 1666
4 -2814 -10556 2866 -6913 -4449 -3029
1 3890 9380 -90 8418 3801 -2991
4 -2786 -5834 1142 -18162 3202 -10045
2 1904 -9870 -2776 -437 -3944 -5445
3 -722 9008 5170 4299 -3754 7322
2 5052 -9006 -3462 -8322 3957 797
3 -390 3958 4878 11296 -4373 17108
3 6106 -1478 -3326 2395 -6333 -7631
3 2566 2066 1200 -7076 2304 -8888
4 13526 12452 -346 -1997 9195 4117
2 6788 -24512 856 9105 -26961 -2161
4 3166 -1130 -2928 13045 -784 5519
2 3850 1840 -4334 5997 5012 328
1 23472 17754 -5304 -16317 950 -5803
1 2636 1816 -5544 -7822 4510 3717
3 1980 7912 1530 -913 5727 -518
3 0 0 0 0 0 0
1 1660 6614 2906 -6233 1152 1648
2 1262 -7586 -482 5384 3313 78
1 0 0 0 0 0 0
2 0 0 0 0 0 0
2 1474 -4848 -1326 -12969 890 3485
3 1300 2618 -444 4009 -3323 4668
4 -982 -8516 -1316 4303 2381 1852
4 0 0 0 0 0 0
4 352 -3314 -2500 -4761 -875 -4130
2 -1752 -40 -5564 -21095 -5678 3569
3 2640 938 -3174 7764 -7528 10043
1 -630 3220 782 12292 600 -5554
1 -2140 1280 -3166 18915 -522 -6900
4 1156 -1626 -2922 -11650 -3797 -7759
2 -2126 4724 -6460 -23008 -251 5456
1 -5320 -3730 -7684 24650 -247 -8401
4 2114 1754 -7374 -17942 -6697 -8249
3 3936 -1484 -7562 11875 -18301 11097
3 986 -3394 -11398 12889 -26418 -1495
2 -2214 10934 -506 -26785 -1131 371
4 1634 6350 -11054 -19055 -3924 -4952
1 -5442 -11670 -10306 26345 9179 -1758

2 1148 9060 -354 -1640 11909 4513
4 -124 8046 -2168 -1024 375 144
1 -954 -8194 -4038 602 9864 -2143
2 3618 8356 50 1550 -2639 -885
4 -294 7922 -2052 -470 169 307
3 -488 -6712 -5370 238 -298 -224
1 1718 -7558 -4220 -869 -659 101
2 0 0 0 0 0 0
4 0 0 0 0 0 0
3 -558 -6766 -5234 -217 226 190
2 868 7402 -368 -340 1331 -500
3 1618 -7948 -7564 -1398 2799 663
2 1800 9024 -1030 -1575 6264 2042
1 0 0 0 0 0 0
4 0 0 0 0 0 0
4 2868 10438 -6472 3193 -5407 -1497
1 -392 -6444 -3508 943 -662 1458
1 -80 -7764 -4694 1876 6593 1379
3 7582 -12348 -15988 -14624 6538 -11153
1 3244 -9310 -6418 -1755 439 466
4 5248 18120 -14998 22524 10552 6102
3 1820 -9528 -14338 -19220 18080 -20162
3 -1444 -3808 -3406 -14777 20414 -19611
4 982 12524 -8118 31576 11172 16627
1 -1438 -13900 -11630 -15452 -28757 3382
2 0 0 0 0 0 0
2 3698 15694 -1942 16736 -20061 -7647
4 -594 5792 -1904 24733 3173 14923
1 -3658 -3120 -8450 -27684 1354 6352
3 -752 1864 -296 -9142 12698 -9467
3 -1124 5402 4756 -6581 3258 -760
2 -6470 5138 -6350 27841 11110 -3240
1 -4042 1668 -976 -23203 10326 9922
2 0 0 0 0 0 0
1 -854 5868 -2828 -13008 4725 5769
2 130 -5532 -3060 16192 8169 -1033
4 -2846 -2568 3774 15590 2022 5700
4 -1492 -7178 6760 3621 1719 -1514
3 -798 6386 7796 -2038 -1804 4300
3 1752 6964 7878 2981 -1931 12107
2 2056 -6854 -3150 5956 1716 -2719
2 3068 -9118 -3244 -834 29 -3727
1 1804 7428 -1318 -5013 2821 2584
4 366 -10068 6254 -5965 590 -4340
1 3308 8816 -1790 1503 1495 -675
4 436 -9994 3864 -12390 4751 -5378
2 8086 -5300 -3200 -9924 7775 3448
2 -36 1998 1826 -959 -11964 -1083
3 1478 -8672 3100 15115 2379 32767
4 6956 15858 -4058 -28724 23213 -19883
4 6920 7776 -7040 11886 -10240 7994
3 9234 -9218 -4280 -1855 287 -16864
1 620 8662 18944 10842 1749 -5562
1 2022 3020 734 -1626 -4291 120
1 1774 6308 -1972 -3755 1799 1503
1 1464 6810 1810 -123 581 -2306
4 654 -4758 1656 13362 -1991 6093
4 1260 -9706 1512 4456 -1386 1622
3 -1220 3234 5338 -4605 3347 -10640
3 1988 6826 4610 -772 1273 -3014
2 2104 -4774 -1954 6980 2452 802
2 2228 -8044 706 918 1503 949
2 1612 -7324 -1568 -4730 2099 2261
3 2544 6596 4334 1151 182 462
1 -282 7182 304 3784 -407 -3541
3 0 0 0 0 0 0
1 -426 6778 -1732 7141 2519 -2105
2 1272 -5818 -3506 -8547 -1348 805
4 1692 -9198 1340 493 1040 -355
4 0 0 0 0 0 0
4 2364 -3322 202 -6832 -2152 -1644
4 1494 -2920 -1550 -12865 -3631 -4709
1 -128 5348 -4170 9010 3686 -1459
2 1648 -3904 -5472 -9833 905 2335
1 0 0 0 0 0 0
2 0 0 0 0 0 0
3 2682 1998 2336 4195 -4199 4550
3 3124 1452 -96 7326 -8547 9470
3 5556 -1032 -4416 10644 -13282 15592
3 8072 -5568 -10916 10741 -20281 14688

3 -1510 -7198 -5614 -582 -1128 -404
4 -712 8114 -1940 39 -136 172
2 1800 8102 -500 550 955 -736
1 -276 -7274 -3724 229 -113 -396
1 -2 -7276 -3950 712 392 243
1 0 0 0 0 0 0
1 0 0 0 0 0 0
4 -604 8032 -1782 1306 -748 -194
4 0 0 0 0 0 0
4 0 0 0 0 0 0
3 -1618 -6368 -4890 -3208 -2095 108
3 0 0 0 0 0 0
3 1072 -7558 -4634 1954 5572 2486
2 1884 8300 -410 866 781 -1003
2 0 0 0 0 0 0
2 0 0 0 0 0 0
1 0 0 0 0 0 0
2 0 0 0 0 0 0
4 1210 10312 -5684 3917 -805 -287
2 0 0 0 0 0 0
1 0 0 0 0 0 0
4 2000 15512 -10490 18441 -2287 2523
3 2516 -9740 -7208 -5390 -7302 -5803
3 206 -12288 -13142 -19985 -5586 -15625
2 2320 10668 -54 1493 -3744 -1205
2 60 17822 -5470 18828 -12594 -9813
1 0 0 0 0 0 0
1 -480 -14148 -14286 -15639 -24206 5444
3 -80 -6206 -11900 -20574 11337 -15613
3 -1090 -640 -5162 -16087 17752 -12330
4 936 8262 -8134 26420 2117 10489
4 -1004 1604 -2824 22370 7714 11769
2 306 2970 -8410 28166 313 2926
2 -1434 -1458 -1666 25886 10795 1858
1 -2518 -1192 -9346 -30827 926 5640
4 -2610 -1938 -3676 12347 7430 6680
4 -1754 -5632 -2204 6906 332 -860
1 -1700 2222 -378 -25157 11491 6509
3 -514 3064 -3082 -11530 11158 -8049
3 -422 6122 982 -8344 4154 -2384
2 1260 -4098 -4036 11475 1830 -58
2 2090 -6476 -3502 3545 -154 -3636
4 294 -9534 -570 3186 -1372 -2576
1 -966 5132 -2258 -8710 2650 1415
4 462 -12232 52 -965 -2425 -2582
1 732 6910 -1930 -973 536 692
3 1402 8494 5198 -5234 -593 -1
3 1144 9176 5084 -2651 -337 1563
2 4944 -10986 -4070 -1555 1608 -931
3 -1748 7714 7452 2080 -1329 7515
1 1936 9042 -2308 3505 2242 405
2 -32768 32767 -32768 -9583 -23016 -11894
4 -1088 -8900 1052 -6119 272 -4785
4 6084 -8032 -14868 -11784 -14859 -16
3 32767 -32768 -32768 19420 18340 32767
1 5638 -14990 6830 -9489 -6257 -2086
4 4510 2482 -4180 13837 1901 6483
1 1720 786 -6586 605 -1145 -995
4 524 -6786 1486 7334 -2604 4451
1 66 6304 -2002 -8214 -1470 1236
4 -248 -9170 642 623 -447 1495
3 6416 -4292 -3878 -3932 1420 -11132
2 2482 3570 2816 102 -3778 -1865
3 1270 5088 3272 -3292 1960 -7692
2 2950 -6570 -888 8184 2214 1101
3 1712 7756 3178 1801 624 -2095
2 2068 -5906 -322 1283 -1030 724
2 1856 -6888 -2152 -3854 -1568 -71
3 0 0 0 0 0 0
1 426 6480 1848 -3901 1193 1305
1 0 0 0 0 0 0
4 0 0 0 0 0 0
3 1210 2222 82 3803 -4316 4733
1 558 7010 -842 9520 -498 485
3 1072 -134 -1970 6220 -9668 12327
4 -242 -3004 -1130 -7155 -1859 -3601
4 -8 672 -2614 -15081 -4897 -9418
1 -54 5384 -4446 13087 -2373 -1242
2 2016 -6388 -4256 -7311 357 1021
2 1022 -4660 -5210 -10634 -3741 899

1 684 -7378 -4512 1046 2235 1162
4 -638 8400 -2140 -1513 342 537
2 1668 8008 -516 -46 -443 -12
3 -808 -6928 -5594 1343 -724 51
3 -766 -6632 -5448 212 -204 184
3 0 0 0 0 0 0
2 0 0 0 0 0 0
2 0 0 0 0 0 0
4 -548 8084 -2016 120 44 -88
4 -608 9296 -4776 2130 1083 -924
1 1052 -7218 -4520 253 1270 -190
1 0 0 0 0 0 0
4 3160 15174 -12332 18666 11138 3700
4 3798 11290 -8572 27761 10970 14303
2 0 0 0 0 0 0
2 3058 11490 218 1564 -1318 -330
3 5090 -11518 -15436 -14212 4991 -5837
3 2730 -8368 -12398 -19336 16091 -12922
1 0 0 0 0 0 0
1 -166 -10840 -4482 -1011 1106 271
1 -1806 -15736 -15732 -20080 -24570 6842
3 0 0 0 0 0 0
2 -1736 19242 -7174 24800 -15264 -9089
1 -2894 -988 -7564 -30835 1621 7125
2 -1170 2098 -5966 30604 922 2880
4 1786 5892 -3026 24056 3475 13230
4 246 -912 572 16205 2876 7768
3 -278 -130 -860 -17219 15539 -6760
4 292 -5824 2748 5249 1389 2544
1 -2468 2844 -88 -24802 13454 8954
4 1536 -9800 3302 -1754 1808 -163
1 178 5806 -1638 -8635 2438 2798
3 604 3020 5154 -8744 9718 -2228
2 -1862 -2320 -1002 26578 9864 1996
3 732 5846 9428 -346 5482 2335
2 888 -5906 -2444 10917 366 -2034
1 3038 7398 -1984 -236 635 979
1 3778 10522 -1448 5659 1002 -1764
4 1532 -10608 2358 -7732 2365 -2344
4 -132 -4174 2138 -17836 5560 -8470
3 964 7422 7996 3752 -1327 6241
3 -3274 3256 7796 11858 -1051 17211
2 4058 -8608 -2200 1993 -855 -3883
2 7086 -10974 -2746 -6087 5478 1590
1 7626 22380 2018 -741 -2716 -2671
4 9678 6204 -7008 -433 -972 343
3 2226 1472 2306 -5261 -26377 -13021
1 -554 -446 -4946 -6482 2659 2231
3 3616 558 3592 -5652 2568 -12069
4 3402 -744 -1212 12727 -970 8687
2 7756 -29566 -3234 11689 -20244 -1450
2 2308 3122 -2608 7380 -2538 115
1 866 4952 1772 -4864 -1554 2621
1 0 0 0 0 0 0
4 560 -8222 1128 4574 -1610 2992
3 1838 6398 5118 -2074 3231 -4454
4 184 -6292 1120 -1931 -1232 -1422
3 762 4068 3470 1636 -1753 159
2 1366 -4930 2052 3863 -4069 -2437
2 1192 -7828 -658 -5756 2071 2901
1 -800 6052 -744 12477 -3110 -3635
3 -738 1490 120 5089 -7176 5923
4 -1016 -2482 750 -10433 -2886 -7134
2 632 -6782 -3826 -15571 -4408 2626
2 -1754 -1158 -6604 -19342 -1716 5822
4 2616 1432 -4430 -20705 -9007 -13406
1 -2942 4238 -5574 17196 -4236 -5657
3 2164 -1022 -7052 10849 -16905 14796
3 5656 -4036 -13506 15120 -28493 11289
1 -3362 408 -7566 18844 -570 -4964
2 0 0 0 0 0 0
4 -776 11184 -12166 -26068 2405 -8362
3 302 -7614 -13176 21898 -4657 3949
1 0 0 0 0 0 0
2 -930 8814 -6106 -16702 1840 2051
3 1554 -9452 -11928 14012 -7532 2655
4 2306 12586 -10328 -20513 -8098 -4391
2 2286 10334 -3748 -12773 8686 871
1 0 0 0 0 0 0
4 1434 11362 -6576 -11304 -12638 577

4 -422 7920 -1638 1999 1335 -612
3 -852 -6806 -5296 -1497 1117 223
1 260 -7314 -4046 -795 -55 1279
2 1284 8006 -608 1249 -56 -510
3 -554 -6898 -4824 -1676 1835 477
4 -1330 7986 -1654 1235 4001 -113
2 1482 7762 -388 1196 218 -1195
2 0 0 0 0 0 0
2 3850 12868 -2894 1568 1495 -702
2 1400 17264 -5652 20760 -25254 -11284
3 6910 -11138 -10468 -3880 11345 -1065
4 13272 12886 -10332 12096 19244 8231
4 10018 10774 -10692 19568 5642 16528
3 7618 -10948 -14276 -12940 16309 -11630
1 404 -7242 -3898 -387 -729 1537
1 0 0 0 0 0 0
3 3296 -4546 -8160 -11534 22040 -17502
4 3380 4894 -5266 18427 6127 17239
1 5604 -11852 -12092 -8687 -11093 -1071
1 -4578 -8928 -12204 -27104 2000 10218
1 -4616 -848 -1624 -27202 8004 12086
2 -1628 5238 -6036 30047 7778 951
2 -1594 -1388 -762 27198 14640 1565
3 1480 -882 -2740 -7232 17495 -13306
3 296 1478 910 -4772 9277 -6068
4 1412 594 -2140 11912 6471 11239
4 638 -2978 392 5995 3872 5436
4 1544 -7442 2754 1224 2585 704
4 2662 -8720 2774 -3181 1806 -3754
1 -1078 4554 -1048 -17859 10016 7472
3 2064 4346 5146 -2857 3999 -211
1 1252 6652 -780 -7395 3034 3481
3 0 0 0 0 0 0
2 1896 -6284 -2552 14106 3532 -990
2 2428 -7830 -1836 4247 -1291 -4457
4 4102 -8090 1712 -6094 5607 -8130
2 4612 -9370 -1348 -4089 1644 -2063
4 32767 25374 -32768 -2366 32767 -1130
1 2890 7316 -514 518 -77 1174
3 2490 6230 8158 1326 1308 10725
3 32767 -32768 -32768 20749 32111 32767
1 3976 7714 -690 7447 3637 -1944
2 -7022 32767 -32768 4924 1229 -12650
3 6500 -9104 -1576 -2902 -4770 -15879
3 1282 4034 7356 -3496 2063 -9280
2 1124 828 3818 5613 7482 3467
2 2562 -3598 -228 4238 -2617 -346
4 7500 6736 -2904 10665 -8013 12622
4 2110 -6964 3062 8016 -2171 7063
1 -13300 27740 5924 -10954 -2630 -2326
1 -506 1862 -3262 -4155 -5327 695
2 0 0 0 0 0 0
2 1252 -7034 -1936 -13205 4448 5097
4 2342 -7164 1456 -205 -2305 1093
3 3026 4914 5622 441 497 -3199
4 0 0 0 0 0 0
3 2588 3684 3742 1044 -1747 -274
1 722 5556 2140 -3170 -137 2072
1 488 5934 2172 5760 -2467 396
3 1740 1368 2008 1189 -3947 2383
2 92 -700 -6334 -23527 -454 1150
2 0 0 0 0 0 0
1 608 4928 -1184 15468 -2919 -3497
1 -3444 484 -7764 22199 -4802 -8271
3 2426 196 338 2771 -8746 6853
4 2430 -3116 -174 -3091 -3492 -2533
4 2632 -1690 -888 -7377 -6978 -6127
4 4910 446 -5636 -15380 -8948 -8418
1 -4434 -4678 -11392 22495 1859 -4329
1 -1418 -10554 -9330 19839 15703 3813
4 4234 5374 -8240 -22934 -11239 -9159
3 2036 -2624 -2156 9905 -20149 11217
3 3430 -7776 -10682 15919 -32768 8797
2 0 0 0 0 0 0
2 4550 15070 -2548 -11552 11889 -2017
2 5900 10250 36 2809 -1909 -9635
1 4594 -11000 -8106 8309 8816 6255
1 6376 -7702 -5638 2315 -22156 -2100
3 282 -11730 -11106 16942 -30659 1600
4 3272 10754 -7394 -21941 -1254 -5885

3 -504 -6872 -5304 -1055 375 -61
2 1820 8134 -640 254 180 17
4 -192 8120 -1820 1826 891 -917
1 470 -7294 -4228 102 23 -168
3 -432 -6792 -5050 -1231 648 -113
3 0 0 0 0 0 0
2 1700 8086 -480 451 -88 100
2 2390 9376 -700 1418 -2105 -786
1 478 -7320 -4172 -178 16 1
4 -12 7834 -1764 1691 1055 -750
4 0 0 0 0 0 0
4 3642 13514 -13254 16109 -4395 3722
4 870 14506 -12142 29846 -1694 13256
1 0 0 0 0 0 0
1 1998 -10668 -11046 -10336 -24326 869
1 0 0 0 0 0 0
3 8614 -12538 -16264 -14900 3556 -11118
3 1522 -9474 -16248 -21320 15202 -19358
2 4064 12846 -4388 11808 -19038 -5552
2 0 0 0 0 0 0
2 -4292 4486 -4358 25818 12225 -2474
3 -2104 -4710 -4864 -17532 19325 -19817
3 -2932 418 -362 -10982 10952 -14929
2 -316 -2426 -1456 21038 11324 -1275
4 -1062 6728 -1500 27857 2084 13486
4 -1296 -334 846 15060 -4872 7136
1 -4834 -2136 -5568 -23460 7057 9888
1 -998 2900 -2280 -18586 8478 7281
3 -4972 6654 4106 -4733 2912 -3890
3 0 0 0 0 0 0
1 1046 6780 -1132 -9305 3270 3141
4 -5330 -7010 5118 3817 -449 799
4 0 0 0 0 0 0
1 1948 8484 -864 -2096 -648 1393
2 2344 -6574 -1920 10525 2392 -2068
2 2450 -8174 -2020 2786 -802 -3132
4 -3836 -9922 528 -10401 -1208 -3940
4 -2698 1676 998 -24044 10351 -9814
1 2696 9574 -668 1741 3979 -2212
1 3144 6524 -1966 8760 1465 -5841
2 0 0 0 0 0 0
2 4446 -4646 -3870 -9758 1059 2301
3 -1050 9126 4756 4859 -5546 6031
3 -4336 2914 4802 16361 -6594 21584
1 -5568 1138 348 108 -13424 -1174
1 50 1794 -2972 -4092 2272 598
2 -3442 -24872 -62 3830 -32768 -11795
3 4862 -6716 -10380 2267 16759 2528
2 -342 1680 -3400 5089 1545 2719
3 2128 3890 1714 -6308 5118 -7108
4 -5328 7376 -9674 336 -2554 -1125
4 576 -2636 -2984 12616 2895 1731
2 2428 -4136 1926 2230 -1109 -577
3 3260 6848 1316 46 4875 -265
3 906 1818 14 3862 -1056 3816
2 324 -5188 1346 -13758 1343 3823
1 2420 4400 2742 -797 -1306 -570
1 194 4202 1632 12561 3818 -5039
4 -104 -6640 -2038 3340 4516 -611
4 -586 -3134 -648 -3583 1053 -2950
1 -2994 -254 -4840 26216 -4906 -11268
3 -1522 -694 -2358 7368 -11209 9263
4 -1252 374 -1478 -13596 -4048 -7615
1 -6020 -11650 -10194 27568 8939 -6989
4 -722 5306 -9252 -22994 -4230 -7224
3 3822 -4454 -12128 17121 -19078 15738
2 238 1668 -6018 -30847 -2829 655
2 -5220 13536 -5922 -29012 -2069 6952
1 62 -12130 -12936 18322 11536 948
1 -504 -9226 -9048 7065 -1532 5704
3 6224 -8368 -18906 15579 -17968 13007
3 0 0 0 0 0 0
2 3564 18058 -6096 -17395 17436 8704
2 2772 11074 -2574 -879 17681 -646
4 0 0 0 0 0 0
4 2580 9356 -9762 -14412 778 -2185
3 10574 -11862 -7400 12 -7905 1335
4 1840 10066 -6904 -9264 2310 -803
2 4720 7064 -1408 2240 3267 -1426
1 1768 -8152 -5110 1012 13935 9792

3 -686 -6686 -4918 -1357 851 251
4 -226 7834 -1662 1316 768 -456
2 1804 8024 -806 -376 863 116
2 1744 8140 -826 -394 -207 71
4 -222 7786 -1610 724 580 -187
3 -636 -6612 -4812 -943 659 453
1 120 -7360 -4184 256 -33 184
2 0 0 0 0 0 0
3 0 0 0 0 0 0
3 0 0 0 0 0 0
2 0 0 0 0 0 0
4 0 0 0 0 0 0
4 0 0 0 0 0 0
2 0 0 0 0 0 0
1 208 -7072 -4254 291 -525 -23
2 0 0 0 0 0 0
1 0 0 0 0 0 0
1 0 0 0 0 0 0
3 4942 -11736 -18172 -17149 4254 -5903
1 0 0 0 0 0 0
3 2180 -6694 -13518 -19359 18808 -14341
1 0 0 0 0 0 0
4 2858 14824 -14022 13507 -900 2559
4 -4684 13862 -6382 32767 -1429 5592
4 -476 6438 -2630 31878 12683 14084
4 -2024 1924 104 23564 -798 5473
1 0 0 0 0 0 0
1 628 -14392 -16188 -16685 -32409 3482
2 0 0 0 0 0 0
2 4130 16226 -5100 14255 -12904 -7865
3 -1034 -5080 -12392 -19477 22030 -18821
3 -3298 -2022 -1014 -20822 18263 -14065
1 -6122 -3792 -9128 -30932 5772 10571
1 -3422 1148 -852 -24083 14357 10426
4 -292 -5930 8612 11446 -444 44
2 -2018 7934 -10772 30851 10997 1442
4 354 -7644 4500 -3893 1012 -1670
3 -4112 2148 12980 -8034 5853 -1159
2 -2264 -756 -1030 29588 15099 3793
3 -270 4724 4998 3829 -456 6606
2 68 -3952 -3532 13232 4388 2223
2 1534 -6296 -2216 3880 1703 -3732
2 7046 -9352 -2108 -4188 3672 -5
4 0 0 0 0 0 0
4 -942 -10390 6350 -9732 1788 -4285
4 -276 -6758 3110 -20630 7840 -11799
3 0 0 0 0 0 0
3 -502 6622 9632 5251 -861 9694
3 -4 2452 5492 13128 -2378 23715
1 180 5038 -1680 -9859 2213 3290
1 2696 5750 -1956 -2318 2563 311
1 0 0 0 0 0 0
1 8346 32767 1586 -9355 -5233 -4823
2 19940 -25606 456 7728 -12560 1831
1 2032 -36 -4060 -1667 -2298 676
2 2568 3010 -2372 4504 1291 2563
3 -1998 4776 758 3316 -562 -8835
3 2226 242 1282 -5798 2203 -9869
4 8598 4024 -6934 -3379 9286 2814
4 2058 156 42 11283 -5644 6603
3 3768 5064 3420 -3171 4276 -3180
1 2632 5776 3040 -2851 274 -620
3 3172 5656 3232 -713 223 -929
1 22 6328 544 6532 3573 -2902
2 1708 -4888 -120 3755 3200 -3
2 318 -7190 -2018 -5967 2435 270
4 2368 -7298 -106 5572 258 2523
4 2414 -7908 -896 1564 -1452 739
4 0 0 0 0 0 0
4 364 -1634 -990 -3144 -4834 -3797
4 814 -692 -1014 -12835 -6096 -9275
3 3042 3864 2710 3 -2785 247
3 1624 948 726 1316 -5610 2680
1 -1332 5416 -4170 14067 2183 -2927
1 -2640 3256 -8978 15685 -743 -3154
1 -2446 146 -10132 13381 1082 -1291
2 708 -4140 -4996 -13790 -2030 113
2 -674 596 -8126 -16749 -1019 1202
2 -612 3358 -9306 -14691 -1106 505
3 2158 1128 -1082 4462 -14158 9093

3 -542 -6654 -5164 1587 -656 98
2 1702 8232 -842 306 -483 935
1 430 -7486 -4350 90 -2673 -856
4 -396 7996 -1896 -1860 -586 871
1 1074 -7326 -4334 94 -809 -1584
3 -496 -6878 -5216 1581 -948 -70
3 0 0 0 0 0 0
2 1808 7792 -640 1021 -2186 829
2 0 0 0 0 0 0
2 0 0 0 0 0 0
2 0 0 0 0 0 0
3 0 0 0 0 0 0
2 0 0 0 0 0 0
2 0 0 0 0 0 0
4 -508 8042 -1970 -1251 -920 668
4 0 0 0 0 0 0
4 0 0 0 0 0 0
4 0 0 0 0 0 0
4 2794 12018 -9706 7612 3517 513
4 4204 16600 -13332 23306 3822 9847
3 0 0 0 0 0 0
3 4862 -10064 -13398 -6728 3585 -746
3 2934 -11328 -16614 -20930 12988 -10676
1 0 0 0 0 0 0
1 0 0 0 0 0 0
1 0 0 0 0 0 0
1 0 0 0 0 0 0
1 0 0 0 0 0 0
4 734 9704 -6518 27537 9167 16377
3 -22 -5726 -8810 -19237 21121 -14737
2 7478 15556 -5392 10529 1566 -2909
1 1436 -11396 -11832 -10639 -24776 2658
4 -330 2874 -1976 19830 4984 12991
1 -4780 -6548 -10972 -24381 507 9674
2 -1154 11062 -6410 24325 -20765 -11802
3 -700 -830 -3176 -12867 17739 -12726
4 -898 -2396 1182 10982 697 4387
1 -4864 -42 -3438 -24754 7635 12284
4 632 -6428 1928 4809 -545 95
3 154 2250 1988 -8003 9067 -6607
1 -1126 4990 -1078 -17125 10239 9212
2 -348 1548 -1926 30852 24186 5545
3 1470 5068 4412 -4903 3556 -1232
2 -1090 -4128 -3524 21983 10916 2700
3 2226 6640 5762 -2186 1220 1475
3 0 0 0 0 0 0
4 1998 -9680 2350 288 1411 -729
2 584 -6338 -1312 8499 295 -2837
4 1764 -10908 3650 -3849 1081 -1209
2 2002 -7132 -1720 -746 20 -3455
1 1780 6300 -202 -6258 2115 3361
1 2744 6300 -1232 1556 -1999 253
1 0 0 0 0 0 0
2 0 0 0 0 0 0
1 -9204 1916 8836 14247 9946 -5216
2 -17418 32767 -32768 -6293 -4809 -6180
4 -1408 -12158 3500 -11874 1349 -4892
3 -2518 6832 11270 5211 -585 11775
4 26476 32767 -3276 -14579 25985 -9182
3 3728 -10878 -10372 11760 -6807 26347
2 3956 1432 2000 19 -2556 -94
4 5472 2822 -4862 13969 3019 12078
3 8662 -3362 -750 -3122 6332 -13766
3 298 5480 5718 -3308 5404 -8454
2 3970 -5080 -126 7231 1219 1901
1 3266 -64 -3092 2213 -2270 -1891
4 -692 -8494 2270 9446 627 6085
1 408 4074 -1394 -5682 -4420 694
4 -646 -7678 2522 1633 -820 622
4 0 0 0 0 0 0
2 1850 -5214 -432 -1514 -2326 -378
2 570 -6314 -2786 -12972 -2854 2448
3 -524 5404 4628 263 863 -1776
3 0 0 0 0 0 0
1 0 0 0 0 0 0
1 -228 7796 -1848 9909 2309 -2422
2 -1034 -1082 -6152 -19733 -5219 4531
1 -110 4484 -6586 14908 155 -4142
3 418 3014 2226 1142 -6645 5977
4 64 -2876 70 -5953 -3429 -6026

3 -128 -6686 -4880 1490 -622 447
1 1074 -7162 -4700 -38 149 -111
4 -378 7530 -1680 -2707 475 741
2 1410 8198 -640 -129 -815 891
3 0 0 0 0 0 0
3 0 0 0 0 0 0
4 0 0 0 0 0 0
4 0 0 0 0 0 0
4 0 0 0 0 0 0
4 0 0 0 0 0 0
2 1130 8464 -354 227 -623 459
2 0 0 0 0 0 0
1 946 -7422 -4434 -816 -933 -925
1 0 0 0 0 0 0
3 0 0 0 0 0 0
1 0 0 0 0 0 0
1 0 0 0 0 0 0
3 0 0 0 0 0 0
2 0 0 0 0 0 0
2 0 0 0 0 0 0
2 0 0 0 0 0 0
1 0 0 0 0 0 0
2 4002 13194 -2384 13189 -11587 -5463
1 1740 -10872 -11704 -9589 -12783 5273
3 6324 -10474 -10882 -3057 6059 962
4 2804 12042 -8514 3587 6843 -140
3 8330 -14476 -17948 -16054 13862 -14044
4 9144 18224 -14728 22089 7313 10625
2 0 0 0 0 0 0
2 -3626 2222 -4316 25906 9976 1730
4 3270 10338 -8536 23971 8400 18365
4 1064 4426 -4822 13359 6881 14411
4 308 1004 -1718 7636 2437 9454
2 -678 -4246 -3630 19035 7687 -996
4 566 -3624 1040 5320 -613 4984
1 -3100 -4226 -11186 -21991 -2027 6428
1 -4072 -250 -5854 -22746 7279 7775
2 1992 -7536 -4554 10441 4641 -3321
1 -1922 3722 -4956 -17300 7632 6116
3 3698 -6172 -10626 -10806 22758 -18372
3 2668 -2826 -6904 -5170 17455 -13839
1 914 7922 -3738 -10522 3458 4642
3 1334 -614 -1132 -3962 11456 -9839
3 -458 2268 2558 -3097 6169 -5226
2 2156 -8178 -3308 4102 1210 -3596
4 -74 -6566 914 1292 835 1901
4 0 0 0 0 0 0
1 2364 8650 -2042 -5037 3059 1729
1 0 0 0 0 0 0
2 3116 -5252 -2802 -201 3051 1228
3 528 4996 5016 -2024 4647 34
3 924 4858 4030 -270 -495 1415
4 -2104 -13600 4274 -5470 1391 -4954
2 0 0 0 0 0 0
1 0 0 0 0 0 0
1 56 5866 2128 11734 2114 -4344
2 3928 -5722 -870 -10951 4184 2777
3 -1568 10858 10404 1640 -4334 5719
3 7980 -13796 3836 15700 2549 31110
4 15502 9440 -292 -25274 25946 -15002
2 8208 -3202 5672 -7249 -32768 -11774
1 -3660 -1240 -1646 3411 11243 -1414
2 3108 -1860 -1860 9923 12753 1165
1 596 1062 -4050 -6411 -15507 3321
3 7644 -2822 -768 -3643 4702 -9433
3 0 0 0 0 0 0
4 2424 896 -2018 8999 -9829 2137
4 3086 -4436 -1434 10958 5819 1834
4 1842 -7664 -1424 6002 -932 1687
3 522 5480 3906 -1627 813 -2298
2 2464 -4368 128 4972 199 -3407
1 48 4136 1898 -3382 -4532 4268
3 1418 4316 3006 -631 81 187
4 1432 -6586 192 3040 324 217
1 0 0 0 0 0 0
2 0 0 0 0 0 0
3 0 0 0 0 0 0
1 94 7250 -2852 14348 -2526 -4840
2 1912 -5120 -3444 -19111 -2064 1339
4 0 0 0 0 0 0

3 -192 -6970 -5168 2113 -1264 516
2 1500 8274 -274 1132 333 -578
4 76 8192 -1970 -2398 1210 105
1 250 -7264 -3840 -1018 -1533 -653
3 0 0 0 0 0 0
2 1324 7856 -166 748 718 -641
1 184 -7054 -3626 -135 -480 57
4 0 0 0 0 0 0
4 0 0 0 0 0 0
2 0 0 0 0 0 0
1 0 0 0 0 0 0
3 0 0 0 0 0 0
2 0 0 0 0 0 0
4 -1008 8628 -2720 1554 1380 288
3 0 0 0 0 0 0
1 0 0 0 0 0 0
3 3026 -9470 -11518 -9758 3108 -4886
2 0 0 0 0 0 0
3 3906 -7640 -11706 -14366 11698 -11448
4 1616 11480 -6956 10942 4370 2259
3 2128 -3018 -6432 -12529 13898 -12815
4 3744 10648 -9736 19698 5702 9715
2 0 0 0 0 0 0
4 2340 3736 -4652 18835 4454 12000
2 7268 16214 -2944 10333 -9441 -6685
1 0 0 0 0 0 0
1 0 0 0 0 0 0
1 2168 -11932 -8558 -7992 -8851 2385
4 2058 -204 -3176 11394 3459 6166
3 2778 -40 -3644 -8116 11314 -8234
4 4058 -4840 -3402 5843 2657 2962
2 -14290 8762 -8942 28702 -21143 -15503
2 -2338 -628 1598 32767 20277 -3584
3 5218 2476 -1046 -5862 8204 -2563
1 -3674 -6840 -14624 -28598 -4810 8984
1 -4986 -1030 -446 -31023 10218 15626
2 -2368 -5948 -1552 21444 13364 1928
1 -2260 5624 -184 -16387 8038 7902
2 556 -7294 290 1535 -5629 -6929
1 2512 6356 604 -1125 1902 1749
4 5510 -7396 -5122 3482 2274 2738
3 6104 5634 3430 -3033 8077 -717
4 3878 -9306 -844 183 4908 1761
3 4538 7940 7172 30 5675 2828
1 5042 4886 -2662 10036 1937 -4865
2 7844 -7384 -1832 -11766 7832 1037
1 338 3988 1338 -3350 54 -1863
2 4126 3290 -2918 2666 -26174 -6566
3 1008 1754 6326 8984 1425 14240
4 1496 -1720 424 -14131 2956 -6028
3 4528 -6666 5110 2980 973 3
4 7562 6976 -5540 1494 -1513 776
1 2060 1296 -4522 -7545 4678 5278
4 2722 -3190 -240 10875 271 5750
4 1434 -8242 1504 2552 -2328 727
2 2842 -1040 416 9172 4255 1680
2 1656 -4598 3096 -461 -1167 -2560
3 1946 1468 3454 -5145 2755 -10076
1 0 0 0 0 0 0
3 2488 4660 4550 -1139 -274 -3375
3 0 0 0 0 0 0
3 4518 1728 1104 3728 -5852 5761
1 1516 7914 2288 13979 -4456 -3451
4 3060 -7450 128 -4097 -1355 -3077
1 -2482 2172 -6400 24952 -8913 -10320
4 3240 -4632 -2918 -8266 -2573 -5024
2 -302 -7164 1994 -17772 -1353 3377
2 -1186 2554 -5528 -32267 -1751 5550
3 4884 186 -3122 6028 -13010 11167
3 8094 -4244 -7886 9872 -10686 15157
4 3142 -2432 -5120 -13801 -17141 -11598
4 -1162 3256 -8560 -16804 -3618 -7283
1 -4954 -4992 -8240 26465 737 -5417
2 -2934 12606 -4158 -32768 -5042 -2220
1 -2282 -10006 -4750 26538 10282 2351
2 -9544 28502 -794 -30277 22484 8571
4 4060 5664 -10670 -12653 -4954 -4453
1 8672 -15316 -7950 5740 23681 9806
2 5966 12054 1236 -4396 -21556 -5888
3 8014 -5926 -9422 6686 -12306 10075

3 -636 -6862 -5194 438 -555 89
1 668 -7384 -4278 -147 363 1645
2 1748 8282 -622 734 1160 -251
4 -230 7998 -1962 -62 -392 197
1 900 -7238 -4342 -420 -406 1399
3 -518 -6818 -5148 10 169 320
2 1688 8150 -468 1025 782 -186
3 0 0 0 0 0 0
4 -444 8128 -1762 479 -218 110
3 0 0 0 0 0 0
4 0 0 0 0 0 0
1 870 -7112 -4184 -403 248 578
1 726 -9660 -4784 -1618 -1115 447
2 1596 8256 -250 809 623 76
2 0 0 0 0 0 0
2 3704 10680 -2238 5788 -4391 -3116
4 8092 16768 -10150 19971 -16999 7414
4 872 10708 -7610 27309 -9532 15614
3 6048 -11810 -12596 -12214 1026 -8771
4 -3886 2766 -3484 20511 6746 10208
1 -688 -9336 -8842 -8874 -17803 4728
3 3114 -10440 -13176 -19330 7421 -20856
3 -2832 -3122 -6040 -16200 14452 -18047
1 -5364 -4000 -9474 -16929 -5563 5011
2 -3324 10362 -6490 16575 -14054 -7707
2 -1414 5246 -8306 23404 5591 -387
2 -296 -390 -5214 23038 10091 -1006
1 -5626 -1326 -7220 -20735 5347 9240
3 -2458 2820 -3030 -11454 11023 -7747
3 1378 5990 1026 -6314 5050 -3608
1 -1554 3326 -5274 -18106 9377 8105
4 -2630 -1064 -2048 11901 409 3877
4 -1798 -7108 -1436 4472 -4443 1862
4 -4526 -10614 -2876 -634 -5727 -143
1 1056 6650 -3162 -10187 7664 2229
3 1632 9418 2362 -1814 -205 -3337
1 638 7142 -2294 -2464 1256 -1329
3 0 0 0 0 0 0
2 2370 -5764 -3772 13769 6157 -466
2 1662 -6622 -3528 3909 1227 -1470
2 3882 -6412 -3516 -2665 3298 4022
3 -7416 5574 5698 10335 -5010 21906
2 5468 -3822 -5704 -11833 -610 6571
3 8214 -4642 -3952 961 18061 4279
2 3864 -6992 2986 -200 -19378 -6172
4 0 0 0 0 0 0
1 732 5896 -1750 3359 2506 -3748
4 11636 26230 -16738 -5115 -7652 6368
1 6866 10570 7732 -20106 13859 -5102
4 6342 2414 -5884 7000 5820 2629
2 -4 -132 -2746 5927 6783 2285
2 1110 -2144 580 586 2666 -597
2 300 -4262 312 -13767 1099 1776
4 360 -4704 -2552 5776 -1538 2317
4 -528 -5934 -3236 192 1342 -124
4 -1162 -2966 -3544 -4373 2403 -3394
4 -62 -488 -3738 -11028 -157 -6822
1 686 -604 -3772 5917 -4854 -2578
1 0 0 0 0 0 0
3 1402 2804 2168 -4125 2581 -4783
1 0 0 0 0 0 0
3 588 6156 1284 -132 208 -127
2 -90 4314 -5406 -29755 -6396 -374
3 1652 4880 164 4299 -1833 4645
3 1150 1284 -3308 7406 -8433 9149
1 -726 3704 -224 16885 905 -6496
4 792 2794 -8398 -20294 -6660 -8453
2 -5910 15404 -3440 -30680 -2683 4895
2 -544 23688 -3122 -19365 32375 7481
1 -4490 -3526 -5976 26611 626 -7885
3 1764 -968 -7274 10764 -20502 13369
4 2532 6694 -12300 -19200 -2547 -5300
1 -2350 -10930 -9994 30136 8472 -288
3 5072 -5262 -14862 11738 -26913 8640
1 2664 -18796 -11108 13585 30409 13902
3 -1096 -8538 -12940 15872 -4482 4976
2 -1520 6396 -2348 6912 -18439 -6651
1 6608 -7814 -3006 -1290 -10714 1230
4 3772 8106 -8960 -12562 1597 -2480
4 1134 9932 -4654 -11203 -1760 -1525

1 932 -10112 -5614 -2004 219 307
2 3532 11366 -1812 2713 -4006 -1504
3 1912 -9776 -10108 -2351 5980 2002
4 168 11988 -7308 4353 6942 834
1 -5442 -11118 -10348 -12861 -24460 5470
4 8154 13954 -13108 22998 12092 13355
3 6708 -10688 -15046 -15703 13001 -11864
2 230 13044 -5100 14113 -20046 -8548
4 1750 6176 -6758 21701 7865 18291
4 -388 90 -506 14662 6081 12177
3 2544 -5114 -9730 -14492 19924 -15452
3 402 -1150 -4278 -10433 17041 -12744
1 -5260 -3686 -9108 -21850 3242 10853
2 -4256 8140 -9236 23507 6600 -1057
1 -2384 948 -3798 -20795 8727 12207
2 -2306 1576 -3526 24717 11276 -1890
1 60 5206 -3778 -13878 6519 6671
1 2176 6208 -2928 -6018 4387 2399
4 -152 -5658 1356 4856 2544 2966
3 478 2516 844 -6955 7697 -4471
2 1384 -4204 -3360 17245 8134 -1372
2 2656 -6324 -3208 7291 2620 -3200
4 3864 -6918 -1254 -1057 3679 -1932
4 0 0 0 0 0 0
1 2772 7288 -2150 -308 3461 -667
3 3422 5742 4860 -3247 4490 2837
3 2650 7828 9266 1736 3790 5313
2 4222 -7168 -3676 1558 2321 -2350
2 6652 -8186 -2794 -4639 2627 739
2 -228 1972 4362 -2775 -12482 17
1 2544 7288 -3028 4586 4552 -2207
1 942 2224 2076 -1943 1252 -4279
4 1320 4448 4138 -24733 13399 -16659
4 8248 8754 -1450 12078 -13988 10276
3 -1426 -5848 4468 17887 -1382 32434
3 4642 -9950 -2600 -3219 -3935 -16269
1 -638 2112 -2126 -2091 -5196 -927
3 1506 2160 4438 -5184 2774 -9333
3 2942 5480 4886 -408 3573 -1140
4 1904 -3584 3208 14023 -2182 5731
1 1682 4166 582 65 1722 339
4 2478 -8618 4004 4329 -1532 1725
2 2626 1428 -2524 2885 -1613 1755
2 0 0 0 0 0 0
1 1966 5742 -556 8917 3377 -754
1 1174 4198 -5442 16767 -233 -4389
2 1468 -6566 -2644 -10186 4440 3491
2 -344 -1710 -6874 -19333 -5095 1069
4 2842 -7380 2240 -2620 -580 -200
4 2078 -3770 -360 -7967 -1591 -2722
3 0 0 0 0 0 0
3 2950 2350 1128 3336 -3783 3321
1 -280 788 -11180 16590 723 -6244
4 3520 -2660 -4372 -12232 -3392 -6119
4 3008 -428 -7434 -15693 -6775 -9201
3 5304 1990 -244 5539 -8624 7811
3 7956 -364 -5186 8230 -12511 12428
1 -1676 -1686 -9954 14134 -836 -5305
2 0 0 0 0 0 0
2 -2198 7052 -6936 -16294 1864 3541
4 0 0 0 0 0 0
2 0 0 0 0 0 0
1 0 0 0 0 0 0
1 -998 -8462 -6408 13730 9184 3111
2 0 0 0 0 0 0
4 2518 6402 -9308 -15491 -1234 -5442
3 8196 -3604 -7890 8341 -14286 15085
3 7968 -7026 -9602 7937 -9654 12146
3 2332 -5858 -7022 5539 -19806 1931
3 -1814 -9576 -8418 11339 -765 4504
2 5618 10676 -1552 924 14071 -646
2 6082 7656 1318 2988 9 1183
4 2132 8248 -6938 -11321 -3154 -2209
1 0 0 0 0 0 0
4 892 10376 -4200 -10616 -3716 -1767
1 4620 -9018 -6754 455 3885 9872
3 198 -8444 -5642 -394 8898 3340
2 1222 8098 -598 445 -12129 -2200
4 -682 9568 -2580 -3478 6478 509
1 2660 -6586 -4972 -1052 -2402 -2761

1 624 -7208 -4238 375 1435 1297
3 -518 -6612 -4158 -2651 1734 -364
2 1590 8134 -712 -341 1293 268
4 -1516 7974 -1362 -628 2239 140
2 1832 8462 -730 197 -79 404
2 0 0 0 0 0 0
4 -1904 7666 -1512 -1947 7023 279
4 5696 11176 -7838 199 13307 910
3 -250 -6054 -3924 -813 448 243
3 4278 -9164 -6402 1335 4886 2399
1 980 -7372 -4362 -28 7 341
1 0 0 0 0 0 0
1 0 0 0 0 0 0
2 0 0 0 0 0 0
2 2888 9782 -1080 4232 -5113 -2264
4 8390 15442 -11126 14353 4586 10915
4 5416 14772 -10414 19108 5537 19186
3 10586 -13924 -13084 -8022 8563 -12216
3 7160 -8980 -10994 -7009 17345 -18042
4 3068 6722 -6684 14728 7502 17410
3 5274 -4480 -7822 -2566 16295 -15638
4 1100 2354 -1742 8506 3676 12662
3 2122 -1584 -3768 -3296 9926 -12394
1 580 -8924 -7362 -4719 -7926 705
1 -1084 -9188 -11958 -16349 -4491 3398
1 -2696 -2686 -11140 -21829 -699 3736
2 -538 12434 -6400 15468 -13293 -5330
2 -4152 7568 -9504 23166 -1521 -2642
3 -376 48 126 -3715 7848 -8833
3 -346 2198 3090 -4108 3372 -6299
2 -2946 1350 -5804 27964 10425 -720
1 -2636 1872 -6536 -23722 9252 7330
1 124 7080 -4578 -16433 8145 5367
2 624 -6302 -3596 20258 12614 166
4 -190 700 -468 6046 -1222 8822
4 -848 -3124 1800 5765 -1389 4070
3 236 5550 5100 -3426 588 -2932
3 -130 7974 8176 -1652 -1171 300
2 1442 -6226 -2276 8509 1428 -3320
2 2684 -4488 -838 69 -2286 -2458
1 714 5964 -2036 -7373 3523 1670
1 1176 3356 -292 -505 -825 -1296
4 -398 -7070 1864 3720 -300 -40
4 1142 -10182 2356 1390 -849 -2645
2 0 0 0 0 0 0
3 -5196 9096 14408 5738 -4755 8851
3 24898 -8078 76 5350 -4694 -11499
1 0 0 0 0 0 0
1 9656 9398 28810 9302 6672 -5168
2 32767 32767 -15496 19426 23116 16052
4 -788 -14898 9600 -8476 2770 -3525
4 12370 13146 -24800 -25567 16729 -17085
3 10630 -3174 -634 -3129 343 -8729
4 8552 3940 -8936 7130 -1649 3607
1 1952 3832 1152 958 -10483 -190
1 2018 5402 -724 -3386 -1426 -929
2 3760 -3034 1416 -2334 -2172 -1306
2 2208 -4398 -1412 4528 542 726
3 1586 5920 7102 -1800 6127 -2935
4 2574 -5162 148 9290 3256 1767
1 -592 5252 1594 4029 462 -3164
3 2256 4104 3718 793 -161 -2196
2 0 0 0 0 0 0
3 0 0 0 0 0 0
2 1300 -7580 -2618 -10023 -2329 1639
4 4158 -6558 -196 3243 -793 1413
1 -1700 5594 -1858 10272 1615 -4575
4 1192 -2676 546 -468 -2807 -325
3 498 1300 260 2816 -5685 4947
2 -528 -3276 -5704 -15991 -3943 4896
1 -2782 3456 -5906 13757 724 -3981
3 3634 -50 -3736 8764 -15422 12796
2 0 0 0 0 0 0
1 -3224 882 -8980 14921 2381 -3913
2 -2028 5316 -7442 -15675 -1550 3736
4 -296 -2632 932 -6853 -5549 -4958
4 1210 -106 -5152 -19619 -8272 -8667
4 -2316 7330 -9258 -28459 -20225 -2557
1 0 0 0 0 0 0
3 9098 -3474 -12760 11719 -26778 14187

2 1758 7822 -516 387 664 -511
3 1386 -7056 -5120 -1088 -1159 -3099
4 -96 7780 -4570 4837 -2798 -130
1 198 -7280 -4446 -639 226 -380
1 318 -7396 -4250 -1209 -268 -339
1 0 0 0 0 0 0
3 1048 -6244 -5274 -913 -1606 -4193
3 -354 -5458 -5136 478 -2878 -2920
2 2250 7982 -736 -90 486 -295
2 0 0 0 0 0 0
2 0 0 0 0 0 0
2 0 0 0 0 0 0
4 262 6074 -4660 5325 -3762 1410
4 0 0 0 0 0 0
4 -2756 6334 -1470 -2308 7 2428
4 0 0 0 0 0 0
4 -956 10248 -10020 6194 -1641 67
1 0 0 0 0 0 0
1 0 0 0 0 0 0
1 0 0 0 0 0 0
1 1940 -11644 -12000 -8619 -12241 3571
3 0 0 0 0 0 0
3 704 -7194 -6468 -296 -4985 -1907
3 4398 -9256 -10940 -10550 -5915 -7238
3 5608 -6910 -14516 -16505 1295 -13192
4 -618 9418 -12854 18819 764 4495
4 -566 3704 -7334 25051 3809 9157
2 1688 9184 -660 -317 -2043 -2581
2 6162 14784 -5996 9902 -11043 -3231
2 -5944 9896 -6480 24901 -14932 -7504
3 -526 -3514 -10962 -19321 11952 -15277
3 -2372 924 -2434 -16308 14713 -9688
1 -4732 -5610 -11868 -25472 394 10672
1 -3874 58 -2596 -26336 12139 11224
4 -2604 -1082 -1964 18863 5866 5664
2 -6472 1826 -1432 26246 24533 -2057
4 -1176 -5310 -446 8639 -2066 1492
4 0 0 0 0 0 0
1 -1358 4934 -2590 -16577 8362 4433
1 454 5374 -1354 -5095 1301 341
3 -304 4552 2340 -9278 7898 -4592
3 1010 7990 5184 -769 -995 -762
2 -582 -3034 -3684 23093 6538 -1024
2 2500 -5606 -2098 9687 82 -1178
4 -2546 -9728 -6474 -643 -3752 -1107
4 -4272 -11280 1264 -3856 1183 -3338
1 1010 5426 -2304 674 221 -1951
3 0 0 0 0 0 0
1 2450 7890 -1330 4858 2117 -5628
3 -3860 10690 5066 3869 -2742 7799
2 2938 -6432 -2018 236 -719 -837
2 4680 -8808 -1406 -7830 -3239 3061
1 -1348 -9296 -11600 -7622 -16272 330
3 6618 11130 880 -4376 -22481 -1274
3 8218 -1810 180 -263 3147 -7913
1 -1454 1278 -1554 1839 -6419 228
2 17116 -10452 1304 11092 11482 15394
2 -548 2264 -2510 256 -4407 -1721
4 32767 852 -32768 -7085 29093 347
4 4032 516 -3744 7982 6374 7829
2 1752 -5966 -186 4017 3775 1400
2 806 -5118 -508 -7285 -3453 1464
1 710 5366 -516 -3338 -89 -160
1 0 0 0 0 0 0
3 890 7242 532 427 298 -4574
4 -1546 -7612 -882 2666 947 2860
3 0 0 0 0 0 0
4 -1014 -5318 -3436 -4768 3153 -1965
3 1126 2492 -1844 5825 -1716 8097
1 -2958 3166 -3812 15816 21 -6971
3 1138 -2344 -5114 9924 -7426 16649
1 -4670 -1322 -7324 17964 647 -10141
2 -2744 -1264 -4796 -19835 -4902 6548
2 -4136 6620 -7138 -25035 -4301 7976
1 -4222 -6774 -8252 20179 3375 -10248
4 -934 -1890 -3642 -9847 -2328 -6015
4 -3322 2498 -3662 -16758 -6895 -7736
4 -906 8146 -9140 -20748 -3349 -5408
2 -1562 14698 -2958 -25601 10783 8169
3 3700 -8286 -10918 12025 -10452 17888

