7.694088 -2.729585 -3.133629 -2.576313 -1.556759 -0.741438 -3.262848 -1.234163 -0.639286 -1.922266 -2.475198 -1.607570
7.676897 -2.344762 -2.747886 -2.237155 -1.345799 -0.533299 -2.803129 -1.311356 -0.770470 -1.993666 -2.148686 -1.652640
7.676897 -2.344762 -2.747886 -2.237155 -1.345799 -0.533299 -2.803129 -1.311356 -0.770470 -1.993666 -2.148686 -1.652640
7.676897 -2.344762 -2.747886 -2.237155 -1.345799 -0.533299 -2.803129 -1.311356 -0.770470 -1.993666 -2.148686 -1.652640
7.676897 -2.344762 -2.747886 -2.237155 -1.345799 -0.533299 -2.803129 -1.311356 -0.770470 -1.993666 -2.148686 -1.652640
7.676897 -2.344762 -2.747886 -2.237155 -1.345799 -0.533299 -2.803129 -1.311356 -0.770470 -1.993666 -2.148686 -1.652640
7.676897 -2.344762 -2.747886 -2.237155 -1.345799 -0.533299 -2.803129 -1.311356 -0.770470 -1.993666 -2.148686 -1.652640
7.403434 -3.075674 -2.754975 -2.474302 -2.135628 -0.292873 -3.317741 -1.288046 -0.752725 -2.217607 -2.587175 -2.011022
7.676897 -2.344762 -2.747886 -2.237155 -1.345799 -0.533299 -2.803129 -1.311356 -0.770470 -1.993666 -2.148686 -1.652640
7.707657 -2.360674 -2.761636 -2.255498 -1.323075 -0.516290 -2.807699 -1.319612 -0.796285 -2.015830 -2.149334 -1.658021
7.675937 -2.674082 -3.075466 -2.524558 -1.540297 -0.725609 -3.203485 -1.237680 -0.641864 -1.918214 -2.438749 -1.614006
7.676897 -2.344762 -2.747886 -2.237155 -1.345799 -0.533299 -2.803129 -1.311356 -0.770470 -1.993666 -2.148686 -1.652640
7.676897 -2.344762 -2.747886 -2.237155 -1.345799 -0.533299 -2.803129 -1.311356 -0.770470 -1.993666 -2.148686 -1.652640
7.676897 -2.344762 -2.747886 -2.237155 -1.345799 -0.533299 -2.803129 -1.311356 -0.770470 -1.993666 -2.148686 -1.652640
7.676897 -2.344762 -2.747886 -2.237155 -1.345799 -0.533299 -2.803129 -1.311356 -0.770470 -1.993666 -2.148686 -1.652640
7.676897 -2.344762 -2.747886 -2.237155 -1.345799 -0.533299 -2.803129 -1.311356 -0.770470 -1.993666 -2.148686 -1.652640
7.676897 -2.344762 -2.747886 -2.237155 -1.345799 -0.533299 -2.803129 -1.311356 -0.770470 -1.993666 -2.148686 -1.652640
7.199464 -2.345850 -3.496753 -2.669625 -0.768519 -1.042489 -2.395388 -1.685649 -0.750786 -1.984668 -2.291704 -1.249827
7.332408 -2.571090 -2.594950 -2.326969 -1.463536 -0.644138 -2.961206 -1.563303 -0.330837 -1.782166 -2.111131 -1.583593
7.676897 -2.344762 -2.747886 -2.237155 -1.345799 -0.533299 -2.803129 -1.311356 -0.770470 -1.993666 -2.148686 -1.652640
7.676897 -2.344762 -2.747886 -2.237155 -1.345799 -0.533299 -2.803129 -1.311356 -0.770470 -1.993666 -2.148686 -1.652640
7.676897 -2.344762 -2.747886 -2.237155 -1.345799 -0.533299 -2.803129 -1.311356 -0.770470 -1.993666 -2.148686 -1.652640
7.676897 -2.344762 -2.747886 -2.237155 -1.345799 -0.533299 -2.803129 -1.311356 -0.770470 -1.993666 -2.148686 -1.652640
7.676897 -2.344762 -2.747886 -2.237155 -1.345799 -0.533299 -2.803129 -1.311356 -0.770470 -1.993666 -2.148686 -1.652640
7.676897 -2.344762 -2.747886 -2.237155 -1.345799 -0.533299 -2.803129 -1.311356 -0.770470 -1.993666 -2.148686 -1.652640
7.676897 -2.344762 -2.747886 -2.237155 -1.345799 -0.533299 -2.803129 -1.311356 -0.770470 -1.993666 -2.148686 -1.652640
7.676897 -2.344762 -2.747886 -2.237155 -1.345799 -0.533299 -2.803129 -1.311356 -0.770470 -1.993666 -2.148686 -1.652640
7.673022 -2.683855 -3.086766 -2.533469 -1.548392 -0.733424 -3.217319 -1.235118 -0.639054 -1.914680 -2.447531 -1.612668
7.676897 -2.344762 -2.747886 -2.237155 -1.345799 -0.533299 -2.803129 -1.311356 -0.770470 -1.993666 -2.148686 -1.652640
7.676897 -2.344762 -2.747886 -2.237155 -1.345799 -0.533299 -2.803129 -1.311356 -0.770470 -1.993666 -2.148686 -1.652640
7.676897 -2.344762 -2.747886 -2.237155 -1.345799 -0.533299 -2.803129 -1.311356 -0.770470 -1.993666 -2.148686 -1.652640
7.676897 -2.344762 -2.747886 -2.237155 -1.345799 -0.533299 -2.803129 -1.311356 -0.770470 -1.993666 -2.148686 -1.652640
7.676897 -2.344762 -2.747886 -2.237155 -1.345799 -0.533299 -2.803129 -1.311356 -0.770470 -1.993666 -2.148686 -1.652640
7.676897 -2.344762 -2.747886 -2.237155 -1.345799 -0.533299 -2.803129 -1.311356 -0.770470 -1.993666 -2.148686 -1.652640
7.643589 -2.762592 -3.180020 -2.605360 -1.616706 -0.801364 -3.331237 -1.212778 -0.616017 -1.884370 -2.517912 -1.603817
7.676897 -2.344762 -2.747886 -2.237155 -1.345799 -0.533299 -2.803129 -1.311356 -0.770470 -1.993666 -2.148686 -1.652640
7.676897 -2.344762 -2.747886 -2.237155 -1.345799 -0.533299 -2.803129 -1.311356 -0.770470 -1.993666 -2.148686 -1.652640
7.613331 -2.419631 -2.720292 -2.263009 -1.400615 -0.531612 -2.853843 -1.375425 -0.680218 -1.962504 -2.168928 -1.628327
6.277487 -2.774915 -4.688060 -3.488111 -0.611996 -1.882510 -2.716832 -1.770478 -0.659256 -1.848232 -2.889691 -0.694601
7.404818 -2.322326 -3.009302 -2.446241 -0.910507 -0.649822 -2.585896 -1.180560 -0.812639 -2.102817 -2.069388 -1.403075
7.029656 -2.380204 -3.148954 -2.540112 -0.785460 -0.788360 -2.417050 -1.636043 -0.600402 -2.005730 -2.101592 -1.172655
7.676897 -2.344762 -2.747886 -2.237155 -1.345799 -0.533299 -2.803129 -1.311356 -0.770470 -1.993666 -2.148686 -1.652640
7.676897 -2.344762 -2.747886 -2.237155 -1.345799 -0.533299 -2.803129 -1.311356 -0.770470 -1.993666 -2.148686 -1.652640
7.676897 -2.344762 -2.747886 -2.237155 -1.345799 -0.533299 -2.803129 -1.311356 -0.770470 -1.993666 -2.148686 -1.652640
7.588697 -3.407484 -3.346151 -2.365346 -2.241893 0.023718 -2.761008 -1.338604 -2.275736 -3.586410 -3.195598 -2.423764
7.676897 -2.344762 -2.747886 -2.237155 -1.345799 -0.533299 -2.803129 -1.311356 -0.770470 -1.993666 -2.148686 -1.652640
7.676897 -2.344762 -2.747886 -2.237155 -1.345799 -0.533299 -2.803129 -1.311356 -0.770470 -1.993666 -2.148686 -1.652640
7.676897 -2.344762 -2.747886 -2.237155 -1.345799 -0.533299 -2.803129 -1.311356 -0.770470 -1.993666 -2.148686 -1.652640
7.676897 -2.344762 -2.747886 -2.237155 -1.345799 -0.533299 -2.803129 -1.311356 -0.770470 -1.993666 -2.148686 -1.652640
7.676897 -2.344762 -2.747886 -2.237155 -1.345799 -0.533299 -2.803129 -1.311356 -0.770470 -1.993666 -2.148686 -1.652640
7.676897 -2.344762 -2.747886 -2.237155 -1.345799 -0.533299 -2.803129 -1.311356 -0.770470 -1.993666 -2.148686 -1.652640
7.695210 -2.598490 -2.991314 -2.456821 -1.482945 -0.667951 -3.100525 -1.255593 -0.666301 -1.943941 -2.371377 -1.624591
7.676897 -2.344762 -2.747886 -2.237155 -1.345799 -0.533299 -2.803129 -1.311356 -0.770470 -1.993666 -2.148686 -1.652640
7.676897 -2.344762 -2.747886 -2.237155 -1.345799 -0.533299 -2.803129 -1.311356 -0.770470 -1.993666 -2.148686 -1.652640
7.676897 -2.344762 -2.747886 -2.237155 -1.345799 -0.533299 -2.803129 -1.311356 -0.770470 -1.993666 -2.148686 -1.652640
7.676897 -2.344762 -2.747886 -2.237155 -1.345799 -0.533299 -2.803129 -1.311356 -0.770470 -1.993666 -2.148686 -1.652640
7.676897 -2.344762 -2.747886 -2.237155 -1.345799 -0.533299 -2.803129 -1.311356 -0.770470 -1.993666 -2.148686 -1.652640
7.676897 -2.344762 -2.747886 -2.237155 -1.345799 -0.533299 -2.803129 -1.311356 -0.770470 -1.993666 -2.148686 -1.652640
7.676897 -2.344762 -2.747886 -2.237155 -1.345799 -0.533299 -2.803129 -1.311356 -0.770470 -1.993666 -2.148686 -1.652640
7.676897 -2.344762 -2.747886 -2.237155 -1.345799 -0.533299 -2.803129 -1.311356 -0.770470 -1.993666 -2.148686 -1.652640
7.676897 -2.344762 -2.747886 -2.237155 -1.345799 -0.533299 -2.803129 -1.311356 -0.770470 -1.993666 -2.148686 -1.652640
7.676897 -2.344762 -2.747886 -2.237155 -1.345799 -0.533299 -2.803129 -1.311356 -0.770470 -1.993666 -2.148686 -1.652640
7.676897 -2.344762 -2.747886 -2.237155 -1.345799 -0.533299 -2.803129 -1.311356 -0.770470 -1.993666 -2.148686 -1.652640
7.676897 -2.344762 -2.747886 -2.237155 -1.345799 -0.533299 -2.803129 -1.311356 -0.770470 -1.993666 -2.148686 -1.652640
7.676897 -2.344762 -2.747886 -2.237155 -1.345799 -0.533299 -2.803129 -1.311356 -0.770470 -1.993666 -2.148686 -1.652640
7.676897 -2.344762 -2.747886 -2.237155 -1.345799 -0.533299 -2.803129 -1.311356 -0.770470 -1.993666 -2.148686 -1.652640
7.676897 -2.344762 -2.747886 -2.237155 -1.345799 -0.533299 -2.803129 -1.311356 -0.770470 -1.993666 -2.148686 -1.652640
7.676897 -2.344762 -2.747886 -2.237155 -1.345799 -0.533299 -2.803129 -1.311356 -0.770470 -1.993666 -2.148686 -1.652640
7.676897 -2.344762 -2.747886 -2.237155 -1.345799 -0.533299 -2.803129 -1.311356 -0.770470 -1.993666 -2.148686 -1.652640
7.676897 -2.344762 -2.747886 -2.237155 -1.345799 -0.533299 -2.803129 -1.311356 -0.770470 -1.993666 -2.148686 -1.652640
7.676897 -2.344762 -2.747886 -2.237155 -1.345799 -0.533299 -2.803129 -1.311356 -0.770470 -1.993666 -2.148686 -1.652640
7.676897 -2.344762 -2.747886 -2.237155 -1.345799 -0.533299 -2.803129 -1.311356 -0.770470 -1.993666 -2.148686 -1.652640
7.676897 -2.344762 -2.747886 -2.237155 -1.345799 -0.533299 -2.803129 -1.311356 -0.770470 -1.993666 -2.148686 -1.652640
7.676897 -2.344762 -2.747886 -2.237155 -1.345799 -0.533299 -2.803129 -1.311356 -0.770470 -1.993666 -2.148686 -1.652640
7.676897 -2.344762 -2.747886 -2.237155 -1.345799 -0.533299 -2.803129 -1.311356 -0.770470 -1.993666 -2.148686 -1.652640
7.676897 -2.344762 -2.747886 -2.237155 -1.345799 -0.533299 -2.803129 -1.311356 -0.770470 -1.993666 -2.148686 -1.652640
7.676897 -2.344762 -2.747886 -2.237155 -1.345799 -0.533299 -2.803129 -1.311356 -0.770470 -1.993666 -2.148686 -1.652640
7.676897 -2.344762 -2.747886 -2.237155 -1.345799 -0.533299 -2.803129 -1.311356 -0.770470 -1.993666 -2.148686 -1.652640
7.676897 -2.344762 -2.747886 -2.237155 -1.345799 -0.533299 -2.803129 -1.311356 -0.770470 -1.993666 -2.148686 -1.652640
7.676897 -2.344762 -2.747886 -2.237155 -1.345799 -0.533299 -2.803129 -1.311356 -0.770470 -1.993666 -2.148686 -1.652640
7.676897 -2.344762 -2.747886 -2.237155 -1.345799 -0.533299 -2.803129 -1.311356 -0.770470 -1.993666 -2.148686 -1.652640
7.643899 -3.155606 -4.973478 -3.229735 -1.691746 -1.446115 -3.531446 -0.818110 -1.468580 -2.066639 -3.388993 -1.340027
7.676897 -2.344762 -2.747886 -2.237155 -1.345799 -0.533299 -2.803129 -1.311356 -0.770470 -1.993666 -2.148686 -1.652640
7.676897 -2.344762 -2.747886 -2.237155 -1.345799 -0.533299 -2.803129 -1.311356 -0.770470 -1.993666 -2.148686 -1.652640
7.676897 -2.344762 -2.747886 -2.237155 -1.345799 -0.533299 -2.803129 -1.311356 -0.770470 -1.993666 -2.148686 -1.652640
7.676897 -2.344762 -2.747886 -2.237155 -1.345799 -0.533299 -2.803129 -1.311356 -0.770470 -1.993666 -2.148686 -1.652640
7.676897 -2.344762 -2.747886 -2.237155 -1.345799 -0.533299 -2.803129 -1.311356 -0.770470 -1.993666 -2.148686 -1.652640
7.676897 -2.344762 -2.747886 -2.237155 -1.345799 -0.533299 -2.803129 -1.311356 -0.770470 -1.993666 -2.148686 -1.652640
7.676897 -2.344762 -2.747886 -2.237155 -1.345799 -0.533299 -2.803129 -1.311356 -0.770470 -1.993666 -2.148686 -1.652640
7.676897 -2.344762 -2.747886 -2.237155 -1.345799 -0.533299 -2.803129 -1.311356 -0.770470 -1.993666 -2.148686 -1.652640
7.676897 -2.344762 -2.747886 -2.237155 -1.345799 -0.533299 -2.803129 -1.311356 -0.770470 -1.993666 -2.148686 -1.652640
7.676897 -2.344762 -2.747886 -2.237155 -1.345799 -0.533299 -2.803129 -1.311356 -0.770470 -1.993666 -2.148686 -1.652640
7.676897 -2.344762 -2.747886 -2.237155 -1.345799 -0.533299 -2.803129 -1.311356 -0.770470 -1.993666 -2.148686 -1.652640
7.676897 -2.344762 -2.747886 -2.237155 -1.345799 -0.533299 -2.803129 -1.311356 -0.770470 -1.993666 -2.148686 -1.652640
7.676897 -2.344762 -2.747886 -2.237155 -1.345799 -0.533299 -2.803129 -1.311356 -0.770470 -1.993666 -2.148686 -1.652640
7.676897 -2.344762 -2.747886 -2.237155 -1.345799 -0.533299 -2.803129 -1.311356 -0.770470 -1.993666 -2.148686 -1.652640
7.676897 -2.344762 -2.747886 -2.237155 -1.345799 -0.533299 -2.803129 -1.311356 -0.770470 -1.993666 -2.148686 -1.652640
7.280596 -2.301962 -3.747093 -2.710876 -1.088556 -1.026274 -2.945863 -0.532720 -1.361552 -1.921647 -2.199705 -1.194090
7.370713 -2.109822 -3.106311 -2.305527 -1.388644 -0.860192 -2.869462 -0.945112 -1.173670 -1.741629 -2.130527 -1.514918
7.676897 -2.344762 -2.747886 -2.237155 -1.345799 -0.533299 -2.803129 -1.311356 -0.770470 -1.993666 -2.148686 -1.652640
-26.881680 22.913542 -38.588589 -5.952319 0.388880 -38.913120 -12.386399 3.957258 -41.482624 -9.173979 8.148089 -10.103816
-22.082529 20.077641 -32.487709 -5.072167 1.166743 -33.609104 -10.328362 2.683258 -34.748703 -7.887693 7.558908 -9.088661
-21.457048 18.334963 -30.570129 -5.090321 -1.241642 -31.976643 -11.413572 4.785835 -33.438622 -5.890045 6.956529 -8.572405
-23.815420 18.545742 -32.466103 -6.352982 1.881392 -32.250961 -9.845329 2.192300 -34.132408 -8.636283 8.104505 -8.596222
-16.482080 14.683166 -24.458235 -2.862856 0.039964 -24.684134 -8.012442 1.789443 -26.298679 -5.626791 5.418080 -5.614052
-17.297817 13.278124 -24.953640 -3.035456 0.201763 -23.721489 -8.467031 1.624006 -27.504568 -7.265481 7.193896 -6.528342
-16.415636 13.947741 -23.043375 -2.652536 0.241398 -23.390024 -7.227931 1.824499 -25.397795 -6.333619 5.529909 -6.224803
-22.317459 19.105318 -31.074656 -3.333434 0.551551 -31.977339 -9.347960 0.272635 -34.152637 -8.255653 6.641897 -7.036828
-16.783827 14.962843 -24.352228 -2.662885 -1.661458 -26.596561 -9.800094 3.224070 -27.242970 -4.519734 4.711572 -6.165820
-20.410828 17.207233 -28.737120 -4.031507 -0.254981 -28.883917 -9.421862 3.273193 -32.514107 -7.751995 6.753827 -7.820371
-23.080360 16.896070 -28.937551 -3.246600 1.256903 -27.754543 -7.541894 0.302485 -32.003029 -8.447594 6.905946 -5.721541
-20.480616 14.577480 -25.346895 -1.569011 -0.559562 -24.477011 -8.040344 1.734443 -29.622784 -8.484734 6.853983 -6.758285
-17.022383 15.496099 -24.767996 -2.802617 0.011796 -26.202959 -8.151789 1.927905 -27.647364 -7.648271 5.533498 -8.437289
-21.891289 17.566616 -28.928513 -2.921889 -0.715868 -29.631001 -9.995142 3.371930 -32.668964 -7.956173 7.531220 -8.556929
-14.376977 13.019578 -21.528757 -2.434696 -0.064559 -22.094887 -6.925505 1.553585 -24.788242 -8.095490 4.775898 -8.236236
-17.886517 15.201756 -25.044203 -2.941186 0.062232 -26.249910 -8.523834 1.541631 -27.528080 -7.291958 5.587970 -7.451102
-22.749411 17.655996 -30.233828 -4.162239 1.244261 -29.625999 -9.027950 1.613963 -34.232239 -10.158063 7.838714 -8.403501
-18.124203 15.295321 -24.974771 -2.436266 -2.273679 -27.271549 -10.373549 2.986357 -27.558231 -4.625461 5.617339 -6.594445
-25.600906 21.732815 -34.654606 -3.633417 -2.012716 -37.330200 -13.558655 5.482799 -39.884499 -7.887335 8.427478 -10.659783
-24.042757 20.708799 -33.318665 -3.023782 0.031850 -34.572571 -11.209143 2.920150 -37.774780 -9.478472 8.010449 -9.348354
-23.668821 19.299711 -32.460381 -5.441062 1.500295 -33.044086 -9.877830 1.737544 -34.036350 -7.342067 7.087117 -7.630812
-24.496548 20.653776 -34.416485 -4.519463 -0.758604 -36.225624 -12.649536 2.960813 -36.936317 -6.278907 7.283617 -7.746837
-27.177814 21.935694 -36.376888 -4.940732 -1.820879 -38.338409 -13.640391 4.752657 -39.509144 -6.584333 9.151196 -10.121454
-30.467331 25.942783 -41.586739 -5.786497 3.456058 -42.127159 -11.274465 1.278497 -45.115101 -13.452432 10.436505 -12.453782
-39.631123 27.354000 -49.559017 -9.132590 -1.364728 -49.441441 -18.013681 6.370554 -54.539322 -10.673268 11.919670 -12.133951
-21.295147 18.124628 -30.421421 -3.551170 -1.694011 -31.956236 -11.851068 3.045647 -33.052155 -5.195910 6.337868 -5.936810
-24.525158 20.410019 -33.302517 -3.151798 -1.960817 -35.055416 -12.680495 4.969083 -38.352272 -6.858760 7.725202 -8.486759
-36.017624 28.356710 -45.322296 -4.877243 -2.417810 -49.964985 -17.561398 6.557447 -52.067482 -8.366476 10.188037 -12.152687
-29.298609 23.185480 -38.177811 -4.523471 -0.934135 -40.043480 -13.708593 3.302988 -41.141647 -7.284479 8.991086 -8.731520
-33.385487 26.324486 -45.291569 -5.752074 -5.746348 -46.412209 -18.794323 7.119090 -51.529072 -7.710034 10.060517 -9.377357
-25.575832 20.859915 -34.411522 -4.124826 -1.223323 -36.297138 -12.534760 4.648286 -39.985119 -7.715098 7.777167 -9.117396
-21.786385 16.899029 -30.071083 -6.117399 2.230731 -28.486969 -8.072227 2.418458 -31.661060 -8.526765 8.093673 -8.388912
-28.839891 21.881964 -36.765877 -5.245585 -2.802251 -39.454952 -14.917464 6.350843 -40.289867 -5.417279 9.471296 -10.049937
-26.172253 20.483650 -34.022179 -4.123859 2.214769 -33.171974 -8.951233 1.078167 -38.090427 -11.956836 9.208776 -9.726593
-22.448048 17.350838 -30.041906 -4.549358 -1.587433 -31.151487 -11.631055 4.463032 -33.652279 -6.378687 7.180224 -8.522459
-25.085991 19.337404 -33.201843 -5.084374 0.094840 -33.173393 -10.728874 3.580155 -36.204388 -8.551487 8.621502 -9.209313
-32.128742 22.540115 -39.378101 -5.462416 2.609822 -37.572746 -9.901764 0.224398 -43.293102 -13.537518 10.807221 -10.912059
-24.685171 19.996487 -32.386814 -4.824069 3.591699 -33.218498 -7.957562 -0.134036 -35.299648 -10.978682 6.983762 -9.157104
-20.553461 18.092091 -28.862528 -4.027171 0.288340 -30.671442 -9.411042 2.476193 -31.019468 -6.788904 6.577525 -8.794961
-20.724539 16.975368 -27.711582 -1.767174 -3.421403 -30.714203 -12.474437 4.720357 -32.733723 -5.709808 6.134310 -7.737253
-20.351027 18.036966 -29.595783 -3.756384 -0.767056 -31.331224 -11.254869 3.323389 -32.255905 -6.978300 7.005636 -8.790690
-30.783461 25.552040 -41.739304 -5.566031 -2.362732 -44.723804 -15.910882 6.319274 -46.761082 -7.565839 8.592131 -10.797688
-26.039907 18.737965 -32.185490 -5.231629 2.308783 -31.066448 -8.149130 1.058783 -34.832127 -9.760883 9.099094 -9.146008
-17.659582 15.979325 -26.702213 -3.466193 -5.791346 -30.685524 -14.898689 8.414703 -31.652601 -1.776978 4.684578 -7.231185
-16.462200 15.063959 -24.501711 -2.152741 -0.012139 -26.748978 -8.752433 0.987490 -27.256296 -6.479872 3.979623 -6.120033
-23.551052 20.640369 -33.801468 -4.627779 1.026953 -33.508492 -10.539073 1.862767 -37.173016 -11.582644 9.115350 -10.881550
-26.934006 21.318541 -35.774624 -5.507339 1.607627 -36.785126 -11.134145 2.422342 -38.178463 -8.545020 8.119130 -8.580636
-27.566813 22.041489 -35.504860 -3.898776 -0.753462 -38.006371 -12.441508 4.295340 -40.294136 -8.551363 8.745245 -10.578991
-25.191223 21.179407 -34.267056 -4.455700 -0.408405 -36.889690 -11.892365 3.160418 -38.389420 -7.451849 6.118181 -7.949910
-22.521236 19.665482 -32.588825 -3.978290 -2.021489 -35.372326 -13.631039 4.222097 -35.529808 -4.710815 6.726629 -7.210248
-13.851613 12.228733 -20.897404 -3.841540 0.227437 -22.206715 -7.728945 2.898773 -22.064627 -4.192895 5.583041 -7.081523
-14.627385 12.294605 -22.415316 -4.146410 -3.468994 -24.931463 -11.782354 4.855082 -24.435686 -1.814621 5.514254 -6.953196
-12.358203 10.690614 -18.990242 -0.626675 -0.092755 -19.985710 -5.976267 -2.250320 -21.201797 -7.208017 2.012963 -6.224571
-33.098278 24.799227 -40.690090 -6.044854 3.417954 -42.255493 -10.240186 -1.197888 -41.445637 -9.355958 8.775438 -8.623660
-14.005508 13.031621 -22.077955 -3.565434 3.403233 -22.624401 -4.649700 -2.990285 -21.911766 -7.546477 3.983759 -7.474379
-58.435143 38.923534 -69.876625 -13.940451 1.460436 -72.089729 -22.747370 5.242415 -73.473846 -11.344262 14.894088 -13.476898
-23.736162 14.662541 -28.139160 -2.487377 5.008675 -26.799074 -4.353051 -6.077020 -30.662056 -14.468599 5.773029 -7.014159
-18.581800 16.373581 -28.688700 -7.014192 -0.894852 -29.369852 -10.862744 5.531997 -30.454996 -6.590966 8.047107 -10.018107
-30.902189 27.176918 -44.591282 -8.091900 0.977627 -44.967369 -14.256034 5.050326 -48.068768 -11.907801 11.199170 -14.350775
-40.105190 34.588840 -54.940903 -8.759715 2.436084 -58.521667 -17.749418 4.090819 -58.064201 -12.174596 12.031134 -14.889974
-32.072929 23.213440 -45.298649 -10.084792 0.495042 -43.650967 -15.041923 2.307276 -45.209270 -4.394243 6.786592 -2.344008
-13.114862 11.937851 -21.242538 -4.187229 2.079288 -20.233019 -5.302298 -0.882663 -21.183445 -6.439147 4.081289 -5.148018
-23.233065 20.676065 -33.161243 -3.996458 0.418867 -34.860344 -10.831099 3.276911 -37.207142 -8.480463 7.120383 -9.236988
-25.054361 21.584261 -35.996956 -6.181439 2.817312 -35.863125 -9.753621 1.353004 -37.872356 -8.988597 7.325380 -7.953241
-30.055908 22.815405 -39.812984 -7.260219 -2.760524 -43.305626 -16.640757 6.677769 -43.472397 -3.325973 8.149339 -7.649986
-34.409416 21.769562 -46.668869 -10.137677 -1.828981 -47.346924 -19.131151 3.028640 -45.890072 -1.188316 6.036318 0.650678
-17.142223 14.121966 -23.209518 -2.682933 0.816422 -25.097168 -7.951758 0.803234 -24.856581 -5.878597 6.049704 -7.643176
-18.841318 14.632235 -26.396833 -6.301458 -0.638831 -28.045120 -10.070537 5.599557 -28.005028 -5.933173 8.249724 -11.883397
-28.345808 23.361572 -37.440571 -4.925344 -0.067038 -40.103790 -12.740028 4.501373 -42.071098 -8.010218 7.891431 -9.921265
-31.802177 24.912815 -41.565750 -6.112464 1.524830 -42.274258 -12.475070 2.780766 -45.308998 -10.247595 9.763932 -10.074759
-26.663107 18.541832 -33.537785 -3.650690 -4.257866 -33.521641 -13.302600 5.701948 -38.542927 -6.020088 8.659652 -7.541199
-24.567423 22.543987 -36.073803 -5.863852 1.150578 -37.793365 -11.009645 2.321779 -37.768593 -8.467905 7.219653 -10.944176
-17.287750 14.663808 -23.952711 -2.713359 -0.724710 -25.053381 -8.449997 2.694512 -26.301973 -5.552810 5.996502 -6.945816
-41.435017 25.987379 -55.964100 -18.540421 2.785805 -53.291508 -19.100115 5.730169 -52.863396 -7.915647 11.543933 -7.765576
-18.009251 15.365191 -25.419119 -3.928634 -1.008309 -27.206623 -9.625997 4.623415 -28.244165 -5.475642 6.646267 -9.156713
-14.166698 13.222795 -22.449276 -5.294089 2.056775 -22.962231 -6.489425 2.194427 -22.301296 -5.900727 6.078570 -8.793415
-14.935376 14.064331 -24.986897 -5.503069 5.437218 -22.930321 -3.359725 -3.679381 -23.741909 -10.317938 4.679526 -7.480163
-8.736019 10.460588 -19.770096 -4.711924 4.578362 -17.222071 -2.076380 -4.521294 -17.694139 -8.615958 2.551367 -6.220869
-27.880070 21.085157 -36.660866 -6.551991 4.550334 -36.915939 -9.509294 -0.327301 -38.356750 -9.923130 7.668457 -7.774828
-15.598339 14.316721 -24.528025 -3.316946 -4.313684 -27.977213 -12.924202 6.302808 -28.341496 -1.238156 3.479473 -4.047767
-19.361338 15.536602 -26.913057 -4.851884 0.794232 -26.867212 -8.302818 2.204705 -29.117453 -6.742816 5.925920 -6.692801
-16.039295 14.224362 -29.397322 -8.210687 0.659513 -27.695808 -11.016605 0.901865 -27.653463 -3.741710 4.774608 -2.563855
-30.442232 23.575644 -39.416809 -6.923713 3.745111 -41.579838 -11.058138 0.942540 -40.996338 -8.900882 7.661780 -8.827115
-30.692108 19.284815 -37.373791 -7.580425 -5.017565 -38.783630 -15.787889 8.387509 -40.919613 -2.111854 6.988000 -6.113149
-17.605684 15.314383 -25.449474 -3.704461 0.292835 -25.624622 -7.472913 1.361084 -27.900988 -7.857704 5.502793 -7.538049
-23.876860 18.486427 -32.283016 -5.670984 -4.330901 -34.303665 -14.171683 7.081747 -36.407959 -4.223789 7.373174 -8.219748
-24.933470 21.715723 -35.783989 -6.398949 1.152146 -36.717850 -10.760772 2.986679 -38.079620 -8.022846 7.714763 -9.715545
-33.998299 20.491161 -39.014397 -5.355837 0.068678 -36.137993 -10.809072 2.205105 -44.230244 -12.231287 11.281719 -9.303926
-24.919462 19.866180 -34.764069 -4.302815 -3.305722 -36.325005 -14.745643 4.762835 -38.888248 -5.488515 7.414548 -7.308422
-20.195412 16.918962 -28.355129 -4.244463 0.959479 -29.641829 -9.696755 2.364520 -31.960934 -7.976264 6.605891 -7.837940
-20.357378 18.511148 -30.644804 -4.852721 0.644116 -31.295258 -9.045506 0.984050 -32.702362 -8.256555 6.136072 -9.623310
-31.759083 26.988232 -43.917511 -8.425175 3.754378 -44.737915 -11.989589 3.228975 -45.959709 -13.676852 10.916593 -15.008496
-22.271807 17.249132 -28.828577 -2.491951 0.764512 -28.521805 -8.144422 1.331743 -33.503605 -9.235824 6.882619 -6.686022
-15.436827 14.453569 -24.207142 -4.280736 1.628572 -25.044680 -6.979371 2.518208 -25.850779 -7.440328 5.812803 -9.838120
-17.442043 14.371711 -27.371603 -8.475884 3.150224 -24.219793 -5.781463 1.679133 -27.744432 -11.944371 7.515505 -10.690000
-39.810825 29.530293 -49.854317 -7.280314 4.093664 -48.569866 -12.591744 1.416605 -57.027573 -18.080324 12.928448 -14.124783
-26.377815 21.770584 -35.574566 -4.237812 -5.755659 -41.054298 -17.074089 7.702332 -39.822117 -2.119183 6.760264 -8.796293
-29.707340 22.323839 -37.695736 -4.904277 0.200124 -36.051155 -10.302019 1.359212 -42.922367 -13.293141 9.697360 -11.023376
-18.985430 16.779799 -27.248148 -3.955367 0.020874 -28.381208 -8.645590 2.068312 -28.661964 -6.534705 6.034141 -8.059712
-18.225548 15.904572 -26.276764 -3.995346 -2.973034 -28.462929 -11.228266 4.951237 -29.109039 -4.018602 5.826619 -7.660676
-20.912554 -27.154320 10.683072 4.585486 -30.829462 0.918051 -12.382020 -27.090588 -4.025829 -10.808009 -3.792311 -15.380939
-39.096821 -52.259495 20.617048 7.213027 -54.528034 -2.200193 -27.349146 -52.754341 1.694984 -14.907265 -8.247737 -24.034147
-56.110638 -72.246056 33.325363 16.046473 -83.413231 -9.206279 -45.272938 -78.543350 -1.744406 -25.025547 -13.742308 -44.585011
-43.876663 -60.968117 26.390257 7.039765 -66.167931 -2.516638 -33.814510 -60.229134 2.519246 -18.578350 -12.459584 -31.635986
-40.059471 -58.224834 26.538927 11.602349 -68.025345 -5.150118 -35.706066 -61.115425 -2.033945 -22.364025 -13.048819 -37.952820
-19.255150 -31.990021 12.978505 2.220771 -34.158413 2.259858 -15.161519 -28.740482 -1.024652 -13.224051 -7.660624 -17.784445
-30.514853 -38.321327 15.259020 3.617836 -39.833561 1.930051 -15.669706 -37.198071 -0.975465 -14.082769 -7.443570 -18.371950
-25.102236 -37.737427 14.374472 3.742383 -40.035873 -0.264532 -19.892315 -37.306900 1.919639 -11.010478 -6.880402 -18.396112
-24.237375 -37.437340 13.686226 -0.423101 -39.830353 2.106292 -17.614164 -34.956009 3.655973 -10.625331 -9.124926 -17.351383
-57.136105 -73.281746 30.037430 6.278230 -78.407722 -0.567177 -35.853691 -74.095779 4.532417 -21.571991 -15.361403 -34.143383
-45.203346 -63.247364 27.629393 6.942521 -67.921844 -2.610097 -34.838600 -63.096687 2.541177 -21.334373 -14.724264 -33.477989
-43.529675 -53.971554 19.967760 0.977915 -55.430508 1.936250 -24.003141 -51.473381 3.436450 -15.717341 -11.324501 -21.716516
-41.408966 -60.274448 27.262749 9.351857 -67.427605 -5.782555 -37.851631 -62.575508 1.699658 -22.008783 -14.576034 -36.533710
-32.274376 -53.134857 23.186712 5.015803 -59.218777 -5.750177 -31.280830 -56.576145 6.135631 -16.580059 -15.456105 -28.198366
-21.317871 -33.446285 11.172168 -1.170854 -33.776188 4.778308 -12.109545 -28.655127 1.576990 -11.527083 -7.906385 -13.879534
-29.692030 -43.972298 13.314072 -4.048083 -44.052670 5.714881 -18.927172 -38.100739 5.565094 -10.258765 -8.812580 -15.018579
-27.274607 -39.948841 16.752380 2.697251 -42.931358 -1.001071 -20.278736 -39.802628 2.290699 -12.324208 -9.725602 -19.653135
-21.809258 -34.812962 14.586684 0.880456 -36.261974 1.218818 -16.170160 -34.112213 2.404313 -11.195457 -8.829908 -16.750126
-21.907963 -34.790550 9.800807 -3.350739 -33.582092 5.242490 -14.741509 -31.361029 4.552346 -9.238385 -6.833542 -12.501695
-31.176884 -43.017406 17.564854 1.581214 -46.396313 -0.365251 -22.066439 -41.881424 4.215915 -11.501966 -10.126333 -19.375696
-31.116491 -38.831680 15.414886 4.529634 -39.897808 2.273123 -14.739944 -38.215645 -1.290743 -14.193914 -6.639155 -18.178350
-37.453411 -45.021389 18.568653 4.656209 -44.485260 1.162786 -19.190775 -46.523121 -2.001230 -18.210955 -8.668300 -21.568911
-34.542267 -50.471458 19.940514 4.616400 -51.370598 0.438637 -25.635723 -48.474045 1.656999 -17.035225 -10.360186 -23.433697
-33.332474 -52.164326 20.525047 5.627132 -58.817234 -0.307534 -28.402060 -50.787605 0.988914 -17.708149 -12.422065 -29.708263
-35.668102 -53.909740 20.511265 2.648904 -59.742344 1.004670 -29.352736 -51.803539 4.866681 -15.252572 -12.836202 -27.642948
-21.663162 -35.820202 14.436976 4.208268 -39.228745 -4.289826 -22.724424 -36.913166 3.738544 -9.638406 -7.854785 -18.398108
-35.199848 -49.828064 19.920589 5.642560 -52.473999 -4.425382 -29.801645 -52.621918 3.597283 -13.270925 -8.865758 -23.880661
-40.944000 -53.170872 22.112467 8.714510 -56.319702 -2.584624 -27.724728 -54.740665 -1.841114 -18.148190 -8.769625 -26.053511
-46.337021 -55.156761 23.948616 6.321429 -57.437782 0.167254 -24.529106 -57.892296 -1.768529 -20.687426 -10.901200 -28.366364
-52.831978 -62.466888 27.060322 5.237815 -65.638023 1.031698 -27.734291 -63.526272 0.624489 -22.095362 -13.648890 -31.153969
-41.002693 -60.476261 25.308701 10.880360 -71.140358 -5.760955 -37.917854 -62.697289 2.183760 -15.209984 -9.759740 -33.242599
-54.163223 -65.141426 27.837606 7.125477 -69.121979 0.166370 -31.343208 -68.580040 -0.439082 -21.937325 -11.941920 -33.583031
-45.646263 -63.898979 26.809221 5.007888 -76.144295 -9.318871 -43.157410 -67.333923 7.194769 -15.951886 -17.614920 -36.131176
-40.977032 -60.313042 24.311035 4.231933 -66.311295 -2.089211 -35.838791 -59.754902 5.758850 -14.449325 -11.474790 -29.519972
-33.298008 -52.753517 21.063381 3.762272 -56.965858 -2.052901 -31.808430 -53.532387 3.491160 -17.172672 -12.197050 -28.011189
-35.362251 -54.173935 20.053345 1.050330 -58.710117 0.731080 -28.507078 -50.249050 5.373604 -14.439509 -12.134159 -25.491358
-43.594276 -65.883545 26.902666 6.366654 -73.178139 -4.199917 -38.814766 -66.122223 6.129821 -16.210369 -13.136457 -32.289955
-41.741776 -59.660606 27.254755 13.513271 -67.862053 -10.036472 -38.912811 -65.075806 -0.582828 -22.153500 -13.330544 -36.611439
-75.672607 -102.996620 41.199440 6.071519 -112.796844 -0.113183 -53.056301 -102.949165 9.130295 -30.622873 -24.211054 -50.840874
-48.691261 -72.465721 27.457550 -0.350206 -74.963348 1.437828 -38.844711 -67.924210 9.509414 -18.606520 -16.817616 -30.896690
-41.864208 -58.816418 28.072704 10.721892 -68.762260 -7.234597 -37.608601 -66.299309 1.212712 -22.092220 -15.087217 -38.414257
-41.670700 -57.260994 26.360971 9.581914 -64.634415 -4.836731 -31.743502 -60.079655 -0.430301 -21.312860 -13.657518 -33.780014
-34.477703 -53.615341 25.631512 9.608705 -67.046585 -10.888118 -41.788799 -61.901913 2.117065 -18.990196 -16.085209 -38.756653
-48.837288 -64.134941 28.964613 8.753881 -70.909554 -3.220880 -33.618465 -64.957390 -0.551186 -22.833017 -14.356059 -36.038296
-58.976494 -80.960915 39.674347 18.263851 -96.977478 -12.562263 -55.094570 -91.784843 -1.431060 -32.145309 -19.815121 -56.989323
-50.111755 -67.047531 27.202112 5.014181 -69.749588 -1.240816 -35.595703 -66.410530 3.521667 -19.273899 -12.616136 -30.229414
-66.334969 -88.637360 34.057442 4.757207 -93.670364 2.219066 -45.473595 -87.607246 7.493615 -21.641439 -14.051648 -39.169426
-54.387077 -75.001122 34.480511 11.751890 -82.106766 -5.103600 -42.398842 -77.049606 0.518738 -26.513802 -16.396006 -43.144802
-43.601727 -62.770390 25.931183 4.390517 -64.923576 0.185763 -32.048321 -63.149002 4.508286 -19.663057 -13.845316 -30.382277
-46.995579 -61.516243 29.682158 16.122252 -71.449951 -9.007730 -38.502113 -67.038170 -5.073339 -26.650963 -13.453480 -41.563431
-28.593039 -46.821991 19.929976 5.508953 -53.445377 -6.811320 -31.110136 -50.973957 6.003768 -11.271716 -10.766201 -25.503126
-42.192074 -55.939640 23.234585 4.566335 -59.517803 -0.006813 -28.680367 -54.829453 2.634324 -16.314373 -10.816130 -27.581087
-36.322231 -47.593819 21.216949 8.889923 -52.813744 -5.518598 -25.985014 -51.297115 -0.348210 -16.298538 -9.547234 -25.982094
-39.794250 -52.385235 20.362219 6.328798 -55.802555 -2.657120 -28.392307 -52.352436 1.819625 -12.241244 -6.969309 -23.234808
-40.746067 -57.495739 24.360571 5.922634 -64.378532 -3.695333 -33.171944 -57.667423 4.036402 -15.436895 -12.269271 -28.756876
-31.639400 -47.947365 21.315708 6.830711 -54.014931 -3.646274 -27.808075 -48.707851 1.888916 -15.530098 -11.163177 -27.037010
-34.737698 -48.636185 21.286921 9.328846 -53.163826 -3.616852 -27.837866 -50.104393 -0.948931 -16.778196 -8.837193 -27.202635
-48.480202 -70.172218 27.541492 2.688908 -74.622673 -1.247835 -38.248791 -68.391129 8.690467 -17.039265 -15.101095 -30.729542
-40.288021 -61.104069 22.413837 1.592954 -64.146858 -0.985766 -32.589687 -60.658691 8.725820 -12.748076 -11.930299 -24.539003
-37.331245 -52.251629 21.810919 3.719752 -56.888092 -1.408606 -28.925344 -53.214344 4.939006 -14.470946 -11.180675 -26.061626
-40.401958 -55.398090 23.105698 6.005708 -62.630669 -1.654177 -28.348221 -56.578690 1.668784 -17.538612 -11.709565 -29.717525
-40.649612 -59.301167 25.872486 9.743892 -66.149345 -5.885655 -35.037270 -63.953178 2.743496 -18.238518 -11.792629 -32.954136
-49.936100 -72.426018 29.348156 3.791389 -76.879776 -4.405131 -40.050125 -73.063278 8.109683 -20.448673 -17.888885 -33.259197
-46.889328 -64.411171 27.166744 6.688972 -69.541656 -3.268534 -33.572117 -64.926483 4.296005 -18.999893 -13.988229 -30.785622
-33.912952 -46.767563 19.109861 4.022472 -49.638451 -1.686363 -23.742744 -46.858284 2.127580 -13.622497 -9.182288 -21.984024
-43.762756 -59.696968 25.302254 8.354374 -66.669777 -4.891990 -34.160744 -62.967941 2.384643 -17.643927 -11.172313 -32.081482
-39.615520 -53.918434 21.933374 6.328804 -56.323441 1.666571 -26.062294 -53.838074 -0.150848 -18.656559 -9.283577 -26.929674
-40.307037 -57.407494 23.690056 4.989790 -61.364212 -2.457702 -31.743656 -56.910648 4.356134 -17.474670 -13.216050 -27.739716
-49.275734 -67.454651 29.497345 13.068097 -77.512451 -2.205209 -35.865822 -70.877449 -3.614062 -25.053558 -11.965279 -40.623940
-38.556980 -58.416752 24.335735 8.713614 -64.599022 0.696277 -32.521210 -60.392998 -1.847141 -23.671555 -13.780238 -36.079681
-29.132725 -44.389496 19.407494 6.212916 -49.187653 -2.761004 -27.145149 -44.106415 1.410751 -14.388501 -9.362799 -25.354046
-27.144836 -35.882797 14.674435 6.570645 -38.981304 -1.116425 -18.207270 -36.334816 -1.031594 -11.562626 -5.317265 -18.429277
-37.378342 -49.450092 22.202414 8.120671 -54.703514 -4.548396 -27.435457 -52.099049 -0.133672 -16.877123 -10.267699 -28.145996
-41.107586 -52.503410 22.176865 6.248679 -56.592102 -0.919840 -26.542027 -53.483913 -0.095276 -17.607851 -9.945666 -27.664522
-38.560833 -54.466232 22.239056 4.848158 -58.406105 -2.614421 -29.368156 -54.466888 4.581364 -13.994380 -11.092527 -24.579094
-11.240933 -19.076075 5.985291 -0.106321 -18.866808 3.724593 -5.651479 -16.930132 -1.541367 -9.638944 -4.885208 -9.372124
-18.073427 -25.715086 10.259278 3.219229 -26.833504 -1.299861 -13.965536 -26.174593 -0.685088 -8.877821 -4.517517 -12.754125
-9.149960 -18.549803 7.075126 -0.136806 -19.685881 -0.908607 -11.186862 -17.875628 3.066673 -4.312728 -4.709837 -8.536469
-19.503536 -29.620529 9.671247 0.323573 -31.393875 0.693837 -13.796621 -28.171019 2.829762 -7.278405 -6.290441 -12.033158
-18.077147 -27.788631 9.493739 -0.957481 -27.538300 2.484782 -11.984785 -26.046417 2.372904 -8.672403 -6.330303 -11.300436
-22.203871 -33.441162 12.739015 5.107974 -35.912937 -0.677474 -18.164068 -32.982941 -0.304043 -10.227460 -4.854045 -16.079283
-25.991285 -36.422352 13.313729 4.290751 -38.071053 1.075734 -16.521620 -35.602409 -0.390887 -11.580121 -5.143858 -16.237156
-23.537666 -39.386337 13.502756 1.590366 -42.222282 2.058850 -20.926670 -37.505398 2.762934 -11.264492 -8.624475 -19.830711
-23.778906 -33.381752 12.890717 0.307595 -33.894318 1.552044 -15.313575 -33.027325 2.054225 -10.128808 -7.007987 -14.653154
-28.898643 -42.555923 13.399593 2.518738 -41.001648 -0.464490 -21.259710 -42.904255 2.846319 -11.628786 -6.192538 -16.321110
-36.091492 -49.110306 22.350563 7.699522 -56.500832 -4.490860 -31.065636 -53.538799 1.721009 -15.699888 -10.712011 -29.755331
-34.259403 -44.761471 20.367729 8.076140 -51.727264 -2.756098 -26.136620 -47.312748 -1.215614 -16.308561 -9.659952 -27.048977
-34.726837 -50.885212 22.412594 5.447370 -57.863308 -3.313878 -30.904881 -51.830677 2.705992 -15.249260 -11.509413 -28.545984
-28.872154 -39.388542 17.927475 6.886566 -43.681427 -1.757661 -21.506676 -39.980816 -1.973501 -15.531139 -8.396873 -23.718332
-35.214985 -50.215733 21.850719 7.043613 -57.627350 -5.933468 -31.754288 -53.249325 1.991070 -14.517758 -10.660954 -28.153624
-33.551983 -50.422756 22.825520 9.129187 -58.185272 -6.845667 -33.722439 -55.075848 2.327279 -15.803360 -11.183650 -30.493814
-42.461388 -57.467628 24.338064 7.587316 -62.970760 -4.974887 -34.331154 -61.067162 1.933037 -17.524626 -11.223742 -31.160112
-34.784042 -48.653538 21.136560 8.599888 -54.957546 -4.244314 -28.713501 -50.788849 -1.287534 -18.106682 -10.312046 -27.816431
-34.886127 -54.697605 20.116972 0.614821 -56.860878 -1.241078 -31.813334 -54.022163 8.008848 -11.900293 -11.053801 -22.947910
-26.768110 -42.914021 15.727632 0.037188 -42.794571 -1.952106 -24.935266 -42.828758 5.713435 -10.723240 -9.617914 -17.249788
-30.450830 -47.186802 20.790239 8.345662 -53.949757 -4.229775 -28.629185 -50.716866 1.602895 -14.761243 -9.429774 -27.621332
-36.779568 -55.448086 20.828983 1.606650 -55.994549 -0.786858 -30.781614 -54.158882 6.484147 -13.575763 -10.613063 -23.460560
-38.563999 -50.927860 22.717205 9.518899 -56.558979 -2.370179 -26.944370 -51.406292 -2.087510 -18.132133 -9.657144 -28.788712
-46.383350 -60.781837 26.261684 8.059660 -64.957100 -0.995314 -30.406229 -61.046402 0.256934 -20.003971 -11.148625 -31.164146
-41.831470 -53.971104 22.304296 5.279269 -57.692760 -2.157638 -28.489931 -55.366249 2.055404 -16.538147 -10.404007 -27.116962
-49.922222 -22.257210 -3.695373 21.086958 -45.724735 -29.167757 -29.487947 -37.513668 -24.491325 -8.133346 6.691750 -20.023329
-42.139679 -27.843441 6.749802 26.380795 -47.419159 -27.617281 -28.943232 -45.365932 -21.660212 -15.354997 0.160479 -27.766262
-35.999741 -20.143181 2.359876 19.913950 -39.502190 -20.684408 -21.546898 -31.440010 -21.354277 -10.246170 2.313657 -19.102425
-35.504559 -9.238934 -7.563169 18.885098 -33.181160 -29.872379 -23.420782 -28.140379 -28.327793 -8.988924 3.199886 -17.484549
-44.350578 -19.843601 -1.795081 18.188286 -32.541122 -20.804531 -17.215427 -37.745121 -21.079704 -13.323828 4.872153 -15.926395
-43.446396 -20.481524 -6.142067 15.852312 -37.275703 -20.559204 -21.962330 -29.527874 -26.428970 -10.096994 8.309216 -15.238988
-51.810570 -27.734453 -0.199487 23.548563 -44.748440 -23.458025 -23.485138 -42.810604 -28.210310 -15.325469 6.993007 -22.750568
-47.473091 -24.885153 -1.543165 21.760517 -43.906990 -20.787262 -25.001268 -31.607008 -27.356550 -9.547754 8.605552 -19.518986
-35.503029 -18.739029 -3.835407 15.831059 -40.073437 -24.666870 -25.239393 -30.762682 -20.986296 -6.719678 2.999720 -16.346916
-52.795078 -33.644585 4.682365 24.577492 -51.994034 -21.366400 -27.195353 -45.193352 -21.517591 -11.276339 6.423302 -22.186913
-45.496475 -18.652573 -2.149250 22.026733 -40.862652 -32.716469 -26.941463 -42.643875 -24.272415 -13.192467 3.768982 -26.347752
-38.366325 -17.502222 -3.483061 19.000341 -33.045872 -24.997711 -19.502851 -38.634224 -20.729008 -14.434233 2.434392 -19.044035
-37.404453 -19.468578 -4.674575 14.222148 -33.597652 -22.666862 -22.343613 -30.648216 -21.019344 -10.500326 5.769013 -15.370028
-44.656986 -16.488739 -3.516676 22.419142 -43.192898 -35.176064 -31.645521 -35.063965 -25.615475 -10.141096 3.497931 -24.333996
-31.775131 -10.788486 -3.063730 15.988804 -22.943468 -18.522577 -12.662950 -27.727762 -20.422297 -14.807848 3.084417 -16.179319
-30.186087 -13.543015 -2.480757 15.591653 -27.187519 -17.534985 -16.444143 -27.116428 -18.173967 -11.118077 3.368765 -15.916575
-38.242111 -17.728170 -3.772915 15.605588 -31.833973 -17.531631 -17.042650 -29.157885 -18.048050 -7.000532 6.550512 -12.755388
-39.286926 -17.118307 -0.172198 18.049501 -29.936348 -18.511457 -15.174955 -35.308811 -19.012655 -12.515359 3.874098 -15.766739
-47.801491 -25.180063 0.811759 25.598381 -46.253036 -25.824379 -26.614992 -43.992477 -27.126877 -14.536586 4.629628 -23.806829
-51.702770 -31.140959 5.952118 26.870455 -48.043556 -23.139675 -24.632616 -50.072662 -23.584114 -16.442871 4.410304 -26.427023
-35.732250 -13.197371 -6.048303 14.381816 -27.525894 -17.291023 -15.511132 -25.857126 -23.380899 -10.707804 6.934683 -13.000291
-36.169312 -19.515335 1.245645 20.078239 -34.925674 -19.699223 -19.614212 -32.847134 -19.626507 -12.018690 2.971487 -18.773348
-24.886564 -9.976614 -0.784409 14.097205 -20.536936 -15.539941 -11.461223 -23.753525 -17.073418 -12.204203 0.835895 -13.883739
-15.400126 -7.768425 -0.638749 8.865372 -16.310434 -10.483472 -9.626986 -12.632771 -13.736115 -7.159068 1.033366 -10.521125
-16.228928 -10.081195 0.341737 9.074955 -18.375362 -8.593889 -7.941858 -16.512478 -10.973131 -6.985330 0.974950 -11.011438
-30.215906 -15.869040 1.768224 17.770992 -30.991432 -19.426388 -18.512691 -28.820793 -19.492889 -12.548975 1.188532 -19.228401
-42.562424 -15.122718 -6.848440 24.627213 -41.933445 -35.767521 -30.136772 -36.818405 -30.141306 -13.735329 2.484770 -23.027124
-21.518465 -7.373765 -5.793149 6.318592 -12.632815 -11.700269 -5.800953 -21.504988 -13.195250 -10.738629 1.491023 -6.580140
-25.014208 -15.853557 2.149385 13.888998 -28.253319 -15.440630 -17.756805 -24.310478 -12.037428 -5.852584 1.714528 -15.491944
-29.481613 -9.313571 -4.003160 11.601818 -21.273720 -16.172966 -10.377025 -22.319157 -15.830826 -6.549741 4.431348 -8.759439
-20.160145 -15.598529 -5.052620 5.987103 -28.513500 -5.878105 -15.260992 -8.730656 -17.895777 0.556729 6.247588 -7.920065
-28.406223 -10.337912 -5.148204 9.934223 -18.609701 -12.465526 -8.217403 -24.317541 -18.601629 -12.801939 3.929161 -9.309143
-39.129169 -17.235258 -4.567852 17.912361 -38.599590 -22.792337 -24.364458 -26.200159 -25.804892 -8.404610 6.379544 -18.614956
-46.838196 -30.048565 -0.835315 13.004595 -35.292431 -15.071593 -15.118074 -43.816929 -15.417635 -13.712226 3.226698 -10.000266
-23.740442 -10.805701 -5.991712 12.327250 -23.519400 -13.899269 -15.525923 -15.390435 -20.826057 -5.140798 4.503903 -12.007157
-13.771801 -9.960081 -0.894211 9.127178 -18.986538 -9.503181 -10.944605 -11.893863 -16.599503 -8.910661 1.065084 -12.975338
-20.671413 -4.841162 -4.093144 7.768311 -11.626053 -13.561958 -6.416888 -17.783995 -12.101840 -7.414892 2.880065 -8.573915
-14.711656 -1.516895 -11.471445 1.358080 -5.159161 -13.968525 -5.538101 -15.635883 -11.298112 -8.882408 1.114427 -8.017879
-29.052252 -11.002357 -3.729105 12.018988 -22.057907 -14.876276 -11.256657 -23.322565 -16.136778 -9.265712 4.488426 -11.468593
-22.920805 -9.044436 -1.825456 12.137300 -21.173712 -15.654962 -10.466208 -21.114180 -18.203815 -12.560776 0.562901 -15.380509
-27.141884 -7.634517 -3.273174 13.179914 -21.241993 -17.921112 -12.779184 -22.647943 -16.588799 -9.194420 2.862964 -13.082843
-24.994572 -11.759364 -3.692676 7.911505 -24.719048 -13.364217 -17.138618 -13.486506 -15.702682 -1.889811 4.725214 -9.297967
-24.847980 -9.912654 -0.493621 12.384952 -21.400377 -14.424414 -11.213340 -22.280975 -13.105843 -7.552340 2.697948 -11.467981
-17.651165 -12.512702 -3.325067 9.293728 -23.231579 -10.466160 -16.191561 -11.478692 -16.683744 -4.544780 2.843551 -11.265986
-20.644541 -6.540460 -4.643368 8.291068 -21.310335 -17.626200 -16.315891 -12.705299 -13.642560 -0.652973 2.235260 -9.390326
-19.557894 -9.669952 -4.576034 8.598197 -17.688614 -10.470007 -11.344225 -13.873477 -16.135298 -7.801672 3.020406 -9.930309
-26.522419 -20.352091 3.659316 9.691042 -27.212358 -9.086771 -13.025770 -26.563902 -7.103879 -4.065052 2.129636 -9.511201
-16.443695 -17.315308 1.753803 9.302526 -23.748953 -4.916011 -11.322796 -15.489091 -14.623714 -8.683292 0.429557 -13.151593
-19.054653 -13.592545 -2.984575 5.095245 -21.762886 -8.513456 -13.507035 -12.404572 -8.193129 1.526058 2.584404 -4.719006
-14.797169 -6.638192 -4.723184 8.008779 -13.550992 -11.195564 -7.432531 -18.444393 -10.883104 -8.756124 -0.206296 -9.885818
-45.811962 -15.876845 -3.679371 21.169552 -31.143894 -26.063206 -17.485077 -38.731522 -28.537605 -20.453856 5.058474 -22.200464
-44.522587 -22.244879 1.315766 22.053280 -34.864471 -20.704578 -14.312860 -41.660309 -25.148270 -21.480278 1.178316 -20.332401
-35.400661 -14.908548 -2.201310 16.979494 -26.773394 -18.572618 -13.435403 -34.783520 -19.182194 -13.059671 4.124603 -15.110180
-28.104195 -16.075102 -0.770680 15.191278 -37.379398 -25.385695 -27.182159 -24.758417 -16.046232 -3.833711 1.212896 -17.445286
-45.477379 -20.029331 -3.504023 21.638830 -45.853073 -33.846115 -32.859634 -35.875481 -25.696789 -8.706281 4.546257 -23.220228
-42.781693 -26.220482 5.920560 23.707754 -42.870686 -21.045317 -23.074711 -43.666546 -19.887003 -13.799972 2.312083 -23.935253
-44.767941 -21.871031 -0.976761 24.819101 -50.079018 -36.067123 -34.510849 -42.409473 -24.094694 -10.356316 1.907395 -26.148045
-47.560535 -28.838102 4.192242 25.720900 -47.997219 -23.991718 -24.759205 -45.156685 -24.720619 -16.525293 2.461517 -24.282488
-56.917995 -30.797527 3.147236 31.474714 -53.996216 -29.778532 -29.676149 -50.263378 -33.629250 -19.224726 5.985955 -29.713921
-40.735256 -26.116199 4.619523 22.924572 -46.443645 -24.589514 -29.265425 -38.038277 -21.540663 -11.471657 2.345273 -25.320452
-31.019800 -20.929504 -1.727362 14.450593 -37.440823 -20.463352 -27.441887 -28.144869 -14.332617 -4.332604 3.311455 -18.720110
-43.380192 -10.433446 -8.441690 13.329355 -25.377272 -21.170006 -11.510311 -29.721779 -25.900272 -14.123168 6.749894 -13.197791
-38.771763 -16.927563 -1.390575 19.938660 -34.265732 -22.555630 -18.988272 -35.862495 -20.214880 -11.223396 3.346890 -18.851482
-30.010218 -10.784380 -5.015731 9.452555 -27.912785 -17.673113 -17.677771 -17.400381 -19.535118 -4.333529 5.685282 -12.750532
-29.064995 -15.979596 3.380815 18.888920 -29.966028 -20.325972 -17.427036 -32.787884 -18.061913 -14.209017 -1.103090 -20.286230
-45.687256 -24.555651 3.071263 24.802942 -40.999523 -23.244606 -20.242371 -42.076977 -27.135036 -19.424433 3.702662 -24.574959
-24.074093 -13.280959 0.024827 13.399174 -21.977367 -12.487520 -12.865415 -23.324362 -16.613552 -10.826996 3.161396 -13.819340
-38.125057 -18.642374 2.810413 22.074291 -35.082127 -24.114552 -22.747000 -37.032314 -21.510752 -15.342740 2.272470 -24.095903
-38.035648 -17.999939 -2.714296 17.409176 -37.613564 -26.814751 -27.185814 -33.671745 -17.370766 -7.430240 2.286239 -19.074202
-46.983868 -25.925991 4.328488 26.002842 -41.459785 -22.588509 -18.957285 -50.848969 -23.076443 -19.710236 2.349208 -23.972933
-49.988869 -35.424156 7.296662 26.035336 -56.718719 -23.408009 -30.940714 -45.683773 -24.705709 -12.782269 5.059057 -27.970938
-46.591526 -28.877945 4.823813 25.476477 -53.542187 -29.427355 -34.997017 -43.590443 -22.801468 -11.812116 2.914463 -29.586779
-47.129776 -26.675133 5.162843 28.414843 -47.286755 -28.953886 -28.377832 -47.776886 -25.765230 -17.889851 1.468168 -28.073425
-46.120270 -21.271164 -1.918138 23.928726 -47.404705 -30.800797 -31.216846 -39.695049 -25.993284 -10.197575 4.133765 -23.168863
-40.112335 -24.119036 4.157196 22.757957 -44.228428 -25.338388 -27.381329 -37.504421 -20.721237 -11.467140 1.630709 -23.702312
-52.633396 -25.386494 0.771476 28.040604 -47.710514 -29.955694 -28.661781 -46.586140 -28.646563 -15.870466 5.079382 -25.605637
-59.605640 -34.843056 3.904722 33.742893 -66.278145 -37.229103 -40.434170 -55.950245 -32.389778 -15.873860 2.945567 -33.732956
-37.569199 -23.366455 3.652827 22.208181 -39.751732 -22.055056 -24.363903 -39.207619 -21.094278 -15.085803 2.422744 -24.352337
-51.331196 -28.148306 4.931676 27.949917 -50.372959 -30.430220 -30.794918 -48.239632 -24.394732 -14.647224 3.225787 -28.813519
-39.673534 -22.105852 2.840187 21.191837 -35.521057 -17.993975 -17.389257 -38.802776 -21.560732 -15.325667 4.411869 -19.512970
-39.563934 -18.283049 -0.441839 21.490131 -35.396679 -25.152073 -22.198900 -39.366570 -21.974754 -15.874149 4.494621 -23.504883
-30.919861 -19.005865 1.464633 14.480952 -35.298584 -19.730898 -24.319117 -29.173634 -12.668765 -3.293475 2.549364 -16.932953
-47.164318 -24.545691 0.073225 21.239948 -38.929447 -20.112362 -20.516624 -39.190121 -23.907108 -14.345942 6.964988 -18.765730
-57.994831 -32.395439 1.136939 29.306278 -58.577065 -30.078651 -34.938221 -45.152233 -35.078377 -15.842899 8.063744 -30.547022
-56.545303 -24.469484 1.682948 32.663948 -46.621567 -33.391876 -25.483246 -51.904488 -33.890293 -21.804518 2.980567 -28.564798
-47.837044 -26.530075 4.023479 26.596489 -46.849613 -25.186190 -26.654394 -41.664978 -29.278746 -17.430252 4.028119 -27.581959
-43.547668 -32.012066 9.367086 23.112757 -46.187725 -19.061172 -25.560329 -44.573097 -18.137827 -15.779884 1.692844 -25.849863
-44.088074 -29.403843 5.695645 22.710663 -46.724232 -19.656439 -26.436174 -39.982018 -21.007441 -9.576219 5.600826 -22.805237
-40.905838 -29.369583 7.774514 24.819006 -49.131260 -25.824509 -30.410961 -43.174454 -20.148901 -13.169492 -0.527304 -27.038534
-34.777924 -17.158171 -2.349447 15.368991 -29.957872 -14.923564 -14.706851 -27.387035 -23.110668 -12.098897 6.048029 -14.727397
-45.883167 -22.908791 -2.063515 22.300196 -42.804924 -25.383648 -25.826435 -36.535393 -24.287937 -10.256526 4.958879 -19.071312
-44.591812 -18.828516 -5.004258 18.916454 -36.201698 -22.792002 -22.648643 -33.196003 -25.179398 -9.833202 8.069403 -16.794575
-52.880512 -25.644064 2.154886 30.217773 -53.641651 -38.319725 -34.584423 -53.046547 -28.032475 -15.552197 -0.541349 -31.264112
-58.950115 -27.269152 1.257122 33.588764 -53.598301 -35.251053 -28.465221 -55.874065 -32.922787 -20.915716 3.121979 -28.734678
-50.812504 -29.193268 4.341498 26.699038 -48.564240 -26.771559 -24.394321 -50.238178 -26.259584 -18.659073 3.025094 -28.140488
-42.620399 -26.687111 5.503790 25.002205 -41.740143 -21.583740 -20.471046 -43.827866 -26.061016 -20.255114 1.702698 -25.577034
-46.963707 -32.646564 3.724439 18.245991 -48.543346 -17.270428 -29.001905 -36.003994 -23.288294 -8.797757 6.336984 -20.384735
-48.202858 -26.738005 3.538961 25.366016 -44.239738 -23.148371 -23.472929 -46.024380 -24.707855 -16.812244 3.895073 -22.853615
-41.739586 -18.535290 0.626697 23.959484 -37.328766 -27.689260 -20.662216 -42.307854 -21.191551 -15.536469 0.278943 -21.551924
-36.680706 -13.157763 -5.358051 16.866806 -24.652332 -17.668596 -12.941339 -32.777359 -21.994835 -13.198897 5.747714 -11.940398
-12.608303 1.984249 -25.089615 -7.775332 -12.842896 -20.312084 -19.431797 14.699694 -25.782312 3.947682 0.428387 -0.824115
-15.979908 -1.047482 -22.036291 -6.862604 -17.329346 -20.800640 -22.047060 15.047956 -23.191216 7.907381 0.306539 -1.366129
-5.579957 -0.222216 -13.184712 -5.744889 -8.119004 -11.341865 -12.437868 6.990610 -12.795470 3.063617 0.826329 -0.560596
-26.545170 2.274116 -32.666126 -11.055060 -21.251272 -33.185844 -31.956247 18.205038 -34.436741 10.754642 4.235190 -0.979922
-25.943018 -1.786553 -38.429314 -15.172842 -22.416367 -33.742218 -33.392281 23.011528 -34.385853 14.562125 -1.607826 2.871084
-14.940502 -3.663955 -21.761604 -6.698448 -19.904053 -18.889492 -23.739439 16.379339 -26.259068 8.055667 1.730450 -2.444061
-16.989901 -1.720096 -24.623507 -8.182091 -18.270880 -21.125252 -22.911608 17.651312 -27.258144 7.639869 0.792424 -1.940497
-20.614300 -0.819872 -26.866224 -8.806236 -19.224447 -24.817696 -25.468191 20.061569 -29.737574 7.760588 1.817340 -3.707289
-2.522815 -1.213195 -16.811373 -6.062545 -7.639266 -8.614774 -10.116416 10.784595 -17.223867 0.375144 -1.623071 -0.273901
-7.380928 -0.311704 -13.988108 -4.810872 -9.749505 -12.512707 -14.085663 8.153755 -14.349355 3.401469 0.643634 -0.871140
-5.201033 0.153975 -12.461528 -4.152898 -8.200060 -11.163121 -12.070406 7.940554 -12.951362 2.815282 0.027573 -1.374697
-7.365801 -0.992700 -13.585642 -4.317688 -10.535666 -12.743139 -14.481265 8.909092 -14.210057 4.681667 -0.095247 -0.644098
-10.617832 0.384075 -19.647768 -5.831491 -13.872425 -17.331694 -19.026997 11.547791 -20.992069 5.019614 1.070923 -0.903299
-2.286783 -0.641786 -15.987691 -5.763781 -7.779834 -9.769506 -10.905006 11.435405 -16.383423 0.566012 -2.452164 -0.950511
-4.961191 -1.779526 -12.389258 -5.281573 -9.188730 -10.089565 -12.666076 8.226881 -12.704865 3.610353 0.099104 -0.667321
-11.644081 -2.048167 -16.316126 -6.426295 -13.502464 -16.049583 -18.091539 10.112868 -16.992125 6.571505 1.264472 -3.352115
-6.091917 -0.205529 -13.715815 -5.293999 -9.051838 -12.456109 -14.080688 8.517105 -14.155670 3.018190 1.165691 -1.987590
-6.519983 -0.334183 -13.367818 -4.878264 -9.064410 -12.326559 -13.587962 8.756596 -14.043628 3.250503 0.586594 -1.809853
-12.687716 0.991692 -22.250484 -7.630975 -13.463832 -19.923302 -20.275711 14.227021 -24.361464 4.712928 1.542428 -2.533612
-19.508820 -2.177938 -23.411381 -9.696712 -16.213329 -22.353167 -23.440935 15.038540 -25.837536 7.532428 2.646320 -2.414261
-13.108388 2.606449 -21.874151 -6.425394 -13.773414 -21.340294 -20.524912 12.093010 -22.683292 5.487583 1.789629 -1.522764
-7.816053 1.676138 -17.294924 -6.426528 -8.483309 -14.748666 -14.624665 8.226633 -17.017221 2.346203 1.739790 -1.084439
-12.229292 -0.435423 -17.780903 -4.941413 -14.205180 -17.575251 -19.398247 11.886663 -20.758152 5.473574 1.518405 -2.744070
-20.943026 -0.106296 -26.475519 -10.029196 -18.431101 -26.375328 -27.345280 15.725873 -27.552189 8.854949 3.219770 -2.078538
-17.214760 1.170017 -26.272732 -8.377763 -15.770132 -23.859892 -22.588831 17.881224 -28.943155 6.239251 1.125407 -2.936774
-18.492481 -0.715573 -24.551174 -10.269386 -16.412264 -23.046116 -23.791582 14.028239 -23.506069 8.144201 1.514924 -0.591248
-25.530758 3.006099 -38.398655 -17.427687 -6.891010 -28.431433 -21.208437 8.326245 -31.308031 0.922521 5.093745 3.486592
-11.675403 0.678112 -17.698830 -5.557448 -11.728924 -17.548050 -17.472601 11.622650 -19.787230 4.682908 1.314500 -2.364106
-14.255706 4.641994 -25.172585 -6.499994 -12.515620 -24.945953 -19.119444 14.381372 -24.700432 6.825545 -1.564788 0.506399
-11.435000 2.703725 -22.234409 -7.695350 -10.155676 -19.946022 -16.074715 14.433020 -21.413872 4.588708 -1.794884 -1.562260
-23.415220 2.480229 -32.931435 -12.267964 -17.296574 -30.301769 -26.294718 22.001028 -32.645718 8.849209 0.652308 -2.615010
-7.188163 0.963084 -15.085057 -5.216363 -8.798066 -14.123638 -13.495723 9.337318 -15.447755 3.491613 0.190465 -1.304510
-18.027548 2.123107 -22.931139 -8.098941 -13.508824 -24.605812 -22.211796 12.832897 -24.029078 7.931792 2.825557 -1.874711
-23.884636 1.017629 -29.387064 -11.095608 -19.278919 -30.250937 -29.668468 17.237371 -30.882456 9.803258 4.160958 -2.844766
-6.205692 1.145807 -15.438408 -5.858257 -6.856740 -13.413127 -11.559091 10.017587 -15.003837 2.629679 -1.399752 -1.296264
-9.066596 2.229149 -19.250896 -6.551322 -9.134693 -18.252335 -14.747432 10.774179 -17.993208 4.495329 -1.572278 -0.138822
-22.228104 1.530859 -26.821619 -9.945967 -14.982348 -25.952038 -24.157064 14.596407 -29.076275 7.424008 3.655514 -1.489204
-9.519417 3.300648 -20.862078 -6.556386 -7.113860 -20.184242 -15.134364 9.306365 -19.044371 2.966470 -0.333271 0.293122
-17.261173 1.661004 -27.141424 -10.197742 -15.575992 -24.784945 -23.458906 15.145053 -26.584167 6.700047 0.953224 -1.267947
-18.540319 1.540151 -25.586792 -10.624532 -12.963141 -24.164614 -20.566015 15.211613 -24.604151 7.342714 0.845989 -1.824698
-19.864302 -0.718509 -25.536999 -9.385673 -17.700312 -24.611204 -25.823740 16.668154 -27.791859 7.917985 3.409654 -2.969566
-15.727299 1.444530 -23.253357 -9.073171 -11.205355 -20.179783 -17.612072 13.067148 -23.163340 5.932754 1.183586 -0.476604
-6.153742 -0.993958 -19.726755 -7.571591 -9.709850 -12.726912 -14.240912 13.568299 -20.216654 1.853972 -0.954578 -1.245988
-9.369692 0.524277 -24.338144 -9.674110 -11.159245 -17.282753 -16.455549 16.752352 -24.468042 3.272814 -1.985052 -0.822265
-22.631927 -1.430621 -25.369669 -9.490072 -19.020889 -25.446972 -26.622326 17.002304 -26.901554 9.646729 2.723610 -2.275335
-7.383303 1.359917 -16.760412 -6.191573 -7.308749 -15.468861 -12.582062 7.095090 -14.893844 3.796016 -1.124114 1.221254
-22.441250 1.061885 -31.740805 -12.011902 -17.654455 -27.368277 -26.944479 15.497189 -31.412212 6.788446 4.356953 -0.859576
-11.306069 2.040195 -19.860867 -6.634831 -10.952841 -18.614630 -16.458017 11.733565 -19.396646 5.333892 -0.299071 -0.598638
-9.488726 0.829223 -18.073885 -6.533058 -10.207561 -16.031399 -15.580573 12.359195 -19.094379 3.728222 0.123311 -2.144869
-20.497475 0.483425 -27.442577 -10.589403 -17.328499 -26.850998 -26.656200 16.185946 -27.878706 8.251996 2.786269 -2.332800
-18.539669 -0.498683 -22.670925 -7.525615 -16.502640 -22.584324 -23.285614 16.407587 -26.987783 6.301185 3.439214 -5.206707
-16.721666 2.362512 -23.954809 -9.338551 -11.327097 -23.449308 -19.801455 15.241411 -25.765038 4.620057 2.654382 -5.322620
-21.982412 0.441280 -26.925213 -8.618020 -17.298838 -27.586185 -26.541857 16.028309 -28.241716 9.891814 1.980241 -0.904210
-12.902885 1.187944 -19.433748 -7.406886 -9.586694 -18.584898 -15.860160 12.674615 -19.914030 4.172925 0.486239 -3.022671
-15.469645 2.183596 -26.321369 -9.896424 -13.178028 -23.736319 -20.476480 18.445004 -26.678999 5.599720 -0.468647 -3.178871
-17.132359 2.857217 -25.908314 -8.987569 -12.766654 -23.509766 -20.234325 17.251144 -28.084002 4.916709 1.525321 -3.491213
-17.078079 3.385987 -22.419441 -8.165847 -10.253535 -22.890654 -18.421219 13.154152 -24.255373 5.148935 3.010526 -3.583753
-18.670149 2.319137 -23.627470 -8.764176 -12.178475 -24.766146 -21.369513 15.250021 -26.453299 4.726774 3.718027 -6.416901
-20.844681 0.586197 -25.385265 -9.099505 -15.740973 -26.293007 -24.825268 17.507931 -28.133286 6.865287 2.594601 -4.598872
-18.902620 4.591108 -29.328505 -11.934746 -9.441645 -25.681753 -18.274635 18.111694 -30.649590 2.662828 1.999068 -5.131716
-16.144102 2.315410 -22.436405 -7.861164 -11.471932 -22.938786 -20.004559 14.701713 -25.855579 4.120206 3.385273 -6.192434
-15.473118 3.105375 -21.768579 -7.256783 -10.217451 -21.572908 -17.780451 14.000762 -25.360718 3.396768 3.176162 -5.387450
-17.228928 5.793094 -22.845097 -6.610179 -8.616414 -22.854328 -16.427423 12.807312 -27.578053 1.966300 4.382312 -5.577697
-12.055965 1.834480 -19.170897 -7.740320 -9.578108 -18.865803 -16.771776 11.469800 -18.958227 3.657625 2.100048 -3.755023
-15.931658 -0.791156 -20.561241 -8.024116 -13.920334 -20.816793 -20.784084 13.537577 -21.152288 7.668925 1.161124 -1.873582
-17.449167 -0.995249 -21.657589 -8.497279 -14.558490 -21.733541 -21.848413 14.962033 -23.075373 7.105610 1.941478 -3.680502
-16.346893 3.901819 -23.605339 -7.607048 -10.609710 -22.423344 -17.708937 15.337422 -26.432768 3.197678 2.848222 -5.402389
-16.385498 0.458170 -22.577452 -7.872274 -13.795835 -22.003977 -21.532707 15.200247 -25.450356 5.603213 2.708657 -4.340240
-5.944326 0.418814 -13.678994 -6.241692 -6.531657 -12.437269 -11.829871 7.457114 -12.146623 2.863662 0.475260 -1.351623
-8.670794 0.323159 -16.254936 -6.463969 -9.363661 -14.615717 -14.448952 11.314127 -17.305704 3.092035 0.513264 -2.959575
-12.296367 -0.343380 -18.901791 -5.916544 -12.942151 -18.364855 -18.847082 13.907816 -21.210512 5.027293 0.748555 -3.836710
-12.329770 -0.749350 -18.945578 -6.891151 -12.359633 -17.407499 -18.108927 14.052598 -21.028618 4.511658 1.158660 -3.976727
-20.372347 2.362911 -28.361073 -11.882366 -12.910013 -26.317211 -21.736179 18.099083 -27.835386 6.547936 2.283288 -3.536577
-11.975142 -0.283441 -17.929180 -7.035779 -11.179268 -17.072765 -17.243805 12.361167 -19.355055 4.570515 1.286638 -3.216287
-11.041311 0.102702 -18.589928 -7.287080 -10.625311 -17.336399 -16.458599 13.552418 -19.105604 4.574941 0.000963 -3.435383
-13.554468 -0.917355 -19.170595 -7.386794 -12.969227 -18.494114 -19.232050 13.431533 -20.132904 5.764983 0.870707 -3.161633
-13.926125 0.200088 -21.084690 -7.578875 -12.701721 -19.864103 -19.451572 14.826117 -23.144833 5.206079 0.840117 -3.613995
-16.618992 1.304775 -24.000290 -9.886439 -13.393235 -23.280792 -22.080660 14.830878 -24.467920 5.046481 3.350685 -4.755736
-14.733758 -0.024793 -21.221586 -7.652400 -13.387976 -20.519463 -20.565058 15.029974 -23.655621 5.275461 1.676509 -4.137222
-14.202851 1.754037 -19.049976 -6.623930 -10.922709 -20.114489 -18.413290 12.053319 -22.385130 4.191138 3.442211 -5.028737
-14.275700 1.081124 -19.715982 -7.283841 -11.710188 -19.920645 -18.618982 12.846121 -21.586973 4.488965 2.709562 -4.448017
-16.570562 -0.795714 -23.723501 -11.090462 -12.505215 -21.931768 -21.747562 14.526577 -23.586941 5.510675 2.821274 -3.449573
-14.042752 5.272071 -19.829445 -7.379500 -6.648459 -20.514599 -14.232754 9.893848 -21.143368 1.622975 4.394964 -5.735255
-18.898426 0.422789 -23.846249 -8.623543 -15.620301 -24.168741 -23.813887 15.907771 -25.614416 6.501969 3.187771 -5.012862
-16.193403 2.223397 -21.899990 -7.284485 -11.726601 -22.583498 -19.713722 13.910730 -24.345114 5.356504 2.330098 -4.172866
-14.308081 0.586988 -21.303434 -8.580893 -12.310725 -21.041481 -20.695696 13.812788 -22.769361 4.697656 3.146658 -4.867842
-16.554897 -0.335251 -21.580910 -9.590890 -13.287186 -22.096918 -21.402632 12.455052 -19.897263 8.408668 1.120229 -0.904030
-14.721689 1.840787 -19.726164 -6.094542 -12.298642 -21.459538 -19.747593 12.664253 -22.265326 5.416740 2.141451 -3.940226
-13.688831 -0.727238 -18.434959 -6.247312 -13.415576 -18.656301 -19.960281 12.620851 -20.685307 5.672365 1.849744 -3.401125
-12.948254 2.642476 -19.122047 -5.854352 -10.200515 -19.558050 -17.118639 12.569510 -22.722456 2.683040 3.024980 -5.822404
-14.564594 2.080729 -19.460564 -5.677696 -11.764645 -20.596222 -18.628464 12.729164 -22.425369 4.567566 2.451413 -4.319873
-12.756464 -0.334324 -17.655933 -6.937153 -11.243658 -17.395224 -17.845198 11.956059 -19.679573 4.344259 2.544632 -4.081036
-14.851936 0.875526 -22.427118 -9.179818 -12.295328 -21.995129 -20.850868 14.355673 -23.174030 5.000193 2.411496 -4.027363
-10.698776 3.345545 -21.051538 -7.534703 -9.908727 -19.251585 -17.652882 10.903609 -21.910927 1.797011 2.813640 -3.467159
-16.207247 0.259089 -22.155939 -7.641218 -14.030839 -22.055571 -22.019663 15.047143 -25.097292 5.860781 2.508889 -4.292861
-10.366190 0.774461 -21.291328 -9.030404 -10.624918 -17.809189 -16.593378 15.706017 -21.938705 3.551887 -0.753708 -3.313422
-12.692885 0.726253 -18.565939 -7.891448 -9.760715 -18.376720 -16.960566 11.818111 -19.037132 3.799680 2.471807 -4.463193
-11.146482 3.047073 -18.534067 -6.966697 -7.632291 -18.150408 -14.537764 11.029490 -20.060482 1.357403 2.828527 -5.665336
-7.601865 1.561994 -15.433520 -5.620385 -7.891160 -14.950682 -13.651923 8.083091 -14.595138 3.412805 0.763488 -0.783157
-14.450220 4.341977 -21.767046 -6.989449 -8.911474 -21.807598 -16.197918 12.995467 -23.401917 3.740437 1.637820 -4.011898
-1.887159 -11.547107 -4.985504 -8.266093 -6.910135 -3.947842 -7.976816 -9.098722 5.608572 0.379603 -5.999039 0.250576
-2.362294 -16.367210 -1.086653 -6.788054 -13.014084 -4.199510 -12.718638 -14.853086 7.249031 -0.917175 -6.449905 -4.125308
-5.101845 -18.619158 -3.108978 -9.750330 -13.399688 -6.255052 -14.494952 -16.164413 8.969901 0.036334 -7.055710 -3.059950
-23.274151 -38.208755 -4.042605 -17.137503 -27.136507 -4.724407 -17.831553 -31.758236 13.875319 0.042457 -10.455015 -0.745951
-20.617561 -37.486721 -5.681634 -18.864235 -27.621965 -11.056849 -23.151588 -31.669079 16.209398 2.072872 -11.825209 -3.835292
-18.644392 -31.961187 -5.849774 -17.561152 -20.577047 -8.050651 -18.130419 -27.468187 13.030638 0.120772 -9.766384 -2.517604
-10.267772 -25.631674 -2.306653 -11.268005 -19.944506 -7.773927 -18.120438 -21.856853 11.140102 0.967568 -9.467433 -2.899275
-14.723696 -29.984743 -3.590348 -14.234994 -20.788046 -6.738685 -17.272902 -25.315386 12.278269 -0.706486 -9.993960 -2.710800
-13.771972 -31.583452 -1.388119 -13.678586 -24.170631 -7.645137 -22.035425 -27.611097 13.851248 -0.283187 -10.977198 -4.959416
-12.853916 -30.838650 0.198685 -12.063113 -25.203793 -7.031912 -22.524780 -26.996967 13.259741 -0.603061 -10.746567 -6.278260
-10.508483 -24.333887 -2.157377 -11.216291 -19.198822 -7.205747 -17.870777 -20.414282 10.238073 0.129483 -7.101787 -6.197262
-8.004762 -28.176863 1.456793 -7.485631 -25.585272 -6.270463 -20.889908 -27.510500 10.496496 -2.303783 -10.104719 -9.564933
-12.753813 -29.868120 -3.779342 -14.818133 -21.354860 -9.364551 -21.479441 -25.836939 13.509820 0.292534 -10.362470 -3.982031
-9.735501 -25.376062 -4.671178 -13.886862 -17.598658 -9.613252 -18.995117 -21.985708 12.020191 0.438189 -9.612298 -2.354914
-6.585489 -23.509665 -0.061673 -7.419595 -18.931383 -4.959997 -15.988374 -22.530602 8.888272 -2.246825 -8.532305 -6.087501
-11.765725 -29.884481 0.631410 -11.748210 -22.993254 -3.428639 -18.204124 -25.975414 12.034465 -1.878260 -11.259234 -4.702537
-7.350093 -21.780394 -0.085535 -8.888469 -18.043947 -4.242515 -15.902681 -18.423727 9.135180 -0.791865 -7.274654 -5.028068
-6.787707 -19.559761 -1.160906 -8.707644 -15.325233 -4.990030 -14.005551 -16.063597 7.882895 -0.538494 -6.012502 -4.776970
-6.368636 -19.059875 -3.226858 -10.154036 -13.447969 -5.733190 -13.569204 -16.212976 9.050029 0.334372 -6.592391 -1.956251
-10.750385 -23.690987 -3.245008 -12.207765 -17.574829 -6.684473 -16.452261 -19.783331 10.273301 0.626951 -6.820727 -4.496164
-16.668163 -34.140438 -1.637206 -15.567612 -26.565197 -7.189249 -22.722437 -29.178604 14.590589 0.206136 -12.591904 -3.075557
-13.300660 -29.957584 -2.879122 -14.292176 -22.103386 -8.116074 -19.609440 -24.891424 12.881310 1.106754 -11.621680 -1.370706
-12.222020 -27.917887 -1.602794 -13.149785 -20.929108 -5.497546 -17.826200 -23.435770 11.670086 -0.383542 -9.278538 -4.753406
-6.162499 -18.703600 -3.028902 -9.109898 -14.057816 -6.380790 -14.678248 -16.140753 8.344778 0.535088 -5.735391 -2.982407
-7.612547 -23.488054 -0.601381 -7.895948 -19.112896 -5.413085 -16.240738 -21.200905 8.858144 -1.162327 -8.846059 -4.967668
-15.669868 -33.063492 -1.089725 -13.931912 -25.051897 -5.266529 -19.864334 -29.354597 14.145975 -1.329525 -12.117756 -3.997856
-11.289970 -27.201706 -1.562880 -10.977500 -20.234608 -5.320081 -16.179953 -22.892040 10.579725 -0.105890 -10.223762 -1.224561
-10.660692 -25.311600 -2.345597 -12.389779 -18.860882 -5.364110 -16.095085 -21.112494 11.085946 0.285645 -8.585102 -2.864835
-19.269178 -32.997360 -2.177608 -15.183967 -25.241905 -5.561796 -19.610607 -27.932529 13.126066 -0.087580 -9.772605 -4.823788
-13.338837 -25.983255 -1.459844 -11.457099 -20.965931 -6.060629 -18.148235 -21.999273 10.235353 0.800069 -7.678381 -2.740357
-10.100634 -23.711018 -3.096786 -11.906025 -18.174839 -8.117512 -17.503525 -20.091549 10.414918 0.735928 -7.002540 -5.116260
-8.452913 -21.583590 2.204870 -6.318948 -17.694635 -2.310388 -13.948816 -20.020836 7.196010 -2.735744 -6.281026 -4.891808
-12.352454 -27.520317 -1.445038 -12.134233 -21.645105 -5.706271 -19.163074 -24.570137 11.972216 -0.517391 -8.886751 -4.342496
-7.424585 -23.290422 -0.367321 -8.015377 -18.865061 -5.924290 -16.866016 -21.817102 9.040149 -1.649379 -7.481119 -5.561636
-9.664643 -24.140882 -1.911280 -8.204595 -19.713881 -5.871308 -16.302748 -21.799271 8.321325 -0.943160 -6.530386 -4.689810
-9.071881 -24.800686 -0.522979 -9.246957 -20.566076 -6.645761 -18.686350 -22.203234 9.691960 -0.535556 -7.972286 -5.191975
-9.683962 -27.619558 -2.158882 -9.109227 -23.307161 -7.636547 -20.117989 -26.527641 10.257750 -0.934906 -9.848552 -7.153932
-13.323304 -30.467218 0.276307 -11.806823 -24.270405 -6.176667 -21.286533 -26.868320 12.392511 -1.095574 -10.235685 -5.246073
-9.317565 -24.943783 -1.682770 -11.376933 -20.189188 -6.978086 -19.246233 -22.115807 11.567908 -0.067758 -9.188844 -4.900146
-10.131217 -26.485037 -2.482609 -11.779526 -19.274380 -5.842958 -17.498352 -23.749229 11.057479 -1.296219 -8.735903 -3.552410
-8.923882 -24.589569 -2.546485 -11.684169 -18.426649 -7.227316 -18.231380 -22.082075 11.256063 -0.369041 -9.192573 -3.872692
-7.693052 -23.184416 -0.762222 -9.717636 -18.926685 -6.201918 -17.770922 -20.302160 10.176750 -0.664689 -8.530711 -4.711149
-7.094433 -19.061087 -2.253150 -9.165592 -14.171930 -5.972339 -13.736115 -16.708782 7.645482 -0.170081 -5.741185 -4.586407
-5.513353 -18.144798 -1.864308 -8.011047 -12.128973 -3.588889 -10.999973 -16.674210 7.010772 -1.665151 -6.434026 -1.932107
-7.946071 -22.715088 -2.254624 -9.965890 -17.330427 -6.867740 -16.489662 -20.535004 10.328501 -0.101122 -7.879523 -3.821523
-13.478347 -30.464066 -1.874274 -13.599804 -23.393064 -7.442799 -21.335573 -26.587246 13.233068 -0.086736 -10.162575 -4.137655
-7.739336 -20.686554 -0.813083 -8.697987 -16.422146 -4.798038 -14.467380 -17.566570 8.170468 -0.495611 -5.758362 -5.509322
-9.348577 -25.520880 -0.361447 -10.442946 -20.611444 -5.826710 -18.893911 -22.704079 10.994700 -1.025134 -8.869624 -5.654079
-11.729199 -26.983440 -4.968472 -15.040705 -18.330931 -9.110407 -19.196257 -22.728907 12.528732 0.695166 -9.544310 -2.741072
-12.459186 -33.782127 1.181671 -10.103513 -29.493328 -7.363836 -24.143360 -32.758144 12.619357 -2.459189 -11.653233 -9.722974
-13.369125 -27.755558 -1.110540 -11.265244 -19.508827 -3.353073 -15.761602 -25.582497 10.135086 -2.304482 -8.560437 -4.680436
-19.955782 -35.421349 -3.048270 -15.796992 -26.552368 -3.720253 -17.710821 -27.451296 13.444014 0.755688 -11.271327 -0.081196
-1.196694 -10.235463 -2.004487 -4.846287 -7.943630 -3.576613 -8.013552 -7.779985 4.306168 0.217865 -3.837143 -1.426747
-5.446033 -16.836529 -3.586533 -9.873190 -11.089821 -4.195607 -11.657270 -13.648409 7.396451 -0.412248 -5.716486 -1.218448
-18.483799 -35.655010 -3.182468 -16.508001 -24.759899 -7.212149 -22.139585 -32.707775 14.954513 -1.425579 -12.366845 -3.432258
-6.781452 -22.795742 -2.196277 -10.065170 -18.169870 -6.224235 -17.129013 -20.974186 10.370658 -0.185297 -8.532454 -4.860621
-17.257843 -35.145294 -1.370357 -13.467505 -27.939068 1.708075 -14.959002 -29.931507 9.772994 -3.727513 -13.307388 -3.042329
-19.071861 -31.856327 -3.956883 -16.284706 -22.079050 -4.112446 -16.614735 -27.228340 12.248046 -1.097489 -8.978449 -2.300570
-26.594158 -39.053883 1.748512 -9.273896 -30.014112 5.503484 -7.329521 -33.944851 9.761717 -7.152531 -9.562901 -2.952176
-9.905979 -26.090647 0.222733 -6.595392 -22.435965 -2.499786 -14.292831 -25.453012 8.786615 -2.829097 -9.573822 -5.857248
-15.711420 -25.117487 -3.582061 -12.295883 -18.687578 -5.218050 -16.642336 -21.305031 7.915400 0.789824 -4.843129 -2.531964
-8.584892 -22.662579 -3.514359 -9.434162 -18.919125 -9.439287 -17.605839 -20.185129 10.038472 1.285865 -9.736487 -3.192405
-7.884909 -21.806585 0.921624 -3.754035 -18.601645 -2.660561 -10.493276 -20.519804 6.851441 -3.074076 -7.729040 -3.653186
-10.017826 -22.638733 -5.370045 -12.909484 -14.711324 -6.583518 -15.060950 -18.864891 9.666424 -0.014565 -7.497891 -0.356893
-20.560350 -33.005524 -6.078792 -18.287254 -20.729397 -4.943784 -16.964670 -26.932795 11.994384 -0.853132 -10.732461 0.535306
-15.818840 -30.482210 -4.118247 -13.490187 -21.346468 -3.854612 -16.529600 -25.046041 10.379649 -0.620266 -11.242538 0.026502
-19.386354 -34.195061 -2.863631 -17.284679 -23.774267 -2.750169 -19.006062 -28.441965 12.955623 -1.758193 -11.206779 -1.041362
-16.606346 -36.987206 -3.247044 -15.402896 -26.658480 -3.658695 -19.968977 -30.473888 13.059661 -2.527355 -14.720236 -2.413308
-14.655769 -27.751820 -5.353734 -13.894577 -19.827808 -2.460124 -13.557642 -24.453213 9.010317 -1.474285 -10.197964 -0.613269
-19.095894 -34.681156 -3.268641 -17.082191 -25.579792 -5.434450 -21.539457 -30.378992 13.736631 -0.559732 -11.497939 -2.333983
-22.958139 -30.037933 -5.492105 -12.970141 -22.806276 -7.476422 -15.288777 -23.897928 10.358800 2.659146 -7.760702 0.135688
-11.276567 -21.355619 -3.666610 -7.441221 -17.260044 -4.838933 -9.394365 -17.453108 6.999053 0.328083 -8.697145 1.981216
-3.546562 -14.112969 -1.563194 -6.166653 -10.274569 -3.656324 -9.087838 -12.343946 5.604025 -0.744727 -6.491490 -1.307114
-15.600626 -27.706884 -4.055375 -14.708123 -20.246864 -0.686364 -14.115532 -23.660955 8.546716 -1.889022 -9.887431 -0.515400
-21.477634 -27.377293 -5.274837 -15.401754 -17.611359 1.129336 -11.581309 -20.503464 5.749772 -2.460474 -5.566564 2.746042
-18.521984 -33.681534 -0.385451 -13.842245 -25.552504 0.172748 -15.344550 -27.043055 11.689053 -1.659938 -9.995989 -2.130483
-9.439882 -25.125473 -2.568826 -10.813143 -20.002932 -4.371058 -15.761593 -21.976545 10.177085 0.047530 -10.728569 -3.106601
-23.805058 -32.000416 -9.187250 -21.495193 -21.925491 -3.624029 -16.393124 -23.548088 8.475413 0.593236 -12.538376 5.615359
-17.880394 -28.672445 -0.292982 -11.608788 -22.121975 0.068181 -13.679800 -24.896793 9.977977 -1.512751 -8.285067 -1.912946
-19.251059 -32.321312 -5.550366 -18.107624 -22.806067 -7.968157 -21.099886 -26.951035 13.425723 1.775078 -10.865941 -0.230552
-20.679808 -32.164791 -5.673638 -18.846815 -20.724823 -3.085163 -16.978336 -26.516891 12.249732 -1.196251 -10.441819 1.367667
-15.257056 -26.414854 -0.533407 -10.508908 -17.652006 0.084572 -12.139059 -23.740873 8.186245 -4.053794 -7.039495 -2.268197
-10.978671 -24.580782 -2.716843 -12.646955 -17.413118 -3.518895 -15.100435 -20.886395 10.401638 -0.747339 -8.311284 -2.065750
-13.102426 -27.165916 -4.681552 -11.306068 -17.863787 -1.952446 -12.493690 -25.259604 8.452028 -3.385248 -9.834079 -1.298424
-7.669094 -19.708612 0.245377 -5.459303 -16.416409 -0.215811 -8.215151 -16.194601 6.311933 -1.499429 -6.855658 -1.748045
-17.998968 -34.311771 -4.172495 -16.046816 -23.650328 -6.096410 -16.566612 -28.641546 13.191032 -0.227951 -11.695243 -0.655332
-11.857177 -29.053011 -0.310250 -11.454633 -22.503115 -3.549562 -17.680742 -23.920513 10.342825 -1.012930 -11.587934 -2.638209
-19.078276 -33.569084 1.694917 -9.610107 -27.656824 -0.319024 -14.415600 -27.419811 10.277710 -1.951376 -9.008151 -3.392322
-31.326555 -38.520607 -7.327412 -19.411978 -25.807058 0.453384 -12.362370 -29.179789 10.759088 -2.155227 -11.400760 6.466602
-19.743271 -28.146988 -2.799315 -10.063381 -24.594830 -6.044080 -17.339104 -19.714432 8.477448 2.945109 -5.190665 -2.587930
-21.080471 -30.832048 -4.846206 -16.986013 -20.442095 0.142842 -13.959002 -24.077509 9.727060 -2.386936 -8.614941 1.301503
-23.051834 -35.739155 -5.024983 -19.023315 -23.718985 -1.724059 -16.336218 -28.352835 12.639023 -1.968676 -9.622637 -0.332759
-9.935158 -25.385744 -2.012725 -9.989038 -20.534361 -3.628980 -15.823800 -22.886656 9.392877 -0.969627 -9.414338 -4.138520
-18.884211 -35.356354 -1.501756 -15.403003 -24.866327 -1.921883 -17.456264 -28.503574 12.434319 -2.183192 -10.429336 -2.821140
-22.495762 -38.285728 -2.588452 -17.527452 -28.322168 -5.187199 -22.299267 -31.252529 13.322578 -0.690916 -12.915077 -0.886488
-6.761200 -19.390919 -0.657479 -6.129272 -16.427044 -1.966030 -10.981503 -16.815010 6.718631 -0.541697 -6.244038 -3.010310
-19.421913 -30.664774 -6.827102 -14.296486 -24.305584 -11.477473 -20.535000 -23.484634 11.935517 5.525689 -8.948875 1.351621
-24.370087 -32.025032 -4.807624 -15.612497 -27.828684 -9.173758 -21.459305 -22.518099 12.378066 3.819508 -8.486439 -3.399514
-23.987871 -32.304077 -2.995067 -12.795459 -26.114563 -2.105350 -14.452261 -24.291733 10.460453 0.993200 -6.497508 -1.140901
-6.500982 -21.288401 -0.077776 -6.265885 -17.071960 -1.717528 -12.214941 -19.194839 6.510115 -2.368477 -7.075979 -4.202772
-25.243826 -13.234130 -19.005610 -12.632839 -25.209734 -26.999563 -31.629944 0.707492 -8.243256 16.818277 -0.532256 3.010023
-23.302191 -12.764039 -14.668270 -10.302757 -23.907116 -21.997824 -28.210978 -1.474141 -7.237447 14.866727 -0.380013 1.515514
-22.912470 -14.330733 -15.519289 -8.933161 -20.489431 -18.424084 -22.474884 -6.004603 -8.577939 10.126667 0.400267 5.133164
-27.437582 -11.500893 -19.506863 -12.263359 -23.787094 -21.612947 -25.439823 4.853967 -11.771004 15.162344 1.040168 2.715331
-24.991159 -13.614789 -12.197602 -6.390130 -26.383265 -18.784052 -26.804253 0.226689 -10.132183 13.566168 1.739023 -1.940248
-25.768658 -15.269150 -14.196300 -11.378018 -24.716776 -20.049837 -27.324322 -2.382382 -6.892752 14.693651 1.655619 1.187059
-42.561378 -22.889965 -19.054871 -15.157785 -37.673176 -26.588449 -36.673889 -2.265529 -10.777002 21.938522 2.077300 2.524271
-37.698742 -25.335857 -21.827946 -16.079790 -38.420048 -30.578440 -41.706482 -7.759088 -8.151081 21.166656 -0.684671 4.974695
-32.960251 -11.181056 -29.629110 -15.306348 -24.497929 -27.732620 -30.121534 4.112037 -19.578049 15.479196 2.959877 7.578933
-38.089897 -3.581183 -26.369083 -16.263758 -24.120724 -37.069775 -34.153706 1.493878 -15.324614 22.272795 0.281223 0.043678
-28.929565 -13.023692 -18.387575 -11.697840 -26.549076 -21.495350 -26.060343 5.250095 -11.787081 15.301652 2.062858 -0.885682
-36.762276 -17.925396 -26.267437 -18.366522 -25.946672 -29.393257 -30.690210 -4.378233 -9.535244 17.153456 2.485286 5.957517
-23.544611 -14.659125 -15.146111 -10.131704 -24.303913 -20.670168 -27.929415 -3.217615 -7.613603 13.817239 1.002733 3.043570
-28.851192 -18.516989 -16.427368 -10.000965 -29.773296 -19.185324 -27.923941 -2.947975 -10.848891 13.770807 0.994983 3.695499
-16.279318 -12.240535 -12.875597 -10.629494 -18.647722 -19.531116 -23.797258 -3.313072 -2.108609 12.075493 -1.514538 0.990526
-23.843792 -15.396145 -16.552807 -7.689785 -27.106718 -23.529312 -27.566702 -2.883409 -8.596205 13.985242 -1.049599 3.142063
-35.147472 -15.209968 -24.986219 -16.353384 -29.915550 -29.739872 -36.755371 1.642537 -15.559881 19.594408 1.587413 6.919039
-25.544220 -17.342640 -18.829510 -15.421264 -26.245813 -24.808187 -30.781942 -5.291169 -5.762467 16.728886 -3.926178 6.145645
-24.377539 -13.266424 -17.473223 -12.923569 -24.170696 -22.386992 -28.197594 0.798539 -8.243606 15.123493 1.737686 0.782096
-23.336130 -10.892629 -17.216909 -11.419120 -20.374836 -20.412457 -24.023287 0.557507 -9.012901 13.425821 0.840430 3.049036
-31.013622 -15.243232 -25.046801 -16.508228 -28.606672 -30.215250 -36.117599 0.024534 -12.037290 18.960522 0.387681 6.808867
-34.734032 -14.045646 -23.057682 -16.181309 -26.814444 -25.739008 -30.773853 0.869435 -13.009501 17.003052 0.980663 6.179079
-31.238316 -18.505125 -21.185816 -17.619724 -26.903625 -24.409954 -33.080273 -3.924366 -9.030990 16.800945 -0.516073 7.391103
-37.011169 -14.409196 -19.709761 -10.662620 -32.889309 -26.942934 -31.970280 1.180682 -15.854302 18.642744 3.554333 0.048853
-23.717981 -13.383955 -16.859913 -14.056291 -19.524630 -22.352335 -25.099941 -3.119605 -5.682287 14.248904 -0.364838 2.735186
-31.433571 -18.325195 -19.242790 -16.432629 -28.266415 -24.493250 -31.999390 -5.027167 -6.612389 17.329620 -0.471085 5.750324
-26.079744 -14.583618 -13.947011 -9.359358 -22.726040 -15.104440 -18.891499 -8.070540 -4.079882 10.327353 -6.756444 0.604415
-12.933091 -9.598816 -9.936618 -7.250731 -14.512424 -12.255155 -16.812960 -1.355124 -5.057373 7.968444 0.210170 1.859537
-23.856733 -8.510921 -22.679802 -14.396503 -18.250431 -24.846462 -25.744370 2.410236 -11.159043 13.335711 0.680876 5.421072
-19.729576 -17.311932 -11.085713 -9.412842 -24.275265 -16.283108 -23.931211 -8.454480 -2.942092 10.741864 -1.936541 1.915052
-22.812094 -10.142405 -17.236776 -5.632719 -24.989740 -20.996134 -23.424767 1.901696 -16.033901 11.925028 0.078358 2.946826
-41.563484 -14.398729 -25.829105 -15.772022 -31.361187 -25.851217 -32.494656 6.600984 -19.388493 18.178614 2.912232 3.430652
-23.632824 -21.389826 -17.561768 -15.759489 -24.164244 -22.713186 -25.480335 -12.213040 0.821694 12.889515 -8.432487 6.917865
-37.347080 -16.939148 -30.965664 -19.572617 -31.724497 -32.724289 -39.250824 1.594075 -18.799589 18.849676 1.739328 7.996012
-44.586044 -23.839146 -28.278072 -18.913017 -36.667744 -31.252474 -41.354881 -1.783364 -15.987843 21.013718 0.870525 9.157139
-30.127403 -17.178038 -21.965012 -16.028988 -29.454992 -25.969259 -34.433876 -0.998326 -9.183925 18.776381 -3.606589 7.372521
-34.547100 -16.372286 -28.842279 -22.460512 -24.840876 -27.473726 -29.691162 -0.412057 -10.274437 17.111006 -1.088306 9.235749
-42.774925 -16.173325 -26.965038 -15.192593 -36.102642 -27.918119 -35.888988 8.339589 -21.987776 20.789579 3.411087 3.351511
-39.778599 -20.735622 -19.945663 -12.125521 -39.927155 -26.049007 -37.195786 0.121503 -14.228759 20.747219 3.170720 1.231255
-37.729088 -16.398367 -24.467279 -15.710337 -31.749672 -28.626587 -35.244068 2.306826 -12.575500 21.062065 -0.423393 6.892275
-36.472172 -18.645813 -17.242046 -13.320804 -30.873325 -24.369041 -29.307962 0.154205 -10.311904 18.891552 2.173841 0.551517
-29.470089 -14.630547 -18.039417 -12.288780 -28.501738 -23.132626 -30.757446 1.446112 -12.462270 16.041666 3.000688 0.085281
-29.971403 -19.511471 -16.460974 -15.592683 -24.617384 -21.549324 -28.335693 -11.451667 -3.979681 13.941564 -1.439360 5.395018
-15.828728 -9.967554 -12.560741 -7.773529 -15.203152 -16.627115 -17.573071 -6.315979 -5.815321 7.867114 -1.959478 2.734257
-35.701183 -13.928261 -22.017309 -13.166203 -29.322687 -25.488895 -30.767475 3.770123 -16.227074 18.198444 2.572955 2.663590
-27.039568 -18.399071 -15.945397 -14.317725 -27.176929 -23.108459 -31.797079 -6.734900 -4.318866 16.494417 -0.941260 3.580033
-30.342005 -17.258986 -15.241574 -10.600035 -29.389065 -19.673414 -30.090088 -1.525795 -10.356812 15.984689 1.927560 2.199456
-17.039812 -9.293162 -13.559091 -8.368737 -17.907799 -17.392403 -21.971336 -0.847183 -7.511730 11.001940 0.765750 2.102609
-43.034496 -18.710747 -28.392424 -18.805849 -34.671238 -26.721651 -38.798843 6.417616 -20.582972 19.977900 1.866936 8.369251
-39.212551 -18.107828 -23.909660 -15.171854 -33.656063 -25.798971 -37.171486 2.117914 -18.180204 18.580933 3.136188 4.959283
-14.833907 0.145319 -15.845596 -7.533319 -12.366596 -19.772680 -18.587282 5.065752 -12.809875 9.893980 0.973558 0.841848
-25.851934 -12.127339 -12.366229 -7.804343 -24.344971 -20.283314 -26.251526 0.676333 -9.050311 13.576714 2.817747 -2.406531
-32.811592 -15.914139 -14.700110 -11.908548 -26.350943 -22.132530 -27.657721 -1.714708 -8.234424 16.484190 3.165735 -1.087546
-37.843609 -22.299248 -21.541254 -15.742018 -34.553043 -32.232212 -37.534840 -3.499752 -7.980106 22.236851 -1.009948 5.598850
-32.143414 -15.319905 -18.077398 -12.569510 -27.945875 -26.104368 -32.644176 0.283151 -10.357337 16.860855 3.807997 2.069334
-35.221573 -18.327488 -17.580477 -11.963236 -30.170555 -25.238686 -31.786089 -0.290656 -8.693720 18.594738 2.002038 1.291048
-25.273876 -11.983320 -14.427125 -8.936697 -23.047810 -19.846958 -24.553682 1.105164 -9.129377 14.091484 2.010022 -0.479318
-39.262043 -18.442999 -21.021257 -13.382382 -32.541458 -32.254837 -38.825909 -1.983615 -13.610304 19.918491 3.923510 2.827872
-30.739765 -15.957754 -17.130308 -13.696715 -24.321381 -24.544930 -29.278755 -1.747882 -8.578652 16.104065 3.110065 1.641968
-30.071253 -6.484123 -23.654917 -12.553520 -16.817190 -29.301596 -21.810110 1.385576 -9.679771 14.715368 0.000892 2.528152
-33.657940 -22.945284 -13.838481 -13.155947 -30.930550 -22.351738 -32.854588 -7.612567 -6.165567 16.946119 1.799799 2.239787
-31.096539 -14.848047 -20.825508 -13.593509 -28.779764 -25.711655 -29.414001 4.459838 -10.441950 18.968010 -1.603563 4.331172
-29.053759 -16.381060 -14.841937 -12.399000 -25.711407 -22.668985 -30.084759 -3.640316 -8.177649 16.605646 1.584553 2.292007
-31.228226 -13.460118 -18.565125 -11.759645 -25.459448 -24.283792 -27.717955 3.384939 -10.064314 16.737543 2.188519 0.244080
-28.591106 -13.505743 -19.066507 -12.769247 -23.587305 -24.635969 -22.863945 -1.969042 -6.648507 15.362725 -1.786159 2.227190
-25.064812 -11.954583 -18.600769 -11.521122 -23.926622 -18.977112 -23.086760 6.216555 -10.634057 14.848546 0.261460 2.627119
-25.260118 -16.069057 -16.484489 -15.226463 -23.007359 -18.766827 -22.473597 -2.797980 -4.040738 14.110714 -3.444119 4.571518
-25.029875 -14.427410 -17.990736 -15.123841 -23.306883 -23.131260 -26.508419 -2.190800 -3.967142 15.718675 -2.257013 3.384078
-31.340721 -21.639107 -10.854912 -10.614388 -31.912098 -21.614859 -32.749634 -7.782800 -5.735278 17.110193 2.278195 -1.326239
-35.526505 -17.126209 -17.725950 -11.007463 -30.601267 -25.027077 -29.472603 1.375734 -8.625986 18.495655 1.754472 -0.722979
-25.384630 -13.837858 -13.610692 -9.791838 -26.243473 -19.992624 -27.171007 1.622200 -8.410923 15.062126 0.826008 -1.628371
-33.530167 -15.647683 -17.630278 -13.812093 -26.216320 -26.706556 -29.867800 -2.454218 -8.184641 17.927774 2.136248 -0.232722
-26.518585 -15.788522 -19.631119 -11.090728 -30.458145 -28.327356 -36.533230 -2.620063 -10.696323 15.713751 3.109312 -0.546957
-45.079552 -19.607504 -19.513418 -9.154520 -40.375397 -30.190056 -37.583683 0.116385 -14.439225 21.579239 4.254389 -1.916646
-27.000027 -16.219379 -10.728930 -9.978567 -25.378328 -19.118490 -26.272779 -3.404278 -5.892519 14.117913 2.929801 -3.603056
-26.050386 -15.931171 -14.197680 -10.654576 -27.929075 -23.448984 -31.601969 -4.350598 -7.225145 15.758639 1.649992 -0.443001
-29.350914 -12.927452 -16.028719 -10.462329 -26.073847 -24.069580 -29.799269 0.655822 -10.907866 15.168306 4.319582 -1.636161
-26.325594 -12.243750 -15.075263 -11.159739 -23.684391 -23.749016 -28.298798 -0.327407 -9.359089 15.008316 2.575842 -0.653480
-26.123640 -12.586029 -15.222004 -12.010725 -21.824869 -21.072483 -25.777855 0.880106 -8.624413 14.539646 1.942418 0.961529
-24.955378 -11.696855 -13.210292 -7.739233 -23.009226 -20.536701 -26.597656 1.521958 -9.065204 13.371859 2.139770 -0.498580
-25.422613 -12.061448 -12.834332 -6.353183 -25.089752 -21.188477 -27.309853 -1.737691 -9.091077 12.926861 1.939627 -2.075066
-28.658737 -20.939003 -11.171255 -11.084789 -28.392838 -21.243145 -28.704056 -8.536359 -3.641337 15.465512 1.744321 -1.515040
-31.688187 -18.115892 -14.154758 -11.468542 -29.450928 -22.910700 -32.000904 -3.269966 -9.649434 17.084677 3.363408 0.653298
-27.983410 -17.867355 -15.561989 -11.104956 -29.048830 -23.850119 -33.153999 -2.657969 -7.178264 15.819314 3.383708 -0.246101
-26.086311 -11.549362 -14.755983 -8.273813 -22.711292 -21.411638 -23.612972 0.691105 -8.704406 13.176311 2.503018 -1.501454
-32.531536 -16.022835 -12.364682 -8.933471 -28.624470 -22.861511 -29.983656 -3.240094 -9.388316 15.434932 5.229863 -3.345912
-30.057318 -16.468519 -14.205269 -10.969409 -29.095318 -23.966232 -32.369991 -4.365796 -7.852307 15.984115 3.507679 -1.161331
-29.876545 -15.896224 -10.904955 -6.173346 -27.633205 -19.381107 -27.605583 -3.404671 -8.291226 12.996108 3.956663 -2.679283
-33.193798 -19.573721 -11.761192 -9.171432 -32.424377 -21.805714 -31.616476 -4.669056 -8.167454 16.820349 3.749883 -2.318930
-38.473377 -19.616331 -17.582111 -14.116353 -31.536453 -26.801672 -32.869682 -3.183866 -8.760755 19.174484 3.986169 -1.308309
-31.388741 -14.082579 -19.306822 -13.003403 -27.510986 -23.290190 -27.887636 4.109952 -11.740730 16.808758 2.072559 0.068536
-31.839291 -18.122494 -18.104010 -14.311714 -27.617798 -26.292692 -32.950947 -2.791719 -6.661880 17.852472 0.949445 3.864284
-30.378765 -8.708650 -15.107088 -4.948402 -20.268755 -21.163002 -23.121181 -0.710743 -13.520750 9.597770 5.661693 -2.840176
-37.610558 -24.502998 -20.919733 -18.043381 -34.836460 -28.206343 -37.249596 -7.975569 -4.622393 19.902765 -2.458628 5.797001
-32.879360 -15.212435 -21.888042 -16.699366 -26.551926 -27.689188 -32.712090 1.224605 -9.314852 19.111256 0.792017 4.086592
-34.634521 -14.465391 -17.324345 -10.113876 -28.018259 -26.851871 -30.741600 0.105980 -11.015602 16.709087 4.874660 -3.565459
-28.634701 -15.902205 -15.432076 -9.668659 -31.684315 -26.262703 -35.035618 -3.751565 -8.365795 16.797508 1.823579 -1.115232
-37.653381 -19.590109 -16.243500 -11.810880 -34.138206 -24.884443 -33.907650 -1.546476 -10.530895 19.669121 3.349137 -0.770307
-30.248917 -13.634654 -15.815041 -11.856027 -27.003201 -21.797016 -26.756258 0.979396 -9.279932 16.856949 1.251977 0.416012
-30.707092 -12.572871 -21.436876 -10.346761 -28.280842 -22.644926 -27.179441 7.496419 -15.049736 16.614965 1.360018 1.957155
-36.327450 -28.097532 -24.845673 -26.669100 -14.133802 -3.984998 -8.869829 -16.246012 0.499763 -1.316175 -9.082054 14.559308
-31.472618 -16.274191 -23.802004 -20.301355 -7.229550 -10.955713 -7.696088 -14.562439 -8.669573 -1.559562 -4.521658 14.069964
-30.204185 -18.156815 -27.284998 -23.853828 -10.577715 -18.370052 -16.007170 -10.715063 -6.212519 5.714683 -6.135216 15.117857
-23.518459 -10.007574 -24.516294 -16.074476 -3.657782 -11.228882 -6.886065 -9.721866 -10.460365 -2.535635 -2.147924 11.181272
-28.923738 -17.249022 -21.940495 -18.641674 -9.186030 -8.185104 -8.413079 -10.200483 -4.893565 -0.125141 -2.791423 11.281476
-36.183449 -25.939972 -24.257257 -23.323359 -11.276738 -6.491096 -8.259130 -19.653872 -5.327122 -4.019961 -6.586332 16.094715
-31.703323 -19.525843 -28.476175 -23.626156 -6.415827 -13.180665 -8.866224 -15.736088 -6.522388 -1.900231 -7.076429 15.705091
-31.807781 -22.794258 -25.281300 -24.279009 -9.678207 -9.713698 -10.677176 -15.206519 -5.114717 -0.350737 -6.600052 15.705409
-31.712669 -17.953611 -26.062216 -20.529497 -6.459477 -10.497685 -6.392059 -16.657986 -10.050097 -4.151995 -4.674102 14.912485
-37.679794 -16.512482 -32.880146 -22.135359 -6.827942 -12.660627 -4.831776 -19.975227 -13.965860 -6.588761 -5.022291 16.969790
-28.849047 -15.035553 -25.015648 -19.461170 -5.353487 -11.400661 -6.336666 -13.589310 -7.603814 -2.055613 -5.272620 13.409212
-25.374680 -13.424060 -20.305458 -15.446086 -2.274315 -7.641181 -1.815124 -18.193502 -6.094414 -6.475533 -3.271937 10.313910
-23.126389 -11.005724 -20.439234 -12.970331 -5.071499 -6.943165 -3.799724 -10.027358 -9.917132 -3.734115 -1.928456 9.797942
-38.847969 -27.531948 -28.806747 -27.757885 -9.927104 -10.042906 -8.607030 -21.131935 -5.953435 -3.647255 -8.653915 19.243309
-36.928650 -18.039574 -27.663364 -21.317122 -10.034618 -13.609512 -10.082414 -15.264194 -11.600883 -1.193063 -4.011567 15.799340
-37.069996 -21.681376 -30.225536 -24.449690 -6.468044 -8.367112 -3.579701 -20.684122 -10.499348 -7.616303 -7.164762 17.375935
-25.219864 -15.684900 -17.683065 -14.369110 -5.956048 -6.631469 -4.941880 -15.057858 -6.275053 -4.155559 -2.027228 10.647063
-33.790775 -16.316746 -25.627363 -18.877378 -6.809989 -15.298120 -7.703319 -22.557316 -7.953125 -3.245611 -5.079651 13.722342
-33.653515 -20.237452 -28.064817 -22.831888 -8.790397 -12.023507 -8.955989 -16.517464 -8.590321 -2.115983 -5.889191 16.284891
-25.203770 -16.400150 -15.879371 -15.174786 -8.437075 -6.797762 -6.105569 -12.523633 -4.942177 -0.888632 -4.544882 10.958948
-29.373402 -14.793050 -26.120073 -20.408590 -8.993066 -18.127245 -13.982721 -11.551044 -6.921092 3.818495 -4.693233 13.235762
-32.087219 -21.194693 -21.456568 -18.811392 -13.023900 -7.623831 -11.436901 -11.189751 -8.358870 0.093168 -3.430724 13.158199
-27.466078 -14.789441 -22.530354 -17.825638 -9.022346 -12.437687 -10.777427 -10.868777 -6.514573 1.354709 -2.975589 11.589278
-27.684454 -15.569755 -23.649643 -17.353533 -5.832765 -11.778501 -6.988617 -12.703056 -5.518032 -1.234303 -5.514975 12.575927
-26.146372 -11.645767 -22.490829 -15.667715 -2.484254 -9.901087 -4.746795 -15.006559 -8.219028 -5.536253 -0.884221 10.040747
-34.372646 -21.233654 -27.245890 -22.544737 -4.717509 -10.756444 -3.896621 -22.759613 -4.737152 -6.066485 -7.014470 15.695461
-25.211056 -15.571262 -19.351089 -15.528003 -10.623886 -11.221688 -11.030229 -9.151880 -5.925935 2.880873 -3.320026 11.058758
-31.943520 -19.590395 -24.602278 -20.156809 -6.748453 -10.131123 -5.114696 -19.202438 -5.748596 -4.172877 -5.956034 14.873113
-38.934654 -28.763401 -17.045424 -18.941343 -17.763067 -0.000915 -9.220747 -15.699990 -8.771028 -4.095377 -2.623154 11.674869
-31.859711 -20.835281 -24.856281 -22.516783 -11.591947 -12.601107 -12.310149 -12.309814 -2.865142 3.252703 -4.717208 13.077624
-39.635895 -24.507826 -26.200815 -23.797663 -11.484267 -3.357861 -5.653620 -17.399769 -8.246341 -5.808964 -3.321281 14.894529
-38.533291 -24.280952 -26.482042 -24.551010 -9.390799 -9.957681 -9.920331 -19.392746 -7.687861 -3.151254 -4.048228 16.300749
-38.481758 -16.765116 -29.229763 -18.194040 -6.448528 -10.050577 -4.233864 -16.976442 -14.997161 -7.754486 -1.380618 14.294815
-44.969448 -30.398375 -28.846197 -28.381207 -16.345478 -9.927032 -12.404119 -18.809811 -5.375491 -0.040944 -6.570501 18.501112
-42.460716 -25.730896 -26.877707 -20.811590 -11.390549 -4.081686 -3.821423 -22.418167 -11.402184 -8.571987 -4.124750 16.883173
-40.586769 -21.546162 -27.425762 -22.510416 -12.353502 -10.799343 -10.359015 -14.245839 -10.162062 -0.525887 -3.563954 15.974138
-35.519733 -16.304701 -31.004038 -23.694666 -9.743702 -14.029475 -8.318881 -12.184483 -9.890440 -0.015510 -3.099654 12.204437
-44.742817 -32.033291 -27.771669 -29.570642 -15.740465 -4.708063 -9.131852 -23.034594 -2.590926 -3.629591 -6.583007 17.341782
-37.048103 -26.213566 -22.439316 -24.201372 -12.382015 -3.964410 -7.686023 -18.354786 -3.668649 -3.217949 -5.099090 15.021115
-39.049042 -22.817663 -26.988525 -25.086506 -13.305292 -11.699764 -13.143614 -12.622027 -7.717421 2.336343 -4.034702 16.118202
-31.003641 -20.821634 -23.503223 -22.036797 -4.534571 -7.772447 -3.988190 -19.225061 -2.222374 -4.728998 -6.925395 14.256186
-31.057362 -19.079716 -22.946823 -20.394947 -8.738236 -9.696095 -8.748473 -14.430305 -6.617323 -0.670619 -4.240574 13.939173
-31.178057 -23.770136 -25.273880 -24.275242 -4.104263 -6.330144 -2.772501 -22.727942 -0.864015 -7.224645 -8.511559 15.087128
-30.587055 -19.870388 -18.262749 -16.279896 -11.160336 -8.030876 -5.304275 -18.081856 -4.777490 -2.578849 -5.699746 11.813936
-27.814295 -18.670832 -19.886362 -19.271152 -8.037893 -10.022162 -9.151719 -14.866376 -4.649189 -0.128211 -4.963999 12.970012
-26.968256 -15.456401 -20.760868 -17.063509 -7.965908 -9.040726 -8.168332 -11.742989 -6.505234 -0.659511 -3.069297 11.792897
-34.738884 -20.892122 -27.415695 -23.263538 -5.325213 -11.195751 -6.329495 -19.700195 -5.969368 -4.456822 -5.122523 15.533697
-30.920952 -19.030735 -25.373962 -21.104162 -9.109889 -10.061371 -8.200959 -15.620210 -8.772725 -2.128253 -6.123282 15.071447
-30.150375 -23.289740 -20.186914 -20.995275 -10.021504 -6.517060 -8.276537 -14.897861 -2.213022 -1.074914 -6.397655 14.049757
-30.674562 -18.330219 -27.721922 -23.293125 -5.374542 -11.515754 -7.318279 -16.489765 -6.957836 -2.924369 -6.171315 15.276094
-19.466534 3.372616 -29.892218 -12.377713 16.572519 -16.645004 7.230362 -15.950977 -15.303211 -17.954292 0.976268 -1.580216
-17.774782 3.981185 -28.125841 -13.595925 14.725519 -16.810667 5.804877 -12.664109 -15.811549 -17.655809 1.960573 -3.632283
-14.850671 4.882297 -27.302013 -11.623980 14.597884 -18.452095 4.743094 -14.889015 -14.934196 -15.613832 -0.121248 -4.033178
-20.993492 4.159612 -31.765457 -15.081953 18.480930 -20.279533 7.095762 -17.173786 -15.360341 -19.527990 0.991070 -4.121251
-15.676434 4.347668 -26.845581 -12.334106 14.427026 -18.290215 3.653017 -14.668533 -14.385684 -14.930162 0.590066 -2.296950
-17.224945 -0.946180 -28.467360 -14.746666 16.417406 -16.596392 5.426170 -17.600988 -12.735814 -17.548664 -0.333522 0.337879
-15.044936 5.745219 -27.762873 -10.972741 14.331378 -18.114864 5.047223 -14.798017 -16.026817 -16.898212 0.568045 -5.144832
-34.459091 4.165898 -45.685162 -17.811981 23.774420 -29.312832 8.748053 -24.103243 -27.355129 -25.363874 1.043911 2.491163
-11.474994 4.295495 -23.778593 -10.511692 12.223302 -16.052084 3.182351 -12.952778 -12.919697 -13.340226 -0.073806 -3.179492
-17.050013 1.629293 -30.404940 -17.292185 17.288103 -19.392952 5.085019 -16.938612 -11.557570 -16.060760 0.351163 -1.608258
-16.557953 1.894058 -28.183903 -12.591463 15.503551 -17.412912 5.415930 -16.455437 -13.217306 -15.376426 -1.163169 -0.296586
-20.246939 4.591053 -33.458782 -16.294416 17.866007 -19.856300 5.596749 -15.603677 -17.663946 -20.454395 2.806593 -3.451394
-9.622506 3.689127 -21.103580 -8.806858 10.450731 -14.181572 2.421680 -10.492270 -11.384127 -10.947903 -0.076174 -2.264601
-15.592651 2.678368 -27.675617 -14.297675 15.012661 -19.650890 2.829941 -12.242513 -12.635864 -13.364300 0.320024 -1.105912
-14.765203 3.936451 -25.847332 -10.551284 14.102462 -16.056572 5.586596 -13.850264 -13.343059 -15.116396 -0.022155 -2.985985
-18.385635 2.999614 -28.678967 -14.660740 14.377478 -16.938078 4.522237 -13.792092 -15.106802 -17.578640 1.744250 -2.358282
-8.980923 1.370757 -21.505749 -10.225778 11.144766 -11.752057 3.717747 -12.039034 -10.860479 -12.736994 -0.691133 -1.277654
-22.525576 6.022973 -37.855270 -18.739115 21.443731 -24.535097 6.231726 -19.731972 -18.166630 -20.963293 1.972320 -4.068698
-10.833328 4.298562 -23.412100 -9.975034 11.844629 -15.761049 3.313385 -12.353216 -12.766526 -12.704996 -0.293893 -3.589995
-20.974201 3.044980 -34.904484 -18.603775 18.521652 -22.582006 4.385462 -16.602367 -19.022234 -19.566282 1.521066 -1.254886
-14.047504 5.893000 -27.506596 -10.338170 14.309737 -17.314850 5.749458 -12.974392 -16.981237 -16.553253 0.248120 -4.405542
-20.079615 -2.548158 -31.936167 -18.559189 18.106930 -18.120441 6.486914 -19.111456 -12.772426 -19.319635 -1.748819 1.764303
-7.783921 1.059388 -18.575470 -9.103626 9.773980 -12.047005 2.569479 -10.524382 -7.446828 -8.982185 -1.443042 -0.622276
-22.729961 7.837245 -38.240707 -18.522743 20.040100 -26.490194 3.579636 -15.636847 -23.519005 -20.141886 4.010966 -3.886608
-21.773813 5.052841 -33.362953 -13.370288 15.467957 -22.993706 3.977657 -15.673982 -19.686749 -15.769744 -0.388617 0.537278
-20.768353 4.295350 -33.570290 -15.058694 18.562201 -20.697710 8.392217 -19.494343 -19.044392 -21.374100 0.245292 -4.496447
-16.684914 5.383145 -28.398991 -11.958874 15.571549 -18.143366 5.314291 -14.243951 -15.202749 -16.750128 1.396369 -4.214452
-28.228371 5.705913 -39.881611 -19.750635 21.644009 -25.205187 8.339825 -21.274359 -22.730141 -25.434189 2.966098 -4.743046
-15.167631 4.901530 -27.854660 -12.170882 14.996438 -19.164808 4.633661 -15.336958 -14.871517 -15.488210 -0.041251 -4.123326
-27.095438 5.369073 -41.083656 -20.473715 23.581854 -28.819361 5.863822 -20.248758 -21.188803 -24.310440 1.777662 -4.723148
-15.215604 6.116959 -27.377670 -10.773492 14.818323 -17.990702 5.140502 -13.236712 -15.563853 -16.095520 1.336700 -5.190742
-15.803181 3.234075 -26.703671 -12.125363 12.811826 -14.485530 3.769718 -10.527199 -15.007043 -16.124557 2.432564 -2.184498
-7.021014 2.467929 -16.571299 -7.199158 7.978255 -9.775673 1.689148 -7.082050 -9.216869 -9.831643 0.948913 -1.431885
-23.549002 2.129187 -32.872608 -15.303370 14.194085 -16.551695 5.692512 -13.828567 -19.861145 -21.511736 2.517346 -1.917698
-1.149040 0.687880 -10.103540 -5.670637 4.580912 -6.121158 0.506101 -3.988498 -4.434706 -5.992373 -0.375392 -1.590338
-19.531662 3.996507 -30.090420 -14.825727 12.283086 -16.899572 4.087911 -10.682461 -19.797531 -20.922192 3.528259 -5.652376
-25.582039 4.609163 -42.442417 -20.506376 17.602077 -29.876076 -0.313908 -19.281862 -24.702923 -13.901254 1.481919 5.596463
-23.733614 9.815068 -39.076389 -16.893923 20.933014 -28.750790 3.880197 -15.640162 -24.232134 -20.155378 3.577478 -4.843196
-31.723988 6.603385 -42.981930 -18.300133 17.997471 -28.985220 2.950095 -17.673027 -27.353107 -18.094526 1.372763 2.640958
-19.576284 5.818663 -29.468222 -14.085309 16.679184 -20.316849 4.746663 -14.031560 -13.174326 -15.423215 1.981432 -3.876747
-20.500505 2.229887 -26.957195 -10.921286 11.895023 -15.085977 3.584474 -12.592901 -15.565754 -14.098066 1.440693 1.657583
-20.465664 4.070495 -35.417595 -17.869551 19.662619 -23.022493 4.735076 -15.980501 -18.142422 -19.976000 2.257161 -2.940513
-12.209093 4.562178 -23.135029 -9.076539 11.962909 -15.282821 3.955056 -11.559981 -13.182310 -13.200109 0.488510 -3.732831
-19.935209 4.555169 -31.988308 -16.015211 17.863800 -22.028091 5.003710 -14.854207 -17.866774 -17.776146 1.805228 -2.777854
-14.463603 4.649468 -25.495365 -9.438029 13.517212 -16.012030 4.728290 -12.353775 -14.870012 -15.541037 1.098151 -3.653420
-22.568857 5.948156 -34.714985 -16.183477 19.183544 -22.306761 5.392286 -16.511688 -18.119068 -20.424873 2.951410 -3.903982
-9.819069 5.235911 -23.171078 -10.340346 11.536874 -15.933782 2.040931 -9.416109 -13.295963 -13.082420 1.205506 -4.023241
-19.559153 -2.017438 -31.368784 -16.182339 12.102251 -12.916406 5.720115 -12.821669 -18.968475 -22.619802 1.500583 -2.207070
-11.256361 4.285995 -23.079830 -8.359843 11.183966 -14.435677 4.019614 -11.361353 -13.604657 -12.959369 -0.128911 -2.716247
-13.954283 0.923113 -23.859644 -13.248821 12.453417 -13.556503 5.639585 -12.269391 -11.499218 -16.043900 0.117762 -2.080129
-12.660967 2.940854 -23.910440 -11.789407 13.512648 -15.459019 4.432423 -13.196595 -11.143597 -13.751334 0.099803 -2.861515
-23.070007 0.721431 -30.542162 -15.830709 14.613155 -16.358654 7.459241 -16.682646 -16.361746 -20.750675 1.057030 -1.878261
-11.305576 4.010708 -23.022114 -10.221741 12.476500 -14.945473 4.047781 -11.778587 -12.228654 -13.896716 0.216447 -3.809786
-22.548538 3.071326 -31.458878 -16.152933 12.687762 -17.812767 4.117991 -13.706459 -20.013262 -20.447096 2.751831 -3.020126
-11.153678 3.752646 -24.373386 -10.621447 12.751949 -15.527932 3.589149 -12.032253 -12.957392 -14.124000 0.167234 -2.733835
-24.941488 5.050100 -41.022118 -19.226736 22.780256 -24.119083 8.650010 -21.212692 -22.501493 -26.573383 2.254572 -4.262312
-18.025637 6.310156 -31.036192 -12.408433 16.671762 -19.786804 6.366037 -16.346220 -17.447945 -19.070040 1.000668 -5.390368
-22.095497 3.411247 -37.577118 -20.230604 20.683132 -22.398520 7.904852 -19.012890 -18.243414 -23.295683 1.436442 -3.667196
-11.430190 3.968598 -25.686827 -10.835334 12.923055 -15.672766 4.586602 -13.584226 -14.088600 -15.788123 -0.277762 -3.642592
-23.998400 5.254564 -36.029449 -17.126064 19.676645 -23.817217 4.676455 -15.977613 -19.454559 -19.883646 3.001212 -3.269492
-10.788141 6.088203 -21.978594 -8.231849 10.439519 -15.258788 2.992607 -9.785287 -13.310047 -11.933071 0.886276 -5.118371
-22.859484 2.634413 -33.795563 -14.244764 19.474508 -19.367607 8.452435 -19.986006 -20.022465 -21.956413 1.056212 -0.558010
-8.531230 -0.167510 -19.707075 -9.148735 7.114594 -8.029598 3.277329 -11.818029 -10.895223 -12.884366 -0.509729 -0.290705
-14.692114 5.579354 -25.599817 -10.625970 11.959784 -15.509082 3.052596 -7.429670 -17.041225 -14.937245 3.401467 -4.404909
-13.640715 3.293047 -27.179756 -11.738232 14.905276 -16.765661 5.017108 -14.809494 -14.256678 -16.227385 0.013621 -2.184123
-4.953215 0.996827 -17.313478 -11.255337 8.171785 -11.273777 0.639816 -5.458772 -6.906433 -8.451365 -0.840303 -2.759204
-17.772581 7.452922 -30.069597 -11.618170 14.743766 -19.831005 4.797963 -15.660167 -19.375977 -19.525972 2.078644 -6.236770
-14.045922 2.604001 -23.790672 -11.464365 12.022499 -13.227067 4.557947 -10.405516 -13.174620 -15.180306 1.201940 -2.144188
-7.846495 0.038830 -17.432766 -8.351148 9.489506 -10.771036 2.668456 -10.601431 -7.027099 -9.371436 -1.366372 -0.016058
-13.260775 -2.420220 -23.672062 -14.343825 8.844633 -14.158634 1.522880 -5.188178 -13.319614 -12.932129 -2.754930 -1.672199
-16.965366 4.725362 -28.234423 -11.420841 15.672197 -18.226969 5.004110 -14.331172 -15.045067 -16.955704 1.208243 -3.325667
-23.552341 0.306917 -31.172426 -16.372154 15.250723 -15.919894 8.541258 -19.739500 -16.700209 -21.787436 0.743740 -0.874571
-10.742771 2.801369 -21.722450 -10.666000 11.940526 -13.989044 3.255564 -10.831889 -10.351086 -12.333764 0.477650 -2.379796
-16.224838 2.760206 -23.737776 -11.707078 7.931108 -14.623496 0.378156 -7.503206 -14.945329 -10.430580 2.142919 -0.240245
-1.264587 -0.289656 -13.178336 -7.717351 6.224512 -6.974561 0.895010 -4.225214 -5.844887 -7.416689 -1.244186 -1.216686
-24.753120 0.324251 -36.319775 -19.595879 17.768326 -19.510464 5.715880 -20.979418 -17.933697 -22.555746 2.183114 -0.466237
-11.894613 3.070331 -22.888067 -10.425416 12.605784 -14.128291 4.727403 -11.683043 -11.658213 -13.865189 0.124365 -2.774812
-22.659369 2.470225 -34.615486 -17.214542 18.088449 -18.253502 7.475618 -17.910639 -16.322323 -22.455517 1.849419 -2.811950
-16.337662 5.954270 -27.524736 -11.523654 14.587889 -17.700569 5.011570 -12.225781 -15.471634 -16.551180 1.920492 -5.032274
-20.204357 6.786257 -33.904617 -15.847072 17.580009 -21.336918 6.428330 -15.174088 -21.312792 -22.239473 3.053679 -6.472054
-13.940970 3.494395 -24.776499 -8.875410 12.464309 -16.209761 4.913661 -14.307588 -14.069623 -14.068173 -0.878350 -1.866824
-24.202675 -6.251056 -27.915394 -16.273327 14.539694 -13.524574 7.592202 -22.166693 -11.207560 -18.764019 -0.976756 3.725526
-22.594873 7.411422 -35.929230 -13.849437 19.719198 -24.565226 6.257880 -18.120295 -21.082632 -21.437048 1.653576 -4.842079
-24.010946 -1.166461 -35.570263 -16.099499 20.093046 -18.436798 9.331128 -22.071907 -15.375566 -21.233227 -0.079672 2.557528
-15.717382 5.765748 -27.654959 -11.255137 14.378269 -19.030596 3.888778 -12.992565 -15.054907 -14.413964 0.762032 -3.699378
-19.584158 7.455980 -34.316307 -16.133234 17.678736 -23.365826 3.205337 -12.800492 -20.596329 -18.315870 4.162296 -4.489561
-5.502740 3.673817 -16.126314 -7.805468 6.619701 -10.801609 0.059481 -4.124668 -10.609982 -9.124248 1.339157 -3.176159
-24.730713 4.735334 -39.547009 -21.825294 18.629814 -30.663292 0.203414 -14.241982 -19.893686 -15.181179 0.908776 -0.968003
-11.765665 4.510912 -22.917042 -8.893083 10.839666 -13.227255 3.134063 -8.394926 -14.225867 -14.167333 2.179054 -3.889000
-9.902141 0.367001 -23.475424 -13.033916 9.744089 -12.126924 2.183918 -7.517401 -14.739923 -16.462261 1.302899 -4.315523
-14.839814 6.276210 -26.365919 -9.893903 13.583884 -17.147444 4.401834 -12.463023 -16.073317 -16.360565 1.769222 -4.543436
-15.564854 -4.575093 -26.757977 -16.757883 10.784672 -11.745069 4.915297 -11.285572 -13.967794 -18.245659 -1.622374 -1.441811
-14.419935 3.962838 -25.525000 -10.184441 12.937077 -15.471737 5.611394 -14.411222 -14.898546 -16.038412 -0.010787 -3.809214
-23.831369 0.286154 -31.015650 -15.110830 12.784003 -15.649119 6.817990 -14.260468 -19.393560 -22.375008 1.760625 -2.781241
-11.473337 5.212641 -23.002464 -9.448716 11.723390 -15.170426 3.166515 -10.064637 -13.247723 -12.889131 1.449013 -3.824916
-20.363237 3.445849 -31.804707 -15.712317 15.488365 -16.953447 6.499480 -14.522178 -17.399065 -19.884140 2.060914 -2.758313
-12.453053 4.581094 -23.581347 -9.769770 12.416183 -14.833764 3.922440 -11.040969 -12.589598 -13.630212 1.169402 -3.637191
-27.886534 -6.520277 -33.384972 -19.026546 9.803968 -14.301297 2.743095 -18.381994 -16.046412 -18.110279 0.595179 5.085052
-7.376031 1.257557 -17.424568 -8.222428 9.119720 -10.611075 3.007465 -9.169045 -9.180775 -10.334242 -0.992884 -1.203861
-19.397966 -1.002013 -33.613491 -17.368620 18.917248 -17.607868 8.015556 -19.809944 -14.509472 -19.980322 -0.929960 1.820237
-26.262537 -32.335922 -8.796246 -16.564915 -22.531855 12.865591 -0.198463 -20.694769 -4.359258 -13.462385 -11.577373 0.527894
-9.635098 -17.562355 -4.338684 -6.689670 -13.546307 6.239657 -3.253663 -9.618953 -1.848156 -7.270483 -3.296625 -1.311559
-9.332856 -19.164513 -1.672996 -7.255796 -14.178246 7.122019 -2.566518 -12.646768 -1.629913 -8.353192 -6.358757 -2.801524
-25.695068 -33.396282 -4.350330 -14.360653 -26.495983 13.846421 0.574427 -25.833826 -3.258140 -15.282021 -10.870588 -3.610550
-21.682184 -27.747379 -3.677115 -11.230382 -21.044666 11.101725 -0.779589 -20.226025 -2.109687 -11.470795 -8.039721 -2.416167
-9.930934 -16.597174 -1.228397 -4.057329 -13.770857 5.728455 -2.876445 -12.817171 -0.935257 -7.454499 -2.617689 -3.437722
-19.278269 -26.777237 -5.918347 -13.226469 -22.543097 10.321003 -2.348417 -18.529646 -2.790479 -9.857909 -8.585036 -1.889826
-20.492760 -26.267599 -4.168388 -9.563802 -19.958435 8.218584 -0.049609 -23.633928 0.241938 -9.555792 -6.286980 -0.880195
-15.631195 -23.552971 -3.011352 -9.374526 -17.183531 8.628486 -2.427723 -15.193590 -1.963517 -9.317464 -7.032613 -1.657788
-24.302778 -33.680099 -3.115752 -11.555906 -27.380726 12.113432 -2.497727 -29.332363 0.000292 -12.710154 -8.200102 -4.322852
-17.561804 -24.076244 -4.975087 -11.211197 -20.554733 9.511125 -1.656715 -17.666111 -2.177731 -9.305349 -7.236752 -2.083384
-14.886167 -20.929811 -4.251893 -9.593136 -13.053893 6.613277 -2.983605 -14.373530 0.391149 -8.553584 -5.590678 1.004709
-22.393637 -29.121418 -6.486114 -13.187112 -21.735834 11.827680 0.502832 -20.693995 -3.715590 -13.521643 -8.749970 -1.328650
-14.827639 -29.421480 2.076868 -5.252094 -25.519428 11.175301 -3.346808 -25.389711 -1.374171 -14.493189 -7.378420 -9.923481
-4.729811 -14.844693 -1.310436 -4.178338 -12.731694 6.590650 -1.642510 -10.178083 -2.063042 -7.374845 -4.233997 -4.448847
-19.550274 -30.057629 0.075130 -8.483297 -25.375008 10.079967 -3.951851 -27.534517 0.399843 -11.442702 -7.308375 -6.296824
-10.903522 -19.056549 -0.639409 -4.643409 -17.226131 8.026295 -1.438649 -15.147005 -1.744144 -8.028352 -3.742095 -4.708584
-27.244772 -29.790720 -9.115278 -15.136250 -22.569468 9.276631 -1.810538 -19.952185 -1.971391 -9.224312 -7.693419 3.322291
-6.488684 -18.139318 0.805295 -3.212701 -17.201204 7.746910 -2.975206 -13.201053 -2.735875 -9.076278 -3.869044 -7.102588
-9.725751 -19.738657 -0.644010 -3.876599 -14.498572 6.780073 -1.931538 -18.986111 -1.513544 -11.382634 -4.386622 -5.618116
-9.298854 -16.911812 -2.912036 -5.024297 -13.676044 6.821948 -1.055268 -11.516683 -3.146550 -9.465044 -3.249204 -3.294555
-20.502728 -30.133875 -2.414013 -9.181081 -24.226355 11.217899 -1.483082 -23.643152 -0.584258 -11.730671 -6.726123 -3.814571
-8.958001 -20.112976 0.679073 -3.632473 -19.062160 8.537833 -3.130547 -15.115016 -2.535956 -9.457944 -3.727880 -7.245438
-14.185336 -17.702015 -6.373387 -6.708721 -10.513077 5.189167 -1.168867 -12.904418 -3.919667 -10.183994 -2.232421 0.685112
-5.362853 -15.651267 0.651592 -2.826870 -14.659518 6.466743 -2.408001 -11.495242 -2.550650 -7.906703 -3.573261 -5.951460
-11.696488 -21.299124 -2.070551 -5.668637 -18.188900 8.291827 -1.633539 -15.979828 -1.334577 -8.804326 -4.760724 -4.312093
-6.929547 -15.114964 -0.256441 -3.773819 -13.056867 5.577262 -2.201477 -11.789239 -1.542424 -6.871473 -3.418044 -4.262785
-18.503456 -26.268166 -3.387053 -9.739660 -20.259676 9.174477 -2.579565 -22.285982 0.187127 -10.386393 -6.316853 -2.384829
-23.711889 -27.020145 -6.782366 -13.819658 -21.024128 9.072455 -1.264440 -19.566717 -2.517766 -9.448606 -8.073411 1.076046
-34.839199 -44.289684 -4.970092 -16.344685 -35.166443 15.985748 -2.826438 -33.141037 -3.704213 -17.613739 -12.953124 -3.582797
-35.789833 -39.418079 -6.586165 -15.489946 -26.660942 14.945115 -1.656136 -24.719158 -2.545857 -14.779558 -8.735472 0.443462
-8.011953 -15.035259 -2.226621 -4.243353 -11.227642 5.720372 -1.595243 -9.242698 -2.072096 -7.257300 -2.777975 -2.345607
-31.347551 -35.905807 -7.299558 -15.353736 -22.965717 14.423081 0.430600 -25.139866 -2.098926 -15.566094 -10.069119 0.306758
-21.375751 -30.503923 -4.360214 -13.443938 -22.595394 11.002901 -1.992750 -23.677929 1.827628 -11.358804 -8.988585 -1.960082
-27.537619 -32.174648 -9.954275 -16.934092 -17.532030 9.411440 -1.153564 -23.576099 2.906234 -11.779078 -9.835323 4.767571
-11.041042 -18.566929 -9.996349 -12.720360 -6.831154 5.760737 -1.581975 -11.523036 -0.797852 -9.500556 -7.307808 3.545556
-11.471542 -19.049429 -5.882346 -7.882614 -16.070974 7.634534 -2.369322 -11.371473 -4.880398 -8.145943 -4.339184 -1.207946
-14.376466 -20.991678 -8.966984 -10.456085 -10.235585 7.571462 0.425385 -14.719822 -2.162149 -12.117957 -5.918581 2.124799
-11.608577 -23.191519 0.635718 -6.131147 -19.243471 9.916917 -1.913053 -16.361700 -2.272199 -11.386687 -5.707878 -6.185011
-31.141926 -35.299107 -6.663596 -17.543240 -26.777702 12.164811 -0.759991 -26.412167 -1.873525 -11.874787 -11.573759 0.035562
-15.645515 -22.317207 -10.075027 -11.747168 -15.772941 7.849250 -0.752204 -14.787913 -3.872132 -9.862069 -6.455127 1.913833
-18.076618 -24.816690 -4.503869 -8.403469 -20.607935 8.904769 -1.483344 -21.444319 -1.654025 -9.911826 -5.672605 -2.505719
-26.713808 -32.729153 -4.732168 -13.344309 -25.850201 12.300803 -0.983051 -24.606571 -1.364531 -12.256279 -9.093812 -1.736970
-8.579844 -19.322001 0.695487 -4.481346 -17.114021 6.322177 -4.007069 -15.316181 0.715461 -6.797891 -4.565034 -4.859284
-23.554247 -29.677010 -5.040517 -12.182755 -20.272011 11.241009 -1.343462 -20.151003 -1.726238 -11.729824 -8.613901 -0.655004
-15.455042 -23.833103 -1.708878 -6.879204 -19.159191 8.498569 -3.909376 -14.844075 -0.811240 -8.828161 -3.903593 -2.900192
-19.012352 -26.319641 -3.656001 -8.923393 -20.596563 10.355923 0.584436 -20.182791 -2.174496 -11.554096 -7.101311 -3.208880
-7.840561 -16.506809 -5.383209 -7.857285 -8.678670 6.508866 -1.365319 -12.066180 -0.713904 -9.368320 -5.198722 -0.433369
-14.042478 -22.425188 0.222026 -4.962596 -19.827675 8.298290 -3.238273 -17.116953 -1.571760 -8.833170 -3.843930 -5.260601
-22.152107 -30.848995 -3.661968 -12.504080 -25.862043 11.942432 -2.106803 -24.578226 -1.273626 -10.763700 -8.365348 -3.695329
-33.812382 -13.227010 -23.685936 -13.239768 1.916730 -6.275797 12.036231 -32.488148 -10.652574 -17.692720 -2.513546 3.569840
-39.901253 -23.188791 -23.938570 -16.911665 -6.687235 2.782834 13.628490 -32.348999 -10.164061 -23.834179 -2.752379 6.682132
-34.021923 -18.982433 -18.404512 -13.314112 -7.207717 0.461592 10.645679 -28.295542 -8.048544 -14.543129 -4.943530 6.658485
-35.250595 -23.174406 -18.797468 -15.860713 -10.133421 4.877377 13.828093 -31.642235 -8.907103 -19.461517 -8.089493 4.959904
-36.453098 -14.380328 -26.727081 -10.969253 1.190622 -2.173686 15.851639 -33.394688 -16.868317 -24.635599 -3.620382 5.568482
-26.962059 -15.205237 -17.272717 -12.447332 -4.045440 0.258110 10.933754 -25.005642 -8.945109 -15.848635 -5.101593 3.346591
-21.626049 -7.975522 -16.846411 -7.601708 -0.792767 -2.403757 12.288761 -21.845716 -13.511737 -17.485128 -1.737275 -1.737554
-49.062115 -28.196072 -31.082277 -20.791826 -3.113874 0.610274 18.389526 -43.907761 -14.694569 -28.660200 -7.900933 11.844320
-35.774624 -13.127414 -20.159052 -8.187296 -1.100789 -2.359079 12.889512 -29.443548 -15.987364 -21.876762 -2.667381 5.206957
-30.241829 -16.470430 -16.914036 -11.824334 -4.746384 1.319943 14.885747 -28.345564 -9.235186 -19.408913 -4.447138 0.774551
-17.139334 -5.821786 -16.915224 -7.752683 2.383050 -4.347478 9.192419 -17.601175 -10.583976 -15.271405 0.359220 -1.870779
-22.028011 -7.481215 -17.205116 -9.326063 2.160575 -4.748103 9.893664 -19.916353 -9.974539 -16.644901 -0.460225 -0.704862
-10.241580 -4.778710 -10.610190 -4.711682 -1.283366 -3.647183 4.111926 -10.759162 -7.867350 -9.361968 1.121287 -2.568245
-17.344517 -7.901153 -14.376608 -7.662874 0.934726 -2.984972 7.727881 -16.614708 -10.806044 -16.641464 0.036238 -1.167297
-31.385221 -14.066351 -21.107706 -8.642814 -1.122303 -1.765331 12.437542 -28.746021 -16.450144 -22.796949 -2.147933 2.488561
-14.433552 -11.131751 -14.245989 -11.357022 1.685283 0.188727 5.818207 -14.103758 -5.786809 -14.435261 -2.649950 2.907728
-42.539783 -15.370953 -31.565998 -15.988929 1.735225 -5.208847 17.218960 -36.743340 -18.709761 -24.214474 -4.944293 7.605567
-49.494740 -29.247456 -31.678240 -18.308199 -2.879861 -2.099180 17.872349 -47.558987 -12.115707 -28.268452 -7.570385 9.633769
-42.719078 -21.640039 -23.572891 -12.746889 -6.664014 1.637390 18.511837 -39.225891 -14.687671 -26.157612 -2.419296 1.848447
-40.632259 -19.991894 -21.050591 -15.450278 -2.418850 -0.578487 17.585320 -35.241405 -11.552359 -24.022791 -5.248969 3.814446
-26.405098 -13.622916 -15.793549 -9.586282 -5.575315 1.052327 11.526931 -23.289495 -11.360268 -16.278025 -3.609370 1.095096
-35.186626 -21.679482 -22.210941 -15.274570 -5.579475 1.723115 15.830406 -35.232151 -10.372447 -22.550499 -6.059311 3.387724
-19.396139 -6.194256 -16.829037 -8.186917 -2.846508 -3.716574 6.610458 -15.894167 -12.807745 -14.070541 1.781879 -1.324386
-21.732866 -10.721249 -16.311651 -10.081820 -1.149949 -0.705544 11.186257 -21.361124 -10.575868 -18.040485 -1.869941 -0.295262
-31.040794 -14.013013 -21.009521 -13.302691 -3.702672 -1.354170 13.251523 -27.952278 -10.002564 -16.791960 -2.849161 2.261971
-29.077389 -14.479548 -16.799877 -9.283258 -5.403200 0.210635 14.393668 -28.516685 -12.201680 -19.588951 -2.383373 0.683663
-17.401083 -8.831211 -12.105603 -6.293162 -3.024195 -1.675528 9.000118 -18.292168 -8.959816 -13.132301 -1.548739 -1.951610
-30.494728 -14.587425 -20.197346 -13.059343 0.301660 -3.132411 13.221288 -28.122255 -9.529151 -19.188416 -2.632009 2.516073
-28.025249 -12.514672 -16.579073 -8.468980 -4.966466 -1.362337 11.804949 -26.300203 -11.379187 -16.173792 -1.658185 -0.030915
-32.265560 -13.870685 -23.270878 -14.426061 -1.985761 -2.870529 12.689173 -28.765308 -11.161742 -18.714062 -2.410861 2.297358
-5.512166 -3.856256 -10.988780 -5.590141 3.100865 -2.819317 4.735348 -10.169989 -6.138647 -10.172289 -1.536538 -0.766679
-32.160927 -6.829795 -27.203592 -14.701571 0.976463 -7.615907 11.249069 -24.825741 -19.759077 -22.684181 0.510045 -1.394270
-20.776247 -11.847806 -14.159392 -8.521192 -3.312151 0.781544 12.778411 -22.145203 -10.409611 -17.445583 -3.679136 -1.315223
-31.805538 -13.922648 -22.780258 -15.833270 -0.799880 -1.678761 14.753748 -28.648355 -11.887629 -21.463900 -3.362905 2.118199
-16.325169 -10.455747 -13.113531 -7.802734 -4.771041 0.707751 7.605619 -16.322117 -9.254539 -14.151764 -0.576900 0.107290
-28.062130 -11.236897 -19.913425 -8.622001 0.090843 -3.335976 11.983810 -25.330576 -14.494250 -22.405096 0.299918 -0.232472
-27.957420 -15.667752 -14.481651 -8.450313 -5.574166 2.312800 12.449862 -25.593447 -8.464733 -16.334663 -4.291418 3.011957
-41.209656 -23.201471 -20.741426 -15.459202 -4.936620 1.473395 16.696699 -36.809120 -10.038687 -23.069168 -6.760695 5.768094
-26.676731 -14.247621 -13.841538 -7.801440 -8.681403 0.293174 10.134825 -23.157200 -11.163798 -14.360569 -0.942776 0.158462
-19.569683 -6.516235 -15.943519 -6.995132 0.499027 -4.808251 6.413431 -16.551760 -12.311892 -16.568600 1.349741 -1.629542
-35.175251 -18.335270 -20.179417 -13.565287 -9.309882 0.143293 9.889585 -29.418505 -11.843596 -17.439377 -0.298031 2.825879
-37.151123 -24.105482 -29.219788 -22.339832 0.555384 0.799290 13.364328 -31.444763 -10.086816 -25.408304 -8.148255 10.191067
-50.346909 -19.834019 -34.200546 -13.581807 0.956356 -2.724690 21.130520 -46.907673 -20.569059 -33.841633 -4.488313 6.400716
-35.062778 -14.312738 -30.599369 -18.627909 4.323126 -4.644248 12.935722 -28.073620 -17.863171 -29.259693 -1.220643 2.855774
-54.782269 -15.769374 -37.933548 -12.739930 3.607838 -7.481787 19.756031 -43.444740 -26.984833 -31.841663 -2.895621 10.007199
-30.414547 -12.416627 -19.984339 -10.869996 -2.092705 -3.088730 11.298132 -26.657619 -14.304391 -23.090338 0.212587 -1.545272
-38.317558 -18.722366 -25.981327 -14.882877 -5.203515 1.075378 19.016537 -36.647297 -14.807220 -24.782524 -4.839661 2.132283
-45.866058 -26.145021 -28.859476 -20.069597 -3.336548 -1.468261 16.186543 -42.441540 -11.018838 -24.835913 -7.654885 8.946579
-35.468311 -19.886553 -21.666426 -11.420269 -4.487748 3.388283 18.658087 -36.130451 -12.702180 -25.286325 -6.805497 3.467160
-41.212605 -17.613283 -25.691278 -18.752384 3.935356 -5.327317 19.664745 -33.707642 -15.150588 -27.806520 -5.445800 1.924451
-37.982742 -42.474281 -6.645174 -17.571352 -27.063719 15.285801 -2.229102 -31.293737 1.605131 -17.234648 -10.595082 0.886010
-35.448330 -44.376408 -3.826277 -14.383459 -31.885426 15.745624 -1.900027 -34.313915 -0.767200 -16.711788 -11.950347 -2.810343
-35.627014 -44.024876 -7.785316 -19.547102 -32.523762 17.429930 -1.356164 -30.269558 -2.907188 -16.747183 -13.602756 -0.917805
-19.375275 -30.506466 -4.745580 -9.952664 -25.058315 13.012501 -0.734288 -21.177158 -3.645523 -13.415800 -8.416355 -4.183673
-35.121834 -41.904533 -9.812485 -19.881124 -27.958654 17.185297 1.591352 -28.482971 -4.855200 -18.922421 -14.702410 0.144537
-31.137392 -40.836330 -7.038530 -16.189962 -28.305777 15.762686 -1.904577 -28.908606 -3.625851 -17.180359 -12.747355 -1.566842
-38.332611 -44.068844 -10.447582 -19.755568 -25.863583 17.975166 -0.169586 -30.801792 -4.105805 -21.175493 -13.206409 1.535801
-38.889648 -48.852322 -3.581394 -16.687336 -35.765923 18.147959 -3.415808 -35.830982 -0.027365 -17.520716 -13.139812 -3.321866
-36.738663 -38.912529 -10.681605 -21.620348 -23.680264 12.386046 -1.651944 -28.068306 -0.328565 -13.745522 -12.368766 5.407812
-41.645145 -50.109791 -4.570524 -19.457981 -33.156780 19.116688 -3.042892 -35.206650 2.837607 -19.619896 -14.085780 -1.382447
-35.472641 -40.519123 -6.917820 -17.282888 -26.179804 16.119108 -0.639349 -27.428362 -2.388639 -17.478786 -11.334561 0.230024
-34.448353 -41.704334 -9.754313 -19.179535 -26.084663 15.555926 -0.545916 -27.782558 -0.052641 -15.870140 -13.085437 2.369946
-33.590736 -39.866196 -8.009951 -19.078743 -27.968033 16.079453 0.456933 -26.648457 -3.882492 -16.399944 -13.412200 -0.044411
-50.395977 -55.560310 -9.541675 -24.953253 -34.559299 21.684477 -1.652866 -39.476315 1.388823 -22.833494 -16.057749 1.861520
-40.130650 -43.870979 -8.647108 -19.957239 -26.046806 16.745653 -0.872851 -32.762089 -0.465039 -19.022635 -12.376585 1.963054
-41.478237 -49.427349 -5.917055 -20.807436 -32.878120 17.052521 -4.170432 -36.217766 2.197293 -17.119541 -13.914056 0.118598
-35.942368 -42.600513 -10.161545 -20.436934 -26.998613 16.232594 -1.372981 -29.133926 -2.728553 -17.360323 -14.111188 1.590455
-38.875572 -47.459591 -5.272128 -19.514679 -31.107908 16.433369 -3.385017 -33.582130 4.305457 -15.819947 -14.741117 0.036529
-37.176041 -39.664215 -10.024600 -19.214823 -22.391146 15.171684 0.708675 -28.776793 -1.253883 -17.700171 -12.000240 3.431211
-41.846249 -48.608784 -11.446209 -22.459547 -27.202574 15.367520 -1.116045 -35.097481 0.967098 -18.198450 -15.289156 5.326054
-31.370157 -35.889427 -10.988092 -21.296349 -26.139631 10.892026 -2.126036 -25.403925 -1.700837 -11.592723 -13.500039 3.164291
-33.866917 -41.963367 -10.377618 -21.139746 -30.990158 13.936015 -2.797577 -28.077301 -3.356510 -14.465049 -15.680194 0.763987
-16.072390 -24.236443 -8.369360 -14.059014 -19.613993 6.964412 -4.113776 -15.654285 -0.981909 -7.116902 -9.661095 0.296558
-35.350395 -46.273487 -7.024094 -19.092558 -35.166851 17.530312 -2.991369 -31.181173 -3.740452 -17.454939 -15.358850 -2.645536
-25.946974 -31.547880 -6.983568 -14.063902 -19.422415 11.771853 -1.301208 -21.719379 -1.912743 -13.247402 -9.314498 0.966320
-31.563248 -40.918354 1.126814 -10.757810 -30.836899 14.518418 -2.710985 -31.916903 0.033223 -16.147451 -10.466407 -5.749634
-32.544701 -39.431808 -9.805923 -17.715244 -23.642719 16.075043 0.317518 -26.833046 -2.966469 -18.156221 -12.612718 0.777788
-39.569344 -50.491261 -1.651362 -16.825966 -34.646347 17.010454 -8.571714 -39.587391 3.423287 -18.692059 -12.742738 -4.637775
-35.892300 -41.820545 -9.334809 -19.381018 -26.375166 17.177511 -0.280180 -28.304667 -3.748135 -18.858973 -13.168794 0.723658
-44.002430 -51.561813 -6.370689 -19.249708 -33.244648 20.280231 -0.334799 -38.485970 -0.137556 -21.986847 -14.229986 -1.609157
-26.926874 -33.818626 -8.348253 -16.962379 -22.113325 11.899160 -2.816012 -21.078224 -2.987885 -12.321586 -11.852267 1.836887
-41.621872 -46.460663 -8.270608 -19.620829 -31.314878 16.737829 -2.079764 -33.758381 1.687753 -16.755140 -12.949816 0.792232
-38.344536 -42.888859 -10.430374 -23.982248 -32.011139 13.015582 -3.624556 -32.345829 -0.033153 -12.754640 -15.071383 2.222141
-25.289459 -34.731491 -4.340338 -12.143920 -27.916912 12.553393 -1.390342 -29.414904 -0.261449 -12.802007 -8.613643 -3.737113
-37.596340 -47.371666 -3.339048 -17.187374 -33.138069 17.242872 -5.509567 -33.662098 1.982016 -18.691057 -11.192871 -2.531254
-36.187031 -42.772934 -4.938011 -17.426411 -26.630449 15.269076 -3.655059 -31.625124 1.695513 -17.746370 -11.855414 0.285068
-38.880009 -47.061764 -7.287261 -19.472382 -30.336174 17.530865 -3.024542 -32.693714 -1.364982 -18.862043 -12.966573 -0.017368
-19.203300 -28.884577 -2.828339 -10.032945 -25.367456 8.523856 -5.594074 -20.934679 -0.422161 -7.603345 -8.304360 -3.810254
-35.233269 -41.655064 -8.453622 -19.022633 -26.167435 17.404585 -0.224486 -28.299034 -2.147315 -18.385618 -13.442848 0.428755
-27.391476 -37.929054 -3.446517 -12.959431 -33.005520 13.023569 -4.861922 -29.224247 0.320152 -10.813146 -9.473932 -4.544558
-41.411430 -47.871181 -5.069983 -19.107527 -32.766079 16.973400 -5.353348 -32.135571 1.134560 -18.646458 -10.476608 0.335139
-39.215298 -48.533176 0.026061 -16.115498 -35.346302 13.630118 -9.776382 -37.699558 6.415236 -13.737657 -11.714313 -3.444471
-35.737541 -40.828194 -5.578163 -16.763906 -27.068014 16.151220 -0.373748 -28.171009 -1.294252 -17.495153 -11.435502 -0.795188
-34.603806 -45.215614 -0.411914 -13.797592 -32.122623 16.775585 -4.717036 -32.136272 1.475512 -17.695286 -11.615280 -5.166022
-30.025305 -36.612919 -3.690644 -12.980645 -24.778873 14.639472 -1.061098 -26.350073 -1.165269 -16.784164 -9.508901 -2.247263
-33.375767 -41.652161 -4.726420 -16.268673 -27.902746 16.549213 -2.233793 -28.482698 -1.396713 -17.377228 -12.776960 -1.901450
-38.929390 -44.756248 -4.480425 -17.125828 -30.760286 17.384830 -2.593493 -31.716902 0.435643 -17.497776 -11.898037 -2.070607
-34.563568 -46.207027 -7.200066 -17.868914 -31.552975 17.334883 -1.658742 -32.367565 -0.769419 -17.545942 -15.094599 -1.113412
-41.489105 -48.562134 -10.201694 -21.997839 -30.452436 18.116816 -1.739355 -33.680038 -1.995012 -19.728024 -14.643705 1.825742
-29.893841 -40.667374 -4.529167 -14.652776 -27.640406 15.390732 -0.559942 -29.924757 0.068664 -16.325977 -12.906654 -2.323718
-31.789719 -8.590621 -11.030960 1.673164 -27.389130 -20.332745 -23.008204 -4.867810 -18.151461 7.137962 9.550715 -11.337967
-47.645679 -6.072262 -26.202303 -10.170617 -10.567452 -24.104696 -9.618752 -17.891495 -18.311541 -2.259326 11.512731 -5.961003
-30.532345 -20.891901 -10.715507 -1.073443 -31.959303 -13.994543 -25.866470 -12.414582 -17.368540 3.002153 11.635095 -5.860621
-31.334620 -6.667300 -20.022501 -5.333330 -20.829535 -21.624508 -22.200993 -5.859528 -20.126171 1.753181 11.438250 -6.453477
-43.767220 -9.309092 -22.284468 -4.444894 -25.236347 -25.366859 -23.373173 -8.778500 -26.172865 0.025428 15.444532 -10.749511
-21.784103 -7.854187 -10.420351 1.612141 -23.949253 -18.239992 -21.936338 -7.001473 -14.538410 2.455407 7.034668 -8.056441
-22.174557 -2.195914 -13.847135 -2.541717 -17.056868 -18.559971 -18.018791 0.210762 -16.818710 3.759629 8.745619 -8.940422
-18.928253 -4.997214 -10.917010 -2.561062 -17.204443 -16.433792 -18.493307 -1.839393 -12.274569 3.909323 7.418047 -7.519408
-34.672066 -7.187655 -14.010933 0.377903 -23.261009 -21.177567 -16.040991 -10.370955 -20.716675 0.502453 11.638024 -12.888034
-27.264973 -4.685275 -17.707991 -4.230029 -15.365313 -17.330814 -15.149247 -4.304640 -18.797241 -0.279440 9.945179 -6.829336
-16.567860 -7.860726 -8.581475 -2.346511 -15.404109 -8.947238 -11.910736 -6.460474 -14.130521 0.848975 3.123408 -1.171669
-16.501602 -6.191022 -11.876977 -1.753935 -16.044991 -12.747560 -16.544632 -3.748515 -14.051899 0.827683 6.850729 -3.495182
-26.892998 -8.885051 -14.290999 2.168257 -19.907810 -10.825155 -11.172047 -10.350718 -24.683533 -7.282168 9.831100 -6.070673
-14.822202 -5.865647 -8.909240 -1.779368 -14.351841 -10.733646 -13.841021 -2.759143 -10.172013 2.816909 5.681572 -3.931160
-24.636377 -2.274544 -19.183310 -3.503561 -15.343500 -18.427118 -16.329332 -3.135892 -22.161623 -3.208227 10.086848 -6.486776
-13.235862 -4.047194 -9.968868 -2.317004 -12.538455 -11.748997 -14.104798 -1.589809 -11.107850 1.769872 5.911283 -4.013959
-42.166763 -5.689830 -25.101885 -4.768382 -12.389432 -18.132553 -7.231973 -14.807087 -27.485416 -11.364164 13.412423 -6.914033
-27.833378 -2.711625 -23.419218 -3.514488 -16.993628 -20.587662 -18.389139 -5.562326 -25.469593 -4.460004 10.785835 -4.866873
-45.761757 -3.130620 -31.538126 -10.377402 -21.131231 -33.225029 -25.855389 -3.203269 -30.904810 -0.326879 16.773924 -11.598969
-27.110115 -2.157851 -20.149714 -5.658926 -12.722626 -20.454975 -16.096781 -4.117803 -20.449411 -1.921424 10.631542 -7.257388
-28.288607 -8.566022 -11.347572 -2.660000 -15.240426 -11.753945 -8.443625 -9.499955 -12.319849 -0.740243 7.974154 -5.300182
-29.385118 -2.763912 -16.903400 -2.859048 -16.177584 -20.017385 -14.739820 -5.537570 -18.179502 -0.360988 10.414188 -9.949903
-24.852482 -11.312587 -7.982357 1.656700 -22.148428 -10.464218 -13.809557 -8.466541 -15.882625 -0.211740 8.610371 -7.078163
-31.729050 0.460528 -24.266670 -4.312168 -15.207403 -23.781773 -17.812000 -2.692084 -26.470762 -3.197962 11.701911 -7.085997
-43.772358 -8.565392 -24.098059 -3.642052 -20.339041 -20.353088 -15.098583 -11.974405 -29.014277 -7.153693 14.489422 -6.327390
-27.187492 0.552887 -24.271002 -5.821735 -16.441799 -24.388323 -20.908707 -0.131869 -25.083853 -0.787977 11.627477 -7.931458
-42.588787 -9.225761 -19.393501 -2.792787 -24.025146 -21.581472 -17.735481 -10.126667 -27.094748 -1.944788 14.691894 -11.539169
-28.012840 -0.999858 -21.938251 -4.356960 -15.933948 -21.668367 -17.958559 -3.424783 -22.446928 -1.485008 10.794351 -6.828998
-29.656372 -9.487866 -13.053447 2.310870 -21.433542 -15.226390 -13.255381 -12.619940 -21.802988 -5.904542 11.524467 -11.637537
-24.589996 -4.154157 -19.173439 -6.861457 -12.315854 -18.012297 -15.557771 -4.230312 -15.774437 0.042437 8.719385 -2.976902
-25.923130 -8.033025 -14.906999 -1.632083 -18.485165 -18.372145 -19.632874 -9.652914 -18.136814 -0.329751 7.606610 -4.527313
-23.140871 -6.959299 -18.085962 -3.306918 -19.481632 -19.053177 -20.400583 -6.480747 -18.025166 1.365702 7.864739 -2.504512
-38.929737 -5.915595 -16.704916 1.597003 -18.018154 -22.050707 -12.456619 -14.673608 -22.270466 -4.495196 12.223828 -12.357076
-32.074425 -2.173780 -18.282604 -3.093546 -16.274399 -22.736172 -16.528400 -5.190875 -21.114878 -1.594209 11.700214 -12.797237
-28.285606 -8.012252 -13.764092 -0.806424 -18.868216 -15.278515 -15.846705 -7.707635 -18.324863 -0.848957 10.546958 -7.306866
-23.501186 -5.561470 -17.203562 -4.436641 -16.495214 -17.852268 -18.129429 -4.959243 -16.569630 0.385645 9.324670 -5.858224
-34.066360 -20.899342 -11.210435 -5.657629 -27.485382 -12.253405 -20.589163 -9.201104 -13.699214 5.960904 7.780709 -1.205151
-14.912204 -8.775093 -10.816002 -4.059484 -16.934372 -10.913469 -17.216972 -2.764666 -11.824183 3.082784 5.758966 -2.498733
-21.922318 -6.988698 -9.342155 0.688345 -13.967111 -10.951982 -8.804208 -10.568940 -14.180856 -3.350065 8.105494 -7.201794
-30.474649 -6.692784 -19.709433 -4.591287 -19.632977 -18.516306 -19.643831 -4.031334 -20.607761 1.161197 10.924016 -3.166283
-27.533472 -9.802410 -12.223998 0.722175 -19.784838 -14.187634 -15.119561 -11.245431 -17.459799 -1.411858 10.365634 -7.832411
-23.412878 -5.875486 -18.787170 -5.930630 -18.375748 -19.784996 -22.147970 -2.336287 -17.619789 2.781368 9.360994 -3.503789
-33.342457 -3.001280 -16.959620 -0.699982 -16.835779 -21.531116 -14.609879 -7.882481 -21.364174 0.109006 10.854820 -9.040842
-31.463501 -7.133795 -14.226647 0.164474 -20.170128 -16.770664 -11.383386 -13.000179 -20.541399 -2.750044 10.401984 -11.418601
-38.908745 -7.709068 -18.745209 -1.652983 -22.007631 -24.477650 -20.021791 -10.283452 -23.235529 -1.234182 14.577057 -14.126448
-25.265257 -6.636124 -11.317356 -0.437139 -16.309093 -14.724220 -12.980838 -7.835325 -11.924399 -0.084622 8.519456 -7.141039
-31.867889 -11.449038 -13.017204 -1.361911 -28.277946 -19.275974 -25.400959 -3.719438 -17.533012 6.034148 10.747318 -7.641830
-18.855091 -1.863781 -13.992008 -4.062021 -11.562424 -16.190201 -13.565429 -1.205323 -14.662764 0.821076 7.650109 -5.837188
-27.238142 -18.799059 -9.574875 1.102098 -24.796560 -6.678910 -15.651278 -12.495280 -19.319557 -3.403224 9.053626 -3.992733
-23.970966 -3.205942 -15.139329 -3.107200 -14.625279 -17.709862 -15.689366 -3.722076 -17.352032 0.769550 9.265849 -7.769748
-43.548725 -23.540749 -8.686162 -0.057426 -34.772675 -14.272029 -18.869068 -19.588209 -13.681092 4.242341 10.910688 -8.335546
-24.557308 1.564037 -17.850521 -1.375786 -12.387635 -21.800089 -14.357320 -3.057059 -20.550800 -2.566405 9.789293 -10.831977
-25.008869 -14.445947 -13.302771 -3.041132 -27.015848 -12.872991 -22.673540 -3.955640 -18.506063 4.265949 7.865278 -2.614761
-23.036049 -10.429107 -13.054437 -2.962548 -14.275208 -9.669225 -10.865597 -13.030986 -15.260097 -4.608393 6.440697 0.062856
-22.660610 -4.247012 -15.601460 -0.706058 -13.826554 -16.661028 -13.308874 -10.344445 -18.447735 -2.966216 6.918822 -1.524334
-25.933622 -1.282014 -20.244097 -5.573672 -13.580097 -22.253166 -16.853493 -2.241113 -19.626080 -0.038678 10.485646 -8.538965
-33.539486 -8.579110 -13.335526 3.841186 -23.047400 -17.426556 -15.335136 -9.922221 -25.077587 -2.839423 11.128750 -11.167753
-13.949418 -6.230066 -11.544809 -4.036291 -11.545758 -10.909166 -12.943434 -5.718811 -10.247213 0.537806 5.244751 -0.954642
-20.773743 -17.370071 -2.623250 2.491086 -24.937754 -5.192060 -14.729870 -10.609370 -12.201703 0.654547 6.424690 -7.052713
-19.521748 -4.588446 -12.546614 -3.139375 -12.194077 -12.410214 -12.009406 -4.277363 -13.891871 -0.941515 7.394464 -3.782732
-22.211338 -17.817263 -6.009587 1.699139 -26.015606 -6.869389 -17.083202 -8.669612 -16.618513 -0.202287 7.570354 -6.924501
-36.534687 -6.995272 -26.344803 -5.979451 -18.157440 -19.711374 -17.592979 -11.480785 -27.323212 -6.791275 10.848959 -0.536660
-18.221634 -11.147129 -11.344084 -2.652301 -14.657486 -3.092637 -6.220864 -10.714408 -15.552189 -4.406522 3.637442 1.603779
-34.124016 -12.079479 -23.769346 -9.334024 -17.065304 -20.979239 -20.171429 -13.883403 -18.017176 -1.180792 9.632583 1.027859
-24.868856 -9.515499 -10.883325 1.229818 -22.020184 -13.751924 -17.908609 -6.557374 -18.003716 0.407175 9.179120 -7.441759
-27.822781 -4.767879 -18.939808 -4.262761 -16.956554 -18.810005 -18.063648 -5.457689 -19.515646 -1.123067 10.371184 -6.055264
-41.525742 -7.874045 -20.493399 -1.649627 -25.433916 -24.490793 -21.378563 -8.878244 -28.297369 -2.152426 15.463598 -13.425563
-25.088324 -0.948602 -18.874247 -4.136510 -14.779639 -19.956867 -16.424273 -2.828979 -21.029242 -1.030293 10.080957 -7.861748
-35.810966 -8.924664 -18.302227 -5.058704 -22.298582 -19.434135 -20.207434 -5.710835 -21.168571 2.561263 12.334796 -6.235124
-27.722305 3.045977 -21.506891 -4.135012 -11.636072 -24.354969 -14.837014 -2.479753 -22.321220 -1.819274 10.777624 -11.209306
-35.117039 2.324482 -25.368509 -5.401598 -11.736462 -27.274788 -11.660562 -4.732476 -29.187622 -6.055361 12.072227 -12.435791
-27.861294 -4.780169 -19.782164 -7.561908 -17.186901 -22.374880 -21.147449 -3.173289 -17.512871 3.324370 10.222976 -6.323883
-26.233046 -13.732600 -10.391647 -0.933475 -22.933840 -12.338034 -18.051754 -7.455184 -17.264055 0.404826 8.986537 -6.074612
-29.708200 1.406863 -22.043209 -1.549001 -15.913329 -25.504267 -17.757618 -3.723440 -26.967035 -4.719223 12.626644 -13.077278
-26.976458 -19.151535 -7.362354 -1.886685 -25.834280 -10.314906 -20.593351 -10.348074 -13.293980 2.702524 7.904332 -4.128533
-23.965954 -2.354024 -18.033936 -2.745474 -15.897930 -18.715567 -17.023449 -3.302163 -19.757795 -0.525065 9.430899 -5.589034
-40.084297 -20.730143 -27.105759 -13.181726 -0.621984 0.520669 19.196365 -40.264217 -13.521933 -27.661577 -6.982913 6.615003
-44.372131 -20.896070 -32.293308 -16.077362 2.169852 -2.261195 19.480381 -41.661652 -16.107843 -29.779036 -5.420469 7.210196
-43.148273 -20.550230 -26.282181 -14.604854 -0.776631 1.437415 17.576056 -37.719078 -14.331003 -27.674406 -5.045425 8.593705
-38.501671 -10.966818 -28.762735 -12.175724 2.661511 -7.203975 16.276525 -34.621548 -19.085922 -25.133190 -0.478473 -0.097821
-35.816898 -12.814013 -26.666681 -13.481213 4.630644 -7.435210 14.568205 -34.401440 -13.789394 -22.989994 -4.223193 3.620440
-30.401302 -10.456662 -19.604784 -7.080142 -0.714533 -4.132913 11.598383 -24.888931 -15.321306 -17.790117 -0.226040 3.107596
-39.836948 -20.858002 -28.114254 -15.784975 0.140154 1.123870 18.313221 -39.252811 -13.426953 -27.166899 -7.600245 8.070467
-39.822395 -16.160402 -29.260170 -11.883260 2.515775 -4.074754 16.764742 -36.953621 -15.480018 -26.151876 -2.437387 6.093681
-40.940784 -20.741005 -25.542074 -13.269720 -1.451124 2.795895 18.333254 -39.009617 -13.361306 -27.495869 -6.145214 7.002531
-26.023607 -10.272431 -18.465467 -7.388917 -0.188350 -4.108566 11.791721 -24.508141 -12.977798 -17.726101 0.164827 0.340867
-37.071274 -16.538916 -26.872126 -12.677183 0.991528 0.186351 16.295349 -35.248051 -13.841355 -26.260809 -4.253651 5.802048
-31.341398 -14.765163 -19.866140 -9.222842 -1.195521 -2.246015 11.807152 -27.173109 -11.433886 -17.973413 -2.498393 5.154701
-42.855137 -15.370445 -26.975965 -10.503025 0.823632 -4.383804 16.105469 -38.069084 -16.398849 -26.677532 -2.879168 4.694684
-27.594902 -14.546876 -18.508383 -8.770181 -0.942138 -0.692815 14.105177 -28.277559 -8.404762 -19.241810 -4.291707 1.989278
-44.966900 -22.295670 -23.595470 -15.659827 -3.345041 -1.450834 16.695385 -41.123676 -11.197559 -24.436895 -5.460224 6.477980
-34.423923 -18.002827 -18.960537 -10.683559 -2.479073 0.389989 14.074687 -30.553070 -8.013181 -19.434116 -4.069997 5.860412
-35.748600 -22.481562 -26.492779 -16.340479 -1.928064 1.223299 13.393921 -35.655354 -11.323359 -25.489264 -5.832335 6.855365
-24.948818 -10.956547 -16.939280 -6.535556 -0.926189 -0.170566 12.430709 -25.198774 -11.286839 -18.771688 -3.351176 1.311444
-37.981224 -18.378330 -25.748543 -12.071004 -0.009962 1.331899 16.791759 -36.625076 -15.677825 -27.530333 -5.683795 6.556589
-27.942541 -13.942090 -15.492242 -5.528240 -2.398795 -1.134607 11.045153 -27.228996 -8.928439 -16.691019 -3.376769 3.634036
-34.728657 -18.437540 -23.751873 -11.457917 -1.532468 1.346873 16.445187 -36.398621 -13.521349 -26.055952 -6.576270 4.275868
-30.790474 -14.676892 -22.488493 -12.033692 2.236693 -2.227912 14.426881 -29.946550 -10.325295 -21.054764 -4.445016 4.232200
-45.710491 -20.078568 -30.002567 -13.798808 0.195694 -1.435288 18.877459 -41.407497 -17.285999 -28.504667 -6.690927 8.350257
-38.218605 -14.565046 -27.263369 -10.062661 2.216798 -3.303920 15.329222 -34.028053 -17.059605 -25.402470 -2.420319 6.041117
-49.256496 -26.482281 -31.424850 -19.170033 -1.263665 1.996446 19.449615 -45.637138 -13.931453 -30.203108 -7.760411 12.090740
-46.073082 -21.230923 -22.925228 -8.466038 -6.588601 1.993709 18.309584 -40.212975 -17.849148 -27.819036 -2.664465 4.771012
-49.738667 -23.879713 -30.943201 -16.528372 -1.179098 2.010414 21.881308 -46.200733 -16.640408 -32.390408 -7.436152 9.150393
-42.507397 -18.529608 -25.352474 -12.125481 -2.060633 -1.913802 17.590984 -37.308990 -16.509174 -25.295965 -3.612147 5.239283
-30.552273 -11.040144 -23.574499 -8.298398 2.834562 -4.519668 13.550824 -30.621145 -15.543077 -23.906946 -3.619892 2.601352
-46.420364 -22.053555 -24.842970 -9.692212 -5.613944 1.085937 18.449364 -41.575169 -18.311729 -27.700897 -4.066034 5.067654
-37.791691 -14.870291 -24.817291 -10.150044 1.301295 -2.150741 17.466814 -34.788685 -15.581406 -26.333725 -4.546989 4.200759
-38.595741 -16.602026 -25.169832 -10.463746 -1.257378 -1.121686 14.129829 -32.215172 -17.159803 -23.662622 -1.706478 6.753596
-45.306248 -23.678419 -22.877781 -11.109348 -6.685690 3.664652 19.204983 -40.918884 -15.523831 -27.022219 -6.542554 5.902700
-39.984116 -17.354374 -23.272041 -8.383454 -3.438475 -0.789418 16.353384 -36.084423 -17.930964 -25.153780 -2.457560 3.783906
-45.147526 -23.665628 -27.768496 -14.282919 -3.031132 3.512727 20.411173 -42.740643 -15.472251 -29.845343 -7.018053 8.227278
-44.770298 -20.052822 -24.286034 -8.513759 -3.783182 0.040838 18.018261 -39.929577 -18.397116 -27.739422 -3.550844 4.980355
-40.678440 -16.717531 -25.901304 -11.582840 0.169875 -2.833656 17.963772 -36.827583 -15.390890 -25.255758 -4.489188 4.881232
-43.138618 -20.992352 -26.649979 -15.873910 -5.340747 0.210588 17.772495 -38.096954 -15.597453 -24.593887 -6.034492 6.080057
-50.503601 -25.409365 -27.833431 -15.217331 -4.813015 3.279327 19.510761 -43.209881 -15.491998 -28.364931 -6.538067 10.659465
-37.498440 -13.908380 -23.216122 -12.199916 -3.763232 -3.701306 12.967286 -30.197546 -14.937387 -17.802366 -3.015359 5.088858
-37.083557 -14.446103 -24.486872 -10.615540 0.893860 -3.148631 17.591660 -34.369461 -16.504902 -25.452627 -3.223459 1.846490
-37.874474 -18.959595 -19.060087 -10.128370 -9.411441 0.779756 14.726362 -33.204422 -14.017598 -20.714231 -2.106331 0.668643
-42.166733 -23.626944 -21.640835 -11.914518 -5.614202 5.184685 18.971127 -38.889057 -12.372358 -26.959925 -6.819129 5.890641
-39.639542 -17.715128 -19.800278 -5.405818 -6.389503 -0.401146 15.203512 -35.057209 -17.118395 -23.512562 -3.258611 2.845568
-34.090099 -11.979995 -22.255486 -10.260638 -1.027273 -4.560690 15.803513 -31.177479 -15.920682 -21.335991 -0.893005 -0.207341
-37.618618 -13.190408 -29.367565 -17.637362 -1.056857 -5.769947 13.142042 -32.755920 -15.763375 -21.738382 -0.813203 1.902308
-39.968941 -18.955481 -25.722090 -13.803617 -2.045658 0.292352 18.022556 -36.609737 -15.342088 -25.538528 -5.440502 5.621548
-38.506218 -13.936106 -24.165752 -14.161107 -1.354302 -4.778336 14.361848 -32.475407 -13.153920 -19.179882 -2.371392 2.854563
-44.145985 -23.083527 -28.114887 -17.030703 -1.374931 3.007644 18.792137 -41.225018 -14.021443 -29.025963 -6.925827 9.320115
-35.360130 -12.941480 -22.541708 -7.489943 -0.391417 -4.063078 13.586789 -30.927010 -16.056442 -20.893934 -1.653087 4.638373
-59.423733 -9.254660 -35.371670 -10.996790 -20.549511 -28.690268 -21.232075 -8.037253 -34.567978 0.709436 17.059803 -0.262939
-52.722427 -15.959123 -22.990297 -3.022700 -27.817890 -27.795624 -25.419724 -16.456968 -19.589375 6.705036 12.418826 -1.737090
-71.458725 -15.866517 -35.541092 -6.543284 -23.054619 -23.551571 -13.469215 -26.722115 -35.250031 -8.168779 18.632507 -1.696392
-43.397301 -9.770136 -24.029327 -8.052333 -20.269615 -23.856602 -20.749392 -5.651829 -20.579796 6.665322 9.986988 0.169719
-75.063354 0.248512 -47.111980 -7.818272 -16.183735 -40.525890 -18.563707 -15.462182 -49.188843 -8.933218 22.689388 -8.582825
-40.674690 -0.915620 -27.683327 -4.850339 -17.526136 -30.599535 -19.259119 -6.041257 -27.254419 3.397995 10.671945 -1.478138
-68.688690 -12.042521 -43.396511 -12.049980 -5.447290 -23.566135 1.509736 -36.033241 -30.469158 -17.705853 9.986810 8.569266
-45.234711 -0.852070 -30.975534 -7.460698 -12.032952 -31.004057 -16.074373 -8.815686 -25.251192 1.564498 12.353351 -2.039283
-59.339390 -15.379918 -26.989006 -3.286720 -22.089310 -21.523758 -13.338847 -24.713768 -27.055939 -4.685434 15.013842 -3.142423
-53.001816 -7.935114 -28.210152 -2.725802 -26.767084 -30.173317 -24.628315 -6.021971 -31.429556 6.345100 13.403155 -2.032173
-49.539246 -12.178518 -23.199902 -10.734279 -20.781843 -20.880661 -16.054869 -11.816044 -19.856262 2.082999 10.608150 -1.933964
-48.604103 -5.958085 -26.348309 -3.911817 -21.032179 -29.244894 -22.138374 -10.624653 -25.238218 4.928906 12.945773 -3.341248
-49.226456 -7.699725 -25.427488 -9.641617 -22.018862 -25.588978 -20.070936 -9.094628 -24.573069 3.194826 14.408369 -6.686017
-42.368111 -6.497420 -25.545616 -7.949898 -21.716883 -24.984224 -23.597616 -3.937830 -25.120119 4.213924 12.439651 -2.719719
-48.118801 -3.002108 -29.483536 -6.470531 -17.080328 -26.701445 -9.073057 -15.695912 -31.321896 -4.921469 14.457973 -8.316039
-40.523216 -0.715108 -25.991764 -7.047596 -9.999230 -25.378195 -12.211289 -11.008029 -22.215200 0.084172 11.707839 -4.155319
-56.841084 -13.199329 -32.695248 -14.121245 -24.559614 -29.572231 -25.356222 -13.417248 -29.381474 1.254076 14.847812 -0.931028
-39.001770 -0.201914 -25.274242 -3.766454 -18.085752 -28.177200 -20.462090 -3.866611 -27.969025 -0.294691 13.382957 -9.465931
-50.441273 -16.015371 -22.705891 -4.214689 -17.951134 -14.222084 -8.883715 -21.262932 -24.957373 -8.938638 12.154036 -1.655946
-38.395252 -3.476668 -20.172903 -3.569984 -16.163055 -22.405487 -13.950835 -9.082931 -20.920528 1.698009 11.310123 -6.979245
-46.742416 -8.575814 -22.959536 -3.906224 -18.283495 -20.343323 -9.938157 -19.611124 -25.446381 -5.701212 14.219937 -9.698975
-42.696579 4.007536 -27.724972 -3.267312 -11.945750 -30.181110 -13.776954 -9.529846 -29.861090 -3.086055 13.465602 -11.416983
-43.469894 -3.792908 -25.278135 -8.439046 -15.772488 -22.043009 -11.341002 -7.925685 -26.150038 -2.419143 12.553544 -7.149636
-46.563465 -5.610867 -23.255310 -4.811854 -18.138784 -24.886366 -15.162120 -11.681443 -23.526991 0.383981 13.704024 -8.585505
-41.306541 -23.225054 -36.395344 -29.882637 -9.638085 -18.767675 -13.208873 -18.938826 -10.594433 -0.673420 -7.669081 20.350775
-21.590048 -14.054770 -18.814205 -15.984529 -7.801562 -4.404404 -4.524523 -8.871337 -7.792525 -2.276945 -5.123668 10.811885
-35.692486 -24.203156 -25.903112 -22.291809 -10.973082 -15.640374 -10.369256 -19.654928 -2.420071 0.628079 -8.150870 16.195257
-21.933678 -13.599950 -18.245745 -15.371930 -9.683146 -6.052509 -6.747175 -8.422949 -6.967069 0.072645 -6.044677 10.625467
-30.443899 -12.980472 -20.077806 -13.312877 -4.007794 -9.583858 -1.914566 -20.121191 -9.823556 -6.971807 -1.484981 10.105865
-18.795538 -12.654989 -15.019336 -12.827863 -7.556828 -7.335603 -7.105996 -8.123007 -4.127689 0.931647 -4.394383 8.965345
-28.866886 -18.822260 -21.559937 -18.579905 -14.179753 -10.577090 -11.977763 -10.377737 -7.524853 2.224194 -5.973318 12.477046
-23.698315 -16.936428 -18.937687 -18.485027 -9.666803 -9.910370 -9.442271 -10.418958 -1.985467 2.867029 -7.650256 11.918009
-32.499516 -21.620831 -26.124619 -22.831842 -9.210377 -9.913871 -9.269049 -14.218082 -6.426677 -1.239571 -6.036312 15.651534
-23.437593 -13.150794 -20.083101 -14.655440 -9.757939 -8.253765 -8.005584 -7.864325 -9.702003 0.263945 -4.500522 11.214437
-33.892258 -24.864267 -28.234137 -25.960381 -7.223773 -10.551805 -8.540453 -18.452688 -3.984001 -3.244906 -7.333992 16.980927
-21.014130 -12.260250 -18.789145 -13.169536 -9.474297 -9.989786 -7.554974 -7.706150 -6.239319 1.766995 -5.706522 10.724716
-30.421070 -19.293524 -25.962242 -21.506338 -7.083858 -9.800097 -6.953522 -14.711123 -6.472824 -2.052845 -6.262563 15.214538
-20.785475 -14.487252 -18.699720 -14.837312 -9.661251 -5.763434 -6.121429 -7.136356 -7.405892 -1.511793 -6.097017 10.386897
-38.073895 -25.878466 -30.080456 -27.330708 -9.480890 -11.276990 -9.041413 -19.268734 -6.517257 -2.608072 -7.836355 18.781086
-17.867115 -10.093791 -18.267973 -13.792957 -7.999332 -10.964245 -10.166568 -5.027835 -6.659963 3.196014 -4.164243 9.550386
-42.809822 -27.734695 -34.804535 -30.559772 -12.857153 -19.703705 -16.502441 -19.221680 -6.253109 2.691869 -8.830806 21.134691
-10.145358 -10.802121 -8.285304 -6.345306 -1.132510 -1.141376 -0.133471 -8.406886 -3.508091 -7.135932 -3.026049 4.655478
-36.984264 -19.631279 -26.095308 -17.916323 -9.175985 -11.795826 -8.346740 -16.724918 -11.401875 -3.324879 -0.870180 14.553627
-8.781363 -4.662783 -15.553794 -7.172283 -5.018928 -8.452629 -5.309298 -0.974391 -9.357597 -0.673570 -3.196492 5.704337
-40.198914 -21.723671 -31.582783 -24.691792 -7.060015 -12.732496 -6.858979 -20.247324 -11.422083 -5.452014 -5.317226 18.235144
-19.193169 -10.401522 -19.426567 -15.216637 -8.602792 -10.053209 -9.566123 -5.482585 -7.659459 2.726577 -5.122321 10.358145
-37.393314 -22.383490 -33.112602 -27.189789 -9.701408 -16.748178 -13.863929 -14.360857 -9.013843 1.473501 -6.000510 18.685438
-13.644557 -10.933560 -13.018532 -9.479395 -8.018066 -3.786447 -3.308064 -6.738870 -5.627645 -1.742633 -4.793140 7.584815
-33.729786 -24.705799 -16.616791 -13.814653 -13.299340 -4.611808 -4.920630 -19.366405 -4.062595 -5.225755 -4.761752 11.995003
-22.456589 -12.765238 -21.769249 -15.485684 -7.346552 -7.856298 -6.233245 -9.475818 -9.688354 -1.644923 -4.469984 11.838154
-37.527554 -21.631548 -25.801695 -17.140263 -5.744235 -9.106872 -0.074203 -24.684292 -7.732529 -11.254185 -5.977689 15.142891
-21.139713 -11.948164 -17.869917 -12.385319 -7.873640 -6.254711 -7.612206 -5.957091 -11.016986 -1.061600 -0.826065 9.299764
-40.975864 -27.826223 -30.010408 -27.378536 -11.041324 -13.481158 -11.992326 -18.396147 -4.453230 -0.575425 -7.580786 18.633900
-20.565905 -10.372875 -20.176554 -13.691092 -6.045095 -8.328641 -6.707624 -6.765084 -11.613543 -1.292544 -1.456174 10.175544
-34.351147 -23.811821 -27.553574 -24.643108 -8.460173 -11.918830 -8.527871 -18.895338 -3.569314 -2.057012 -8.749574 16.821806
-11.126793 -11.071179 -11.472266 -8.666815 -3.255839 -3.096217 -2.039464 -7.159376 -5.792201 -5.376794 -4.631391 6.616098
-33.985886 -21.873070 -25.868526 -22.827229 -7.890903 -8.575925 -6.424886 -16.854502 -6.751620 -3.626183 -6.718196 15.967474
-15.194564 -11.092609 -16.463213 -12.118387 -11.166987 -6.626468 -8.506643 -2.633993 -8.524437 1.554787 -5.596143 8.405945
-36.400009 -20.099840 -30.857761 -21.384058 -1.954504 -12.078190 -2.224880 -22.260162 -10.088526 -9.214579 -5.144841 17.038805
-22.764282 -12.831152 -17.342154 -12.699473 -12.506289 -9.048539 -12.301353 -2.619551 -9.233628 4.208055 -0.238124 8.666584
-37.853615 -21.614092 -29.628868 -23.072872 -6.908817 -10.930389 -5.504902 -21.183001 -9.384000 -6.027638 -5.238886 16.760004
-16.765522 -12.662839 -13.816839 -9.892199 -11.740331 -3.486961 -8.644646 -3.270386 -10.582186 0.589987 -1.418622 6.752813
-32.994637 -23.551647 -24.571299 -21.625387 -10.920585 -10.898643 -9.795096 -15.265964 -5.096303 -0.673762 -6.809943 15.771206
-21.676481 -15.285931 -17.697306 -14.952754 -8.705518 -6.381870 -8.981884 -6.736253 -7.694036 0.054603 -2.502100 10.422395
-33.977249 -13.514536 -26.418127 -11.379303 -5.726974 -15.817599 -6.246684 -17.711344 -14.979436 -7.503128 -0.645105 12.492390
-27.873241 -16.521446 -14.171861 -14.403538 -14.326670 -8.723620 -10.039458 -9.845349 -3.483941 4.133398 -2.581525 7.259978
-31.221912 -17.118963 -23.984724 -15.453810 -8.436322 -11.126482 -8.179231 -13.444769 -11.282139 -3.417658 -2.225022 13.306078
-14.613607 -11.303855 -14.515869 -10.461445 -7.821767 -4.778116 -4.214440 -6.226646 -5.568042 -1.460864 -5.331689 8.527364
-34.088142 -18.988319 -29.362694 -20.821363 -5.372499 -13.434167 -6.367056 -18.505489 -9.600639 -4.958307 -5.570584 15.863436
-23.548738 -17.579241 -18.667900 -14.648548 -11.791235 -5.145326 -4.687621 -10.513154 -7.035970 -2.159048 -7.243836 11.895313
-37.258778 -24.566980 -24.478905 -19.029703 -10.300875 -9.640076 -7.418824 -20.067825 -7.544574 -4.541824 -3.635215 15.502397
-25.974079 -13.407488 -23.576073 -16.932302 -5.195654 -8.658016 -5.521613 -10.478107 -11.090986 -3.307351 -2.872062 12.460538
-28.029139 -12.171146 -26.882229 -14.474547 -6.616914 -15.658525 -10.124956 -9.675218 -13.179473 -1.435329 -2.101151 13.099072
-24.277964 -13.155133 -20.865900 -14.378625 -7.192530 -10.014731 -8.424936 -8.329502 -9.197501 0.043955 -1.887768 11.075368
