-9.049397 10.822519 -18.983171 0.228399 -1.124185 -17.355019 -6.361306 -3.152243 -14.770012 -9.889133 0.561518 -12.549146
-11.745383 13.555114 -23.711990 0.700795 -1.379534 -20.856211 -7.240234 -5.274291 -18.874153 -13.309311 0.167458 -15.156363
-2.316566 8.499279 -12.742315 2.178544 -1.009283 -17.605234 -9.706375 -6.315178 -14.406009 -14.388358 -0.322602 -8.971303
-15.220737 14.928451 -27.143372 1.100763 -1.396515 -23.649149 -7.210196 -4.476994 -21.721556 -13.039495 1.131858 -16.920998
-15.498190 14.488570 -26.929838 1.222186 -1.104970 -23.606680 -6.820242 -4.522538 -21.615772 -12.470505 1.738382 -16.906136
-7.359088 8.797829 -17.017399 0.322246 1.666401 -15.956850 -4.651896 -2.914640 -15.928510 -10.422875 0.424625 -10.188490
-16.311806 14.494611 -28.901621 2.800140 0.380106 -24.843124 -6.644610 -7.795616 -24.891724 -16.473701 1.602441 -16.580189
-12.465322 9.737530 -20.953018 0.660309 0.203584 -19.095554 -5.397596 -2.243901 -18.929825 -8.833128 3.151582 -12.937059
-16.166197 13.562913 -26.944050 1.372862 0.562577 -22.011045 -5.244045 -4.758514 -22.353497 -13.294415 0.770819 -15.228390
-24.910343 14.898194 -32.351727 3.449015 -0.915973 -27.966280 -5.090424 -5.549012 -28.382189 -13.567512 3.968982 -18.619261
-8.634544 -15.576950 9.880756 -0.940515 -14.823836 0.968370 -6.800803 -13.868010 -1.425556 -10.183345 -0.350661 -7.392816
-10.864310 -13.739291 6.579804 -0.212800 -14.185238 1.535226 -4.820816 -12.900729 -3.132894 -11.590664 0.046969 -8.635090
-3.071537 -9.180799 6.073831 -1.362946 -8.077042 0.951224 -3.733240 -7.375061 -0.111250 -5.881816 -0.971690 -3.774512
-12.745091 -20.325054 13.050129 -0.585551 -18.956003 1.611512 -8.293648 -18.751600 0.323859 -10.765664 0.066699 -8.061849
-5.176050 -11.624036 7.363270 -0.936901 -10.900146 1.073891 -5.046622 -10.035003 0.347352 -6.641982 -0.551367 -5.240756
-16.110826 -20.883200 10.658883 -3.983968 -17.249132 3.897083 -4.347839 -14.635924 3.436647 -8.549016 -2.513771 -4.850018
-14.544966 -21.359838 13.944545 -0.568507 -17.125053 1.799663 -6.454099 -17.117046 -0.004720 -11.069973 -0.723149 -6.461640
-9.021268 -15.304814 8.637529 -1.271717 -15.062143 0.331917 -7.235578 -13.216363 -0.446498 -7.074006 0.549285 -5.909207
-10.808954 -18.675169 11.811253 -2.617637 -15.597524 3.457799 -5.590290 -15.250680 0.104307 -10.711864 -1.734522 -6.243070
-7.950651 -14.355666 8.267995 -1.465680 -12.848495 1.186500 -5.009116 -12.132276 -0.144789 -6.976960 0.300589 -5.520589
-25.219986 0.685733 -7.765193 11.532892 -8.797923 -14.986163 -4.905633 -13.247146 -16.653147 -11.718309 2.675794 -11.160002
-24.050390 -3.391552 -4.834493 10.988358 -7.812783 -12.207521 -3.152520 -14.557464 -15.418039 -12.512627 3.021221 -11.915323
-22.562189 0.298314 -7.940380 11.207399 -8.503221 -14.762595 -5.314680 -12.664253 -15.497987 -11.366776 2.951406 -11.869375
-24.196339 0.175560 -7.519792 11.934973 -10.777906 -15.288260 -7.057385 -15.072929 -14.039945 -11.982552 3.782664 -10.640051
-28.168026 -2.747356 -9.334664 10.420558 -6.905221 -13.894252 -1.634492 -14.935306 -16.128273 -11.787805 4.788972 -13.143891
-21.136597 0.941911 -10.170343 11.374137 -2.018156 -19.396347 -4.366122 -12.114735 -20.770327 -13.708319 3.581599 -12.312662
-23.337286 1.477933 -8.797469 11.308047 -7.972022 -16.614182 -6.262507 -11.100090 -16.174351 -9.363313 3.990104 -12.263138
-27.846521 0.708936 -9.465695 10.443392 -8.396523 -14.579975 -3.579665 -13.131263 -14.934887 -10.525572 3.220484 -12.814040
-24.940813 -1.700961 -6.483467 10.719332 -7.954768 -11.078057 -2.014605 -14.167309 -14.418901 -13.280611 1.666173 -11.895612
-23.026960 -2.259503 -4.990032 10.905973 -7.561158 -11.299884 -2.768742 -13.672201 -15.053041 -12.827034 1.980012 -12.260955
6.805018 -0.556410 -1.248454 -2.794641 -2.909566 -3.347659 -4.912102 -0.930057 -0.922177 -2.972847 -0.647854 -3.407894
6.955047 -0.507262 -1.376860 -2.842075 -2.968429 -3.372918 -4.985161 -1.015055 -0.891354 -3.045489 -0.639255 -3.521806
6.955047 -0.507262 -1.376860 -2.842075 -2.968429 -3.372918 -4.985161 -1.015055 -0.891354 -3.045489 -0.639255 -3.521806
6.955047 -0.507262 -1.376860 -2.842075 -2.968429 -3.372918 -4.985161 -1.015055 -0.891354 -3.045489 -0.639255 -3.521806
6.955047 -0.507262 -1.376860 -2.842075 -2.968429 -3.372918 -4.985161 -1.015055 -0.891354 -3.045489 -0.639255 -3.521806
6.955047 -0.507262 -1.376860 -2.842075 -2.968429 -3.372918 -4.985161 -1.015055 -0.891354 -3.045489 -0.639255 -3.521806
6.955047 -0.507262 -1.376860 -2.842075 -2.968429 -3.372918 -4.985161 -1.015055 -0.891354 -3.045489 -0.639255 -3.521806
6.539642 -0.792565 -1.057114 -2.750566 -3.372235 -3.281849 -4.909515 -1.243142 -0.494316 -2.741505 -0.447498 -3.340023
6.955047 -0.507262 -1.376860 -2.842075 -2.968429 -3.372918 -4.985161 -1.015055 -0.891354 -3.045489 -0.639255 -3.521806
6.796468 -0.587963 -1.207689 -2.773151 -2.922656 -3.331648 -4.905961 -0.959772 -0.897273 -2.953849 -0.629969 -3.395996
6.972177 -0.495429 -1.401539 -2.859874 -2.963582 -3.390349 -4.995846 -0.993941 -0.913430 -3.055688 -0.647213 -3.539614
6.955047 -0.507262 -1.376860 -2.842075 -2.968429 -3.372918 -4.985161 -1.015055 -0.891354 -3.045489 -0.639255 -3.521806
6.955047 -0.507262 -1.376860 -2.842075 -2.968429 -3.372918 -4.985161 -1.015055 -0.891354 -3.045489 -0.639255 -3.521806
6.955047 -0.507262 -1.376860 -2.842075 -2.968429 -3.372918 -4.985161 -1.015055 -0.891354 -3.045489 -0.639255 -3.521806
6.955047 -0.507262 -1.376860 -2.842075 -2.968429 -3.372918 -4.985161 -1.015055 -0.891354 -3.045489 -0.639255 -3.521806
6.955047 -0.507262 -1.376860 -2.842075 -2.968429 -3.372918 -4.985161 -1.015055 -0.891354 -3.045489 -0.639255 -3.521806
6.955047 -0.507262 -1.376860 -2.842075 -2.968429 -3.372918 -4.985161 -1.015055 -0.891354 -3.045489 -0.639255 -3.521806
6.908261 -0.385786 -1.448390 -2.826672 -2.942736 -3.437972 -5.035412 -0.940650 -0.974798 -3.037742 -0.668511 -3.529863
6.514901 -0.925296 -1.032229 -2.822518 -3.500242 -3.206827 -4.897280 -1.331414 -0.364688 -2.683010 -0.421940 -3.341220
6.955047 -0.507262 -1.376860 -2.842075 -2.968429 -3.372918 -4.985161 -1.015055 -0.891354 -3.045489 -0.639255 -3.521806
6.955047 -0.507262 -1.376860 -2.842075 -2.968429 -3.372918 -4.985161 -1.015055 -0.891354 -3.045489 -0.639255 -3.521806
6.955047 -0.507262 -1.376860 -2.842075 -2.968429 -3.372918 -4.985161 -1.015055 -0.891354 -3.045489 -0.639255 -3.521806
6.955047 -0.507262 -1.376860 -2.842075 -2.968429 -3.372918 -4.985161 -1.015055 -0.891354 -3.045489 -0.639255 -3.521806
6.955047 -0.507262 -1.376860 -2.842075 -2.968429 -3.372918 -4.985161 -1.015055 -0.891354 -3.045489 -0.639255 -3.521806
6.955047 -0.507262 -1.376860 -2.842075 -2.968429 -3.372918 -4.985161 -1.015055 -0.891354 -3.045489 -0.639255 -3.521806
6.955047 -0.507262 -1.376860 -2.842075 -2.968429 -3.372918 -4.985161 -1.015055 -0.891354 -3.045489 -0.639255 -3.521806
6.955047 -0.507262 -1.376860 -2.842075 -2.968429 -3.372918 -4.985161 -1.015055 -0.891354 -3.045489 -0.639255 -3.521806
6.950031 -0.470793 -1.391032 -2.831681 -2.962080 -3.386967 -4.991539 -1.014446 -0.904026 -3.066540 -0.647921 -3.531580
6.955047 -0.507262 -1.376860 -2.842075 -2.968429 -3.372918 -4.985161 -1.015055 -0.891354 -3.045489 -0.639255 -3.521806
6.955047 -0.507262 -1.376860 -2.842075 -2.968429 -3.372918 -4.985161 -1.015055 -0.891354 -3.045489 -0.639255 -3.521806
6.955047 -0.507262 -1.376860 -2.842075 -2.968429 -3.372918 -4.985161 -1.015055 -0.891354 -3.045489 -0.639255 -3.521806
6.955047 -0.507262 -1.376860 -2.842075 -2.968429 -3.372918 -4.985161 -1.015055 -0.891354 -3.045489 -0.639255 -3.521806
6.955047 -0.507262 -1.376860 -2.842075 -2.968429 -3.372918 -4.985161 -1.015055 -0.891354 -3.045489 -0.639255 -3.521806
6.955047 -0.507262 -1.376860 -2.842075 -2.968429 -3.372918 -4.985161 -1.015055 -0.891354 -3.045489 -0.639255 -3.521806
6.758757 -0.505383 -1.269513 -2.787399 -2.856690 -3.324475 -4.871104 -0.898538 -0.931391 -2.987736 -0.679867 -3.365415
6.955047 -0.507262 -1.376860 -2.842075 -2.968429 -3.372918 -4.985161 -1.015055 -0.891354 -3.045489 -0.639255 -3.521806
6.955047 -0.507262 -1.376860 -2.842075 -2.968429 -3.372918 -4.985161 -1.015055 -0.891354 -3.045489 -0.639255 -3.521806
6.345748 -0.888854 -1.095224 -2.705974 -3.765963 -3.162397 -4.929268 -1.669996 -0.022916 -2.623399 -0.227941 -3.469863
6.794235 -0.080416 -1.646528 -2.860408 -3.012422 -3.963151 -5.485354 -0.536440 -1.414492 -3.142947 -1.049829 -3.572634
6.664850 -0.611195 -1.327116 -2.969842 -2.744513 -3.383373 -4.832628 -0.685761 -1.002885 -2.783037 -0.724472 -3.131221
6.973044 -0.474851 -1.382060 -2.876746 -2.915697 -3.463545 -5.055876 -0.928081 -1.038176 -3.079022 -0.723904 -3.501107
6.955047 -0.507262 -1.376860 -2.842075 -2.968429 -3.372918 -4.985161 -1.015055 -0.891354 -3.045489 -0.639255 -3.521806
6.955047 -0.507262 -1.376860 -2.842075 -2.968429 -3.372918 -4.985161 -1.015055 -0.891354 -3.045489 -0.639255 -3.521806
6.955047 -0.507262 -1.376860 -2.842075 -2.968429 -3.372918 -4.985161 -1.015055 -0.891354 -3.045489 -0.639255 -3.521806
5.673979 0.131730 -2.356888 -3.374471 -2.934648 -4.865293 -5.591669 0.118978 -2.445356 -3.141698 -1.488716 -4.016774
6.955047 -0.507262 -1.376860 -2.842075 -2.968429 -3.372918 -4.985161 -1.015055 -0.891354 -3.045489 -0.639255 -3.521806
6.955047 -0.507262 -1.376860 -2.842075 -2.968429 -3.372918 -4.985161 -1.015055 -0.891354 -3.045489 -0.639255 -3.521806
6.955047 -0.507262 -1.376860 -2.842075 -2.968429 -3.372918 -4.985161 -1.015055 -0.891354 -3.045489 -0.639255 -3.521806
6.955047 -0.507262 -1.376860 -2.842075 -2.968429 -3.372918 -4.985161 -1.015055 -0.891354 -3.045489 -0.639255 -3.521806
6.955047 -0.507262 -1.376860 -2.842075 -2.968429 -3.372918 -4.985161 -1.015055 -0.891354 -3.045489 -0.639255 -3.521806
6.955047 -0.507262 -1.376860 -2.842075 -2.968429 -3.372918 -4.985161 -1.015055 -0.891354 -3.045489 -0.639255 -3.521806
6.952580 -0.481688 -1.386547 -2.834468 -2.963584 -3.381508 -4.988897 -1.015047 -0.899972 -3.060105 -0.645350 -3.528655
6.955047 -0.507262 -1.376860 -2.842075 -2.968429 -3.372918 -4.985161 -1.015055 -0.891354 -3.045489 -0.639255 -3.521806
6.955047 -0.507262 -1.376860 -2.842075 -2.968429 -3.372918 -4.985161 -1.015055 -0.891354 -3.045489 -0.639255 -3.521806
6.955047 -0.507262 -1.376860 -2.842075 -2.968429 -3.372918 -4.985161 -1.015055 -0.891354 -3.045489 -0.639255 -3.521806
6.955047 -0.507262 -1.376860 -2.842075 -2.968429 -3.372918 -4.985161 -1.015055 -0.891354 -3.045489 -0.639255 -3.521806
6.955047 -0.507262 -1.376860 -2.842075 -2.968429 -3.372918 -4.985161 -1.015055 -0.891354 -3.045489 -0.639255 -3.521806
6.955047 -0.507262 -1.376860 -2.842075 -2.968429 -3.372918 -4.985161 -1.015055 -0.891354 -3.045489 -0.639255 -3.521806
6.955047 -0.507262 -1.376860 -2.842075 -2.968429 -3.372918 -4.985161 -1.015055 -0.891354 -3.045489 -0.639255 -3.521806
6.955047 -0.507262 -1.376860 -2.842075 -2.968429 -3.372918 -4.985161 -1.015055 -0.891354 -3.045489 -0.639255 -3.521806
6.955047 -0.507262 -1.376860 -2.842075 -2.968429 -3.372918 -4.985161 -1.015055 -0.891354 -3.045489 -0.639255 -3.521806
6.955047 -0.507262 -1.376860 -2.842075 -2.968429 -3.372918 -4.985161 -1.015055 -0.891354 -3.045489 -0.639255 -3.521806
6.955047 -0.507262 -1.376860 -2.842075 -2.968429 -3.372918 -4.985161 -1.015055 -0.891354 -3.045489 -0.639255 -3.521806
6.955047 -0.507262 -1.376860 -2.842075 -2.968429 -3.372918 -4.985161 -1.015055 -0.891354 -3.045489 -0.639255 -3.521806
6.955047 -0.507262 -1.376860 -2.842075 -2.968429 -3.372918 -4.985161 -1.015055 -0.891354 -3.045489 -0.639255 -3.521806
6.955047 -0.507262 -1.376860 -2.842075 -2.968429 -3.372918 -4.985161 -1.015055 -0.891354 -3.045489 -0.639255 -3.521806
6.955047 -0.507262 -1.376860 -2.842075 -2.968429 -3.372918 -4.985161 -1.015055 -0.891354 -3.045489 -0.639255 -3.521806
6.955047 -0.507262 -1.376860 -2.842075 -2.968429 -3.372918 -4.985161 -1.015055 -0.891354 -3.045489 -0.639255 -3.521806
6.955047 -0.507262 -1.376860 -2.842075 -2.968429 -3.372918 -4.985161 -1.015055 -0.891354 -3.045489 -0.639255 -3.521806
6.955047 -0.507262 -1.376860 -2.842075 -2.968429 -3.372918 -4.985161 -1.015055 -0.891354 -3.045489 -0.639255 -3.521806
6.955047 -0.507262 -1.376860 -2.842075 -2.968429 -3.372918 -4.985161 -1.015055 -0.891354 -3.045489 -0.639255 -3.521806
6.955047 -0.507262 -1.376860 -2.842075 -2.968429 -3.372918 -4.985161 -1.015055 -0.891354 -3.045489 -0.639255 -3.521806
6.955047 -0.507262 -1.376860 -2.842075 -2.968429 -3.372918 -4.985161 -1.015055 -0.891354 -3.045489 -0.639255 -3.521806
6.955047 -0.507262 -1.376860 -2.842075 -2.968429 -3.372918 -4.985161 -1.015055 -0.891354 -3.045489 -0.639255 -3.521806
6.955047 -0.507262 -1.376860 -2.842075 -2.968429 -3.372918 -4.985161 -1.015055 -0.891354 -3.045489 -0.639255 -3.521806
6.955047 -0.507262 -1.376860 -2.842075 -2.968429 -3.372918 -4.985161 -1.015055 -0.891354 -3.045489 -0.639255 -3.521806
6.955047 -0.507262 -1.376860 -2.842075 -2.968429 -3.372918 -4.985161 -1.015055 -0.891354 -3.045489 -0.639255 -3.521806
6.955047 -0.507262 -1.376860 -2.842075 -2.968429 -3.372918 -4.985161 -1.015055 -0.891354 -3.045489 -0.639255 -3.521806
6.955047 -0.507262 -1.376860 -2.842075 -2.968429 -3.372918 -4.985161 -1.015055 -0.891354 -3.045489 -0.639255 -3.521806
6.955047 -0.507262 -1.376860 -2.842075 -2.968429 -3.372918 -4.985161 -1.015055 -0.891354 -3.045489 -0.639255 -3.521806
6.955047 -0.507262 -1.376860 -2.842075 -2.968429 -3.372918 -4.985161 -1.015055 -0.891354 -3.045489 -0.639255 -3.521806
5.630720 1.031380 -3.044424 -2.934792 -2.772446 -5.297777 -5.710650 -0.380909 -2.656978 -3.961910 -1.411008 -4.504535
6.955047 -0.507262 -1.376860 -2.842075 -2.968429 -3.372918 -4.985161 -1.015055 -0.891354 -3.045489 -0.639255 -3.521806
6.955047 -0.507262 -1.376860 -2.842075 -2.968429 -3.372918 -4.985161 -1.015055 -0.891354 -3.045489 -0.639255 -3.521806
6.955047 -0.507262 -1.376860 -2.842075 -2.968429 -3.372918 -4.985161 -1.015055 -0.891354 -3.045489 -0.639255 -3.521806
6.955047 -0.507262 -1.376860 -2.842075 -2.968429 -3.372918 -4.985161 -1.015055 -0.891354 -3.045489 -0.639255 -3.521806
6.955047 -0.507262 -1.376860 -2.842075 -2.968429 -3.372918 -4.985161 -1.015055 -0.891354 -3.045489 -0.639255 -3.521806
6.955047 -0.507262 -1.376860 -2.842075 -2.968429 -3.372918 -4.985161 -1.015055 -0.891354 -3.045489 -0.639255 -3.521806
6.955047 -0.507262 -1.376860 -2.842075 -2.968429 -3.372918 -4.985161 -1.015055 -0.891354 -3.045489 -0.639255 -3.521806
6.955047 -0.507262 -1.376860 -2.842075 -2.968429 -3.372918 -4.985161 -1.015055 -0.891354 -3.045489 -0.639255 -3.521806
6.955047 -0.507262 -1.376860 -2.842075 -2.968429 -3.372918 -4.985161 -1.015055 -0.891354 -3.045489 -0.639255 -3.521806
6.955047 -0.507262 -1.376860 -2.842075 -2.968429 -3.372918 -4.985161 -1.015055 -0.891354 -3.045489 -0.639255 -3.521806
6.955047 -0.507262 -1.376860 -2.842075 -2.968429 -3.372918 -4.985161 -1.015055 -0.891354 -3.045489 -0.639255 -3.521806
6.955047 -0.507262 -1.376860 -2.842075 -2.968429 -3.372918 -4.985161 -1.015055 -0.891354 -3.045489 -0.639255 -3.521806
6.955047 -0.507262 -1.376860 -2.842075 -2.968429 -3.372918 -4.985161 -1.015055 -0.891354 -3.045489 -0.639255 -3.521806
6.955047 -0.507262 -1.376860 -2.842075 -2.968429 -3.372918 -4.985161 -1.015055 -0.891354 -3.045489 -0.639255 -3.521806
6.955047 -0.507262 -1.376860 -2.842075 -2.968429 -3.372918 -4.985161 -1.015055 -0.891354 -3.045489 -0.639255 -3.521806
6.639539 -0.278059 -1.763598 -3.273514 -2.763733 -3.590595 -5.034611 -0.278087 -1.180168 -2.974706 -1.101091 -3.355475
6.426499 -0.449255 -1.507720 -2.913313 -2.817329 -3.578032 -4.974635 -0.450149 -1.216296 -2.725513 -0.554320 -3.415473
6.955047 -0.507262 -1.376860 -2.842075 -2.968429 -3.372918 -4.985161 -1.015055 -0.891354 -3.045489 -0.639255 -3.521806
-11.152170 12.955461 -21.887762 0.445732 -1.633615 -19.706560 -7.340618 -4.379092 -17.400126 -12.572056 -0.770499 -14.089645
-16.237587 13.753058 -25.355614 2.109850 -0.776136 -21.435986 -5.959204 -5.306732 -22.513777 -14.310061 -0.960495 -13.639361
-12.038361 12.941133 -22.312965 0.714702 -1.169276 -20.020725 -6.824023 -4.087045 -18.333603 -12.291273 -0.140772 -14.531286
-12.709655 13.114454 -23.289467 1.352458 -1.221085 -20.107029 -6.676572 -4.800142 -19.814539 -13.244617 -0.476290 -13.827827
-13.714479 13.396697 -24.633018 2.020534 -0.758991 -21.096870 -6.423750 -6.294804 -20.745556 -14.264025 0.396168 -14.666699
-6.463458 8.034841 -13.891257 -1.104926 -2.289843 -14.957866 -6.648504 -1.318982 -10.591933 -6.755333 -0.708406 -10.328539
-10.428146 10.049262 -18.521223 -1.081675 -1.031075 -18.445688 -6.345612 -0.523168 -14.799154 -7.708763 -0.689852 -12.816795
-11.767168 12.597739 -20.460562 0.304051 -1.093455 -20.281044 -7.261582 -2.996636 -17.178455 -11.238069 -0.913760 -14.521880
-7.928024 10.383494 -15.976255 -0.128305 -2.518901 -16.726521 -7.326625 -3.177480 -12.200889 -9.199031 -0.851767 -12.180903
-14.486531 14.492457 -25.506615 1.550640 -2.412089 -21.963762 -7.439825 -5.043323 -21.143621 -13.862065 -0.736522 -15.132509
-8.864028 11.171569 -18.755398 -0.144114 -1.615472 -17.096298 -6.650750 -3.090185 -14.201113 -10.240108 -0.549236 -12.673311
-13.738216 13.160626 -23.170315 1.022314 -0.432420 -20.985361 -6.362483 -3.543133 -19.906624 -12.172750 -0.260974 -14.598533
-6.988676 7.739554 -13.437411 -0.244625 -2.400611 -14.100820 -6.055277 -1.929930 -9.571848 -6.218997 0.459199 -9.692201
-0.705045 5.894712 -9.661320 -1.130276 -0.775180 -9.776488 -5.137646 -1.852191 -7.278414 -6.285798 -0.226690 -7.577209
-14.005522 10.031754 -21.055632 2.272371 -0.340975 -17.323074 -4.031551 -5.434426 -17.436630 -10.841986 0.294645 -9.940685
-14.560199 11.752489 -22.383085 2.862463 -0.543102 -19.609976 -5.190315 -6.044187 -20.654865 -13.359922 0.066632 -12.517019
-15.656755 13.720719 -26.187117 3.094137 -1.488427 -21.860285 -6.986073 -7.250913 -21.981541 -15.471450 -0.070891 -13.249813
-11.526672 12.997818 -20.807861 0.315467 -1.735267 -20.368176 -7.685892 -3.438287 -17.354845 -11.906779 -0.957042 -14.564734
-16.046082 13.609632 -23.792376 1.963610 -1.463189 -21.629143 -6.287684 -3.550073 -22.299355 -12.574336 -1.101426 -14.413701
-19.363123 15.034947 -29.071836 2.063129 -1.216872 -24.222391 -6.303465 -4.079944 -25.597862 -14.171633 0.330649 -16.619066
-14.619108 11.114260 -21.244932 0.660738 1.029665 -18.168592 -4.424473 -1.879939 -18.680708 -9.802704 -1.197242 -11.523332
-7.940397 10.621930 -16.745878 0.063600 -1.921592 -16.689241 -6.912345 -3.347194 -13.178102 -9.578064 -0.292821 -12.229860
-9.987417 11.494343 -19.224476 0.281226 -1.141500 -18.672739 -6.545553 -3.345167 -15.339984 -9.919525 0.310886 -13.496184
-12.996174 13.051317 -22.643160 1.327963 -2.124643 -20.459484 -6.957726 -4.477694 -18.519863 -11.703203 0.098077 -14.424063
-16.388491 14.932341 -27.540699 2.336943 -2.520542 -23.356306 -7.555361 -8.005952 -20.970102 -15.032683 1.128002 -16.848101
-14.476382 13.201744 -22.376722 1.437002 -3.120696 -21.890696 -7.704208 -4.758223 -18.422106 -11.561151 -0.088612 -14.455306
-14.813859 14.559723 -24.895775 0.744455 -1.692161 -23.359411 -7.733594 -3.700873 -20.087831 -12.251970 0.217181 -16.433971
-17.460602 15.969921 -28.475586 1.694457 -1.802037 -25.228304 -7.918965 -5.555930 -23.000305 -14.432943 0.470806 -17.561823
-9.797302 11.827255 -20.067436 0.285489 -2.009668 -18.642588 -7.304855 -3.905757 -15.079219 -10.763756 0.154094 -13.402670
-11.590117 11.212866 -20.153366 0.089011 -0.941584 -18.764318 -6.111232 -2.874085 -15.329624 -9.365544 0.277055 -12.968346
-14.775425 13.728299 -24.830494 1.340842 -0.534140 -21.977081 -6.811774 -3.216802 -22.102968 -12.962131 -0.553087 -14.916256
-11.833089 12.422801 -22.377897 1.187500 -1.322848 -19.093971 -6.455204 -5.488755 -17.741375 -12.630972 -0.114046 -13.176688
-15.951769 13.522540 -25.523624 2.195374 -2.374125 -21.039568 -6.245987 -6.419778 -21.481119 -14.319280 -0.070162 -14.366727
-13.715523 12.166692 -23.095734 2.640245 -1.098872 -19.796824 -6.125169 -6.034639 -19.236366 -12.844643 0.269464 -12.413951
-16.757113 13.931105 -26.941706 2.683577 -0.698031 -22.343079 -6.081964 -6.714270 -23.801157 -15.506596 -0.141330 -14.656482
-14.742142 12.030572 -23.862617 2.389286 -1.060809 -20.243143 -5.300314 -6.373276 -20.241056 -12.798819 1.468404 -14.056879
-14.498275 11.009457 -22.574974 2.208859 -1.301399 -18.816492 -4.696616 -6.175475 -19.159731 -11.962472 1.338043 -13.187000
-14.421334 13.233354 -24.784117 2.296144 -1.076349 -20.624897 -6.115207 -6.643585 -21.650824 -14.942834 -0.513101 -13.604776
-14.043469 12.957726 -23.177263 1.152274 -0.962151 -21.095100 -6.450580 -2.671856 -20.652435 -11.432870 -0.040980 -14.746064
-14.402779 10.801334 -22.004171 -0.295540 2.764963 -20.430008 -4.139028 0.732487 -20.996401 -8.302799 -0.371871 -13.134418
-21.490372 18.837458 -34.490021 3.162246 -1.622982 -28.918020 -8.679968 -8.787926 -28.062241 -19.323912 0.096153 -19.524620
-11.175462 12.796718 -21.086807 0.249115 -2.002287 -20.150064 -8.031538 -3.947908 -16.210014 -11.896060 -0.904338 -14.246464
-12.648688 12.571238 -21.721516 0.776780 -2.549312 -19.684597 -6.905332 -3.234604 -18.967100 -11.290849 -1.143486 -13.316417
-9.084243 9.965147 -17.674561 2.043188 -0.988450 -16.528290 -6.757148 -5.092103 -15.667410 -12.751781 -1.549032 -8.231010
-11.897022 13.380709 -22.038282 0.556952 -2.101362 -20.735792 -7.823005 -3.674347 -18.580544 -12.665887 -1.251874 -14.437155
-11.569674 11.219969 -20.099491 1.627337 -2.526685 -17.434904 -6.504865 -4.077946 -17.244780 -11.542827 -1.365017 -10.043075
-9.785900 11.617366 -20.312508 0.158568 0.294937 -18.714956 -6.224551 -3.355707 -17.800524 -12.147877 -0.863141 -12.934495
-13.963829 14.642595 -24.751736 0.908039 -1.692941 -22.522533 -8.052943 -3.912324 -22.021893 -14.592793 -1.968997 -15.057516
-16.108784 14.042405 -25.331451 2.632971 -2.583323 -21.254766 -7.055983 -5.767517 -21.937771 -14.771287 -1.642435 -13.057221
-13.760029 14.257668 -23.852457 -0.379738 -1.210866 -23.992651 -8.448280 -2.257781 -21.206978 -12.816155 -2.211112 -16.618361
-17.152672 16.591393 -28.965027 1.281630 -1.752045 -25.572628 -8.340702 -5.371514 -23.469870 -15.455507 -0.309511 -17.987425
-18.187143 16.746330 -28.738436 2.105046 -2.420690 -25.850107 -8.539026 -5.937253 -24.442030 -15.995472 -0.882216 -17.483938
-21.349953 17.459305 -31.382437 3.217261 -2.547038 -27.011902 -8.300812 -6.380570 -28.127726 -17.924618 -2.123037 -16.391672
-16.461666 15.139394 -28.212320 2.717766 -0.070751 -24.337748 -7.056135 -6.902611 -24.679497 -16.636118 -0.289187 -15.508893
-17.913574 16.928001 -29.831154 1.562809 -1.133403 -26.267452 -8.450201 -5.453218 -25.327030 -16.832823 -0.893522 -17.223764
-13.985584 13.916361 -25.117540 2.957232 -1.069002 -22.162670 -7.739023 -6.728418 -22.283640 -15.987732 -1.081251 -12.796589
-8.271517 9.509738 -18.200466 0.940499 0.059391 -15.949797 -5.030391 -4.738053 -15.641573 -11.276476 0.423252 -10.862759
-20.836208 19.274204 -32.436054 1.712507 -1.984987 -30.211443 -9.705027 -6.051121 -26.934214 -17.526621 -0.987920 -20.960691
-6.018734 8.975317 -14.334217 -0.402979 -2.840476 -14.737613 -7.193426 -3.162788 -9.922237 -8.059698 -0.573384 -10.487666
-14.812898 15.292836 -24.634186 0.862716 -2.285742 -24.233686 -8.719210 -4.353902 -19.703533 -13.192461 -0.964167 -17.326786
-19.973255 14.924670 -28.705183 3.732292 -1.509612 -23.937439 -6.430165 -7.404668 -25.006306 -15.842857 -0.215959 -14.735120
-18.860004 17.866858 -31.561699 1.597688 -1.125993 -27.594456 -8.958792 -5.785954 -25.900465 -17.188719 -0.503416 -18.712282
-20.230850 18.138880 -31.296669 2.448960 -2.509394 -27.664532 -9.252344 -6.648296 -26.479412 -17.748278 -1.492912 -18.360329
-22.098333 18.463694 -33.692085 3.195471 -2.237344 -28.202713 -8.590466 -7.852370 -28.848322 -19.494120 -1.277857 -18.015690
-20.855192 19.194565 -32.857967 1.900240 -2.644195 -29.830366 -9.905258 -6.348596 -26.556095 -17.550938 -0.840303 -20.489197
-21.248478 18.997801 -32.748482 1.683995 -1.757968 -29.715603 -9.147118 -5.697514 -27.170359 -17.167784 -0.579193 -20.416479
-20.864676 17.108103 -31.792158 2.716639 -2.017475 -27.159155 -7.968087 -7.155370 -26.601421 -17.305416 0.149211 -17.752035
-16.101835 16.103945 -26.648592 0.544096 -1.600372 -25.539185 -8.909952 -4.448704 -21.882528 -14.563976 -1.705540 -17.722031
-22.391134 15.741123 -31.553240 3.594093 -2.364107 -25.486029 -6.426354 -8.600804 -25.912548 -16.799866 0.545174 -16.457054
-12.928169 13.238181 -24.356398 2.682952 -0.805120 -21.756618 -7.875523 -6.632495 -21.203007 -15.388951 -0.667666 -12.299111
-22.714891 17.768942 -33.658516 3.652826 -2.399314 -27.119680 -7.387066 -8.177641 -28.077868 -18.205534 -0.458607 -17.448292
-22.365896 20.737587 -34.980095 1.790233 -3.396123 -31.900478 -10.525639 -6.650829 -27.135647 -18.031158 -1.188128 -22.575790
-19.570354 19.328348 -32.708965 1.263014 -1.644843 -30.012463 -9.899456 -5.794950 -26.695023 -17.885902 -1.598100 -20.728910
-17.520109 14.773344 -26.930309 3.450855 -1.805815 -22.764782 -7.337901 -6.448312 -23.753651 -15.886477 -1.298026 -13.531219
-14.307191 14.000126 -23.111984 1.139366 -2.481470 -21.811060 -7.646077 -4.342454 -19.980047 -13.081461 -1.237839 -14.860044
-18.673359 16.509951 -29.319206 2.583487 -2.136307 -25.443316 -7.959386 -6.925758 -24.761721 -16.260187 -0.384914 -16.911350
-15.923658 15.954487 -26.842400 0.953355 -2.042394 -24.953981 -8.540112 -4.850283 -21.975603 -14.620753 -0.906420 -17.342484
-17.167120 16.196625 -27.547609 0.802230 -0.577326 -25.954819 -8.117397 -3.154000 -25.288914 -15.421952 -1.989404 -17.428625
-18.704935 15.579203 -28.437834 3.971230 -2.079922 -24.922451 -8.174644 -7.356067 -23.838211 -16.491398 -0.908155 -14.408302
-20.951399 19.855536 -33.630630 2.184946 -2.830535 -30.143713 -10.282785 -7.053163 -27.696777 -18.908531 -1.083074 -20.838024
-13.512502 13.295660 -22.231003 -0.023144 0.150750 -22.016609 -7.299763 -2.390176 -19.786613 -12.192344 -1.987816 -15.037405
-22.589497 18.186159 -32.445263 3.294106 -2.714740 -28.205236 -8.317701 -6.541632 -28.756054 -17.597733 -1.079053 -17.955538
-18.375931 14.680415 -26.957083 2.665124 -1.970369 -23.136166 -6.723053 -6.425051 -23.905054 -15.656116 -1.002789 -14.186577
-22.287144 18.856083 -33.155567 3.012996 -2.924779 -29.872068 -9.252701 -7.931624 -27.460443 -18.000259 0.103971 -20.084398
-20.801378 18.709726 -32.208401 2.399130 -2.080716 -29.202137 -9.227407 -6.214006 -27.571964 -17.828926 -0.798742 -19.544634
-10.275491 11.837963 -19.115919 -0.007150 -2.762033 -19.172232 -8.125528 -3.643390 -13.888712 -10.361369 -0.906130 -13.726043
-18.975063 18.413580 -30.835516 1.625383 -3.081752 -28.327942 -9.839451 -6.478833 -24.624239 -16.860250 -0.904858 -19.730780
-21.949886 15.901447 -32.744274 3.359095 -1.750392 -26.065775 -6.183321 -9.617405 -25.410973 -17.483297 0.953880 -16.463144
-17.214960 17.645180 -29.116817 1.002553 -2.324527 -27.366352 -9.929037 -5.410649 -23.757627 -16.442205 -1.637223 -19.071745
-11.606423 11.521927 -20.834570 2.017837 -1.772645 -17.420952 -5.990950 -5.425371 -17.617256 -12.375928 -0.843483 -11.093843
-18.158842 -25.483364 16.792669 -2.192754 -21.610704 3.564946 -8.132526 -18.914074 1.336557 -12.769633 -2.986880 -7.418737
-10.651473 -18.042725 13.322734 -1.148134 -15.549599 -1.544755 -8.135794 -13.027357 -0.373527 -8.825332 -1.269322 -5.650192
-14.540809 -21.160719 12.856391 -2.317242 -16.621944 1.196984 -6.077283 -14.550444 -0.431588 -8.890052 -0.833311 -4.938407
-20.464539 -27.397316 19.297045 -0.388253 -22.421518 1.195650 -10.043140 -20.053745 -1.908960 -15.904483 -3.195405 -8.429619
-12.691295 -18.275270 13.147761 1.826955 -16.637430 -1.282665 -8.328991 -17.230587 -2.231626 -10.714489 0.793135 -7.656285
-14.930356 -21.561485 15.111942 -0.847715 -17.586468 1.194570 -7.484391 -16.174385 -1.699419 -11.955899 -1.369346 -6.461124
-9.680815 -16.160465 11.704519 -0.289810 -13.331094 -0.604484 -6.767278 -12.404660 -1.372117 -8.453307 -0.418790 -4.833892
-10.663085 -16.671711 9.896319 -2.665102 -13.563205 2.079605 -4.737144 -12.469872 -0.766322 -8.414251 -1.890166 -4.775120
-6.576213 -12.440718 7.116065 -1.834957 -10.617799 2.866869 -3.488954 -10.305612 -0.173704 -7.802227 -1.248856 -4.603120
-13.783079 -20.787840 14.357510 -1.291582 -17.324173 1.580852 -7.298284 -16.709763 -1.044325 -11.333167 -1.221324 -6.319313
-11.484250 -19.600794 12.803143 -2.692579 -16.569099 2.776257 -6.694625 -15.682658 0.616440 -9.650064 -1.828875 -5.415476
-11.935574 -20.056820 14.562088 -0.839042 -16.621088 0.093879 -8.200211 -14.626378 -1.583634 -11.255008 -1.392758 -6.071877
-10.006595 -14.177727 8.074984 -1.289591 -12.562142 1.427243 -4.608486 -12.367892 -2.394670 -9.439945 -1.602028 -6.116957
-11.426282 -16.152493 8.519836 -1.332044 -12.552322 0.324283 -3.855129 -11.215698 0.353746 -6.307816 0.836508 -4.623394
-11.018386 -16.642923 10.221277 -1.677692 -14.704152 2.643680 -5.470472 -14.703305 -1.488644 -11.252089 -1.875691 -6.986331
-11.600487 -15.857284 10.921914 0.430712 -11.995571 -0.949974 -5.283450 -12.089761 -1.939124 -9.027139 -0.725335 -4.482968
-10.649480 -14.517146 9.246014 -0.743239 -12.828355 0.943285 -5.356677 -12.267654 -2.190412 -8.913242 -1.443099 -5.957850
-10.949661 -18.611431 12.110804 0.017416 -17.573275 0.171863 -8.616648 -17.396431 -1.164210 -10.802374 1.372878 -8.386215
-10.711803 -16.398350 10.539231 0.288689 -16.955214 0.115240 -8.397482 -14.725067 -2.854616 -10.706437 -0.243743 -7.361702
-12.027741 -20.881290 11.040341 -2.111902 -19.926174 1.964396 -8.202087 -18.669973 0.619557 -10.857643 1.206678 -10.541271
-4.020458 -7.840770 3.361930 -0.736461 -8.249872 1.679826 -2.845644 -7.412174 -0.111181 -5.894446 -0.416641 -4.946393
-12.566318 -20.349159 12.163610 -0.800493 -18.102423 0.905172 -7.678552 -18.612286 -0.594068 -10.279554 0.626555 -7.516098
-14.288625 -22.862228 15.845047 -2.476450 -19.053886 0.854205 -8.870996 -15.741716 -0.194401 -10.414701 -2.724460 -5.465072
-10.019016 -16.819580 11.612929 -2.154986 -13.865929 1.995686 -5.774147 -12.908389 -0.583781 -9.543811 -1.953723 -4.897139
-13.539954 -19.722277 13.009025 -2.094235 -16.485426 1.336468 -6.875075 -13.900663 -1.074305 -10.083345 -1.244333 -5.792789
-15.565971 -23.197609 16.399330 -1.133977 -19.634226 1.392917 -8.829643 -17.261879 -1.464937 -12.018924 -2.532149 -6.264897
-14.061936 -22.393934 14.462603 -2.257003 -17.908731 2.946572 -6.584254 -16.807865 0.316224 -11.153159 -2.440917 -5.285962
-14.717679 -21.505928 13.085485 -2.118747 -16.606634 1.307556 -5.860552 -14.128744 -0.273784 -8.210522 -2.307367 -3.540693
-12.700564 -17.813423 13.327242 0.379773 -15.537735 -0.778124 -8.106085 -14.029280 -1.821245 -11.037842 -1.566809 -6.110768
-16.237183 -18.700081 12.743393 0.448172 -15.577286 -0.645715 -7.507747 -13.070138 -1.138112 -9.280499 -3.003217 -6.037258
-10.597513 -15.093372 9.305009 -0.954001 -8.756207 -3.913523 -4.390797 -7.685787 -4.932441 -4.154914 -1.160186 0.391273
-12.200680 -18.060270 11.155116 -1.786578 -15.637857 3.181397 -5.590564 -15.463087 -0.684576 -11.145316 -2.088826 -6.927230
-13.348682 -19.193680 11.366569 -0.454238 -17.909239 1.687008 -6.939614 -17.003847 -0.373365 -10.130406 -0.018918 -7.362406
-13.856432 -17.836613 9.062822 -1.851719 -15.094209 4.110895 -3.529204 -15.856556 -0.837324 -11.139832 -3.067509 -7.082975
-15.997690 -23.384657 14.417834 -3.705030 -17.781256 2.779996 -6.106963 -16.504728 -1.395227 -11.206647 -2.064509 -5.303202
-12.427314 -17.376408 12.545950 -0.833168 -15.291720 1.832109 -6.529676 -13.984197 -1.052864 -10.869594 -2.643284 -6.011012
-11.004574 -13.911224 7.750226 -0.378252 -12.543983 1.802305 -4.012513 -13.406810 -2.807314 -10.735409 -2.039081 -6.597805
-10.587358 -16.123108 9.798672 -1.315095 -14.058583 1.114030 -5.602464 -13.518593 -2.147031 -9.004790 -0.137469 -5.353947
-12.685853 -19.521286 12.552988 -1.652451 -16.739328 2.548305 -6.571591 -16.082544 -0.360518 -10.458424 -0.833195 -6.460251
-15.719851 -21.794891 12.078120 -2.015398 -18.697210 1.924123 -6.639485 -19.170490 -1.649089 -11.156438 1.143512 -7.220070
-10.862199 -18.492668 12.296146 -1.195633 -16.019356 0.046401 -7.012381 -13.832365 -0.013075 -9.314283 -1.295017 -6.267076
-11.662791 -18.755781 13.782008 -1.007736 -16.125799 -1.158798 -8.211637 -13.673536 -1.028287 -9.488505 -1.404651 -5.671024
-11.969342 -20.829784 13.809025 -2.705037 -17.585964 0.061422 -8.067594 -14.908803 -0.312875 -9.629965 -0.922989 -6.212963
-10.453353 -17.704115 13.351952 -0.027925 -15.889337 -3.360880 -9.054754 -12.486834 -1.165776 -7.516056 -0.647397 -5.424388
-12.375758 -16.546076 11.735052 0.581633 -14.422298 -0.553678 -6.355196 -13.746226 -1.040732 -9.709237 -1.863488 -6.121845
-12.337972 -20.220076 12.645578 -3.212775 -16.394569 -0.123661 -6.765048 -15.006674 0.472517 -8.965833 -0.423501 -6.273278
-14.257454 -22.540947 14.610695 -1.569210 -19.114321 0.948126 -7.733884 -17.619694 0.693768 -10.731689 -0.239994 -7.525084
-14.977018 -22.094566 13.901884 -1.442212 -18.622162 -1.791654 -8.193001 -16.660000 -0.403162 -9.342243 1.254835 -7.654729
-12.248022 -20.014687 13.321656 -1.948426 -15.417136 -0.758075 -6.800471 -14.502263 -0.011701 -9.276056 -1.347596 -4.874123
-12.866270 -20.812506 13.534137 -1.476203 -17.842505 -0.480067 -7.899139 -15.572452 0.628247 -8.927134 0.040210 -6.738539
-10.639134 -15.085225 9.504261 -1.829499 -10.575947 -4.364105 -6.537357 -8.679781 -1.759381 -4.080951 -2.874024 -1.357189
-14.857760 -18.367823 12.043322 -0.446582 -15.775895 0.998699 -5.545413 -14.064732 -0.866923 -9.971632 -3.298658 -5.905823
-14.507262 -23.496067 14.960239 -2.158602 -18.717806 0.921753 -7.194232 -17.392324 0.216798 -11.574460 -1.346789 -7.226872
-9.631085 -15.149323 11.129631 -1.585202 -12.525349 -4.775864 -7.646010 -8.746830 -1.469134 -4.516701 -1.893800 -3.362779
-13.238831 -18.064394 11.875159 -0.375287 -13.757244 -2.556111 -6.397553 -12.800025 -1.555710 -8.040182 -1.923851 -5.376935
-15.137997 -19.639297 13.505684 -0.289244 -15.992866 -1.844128 -7.402598 -14.459308 -1.586313 -9.723851 -2.509683 -6.450469
-12.502848 -21.222219 14.537858 -2.178781 -17.557358 -1.763566 -8.577431 -15.564125 -0.484182 -9.711551 -0.031999 -6.720078
-15.817583 -24.550785 17.169760 -2.886120 -20.429037 -0.047241 -9.744787 -17.075642 -0.750792 -11.268270 -2.468785 -5.866520
-10.509742 -19.039806 11.312484 -2.416698 -16.134954 1.130285 -6.079278 -14.855983 1.635813 -8.787388 -0.021251 -7.142327
-12.749130 -20.021118 11.241410 -1.628418 -17.813297 3.440186 -5.831982 -16.388275 2.293321 -9.324251 -0.933188 -7.331085
-13.343865 -22.593628 14.835431 -3.112713 -18.735455 0.982045 -7.992864 -16.974745 0.012485 -10.990414 -1.059625 -6.810508
-12.346628 -20.078026 13.220350 -2.309808 -15.518700 0.101490 -6.278267 -15.018457 0.107903 -9.775255 -1.232984 -5.703535
-13.611378 -16.790962 11.205393 0.115243 -13.381822 -1.519165 -6.098691 -12.878867 -1.766213 -8.814597 -2.218729 -5.902552
-13.563059 -22.025440 13.400702 -3.436999 -17.734968 -0.706558 -7.526677 -16.223883 -0.467526 -9.602293 0.405632 -6.868054
-13.773521 -22.048294 12.144160 -1.870499 -19.379156 3.330447 -6.423699 -17.979795 2.857671 -9.381835 -0.731560 -7.624937
-13.307590 -22.309166 15.734391 -1.889856 -19.267178 -1.892422 -9.965925 -15.423334 -0.962454 -9.720656 -0.971805 -6.430368
-12.900832 -21.486212 14.430639 -2.373424 -17.962725 0.262165 -8.187079 -15.559472 -0.744847 -10.079849 -1.017188 -5.799177
-14.083507 -19.185566 11.910395 -0.948375 -14.937257 0.397003 -5.333820 -14.608985 0.569561 -9.095717 -1.646721 -5.757343
-13.353872 -20.046579 10.751592 -1.371468 -18.284410 3.004220 -5.952661 -16.377605 2.701775 -8.379421 -0.343559 -7.130220
-12.387849 -19.916368 10.889815 -3.885418 -16.270636 -1.492297 -6.796972 -13.049497 0.261829 -6.102467 -0.093940 -4.506118
-10.969048 -18.496653 12.963803 -1.548657 -15.105120 -1.990156 -7.470747 -13.103383 -0.259067 -8.131306 -1.062757 -5.344121
-14.246814 -23.133492 14.693240 -2.313877 -19.096664 -0.181166 -7.945296 -17.689493 0.463745 -10.543705 0.499038 -7.789766
-14.523482 -22.667755 11.128969 -3.069345 -20.894062 2.025075 -7.157141 -16.934290 4.501382 -7.768019 0.362731 -8.207270
-13.842399 -22.892591 15.104064 -2.740633 -18.549706 0.156476 -7.829185 -17.403744 -0.167840 -11.466667 -0.272957 -7.470434
-18.455072 -26.446262 12.343231 -5.966255 -20.511255 4.450523 -4.733753 -20.153759 1.918029 -11.728284 -0.034582 -8.720696
-13.603981 -19.622551 9.195864 -4.751442 -13.946888 -1.792975 -4.441867 -13.599627 -0.517803 -6.384291 0.587137 -5.403086
-13.298306 -22.254641 13.579992 -3.514257 -17.836552 -1.080535 -7.788501 -15.812386 -0.181687 -8.986596 0.124228 -6.100726
-12.798495 -21.381863 13.683097 -2.848973 -17.412380 -1.188314 -7.860163 -16.244566 -0.280588 -10.007493 0.865207 -7.397558
-12.800182 -21.363564 14.227838 -2.425313 -17.505280 -0.876597 -7.936781 -15.866716 -0.307823 -10.221796 -0.132391 -6.914487
-12.548349 -17.648794 10.773470 -1.367374 -12.746047 -2.215285 -5.455278 -11.928851 -0.630371 -6.613927 -1.525843 -4.793629
-13.104356 -21.394533 13.744494 -2.947486 -16.397692 -0.628740 -6.945498 -15.334083 0.059188 -9.450177 -1.120354 -5.962417
-11.940894 -14.469598 8.639311 -0.010806 -11.096106 -1.270683 -5.093010 -9.609293 -1.167204 -5.545869 -2.452864 -4.108430
-13.395241 -20.774794 12.315217 -3.228946 -15.563687 -2.521260 -6.901273 -14.318273 -0.531369 -7.771587 -0.459264 -5.176468
-15.344149 -25.224436 15.921029 -3.684212 -20.983458 -0.070340 -9.119955 -18.418007 0.365749 -10.874088 -0.253590 -7.681259
-16.145931 -25.760633 14.213058 -4.979770 -20.843962 3.079058 -6.677307 -20.132875 2.581314 -11.319615 -0.242129 -8.369279
-13.625585 -22.902985 14.424206 -3.356335 -18.419628 -0.191021 -7.653972 -16.942019 0.278296 -10.416703 -0.139601 -7.225671
-13.228680 -21.992697 13.654427 -2.489257 -18.238894 0.644215 -7.223101 -16.874443 1.406362 -9.651822 -0.142444 -7.162934
-11.926668 -20.460211 10.758534 -4.071819 -17.260674 1.686256 -5.831448 -15.574894 2.650257 -8.228554 0.399833 -7.050653
-14.316773 -22.893782 13.078732 -4.427959 -17.720488 0.041337 -6.491151 -16.868948 0.634886 -9.478598 -0.145049 -6.618844
-12.200918 -18.814533 10.038100 -2.937351 -13.653978 -1.179024 -4.545787 -12.905170 -0.173685 -6.780881 -0.787879 -4.790346
-16.262196 0.358941 -5.005761 10.520169 -4.506783 -14.245694 -6.653601 -11.485961 -12.576605 -13.942463 0.842533 -4.790229
-26.940060 -1.640938 -5.794253 10.820686 -10.213840 -11.462933 -4.064077 -14.323556 -12.916307 -11.221170 0.533976 -10.141661
-20.010216 -6.374690 3.248964 16.615862 -14.033565 -18.043600 -14.221792 -20.815260 -15.669576 -19.439653 4.241490 -9.761130
-22.156044 -0.013559 -7.692342 11.884911 -7.708823 -12.408740 -3.706982 -14.039475 -15.945580 -14.034606 2.113065 -11.804545
-13.706957 -2.215127 -1.462561 4.774689 -6.974743 -5.213845 -4.181282 -7.457000 -4.641546 -5.447104 -0.775822 -7.305546
-20.395893 -1.381675 -5.290617 10.391278 -6.998333 -11.070429 -3.144760 -12.946856 -14.268382 -12.392409 2.076547 -11.556218
-23.038567 -0.449664 -7.384879 11.145455 -7.797849 -12.120309 -3.193893 -13.466038 -15.447854 -12.623465 1.782651 -12.070544
-17.917059 3.125596 -10.506238 10.109160 -4.638921 -14.780758 -4.558172 -11.479078 -16.175528 -13.872931 1.344816 -9.758839
-18.647255 -1.431337 -5.891287 11.019313 -6.346581 -13.289967 -4.612945 -13.448815 -14.652063 -13.233466 2.627425 -11.129310
-34.095387 0.511275 -9.839820 15.250333 -13.601173 -15.823471 -5.418488 -17.026007 -19.192432 -14.827429 2.535080 -14.182758
-12.019509 -2.330201 -1.817805 9.818110 -7.238290 -14.229803 -8.679096 -13.658134 -11.237301 -12.397983 3.173582 -9.368357
-20.562677 -3.555029 -2.438130 9.867350 -9.290718 -8.280252 -3.212041 -13.530103 -10.440853 -12.106835 0.816455 -11.410584
-13.795849 -3.312663 -1.627637 7.841146 -6.971620 -9.610431 -5.993490 -10.907338 -10.444632 -12.670806 -1.339841 -3.294872
-23.135670 2.105210 -11.742625 11.914555 -6.326896 -17.214521 -4.905319 -13.405025 -17.986431 -13.134539 3.729935 -13.312068
-16.697098 -0.699409 -4.612911 9.326394 -6.574259 -9.815966 -3.179177 -10.654678 -12.539814 -10.639920 1.427396 -9.311816
-20.224009 -0.880053 -6.464383 11.971061 -7.394165 -13.375707 -5.618115 -13.975404 -14.044455 -13.946636 1.479441 -9.382822
-13.925663 0.092194 -4.451632 9.524121 -4.366457 -13.025717 -6.496218 -10.833088 -11.736072 -13.205913 -0.192756 -6.106080
-26.197102 -3.943564 -2.113284 10.473075 -12.155055 -8.757048 -4.092888 -13.735722 -10.223737 -10.222395 -1.424022 -8.583979
-26.546574 -0.379434 -9.374813 12.637191 -9.290848 -14.502438 -4.075677 -14.190284 -16.665979 -12.673140 3.013277 -13.011535
-23.092180 -1.678426 -5.794687 8.568218 -7.539634 -8.135395 -1.116723 -10.945760 -10.868911 -8.803120 0.602647 -8.693415
-23.700708 3.142019 -12.547897 11.733594 -6.542876 -17.595179 -5.626207 -12.041864 -17.080996 -11.460171 3.645190 -12.236929
-11.736935 -0.347056 -4.366987 9.866270 -6.433104 -15.318221 -8.930897 -11.234467 -12.125793 -11.756853 3.127261 -9.670583
-21.596216 0.463676 -8.612585 10.967631 -6.001569 -11.569762 -3.015519 -11.080404 -14.713723 -12.608685 -0.530522 -8.485627
-26.018045 -2.732379 -5.412126 9.510502 -11.104451 -10.332080 -4.122558 -12.184933 -10.673422 -8.466075 0.130915 -9.491414
-21.161066 -0.858636 -6.564242 10.755462 -7.757322 -14.449088 -5.775905 -12.983031 -14.821252 -11.000726 3.306902 -12.183229
-15.854725 -1.222548 -2.928868 10.430357 -6.731833 -11.494612 -6.603767 -10.972252 -12.686502 -12.394421 -0.352287 -5.366345
-21.258310 -0.093705 -8.060383 10.879634 -7.573601 -13.673805 -5.219934 -12.898987 -14.060954 -11.278549 2.598686 -10.706551
-31.736643 3.838717 -18.302219 12.574017 -7.459077 -15.028521 -1.186101 -12.276963 -18.179701 -11.874457 -0.255210 -12.738561
-33.896877 1.419491 -11.047895 15.117755 -10.505608 -18.823351 -4.438589 -16.045515 -23.319178 -15.415444 3.677067 -16.007387
-20.561638 -1.139875 -5.437793 11.415627 -6.846329 -10.034619 -2.557148 -12.166618 -15.228739 -14.234855 -0.986032 -8.661417
-33.039066 -1.853900 -8.738567 13.345765 -10.830720 -13.930550 -3.322260 -17.374439 -16.920589 -14.304214 2.827159 -14.240919
-23.238710 -1.030994 -7.762217 10.242975 -6.866051 -11.050405 -2.220585 -13.557644 -13.855893 -12.113851 2.499361 -11.532211
-26.204250 0.244025 -9.903283 13.071460 -8.371339 -12.171178 -1.923375 -14.439832 -18.568705 -15.255675 0.522571 -12.506020
-18.947332 -2.702027 -4.034281 10.225676 -6.309509 -10.117665 -2.847437 -13.399019 -12.318530 -13.140846 0.972379 -7.994660
-28.016361 0.573366 -11.223109 11.798856 -5.885664 -15.186911 -1.710178 -13.203136 -20.001177 -13.024387 2.298408 -13.610945
-19.086536 -0.818920 -7.196869 8.984830 -3.007558 -13.955649 -0.894601 -9.895026 -18.705490 -10.932696 5.292692 -12.912027
-29.640648 -0.931518 -10.163416 13.342566 -8.161005 -12.895705 -0.554317 -14.753450 -19.806362 -14.781621 0.535202 -13.222400
-23.263884 -2.106452 -6.798718 8.396757 -4.758099 -12.095226 -1.140257 -10.625484 -15.358740 -9.177374 4.213357 -12.051048
-21.260344 0.413157 -8.584898 12.368543 -6.075675 -15.299279 -4.484919 -13.597653 -18.029547 -14.801253 3.337234 -11.941467
-18.673721 -0.175584 -5.895428 12.144375 -5.935511 -13.905150 -4.795109 -13.313255 -16.789251 -15.443043 2.166283 -10.794044
-24.978397 -2.341662 -4.339972 12.260812 -9.250652 -11.233274 -2.790703 -13.768401 -16.317839 -13.060827 1.534378 -11.710778
-19.383314 -4.251759 -1.298065 5.027500 -6.473823 -7.157717 -4.004597 -8.043850 -8.115130 -4.876868 0.325496 -7.954557
-23.831224 -1.841746 -7.037503 12.902019 -9.384921 -11.025024 -3.856076 -15.319494 -13.409114 -13.970823 1.693539 -11.630542
-22.283218 -3.912706 -3.602561 12.216068 -12.009171 -8.438410 -5.721138 -14.442531 -10.672823 -12.999030 -0.689309 -8.682572
-23.771311 -3.509456 -4.270896 12.854060 -10.595928 -11.335035 -5.108187 -15.339030 -12.390093 -12.469373 2.444854 -11.185539
-18.926661 -1.584218 -4.956365 12.105771 -7.859523 -13.460686 -6.628323 -13.275038 -13.634519 -12.883939 2.910666 -10.954783
-25.015789 -5.270590 -1.086429 12.158581 -12.408590 -8.589569 -3.633945 -15.454240 -12.551787 -12.762615 0.816923 -10.525908
-26.887896 -5.832321 -0.643822 11.600238 -12.306540 -8.635414 -3.004949 -15.496467 -13.181087 -12.731641 0.149211 -10.585387
-20.047779 -3.153773 -3.742060 12.324019 -11.463648 -11.049101 -7.761916 -14.597467 -10.652520 -12.607010 1.330311 -9.542213
-23.162729 -2.195742 -6.089931 12.478661 -8.678459 -11.031815 -4.391891 -13.964724 -13.348963 -13.206476 0.348928 -9.373374
-25.571173 -4.745885 -4.479738 10.896557 -8.945461 -10.354541 -1.352466 -14.574597 -14.114023 -11.976715 3.685613 -12.543028
-20.626820 -4.682498 -3.369496 10.981716 -10.102682 -10.653266 -5.526318 -13.439289 -10.622540 -10.584838 3.045294 -11.168284
-26.509373 -5.952666 -3.194175 11.215431 -11.324557 -8.140818 -1.720475 -15.386460 -11.563745 -11.748986 1.434978 -11.096128
-19.080278 -2.307123 -3.819688 10.275893 -7.651436 -9.451613 -3.232471 -12.353819 -12.006708 -11.099722 1.272757 -8.899183
-21.321741 -3.772643 -1.332819 9.118182 -9.568490 -8.679731 -3.012975 -11.722276 -12.031502 -9.700455 0.878941 -8.600073
-17.493317 -0.761586 -3.857004 7.422710 -5.285111 -9.799485 -2.585584 -8.835150 -11.994166 -8.544906 0.503897 -9.136707
-21.627544 -2.615400 -3.371467 10.484320 -9.547755 -9.815536 -4.489387 -10.339533 -14.191242 -10.886629 -0.225706 -9.652342
-16.707481 -3.823033 -2.860773 8.783851 -8.933393 -7.111059 -3.845137 -12.030399 -6.953149 -8.885967 1.159239 -7.478769
-22.093597 -2.588722 -3.173054 12.099593 -9.772876 -9.363739 -3.525005 -14.087275 -14.783616 -14.207107 -0.176254 -10.018595
-20.640148 -5.920014 -1.893221 9.224172 -8.160691 -9.737343 -2.682734 -13.641580 -11.679790 -10.750305 3.395145 -11.127978
-22.587011 -4.335554 -6.067224 9.024114 -6.923173 -10.659735 -1.154949 -12.074684 -12.299811 -9.354004 5.300761 -12.238230
-20.952745 -5.282863 -3.130729 9.445410 -8.231454 -9.247599 -2.404211 -11.438678 -11.249241 -9.088806 3.765562 -11.094200
-26.059269 -4.227851 -6.417271 8.857703 -7.245103 -11.525949 -0.567417 -12.166224 -13.840769 -9.091269 4.922807 -12.385715
-30.149515 -2.772444 -5.692008 14.173156 -11.918167 -10.571395 -2.283689 -17.007265 -17.401321 -15.784813 0.222650 -12.485044
-21.142513 -4.908312 -0.440016 12.262473 -11.354465 -9.179372 -5.227950 -15.601794 -13.136634 -14.269554 0.789445 -9.871512
-22.556612 -2.883676 -6.043254 9.671320 -6.891575 -11.418693 -1.876221 -11.341488 -13.649158 -9.394785 4.066276 -11.764911
-25.987085 -4.609766 -1.835157 11.382252 -11.367510 -9.337943 -2.985182 -14.029647 -13.460470 -11.489860 0.736307 -10.157714
-24.765261 -5.912569 -1.042202 10.685594 -10.535695 -8.138086 -1.970737 -14.276331 -12.285898 -11.446075 0.598083 -10.032149
-23.341694 -3.280398 -2.980050 12.212914 -10.576628 -10.487175 -4.334303 -14.306785 -13.450149 -12.222915 1.585470 -10.548682
-17.483137 -1.506686 -3.245946 11.711158 -9.426677 -10.442296 -7.246574 -13.319461 -10.045135 -13.020053 -0.405321 -6.663619
-26.542351 -4.879993 -2.225814 12.579222 -11.324591 -8.680715 -2.312032 -15.634157 -14.305997 -13.732552 0.164383 -10.747621
-25.468346 -5.101669 -2.445334 10.584667 -9.716571 -9.316370 -1.775257 -13.331200 -13.457575 -10.864908 1.564438 -10.569253
-22.018875 -3.171520 -4.166556 13.591476 -10.640820 -12.860961 -7.362234 -15.837702 -13.611319 -14.382808 2.270793 -11.513934
-20.504932 -1.579110 -4.786797 12.980578 -8.537440 -11.943977 -6.160633 -14.124771 -13.737008 -14.856811 0.185413 -9.071487
-18.682032 -2.161739 -3.590522 12.076381 -8.373714 -11.297781 -6.264558 -13.700055 -12.373969 -13.357890 0.257945 -8.533191
-13.903722 0.727137 -6.345663 7.009161 -3.133896 -9.108293 -1.851095 -6.833350 -10.526383 -8.280108 0.302378 -5.276241
-19.663980 -2.327399 -3.855974 11.563867 -8.144293 -9.038157 -4.069637 -13.537602 -12.644309 -15.284307 -1.256719 -7.363503
-24.334934 -6.469921 -2.417434 13.698954 -14.682424 -11.226209 -8.179586 -19.128641 -9.517330 -14.360314 2.922214 -10.465600
-20.298243 0.037871 -7.832654 11.578808 -7.299100 -12.958466 -5.587654 -12.719616 -11.958102 -13.255255 1.472095 -9.504125
-24.718893 -1.915614 -6.126993 13.459401 -9.184275 -11.826754 -4.641645 -14.768362 -14.868837 -14.543345 -0.029420 -9.388219
-23.195362 -3.206035 -3.085389 13.325794 -11.186635 -10.886460 -5.399203 -15.904554 -13.269175 -14.025103 1.092915 -10.228924
-18.904762 -2.346946 -4.643254 10.262053 -9.036528 -8.351790 -4.133512 -12.785355 -8.620438 -10.349337 0.497489 -8.047281
-17.950745 -1.572130 -5.159991 9.686642 -6.459309 -8.453787 -3.048841 -10.367702 -11.117070 -12.017479 -1.067298 -7.292833
-20.014412 -2.317768 -3.775467 12.775895 -10.078686 -10.847261 -6.675419 -14.527822 -11.976199 -14.095345 0.161972 -9.170017
-22.391603 -2.285784 -5.572877 13.019578 -8.934380 -11.133831 -4.354018 -15.179041 -14.359417 -16.018801 0.749742 -10.700095
-22.194407 -3.589539 -4.549824 12.285938 -9.461711 -8.736793 -3.117519 -14.956743 -13.242090 -14.689451 0.622979 -10.781797
-11.996773 -4.873390 -1.021599 4.832572 -5.044549 -1.801109 0.555474 -8.583165 -5.802948 -9.261091 -1.102588 -3.911984
-18.787136 -4.983754 -1.901042 10.737123 -8.578858 -6.581233 -1.887339 -14.535748 -11.192236 -14.193867 0.249937 -9.673810
-14.576840 -1.617497 -5.840092 7.240121 -4.827941 -8.794954 -1.823786 -9.360647 -8.960223 -9.471938 1.662641 -8.911774
-18.813719 -1.175656 -5.624678 10.022542 -5.125163 -10.617761 -2.666288 -11.414773 -12.203741 -13.068797 -0.503924 -7.792214
-16.748276 -1.304218 -5.474300 9.143558 -6.446090 -10.015519 -3.555737 -11.739807 -9.673240 -13.099501 1.207415 -7.026747
-50.496452 1.158697 -47.819820 -9.305868 28.870892 -44.999512 4.531077 7.653658 -55.654598 -11.280389 4.592361 -13.528396
-42.100857 2.159137 -38.602047 -6.164079 26.735441 -39.525646 3.456525 6.967624 -48.590012 -12.060711 2.346327 -11.671767
-35.076176 2.278195 -32.904587 -5.647492 21.201048 -33.843197 2.444464 7.942154 -43.251801 -7.285101 2.850496 -13.936266
-38.960640 2.450877 -34.171715 -4.476105 22.780401 -33.927006 3.704306 8.292133 -44.064423 -11.012683 -0.154603 -7.535800
-27.359041 4.356655 -28.618896 -2.944132 16.856575 -28.275356 1.493633 4.191289 -34.473579 -10.779286 0.690655 -9.079649
-30.055548 0.566323 -25.689926 -3.288759 16.832933 -25.301331 3.034577 5.233541 -32.621773 -7.347754 0.818115 -6.035808
-31.579962 2.649834 -29.241678 -3.524713 18.794949 -28.255724 3.438253 4.876547 -35.594692 -9.317459 1.056686 -8.444735
-46.018559 4.443193 -40.986023 -3.364913 23.736258 -37.468021 6.592322 4.973709 -47.320961 -11.892972 1.838711 -11.086999
-38.567879 1.845109 -34.599007 -4.507200 22.178513 -34.010059 3.674829 3.687644 -41.172817 -13.610956 1.936737 -7.172727
-36.879883 3.027933 -32.833813 -3.644080 21.639294 -33.755619 3.131475 5.577088 -40.556034 -10.366602 1.295937 -7.469299
-31.490629 0.557487 -28.307137 -4.557772 17.690722 -25.230541 3.282464 4.299031 -32.027008 -8.812979 0.463186 -3.755301
-39.785015 0.907550 -35.023506 -5.484301 23.332916 -32.555229 4.734755 9.250065 -45.934620 -9.019117 -0.058967 -9.341051
-35.563519 3.750024 -35.390129 -3.796483 22.079859 -34.494675 3.581573 4.399837 -41.586716 -12.257654 2.662777 -11.127784
-38.896362 -0.170487 -32.745438 -4.316165 22.505241 -34.009556 4.918529 7.843396 -46.132233 -10.218751 1.509077 -10.992601
-33.416775 2.513367 -31.927141 -3.172558 19.809425 -29.999914 4.814882 4.681756 -38.841957 -9.889899 1.858349 -11.245989
-38.921883 2.215756 -34.867542 -5.185069 22.680231 -33.253014 3.336782 6.431840 -42.055813 -12.489214 0.514954 -5.649365
-34.087471 2.049637 -30.488367 -4.411920 20.484211 -31.615475 2.767991 6.884047 -38.097557 -8.472571 1.330503 -6.371906
-32.646877 -1.602088 -28.002958 -4.427782 19.324743 -28.656330 3.496758 3.171608 -34.799999 -11.294027 2.449926 -5.941167
-45.948872 2.269824 -40.912674 -5.866777 26.189793 -38.710545 6.515319 8.710845 -53.211922 -9.955600 1.566686 -13.323172
-40.672188 2.080303 -35.211163 -5.274827 24.110342 -35.101032 2.799718 7.496639 -44.102089 -11.736119 -0.550028 -5.887970
-40.698044 0.874314 -35.140812 -6.163860 24.602463 -36.729946 1.997998 7.427306 -44.359982 -11.714218 0.688472 -3.878396
-46.040718 0.368887 -40.920071 -6.071554 27.964586 -42.269123 4.998064 4.932721 -51.161411 -15.117545 3.932121 -11.062836
-42.081150 -0.754213 -34.523220 -5.752534 25.523174 -37.918846 3.768050 7.723855 -48.213409 -11.522100 2.235933 -8.438471
-44.997871 1.348571 -39.486408 -6.692974 27.508886 -40.082691 2.987086 8.234884 -49.990841 -14.609658 0.361119 -6.281625
-62.105141 1.792686 -51.970348 -9.766504 35.075123 -54.496483 3.420979 18.968916 -74.370369 -10.566886 -0.407984 -14.246509
-37.272614 0.088308 -31.753267 -5.740699 22.655968 -32.069717 2.376080 7.383575 -40.655540 -10.424226 0.198868 -4.561198
-41.644619 1.136109 -35.634567 -5.496592 24.410248 -35.534370 4.758793 9.605218 -48.433350 -9.396012 0.172712 -9.247694
-60.163845 -0.331413 -50.576015 -10.142776 34.319305 -50.736038 5.753604 15.273097 -71.534645 -10.731629 1.193614 -15.195086
-47.488537 -4.699667 -38.793205 -8.084682 28.817333 -42.121048 4.208554 8.945336 -55.706642 -13.655144 2.962104 -10.081280
-49.625828 1.072237 -40.937798 -6.795532 29.385900 -44.283501 3.677619 10.391974 -54.925694 -11.809237 1.040185 -6.929681
-38.753441 2.000513 -35.137665 -4.896745 22.807581 -34.601997 4.475382 8.549360 -46.780998 -8.913256 1.169160 -12.462795
-38.739197 3.440482 -36.230896 -5.317892 24.340450 -37.158066 2.414665 6.066847 -43.480591 -12.188369 1.982548 -9.771029
-43.096775 -2.685481 -34.443016 -6.733613 25.681786 -38.132748 3.485014 9.151253 -49.837227 -10.450770 2.462187 -8.883879
-38.834942 0.470049 -33.364037 -5.125966 23.537727 -34.850201 2.983613 5.945426 -41.995743 -12.292309 1.498864 -5.873502
-34.761543 2.784502 -31.676733 -3.131628 20.796734 -32.897156 3.495403 5.227620 -40.634453 -10.787904 1.488300 -9.294007
-33.813488 0.184851 -30.237894 -5.128461 21.404354 -30.938848 2.700895 6.927649 -39.104408 -11.239424 0.899036 -5.783877
-37.956070 -0.286452 -31.401239 -5.539701 23.010729 -34.392563 2.117091 8.012480 -43.363007 -9.168839 1.084132 -5.243022
-36.949566 3.463666 -36.111698 -5.691482 21.985050 -32.730503 2.799232 6.805697 -40.829857 -10.703520 0.563504 -7.534588
-37.629089 1.002059 -33.141811 -5.064228 22.736378 -32.143936 3.987536 6.239631 -41.705582 -10.861717 0.277872 -6.807806
-34.265980 -0.212885 -28.976782 -5.721044 20.260223 -29.943224 2.757934 5.940200 -38.690590 -9.055959 1.699225 -6.497107
-29.596926 -0.437724 -25.176195 -5.854178 16.896070 -24.791214 1.248607 7.391250 -32.406445 -5.335332 0.017952 -3.507126
-49.394115 2.264654 -43.180122 -7.167751 28.303785 -40.789707 5.021614 9.078903 -53.165592 -10.978268 0.653145 -8.657293
-32.626030 0.046031 -28.468552 -4.526458 19.210384 -29.554192 2.392998 4.514371 -34.899620 -11.302692 1.864585 -3.720146
-28.834326 0.286921 -26.815592 -5.308903 19.430283 -27.950056 2.314370 5.786976 -35.756023 -8.973870 1.388805 -7.129525
-33.448383 -0.338934 -28.715384 -5.090195 18.865194 -27.464581 3.206989 4.844743 -34.152321 -8.523722 0.827097 -4.268357
-35.208763 -0.152519 -31.013729 -5.511258 21.668249 -32.483810 2.200481 5.834538 -39.349277 -10.832363 1.599965 -5.102456
-37.613987 -0.225791 -32.023827 -4.688628 21.944616 -32.840469 2.628397 4.971396 -40.386345 -14.107422 1.189579 -4.790667
-45.788342 2.016941 -39.321766 -5.710103 25.136957 -37.958313 5.304307 6.286544 -48.699883 -10.799892 1.589590 -8.342541
-43.091969 3.964294 -38.815861 -4.502962 23.622755 -35.373405 4.606193 6.544021 -44.820210 -12.630100 0.073877 -6.793307
-38.241379 1.130064 -34.744564 -5.103375 23.804613 -35.253365 3.962148 6.188726 -43.968582 -11.263218 2.001990 -9.258358
-17.025713 2.799443 -19.740417 -1.516458 10.323911 -20.802868 -0.001131 0.854967 -23.298752 -8.307919 1.965926 -8.105986
-24.455687 -1.354524 -20.211411 -3.841866 12.598777 -20.295856 2.844825 3.694926 -27.655930 -4.570107 2.048916 -7.071639
-29.350653 4.162934 -31.163046 -3.565146 17.604557 -27.169498 2.948153 3.041457 -33.545616 -10.450706 1.314259 -9.619987
-52.508625 -1.657038 -43.499313 -7.315597 30.497978 -42.365402 5.363304 7.472481 -53.928692 -13.504020 0.708235 -4.888508
-22.570696 3.365603 -22.838881 -2.158435 12.362957 -22.308550 0.641605 0.283327 -26.804295 -10.078254 0.256556 -5.425107
-67.936012 -0.187719 -53.797073 -9.282043 37.500782 -58.398647 4.768386 12.397788 -71.533554 -13.585680 1.354266 -6.054492
-38.265522 3.250033 -34.568382 -4.546206 21.595364 -29.888746 5.505598 6.490038 -42.125175 -9.726544 0.097511 -9.004762
-31.153500 0.824845 -27.883760 -5.769423 18.320982 -26.745188 2.390330 7.476913 -36.210892 -6.948832 0.059955 -6.707213
-51.450123 2.316274 -46.474422 -6.276359 30.562500 -47.261238 5.743553 9.028374 -60.118549 -13.603497 2.621454 -15.209929
-63.164715 -0.174228 -52.787689 -8.149927 35.629375 -53.481449 8.269236 9.702777 -70.126633 -15.140652 2.580402 -15.422424
-69.834869 -4.814317 -53.314388 -10.632609 40.207512 -57.379601 6.041212 13.332204 -76.857361 -13.635621 1.987445 -10.909851
-26.908760 6.192397 -31.258877 -2.645157 17.966738 -31.506889 0.946566 5.123218 -36.540932 -10.309464 2.273770 -13.424434
-38.692066 0.964587 -33.410751 -5.670454 23.273661 -34.435287 3.796370 8.039228 -44.985744 -9.642082 1.015684 -8.101015
-36.888821 2.881076 -36.334660 -4.686657 23.134781 -36.219578 3.746793 6.627185 -44.856773 -11.554295 2.966326 -12.828413
-54.827206 3.554728 -47.373833 -6.642230 30.954704 -43.852917 6.242316 11.703091 -60.464706 -11.791986 -1.173576 -10.865289
-43.542778 -0.723179 -33.880882 -5.105060 22.532911 -33.841793 3.481963 9.282131 -45.826588 -6.601606 -1.221812 -5.146395
-34.790443 0.973661 -30.396837 -4.040230 19.540232 -28.366676 4.410602 3.684810 -37.140297 -11.375198 1.246773 -7.579487
-35.502499 0.083350 -31.856468 -6.453475 21.656607 -30.655386 4.016624 6.995843 -42.271969 -9.054494 1.356941 -10.742464
-52.999676 -0.415157 -44.724888 -10.447281 28.938425 -40.368523 4.455106 11.500525 -57.345024 -8.558984 -0.201462 -9.869104
-43.999138 0.576533 -36.565010 -5.679739 25.372770 -37.468525 4.341440 10.017966 -49.566246 -9.388231 0.560250 -8.315634
-47.831867 -3.592566 -37.953087 -8.540525 26.083065 -36.148891 4.359755 12.866046 -54.072044 -6.283565 -0.646439 -8.636477
-51.757698 3.175612 -45.355198 -7.007154 29.667677 -43.612297 4.805649 12.223312 -58.286659 -10.217465 -0.587656 -12.025106
-24.393099 1.139187 -24.515394 -2.934214 16.171991 -25.908991 2.268465 4.434206 -31.565294 -8.448026 2.322020 -8.875861
-60.514114 -3.493769 -49.808933 -11.926594 33.706253 -50.821587 4.227113 12.476132 -65.467804 -12.729920 2.031370 -8.497910
-26.921495 3.521864 -29.311092 -4.350654 16.608374 -28.691832 1.616680 5.581942 -36.022854 -8.148517 2.690821 -12.131203
-22.958416 1.946956 -22.070427 -1.573516 13.932174 -24.288031 1.945898 2.071745 -28.359730 -7.615793 2.170083 -7.576486
-26.301458 5.893771 -29.856283 -2.353158 13.981345 -27.771702 0.022912 0.879960 -31.061003 -12.804469 0.701916 -7.292112
-23.189901 4.821582 -24.415636 -0.399336 10.971197 -22.441877 0.900775 -1.722976 -25.818258 -10.372105 -0.066126 -6.233335
-43.045757 3.369836 -37.334347 -4.855442 24.521427 -34.798229 4.368691 9.870650 -48.044510 -8.215225 -1.511207 -9.151841
-45.512230 3.212219 -38.798199 -5.370327 25.947611 -37.799286 4.767131 9.673069 -51.462494 -8.752399 -0.071850 -11.130319
-34.474884 6.918479 -37.268055 -3.733833 20.101706 -34.974155 1.033719 4.540060 -40.873287 -13.304955 0.720138 -10.872733
-45.429642 0.753846 -36.749992 -4.168199 24.037945 -36.047825 6.387516 4.024013 -45.946438 -11.472269 1.870523 -8.702994
-58.388004 1.387747 -49.869389 -8.116312 33.080433 -48.081192 6.964613 11.368780 -65.466431 -11.621122 1.328736 -15.007200
-54.896614 0.889943 -45.420681 -8.208833 31.794800 -46.082935 3.967238 15.127735 -64.287872 -9.781379 -0.777233 -11.484857
-37.935108 4.321272 -33.911160 -2.458297 19.361118 -30.702028 5.358343 3.240223 -39.122204 -9.885598 1.413395 -8.731785
-46.978378 -0.513891 -42.886780 -11.073141 28.045958 -41.855469 2.194203 13.224613 -57.875851 -9.150430 1.938995 -14.670971
-56.087994 2.779160 -50.195778 -7.617131 31.721447 -46.441521 7.726987 9.547726 -61.765255 -11.830125 1.855124 -12.496004
-67.784363 -2.472560 -55.244308 -11.214617 37.717884 -52.054482 6.689906 15.759313 -75.912094 -10.623718 0.274739 -13.855974
-46.630619 4.847314 -40.431950 -4.216440 24.088686 -36.284351 5.214084 5.634572 -47.190338 -13.609497 -0.005070 -7.104685
-40.676620 0.158215 -34.996067 -5.009366 21.875214 -31.967825 6.289021 4.280648 -43.475224 -9.726610 2.555525 -11.997037
-45.974339 4.062221 -40.620148 -4.401251 24.939905 -38.262238 4.940745 6.121424 -46.544289 -13.007715 0.373865 -7.418509
-48.356255 1.742984 -42.891109 -7.201164 29.970882 -43.826988 4.219159 10.663577 -56.057583 -12.528449 0.712048 -9.732552
-47.194756 3.312779 -40.603176 -4.720223 26.543699 -37.757614 6.431331 8.783010 -51.672596 -9.865498 -0.550828 -11.119121
-40.097004 -0.157139 -34.613529 -6.247938 21.784218 -31.861977 4.926126 5.162173 -42.028275 -10.795676 0.468898 -6.368427
-32.024300 1.328941 -29.349977 -4.743717 19.181873 -26.932873 3.274234 5.981928 -35.728146 -9.124359 -0.421002 -5.766155
-67.788857 -0.507782 -55.716164 -13.645876 33.729534 -47.804867 6.410876 13.265983 -69.014519 -9.620811 0.554151 -11.567750
-50.275600 2.423322 -44.881054 -6.356169 28.829073 -42.784664 6.002209 7.536551 -54.977840 -12.499597 2.230325 -11.743836
-42.868378 3.088803 -37.806747 -4.875968 24.319138 -34.411079 5.197364 8.492453 -46.161842 -8.720027 -0.967598 -8.861068
-34.439018 2.579990 -33.117310 -5.432896 22.009104 -31.732965 3.443004 8.031349 -40.811401 -9.830231 0.561223 -9.086936
-38.884258 -1.281373 -33.766659 -5.611636 23.750834 -34.999184 4.954346 6.597589 -46.934521 -12.605951 2.132807 -11.378644
-41.908680 -28.745440 -4.051400 -15.241566 -30.978195 18.292589 5.707891 -22.988607 2.306711 -10.518329 -8.101056 -6.793352
-57.568851 -44.453171 -2.149286 -22.200708 -44.167038 26.547081 7.854415 -35.329201 9.158782 -13.455764 -9.059588 -10.804050
-58.954323 -46.081932 -1.995708 -24.495886 -46.672932 28.501436 6.635968 -34.579819 8.563770 -13.715070 -9.626943 -8.843410
-61.322296 -45.967979 -4.620781 -26.022892 -46.595238 26.682705 8.000772 -35.757122 10.360533 -12.603470 -8.978930 -8.551015
-60.276718 -49.821724 0.751336 -24.113510 -45.811092 29.400852 8.507292 -37.869324 10.277844 -15.983468 -9.180847 -9.395055
-38.208385 -33.914364 -0.446043 -18.068441 -32.413280 18.546545 3.153466 -24.746597 8.648690 -9.836837 -4.827291 -7.159758
-43.193356 -32.691425 0.529740 -15.480077 -31.324459 20.752056 6.213284 -25.907015 3.944915 -13.089705 -8.100329 -7.058497
-44.183037 -33.165943 -1.912972 -15.756351 -32.907341 20.503019 6.980753 -27.529959 6.299175 -11.569436 -6.692519 -8.898969
-52.171898 -40.709793 -7.024427 -27.388775 -38.177311 23.073259 7.906391 -28.933733 7.554561 -9.124010 -4.762110 -5.193926
-52.802738 -41.519680 -3.553712 -22.234459 -42.863419 23.864227 6.202245 -32.291267 10.542784 -10.318025 -8.332604 -8.652102
-45.785320 -38.816513 0.992484 -18.809750 -36.611423 22.803234 5.531757 -29.838923 7.880807 -12.145512 -8.478578 -8.933808
-60.090847 -45.757114 -6.279950 -25.779991 -47.909500 25.313862 6.024356 -35.856327 12.147169 -10.694226 -7.406009 -9.266331
-50.588146 -45.245560 3.113516 -22.152250 -39.801022 24.091280 4.666846 -32.101742 11.593360 -12.839856 -7.516497 -6.816281
-56.357628 -44.508709 -4.860550 -26.464052 -48.387905 24.398872 2.539617 -33.849686 15.186157 -8.182884 -7.010277 -7.931821
-34.943336 -32.399078 2.260010 -16.128132 -32.513401 17.834301 1.983535 -23.934254 9.735485 -8.832006 -8.237322 -6.701604
-51.756458 -41.540085 -6.531785 -26.511129 -44.729317 23.813509 4.232730 -30.440630 12.890639 -8.794495 -6.277116 -8.745541
-54.777229 -46.844131 -1.182004 -26.027601 -47.668625 25.480688 2.912939 -34.373657 16.145823 -10.668223 -9.335691 -8.056983
-41.296898 -34.812977 -4.447693 -22.390373 -36.710667 19.187870 2.794236 -25.567703 12.041212 -6.264879 -6.283544 -6.583332
-35.904755 -28.063141 -3.113405 -15.771326 -32.422066 16.701677 2.941531 -21.919744 9.067694 -6.446646 -7.179674 -6.411883
-58.499626 -45.169865 -5.710366 -27.147350 -47.262051 25.428261 5.708405 -34.934116 12.669271 -9.590343 -10.338593 -8.612062
-48.083012 -34.724419 -1.387946 -16.068539 -35.537209 22.130869 6.516329 -28.687788 4.976241 -13.498024 -8.365099 -9.087871
-53.689392 -39.785412 -2.118040 -21.611013 -39.293564 23.950300 7.129516 -29.650328 6.790826 -12.462049 -8.905591 -5.672538
-52.848778 -40.945297 -0.326186 -19.079182 -38.602341 24.381966 8.189173 -32.534584 7.652327 -13.872967 -8.298529 -8.921273
-62.972374 -57.067051 5.107838 -24.720106 -53.408241 32.480099 5.564559 -43.500717 16.154264 -17.884127 -10.420969 -12.737437
-53.571686 -45.444344 -2.021045 -24.558861 -46.407818 26.103905 5.397117 -35.067425 12.876716 -10.939462 -8.290105 -9.575168
-46.787048 -42.497566 1.813369 -18.563702 -39.701408 22.830719 4.862787 -32.775909 13.168725 -12.495935 -5.905257 -11.533799
-44.911297 -38.103703 -1.261849 -18.505518 -38.536633 21.498390 3.794201 -27.773540 10.954515 -9.988659 -5.135820 -9.456667
-43.818058 -30.781464 -3.286292 -16.707981 -34.257648 19.611830 5.551827 -24.362408 6.325439 -9.746771 -7.055419 -5.329463
-54.806225 -43.169659 -3.371449 -26.029863 -45.073299 26.141176 5.203105 -32.464592 9.560483 -9.558119 -10.688770 -6.696452
-72.986176 -53.872410 -9.066542 -34.927620 -56.310658 32.285702 9.238991 -40.982281 10.497458 -12.768773 -10.804805 -10.256330
-55.081459 -51.056988 4.261694 -22.073694 -45.871567 28.618534 6.346655 -37.995029 11.841700 -17.177961 -8.214917 -12.156856
-56.220444 -42.677158 -4.855875 -26.040249 -47.084602 26.176151 5.281607 -32.434971 9.410598 -9.450635 -12.512836 -7.838595
-47.605991 -44.477551 -0.985706 -24.150839 -42.372936 21.513821 2.229433 -32.984703 15.034619 -9.008224 -4.587949 -10.351424
-55.684784 -42.505474 -4.511728 -23.365751 -44.403542 24.885326 7.440133 -33.427402 11.297922 -11.122964 -9.317619 -8.838202
-61.271065 -54.262745 5.830004 -18.718258 -49.636295 29.450140 5.820916 -40.911659 15.481277 -18.193569 -9.451138 -14.369860
-52.812458 -44.502968 -1.639427 -23.137041 -44.939579 25.983122 5.876851 -34.530502 11.872197 -11.432180 -7.756645 -9.777996
-60.150402 -49.912514 -6.991694 -30.772007 -50.702816 24.970863 6.200101 -38.346607 17.813841 -8.022420 -6.682613 -8.510402
-54.126896 -44.263760 -2.726549 -23.450544 -42.315742 24.167564 7.550295 -33.511276 11.936358 -11.962090 -7.444973 -9.836791
-86.024895 -74.147705 3.581488 -35.558563 -69.283806 44.230488 9.677402 -55.948326 16.679031 -23.582018 -14.575015 -16.337549
-70.257790 -54.204029 -7.258336 -31.941824 -59.513325 31.448164 7.070467 -43.068352 17.515665 -11.231407 -10.985148 -11.667703
-40.646694 -46.399708 12.164737 -15.852174 -42.538151 20.704044 -2.802547 -34.152218 13.849078 -14.812072 -4.439661 -13.993550
-72.554260 -57.069061 -0.523691 -29.666471 -54.964523 35.100857 9.222260 -44.154308 10.047886 -17.856270 -12.905422 -10.529946
-50.508533 -47.564156 4.784896 -19.664610 -41.725571 23.780100 4.505198 -35.043495 13.040042 -13.755783 -7.782084 -11.409522
-67.689682 -52.692451 0.286257 -26.704784 -51.089981 32.429798 8.218962 -40.636757 8.315617 -17.755241 -13.788978 -9.550207
-66.513374 -55.278061 -2.196621 -29.866951 -52.292610 30.309832 6.079021 -39.658451 14.872884 -11.949686 -9.490513 -8.359277
-46.744316 -41.806988 -1.935825 -22.360561 -39.833076 23.384592 5.491455 -30.418957 11.008448 -10.862991 -4.053508 -11.760925
-65.099899 -58.783173 5.040950 -23.831417 -54.990665 34.048546 6.751985 -46.050201 14.162961 -21.294773 -11.166557 -16.810211
-51.083427 -51.320747 8.708650 -20.293848 -47.407532 27.023485 1.493147 -38.590824 16.574659 -16.044062 -9.499839 -12.450210
-60.386093 -45.415810 -3.048769 -22.110765 -46.938297 27.032627 8.140478 -36.645710 11.154101 -13.365817 -10.862890 -10.856789
-67.576569 -55.706566 3.796884 -23.070976 -50.957047 33.067749 8.854919 -43.294270 10.675027 -19.380089 -12.113618 -11.464330
-48.099575 -41.550560 -2.895657 -24.007502 -37.159641 21.887686 5.743614 -28.843338 8.792779 -9.882220 -3.779193 -5.789844
-55.228493 -42.183193 -4.843467 -22.499533 -41.403198 23.632376 6.373362 -31.074911 8.383966 -10.645898 -5.148759 -5.647267
-50.749229 -41.035538 -0.843927 -20.169338 -39.011181 23.680735 7.040649 -30.147068 8.218921 -13.477147 -5.858913 -6.888404
-50.061600 -41.250484 -4.939788 -24.700756 -40.594971 22.226574 6.271410 -30.771307 10.103769 -8.774734 -4.954826 -6.605174
-70.846161 -55.537216 -3.194657 -31.318394 -51.506741 32.832695 10.534740 -39.380199 8.027687 -17.249161 -7.473883 -7.370366
-42.301796 -39.546974 2.331623 -18.197710 -37.057323 22.188028 3.809510 -28.320238 10.302977 -12.271174 -6.267946 -8.985497
-42.967136 -37.371040 -1.010579 -18.979166 -36.272663 21.263199 4.395295 -27.031988 8.872591 -9.790447 -5.089252 -7.151638
-69.732422 -54.420746 -5.540186 -32.000908 -54.634624 31.400061 8.568817 -39.811718 12.195522 -14.595316 -8.662788 -8.509352
-42.858700 -40.268047 -8.985949 -28.651875 -43.785789 16.980104 0.314343 -32.505955 19.038727 -4.249649 0.176171 -10.762885
-54.401604 -47.241947 -3.208063 -28.384521 -44.000057 25.435898 6.062295 -32.594906 12.136259 -10.770890 -6.009501 -8.111091
-50.949429 -45.373119 -8.984174 -31.679012 -41.694157 21.608149 5.214636 -33.500450 13.783101 -6.320118 0.476519 -9.683248
-47.572067 -43.720779 -3.497591 -25.969522 -41.662880 23.106625 3.889127 -30.829830 14.192137 -7.979223 -4.227656 -10.230183
-62.702309 -49.589821 -7.916756 -32.105549 -49.397068 26.144556 6.865563 -37.796585 13.642728 -10.507297 -3.808196 -8.346302
-50.938499 -45.162815 4.581770 -19.944670 -40.429173 25.731304 6.030783 -32.957752 9.702788 -16.163082 -8.001546 -7.802662
-56.606976 -44.824505 -2.696791 -25.130890 -41.423927 25.999907 8.915136 -32.105152 6.932218 -13.461090 -7.311773 -6.864263
-54.215294 -47.530945 -4.262391 -26.902592 -45.272144 24.212585 4.820935 -34.404922 15.207981 -8.174042 -5.079323 -10.065914
-51.036800 -40.205990 -2.037255 -22.469231 -39.696186 24.582613 6.427229 -29.585541 7.251754 -11.336156 -8.180664 -6.377192
-60.659386 -49.665108 -0.999013 -25.362368 -47.144054 29.162153 8.080425 -36.995033 9.877274 -15.843422 -8.112517 -10.004505
-61.466194 -53.429382 2.626276 -26.145557 -46.726841 31.044559 7.902756 -37.930805 9.323707 -17.583437 -8.127867 -10.529573
-47.287907 -42.621571 -0.493318 -23.779861 -35.949509 23.092186 5.908235 -29.577732 8.044174 -11.393556 -4.621795 -6.854729
-46.928707 -38.860371 0.790133 -18.294136 -34.294807 22.709848 7.400679 -29.717239 6.793800 -13.424027 -6.311987 -7.533118
-45.677555 -33.498707 -1.392651 -16.187674 -32.197506 20.485733 7.441749 -26.158674 3.844429 -12.603603 -6.935143 -6.423554
-50.834255 -42.025318 -0.654755 -21.020142 -39.723118 24.798208 6.710252 -31.522877 8.512383 -13.700948 -6.784692 -9.062999
-50.469387 -41.970036 -1.462885 -22.740957 -38.565342 24.209452 6.433197 -29.784449 7.145421 -12.085973 -5.242873 -6.582171
-68.297241 -53.820927 -5.672468 -32.046597 -50.587093 30.265984 9.319654 -38.025543 10.218013 -14.151314 -5.941902 -6.655999
-19.454651 -21.046999 3.047043 -9.316672 -19.759844 11.211205 0.583079 -15.153738 5.952553 -6.363704 -3.825185 -5.198718
-42.030739 -31.453278 -3.048611 -17.940825 -29.196924 18.753256 7.098459 -23.034737 3.739478 -10.707295 -4.966896 -5.017941
-20.452478 -21.784111 2.804800 -10.170445 -20.975878 11.523738 0.438453 -15.616866 7.145864 -6.394705 -4.307584 -5.036743
-42.244518 -35.642879 -1.935682 -20.443464 -31.294386 19.899363 6.489330 -24.096102 6.184475 -11.118324 -3.326326 -6.171254
-36.403183 -28.072142 -3.518966 -16.991566 -30.191177 17.064220 4.263635 -21.587654 6.402436 -7.090146 -5.062088 -4.414442
-45.943157 -34.001900 -3.306369 -19.397352 -31.686686 20.827335 8.058413 -25.622900 3.667323 -11.571574 -5.446790 -6.224082
-41.323097 -36.089680 -0.544447 -18.352303 -32.853981 20.241020 5.620976 -26.489864 7.697767 -11.144076 -4.657810 -9.643512
-42.355762 -42.462029 3.930918 -18.603996 -35.544464 22.186279 4.790617 -30.826128 9.292991 -14.078577 -3.196111 -10.571463
-32.235081 -27.106438 0.019434 -13.492012 -28.473814 16.290997 2.912168 -20.581642 6.747989 -8.510739 -6.446625 -6.257049
-50.160919 -40.565826 -3.605215 -22.641232 -39.656082 22.483927 6.558226 -30.929127 11.214189 -10.680332 -5.611656 -8.479319
-49.979378 -45.951958 0.326987 -23.846128 -40.626404 24.986769 5.746617 -31.520903 9.409874 -12.988603 -4.953982 -9.776479
-48.434155 -40.955444 1.183823 -19.126373 -37.987766 23.423187 5.273159 -31.335079 4.187706 -15.998890 -4.375583 -8.876935
-51.295444 -38.878109 1.732878 -17.231285 -36.486977 24.442043 7.420912 -29.354252 5.684415 -15.454803 -8.371245 -6.419322
-64.047623 -46.888409 2.929922 -19.707088 -42.137634 30.458651 10.173044 -37.468521 3.268142 -20.659113 -12.465021 -8.459817
-50.332321 -40.906136 -0.765958 -20.592623 -38.440609 23.155354 5.215174 -29.519382 8.908302 -10.897393 -6.924057 -6.157664
-48.639706 -43.155571 4.237285 -18.744820 -37.737415 24.059565 5.009701 -31.813417 8.297587 -14.790983 -7.042430 -7.713213
-49.323528 -41.536346 -0.951034 -21.268452 -39.824253 24.476631 5.444863 -30.572062 8.360942 -12.388251 -6.061173 -9.870389
-41.164486 -34.616352 1.940814 -15.109997 -31.882208 20.525398 5.400327 -26.189913 7.107387 -12.531775 -6.269390 -7.991759
-60.423786 -50.995770 -6.479023 -31.040476 -50.816452 27.127947 5.372985 -37.177143 15.257875 -10.373343 -4.332486 -9.793231
-55.518810 -39.858242 -6.150398 -25.181761 -37.903934 21.927505 7.950755 -29.758200 7.929986 -9.769555 -5.737065 -1.821213
-37.419937 -33.546032 -2.550480 -18.617838 -32.212288 17.428320 2.651392 -23.639021 9.723376 -6.734715 -2.904494 -6.812000
-59.128090 -49.181881 -1.585859 -26.546598 -45.575020 28.313656 7.305069 -34.994904 9.690981 -14.212968 -6.608089 -8.178503
-48.546970 -38.917072 -2.507157 -21.541574 -37.469715 21.892912 6.603084 -27.602287 7.256141 -10.047947 -6.110363 -4.196644
-54.391636 -42.067661 -4.350424 -24.263456 -41.442158 24.908590 8.214436 -31.566845 8.690591 -11.729856 -7.052841 -8.138531
-62.983753 -48.590160 -7.753643 -31.142990 -46.091599 26.901596 8.440388 -34.927132 9.758329 -10.859025 -4.784301 -5.322532
-72.620369 -21.434042 -33.045006 -9.487929 -1.404672 -15.671207 19.060301 -15.667996 -30.445545 -6.314458 6.145859 -1.545352
-79.563629 -31.865387 -27.078646 -8.450877 -13.235271 -1.912455 22.928110 -30.227819 -18.712555 -15.242696 4.778211 -4.215790
-77.732635 -32.200336 -32.853539 -16.520817 -9.540683 -5.208805 23.970804 -18.494940 -30.751932 -6.906971 7.319946 -9.951427
-98.121437 -25.754755 -49.137547 -14.068056 -6.011864 -12.537957 27.190521 -20.852760 -39.773602 -6.465426 7.950183 -12.292744
-82.494141 -31.315941 -31.887428 -12.584976 -14.236546 -2.396773 23.685440 -25.491804 -22.658930 -11.042670 4.397388 -6.166102
-75.520317 -28.534317 -29.505770 -10.370350 -10.342340 -2.835979 22.177420 -22.265381 -26.087473 -9.931497 1.424121 -4.169801
-79.995987 -22.649036 -39.227066 -12.277172 -2.593796 -10.488142 25.029146 -15.530089 -39.008465 -8.221324 6.365777 -12.056254
-85.737984 -36.932098 -36.275135 -23.100702 -15.571036 -0.687638 24.741045 -22.962074 -25.886681 -5.135618 7.134470 -9.605842
-91.589317 -35.502659 -36.873009 -15.394621 -11.460241 -5.168656 27.508490 -26.071424 -31.384045 -8.465182 7.240197 -9.987267
-81.950699 -27.252331 -39.696747 -20.540524 -8.500031 -7.648520 22.733917 -17.109354 -30.255436 -3.683515 7.761925 -6.072285
-78.197670 -27.334610 -31.321648 -8.383540 -6.487481 -6.683795 24.212723 -22.412357 -30.441612 -11.085711 4.826065 -10.161115
-84.944450 -31.096731 -34.203880 -12.793383 -11.641227 -5.207966 24.226013 -25.688845 -25.842508 -7.715950 6.486684 -7.535801
-88.162857 -33.647045 -35.518589 -16.048143 -13.583714 -3.920705 25.302286 -26.150530 -27.269653 -6.990797 5.850994 -7.174736
-84.660446 -28.694534 -42.986378 -19.448317 -6.074432 -14.613582 23.301271 -18.300215 -31.129974 -2.007429 11.266768 -9.039223
-56.360966 -20.818148 -22.794626 -7.601040 -6.981355 -2.498487 17.583155 -15.368443 -20.613716 -6.875432 3.453014 -7.703049
-62.091984 -24.149275 -21.967340 -4.229760 -7.010853 -2.942329 19.706686 -18.701122 -22.529194 -9.776130 2.897665 -10.518540
-59.934345 -20.446020 -26.476442 -10.506400 -10.070053 -5.689018 14.892759 -15.681517 -16.552677 -3.986111 5.866231 -4.159809
-72.905968 -26.894873 -32.295158 -12.916611 -10.594041 -4.544254 21.041693 -20.013681 -23.480751 -7.817691 6.336379 -9.384751
-70.574875 -21.007771 -33.540634 -13.599250 -3.666806 -10.313629 19.160133 -16.392574 -26.099051 -3.361377 6.445448 -3.305086
-77.326233 -23.879549 -31.884356 -5.989578 -5.279023 -8.764463 22.988022 -21.339184 -29.734413 -12.027824 4.236694 -9.099005
-59.444046 -17.756187 -25.275875 -3.799812 -4.432498 -5.989783 18.568569 -16.496662 -22.712593 -9.305397 2.276214 -6.261741
-78.029312 -22.653831 -35.534122 -9.865341 -3.572739 -12.042521 22.327168 -18.621317 -31.458479 -7.978979 7.361536 -4.090025
-47.570610 -13.045757 -18.620813 0.192822 -5.193140 -4.820239 13.842508 -15.295626 -18.522951 -11.512156 1.259686 -6.023912
-34.020393 -16.955772 -8.301979 -1.650857 -8.081822 1.964577 10.616415 -15.501140 -10.547554 -10.125308 1.461254 -7.522848
-39.155697 -12.576602 -14.865952 -0.903581 -4.571000 -1.502631 12.604683 -14.386111 -13.899895 -9.064313 0.958525 -5.018422
-59.973122 -18.743910 -23.370777 -2.594554 -3.640697 -6.452524 18.638004 -19.084555 -24.308943 -11.444981 4.233020 -10.717122
-100.768913 -31.309244 -47.970310 -21.095766 -7.148562 -12.593768 27.575077 -21.508736 -37.895061 -4.558702 10.968319 -6.020744
-49.440434 -14.013597 -24.353130 -6.038143 -9.582321 -4.310401 12.346176 -15.275709 -13.050159 -3.603534 3.690997 -6.664956
-56.963890 -23.751780 -21.298824 -10.050786 -11.559608 -0.976352 15.452198 -15.473376 -18.359556 -5.935435 4.722403 -8.581926
-63.242104 -30.970280 -22.974812 -15.035397 -19.704748 0.312272 16.033304 -22.354033 -9.875011 -4.541414 3.539404 -4.946438
-40.535759 -10.765728 -20.368309 -5.006819 -0.867550 -8.666862 11.193192 -5.053913 -21.338634 -3.045807 2.864769 -3.795153
-52.615295 -17.166210 -25.998896 -12.750203 -5.994847 -5.387123 12.446758 -12.569037 -19.210205 -7.089789 2.699198 1.468388
-68.055794 -24.249842 -34.074104 -17.994629 -3.615818 -11.284357 19.200836 -13.334107 -29.747101 -2.308701 8.557754 -6.817720
-84.885918 -33.822113 -30.857368 -13.648685 -16.713654 -4.354027 21.827848 -30.602877 -16.913364 -9.527328 4.927923 -1.515797
-59.584919 -19.283953 -29.399059 -12.061744 -4.733924 -6.117331 17.676521 -12.069274 -24.196190 -1.581430 5.879878 -8.377287
-38.145943 -12.610504 -17.830900 -7.818937 -4.609178 -2.462591 11.046316 -10.520706 -14.592094 -3.705695 3.027010 -3.529727
-54.639141 -19.834866 -21.021420 -5.637589 -9.085090 -3.686261 15.471466 -19.684994 -12.528371 -8.633443 2.640605 -2.715095
-41.037083 -9.429469 -18.130650 1.079480 0.421055 -6.602193 13.076982 -11.074313 -18.624788 -7.090055 2.200748 -7.282729
-51.287785 -18.744278 -21.038055 -7.081597 -7.640422 -2.933626 15.099266 -14.279637 -17.057182 -6.347456 3.059323 -6.819128
-51.045090 -12.595814 -22.525505 -1.318229 -2.995748 -7.012947 15.020464 -16.051445 -22.009752 -11.291048 2.743153 -8.642522
-55.171566 -17.996811 -26.245396 -9.696430 -5.199006 -5.846431 15.839815 -13.195611 -19.868450 -4.356810 5.340473 -6.832822
-47.568802 -15.606015 -20.442890 -6.032846 -6.937613 -4.110708 13.658968 -13.490772 -15.025697 -5.696396 1.887497 -3.632894
-65.111015 -19.908764 -32.451397 -8.726629 -10.582042 -7.369256 17.194775 -19.445395 -19.002268 -7.222561 6.039340 -9.836991
-54.890511 -17.004824 -23.496090 -6.066772 -4.972645 -4.767867 16.462444 -13.230050 -22.075270 -5.940301 3.304265 -5.347673
-47.260117 -19.586514 -22.085104 -12.909453 -11.270240 -0.017735 13.000898 -13.003768 -13.557609 -2.237749 3.669023 -6.493647
-43.535095 -13.190998 -21.174238 -9.549305 -3.844700 -4.271701 11.932259 -9.356225 -16.699165 -1.753128 3.299721 -2.279891
-65.392830 -26.957640 -26.588711 -12.456120 -14.307475 -2.371577 17.786510 -21.662510 -15.047712 -6.774730 4.509288 -6.138005
-48.385998 -21.280472 -18.007425 -8.995791 -10.640996 1.909265 14.558313 -18.912819 -15.891282 -7.695955 3.466878 -9.519921
-45.220173 -21.175159 -17.063812 -10.442242 -8.572171 -3.567984 11.961916 -14.293763 -10.517475 -3.630035 3.957990 -2.078308
-43.331615 -18.611526 -17.475758 -9.034676 -7.193135 -4.523121 11.280561 -14.545528 -9.926878 -3.260717 3.895165 -1.890514
-80.617966 -20.715763 -32.600552 0.903399 -3.165184 -8.074561 25.422525 -22.213102 -35.801861 -16.731150 0.245226 -12.069131
-70.579193 -12.124419 -33.381351 0.637875 0.803945 -11.227172 21.875191 -14.822456 -36.176327 -11.261526 0.583966 -9.187295
-54.348579 -11.621003 -23.792517 1.049005 -2.132407 -7.148678 15.474850 -14.403221 -22.522440 -10.175990 0.268986 -7.759969
-84.163383 -33.024025 -34.592609 -14.635551 -9.127170 -4.814327 25.617804 -24.916958 -27.852274 -8.231909 7.991622 -11.238806
-97.767944 -29.582561 -51.078876 -20.581051 -11.860412 -9.760488 26.689699 -24.635792 -33.930702 -4.251489 9.645782 -15.449460
-58.339874 -13.954172 -26.355555 -1.537562 -1.920975 -9.590831 17.186531 -15.171675 -24.365179 -10.211073 2.092552 -7.885401
-93.630157 -28.739542 -39.221294 -4.452395 0.977521 -16.694843 29.261829 -23.787865 -42.327816 -8.942922 7.435553 -17.208801
-57.292229 -19.800179 -19.245205 0.373096 -7.477660 -2.578804 17.313869 -19.269693 -19.023218 -10.624246 0.640721 -8.461259
-84.737724 -23.985746 -33.594604 -2.897481 -3.232967 -10.495566 26.146055 -20.775602 -37.122341 -11.842104 4.088133 -9.891308
-56.280140 -23.618195 -19.555977 -6.962862 -9.876262 -2.046224 16.073553 -21.783186 -11.979907 -6.731386 2.914537 -5.108848
-67.976509 -24.323431 -30.164431 -10.681499 -4.883228 -5.484336 21.372557 -19.533741 -23.910938 -5.552341 6.430737 -11.120584
-81.215004 -25.740891 -35.757530 -7.635955 -2.191750 -12.871048 24.601473 -20.733896 -33.804356 -11.126871 5.879716 -9.474419
-71.626411 -17.692982 -34.715115 -5.556097 0.671159 -12.176780 22.339373 -14.455764 -34.105183 -8.190908 5.323512 -9.633635
-59.062710 -16.981392 -29.944422 -9.142735 -1.222233 -13.096186 17.115807 -10.824029 -27.241159 -2.820334 5.855835 -6.473766
-66.801888 -18.199158 -26.682602 0.850260 -2.365784 -7.975039 20.870026 -21.878059 -25.319267 -12.544644 0.604327 -6.949356
-64.865631 -17.925455 -21.442244 4.311548 -2.079507 -8.425097 20.097464 -18.147646 -28.681355 -12.931320 0.974322 -10.241962
-55.339878 -14.474267 -25.547365 -4.532410 -7.092182 -2.619911 17.049171 -16.409389 -19.282520 -9.600760 1.969295 -7.383662
-73.347076 -24.925642 -26.976496 -2.075339 -5.457053 -8.431868 22.954893 -22.233686 -27.757231 -12.193622 4.328799 -10.824933
-82.045242 -28.239422 -35.613674 -11.349962 -7.943222 -6.958093 25.523354 -21.974447 -30.528248 -7.328190 5.350543 -9.657015
-68.692192 -15.805750 -29.993544 2.005491 -2.202253 -11.555170 21.021666 -18.897577 -29.432447 -12.830902 2.278495 -8.766794
-72.147842 -20.120993 -23.116442 2.623900 -3.941883 -9.378693 20.913492 -19.707712 -30.646374 -11.520770 2.390318 -10.456885
-61.756771 -15.072371 -29.459904 -3.230441 2.772782 -13.251209 19.499422 -12.153016 -32.230507 -6.229153 5.427289 -12.538573
-79.366257 -27.399189 -30.609562 -4.495812 -11.719586 -4.358856 24.113623 -25.733780 -25.257915 -10.906372 3.783406 -10.633987
-84.763435 -23.747723 -42.945385 -9.501951 3.531442 -19.502611 26.395824 -18.176252 -39.741360 -3.511853 8.626048 -12.521070
-68.661987 -22.962307 -30.025404 -7.962563 -4.454907 -8.189216 21.372351 -19.548859 -25.420977 -6.243972 5.977620 -11.005924
-70.743240 -21.307333 -26.978363 -3.140013 -6.087969 -7.333746 20.799469 -21.438204 -24.888037 -11.569726 1.877380 -5.550008
-79.715607 -29.195349 -31.250275 -8.931706 -7.501375 -8.029474 23.650103 -26.156067 -25.095137 -10.661447 5.222531 -6.257349
-64.217705 -24.398270 -21.255495 -2.618309 -9.465339 -0.412767 20.148685 -23.501413 -20.061712 -13.246186 1.218888 -11.937532
-72.810532 -21.688902 -31.503191 -7.099698 -3.677395 -11.456322 20.585560 -21.177233 -24.469467 -6.600019 5.665113 -5.874591
-62.599781 -16.631660 -27.943775 -3.402844 -2.336568 -7.009563 20.154303 -16.966356 -25.360157 -9.212992 2.118371 -8.256390
-73.002274 -22.147337 -28.958815 -0.381295 -6.618762 -9.267660 22.423721 -19.591007 -29.204433 -11.497170 4.442052 -13.572198
-55.417095 -17.055727 -20.677338 3.018545 -1.602715 -9.255072 18.251076 -16.450027 -24.381702 -11.384880 2.369892 -10.306284
-76.661194 -25.264616 -26.132051 -1.765487 -10.262672 -1.932749 23.182205 -25.838255 -25.651340 -15.128106 0.048311 -10.393259
-74.653976 -22.158968 -37.267635 -13.911604 0.621577 -14.169896 21.997377 -14.575807 -34.395203 -2.932375 8.189953 -8.564771
-75.702614 -19.870483 -37.046124 -6.764226 0.986835 -15.311364 24.198128 -13.963641 -38.637844 -4.844195 6.736051 -13.960451
-60.785801 -18.262993 -25.212341 -2.804780 -4.125929 -7.686697 18.679676 -16.480558 -25.829035 -9.886775 3.547647 -9.175323
-60.218601 -22.696634 -17.438412 -0.204755 -13.928124 0.722021 17.485006 -24.565882 -13.736359 -12.556831 0.436219 -7.993973
-57.047935 -17.774763 -25.547119 -5.814305 -11.095552 -3.580152 15.471228 -16.239246 -16.764465 -7.069038 2.944916 -6.840098
-76.345711 -23.312408 -25.214327 3.242800 -6.564699 -7.265402 23.211628 -24.926647 -27.635250 -14.412007 1.313635 -10.239379
-51.690689 -16.096476 -19.530069 -0.176380 -14.786803 2.204608 14.096468 -20.926817 -10.188900 -11.550849 -1.541813 -7.518591
-85.046600 -27.488489 -36.812111 -8.748768 -2.047344 -14.419845 25.513245 -19.579866 -35.531914 -5.633265 6.922434 -8.980793
-88.744995 -29.728558 -39.496765 -10.967338 -6.229926 -10.289186 27.766491 -23.933439 -34.627960 -8.296661 8.266613 -17.555525
-98.647362 -29.023872 -48.238239 -12.332976 0.510028 -14.344282 32.046406 -23.003529 -44.960251 -7.520884 8.812341 -16.065897
-91.462517 -25.607374 -42.706688 -11.045267 -7.870871 -12.027204 27.066668 -20.666061 -36.826763 -8.860932 5.962790 -6.334905
-85.652954 -28.796816 -38.397209 -16.080593 -10.959033 -1.781660 26.171196 -23.134342 -30.192480 -9.371307 3.506932 -8.887577
-71.877708 -22.383757 -27.181684 -0.833956 -6.658310 -3.575767 22.934484 -21.768534 -27.909941 -15.139376 0.227847 -8.841101
-66.845963 -24.120090 -22.933870 -1.710847 -11.539560 -1.292058 20.156105 -21.576517 -22.082106 -13.445517 2.639825 -12.372890
-62.962559 -23.735628 -18.116999 -1.602069 -10.998244 -0.722072 18.334633 -23.221592 -17.609695 -12.935760 -0.704889 -2.556833
-72.258209 -23.702620 -29.341141 -4.144785 -2.335110 -8.965535 23.036934 -18.527872 -30.784477 -9.249139 2.634809 -7.903699
-66.694321 -19.334324 -26.787161 0.233825 -1.012579 -9.570694 20.257618 -16.706949 -29.400259 -13.111508 1.480855 -3.305663
-25.243477 -9.279844 -23.163424 -18.579903 1.863719 -29.829412 -11.995020 18.666920 -31.700686 3.642434 -4.349710 -5.654280
-26.800243 -13.015714 -19.269833 -19.428499 -7.350603 -27.428640 -14.432444 18.359402 -26.731600 9.874865 -4.635077 -6.063634
-7.048871 -4.442860 -9.469758 -8.096736 -3.020483 -11.994927 -7.425123 7.420434 -10.301327 2.337228 -2.322912 -4.136213
-30.285439 -17.348829 -20.825531 -23.524389 -5.250051 -33.725792 -18.881611 22.503105 -34.026840 8.254972 -7.389922 -2.439568
-36.497929 -13.871043 -30.791513 -25.725153 -1.351158 -45.288765 -20.856901 27.361774 -43.535648 7.593061 -7.899809 -4.963181
-25.481146 -14.801435 -15.920877 -19.568039 -8.674472 -27.406239 -16.524384 18.545912 -26.552359 9.294814 -5.241540 -4.109153
-22.158047 -6.333969 -21.932892 -16.352270 -1.455351 -26.306391 -11.844748 15.365331 -26.388578 4.262326 -3.659423 -8.200536
-25.418682 -12.006157 -21.465784 -22.616425 -6.025372 -29.688044 -16.013792 19.275145 -28.048037 7.571431 -5.015972 -6.197005
-13.069011 -4.121906 -14.653102 -11.165762 -2.345805 -15.246604 -7.880197 8.083293 -13.541532 1.731871 -2.219012 -4.677472
-8.236485 -2.489477 -9.555921 -5.428204 3.082740 -11.716260 -3.667398 6.902498 -13.434491 0.139164 -1.819295 -3.174374
-6.893339 -4.025660 -7.506501 -6.216347 -1.324148 -10.068672 -5.460250 6.361072 -9.410922 1.684814 -2.249739 -2.099114
-13.106484 -5.053298 -9.650681 -7.081429 -2.022749 -12.503223 -5.114471 7.170573 -12.331347 3.990855 -1.861821 -2.628523
-15.630955 -7.541258 -12.294513 -10.444243 -1.766743 -16.247347 -7.658857 10.374248 -16.960638 4.335441 -3.295389 -2.586865
-17.449610 -2.474498 -19.880260 -11.670462 3.740702 -19.737654 -6.898608 12.402663 -23.452917 0.397274 -3.550149 -7.484800
-7.902216 -0.516191 -11.104955 -5.103356 -2.164462 -11.800467 -5.397646 3.646157 -10.940902 -1.222056 -0.570019 -5.076143
-15.066367 -5.343172 -10.997645 -8.370642 -4.258144 -19.271885 -9.086174 10.029635 -18.038565 5.409541 0.461922 -7.819020
-8.610146 -2.629425 -9.678430 -6.133977 -0.285174 -14.561140 -7.655396 6.507787 -13.285237 -1.300071 -3.320862 -2.477749
-9.561436 -2.289654 -10.703081 -5.735693 1.284162 -13.916142 -5.418848 7.232337 -14.347479 0.696490 -1.419454 -4.377616
-18.395403 -10.421696 -17.924685 -19.113770 -2.333546 -25.265684 -13.903393 17.492060 -25.291742 4.167015 -5.074411 -4.290831
-29.689413 -15.100165 -22.095219 -22.172537 -3.592717 -33.029339 -16.420116 22.155481 -34.958172 7.642267 -6.078306 -4.721137
-20.296730 -9.106358 -14.556537 -12.704944 -1.038924 -20.196468 -8.618572 13.235488 -22.427580 5.452919 -3.606665 -3.500735
-10.715686 -4.348521 -10.457996 -7.612729 2.586047 -13.150823 -4.849122 7.782878 -14.412683 0.648736 -2.791331 -0.637603
-16.200361 -6.625167 -14.839256 -11.000476 -3.029322 -19.071207 -9.404221 12.001331 -19.405676 5.205871 -1.795819 -7.748415
-24.472977 -15.117716 -15.645168 -19.857800 -5.370669 -27.460850 -16.840448 18.795519 -27.204290 6.835837 -7.171441 -1.431227
-23.485178 -14.480012 -18.779259 -22.747652 -8.593857 -29.141907 -18.611584 20.269611 -26.681225 8.371817 -7.235178 -4.479433
-25.992022 -13.686334 -13.285882 -16.702921 -3.798473 -23.606169 -13.457846 15.124391 -23.955475 6.684193 -7.626626 2.087997
-22.946726 -20.453537 -13.625592 -26.427006 -6.454838 -29.925497 -22.848810 19.190580 -26.034548 3.849142 -10.790818 7.511017
-21.554354 -9.830770 -14.320195 -13.758750 -2.473219 -21.644566 -10.270447 13.855339 -22.843666 5.557627 -4.332369 -2.894934
-27.198460 -11.916523 -22.044106 -20.303104 -0.919711 -28.243902 -12.909933 18.222229 -29.816280 6.486868 -5.658147 -3.616935
-29.687885 -5.218905 -21.156912 -13.202352 4.817299 -26.194283 -7.523179 14.933846 -30.595009 4.237551 -3.536215 -5.034035
-27.468193 -10.738615 -25.830481 -23.914396 -1.226752 -33.630371 -18.416227 21.305712 -34.747242 2.206078 -9.192926 -6.004940
-15.164267 -5.115260 -11.087437 -8.731276 1.541852 -16.808640 -6.594063 9.889889 -18.159506 1.999974 -2.660256 -2.045237
-24.778772 -15.085515 -18.247185 -21.314611 -5.532173 -27.551449 -15.979181 18.953550 -27.386692 7.062366 -6.488398 -1.681652
-29.473497 -16.825939 -19.719347 -22.961775 -6.950979 -32.421566 -18.722872 21.999531 -32.384930 9.551209 -6.759393 -4.313557
-21.807423 -9.171295 -14.107101 -15.218670 -3.400957 -21.835241 -11.985909 14.173870 -21.432737 5.804950 -5.079029 -3.000571
-21.228140 -5.169896 -16.333790 -9.624008 4.737693 -22.218485 -6.474930 13.254216 -25.990393 2.656896 -4.169447 -3.370542
-25.048033 -18.371283 -15.030593 -23.823992 -9.464327 -27.093197 -19.681408 18.612947 -23.877760 7.191538 -8.600497 2.821953
-23.486923 -13.092134 -12.660877 -15.830747 -2.577011 -23.606106 -13.777712 15.385754 -24.067062 5.772299 -7.982181 1.661909
-27.840101 -10.832751 -15.298849 -14.276549 -0.423896 -26.892790 -12.275942 17.477919 -29.815027 6.812927 -6.483099 -2.885434
-22.461836 -12.665006 -17.393847 -20.001377 -5.168121 -31.622997 -18.007017 20.956961 -29.257721 7.607858 -6.341188 -4.409208
-23.543394 -15.823398 -18.413403 -22.607658 -5.259058 -30.458527 -18.681774 21.216261 -29.808254 6.491681 -7.099844 -2.775947
-18.054033 -9.839067 -17.780848 -17.462494 -2.272317 -26.478868 -14.480022 17.124847 -25.246605 3.287774 -6.093028 -2.769559
-19.510679 -6.127803 -19.045174 -14.996876 1.902874 -21.027622 -9.099585 11.948572 -21.055264 0.655485 -3.881861 -1.744929
-25.461447 -8.767971 -27.674776 -22.475910 2.287177 -31.061314 -14.751099 20.460543 -34.528793 1.433058 -7.377891 -7.650897
-23.228735 -16.034533 -17.401981 -22.222563 -6.824955 -28.361313 -17.754261 19.966347 -27.208292 7.159942 -6.675569 -2.033086
-13.562873 -6.604512 -13.149789 -10.257030 4.348161 -17.537233 -6.334305 11.218217 -20.220655 0.782900 -4.306770 -0.861752
-31.417391 -14.779320 -18.258865 -18.697226 -2.425469 -25.762268 -11.410778 15.183913 -27.782381 6.584118 -5.080765 1.751526
-19.904154 -8.662709 -11.962526 -12.401328 -3.140972 -19.188349 -9.446402 11.551562 -18.476004 5.174969 -3.811321 -0.951710
-19.705349 -9.970492 -18.105196 -18.360159 -0.271639 -25.724884 -13.696934 17.887657 -27.312271 3.876535 -5.473057 -5.097418
-31.236986 -12.943663 -19.329126 -18.101374 -2.944745 -28.290874 -12.702026 17.734251 -30.007481 7.528932 -5.516057 -2.257530
-27.074841 -12.475441 -16.799601 -16.854763 -3.703081 -27.509373 -13.875080 17.668245 -28.330338 7.615136 -5.237178 -3.289189
-23.449581 -9.591355 -20.527525 -18.505848 -1.114733 -29.673189 -15.075478 20.104702 -31.137482 5.456409 -5.694524 -7.224195
-27.812355 -16.161201 -17.321302 -21.766253 -2.837217 -28.619959 -15.774609 18.592621 -27.938715 6.604801 -7.489534 3.987339
-17.908482 -7.482741 -14.444250 -12.729226 -3.173834 -20.406446 -10.950459 13.767231 -20.798912 5.073459 -4.467476 -4.895318
-24.572395 -9.659986 -24.506769 -21.079983 3.514533 -31.891678 -14.836020 21.269442 -35.035007 2.222173 -7.406183 -5.212500
-22.741001 -11.085972 -25.979374 -24.123755 2.035495 -33.566410 -17.545145 23.860889 -36.785854 2.297646 -7.971000 -7.655232
-20.673246 -13.951311 -17.590307 -21.846952 -3.261346 -29.623461 -18.449490 21.223938 -29.508326 5.295930 -7.443918 -3.600376
-26.859144 -13.165336 -17.535490 -19.200365 -4.114305 -28.580563 -16.075899 19.441664 -29.624605 7.022159 -6.996603 -3.498994
-32.336151 -14.078277 -17.618397 -17.857405 -2.894286 -28.284557 -14.911989 18.351833 -30.787943 6.891226 -8.146951 -0.222981
-24.033428 -11.634863 -24.454779 -24.460682 1.937124 -33.932472 -18.878082 22.667055 -34.669727 2.015185 -8.834920 -3.369325
-21.942551 -11.347143 -18.119085 -18.765896 -1.507148 -29.192751 -16.109695 19.964512 -29.918846 4.814337 -6.803607 -4.276664
-18.099297 -11.853058 -17.452059 -19.937550 -1.204246 -30.321348 -18.083372 21.216402 -29.927961 4.035022 -7.718487 -4.072816
-17.531906 -9.884569 -19.066879 -19.082485 0.364557 -28.217497 -15.327215 19.556026 -29.098726 2.690275 -5.894441 -5.538509
-24.664469 -10.413906 -17.083059 -15.647737 -0.901128 -26.680820 -12.914873 17.943321 -29.469133 5.601614 -5.418065 -5.148572
-21.461637 -10.523396 -13.158457 -14.396593 -4.547844 -20.649948 -11.404659 13.456203 -20.189434 6.641723 -4.466832 -1.843676
-25.862822 -14.777067 -15.962641 -20.460291 -8.656532 -25.968431 -16.573509 18.474794 -25.208466 9.352606 -6.431011 -3.916262
-25.344610 -9.491833 -25.296835 -20.737921 3.882599 -33.750072 -14.978687 22.629435 -37.343491 2.890894 -6.513775 -6.862468
-20.017553 -10.233494 -18.661423 -18.898920 -0.073588 -28.864988 -15.246580 19.624691 -29.556602 3.581310 -6.076611 -4.617929
-13.715054 -1.394613 -13.809121 -5.638395 3.427249 -15.586244 -3.732910 8.414507 -18.020462 1.632433 -0.784700 -6.374068
-15.926445 -4.118154 -18.159346 -12.180381 2.494836 -20.734570 -8.329634 13.919111 -24.513155 1.874479 -3.115098 -9.673119
-15.224649 -3.741547 -19.566471 -13.443882 1.301299 -22.454393 -10.358427 14.922520 -24.929426 1.384790 -3.830232 -10.411242
-17.981800 -3.192543 -20.740953 -12.148142 2.552772 -23.138424 -8.699436 14.863938 -26.451986 2.782807 -2.278820 -11.137421
-24.281942 -7.108755 -25.715919 -20.243679 0.708894 -30.873554 -15.284449 17.496496 -32.696636 -3.466537 -8.601498 -4.520313
-19.055944 -5.456549 -19.746977 -13.989550 2.466225 -25.782578 -10.813944 16.683332 -28.485535 2.810844 -3.612785 -8.816455
-21.687273 -4.983098 -20.730938 -14.035896 3.543112 -24.784069 -9.221567 16.404104 -28.976807 2.776727 -4.322530 -7.730118
-21.899803 -8.581174 -18.192038 -15.184486 1.281586 -26.491718 -11.895685 17.782345 -29.570942 3.891831 -5.409588 -5.561061
-24.216017 -10.149685 -19.472172 -18.095821 -1.456758 -27.831554 -13.632757 18.960894 -29.628679 5.971734 -5.426703 -6.209686
-25.662682 -6.539079 -19.728785 -11.484091 5.847893 -26.395376 -7.934637 15.915714 -32.152626 2.525547 -4.391773 -5.304066
-18.680283 -9.434979 -19.242933 -18.375296 1.038800 -28.086658 -14.771883 19.486113 -29.627333 2.742007 -6.108919 -5.283805
-16.438648 -6.348051 -15.736900 -13.485192 2.118036 -24.214205 -11.274139 15.771704 -25.909367 2.106601 -4.132060 -4.842561
-20.359943 -7.497774 -14.075468 -11.461578 -1.406041 -21.971336 -10.128063 14.034786 -23.051094 5.315322 -3.997550 -4.431767
-19.023270 -8.580182 -16.550297 -14.349288 2.543755 -26.382719 -11.915430 16.594692 -28.011162 2.217941 -4.569117 -3.466439
-18.349457 -10.716084 -13.441804 -16.048740 -3.241837 -22.922522 -13.463064 15.868102 -23.046255 5.061977 -4.986028 -3.204285
-25.777397 -10.613342 -18.502943 -16.377926 -3.251883 -26.137732 -12.823380 17.318569 -28.057476 7.157283 -4.648556 -6.626602
-24.209091 -10.749890 -19.382710 -18.476725 1.323611 -30.372158 -15.135353 20.446396 -32.998299 3.488539 -6.728333 -4.565613
-18.912106 -3.706582 -19.804195 -10.345763 3.258737 -25.356415 -9.161957 15.270376 -28.151386 2.910719 -2.642895 -10.155412
-21.057629 -6.766289 -13.409391 -10.492306 -0.367423 -20.737486 -9.287609 12.415825 -21.898201 3.926110 -3.720326 -2.624840
-25.706238 -12.565465 -17.710554 -18.326162 -2.340526 -28.194708 -15.063572 19.327929 -30.210497 6.050833 -6.911223 -3.934957
-22.937012 -10.762228 -18.140141 -17.424648 -2.168190 -27.180111 -14.257467 18.501297 -28.884743 5.395842 -5.448670 -5.932900
-20.437832 -10.386880 -16.653566 -17.642675 -2.848857 -25.928339 -14.495150 18.053915 -26.765844 5.273480 -5.501012 -5.994013
-22.375330 -8.763622 -17.991209 -14.767745 1.374464 -25.947586 -10.976316 16.560207 -28.693134 3.429171 -4.166227 -5.124467
-14.371824 -5.322894 -14.385196 -10.785074 -0.789408 -18.850361 -9.143473 12.085834 -19.732666 3.476259 -2.174942 -7.115895
-23.395288 -10.522606 -14.502818 -14.024596 -5.573438 -23.091593 -12.634132 15.158627 -23.547359 7.663938 -4.878194 -5.181541
-16.463245 -5.163852 -14.919649 -9.425943 2.921811 -19.786114 -7.227712 12.347324 -22.887615 2.277519 -3.410836 -5.344746
-19.575661 -10.165419 -17.266943 -18.235832 -1.747255 -27.429281 -15.241875 18.721771 -27.283926 4.352907 -5.844383 -4.805864
-17.316072 -5.566565 -19.408920 -15.684909 -0.304569 -22.260786 -11.377760 14.575039 -24.941608 1.598631 -3.444206 -9.435934
-22.410250 -9.689744 -14.285826 -14.274868 -3.972093 -22.754923 -12.099049 15.477324 -24.228476 6.456624 -4.563593 -5.734640
-21.782085 -5.499427 -16.847963 -12.218748 0.717949 -25.559973 -10.989197 16.096546 -27.602007 3.706723 -4.146773 -6.880043
-13.714173 -3.111051 -9.659058 -5.488191 1.811362 -15.377323 -5.888655 8.176114 -16.061111 1.748668 -1.960949 -2.532387
-23.932491 -11.973098 -21.155663 -21.570866 0.629962 -30.722189 -15.800396 20.757883 -31.753805 4.086905 -7.321705 -2.360251
-6.937050 -10.202614 -2.624436 -6.222612 -11.632328 -2.965037 -4.156876 -9.157765 4.569665 -0.537096 4.427138 -3.814484
-15.351385 -18.837797 -10.497682 -20.067791 -31.673134 -1.615299 -10.488707 -22.658484 20.000309 2.440163 5.064799 -8.335819
-13.923091 -17.632742 -7.975279 -17.385300 -27.855145 0.243017 -8.319269 -19.030542 16.520561 1.809508 2.951271 -6.849311
-35.998192 -39.031898 -12.158345 -33.586586 -47.129349 -1.313396 -12.101078 -40.337299 28.246338 4.503307 8.543428 -5.978450
-36.959728 -39.559956 -12.706298 -33.992470 -50.400051 -0.669978 -12.820295 -40.277508 29.538628 3.820954 8.051241 -7.612533
-32.123402 -31.967606 -9.343619 -26.004227 -37.214592 1.107713 -7.103251 -29.844023 20.421442 1.913939 2.679373 -2.623327
-29.162893 -31.418617 -12.727486 -30.007292 -42.168289 -3.792173 -12.253439 -33.058918 25.051289 5.091537 6.445258 -4.787003
-28.933666 -31.983744 -8.418867 -26.044243 -35.634148 0.050966 -7.981738 -30.687044 20.429264 2.354356 5.705070 -3.621066
-26.385881 -30.401325 -13.750264 -29.085718 -43.620148 -0.838719 -12.669252 -33.429695 26.906910 3.443232 6.559488 -9.367984
-21.772795 -26.376888 -10.188152 -23.716204 -36.288750 0.569799 -9.887608 -28.115328 22.103893 2.035872 5.461086 -8.531293
-18.527521 -25.802513 -2.655056 -18.429796 -30.124733 1.009061 -8.323582 -23.562820 16.620098 -0.440448 4.487697 -7.401232
-23.936356 -21.847315 -17.514965 -26.093409 -39.381844 -0.256585 -9.864725 -26.515722 23.288715 2.996346 4.018766 -9.423047
-21.695560 -28.236046 -7.005735 -22.102631 -38.284882 2.014860 -10.845945 -28.813089 22.562283 0.572845 4.708542 -9.832299
-17.772684 -22.387533 -10.065852 -20.780077 -35.724995 -3.111802 -13.175699 -26.822840 22.418976 2.907617 6.928344 -9.482215
-16.125393 -18.468464 -10.620168 -19.262974 -29.455669 -0.095113 -7.935464 -20.258924 17.627453 1.998096 3.614249 -7.303371
-28.092062 -26.443344 -10.154282 -22.349813 -36.392330 2.185646 -7.739563 -28.266848 20.570683 0.553324 0.990580 -5.179140
-19.521843 -26.042723 -4.238675 -18.072111 -33.593601 -0.026401 -10.695593 -27.286385 19.198706 -0.454473 5.838657 -9.338786
-15.789454 -21.905909 -2.618856 -16.343582 -25.561172 -0.104877 -7.453888 -20.526302 14.453859 0.218627 3.787729 -5.331851
-14.386615 -18.728777 -7.361285 -17.246599 -28.432650 0.263178 -8.450596 -20.585087 17.226990 1.180019 4.074494 -7.640054
-18.391006 -24.748871 -5.319821 -19.672762 -31.442844 0.333013 -9.113234 -24.956686 18.785688 0.452846 4.881566 -7.733199
-30.031134 -32.793468 -17.951294 -33.456635 -50.486984 -4.155266 -16.258734 -39.704018 31.847845 5.838607 9.144470 -10.436983
-34.049427 -34.377766 -16.780987 -34.880215 -51.639492 -2.855196 -15.394175 -39.718906 31.529757 6.149111 6.983855 -7.535434
-30.086279 -32.719067 -10.980433 -29.159988 -43.512920 0.360388 -10.840862 -33.558716 25.487339 2.265711 3.916074 -6.687366
-15.328064 -18.401476 -8.474710 -17.434502 -27.562590 1.006825 -7.096492 -18.613701 15.815888 1.767834 2.712822 -6.186508
-18.220085 -18.869076 -9.810260 -18.045364 -29.650799 1.287933 -7.629153 -19.780809 16.808424 1.024189 1.879245 -6.664619
-33.263100 -36.573647 -13.435397 -32.855762 -46.560524 -1.214945 -12.414232 -38.171772 28.216446 4.348306 7.523901 -6.899282
-35.068371 -35.659824 -17.941656 -35.410496 -54.015545 -2.276325 -16.247009 -41.129436 32.842548 5.578520 7.205003 -9.587564
-29.265331 -29.945164 -9.865551 -26.079443 -38.292217 -0.579264 -8.751568 -31.172287 22.198227 2.307029 3.595053 -3.719170
-26.160645 -30.210432 -4.861075 -21.801249 -33.960003 1.811010 -7.461646 -28.429077 18.979233 -0.028553 3.332544 -4.762362
-21.144699 -25.572481 -9.953476 -22.580372 -36.574509 -2.447249 -12.222731 -28.686945 22.331638 2.807122 6.289629 -8.256686
-24.986080 -33.089619 -5.569540 -24.899363 -39.117634 0.900118 -10.825338 -33.136112 22.444750 0.213637 7.658900 -9.744190
-24.779982 -27.987173 -13.057652 -26.732111 -42.610271 0.166136 -12.156639 -31.717665 25.921707 2.807187 5.544581 -9.802485
-20.913939 -23.241127 -11.011954 -22.624395 -34.748905 0.447925 -9.137554 -25.138592 20.532251 2.701739 3.697729 -6.633866
-21.096373 -22.170654 -13.211827 -23.051630 -35.388771 -1.100824 -9.918200 -26.508909 21.702303 2.823537 4.969595 -7.781390
-17.397810 -19.484814 -11.938389 -20.933855 -30.870146 -3.139169 -9.815193 -23.137419 19.559797 2.829126 5.186768 -6.852665
-18.244226 -21.967373 -7.009409 -15.746414 -33.121269 3.001904 -9.237637 -23.573915 18.402903 -1.389352 2.224994 -11.747806
-23.796997 -21.714146 -15.407432 -23.054171 -37.990742 0.753524 -9.425642 -24.574392 21.291162 2.667683 3.629119 -10.415960
-26.678022 -28.274746 -13.023280 -27.792336 -42.865044 0.513813 -11.970270 -30.564484 24.924555 3.596434 3.228895 -7.384848
-20.209942 -24.039068 -9.058696 -20.891340 -36.326084 -0.231750 -11.452446 -27.024599 21.558416 1.503973 4.704256 -9.907495
-20.528175 -22.335423 -10.704058 -20.917130 -33.501923 1.612921 -8.093605 -24.126278 19.737305 1.621203 4.020681 -8.378025
-22.727896 -26.130377 -12.684477 -25.913517 -40.268986 -1.721903 -12.870298 -29.785313 24.763054 3.363319 5.484061 -8.572073
-18.190561 -22.000843 -9.026899 -20.097277 -32.308746 -1.063516 -9.924389 -26.034975 20.492559 1.285092 5.660671 -8.137154
-25.590425 -32.673489 -7.021939 -26.688425 -39.568295 -0.514999 -11.065599 -30.699539 22.697790 1.992814 6.237375 -7.188218
-19.767206 -20.915451 -11.717842 -19.493246 -33.032494 -0.747946 -9.769880 -24.580511 20.552776 1.955198 4.453288 -8.070454
-23.039997 -26.067833 -14.230125 -27.585112 -41.145626 -1.643152 -12.603506 -29.318222 25.337835 4.252528 5.598592 -8.803216
-20.123960 -25.250950 -11.845668 -24.193756 -39.437618 -1.704746 -13.270811 -30.110680 24.918489 2.760969 6.945879 -10.388843
-19.570112 -25.920237 -7.145034 -21.792940 -32.898304 0.047991 -9.063555 -25.593531 19.400501 1.336875 5.932406 -7.939581
-19.095430 -22.429825 -9.494158 -21.594578 -33.497257 -0.841701 -10.069527 -25.166309 20.584835 2.287184 4.596800 -7.239295
-24.177052 -29.481903 -10.547770 -25.277840 -40.218391 -1.750685 -12.732929 -32.994537 25.091778 2.632072 7.883376 -9.327271
-22.280823 -22.559420 -12.655777 -21.867914 -36.568878 2.650171 -8.474268 -25.123621 20.945560 0.996550 3.302882 -10.487841
-31.590570 -27.571487 -9.975915 -25.930574 -37.043484 3.440292 -6.156888 -25.172009 18.775585 2.113153 -1.892004 -0.851677
-36.791172 -41.844715 -14.598092 -37.220932 -53.720413 -0.702148 -14.560026 -44.328064 32.843998 4.566634 10.320362 -10.181166
-6.591512 -10.456555 -2.001186 -8.964708 -13.937128 -0.241672 -3.885526 -8.718402 7.219823 0.700395 1.065681 -2.739152
-8.383698 -12.720956 -1.253464 -8.023194 -16.126257 2.080344 -3.982531 -12.754349 9.273498 -1.229694 1.334551 -4.777296
-35.232830 -33.628277 -18.116190 -34.436996 -51.921200 0.032025 -13.609177 -35.540565 29.911303 5.227571 3.510999 -7.328146
-17.618258 -19.651247 -11.471890 -20.842505 -34.183899 -0.270912 -10.707703 -22.326385 20.111774 2.226758 2.991789 -8.903268
-38.196735 -28.567198 -24.475595 -35.056980 -46.256023 -0.314906 -7.774425 -31.619560 25.435402 5.939933 3.214174 -4.252888
-34.020477 -37.359196 -9.745653 -31.862640 -43.816269 -1.905923 -11.246222 -34.647766 24.519983 5.235779 6.599122 -3.873511
-38.683220 -25.660049 -21.234432 -32.733982 -43.255226 4.723227 -5.477963 -26.250790 19.784559 4.429180 -0.584433 -1.495905
-34.800205 -27.274065 -24.677402 -35.696167 -47.908737 -0.733695 -10.031376 -31.211712 27.564899 6.660375 3.490410 -5.529847
-27.769117 -27.784008 -11.524965 -28.221195 -36.313229 0.134099 -7.838861 -22.266817 18.489136 5.550145 1.666655 -1.775449
-23.072264 -22.353786 -18.335638 -28.968435 -39.899246 -3.939255 -11.703436 -25.506615 23.957102 6.594966 5.267907 -6.659333
-23.993055 -19.520884 -17.568144 -25.536627 -36.969929 1.114352 -8.007708 -22.941240 20.913301 3.253181 2.468067 -6.905034
-17.244854 -20.884253 -10.640332 -22.200783 -32.120853 -4.287212 -10.944183 -22.776783 19.311497 4.048816 5.316507 -5.737098
-37.548023 -39.741177 -13.221531 -36.634502 -51.853027 -1.294397 -14.044794 -37.251240 28.916477 6.648485 6.352140 -5.883701
-38.399826 -32.459011 -14.315781 -30.642792 -41.519154 2.078707 -6.121144 -30.781677 21.347206 4.372527 0.593554 -0.111557
-28.353115 -30.872761 -14.482978 -30.646112 -45.054146 -2.165557 -13.140251 -34.996819 27.990973 4.045093 6.915800 -8.232885
-34.190517 -30.016493 -22.636808 -36.155899 -49.510700 -2.963370 -12.305355 -34.916351 29.641151 7.016679 5.848010 -6.553274
-24.734743 -22.233816 -18.871502 -28.323009 -38.502163 -3.136801 -10.227764 -24.807810 22.558725 6.042528 3.735415 -5.278734
-27.786015 -27.733965 -15.705307 -29.135910 -43.284985 0.669444 -10.633633 -29.862129 25.081800 3.918663 3.748251 -7.767332
-37.607239 -44.902023 -9.602121 -34.881527 -52.689880 -1.544135 -14.670404 -41.450275 29.041967 3.261877 11.502836 -11.097150
-31.985514 -23.358505 -17.056826 -28.849428 -39.164783 3.030931 -6.602142 -23.006241 19.656322 4.743332 -2.267209 -0.751147
-10.086986 -11.745688 -7.032412 -13.587849 -20.168495 -0.688696 -6.066164 -12.584985 11.826855 1.778307 1.629758 -3.716709
-17.273930 -16.599771 -11.361338 -18.970812 -28.073252 -0.504037 -7.116440 -18.084051 15.744981 2.602188 1.428375 -4.413764
-21.251553 -23.672537 -9.737896 -23.136160 -33.504860 -1.423330 -9.381140 -23.502369 19.344187 3.897353 4.502095 -4.928496
-40.297657 -42.367783 -15.822682 -39.370865 -55.404835 0.223312 -13.317007 -44.254223 33.276512 4.292167 7.700568 -7.943109
-24.442238 -21.566505 -15.953821 -26.368557 -35.247635 -0.731404 -7.763697 -22.726540 20.239056 4.104662 2.149490 -4.180221
-26.503887 -21.986906 -17.311741 -25.274002 -37.194870 -3.134920 -9.877090 -26.449066 21.967722 4.198836 3.870793 -4.905822
-23.234200 -23.230328 -11.419132 -22.529943 -31.939966 0.109866 -6.930795 -23.230078 18.012377 2.551525 3.242356 -4.865703
-22.317087 -20.522013 -11.236046 -19.665281 -31.856485 -1.521015 -8.671286 -22.614004 18.184435 3.108246 2.659911 -3.917890
-25.080994 -25.719860 -11.767026 -25.095312 -37.369507 -0.823163 -10.176527 -28.842127 22.556469 2.760654 4.077111 -5.553589
-26.553371 -25.573208 -8.637852 -23.121239 -36.346352 3.561218 -7.303888 -24.409298 19.011902 1.985237 -0.164919 -4.387725
-15.829603 -18.812916 -5.880039 -17.259157 -27.155758 0.962947 -7.558100 -18.700741 15.217343 1.266072 1.052809 -4.502713
-32.052166 -27.293787 -21.953959 -34.549984 -46.248943 -3.145424 -11.793266 -30.437248 26.992012 7.239809 3.764732 -4.322129
-16.124035 -14.234705 -10.313334 -17.512156 -24.810476 1.540070 -5.085398 -14.009169 12.868527 2.155158 0.271637 -3.550965
-37.101257 -41.029163 -13.429316 -38.327290 -53.379524 -0.440205 -14.465036 -40.884995 31.256708 5.624332 7.795600 -7.408116
-35.315773 -30.906782 -20.197075 -37.092319 -52.337826 -2.302822 -14.495512 -31.516199 28.292004 9.395851 2.381949 -5.394425
-39.434856 -39.601128 -7.583721 -29.691227 -43.770760 1.856577 -8.346521 -36.175457 22.808455 2.394945 4.126858 -2.741408
-49.092369 -48.474010 -18.033001 -42.262665 -56.844646 -0.664965 -11.309896 -47.173103 31.924547 7.427062 10.204533 -4.890592
-40.826279 -48.123363 -9.750470 -38.384182 -52.974987 -0.163676 -13.072506 -41.787086 27.447697 4.415758 10.844975 -9.026775
-27.887560 -31.199812 -10.682051 -26.625750 -39.422459 -0.334296 -10.297438 -31.847496 23.351137 3.605014 7.367661 -7.061293
-38.199963 -40.085014 -7.320055 -30.816492 -45.481983 3.099295 -9.505625 -37.620235 24.877262 2.559062 4.288321 -4.635846
-25.590042 -23.194740 -20.839319 -30.294764 -41.069809 -3.758914 -10.892794 -28.546415 25.657253 5.762312 6.109080 -7.378184
-37.055637 -39.153419 -13.056811 -35.867222 -50.461647 0.281319 -12.233747 -37.530560 28.729540 4.772473 6.130696 -6.854029
-36.691082 -35.077324 -12.756912 -30.493366 -44.875355 0.781273 -10.203423 -35.081726 24.831116 3.846026 3.414418 -4.298644
-14.142633 -13.812709 -9.054852 -15.217973 -24.110792 1.432581 -5.304474 -13.729919 12.407166 1.696442 0.367782 -5.090368
-39.459244 -44.096237 -15.327373 -38.891224 -52.430386 -3.690855 -14.521540 -41.807503 30.068859 8.127679 12.240132 -8.294142
-38.029945 -44.054726 -2.084250 -25.650568 -51.220005 1.109902 -15.323629 -40.596519 25.379843 -1.338129 9.326850 -12.385217
-39.541382 -47.747475 -4.924364 -31.664881 -48.129662 5.394712 -9.257362 -42.618515 24.410603 -2.066733 9.381190 -11.343045
-14.765974 -14.531675 -10.390270 -16.102489 -25.433187 0.695671 -5.854563 -17.148466 14.674339 1.342225 1.960951 -6.178433
-37.511681 -19.265047 -22.930531 -24.636337 -27.486141 -18.799938 -11.858980 -2.685870 -3.152710 16.621397 4.129467 -6.079247
-40.137779 -19.294619 -18.626572 -22.837231 -17.673431 -20.023964 -8.225748 3.318717 -11.330022 15.235225 2.175575 0.676061
-44.460590 -29.748451 -19.079094 -37.254463 -36.634277 -15.788789 -14.231785 -6.965597 3.485739 19.560076 -0.653400 7.735559
-42.708782 -30.500648 -20.597328 -38.878956 -31.122358 -17.266018 -11.536251 -6.500349 -0.215636 18.697855 6.540671 1.951321
-41.698269 -24.742483 -18.742834 -31.391859 -28.218271 -15.213270 -10.262653 0.066903 -4.304870 17.311632 1.771064 2.404024
-38.203053 -24.915113 -15.615621 -30.271582 -26.623337 -16.952368 -11.398312 -0.268978 -3.840145 16.647348 2.243465 3.790596
-48.156166 -32.899220 -22.178415 -40.979282 -35.060890 -19.925665 -13.968615 -3.967077 -1.497741 21.090937 4.598598 4.576233
-53.712616 -27.678900 -25.586233 -35.961914 -31.492561 -25.995127 -14.306839 0.054679 -7.990090 22.006182 0.698449 4.964517
-42.909065 -34.858807 -8.901696 -33.439312 -27.859705 -22.194473 -15.988243 1.935668 -8.814477 18.214523 2.310233 5.452238
-47.319218 -21.232130 -13.063656 -23.862701 -14.103471 -29.527308 -12.432079 8.188980 -24.159302 16.509142 2.038126 2.949358
-40.364403 -26.820934 -17.256283 -35.040428 -27.986418 -18.483665 -12.588882 -1.226057 -2.949285 17.865164 3.587441 4.333286
-44.211796 -37.196594 -14.039999 -39.134983 -33.976181 -21.807549 -16.531929 -7.424755 -0.123246 19.943033 5.353122 6.197845
-42.062489 -19.688532 -21.124701 -24.196341 -25.777002 -18.553917 -9.145746 -2.158630 -6.078694 15.897899 2.424870 0.695260
-33.701580 -17.284275 -24.682182 -26.563808 -26.311880 -13.465298 -7.889227 -7.312454 3.487184 13.309547 5.629436 -0.642036
-27.439526 -16.515858 -16.150995 -19.514431 -21.659990 -14.018161 -8.825474 -3.166881 -0.935303 12.159404 4.496578 -4.066948
-33.002907 -13.115059 -24.084394 -21.272675 -17.290361 -19.426077 -6.528842 -3.729445 -4.012960 12.609201 6.606942 -2.076111
-41.838833 -20.541817 -25.653614 -28.397421 -26.914635 -18.862070 -10.788134 -1.108902 -5.437553 17.511505 3.789343 -2.414747
-46.033638 -28.164154 -21.741066 -33.700375 -28.374872 -20.083317 -11.592667 -3.107929 -5.375957 19.128395 3.698252 2.421955
-34.546898 -18.407623 -19.046982 -23.200737 -16.159859 -16.367500 -4.747528 -2.729481 -8.133052 12.899744 6.170413 -2.809527
-31.714701 -20.730927 -14.152144 -25.691462 -22.272388 -17.286699 -10.634626 1.078077 -5.163573 14.827766 2.514972 2.051729
-43.896275 -24.680595 -23.993711 -32.371960 -30.269331 -23.113810 -12.452160 -3.039858 -5.049109 18.866400 5.411095 0.951844
-42.654846 -22.164032 -21.338909 -25.075785 -16.459221 -23.007956 -6.038045 -1.847057 -11.235853 14.583135 6.351646 0.950144
-53.020512 -29.162605 -22.157215 -33.940178 -29.089432 -16.408789 -8.361362 -4.541317 -5.605057 18.573542 0.183532 6.415031
-47.206291 -31.361784 -16.734571 -36.569225 -29.996546 -23.297413 -15.961639 2.035003 -6.786955 20.696074 1.745851 6.084705
-35.938618 -23.932590 -16.158253 -28.596172 -25.663969 -18.221853 -11.256853 -1.782286 -3.522363 16.288784 3.497838 2.464187
-30.242168 -20.780155 -11.299454 -23.640112 -25.132215 -16.209902 -14.012968 -0.145066 -1.611599 14.548560 0.612418 4.335325
-29.944424 -22.271591 -8.149722 -24.480986 -22.216536 -13.679694 -12.729019 0.889267 -1.294859 13.010971 0.960338 4.375575
-19.530657 -12.738327 -8.953932 -15.710394 -14.813823 -9.029025 -6.210106 -1.495504 -0.380207 8.404207 0.252593 3.224880
-37.448093 -24.139473 -18.212614 -27.565723 -24.613873 -20.618713 -11.463272 -2.634519 -4.249581 16.109531 3.947900 1.276078
-27.408812 -15.437412 -22.202286 -21.239714 -20.887505 -13.273396 -5.413820 -10.882976 4.657909 9.693229 7.859940 -3.163897
-40.865837 -22.918436 -21.497766 -28.502516 -25.758043 -16.848265 -11.765474 3.750400 -7.696113 16.538097 -4.296755 1.799105
-52.367039 -23.604704 -30.883488 -35.667362 -20.790390 -20.689375 -5.267529 -0.110478 -13.656083 18.066906 4.380850 1.780343
-39.828503 -24.560831 -21.550892 -28.639143 -19.859337 -14.957781 -2.494959 -12.376987 0.773043 11.628019 6.048177 5.226064
-45.881474 -25.930424 -21.614946 -31.992409 -29.678740 -19.385834 -13.217518 3.185873 -7.550797 19.468006 -0.220070 2.924319
-46.689079 -25.512976 -25.880753 -33.903973 -30.125360 -23.073498 -12.184282 -2.757771 -4.316246 18.182777 3.581126 3.732815
-50.307682 -21.177834 -32.579288 -29.753969 -28.492029 -22.448042 -7.829772 -8.053377 -4.006766 18.016388 7.967514 -4.158326
-42.458931 -37.999241 -13.035739 -38.227207 -38.766113 -19.237274 -16.861662 -11.922439 4.640164 18.208147 6.390148 5.110771
-50.528049 -26.066824 -30.845007 -39.146080 -32.597397 -23.813919 -12.569006 -1.710613 -6.568763 21.709421 5.813480 -0.917040
-50.642014 -36.351376 -24.562582 -45.173668 -41.866192 -21.860249 -17.693775 -5.491475 1.057207 23.991388 8.930231 0.015751
-51.792568 -29.434998 -23.590073 -36.571995 -33.059635 -19.601971 -10.995602 -6.023279 -2.946285 20.065727 4.034470 4.763813
-50.353401 -32.051075 -23.212456 -41.580868 -34.466702 -17.386288 -11.963572 -6.332572 0.351764 20.597229 4.850749 4.269495
-43.027065 -22.723726 -20.678802 -28.670883 -19.478624 -21.126495 -8.406647 2.050344 -11.715790 16.295395 3.237694 1.862879
-46.355011 -31.802996 -16.973043 -36.914371 -37.033474 -15.447389 -14.654247 -7.170322 3.219980 19.601318 -0.096459 9.423402
-28.574141 -15.758744 -12.104911 -17.888723 -13.040667 -12.436490 -4.001942 -0.671004 -5.796333 9.951158 -0.031442 3.807253
-47.466152 -29.683855 -18.723457 -34.855473 -27.349676 -24.798176 -14.443464 4.492105 -11.260392 20.719700 2.222443 3.648267
-38.966457 -23.971115 -15.310593 -27.572697 -27.288685 -17.896933 -14.460974 2.739569 -4.416330 17.379028 -1.116250 4.186461
-40.487377 -23.026318 -18.584372 -28.389008 -23.824823 -21.003073 -11.703367 3.945199 -9.287953 17.254368 2.201222 2.101572
-41.631134 -21.202650 -20.188873 -27.737989 -21.909079 -16.792904 -7.127448 -1.225353 -6.808607 15.743416 1.571201 3.417876
-50.694801 -35.101551 -22.503954 -42.071758 -35.321941 -18.398224 -11.641253 -8.725375 2.084396 19.512194 6.500943 8.444220
-54.604549 -31.113836 -27.534327 -36.470127 -24.267706 -20.384583 -4.182575 -8.087248 -9.086121 17.857340 8.670915 2.834217
-29.696234 -14.788155 -5.272995 -13.883550 -11.057752 -17.617086 -10.433735 9.772077 -15.651413 11.877291 -2.954996 1.920235
-34.796329 -20.634388 -24.404621 -26.748520 -29.481249 -16.880028 -9.620403 -4.920090 -0.120190 15.544885 8.413962 -7.733432
-44.842018 -27.667061 -24.049887 -36.483738 -31.894491 -18.469763 -10.812061 -3.634182 -2.678429 19.011532 5.936386 1.313909
-49.454838 -27.814522 -28.359159 -40.647312 -39.479633 -23.917713 -17.858624 -7.863405 3.473017 22.195139 4.919031 3.081501
-46.572929 -28.128716 -23.311167 -36.387691 -35.375942 -20.864134 -15.764830 -4.471528 -0.041324 20.670610 4.149070 3.325214
-51.100601 -32.639797 -24.992792 -42.709629 -32.132427 -22.401575 -12.095093 -7.116591 -1.452649 20.713745 6.501874 6.333596
-45.340065 -27.765949 -21.234694 -36.200325 -26.389280 -20.833244 -10.897984 -1.144664 -6.816552 18.874134 3.988927 3.792820
-56.636322 -32.482193 -29.031620 -41.273468 -40.003567 -21.266991 -15.328245 -3.589916 -2.794522 23.447874 5.348928 0.627177
-44.283798 -33.603283 -18.057600 -39.295219 -37.661125 -14.680895 -13.630302 -8.696829 5.354283 18.885759 5.808758 5.713313
-44.995068 -26.966089 -17.027504 -34.017174 -23.497873 -22.291000 -11.588194 -1.342361 -6.942029 17.340139 2.602314 7.281678
-49.148121 -32.830536 -24.363613 -40.627968 -35.536575 -20.489414 -13.199976 -7.367231 0.413980 19.938694 6.783998 4.662711
-49.259109 -33.860451 -21.795649 -44.294506 -33.692757 -23.168842 -16.348324 -4.925415 -0.120569 21.676846 2.950281 10.291164
-52.303226 -35.193089 -19.155300 -41.857635 -37.642391 -22.842245 -17.825798 -2.379825 -1.173275 22.260435 0.590912 10.679815
-41.906818 -26.891518 -18.715921 -35.264866 -28.803589 -23.661476 -14.418407 1.030092 -6.852289 19.690718 4.370772 2.314237
-45.123772 -26.467833 -25.642254 -38.102699 -27.638287 -19.494648 -9.800413 -6.482052 -0.416091 17.983835 6.119539 4.689873
-52.226181 -30.745739 -24.787518 -44.190792 -32.768513 -23.887503 -14.996593 -3.437407 -5.912556 21.368704 5.220402 5.159159
-46.540257 -23.220978 -29.490559 -37.218494 -29.175602 -22.830643 -11.447639 -4.836917 -3.425165 19.095240 4.858892 1.424848
-38.219913 -22.356407 -23.527256 -33.501682 -26.976633 -21.295065 -12.884464 -2.443393 -2.990071 18.007641 4.691823 1.587817
-46.538887 -29.025595 -30.630136 -38.587952 -40.811367 -15.825452 -12.360125 -11.206819 6.287545 19.539860 8.095670 -2.741746
-53.627796 -30.474224 -23.642387 -37.143829 -27.477119 -26.232430 -11.955936 1.823188 -13.682644 21.100029 5.244696 0.901591
-43.135319 -20.119162 -33.696606 -33.216957 -30.060160 -20.111681 -9.679581 -6.597782 -2.689473 18.821066 9.455482 -9.324567
-31.832331 -18.223154 -19.784567 -24.403578 -25.655880 -17.568419 -9.941380 -1.187709 -3.285683 14.629791 6.014958 -4.053537
-34.407200 -21.384253 -20.564405 -27.785604 -27.436670 -20.847561 -14.041363 -1.948925 -1.915510 16.989056 4.743602 -2.017377
-46.098240 -27.331423 -21.631910 -37.267876 -28.853100 -24.095339 -14.737587 0.958106 -6.422403 20.357542 3.809467 5.261037
-41.610416 -24.058916 -24.993181 -33.041855 -32.098557 -15.874355 -10.679323 -4.605624 -0.884190 18.387157 5.656874 -4.475263
-43.439060 -22.712698 -27.179106 -30.178482 -30.045191 -16.251331 -8.944487 -4.424958 -2.890773 17.309668 6.036562 -4.121059
-44.237576 -25.741905 -26.559149 -35.651146 -34.094093 -23.249302 -14.787066 -2.025907 -3.297248 21.225622 6.517971 -2.218929
-35.804211 -17.953730 -22.325321 -22.398006 -23.989187 -18.152845 -10.255417 -0.952946 -5.459903 15.148190 6.409132 -8.279677
-39.892742 -23.931360 -23.753391 -31.441931 -28.176035 -16.913572 -9.540234 -5.211409 -2.447954 17.026073 8.293071 -2.974346
-41.986637 -20.043318 -26.681576 -30.113918 -29.007448 -22.304314 -12.784779 0.031965 -5.843028 19.120356 3.673359 -2.331982
-41.386124 -21.240606 -28.055532 -32.095303 -28.103619 -24.231426 -13.392084 1.285835 -8.168219 20.151861 5.639667 -5.401315
-43.304249 -29.396536 -22.635084 -37.371540 -35.273785 -14.578455 -11.437016 -7.621866 3.135491 18.803518 6.398840 1.020962
-44.522690 -27.413116 -24.438725 -34.528854 -37.439415 -15.008561 -12.874237 -7.126174 4.099255 18.845377 5.052802 -0.783597
-41.497147 -23.050365 -27.284273 -29.274225 -31.626480 -19.325911 -11.772629 -5.323022 -0.491788 17.530540 6.493275 -6.457786
-38.604294 -24.066286 -20.078720 -30.333694 -28.466923 -18.247234 -10.383326 -2.811048 -2.986618 16.995037 6.101240 -2.955724
-45.913322 -28.739130 -25.387920 -38.070137 -35.337955 -22.039352 -15.755642 -1.649343 -3.366603 22.100321 6.302280 -2.087617
-41.988300 -23.080160 -23.711143 -27.989508 -31.278126 -15.459348 -11.663113 -4.728106 -0.262975 17.194845 5.220826 -4.602017
-44.252148 -21.564499 -29.026230 -32.358440 -33.825821 -19.405441 -12.603094 -1.154204 -4.691676 20.034502 3.501472 -5.818252
-44.017235 -27.860146 -23.976507 -36.791920 -32.571110 -20.876913 -12.992786 -3.096287 -2.473651 19.986385 6.390994 1.111124
-40.170471 -25.517874 -21.261620 -33.086903 -29.137579 -18.661770 -11.239807 -2.389143 -3.312928 17.692307 6.150038 0.597438
-44.434185 -28.770105 -16.918905 -35.632706 -24.183619 -19.655064 -11.625576 0.491489 -7.668273 18.184992 2.352068 6.587424
-44.295231 -20.901581 -25.669014 -27.065821 -25.575781 -20.474770 -10.452993 -2.480880 -5.293054 16.715609 5.246073 -1.580993
-44.211514 -23.857962 -26.642776 -32.258705 -22.397385 -24.110533 -8.447294 -3.578075 -7.089751 16.859495 6.542745 2.526263
-40.920296 -26.535648 -20.256191 -34.547417 -33.991734 -23.239166 -18.340038 -1.407721 -1.162660 20.229607 2.434415 4.354248
-42.078865 -26.574781 -17.759462 -32.721184 -31.918161 -24.183344 -18.066149 2.383566 -4.426750 20.163853 1.201365 4.653701
-42.935928 -29.065638 -16.570482 -33.825871 -29.335051 -21.128611 -14.125874 0.948137 -6.558317 19.000002 4.357042 1.704024
-43.759758 -26.102219 -26.189617 -31.135511 -35.668259 -18.260689 -13.184570 -6.257030 1.129591 18.395945 5.617757 -5.113234
-42.006115 -24.785109 -19.248407 -31.354973 -25.414318 -20.126795 -11.141228 0.036698 -7.232279 16.875360 3.791325 3.142990
-51.851807 -31.792131 -29.353825 -44.381798 -34.219807 -22.726404 -12.385416 -7.174483 -1.688454 21.954292 7.412665 3.279334
-49.953201 -26.866201 -25.042040 -35.559769 -21.542006 -18.929174 -6.092096 -2.727794 -11.689899 16.775972 5.820122 1.078937
-34.896446 -19.038803 -20.303465 -22.768112 -24.854738 -15.225044 -8.804689 -14.815869 -4.124688 4.992212 14.596606 -11.052191
-23.386534 -9.216985 -14.902089 -9.070865 -14.115788 -14.553394 -7.010565 -11.140522 -10.473592 -2.658225 14.189919 -13.764935
-26.655626 -17.909527 -19.827257 -16.432079 -22.395229 -14.758493 -5.828350 -16.788294 -1.490766 3.271592 15.592404 -13.563929
-33.432217 -24.081129 -16.748833 -17.131346 -14.206470 -15.089074 1.540935 -19.958878 -2.736729 2.761186 13.884729 -5.735445
-41.966892 -34.146152 -20.007160 -26.693571 -33.711369 -10.918378 -7.596076 -33.238888 -1.564811 -3.909075 24.528835 -17.912607
-14.399514 -6.888228 -10.079328 -6.890608 -10.806408 -9.775465 -6.232950 -8.969913 -5.474453 -2.444041 10.632501 -9.587686
-26.814697 -18.253107 -3.332163 -4.070531 -18.262823 -6.701649 -7.083039 -18.123554 -7.684700 -9.810367 14.275556 -14.709750
-21.906290 -11.562093 -12.637880 -7.630111 -17.259760 -14.453692 -7.101493 -12.536906 -5.343215 -0.723817 13.046588 -12.678758
-28.836555 -16.916525 -10.790927 -13.877938 -19.697741 -12.626308 -8.445688 -11.716526 -10.319818 -1.877095 14.423697 -12.728952
-35.071686 -21.596205 -20.446760 -18.190874 -27.145529 -10.491553 -4.649241 -14.967891 -4.814494 3.588627 14.442972 -16.409018
-24.819008 -17.562851 -18.212898 -14.980942 -21.216827 -12.572974 -6.421723 -18.866745 -2.328048 -0.323314 17.019676 -15.575525
-14.774085 -8.968818 -12.394773 -10.252206 -11.753041 -10.550909 -4.321172 -9.262103 -4.662586 -0.005774 10.498137 -8.670392
-24.186560 -11.771566 -11.195848 -1.714177 -12.906378 -14.299487 -3.466360 -18.919266 -7.093464 -6.158047 12.752376 -12.569663
-23.750954 -11.032027 -15.798084 -10.834774 -15.467412 -15.905313 -5.739631 -13.880101 -5.841855 -0.230248 13.600582 -10.493114
-24.992310 -12.696608 -18.869293 -17.080437 -19.742714 -15.883301 -9.445362 -6.830770 -6.694983 6.223083 12.260773 -12.000571
-20.136190 -14.605676 -13.800432 -13.083961 -17.276606 -10.493143 -5.231228 -14.851983 -1.236029 0.397048 13.169637 -10.360072
-24.173861 -17.013573 -18.151339 -18.334871 -20.797377 -10.694489 -5.526696 -16.969101 0.478435 2.319206 14.768334 -11.077729
-28.788769 -14.228557 -19.774010 -15.182882 -21.340134 -15.361609 -8.456444 -17.817904 -2.378223 0.525861 16.414932 -12.641068
-21.447315 -5.206517 -17.936947 -5.717549 -7.519167 -17.300558 -2.873624 -12.062872 -10.123148 -1.096709 11.729833 -10.935717
-21.888281 -10.900547 -11.986544 -7.009963 -14.937211 -12.788204 -4.941241 -11.286212 -7.684912 -1.393297 11.948682 -12.996120
-22.441011 -17.364058 -14.549368 -15.752377 -22.194777 -11.362643 -7.405882 -16.485041 0.395755 1.775512 14.648326 -11.042413
-14.665692 -4.937644 -7.313017 1.080462 -4.466997 -11.409708 -3.049496 -8.533432 -10.773244 -5.881780 8.879966 -11.107806
-16.260881 -9.689255 -8.294656 -6.569205 -12.637852 -10.130393 -5.731327 -10.441654 -5.673391 -2.474907 11.270734 -10.799630
-26.409834 -12.651601 -18.608576 -14.871785 -16.343651 -13.436406 -5.860377 -14.106400 -7.174879 -0.550054 15.245262 -12.190504
-17.388060 -8.591967 -14.782807 -10.497186 -11.377588 -12.896587 -4.582176 -10.114590 -5.403847 1.332792 11.146424 -9.650611
-38.755352 -7.765553 -26.044622 -8.696812 -11.867272 -21.179630 -4.359019 -18.468163 -17.334877 -4.376164 18.495604 -15.726806
-23.061222 -17.898998 -17.890373 -17.824892 -23.922554 -11.553226 -7.392568 -18.117393 3.295337 2.425354 15.112370 -11.658476
-22.536842 -11.049324 -15.910145 -10.149148 -15.162690 -14.035025 -5.368063 -13.611318 -5.904083 -0.867535 13.553554 -12.165848
-21.559294 -12.914864 -11.240766 -10.675817 -15.753305 -10.838420 -6.978736 -13.363991 -6.405211 -3.234292 14.108711 -11.800689
-17.336166 -10.856026 -12.307880 -11.177680 -13.142831 -10.412440 -4.765584 -11.620361 -3.786085 -0.252815 11.688663 -9.374815
-26.644478 -6.452661 -15.148397 0.310066 -6.847930 -21.877995 -4.869770 -14.437617 -20.269049 -10.953468 16.205240 -17.202827
-18.488747 -7.644628 -5.380953 -2.599701 -6.949068 -10.482629 -4.608148 -8.854986 -12.626122 -5.630376 10.976349 -10.192388
-18.520164 -7.426898 -8.640836 -4.387133 -10.035607 -10.981318 -5.669847 -9.268447 -9.180647 -4.269593 11.203029 -10.544067
-19.106726 -8.252037 -5.575727 -2.938906 -9.886864 -9.863792 -6.126931 -9.914103 -10.883899 -5.801152 11.708766 -11.401874
-15.911346 -0.664735 -12.233535 0.537294 -5.461547 -15.454197 -5.165374 -10.215543 -9.256497 -4.577422 10.161364 -9.102651
-19.846767 -9.971753 -9.771824 -10.790366 -12.780304 -11.363628 -7.807603 -6.868432 -8.861970 -0.764981 10.768657 -9.365073
-28.870426 -17.947483 -19.671974 -18.254507 -21.690775 -12.942196 -6.321822 -17.111305 -5.141798 1.140261 17.025221 -14.778408
-24.161509 -15.743773 -19.344139 -16.265413 -19.949919 -16.020330 -7.669991 -13.536427 -4.045084 2.714484 15.565418 -13.975749
-19.142607 -9.666093 -13.129243 -9.386484 -12.398157 -11.973776 -5.844526 -13.458017 -6.671226 -3.336654 13.384666 -10.717099
-23.721403 -15.124154 -12.543385 -12.783154 -18.145969 -10.333941 -6.821744 -13.828815 -6.423034 -2.123291 14.931332 -13.401321
-20.472660 -5.546867 -15.831179 -5.552641 -12.511997 -12.964030 -4.622530 -13.954157 -2.785285 -2.033099 10.717977 -10.166675
-12.716491 -5.434611 -8.197703 -5.487933 -6.883497 -9.392005 -4.502235 -6.047201 -8.696741 -2.377701 9.123680 -8.871619
-27.975489 -6.066490 -7.842580 0.428577 -5.691609 -18.280121 -5.428333 -10.233685 -20.966820 -6.024817 13.040453 -11.939663
-28.610394 -15.567955 -14.020919 -12.285288 -19.021393 -11.686278 -5.901650 -16.427603 -5.729861 -0.888094 14.815595 -13.312469
-17.977137 -7.347509 -11.625486 -6.969509 -8.078356 -9.922134 -3.464022 -10.702495 -8.636115 -3.406062 11.477102 -10.183426
-17.479280 -9.333692 -11.279374 -8.815310 -12.975409 -11.575314 -6.712034 -10.841270 -6.475009 -2.505855 12.626788 -11.052359
-16.419754 -8.018852 -6.866373 -5.759477 -9.477512 -8.766998 -5.402524 -7.284524 -10.186995 -4.054830 10.522169 -10.230635
-19.252356 -9.945932 -9.079741 -5.780932 -10.995346 -9.549643 -5.324586 -12.083742 -9.920866 -6.009632 13.135622 -12.748156
-22.911623 -14.553791 -1.355274 -0.294602 -13.622883 -8.402138 -5.968299 -17.962732 -14.110280 -13.838881 14.947231 -14.444666
-15.659279 -6.267858 -11.752749 -3.387204 -8.036750 -12.269123 -3.245283 -13.318866 -5.631141 -3.187568 11.035103 -10.544301
-15.574120 -6.975309 -10.147679 -5.509770 -4.374754 -9.823124 0.031711 -5.407729 -4.735569 0.397200 4.717669 -2.201299
-12.832654 -8.973664 -9.608783 -5.618544 -7.906767 -7.681645 -0.433134 -7.603183 -3.728382 -0.538255 7.008340 -8.687576
-16.983524 -4.223989 -13.482972 -5.363689 -5.908019 -14.660817 -3.049235 -13.061226 -2.469707 -2.010120 7.744217 -1.528999
-20.298471 -7.825175 -9.420978 -1.758775 -8.728801 -8.833622 -0.931775 -15.275564 -6.126552 -7.511487 8.838944 -7.623323
-19.163815 -12.898088 -9.358314 -5.705145 -13.289956 -7.738192 -3.212331 -15.620145 -4.658089 -4.483789 11.651372 -12.658132
-21.314629 -5.682374 -17.722286 -4.688761 -7.575225 -17.583612 -5.359297 -16.760857 -13.671045 -8.129004 17.013790 -16.057589
-14.351394 -1.747506 -10.020020 2.224585 -3.920183 -13.031786 -2.144768 -9.071849 -11.115474 -6.069338 8.953874 -10.994576
-22.500889 -16.346546 -6.857826 -4.768831 -15.565172 -5.417552 -2.690146 -14.542945 -9.312391 -8.412058 11.338879 -15.671349
-16.235460 -1.923099 -12.371193 1.591749 -4.130171 -14.911011 -2.543528 -12.737219 -6.958555 -4.429324 8.653454 -8.339950
-20.538340 -6.274326 -11.096181 -0.372743 -7.835474 -13.396133 -3.832769 -13.768196 -11.953820 -8.155123 12.855181 -13.232655
-30.182922 -12.327502 -11.889626 -1.918847 -16.371231 -11.693604 -3.177700 -24.023933 -8.301488 -12.037140 13.524535 -9.808842
-24.638977 -10.184408 -10.653179 -3.949168 -13.255247 -12.844332 -5.925783 -13.953399 -8.131742 -5.017110 12.930630 -12.145582
-13.956997 -8.812884 0.346128 0.768376 -7.127584 -9.217678 -4.869839 -9.645708 -11.570947 -7.926608 9.753857 -9.748576
-29.003033 -1.104211 -23.642599 1.001487 -4.937528 -26.509832 -2.376697 -18.559074 -17.192392 -7.614532 14.886468 -14.554722
-21.384174 -3.354567 -14.642994 -2.715885 -9.665628 -13.993351 -4.165188 -14.104566 -4.393787 -2.793434 9.649460 -7.094234
-10.868252 -2.614197 -4.689690 0.313130 -2.083253 -10.717768 -2.986505 -4.100454 -11.532648 -4.310250 6.857325 -7.472230
-20.854681 -1.343917 -12.750422 -0.422609 -5.514264 -15.462395 -3.448972 -8.114370 -10.993614 -2.734602 8.412337 -6.917406
-12.349909 -7.734521 -2.939973 -1.688722 -6.358398 -7.296175 -4.128055 -7.365231 -10.869101 -6.996157 8.956309 -10.497486
-22.778481 -10.429843 -11.134669 -2.658627 -14.327619 -14.170645 -6.694284 -22.686438 -5.779534 -9.615862 16.135563 -13.069154
-24.574917 -19.026094 -10.345959 -9.009949 -19.354282 -6.634793 -4.501330 -22.950735 -3.805683 -7.766434 15.640478 -15.705662
-14.962731 -5.329841 -12.911757 -2.420248 -3.820239 -11.877231 0.102856 -8.643235 -9.843935 -3.015424 8.955109 -11.893034
-22.478540 -12.376578 -10.636293 -6.759712 -15.018750 -4.948237 -0.882800 -15.871271 -2.517370 -5.209608 8.324469 -7.454169
-7.078674 -1.239545 -6.409447 -0.894169 -2.929410 -7.494140 -2.462959 -5.408319 -6.474700 -3.345747 6.065348 -6.567511
-20.319630 -15.429039 -8.393708 -5.418982 -15.603057 -7.711694 -3.766306 -20.441793 -3.890154 -8.117160 13.593655 -14.188646
-20.724094 -2.063874 -12.525007 1.096283 -10.840205 -12.368191 -3.256662 -13.117325 -4.651729 -5.161873 7.185334 -8.821970
-18.449760 -13.664000 -10.121728 -5.372048 -13.769681 -6.263228 -1.422721 -17.246998 -0.287361 -4.343028 10.742804 -12.871999
-12.135528 -9.340747 -10.481330 -5.613666 -10.504506 -9.079567 -2.339243 -14.790066 3.478219 -1.765163 8.737384 -8.716304
-26.954502 -17.171806 -15.467752 -15.645432 -16.268030 -7.100790 0.260420 -21.258484 2.108129 -3.504857 9.535525 0.386112
-20.719044 -12.347367 -15.041576 -12.976876 -9.359596 -7.126162 0.783009 -10.893214 -0.163867 2.744250 7.918934 -4.034852
-23.210011 -12.114524 -16.913887 -11.316096 -6.192798 -9.923421 1.666416 -11.157465 -2.974758 -3.764835 7.703941 -0.251625
-20.251200 -13.579113 -15.949776 -11.983047 -12.047524 -10.144943 -0.481823 -14.747994 2.290962 2.881278 9.865316 -7.440231
-15.822128 -9.925630 -8.517507 -7.062841 -4.358926 -5.935784 2.040616 -6.766419 -2.916585 -1.240910 5.125130 -0.069340
-19.696060 -10.358237 -14.156086 -11.025092 -6.922567 -7.185584 1.507803 -8.689516 -1.936983 1.206730 6.572858 -2.425615
-21.202339 -5.664398 -15.516521 -2.344736 -8.447033 -15.938703 -2.898483 -17.054153 -3.797311 -2.609767 10.866043 -9.906790
-15.041611 -0.522267 -14.658738 -1.608527 -2.879040 -14.793571 -1.875802 -9.300127 -7.525055 -1.624313 7.579677 -6.913849
-10.197533 -7.043526 -7.215735 -2.982852 -5.878700 -5.770267 -0.051897 -6.055330 -2.303908 -0.588802 5.342739 -8.218017
-19.503967 -9.128664 -12.536417 -4.379705 -5.337427 -8.096029 2.451286 -10.776118 -3.465252 -0.865850 7.051952 -7.744549
-17.432457 -10.482388 -11.489757 -9.962062 -3.282141 -7.125491 2.141646 -6.839222 -4.458562 -0.455550 5.956240 -1.170491
-23.605366 -14.744280 -17.000427 -15.384958 -9.254482 -11.379657 -0.592072 -13.914636 -0.814779 3.531188 9.895778 -3.500702
-17.569527 -14.608483 -11.712598 -12.407106 -14.246430 -6.236156 -2.400519 -14.876495 -1.074323 -0.981625 11.368958 -8.976869
-18.251427 -4.809415 -14.649481 -7.816278 -1.714628 -13.631177 0.596133 -4.172071 -6.565736 2.553192 5.608382 -1.168093
-19.526432 -10.366895 -7.807746 -5.544638 -7.124798 -10.859827 -2.516672 -12.336815 -8.169339 -4.130608 9.967714 -5.724115
-23.667709 -17.906319 -6.287596 -8.376896 -10.934658 -4.054139 1.269910 -14.119760 -8.699190 -7.249428 9.136819 -7.840864
-24.609825 -7.614483 -17.771172 -5.959653 -12.691809 -14.291331 -3.270668 -20.114058 -2.337438 -2.014878 12.249915 -9.618057
-15.734051 -5.067327 -12.035976 -5.313972 -8.698967 -11.302567 -3.203653 -11.262619 -0.081811 0.866309 6.897954 -4.295384
-17.290833 -4.421036 -10.152044 -1.295155 -6.387063 -11.770650 -3.230198 -3.311726 -14.858039 -3.718091 8.481463 -13.417305
-28.231182 -9.524264 -19.347158 -8.306618 -12.113954 -14.045995 -1.349860 -20.430305 -1.512411 -3.456477 10.883486 -2.499113
-32.312038 -9.241386 -11.994370 -1.610130 -7.830294 -14.960179 -2.980886 -12.383467 -21.744608 -8.398809 14.015945 -15.587570
-27.206463 -8.288666 -16.950886 -1.613069 -13.351824 -16.513906 -4.003750 -22.560307 -4.467381 -5.673605 14.195431 -13.339102
-14.629307 -15.016804 1.833804 -6.027216 -14.441359 -4.170244 -6.588958 -10.114046 -3.802353 -4.508864 6.740874 -8.878528
-40.101673 -16.499601 -16.918222 -18.131445 -14.908933 -9.538185 -2.294530 -4.791893 -6.141267 3.003547 -2.580702 14.898943
-63.391285 -21.937691 -28.155350 -25.171944 -23.516718 -5.973625 1.298395 -9.876308 -8.404625 3.252447 -6.764472 20.226864
-62.021755 -19.922728 -24.341000 -18.703320 -20.825752 -11.493673 -0.169795 -11.359433 -7.951176 2.813775 -5.917282 21.827585
-37.020206 -17.991850 -15.639612 -19.681932 -16.298218 -13.187305 -4.761879 -5.984121 -3.686636 3.975361 -1.398742 14.689558
-33.501282 -17.838619 -15.217481 -19.591444 -17.769772 -10.153946 -3.401372 -10.341100 1.009438 3.157523 0.069959 11.983355
-57.641766 -23.702719 -21.391356 -23.098822 -21.644159 -9.201488 -1.145923 -10.741457 -5.783591 2.536859 -3.659015 20.358849
-40.359756 -15.133087 -14.022878 -11.562998 -13.171819 -9.127215 -0.283535 -9.569536 -5.099625 0.832381 -2.543409 14.166427
-35.941875 -20.357380 -6.208329 -14.449841 -15.611411 -7.817235 -1.959515 -9.866194 -4.550491 3.034084 -1.096870 12.284337
-53.607689 -20.929636 -22.116329 -24.133301 -24.030893 -4.706876 0.420718 -8.062315 -4.221592 6.314399 -4.780710 15.683054
-38.115807 -18.546869 -13.186794 -19.060001 -21.416658 -0.110642 -0.625065 -7.990776 0.678866 5.415399 -6.188234 11.282452
-51.240452 -21.835367 -19.927294 -23.584249 -21.361231 -10.001441 -3.248131 -6.314404 -6.323937 4.734787 -5.057185 19.236637
-37.843472 -12.820283 -17.099524 -15.066057 -14.880744 -9.280503 -2.348290 -5.750754 -4.914653 0.526310 -3.873513 14.509192
-59.999699 -12.228408 -29.306459 -13.356274 -17.344404 -4.788222 6.093866 -15.980715 -7.512148 -3.421735 -3.226063 15.710827
-28.496218 -15.323145 -11.795662 -15.817329 -12.139300 -10.594360 -2.537340 -6.525299 -3.656294 2.498619 1.275634 9.850909
-40.242413 -15.593788 -14.902994 -14.683039 -14.602400 -11.262380 -4.064766 -4.239143 -8.584075 1.111822 -4.585553 16.885073
-55.981052 -23.453711 -20.905462 -23.618002 -25.184309 -1.113138 1.004141 -9.370959 -5.503351 3.084036 -7.595314 17.558416
-39.597656 -21.249683 -9.839648 -18.355618 -18.847393 -6.962479 -3.392754 -5.508798 -6.229931 3.337442 -3.488970 15.425358
-52.738621 -22.147579 -16.709684 -21.764372 -25.620283 -4.692060 -3.008462 -6.078832 -5.030424 5.808933 -9.813944 18.760216
-40.518524 -20.837553 -15.893293 -21.054314 -20.355871 -3.260188 -1.205864 -8.162068 -1.530284 2.782603 -7.277610 13.646479
-50.869553 -16.962944 -22.330256 -16.771175 -13.598885 -10.344110 0.982738 -8.339977 -9.269126 -0.368751 -1.598246 17.678570
-40.498608 -20.900209 -14.228097 -21.701956 -22.779930 -0.324102 -1.112061 -7.810287 -0.270332 5.313805 -6.012488 12.593413
-19.225538 -14.602685 -8.227784 -15.537984 -11.278443 -6.015094 -2.085441 -4.893796 0.649710 3.835490 0.353611 5.878232
-49.985458 -20.828806 -20.696491 -22.584978 -22.902473 -6.378159 -2.306444 -10.423491 -1.097146 3.562213 -6.283321 18.268972
-45.716560 -25.695103 -13.015882 -21.398718 -17.475220 -7.629326 -1.171040 -10.535196 -6.675404 2.470997 -0.435192 15.297325
-46.899921 -18.766838 -23.341114 -24.096695 -18.452433 -4.520692 1.728413 -7.535176 -5.600414 3.523954 -2.153639 12.666769
-48.755821 -24.357134 -15.320143 -22.064863 -21.408846 -12.455441 -5.567629 -7.224482 -7.511361 3.270192 -4.819447 20.665422
-35.008026 -14.243394 -14.646999 -15.706659 -15.267776 -9.727216 -2.854574 -7.946332 -1.892981 4.358921 -0.824829 11.774724
-48.332115 -18.967987 -19.688955 -22.125662 -20.673063 -9.014821 -3.021477 -6.073361 -5.381352 5.121712 -6.089764 18.190134
-50.466896 -22.250193 -21.343878 -21.442711 -16.811876 -8.538809 1.195160 -10.229134 -6.341755 2.745204 -3.394015 15.774840
-55.243126 -23.732397 -21.597837 -25.409979 -23.546066 -4.764390 -0.131352 -9.620021 -4.887210 3.400098 -4.147374 17.726460
-30.483616 -15.093170 -15.335334 -16.915277 -12.157832 -8.358575 -0.242095 -5.094964 -2.670244 2.586888 -1.345672 9.789082
-37.865215 -16.412901 -14.591662 -18.211359 -17.972263 -4.136499 -2.133521 -4.782630 -3.588902 3.878908 -5.209659 13.678455
-37.075787 -18.808422 -13.707490 -18.503675 -18.719378 -10.524716 -3.661265 -9.996681 -0.155597 3.757014 -1.206204 14.372757
-62.689640 -29.837711 -21.395386 -25.941107 -26.800646 -0.530717 3.258388 -16.451086 -3.099011 1.767713 -8.164030 18.142057
-46.006111 -18.625196 -20.970114 -23.541334 -19.904490 -8.222929 -1.087817 -11.890948 -0.332358 5.107924 0.321324 14.620461
-44.474483 -18.412052 -18.151073 -19.333538 -16.116922 -11.027796 -3.349326 -8.021361 -5.732430 2.225591 -2.010407 17.288422
-54.904907 -19.248425 -23.134773 -13.393233 -11.546700 -12.400398 3.864960 -12.752385 -10.550756 -5.642717 0.558020 16.263208
-29.699751 -10.675920 -10.983709 -11.114485 -10.550085 -11.364546 -2.605965 -4.758068 -4.325715 3.964800 -0.546106 9.202464
-38.589409 -15.948071 -14.941185 -17.248581 -16.519579 -8.550391 -3.202746 -1.564703 -7.528551 5.244267 -6.277506 13.905627
-51.337696 -19.780853 -20.525705 -21.048975 -22.007818 -7.523556 -2.121524 -9.127072 -4.042184 2.951924 -5.834232 18.863590
-51.033226 -24.281282 -16.174999 -22.758892 -23.476915 -9.796555 -3.976407 -9.872741 -4.399351 4.674209 -4.177913 19.349728
-41.914917 -18.003347 -16.638111 -17.062767 -17.226881 -12.347684 -3.344081 -10.072314 -2.384577 3.410681 -1.644895 15.901539
-42.723030 -16.837439 -17.954887 -17.369061 -15.187156 -10.966051 -0.764381 -6.885542 -6.119614 3.368897 -0.778838 12.960866
-40.507874 -17.357958 -17.113806 -19.673223 -17.257706 -6.415450 -2.065056 -6.446536 -4.342816 2.783192 -3.181226 14.945608
-22.329887 -17.978741 -6.586577 -16.151196 -12.193765 -6.764011 -3.035156 -3.033508 -2.099097 3.681636 -1.699284 8.044438
-35.590599 -15.241507 -16.723549 -19.431921 -13.768259 -10.983870 -3.460924 -4.338671 -4.682749 3.546145 -0.701313 13.599669
-41.629230 -21.527277 -12.166562 -20.145111 -21.929630 -11.322918 -5.770378 -8.437631 -1.962269 5.931820 -2.836188 16.478485
-37.704140 -19.761293 -15.731634 -21.922712 -15.842701 -10.613753 -4.489476 -3.995018 -5.840614 4.663528 -2.270049 15.018350
-48.827404 -22.147697 -18.509773 -24.095310 -23.237650 -6.004878 -2.225294 -8.799603 -1.381288 5.154292 -4.714284 17.228609
-41.230251 -17.296457 -16.031303 -19.218693 -19.380402 -2.731755 -0.082271 -6.558581 -2.677938 3.699914 -4.834569 13.083812
-34.031223 -18.484426 -7.902343 -16.478895 -17.771515 -2.845614 -2.421715 -5.628474 -3.971082 3.616565 -2.024028 10.333344
-39.883129 -22.053499 -6.680210 -17.240479 -20.150402 -3.152450 -2.395980 -4.060522 -7.948006 2.505043 -5.810139 15.447685
-34.053417 -19.997953 -6.985685 -18.590271 -18.705681 -10.066624 -7.068917 0.269693 -6.906792 6.779247 -3.221981 12.125182
-36.204300 -22.533531 -8.225401 -21.560255 -20.163040 -11.229072 -8.058082 -0.994726 -7.220984 7.376472 -3.611524 13.537239
-32.511593 -16.318123 -10.582484 -16.256823 -13.480330 -8.125390 -3.226526 -1.788687 -9.152884 4.047471 -2.159845 11.215497
-45.873657 -25.334326 -10.927006 -21.258650 -21.514778 -0.176051 0.775609 -7.196476 -7.250865 2.226640 -4.749723 14.774707
-40.207935 -22.432730 -10.871543 -21.697186 -19.190863 -7.439677 -3.863345 -2.808143 -7.022575 5.498319 -3.100804 14.425367
-37.397896 -20.818836 -10.013616 -18.321856 -19.043541 -3.792205 -0.956888 -5.877800 -3.853761 3.372308 -2.612377 12.298200
-41.268990 -24.155685 -7.869265 -21.042038 -23.870371 -7.076662 -6.852720 -3.497951 -6.358181 5.909744 -7.133110 17.274731
-47.121208 -26.539509 -11.604446 -22.851351 -21.767225 -8.015499 -3.279009 -4.334904 -8.190223 5.508309 -5.464529 17.665983
-41.775814 -24.584877 -7.987796 -21.591892 -23.255394 -6.486522 -6.259645 -2.902001 -8.100255 4.367404 -6.210724 16.979233
-37.973244 -19.241182 -13.283195 -21.203831 -20.352360 -5.342316 -3.366187 -2.035436 -3.869391 7.490367 -4.930936 12.699399
-31.880976 -19.279131 -5.572937 -16.473593 -17.016235 -8.438807 -5.402800 0.102575 -7.978903 5.497199 -3.916808 11.157912
-51.170403 -25.639273 -13.791682 -22.557751 -23.999552 -3.481983 -1.011105 -7.320378 -5.722315 3.387117 -6.208673 18.371414
-42.004971 -23.161724 -9.651751 -22.029190 -21.519941 -4.890463 -3.566480 -1.977038 -7.162344 7.000733 -5.188223 14.518495
-42.341290 -24.047657 -8.213170 -19.615347 -20.657413 -5.659766 -3.696911 -2.652623 -9.710427 3.170678 -6.519696 17.161074
-32.940044 -20.117611 -5.054073 -15.783901 -18.844505 -6.035719 -5.223616 -3.153760 -5.450119 3.935840 -5.345440 13.683638
-43.337906 -21.218809 -14.719202 -20.228554 -18.140316 -8.722178 -1.932583 -1.682994 -9.659906 7.473962 -6.253370 14.318550
-43.155853 -22.906216 -10.625797 -21.564390 -21.584625 -6.373548 -4.628811 -1.929315 -7.875365 5.147635 -6.497279 17.417213
-30.088854 -15.865060 -5.819770 -12.286823 -13.975884 -2.276835 -0.973054 -2.109187 -7.274795 1.573116 -4.734019 11.234472
-41.716110 -22.155861 -10.858694 -18.311195 -16.952606 -9.006867 -3.313225 -0.966739 -10.970634 5.864927 -5.953313 13.141590
-36.281433 -21.497496 -8.291194 -19.664045 -16.714548 -6.953677 -3.152813 -2.379101 -7.871090 6.565842 -2.094177 11.091980
-36.261383 -23.382923 -6.495974 -20.070200 -19.315653 -7.324388 -5.973770 -2.472037 -6.939460 5.477570 -3.950177 14.208649
-30.903893 -16.993904 -9.161934 -15.095924 -11.427899 -9.944891 -3.739488 1.199593 -12.440956 3.435085 -2.595960 10.384891
-29.591017 -18.820936 -1.202616 -12.606523 -16.220747 -4.426409 -3.438439 -2.033930 -9.273741 1.697841 -5.519541 11.776132
-39.042126 -23.440193 -6.788279 -16.894766 -20.311634 -7.519905 -4.704644 -5.135081 -7.606836 2.012658 -6.335731 16.953430
-34.705051 -20.853275 -10.798638 -20.343670 -15.554519 -4.696326 -0.972148 -4.451783 -6.379551 4.280331 -1.409715 11.145238
-40.759747 -23.425924 -8.068213 -19.798140 -21.840961 -5.200379 -4.767262 -3.002724 -7.079308 4.522505 -7.332581 17.052563
-38.857430 -22.059423 -7.632095 -17.857250 -18.717255 -1.111278 0.081696 -6.285742 -6.453928 2.504317 -4.353719 12.988701
-35.707138 -18.161264 -9.058144 -16.699133 -17.991138 -8.610476 -2.962884 -4.424831 -7.897072 4.253006 -2.607168 11.742555
-46.379070 -25.404411 -10.328884 -20.880468 -21.728336 -4.644931 -1.880733 -6.336786 -11.538763 0.776136 -4.309738 17.558571
-39.109695 -24.519768 -7.548316 -18.563515 -21.136110 -4.689891 -2.390136 -3.897021 -7.514213 2.553744 -5.618252 14.494028
-44.030155 -25.071821 -10.382437 -22.279383 -21.115736 -9.264420 -5.961058 -1.688431 -12.544699 1.905873 -5.419800 18.606318
-43.642456 -22.712057 -14.043981 -21.257654 -16.063643 -3.116482 2.240880 -7.736454 -8.388623 2.409233 -1.047286 12.892460
-36.026360 -21.508530 -6.884234 -14.735426 -15.470462 -1.006986 2.202715 -6.093917 -7.617453 -0.095568 -1.962226 10.321762
-40.967766 -21.504154 -10.404800 -19.310425 -18.722540 -7.633776 -2.990444 -1.715113 -11.445794 4.098908 -3.862501 14.103179
-29.761112 -15.760973 -7.597448 -14.281887 -14.257279 -8.319225 -3.807329 -5.380343 -7.821768 2.955986 -3.028737 12.603990
-34.819645 -18.655329 -12.160331 -19.182085 -14.335800 -5.460896 -0.157973 -4.367033 -7.415419 3.506844 -0.433845 11.052466
-39.039593 -25.690819 -6.643695 -21.628832 -21.305170 -4.128211 -3.253075 -5.565490 -7.380573 3.462265 -3.660902 14.801761
-41.199215 -25.508417 -7.153187 -20.605106 -21.733232 -3.701030 -2.703556 -4.745404 -9.463305 2.847172 -4.817569 15.263794
-34.792156 -19.850250 -7.665315 -16.125006 -16.541918 -5.858070 -2.757001 -4.254080 -8.006055 1.692669 -3.876498 13.663415
-38.050240 -21.376476 -8.715080 -14.748034 -19.360292 -0.632134 1.307335 -9.155929 -3.409391 0.812214 -2.348352 10.185531
-32.586960 -20.136215 -5.448038 -16.807821 -18.358549 -5.391146 -4.988560 -3.523379 -6.440768 3.814895 -3.954135 12.757095
-41.704922 -21.186546 -11.154023 -20.041101 -20.397484 -4.134572 -2.871816 -2.431135 -7.860489 3.864398 -6.306273 16.113192
-35.930328 -20.739862 -6.709499 -15.474697 -16.325726 -3.172390 -1.092147 -4.201286 -6.891385 3.391016 -4.358194 12.670486
-37.397762 -24.741911 -6.577552 -22.227909 -21.701271 -7.255390 -5.770967 -3.079315 -4.551650 7.532169 -3.107020 13.146500
-47.819710 -28.219419 -8.811498 -21.287546 -25.065264 -4.580145 -3.464570 -7.127436 -8.347510 1.661249 -6.639099 19.123032
-38.240288 -20.327787 -9.070353 -18.091873 -20.512131 -5.741915 -4.303693 -2.469801 -6.165826 5.609695 -7.092869 15.228646
-33.378700 -22.111103 -2.908672 -16.717209 -19.360342 -6.356115 -5.605423 -4.175167 -6.453466 3.700584 -4.584653 12.919097
-37.532047 -21.094389 -6.830406 -16.761217 -18.664980 -8.481706 -5.522993 -2.355847 -9.440618 3.344405 -5.458162 14.850825
