2 1638 8582 202 -819 5531 -1633
1 11002 -11078 -10670 -16766 16127 -6853
1 13972 -7322 -7266 -8990 4977 -32768
2 1646 7900 226 -536 1366 -744
1 -15480 -8774 -7220 -16645 -2593 -13303
2 0 0 0 0 0 0
1 6892 2478 15586 -16199 28108 14233
2 0 0 0 0 0 0
1 10720 -1002 -3368 14999 -23781 -22826
2 542 8268 150 3354 -1946 1818
1 -10938 -634 -2892 -6312 26045 23609
2 0 0 0 0 0 0
1 27266 10464 19978 -2494 18768 509
2 0 0 0 0 0 0
2 0 0 0 0 0 0
1 -4090 -2422 2706 7660 -32768 -29891
2 1680 7870 -28 -1596 2713 -962
1 1470 2126 -4200 -8980 18621 20796
2 0 0 0 0 0 0
1 20730 9042 19294 -611 32767 787
1 -12990 328 1218 12351 -28377 -21781
2 0 0 0 0 0 0
1 3852 2142 -5572 -10975 1531 22936
2 2070 7894 86 -1064 2684 -310
1 24656 10654 14144 2198 20992 -2129
2 0 0 0 0 0 0
1 -11242 -202 3602 8736 -32768 -27891
2 0 0 0 0 0 0
1 4254 1882 -5770 -10443 -667 24965
2 0 0 0 0 0 0
2 0 0 0 0 0 0
1 23046 9080 13338 -596 32207 1353
2 596 8290 440 2600 -4933 445
1 -8288 -84 -710 12839 -22815 -21811
2 0 0 0 0 0 0
1 2256 2078 -7898 -8279 7262 23322
2 0 0 0 0 0 0
1 21930 9724 15266 87 20842 2087
2 0 0 0 0 0 0
1 -9084 562 1824 14407 -32768 -20041

1 1248 -6740 -3838 -341 2897 715
2 -9276 10020 -6028 -1329 -20386 31159
1 470 -7200 -3564 -640 329 -572
2 -80 5242 -4822 13898 10927 -15439
1 548 -7560 -3744 -368 523 123
2 22876 -13344 21720 565 32767 15008
2 -252 -962 -3974 -4853 -32768 3681
1 682 -7434 -3470 -2896 -1798 -466
1 0 0 0 0 0 0
1 0 0 0 0 0 0
1 0 0 0 0 0 0
2 7638 1290 -5316 14629 13332 -13913
2 18788 -11712 14632 -10338 3938 3312
2 -17986 2732 -11082 -3989 -32768 2618
2 5258 -4012 2950 17534 3100 -14189
2 15594 -9348 9774 -11391 -6004 4027
2 -13584 4146 -11750 4164 -6374 1016
2 5812 -11610 17608 7934 21157 -308
1 648 -6772 -3954 290 -2718 -849
2 5578 -4324 -694 -12597 -22073 -906
1 0 0 0 0 0 0
2 3858 -376 -13062 10798 18476 -4340
1 0 0 0 0 0 0
2 12586 -15162 23070 -1189 19328 7375
1 0 0 0 0 0 0
1 0 0 0 0 0 0
1 0 0 0 0 0 0
1 0 0 0 0 0 0
2 -7764 -300 -13652 -6586 -24039 -667
1 0 0 0 0 0 0
1 0 0 0 0 0 0
2 5858 -5362 4476 14224 3463 -8224
2 10086 -8146 8692 -12875 -5089 2306
1 0 0 0 0 0 0
1 0 0 0 0 0 0
2 -7352 1292 -11694 2358 -131 -2622
1 0 0 0 0 0 0
2 10048 -11180 16296 4998 12308 -2686
2 1342 -272 146 -19609 -12213 -115
1 0 0 0 0 0 0

2 16680 -13932 31042 9114 16380 -4022
1 29040 3786 12436 -5495 654 21622
1 -13632 2496 -5484 6732 -22790 -30174
2 -13672 1294 -10168 -11339 -32768 5093
1 14898 2770 9052 -9623 -4957 24798
2 12844 -2578 14558 20326 -2568 -17563
1 5828 -2622 -14986 22504 -20954 -27720
2 2222 436 -2498 -20784 -32768 1603
1 16114 -1290 -5100 -14070 -7401 32767
2 8122 -150 11684 22310 -2088 -20915
1 14470 -6546 -9064 20903 -24354 -32768
2 5118 -208 -1238 -20885 -32768 916
1 16900 -2952 3108 -14939 -10489 32767
2 10196 2268 13354 23986 6157 -17876
2 -308 3278 -1746 -24725 -32768 -3125
1 9396 -11208 -7288 24373 -26922 -32768
1 15588 -7268 -1240 -12563 -15814 32767
2 11662 6168 4326 24847 -808 -20591
2 11916 -3172 12860 -24433 -32768 804
1 12940 -8516 -9676 18528 -30065 -32768
1 15088 1314 -906 -13234 -4638 32365
2 4346 6864 -12726 22384 12526 -12945
1 14822 -10300 -3510 19480 -22290 -32768
2 0 0 0 0 0 0
1 -3452 -2476 -13796 -12671 -12881 32767
2 -3598 7752 -32130 16591 32767 -8781
1 32767 -4146 9992 24436 -7336 -27491
2 30062 -28950 32767 -15117 27502 10352
1 -23928 -2706 -32768 -5604 24592 13781
2 -32768 17762 -32768 -6397 2820 2564
1 32767 -3618 31574 -12687 29521 30351
1 -21666 -20414 -8520 19078 -26259 -32768
1 12936 -10770 13930 -15207 -12197 32767
2 16538 8468 32767 26798 11806 -15509
2 58 10052 3854 -32768 -29188 -5727
2 -790 11204 -6770 32338 3052 -18314
1 13838 -22550 2636 32767 -32768 -32768
2 14174 -11304 26134 -32531 -11463 -5442
1 -17506 -3580 -7870 -14182 -11976 31103
2 -10948 9050 -32768 12763 26357 4234

2 632 7278 -148 -24 2588 -1834
2 1584 8038 98 -895 5085 -1675
1 -2810 -10380 -9978 -9246 -20569 -9625
1 -3580 -13110 -14262 -19046 -6556 2190
2 646 8374 12 849 3953 -1273
2 146 8980 336 1184 2365 218
1 -2894 -13714 -14754 -23186 -10037 4618
1 -7080 -11014 -6092 -25591 -1435 12543
2 -12 8864 476 2058 -3026 1862
1 -7674 -3950 3066 -18925 -3507 9538
2 0 0 0 0 0 0
1 -4598 -3138 2570 -5585 -4801 13403
2 -384 7606 -276 -556 942 416
1 0 0 0 0 0 0
2 0 0 0 0 0 0
1 -4164 -13316 -2998 7869 -17650 17589
2 0 0 0 0 0 0
1 7566 -25654 -7118 14188 -13142 30115
2 838 8946 438 1370 -7687 968
2 0 0 0 0 0 0
1 14702 -23120 -10344 10511 -8427 16186
1 7488 -12960 -10904 8609 -16416 2269
2 0 0 0 0 0 0
1 -2500 -7752 -7066 888 -11473 -1957
2 0 0 0 0 0 0
2 0 0 0 0 0 0
1 -1148 -7658 -5614 -1398 -3978 -2158
2 1950 8058 -380 1732 2716 463
1 0 0 0 0 0 0
1 -870 -8260 -3876 -1079 172 -814
2 766 9504 756 5619 -239 932
2 0 0 0 0 0 0
1 1176 -7482 -3192 -1256 1415 -392
2 -596 8116 610 2560 -540 700
1 1418 -7552 -2756 -1266 4911 827
1 1902 -6694 -2940 -1212 2026 -228
1 0 0 0 0 0 0
2 -56 7430 86 376 5016 818
2 634 8706 296 -451 1924 616
1 0 0 0 0 0 0

1 0 0 0 0 0 0
2 0 0 0 0 0 0
1 0 0 0 0 0 0
2 -202 7986 1048 -813 -8491 -1896
1 292 -7718 -2942 726 -2347 -657
2 594 8254 -732 -1554 -137 -1383
1 462 -7826 -1546 502 -7109 -1790
2 0 0 0 0 0 0
1 -1552 -8256 -1884 1637 -2534 -891
2 0 0 0 0 0 0
2 0 0 0 0 0 0
1 1146 -6514 -7180 1182 7966 3258
1 8098 -9618 -11622 -3533 23590 3440
2 0 0 0 0 0 0
2 -266 8306 754 322 8321 437
1 11150 -25250 -22566 -20227 19314 -14334
1 5032 -19660 -10442 -12162 24357 -24313
2 0 0 0 0 0 0
1 2028 -12068 -7238 4868 17157 -16654
2 184 7714 42 955 1154 525
2 -964 8276 242 968 4044 -361
1 -584 -9218 -2010 11957 9048 -16194
1 0 0 0 0 0 0
2 0 0 0 0 0 0
1 -3252 -6654 -4540 20851 16923 -8988
1 -4430 -10852 -10974 23392 11448 -1208
1 -4572 -17656 -9382 23925 17135 12858
2 344 9598 930 1596 3002 554
2 0 0 0 0 0 0
2 0 0 0 0 0 0
1 5536 -23024 -10572 12410 17736 22595
2 0 0 0 0 0 0
1 7338 -16074 -696 -6958 20954 13586
2 0 0 0 0 0 0
1 4504 -10010 148 -6957 16184 5523
2 520 7928 464 -864 -6884 -756
1 -772 -8590 -796 -2446 -2198 180
2 0 0 0 0 0 0
1 -548 -7510 -2406 -122 1183 641
2 260 7962 -34 -1742 -3238 -1397

2 592 8352 -222 -566 2900 -965
1 0 0 0 0 0 0
1 0 0 0 0 0 0
2 6234 11524 -3928 -1077 17725 4244
1 0 0 0 0 0 0
2 21772 32767 -1128 9292 4007 26979
1 -332 -8320 -5252 3260 6217 2398
2 1774 29976 54 1360 7882 32767
1 -130 -7786 -3766 243 5844 1966
2 4570 18252 2958 -16042 19559 19446
2 412 12922 4842 -21740 2768 13164
1 -1068 -7548 -2724 38 2085 2269
2 -12814 5290 2380 -21015 -2190 10868
1 -964 -8450 -2202 866 5546 2857
1 24 -9338 -2338 131 2014 863
1 0 0 0 0 0 0
1 -312 -8916 -2520 273 -3624 -3602
2 -454 15566 -958 -22193 32767 -5335
1 0 0 0 0 0 0
2 -2282 17060 -3442 -22394 -7389 -18159
1 80 -6164 -2962 -394 -968 -1503
2 2774 28912 -812 -12795 32767 -15358
1 1552 -8002 -4142 239 2915 -416
2 11910 23152 5700 12696 21498 -11527
1 0 0 0 0 0 0
2 4678 9948 6880 9042 18189 -866
1 604 -7376 -4104 -2682 -5427 -34
2 -50 8636 3064 4236 10873 1432
1 0 0 0 0 0 0
2 -1652 7464 1712 -1213 17002 1084
1 0 0 0 0 0 0
2 1086 7070 -6 -90 5389 -486
1 -132 -7504 -4386 1767 -2473 279
2 1542 9188 464 -2496 -2912 -2152
2 0 0 0 0 0 0
1 0 0 0 0 0 0
2 0 0 0 0 0 0
2 2028 7796 184 -941 3178 -254
1 0 0 0 0 0 0
2 0 0 0 0 0 0

1 6266 -22370 -14036 -22013 10986 -10463
2 7062 24984 1332 9539 5306 22481
1 5602 -18196 -4980 -19896 15479 -17435
2 5520 16678 6532 -181 4145 27369
1 4300 -10208 930 -5801 12847 -19945
2 -40 8126 4542 -7724 6365 20571
1 0 0 0 0 0 0
2 1418 5780 7206 -16593 6047 13065
1 -3388 -12428 4426 18080 2556 -19221
1 -8508 -18462 -2588 26331 21086 -9034
2 -5648 12574 7738 -26305 -8321 9270
2 -6242 20796 4908 -32768 27790 3641
1 -1278 -21426 -13424 20623 30841 17220
2 430 29406 -3332 -18743 22155 -17334
1 15240 -18206 -5662 -1033 22694 28422
2 0 0 0 0 0 0
1 5814 -17930 -7974 -7821 18398 20695
2 4558 20906 15636 13423 32767 7078
1 6002 -17196 -3584 -16997 13270 6502
2 3916 10170 6774 10839 12619 11731
1 2464 -7110 -1004 -13045 5784 1360
2 -1086 6276 1634 6497 -948 5814
1 456 -4490 -796 -3608 -957 -1609
2 984 5004 -250 2434 -6762 744
2 -1132 4322 -232 -4059 -5787 -4770
1 0 0 0 0 0 0
1 -826 -5398 -5312 10690 -8672 -214
2 2838 9186 -520 -11507 3047 -7487
1 0 0 0 0 0 0
2 0 0 0 0 0 0
1 1532 -9302 -7316 8784 -4363 -1648
2 1258 12090 -986 -6861 -34 -1953
1 272 -7952 -6400 3654 -3295 -1659
2 942 9032 -1156 -1429 3204 -30
1 -1208 -6598 -4986 1006 757 721
2 0 0 0 0 0 0
1 0 0 0 0 0 0
2 0 0 0 0 0 0
1 394 -8156 -4172 -1741 -184 -78
2 838 8928 1052 3568 -3723 497

2 826 7802 500 -492 103 -974
2 0 0 0 0 0 0
1 1442 -9026 430 1474 -26523 -7805
2 606 8482 20 -2726 1302 -2449
1 7136 -14164 -5578 -4823 -20692 -9055
2 1100 8240 -112 -2897 7176 -1770
1 8514 -14086 -13818 -19531 -13196 -19007
2 1460 8526 208 29 6820 131
1 -2502 -17608 -15120 -22590 -29164 -20292
2 0 0 0 0 0 0
1 -9386 -11606 -4478 -22991 -1180 12311
2 0 0 0 0 0 0
1 -8436 -11574 -662 -17403 -2514 19119
2 18 8898 -64 1165 984 3376
1 -3436 -8620 -230 -9082 -13839 17507
2 0 0 0 0 0 0
1 0 0 0 0 0 0
2 -96 8420 988 4347 -6420 447
2 76 7644 1062 2397 -919 439
1 22 -26530 -7620 19877 -21165 20550
2 0 0 0 0 0 0
1 20180 -32768 -10160 16026 10133 31038
1 11784 -16246 -13384 10756 -23508 308
2 3050 5772 -1096 -3859 -3704 -4013
2 460 8824 -1262 -8661 -1913 -3760
1 -2610 -6180 -9160 3672 -2192 -2914
2 1424 10270 -614 -3907 -3598 -2185
1 -660 -7864 -5914 -2143 -3870 -1684
2 -296 8220 -484 2921 -610 -1201
1 -202 -7156 -2822 -4264 -8646 -2079
1 -646 -7560 -2966 -2249 -5624 170
2 0 0 0 0 0 0
1 830 -8102 -3264 -770 5252 2919
2 178 8428 1582 1766 -542 654
1 1674 -7730 -3292 -1116 4231 1149
2 0 0 0 0 0 0
1 426 -7224 -3362 174 839 777
2 0 0 0 0 0 0
1 528 -7358 -3742 1436 3721 954
1 418 -7634 -3760 525 213 3

1 94 -6732 -3654 1887 4604 2683
2 -2530 8306 6564 59 -24535 -2247
1 132 -7370 -3950 2244 7887 3620
2 1730 10484 7492 -7803 -10140 795
1 184 -7722 -3710 355 7065 2609
2 8696 18220 9284 -10526 -17872 5953
1 -484 -8092 -2894 -2078 3229 733
2 2756 21464 -316 4485 -29134 20046
2 2948 13816 -4794 15163 -13907 19381
1 -1486 -8750 -2266 -2167 526 -538
1 0 0 0 0 0 0
2 -4882 4502 -3406 19003 -11537 8564
1 0 0 0 0 0 0
2 0 0 0 0 0 0
1 0 0 0 0 0 0
2 -2376 50 -576 12940 -6305 -9638
2 0 0 0 0 0 0
1 0 0 0 0 0 0
1 454 -7608 -3400 42 -5511 -4587
2 2604 12384 1530 4658 4609 -22753
1 34 -8326 -3142 671 -8257 -6447
2 3576 17394 3904 4744 -1534 -25095
1 0 0 0 0 0 0
2 3296 24056 7804 -6298 -513 -24450
1 -608 -6740 -3856 521 -6676 -3668
2 9112 24696 5640 -3238 5830 -17345
1 -122 -5350 -4426 1936 -1971 -1498
2 96 12818 -2036 -4829 -3835 -9605
2 3820 8084 -896 -797 8687 -454
1 0 0 0 0 0 0
1 0 0 0 0 0 0
2 2804 8368 138 2242 -6005 4231
1 978 -8426 -4396 583 6981 3228
2 1446 11852 1290 7844 -14639 7189
1 0 0 0 0 0 0
2 -1702 10790 2348 10759 -10785 5403
1 458 -8722 -3176 -4883 2333 -433
2 -682 8484 2216 7236 5823 4752
1 0 0 0 0 0 0
2 712 6458 1210 2765 5317 2401

1 0 0 0 0 0 0
2 536 7564 2416 -4543 -1757 -2502
1 1672 -11666 -530 9917 -8435 -3713
2 540 11314 5980 -10231 -6987 -3298
1 2054 -17866 -2418 7604 -8075 -4653
2 3496 19674 9430 -14806 -14997 86
1 11076 -18760 -2458 12227 -13834 -21630
2 4048 22548 3934 -12305 -28487 12621
1 -1228 -18030 -13126 -8484 -32768 -32768
2 -1452 17480 -4890 18244 -32768 10931
1 -15734 -12608 -3220 -21495 -2312 19390
2 -10942 22112 -5754 27379 -15539 -23404
1 4066 -11672 -13092 -19979 -12941 28558
2 2826 7832 -5776 15155 7166 -20029
1 4926 -6248 -4578 -7401 -5173 17818
2 -196 6568 1348 146 4159 -18463
1 0 0 0 0 0 0
2 114 8828 3766 -658 18180 -17667
1 896 -12382 32 5499 -5768 19830
2 3762 13262 6664 7536 1041 -17984
1 10784 -18976 -2240 10626 -7277 21402
2 7336 19088 9684 -2983 1062 -22877
1 12488 -22972 -9486 15395 -2815 12707
2 8738 23768 7330 -10720 -11436 -21789
1 -860 -10118 -12324 11790 -21905 -2154
2 -6504 13254 -5202 -12801 -15777 -3824
1 -134 -7288 -7126 4710 -5979 -185
2 422 9248 -2558 -1251 12908 1197
1 0 0 0 0 0 0
2 2506 8536 -946 3032 -305 1523
1 0 0 0 0 0 0
2 -274 9924 3524 8253 -13747 -102
1 834 -10452 -1680 -4208 -545 1972
2 -562 6276 1070 5730 3710 2915
1 0 0 0 0 0 0
2 -90 9666 2246 4832 2087 1752
1 0 0 0 0 0 0
2 -948 9050 1548 3384 10562 2638
1 0 0 0 0 0 0
2 1312 7798 1976 2948 6010 2198

1 452 -7108 -3510 833 -1176 -102
2 734 6266 610 -583 -1366 -1026
1 1096 -1564 -1624 101 671 637
2 700 1642 14 -743 -2019 -677
1 3638 -9676 -2566 56 1106 273
2 -1192 13628 1126 -156 674 -1447
1 6748 -26286 -2614 4923 -8789 -6082
2 11832 29532 8188 8203 13272 4345
1 3560 -24608 -7640 6060 -6449 -14440
1 3760 -4850 -5524 -5145 -11554 -17621
1 -5754 -12396 -1724 -10369 8896 -17649
1 -21142 -1518 7556 -3919 -7803 -8199
1 -10406 -6020 -1532 -5905 -3981 11563
2 11862 12644 8776 -3720 -6525 12343
2 1484 8390 456 -16009 -4141 20570
2 -12942 21240 -2826 -16304 -20515 22254
2 -25268 1352 -7248 3114 6350 2756
2 -9390 9674 -508 10786 5887 -18924
2 -2582 25976 1210 12582 2320 -31118
1 -2154 -12594 -7846 -3586 -16171 16239
2 17732 32767 12664 8726 4180 -6534
1 12690 -32768 -15704 18372 532 27259
1 16814 -19688 -10962 2964 -1220 5909
2 6082 15930 7484 242 2652 3038
1 952 -11794 -5856 1133 15242 385
2 -558 9252 1150 -614 -1278 1724
1 -728 -2034 -2038 -1332 1757 -2118
2 -18 3488 -540 -1445 3901 2568
2 1148 4502 -336 1219 1184 1141
1 0 0 0 0 0 0
1 -494 -9264 -3740 -982 -4575 -2814
2 0 0 0 0 0 0
1 -310 -6480 -3404 910 -4036 1581
2 410 7708 -100 -350 -1082 -1328
1 506 -8448 -3748 -818 6164 4514
2 852 8956 554 1267 6524 219
1 2980 -6794 -3928 256 1713 2265
2 1578 7658 366 1816 -1074 -1007
1 1512 -7678 -4142 1302 480 174
2 0 0 0 0 0 0

1 -32768 -12676 -8492 -17606 -9400 -18601
2 1678 8052 698 -2021 5019 93
1 32767 -9674 28210 -16547 25665 27670
2 0 0 0 0 0 0
1 -21886 -17060 -4116 13476 -32768 -32768
2 -478 9966 1594 2172 -3330 1282
1 27830 3698 28812 -7551 5844 22908
2 0 0 0 0 0 0
1 -20798 -11406 -5256 16165 -32768 -32768
2 0 0 0 0 0 0
1 17910 352 10766 -13369 1561 32767
2 0 0 0 0 0 0
1 216 -10528 -6576 17839 -32768 -32768
2 0 0 0 0 0 0
2 0 0 0 0 0 0
1 14506 -6296 2744 -16027 1474 32767
1 23588 -7184 -7182 27174 -16031 -31882
2 0 0 0 0 0 0
2 0 0 0 0 0 0
1 -1894 -6406 -10908 -16864 20645 32767
2 0 0 0 0 0 0
1 32767 4384 3066 20597 20778 -18324
2 0 0 0 0 0 0
1 -32768 -984 -6284 -10048 27380 13742
1 32767 11584 32767 -3475 32767 15906
2 0 0 0 0 0 0
2 1126 10534 1504 -464 623 -765
1 -32248 -16178 -884 10586 -32768 -32768
1 19450 -6168 18450 -7265 -12114 32767
2 1684 6692 502 192 -572 -6
1 16062 -11930 -1956 28372 -31562 -32768
2 0 0 0 0 0 0
2 0 0 0 0 0 0
1 -12552 1612 -13834 -15008 6004 30278
1 32767 12980 29104 -8232 32767 18830
2 0 0 0 0 0 0
1 -4862 -18254 -7554 17343 -32768 -32768
1 368 -9710 -4360 -3613 -7062 32767
2 1470 8086 552 146 -759 -394
2 0 0 0 0 0 0

2 -2786 9818 -16 29077 -3022 16106
2 0 0 0 0 0 0
1 1512 -6496 -1806 -1439 -355 -1876
2 0 0 0 0 0 0
1 494 -8926 -558 -2090 -4082 -1725
2 -6836 8144 -25186 195 -8571 -2279
1 820 -9290 -1446 354 2257 -148
2 3118 5680 -6634 25187 11313 -10701
1 0 0 0 0 0 0
2 9934 -4706 16080 9823 10661 586
1 0 0 0 0 0 0
2 4922 1366 7508 -23596 -12952 9047
1 334 -5960 -208 523 520 -68
2 -8546 6644 -31210 -12766 -7101 8177
1 0 0 0 0 0 0
2 -772 3690 -13986 24159 12299 -13086
1 0 0 0 0 0 0
2 10446 3296 13630 24521 12414 -11869
1 0 0 0 0 0 0
2 7600 -1980 15286 -19716 -10016 17189
1 0 0 0 0 0 0
2 0 0 0 0 0 0
1 1290 -11536 -110 1304 365 -550
2 -12744 4472 -21956 15474 15616 -15941
1 0 0 0 0 0 0
2 12746 10570 9200 28674 10649 -25830
1 2430 -5428 -1606 -328 1482 447
2 12104 -8256 16630 -13212 -8106 9761
1 0 0 0 0 0 0
2 2710 6752 -404 -29907 2265 20467
1 1986 -9266 -1090 -592 -257 104
2 -24362 5864 -31844 -5 -7181 3877
1 0 0 0 0 0 0
2 -390 4542 -5200 25807 4125 -19185
1 1574 -7194 -2470 -417 3658 1303
2 18014 -900 17322 21477 3935 -11551
1 3084 -5982 -680 -4617 -5396 -1974
2 2482 -3042 11320 -19743 -1504 16136
1 402 -7238 -508 -2889 -7667 -1239
1 932 -10570 -2444 1876 7142 1924

1 22906 -15254 -11386 -15499 14304 -5765
2 19336 24890 836 20014 19359 22457
1 15766 -7186 -3964 -3735 5182 -32600
2 4926 9290 7028 260 -12505 32767
1 -312 -16608 -2948 -8024 -11890 -32768
2 -1760 8804 8354 -4424 -22869 30013
1 -18568 1726 -2630 -3407 -17886 -16449
2 -28358 1404 -11386 -3027 -11862 6431
1 -10112 2290 -13554 -10865 1066 21978
2 -7424 4232 -11778 19638 20269 -14036
1 -464 -9274 -3246 -21363 8701 31364
2 -3254 13472 5356 27991 23855 -27747
1 4568 -21006 826 -29786 5608 32767
2 6912 18928 12822 30086 16241 -22368
1 18620 -9012 29742 624 2204 -3320
2 14094 3622 31632 -14220 -13555 8590
1 12320 -24018 10674 32767 -6490 -24726
2 3892 14444 12920 -31478 -19451 24582
1 548 -22542 1634 28180 -18322 -32768
2 -2848 15884 8710 -26903 -31081 24501
1 -10894 -18688 -24542 24562 28211 1610
2 -16400 23356 -14542 -17345 -18321 12931
1 -26924 -3902 -17554 -9944 183 6302
2 -17200 6844 -15520 11740 13554 -8865
1 -12546 -12594 -3802 -23043 18123 24367
1 -1594 -23592 -1212 -32768 24484 32767
2 -13936 10864 -924 18927 32767 -17270
2 -1028 22622 7696 32767 32767 -9130
2 1504 18618 32116 32767 -3850 2881
1 11070 -29124 12786 -32768 -4391 7889
2 2856 12228 27936 -32768 -6827 7723
1 18640 -19322 12794 32767 3399 -13600
2 1610 13572 11704 -32768 -22686 4973
1 8636 -19902 6158 32767 -11933 -32768
1 -14522 -30458 4506 32767 -8359 -32768
2 -10408 32767 4708 -32768 -26303 6839
1 -1996 -240 -7444 10617 32767 8231
2 -10998 5656 -8614 21 9897 2442
1 8658 -14308 -10514 5317 19977 24448
2 -926 10714 -1792 -10033 23767 -15497

2 888 8164 100 -55 1037 242
1 -568 -7248 -3518 29 -3186 -162
1 110 -7700 -4050 863 -402 378
2 846 8298 92 327 1567 239
1 -6178 -8422 -5864 -1546 -4991 -229
2 1058 10418 -1302 2842 -2725 106
1 1910 -6182 -9992 -10555 7547 2482
2 5428 9062 -3002 9147 5487 5080
2 7382 10000 -1264 11458 4300 10620
1 9732 -1554 -9250 -13405 5688 -5516
2 11066 5344 2926 -1385 -3940 26378
1 -828 -8184 -10982 -12175 -16386 -25330
1 -11844 -9476 -6830 -20110 17053 16574
2 -17824 7184 -11300 11336 -4778 8607
1 25448 2926 22110 -11975 30608 5831
2 8058 -3586 16424 11521 22371 -2942
1 -9938 -5180 -2410 14249 -32768 -26057
2 4974 2202 -4180 -15345 -32768 486
1 13614 -898 -3568 -11726 1576 26025
2 4726 4294 -12038 13761 12587 -10973
1 22428 104 2346 20582 -21312 -14289
2 31304 -5886 11502 -13673 4451 2290
1 -19024 -2762 -17374 -7126 32303 23111
2 -30394 9204 -17322 4622 -3841 -1930
2 15878 -5872 26280 4910 32580 -396
1 32767 5528 24940 -4798 32767 1009
2 -7406 7886 -10666 -10876 -32768 7337
1 -32664 -17772 -894 4206 -32768 -32768
2 5798 5860 -1682 18855 5040 -22005
1 18680 -3968 12962 -6409 -2658 27490
1 5606 -10054 -8884 16729 -32768 -32699
2 29080 -3528 9438 -20453 -30387 -3295
2 -7614 6572 -22502 8542 32767 -10106
1 9588 -1900 -8028 -12523 196 31148
1 32767 -96 -3652 18482 -12347 -19948
2 32767 -7746 19584 -7950 32767 12688
1 -32768 -3440 -952 -2657 28367 10187
2 -32768 12286 1622 -5081 -32768 11474
1 14998 -4366 5002 4321 1140 27279
2 4998 4038 2056 12379 8810 -28364

2 1756 6618 192 -410 7448 -1178
1 13970 -17042 -13682 -7588 28304 -5926
1 6152 -19178 -8246 -797 16732 -17939
2 1430 8728 56 -3234 11777 -2654
2 1834 9484 198 -1243 10666 -1681
2 1554 8740 574 2032 2934 55
1 3390 -14348 -6790 13828 17004 -13002
2 0 0 0 0 0 0
1 3378 -10010 -3980 20794 10528 -10539
1 -4280 -9296 -760 20669 -1798 -21441
1 0 0 0 0 0 0
2 -594 10072 1162 3688 -4627 3522
1 -9568 -12162 -2074 26921 21367 3755
2 0 0 0 0 0 0
2 -1078 8612 1742 1494 -2530 1082
1 -6372 -26070 -4372 28067 14925 21013
2 780 8202 1146 -1766 -4519 1315
1 9404 -31614 -10012 4630 25071 29710
1 9674 -20976 -1926 -9756 7012 14556
2 88 7784 186 -3863 -12513 481
1 3684 -11290 2528 -9045 23614 10662
2 -568 8540 -492 -5549 -8815 41
1 734 -8246 -1062 -2384 6702 1621
2 658 8436 -264 -3478 -5648 77
1 -262 -7448 -2908 1799 -751 731
2 538 8098 -298 -1911 -5912 -2175
1 -878 -7746 -3642 4400 2822 759
2 0 0 0 0 0 0
1 0 0 0 0 0 0
2 1754 8366 -368 -1511 934 -1736
2 1084 8304 -206 1100 3207 -864
1 596 -7988 -3836 1212 -633 1828
2 2068 9086 450 2684 7272 1474
1 1648 -7762 -3376 -568 -5595 -291
1 0 0 0 0 0 0
2 0 0 0 0 0 0
2 0 0 0 0 0 0
1 0 0 0 0 0 0
1 -142 -7678 -3888 1942 419 -2577
2 -232 8178 116 3949 1714 1378

1 -864 -6542 -2536 -675 9828 4173
2 1902 18526 40 -4961 14494 26336
1 0 0 0 0 0 0
2 1516 10374 806 -11183 9047 18660
1 -708 -8526 -2954 1873 8154 4576
2 0 0 0 0 0 0
1 0 0 0 0 0 0
2 -8972 6134 1772 -19913 -3461 11312
1 720 -8314 -2670 -505 2317 744
2 -6722 9276 114 -21496 15398 4833
1 0 0 0 0 0 0
2 -11502 14034 -1378 -26672 -2962 -5169
1 -644 -7684 -2990 153 -110 -1616
2 -2270 32767 12650 -11784 32767 -17230
1 -334 -7782 -3310 906 -4494 -3620
1 0 0 0 0 0 0
1 0 0 0 0 0 0
2 4370 30858 8358 22430 22631 -7729
2 2374 18400 1892 22626 16034 4762
2 -222 10052 -1942 17747 3694 6071
2 444 1722 48 10454 1750 3084
1 0 0 0 0 0 0
1 778 -6900 -3828 3337 -8789 -2792
2 302 -988 -810 -2543 -4615 -3055
1 -242 -6934 -4022 3579 -3768 -1028
2 -270 2482 740 -18171 2089 -6430
1 224 -8196 -4096 1685 1250 1500
2 -794 18456 3852 -29524 1913 -14574
2 -2112 19794 -2676 -24490 9740 -4801
1 0 0 0 0 0 0
1 0 0 0 0 0 0
2 1072 9304 1662 4783 3689 -1218
1 -750 -7710 -2934 -361 962 1138
2 2084 8644 -690 8028 -18374 -238
1 -102 -8342 -4636 3245 3516 -307
2 1142 5552 484 2854 549 2507
1 0 0 0 0 0 0
2 2366 9088 766 -83 454 2608
2 430 8854 536 2725 -5754 2203
1 -824 -6458 -2628 -6146 7501 2208

1 566 -11262 30 10933 2052 -2137
2 -1680 10032 3122 -8799 1498 -5707
1 -1118 -10638 -1782 10666 -8746 -4577
1 -1056 -6254 -8360 4458 5404 1184
2 0 0 0 0 0 0
2 8060 10130 -6636 -516 2269 1169
1 3940 -10076 -14110 -9015 12066 2534
1 3820 -30276 -18214 -22452 5220 -12057
1 3908 -32768 -11644 -32768 15289 -18412
2 6276 20132 74 9156 17376 10040
1 5116 -26400 -2446 -15763 7094 -27016
2 8674 32767 3454 6360 5229 27801
2 2212 32767 7662 6611 -4725 32767
2 -802 18352 11138 -5984 1482 32423
1 0 0 0 0 0 0
1 5532 -23946 27996 8226 32767 -7945
2 -4158 17300 13168 -17005 -24330 21834
2 -2630 23112 9494 -31182 32767 12113
1 -2666 -32768 -11532 32767 7908 10555
2 -7286 32767 4462 -31256 13175 -13803
1 1292 -29862 -17446 15988 26235 23816
2 0 0 0 0 0 0
1 12178 -32768 3862 -17682 32767 31504
2 -4706 32767 18582 24869 32767 7601
1 11028 -32768 -2816 -32768 -5157 -12495
1 -4390 -5512 -676 -23011 2567 -8228
2 -1422 27334 5036 23881 -7962 24808
1 -2670 -2134 1328 -7678 2444 -3407
2 -1334 6168 526 10978 -2626 14287
2 -3738 1178 1536 5857 -5059 3243
1 -2090 -2018 1218 -1397 840 1789
2 -1820 1282 1186 1220 3652 691
1 -346 -1154 546 4480 544 2887
2 -304 658 1018 -6187 -73 -3766
1 -8 -3352 -498 22908 -1948 1342
2 2358 9590 -1080 -26791 -2014 -14327
1 3214 -26060 -6606 32767 -2196 1363
2 -810 32767 5550 -32768 -5279 -20311
1 0 0 0 0 0 0
2 1928 20886 -100 -16703 23045 -9423

1 10176 -11244 7636 633 -30071 -6528
2 456 7548 1626 5378 3937 3070
1 13072 -19504 -3734 -1134 -18178 -16832
2 -298 6488 1240 3356 5419 -1362
2 452 8124 608 -688 12775 -1586
2 1478 8452 682 -957 529 -1612
1 2136 -22066 -11014 -16891 -26970 -19619
1 -4190 -16942 -9830 -23110 -21303 172
2 -466 9638 -520 -2405 -3133 423
1 -9448 -11178 -3584 -23649 -5712 8835
2 0 0 0 0 0 0
1 -8488 -7976 2734 -19759 3001 15658
1 -6392 -6304 1488 -10025 -10877 16305
2 0 0 0 0 0 0
1 -1306 -11776 -1430 -4131 -10042 20662
2 0 0 0 0 0 0
1 -164 -23458 -3418 3048 -22729 26021
2 1206 10612 1344 5139 -5921 2045
1 9650 -32768 -4466 15974 16977 32767
2 186 8158 546 285 -12274 2917
1 2394 -27078 -2386 7719 -7912 13920
2 0 0 0 0 0 0
1 5088 -17160 -6046 7731 11264 18281
2 0 0 0 0 0 0
2 198 8660 -1622 -8263 2263 -1621
1 4270 -6808 -3314 -4211 6284 8211
1 0 0 0 0 0 0
2 0 0 0 0 0 0
1 796 -12048 -2930 -9193 -24150 -17533
2 3002 8192 1040 -73 9214 545
1 1516 -10934 2242 -6958 30263 -8169
2 0 0 0 0 0 0
1 -122 -11626 -1860 -6604 -23391 -8055
2 -898 8768 2820 5560 4772 4956
1 -2902 -8548 -1758 -6671 -4856 -882
2 -1470 7974 1726 4381 3159 1718
1 86 -6262 -2512 -4077 7970 -264
2 0 0 0 0 0 0
1 260 -6036 -2896 2115 948 -133
2 0 0 0 0 0 0

1 546 -6478 -3080 -2637 11466 3259
2 -522 12254 2280 -3820 -15346 838
1 0 0 0 0 0 0
2 2256 14628 2578 -6065 -11505 6122
1 -1480 -7298 -3508 35 7946 -1072
2 7968 16802 1732 -8459 -12787 12662
1 0 0 0 0 0 0
2 8450 13864 -1886 -10947 -4064 20612
1 -946 -12478 -4104 -10225 -4354 -1159
2 10832 15238 -1504 -16544 -6529 21425
1 -748 -10980 -3336 -13134 -5133 1765
2 -272 14488 -1488 13139 -32768 10669
1 -84 -7484 -2326 -10224 -3569 457
2 -7754 9182 4800 20859 3607 -14976
1 254 -5338 -2300 -2266 -5185 -3452
2 0 0 0 0 0 0
1 2176 -4470 -2056 8530 -2338 -8327
2 2884 16154 -788 19828 -8487 -17941
1 280 -14202 -5352 18107 -21249 -19509
2 7422 20360 5906 13543 -2735 -21159
1 0 0 0 0 0 0
2 10332 15490 5470 9166 2163 -20362
1 -3822 -15186 -1216 -1914 -12788 -9483
2 790 21176 7202 -2711 5397 -15932
1 -3788 -8506 -2846 -6021 14647 -3650
2 13076 11944 7602 -2474 6814 -7387
2 -4774 9836 3136 1529 -7856 -2566
1 -2638 -228 -2050 -703 -3887 -3336
2 0 0 0 0 0 0
2 1658 10228 1066 6123 -5658 5756
1 0 0 0 0 0 0
1 3332 -6706 -5914 9787 -3910 4151
2 -748 9826 1028 7338 -14950 4225
1 2356 -9990 -5760 9089 11050 7927
2 -794 7618 424 4203 -7734 5494
1 2090 -8830 -4026 -1261 17112 6263
2 456 5784 -644 -2350 -4109 4388
1 2026 -8334 -2510 -6939 13803 479
1 714 -8790 -4114 -5806 2194 -5051
2 0 0 0 0 0 0

1 4382 -6358 -2684 -3428 -21130 -4662
2 5984 7902 2222 5408 -22398 2691
1 -3870 -7256 -1966 -1252 -9382 -5568
2 7236 10860 -5026 3480 -10407 8669
2 3500 15346 -15124 11540 -15361 10734
1 -2388 -8478 -2124 1938 12319 1565
1 -744 -8998 -3168 1675 16761 6932
2 -5906 15860 -8684 28412 -12586 -1531
2 -4260 8114 -3596 24987 2440 -6827
1 620 -7568 -3422 1040 7495 5018
1 1032 -7682 -4072 3515 1173 1987
2 -7842 7860 1940 16644 -4246 -15456
1 840 -8404 -4208 2688 -464 387
2 0 0 0 0 0 0
1 0 0 0 0 0 0
2 -2882 15482 3230 2 -6666 -28449
2 8598 28780 8964 -8472 448 -32768
1 0 0 0 0 0 0
2 10088 26292 6644 -5003 -130 -18904
1 656 -7180 -3186 -3118 3671 -2480
2 1512 18450 -4236 -13349 -9256 -8849
1 0 0 0 0 0 0
2 1470 10490 -3730 -598 -7703 -4005
1 0 0 0 0 0 0
1 588 -8532 -4812 5482 619 -885
2 0 0 0 0 0 0
1 644 -9630 -4410 189 -2409 1178
2 0 0 0 0 0 0
1 0 0 0 0 0 0
2 -36 11334 2566 5512 3560 5066
1 0 0 0 0 0 0
2 1946 5626 110 4149 9907 4243
2 728 6650 -820 -1862 -2716 2141
1 930 -4716 -2272 -5527 1905 304
1 0 0 0 0 0 0
2 388 7288 364 -1715 -13940 -3609
2 0 0 0 0 0 0
1 -902 -8300 -4160 263 -2457 -1419
2 3110 8416 1066 60 6387 -1728
1 -224 -9490 -5402 9337 -7211 -2793

2 924 8026 1180 511 515 -13
1 -64 -7510 -3482 549 1085 525
2 1382 7210 4966 -753 -8232 -1313
1 2258 -8094 -2090 931 -4782 -2014
2 764 8498 9766 -2876 -23463 -3442
1 6170 -11894 8390 5621 -32768 -12588
2 9410 16492 6668 -7228 -26661 5791
1 10668 -19480 -3386 4587 -28356 -21902
2 860 22070 -5948 14174 -31296 13699
1 -6244 -20464 -11524 -21413 -32768 -11920
2 0 0 0 0 0 0
1 -11860 -18224 -7328 -28211 -7455 21098
2 -4120 12684 824 30769 1743 -8789
1 -3170 -12244 -3786 -21960 -2082 24022
2 -1222 6216 1150 17532 1937 -10770
1 382 -5754 -1592 -11578 -8532 16133
1 442 -5974 -794 2058 -10015 17533
2 0 0 0 0 0 0
2 -364 11926 3214 -1148 4305 -23992
1 1232 -10418 -3342 11493 -11451 17913
1 9138 -27188 -7356 18356 -11245 18649
2 2230 28314 9654 -2988 -3593 -28114
2 5018 20286 10112 -2761 -1159 -19903
1 11916 -19866 -9740 16335 -9061 8464
1 446 -15442 -7608 16228 -19732 -3950
2 5626 16666 -526 -9066 -31191 -16448
1 -3282 -10116 -5516 10905 -7215 -5998
2 -554 12206 -2816 -10021 5026 -2685
1 -1934 -6418 -5682 2246 171 -1958
2 2958 8116 -3266 -2392 821 -1305
2 0 0 0 0 0 0
1 0 0 0 0 0 0
2 76 10484 666 9086 1630 3346
1 1886 -8228 -2464 -6497 838 4989
1 0 0 0 0 0 0
2 0 0 0 0 0 0
1 -446 -11250 -874 -9482 5334 2577
2 -1882 10824 2666 7805 11019 7251
1 0 0 0 0 0 0
2 222 9218 1328 7051 5699 6201

2 -438 5590 1152 -545 -270 -496
1 466 -5958 -2002 103 686 259
1 -98 -2592 -1680 -1762 -718 424
2 0 0 0 0 0 0
1 160 -9138 -3066 -809 -1807 308
2 682 10654 1230 -1013 -554 498
1 5792 -14232 -1884 2791 -1845 -1907
2 54 13660 10486 -2656 -22037 -2918
1 14092 -24796 -2258 5376 251 -8108
2 9628 24028 13520 -9604 -14045 4807
1 5906 -19544 -4930 2244 -264 -17756
2 3624 20780 3024 -4513 -21189 14307
1 1912 -7060 -2346 -9644 -11083 -12829
2 -4880 5362 398 6637 -10671 11587
1 -5706 -5210 2758 -11559 14417 -11078
2 -14156 598 1382 635 10621 15901
1 -9456 -1510 3808 -879 -5690 -5314
2 -11660 902 -2086 2228 -5473 89
2 -6696 2616 -1416 5971 885 -9130
1 -8156 -1954 1772 607 -5519 5153
2 -5508 24832 3844 10491 -596 -24292
1 -7802 -19494 -1494 5037 -14930 16696
1 9848 -28532 -12788 14810 8130 24693
2 15828 32767 9384 10011 16684 -21778
2 11458 17880 10008 4601 576 -2722
1 13330 -18356 -10966 5540 -6929 6199
1 6216 -12352 -8612 3569 -4034 1186
2 2640 11414 2690 -846 7571 1578
1 -1142 -6922 -3068 -582 7740 1274
2 976 7060 144 243 3902 1727
1 756 -1916 -2136 -2637 12820 2631
2 770 2760 -214 2026 2130 1887
2 -410 7548 254 1638 2547 1535
1 142 -5920 -2530 -1618 6642 -257
1 620 -8600 -4430 1180 -11519 -7376
2 0 0 0 0 0 0
1 -1728 -7768 -2628 -1449 -11153 1066
2 0 0 0 0 0 0
1 318 -8788 -3074 -1348 15890 5800
2 0 0 0 0 0 0

2 0 0 0 0 0 0
2 1350 7170 1432 -1492 3901 390
2 0 0 0 0 0 0
1 7962 -13872 12750 -26293 28841 32767
2 1098 7106 1112 968 1173 997
1 18332 -4316 1554 31843 -17590 -27335
2 0 0 0 0 0 0
1 -21310 -2646 -2952 -8726 32767 29172
2 0 0 0 0 0 0
1 32767 14778 22558 -835 32767 21
2 448 6822 1340 2244 -208 496
1 -18658 -8524 11490 9786 -32768 -32768
2 0 0 0 0 0 0
1 15166 1602 8802 -13444 10093 32767
2 0 0 0 0 0 0
2 0 0 0 0 0 0
1 16292 -168 -1058 21711 -31963 -25538
1 -8546 -22 688 -8013 32767 30340
2 0 0 0 0 0 0
2 0 0 0 0 0 0
1 27834 10934 19504 -3779 25586 403
2 0 0 0 0 0 0
1 -794 128 10326 11476 -32768 -32768
1 6464 -112 -3880 -5390 32767 32767
2 0 0 0 0 0 0
2 0 0 0 0 0 0
1 27136 10286 6930 8670 -9270 -11713
1 -10814 -4462 13244 4759 -32768 -28126
1 8742 1870 -2750 -2791 18774 31523
2 0 0 0 0 0 0
2 0 0 0 0 0 0
1 17820 9392 90 5856 -15286 -8977
1 -25714 -2556 9392 8592 -16985 -11537
1 15712 6466 3688 -5259 26962 24714
1 10506 1756 -2592 9860 -17543 -22299
2 414 8730 654 -685 4842 -1231
2 1706 8284 396 -365 3282 -211
2 768 8240 928 2432 -4142 -849
1 -21502 -1606 4910 3941 11727 -2430
1 7060 -3020 124 7248 1825 32767

2 2658 10518 -1352 533 6424 1894
2 7484 20702 -240 16920 10853 11420
1 250 -8242 -3568 -595 730 452
2 7852 8614 874 10285 -12307 30189
1 696 -7086 -3984 108 4465 1434
2 -11314 12358 -9102 8748 -18552 29610
2 -2856 5718 -2452 22416 13755 -15901
1 0 0 0 0 0 0
2 23838 -13548 18180 -10851 11389 12965
1 1406 -7880 -3912 -1518 2131 -312
2 -32292 2030 -9210 200 -32768 2853
1 260 -8144 -3026 -4105 -3171 -767
1 108 -6188 -3236 -1401 701 484
2 6382 -2244 10812 17393 1796 -23627
2 14712 -5436 13066 -24174 -26935 -1060
1 0 0 0 0 0 0
1 0 0 0 0 0 0
1 1182 -7132 -3708 4715 1701 961
2 -25722 4190 -20272 939 27085 -1325
2 12564 -10854 28868 8357 21897 -6450
2 12212 1488 5110 -19261 -32768 2991
1 1100 -8110 -4126 2844 -341 -915
1 0 0 0 0 0 0
2 7696 10462 -15670 14891 32767 -16063
2 21588 -18720 30650 -4005 32767 12307
1 0 0 0 0 0 0
2 -3238 10136 -1326 -17107 -32768 8413
1 754 -7624 -3242 -2487 -2404 -754
2 3756 2888 -9218 16673 8491 -20625
2 31542 -15142 16202 -10937 32767 15891
1 0 0 0 0 0 0
1 0 0 0 0 0 0
1 0 0 0 0 0 0
1 1186 -6360 -4068 2730 411 -203
2 -32768 5810 -3840 584 -32768 5750
2 4338 440 6478 20572 1199 -24935
2 17726 -10030 14812 -17383 -10663 -724
1 0 0 0 0 0 0
1 0 0 0 0 0 0
1 0 0 0 0 0 0

1 868 -7332 -3080 169 -367 155
2 2112 8476 296 -1011 3379 -1651
1 1384 -7542 -2564 1761 -9999 -3172
1 -622 -8640 -2182 1730 -14607 -4744
2 1744 8534 406 -253 1272 -503
1 -602 -8030 -3750 2101 -2249 -1580
2 0 0 0 0 0 0
1 -2088 -7574 -4178 857 -1725 -1367
2 0 0 0 0 0 0
1 -3598 -13266 -18782 -13769 1758 2463
2 11318 22022 -4320 14979 13393 11571
2 16994 -1918 14258 -8593 -15871 31511
1 20514 -4324 -6286 -24977 30217 -14634
2 -23622 24812 -31428 11598 -4173 11787
1 -16914 -12110 -22844 -17128 7481 -14864
1 12106 -17290 23542 -32768 11244 22666
2 9324 7616 32767 30996 27099 1584
1 8108 -13436 -1372 29773 -29025 -26253
2 -1148 12224 6210 -32768 -29411 -1160
2 -4276 4998 -23964 32567 8070 -6499
1 -7518 426 -17098 -26748 -3500 27612
2 4556 -21526 32767 -23589 4254 12636
1 32767 -8622 30138 23260 18166 -6362
1 -27042 -16096 -32768 4132 -1697 -25855
2 25818 32767 -32768 -13322 23711 -9773
1 5628 -14950 2388 -26100 -14261 32767
2 13264 8498 32767 32767 9908 -4902
1 28258 -22294 13538 32767 -26723 -21640
2 -7850 22202 1836 -32768 -10554 -7405
1 -19018 4056 -26486 -22824 -1712 28582
2 4892 5278 -23066 32767 12619 -3929
2 654 -26276 32767 -9777 3654 8589
1 32767 1428 32767 -8686 21179 11421
2 13466 32767 -32768 -20230 23618 -10374
1 -15658 -29664 -30646 20787 -19079 -30567
2 17320 8776 5616 32767 -7153 -3263
1 -2018 -12796 -8014 -31217 -1132 32767
1 32767 2582 32767 10913 18151 -16788
2 -100 3720 32767 -17186 -19216 24302
2 -4098 16206 -3198 -32768 -23667 3406

1 -3134 -8912 -2616 2946 9531 1771
2 210 8370 190 3322 3466 1014
2 -208 8852 1014 3342 3475 624
1 1710 -5810 -7214 359 7950 2139
2 0 0 0 0 0 0
1 7928 -7486 -12806 -3776 26225 3468
1 4322 -24524 -14644 -13911 17817 -15923
2 0 0 0 0 0 0
1 4078 -17232 -6344 -3960 14737 -19831
2 0 0 0 0 0 0
1 942 -10206 -2888 4561 19713 -8699
2 0 0 0 0 0 0
1 2188 -4496 -1302 13797 14541 -822
2 1090 8272 -186 -599 9690 -1527
1 520 -2010 -318 20928 6928 568
2 0 0 0 0 0 0
2 1782 9078 100 1550 6959 3102
1 0 0 0 0 0 0
2 0 0 0 0 0 0
1 -1410 -2184 -482 25185 -11922 -7241
2 0 0 0 0 0 0
1 -6104 -11068 -3718 25220 -20256 -15619
2 -158 9784 804 3681 -8620 3221
1 -12760 -14138 -3660 20737 -1110 -5050
1 -10544 -24914 -4118 28685 32767 13471
2 -1610 6822 -348 -1618 -6121 1164
1 6108 -32328 -1066 837 32767 26358
2 0 0 0 0 0 0
1 2894 -17526 776 -21107 23985 12906
2 0 0 0 0 0 0
1 1006 -9882 -3560 -16621 9884 6285
2 2266 8804 540 -7658 -18220 -1204
1 -974 -3578 -1270 -5483 -3095 1384
2 -1334 9274 -20 -5832 -22417 -660
1 0 0 0 0 0 0
2 -1552 7816 -858 -3636 -7370 -883
1 -1894 -7040 -2330 13289 -2341 1784
2 -602 8412 -328 -1044 -2710 -4073
1 1640 -12366 -4734 13260 24773 11186
2 0 0 0 0 0 0

2 -1404 7814 2558 2909 3419 -1131
1 -4 -7220 -3690 -40 -3132 -1434
1 146 -6926 -4524 785 -1405 -396
2 2020 8176 2092 2398 3410 -688
1 142 -6244 -5480 151 -650 360
1 -76 -5124 -5362 41 3579 1762
1 -504 -6956 -5058 1117 4886 3175
2 3654 11162 2304 2963 11245 4290
2 10206 16164 5704 -1522 20092 15660
2 5952 27420 6524 1794 -8119 25375
1 -1836 -7846 -4210 1510 9743 4864
2 532 19218 1248 -2414 -21 25682
1 -1770 -8458 -3438 1434 12350 5270
2 26 9360 -214 -7604 8592 17291
2 2252 3016 260 -17254 20196 9926
1 -1468 -8966 -2638 964 14548 5110
2 1050 1064 48 -22210 4791 3911
1 -334 -7856 -2538 -295 9556 2574
1 -576 -7802 -2360 -1951 2553 445
2 0 0 0 0 0 0
1 0 0 0 0 0 0
2 -11784 5928 -3650 -19399 -4581 2670
2 -6638 13134 -5838 -19285 8189 -8059
1 0 0 0 0 0 0
2 -9212 26374 -356 -20470 26892 -16487
1 0 0 0 0 0 0
1 42 -7984 -3830 2528 -6079 -6516
2 6618 26760 10286 13928 32767 -12363
1 -356 -7774 -3478 1821 -12886 -9131
2 3304 16354 5470 16875 21745 -3259
1 -1498 -7818 -3938 696 -9888 -7583
2 -82 10064 3238 11055 20819 3468
2 894 5248 590 4666 5590 1574
1 0 0 0 0 0 0
1 -296 -6534 -4976 2415 -6650 -4629
2 -300 5454 -442 -3189 202 -2052
2 -456 9046 -344 -8461 -2618 -4924
1 736 -5754 -5256 2639 -1390 -1209
1 0 0 0 0 0 0
2 0 0 0 0 0 0

1 180 -7656 -3824 663 -759 -18
2 466 8338 1316 2229 -1548 1646
1 0 0 0 0 0 0
2 20 7528 1806 2994 -1726 1426
1 0 0 0 0 0 0
2 -862 7552 1022 934 -1019 -257
1 0 0 0 0 0 0
2 0 0 0 0 0 0
1 -848 -7756 -2600 1372 -6344 -1734
2 0 0 0 0 0 0
1 -3394 -8040 -306 3219 4076 -321
2 -2102 8220 3406 -3545 9669 -562
1 0 0 0 0 0 0
2 7120 8770 -2858 -2219 5208 -4276
1 12388 -10608 -16886 -6758 20158 -1291
2 12082 15856 -4582 2921 12676 10917
1 12980 -22594 -16484 -17398 8352 -16791
2 9876 28488 976 8462 8472 22336
1 7854 -25110 -6280 -7966 19350 -27617
2 7156 26278 7934 -4421 13234 32330
2 332 18610 7210 -12639 -7035 25013
1 3482 -17382 -146 1411 7789 -20820
2 -1014 12710 9532 -21433 11517 19925
1 5032 -16152 3546 11858 946 -23564
2 -14044 22150 9940 -31435 -1574 11607
1 -7308 -24960 8084 14516 8760 -32768
2 -8760 30770 1444 -31663 31326 -8706
1 -138 -28622 -4764 31186 32767 3525
1 5242 -28774 -10106 13457 32767 26561
2 542 32767 -1554 -4928 32767 -27328
2 5874 32767 16246 21040 32702 -7764
1 4738 -32006 -6730 -6092 20130 30064
1 9314 -9322 6322 -17649 14847 5539
2 3818 1046 12880 14146 30438 14096
1 -738 -8386 128 -6897 -1887 -342
2 -3828 7496 1888 3191 -3648 2869
1 -652 -4306 -1596 -3202 4008 1611
2 -454 4290 536 1890 -5229 1147
1 264 -3968 -2556 5095 -1729 691
2 644 4948 36 -6030 -3543 -4263

2 772 9034 -374 -1324 -2278 -367
1 150 -7650 -4526 3557 10991 563
1 0 0 0 0 0 0
1 0 0 0 0 0 0
1 0 0 0 0 0 0
1 0 0 0 0 0 0
1 736 -7602 -2682 -3423 -296 1203
2 0 0 0 0 0 0
2 0 0 0 0 0 0
2 148 9032 206 4942 3697 328
2 502 9338 612 6241 6607 1623
2 0 0 0 0 0 0
2 840 7512 822 4400 1974 1705
1 526 -6810 -2932 -626 729 490
2 512 6906 756 276 1209 -131
1 0 0 0 0 0 0
1 0 0 0 0 0 0
2 522 7586 550 -3600 407 -2095
2 1500 8828 162 -5004 -4765 -3293
1 202 -7700 -3944 2844 -4984 -2236
1 0 0 0 0 0 0
2 126 9192 -394 -4893 -2962 -2205
2 1790 8946 -1378 -3922 1300 -1434
2 0 0 0 0 0 0
2 -304 9766 1150 2553 7222 1083
2 0 0 0 0 0 0
2 -1456 8338 1978 1220 1210 1695
2 -932 7946 572 -1805 3153 2498
1 3890 -9404 -30 -144 -10980 -4026
1 13246 -12702 886 807 -30000 -12789
1 8002 -16358 -16508 -10636 -28619 -19369
1 -19198 -23570 -17290 -30456 -21222 11057
1 -19212 -32768 -2698 -32768 -15179 31420
1 -9132 -32768 11620 -6780 -20996 32767
2 -2274 8206 1368 1874 -4574 769
1 -18134 -32768 -454 29613 -8098 32767
1 0 0 0 0 0 0
2 1078 8046 4712 3083 -7271 1107
1 7708 -14480 -13762 3908 -26345 1631
2 964 5920 2196 -3897 -4969 -446

1 370 -7728 -3152 -88 -328 -188
1 336 -7824 -3094 -195 -517 -235
2 612 8218 -38 91 402 -43
2 0 0 0 0 0 0
1 0 0 0 0 0 0
1 1552 -8302 -422 -296 -9402 -3749
2 0 0 0 0 0 0
2 652 7946 156 129 4480 -496
1 5944 -10296 -6 2607 -17332 -7469
2 0 0 0 0 0 0
1 10094 -14350 -6790 -1517 -28589 -17267
2 0 0 0 0 0 0
1 0 0 0 0 0 0
2 394 8766 894 1251 658 618
1 -7440 -12968 -7322 -20700 -13069 2289
2 -804 8426 964 1663 -5540 -22
1 -7140 -8460 -4286 -21069 -374 12776
2 -1492 8896 528 169 -2380 234
1 -5538 -4290 -496 -16141 -4559 17486
2 0 0 0 0 0 0
1 -2152 -4644 586 -10928 -6752 18408
2 0 0 0 0 0 0
1 -654 -3468 -26 -3917 -8565 16850
2 0 0 0 0 0 0
1 492 -8352 -3368 10420 -7312 18195
2 1040 8146 742 275 -4338 1559
1 1276 -24018 -7184 22837 -10854 17188
2 0 0 0 0 0 0
1 7408 -20848 -9350 9421 -4102 16067
1 9490 -15478 -7768 7519 896 10442
2 0 0 0 0 0 0
2 0 0 0 0 0 0
1 2762 -9304 -5968 3990 -11583 232
2 0 0 0 0 0 0
1 440 -7722 -4632 -103 -428 -1780
2 404 8746 30 147 5024 -1700
1 -68 -8560 -3300 -4245 -6670 -5841
2 0 0 0 0 0 0
1 -600 -8292 -3000 -6300 -10701 -5305
2 274 8870 1296 2923 3642 2299

1 256 -6758 -4420 2648 2399 1809
2 -2492 8856 7434 -422 -6492 688
2 130 10618 10568 -10580 -13952 -1416
1 294 -6766 -4052 2985 8619 3974
1 0 0 0 0 0 0
2 8384 20340 10352 -11530 -32516 2420
2 1156 24120 2648 6159 -28751 16373
1 0 0 0 0 0 0
1 0 0 0 0 0 0
2 -1274 16990 -3996 17722 -20313 16682
1 -2138 -8986 -2140 -2523 -1130 -1815
2 -6806 8018 -1534 24908 -14791 2112
2 -7646 1372 3632 21602 -23640 -13598
1 0 0 0 0 0 0
2 -3546 4010 1574 12444 -2708 -17391
1 0 0 0 0 0 0
1 0 0 0 0 0 0
2 0 0 0 0 0 0
1 194 -7592 -2528 -1329 -8033 -5134
2 1570 16434 2180 -2483 1163 -25298
1 514 -9188 -4014 1790 -11667 -8047
2 1302 23050 6404 -4594 -6959 -29957
1 0 0 0 0 0 0
2 1580 31438 8004 -7529 953 -24182
1 -1016 -6886 -4178 875 -7918 -8396
2 -236 22870 2580 -14851 -1877 -17583
1 -1718 -4958 -3608 3872 -8359 -6112
2 6324 10810 -602 -5036 12417 -7520
1 0 0 0 0 0 0
2 4282 6566 98 1374 -3885 1250
1 518 -8568 -4466 7511 9005 3826
2 1536 10718 370 8345 -11741 8164
1 2082 -8584 -4838 -931 9362 4447
2 4 18142 2692 19389 -16066 9922
1 0 0 0 0 0 0
2 -3230 13502 2734 19900 -4150 4715
1 76 -10546 -2890 -7075 4938 -1113
2 -230 7592 2720 9268 13353 2389
1 0 0 0 0 0 0
2 1790 5786 1704 2736 9931 2

2 -5252 15696 -4462 -16300 -4064 860
1 1470 -8412 -1320 2963 -3935 -2919
1 0 0 0 0 0 0
2 3134 10390 -3190 6903 -20411 -4031
2 -5810 7186 -2834 5688 2233 1316
1 314 -7754 -7688 3055 3332 -1824
2 4228 19542 -1028 18682 32767 5989
1 2076 -12586 -12356 -16908 24070 4672
2 6194 11936 4262 19499 7907 20539
1 6982 -8538 -5910 -19743 8588 -13183
2 12 8440 6676 3779 -1824 20644
2 -13426 3202 13192 -16388 -9715 -5483
1 1654 -10736 972 -9752 -3864 -19952
1 -10384 -11796 14100 14439 -6787 -5923
2 30986 32328 10312 -32768 -14593 -627
1 20494 -32614 -14952 32767 -20430 -18956
1 -19824 -17146 -27068 -32768 977 1756
1 -14830 -27260 -9398 -32768 -14593 16748
1 -8546 -23708 3104 -15076 -26012 26801
2 -19502 22800 -22318 28965 -14352 21740
1 -14340 -19254 1772 23730 -19267 18616
2 -9572 20160 4514 32767 -4221 -7734
2 -10192 17076 2376 21206 -10997 -25042
2 -16504 25542 2566 -15138 -16152 -32768
2 16814 32767 12634 -25884 5717 -32176
1 12846 -32768 -6826 32767 -27859 25339
2 5604 19168 -7350 -7167 -1863 -6898
1 7336 -19830 -15276 2578 4020 6453
2 3596 7528 -3278 497 -9614 -3756
1 440 -8102 -4910 421 -12098 -829
1 -930 -8028 -1778 -5146 -2784 -695
2 326 9034 1994 4309 334 -4
1 -660 -8210 -1346 -3879 -3838 -642
2 0 0 0 0 0 0
2 54 9538 1268 1894 6551 2047
1 638 -8022 -1910 -1410 1587 1253
2 0 0 0 0 0 0
1 0 0 0 0 0 0
2 0 0 0 0 0 0
1 0 0 0 0 0 0

1 0 0 0 0 0 0
2 174 7300 -294 -1810 -2078 -588
2 0 0 0 0 0 0
1 -1064 -7042 -2882 -326 -3831 230
1 0 0 0 0 0 0
2 266 5966 -480 1568 -8027 -971
2 2750 11764 4064 255 -7427 272
1 4598 -9130 -6216 2246 -1666 -1865
2 13726 18084 14318 -7245 -6854 5756
1 11646 -21794 -5678 6831 4795 -4108
1 7150 -30460 -8432 5047 -6619 -21182
2 3518 30910 7868 -12572 -15780 14691
2 -1958 5510 -132 1878 -26968 10570
1 -1204 -6084 -418 -9593 -11721 -11952
1 0 0 0 0 0 0
2 -12854 2780 68 5790 2967 11483
1 -11650 1972 3666 -2064 5150 -805
1 -8812 -3044 1554 -66 -1938 8094
2 -9874 2318 -3814 -1181 13293 2422
2 -7692 4658 -1268 5761 3693 -8971
1 -2506 -5918 -1844 -179 -3259 15088
2 -2336 10226 1410 9074 5165 -15690
1 8010 -21748 -10870 9063 -1760 16643
2 12818 26670 9288 7558 20434 -17902
1 14718 -14094 -11410 4248 -1194 6707
2 10356 16734 8288 4541 -2286 -5545
1 7102 -13140 -8584 1958 1233 259
2 6164 13054 3404 -2703 8400 452
1 312 -9104 -3980 545 527 -1784
2 1050 8800 858 -1082 -486 1586
1 174 -4546 -2930 -944 3616 -1128
2 120 5296 -438 810 3307 2236
1 0 0 0 0 0 0
2 0 0 0 0 0 0
1 -176 -7386 -3198 -1212 1361 -284
2 118 9904 376 1444 2473 1540
2 686 7220 214 1832 -5411 -1135
1 -562 -7838 -3716 1888 -8508 -1374
2 24 8112 210 1055 7289 -1456
1 -1000 -8200 -3678 1302 6476 6126

1 4604 -10882 -8490 -11072 -7331 1628
2 -218 7666 448 2764 -265 319
1 10540 -7900 -16866 -23775 850 -10776
2 0 0 0 0 0 0
2 0 0 0 0 0 0
1 -5132 -8198 -8676 -25784 425 -21925
1 -6610 -9928 -3350 -24751 18212 29270
2 0 0 0 0 0 0
2 2118 8962 186 -1148 850 -214
1 26204 6846 14272 -14271 32767 -12578
1 -7054 -6738 -3410 13837 -32768 -32768
2 210 8540 1022 4453 -3882 1231
1 -514 474 -6896 -2318 2852 31381
2 1500 7180 -140 1792 919 1681
1 30648 13878 6778 2713 21532 -6207
2 0 0 0 0 0 0
1 -3310 -8664 5916 6212 -32768 -32768
2 0 0 0 0 0 0
1 -16000 3444 -5706 -1482 15308 5444
2 1052 8308 470 -1360 2649 -490
1 1152 -2698 -3984 460 -9416 32767
2 0 0 0 0 0 0
1 31996 14962 9690 -4737 32767 -1428
2 0 0 0 0 0 0
2 0 0 0 0 0 0
1 -1484 -4510 -42 12857 -27331 -30375
2 0 0 0 0 0 0
1 -13472 566 -6910 5804 8642 -11946
2 0 0 0 0 0 0
1 -6576 3292 -6128 403 -7733 25507
1 25542 11586 5986 -9092 23365 16818
2 0 0 0 0 0 0
1 5568 324 -1406 4951 -16791 -25151
2 0 0 0 0 0 0
2 0 0 0 0 0 0
2 0 0 0 0 0 0
1 -7756 456 -2574 1937 14089 -11840
1 -9040 396 -3698 6185 -704 15738
2 0 0 0 0 0 0
1 3018 -488 -5308 8804 -3607 32767

2 6906 8898 -996 11071 4936 24029
2 4258 2896 2050 275 979 25513
1 1116 -6962 -1558 824 4472 -451
2 0 0 0 0 0 0
1 1610 -8750 -1292 -294 -975 -791
2 -4636 -1858 -13232 -662 -1480 6136
1 0 0 0 0 0 0
2 -998 -1396 -10434 9744 6886 -7688
2 2056 664 -3306 16874 6066 -13254
1 0 0 0 0 0 0
2 7494 1788 5538 18049 6574 -13642
1 0 0 0 0 0 0
2 15128 -4792 12560 2303 7866 -1191
1 0 0 0 0 0 0
2 8498 -2542 7278 -12478 -8444 3877
1 0 0 0 0 0 0
2 4340 12 2820 -19689 -5492 7463
1 0 0 0 0 0 0
2 2022 3188 -5142 -19818 -11982 3661
1 1702 -7518 -1406 -1722 -2927 17
2 -1896 5234 -19898 -1531 -4468 1379
1 1230 -9324 -1762 -1169 -896 901
2 1224 -188 -11822 11888 5652 -2774
1 0 0 0 0 0 0
1 0 0 0 0 0 0
2 1374 504 -3494 18101 10201 -6605
2 4342 4318 760 22174 6988 -10221
2 11312 -278 10802 16783 7467 -6492
2 13792 -2458 13702 -5394 1915 3785
1 0 0 0 0 0 0
1 1426 -8600 -2094 -1316 -2671 -859
1 0 0 0 0 0 0
1 0 0 0 0 0 0
2 5648 -600 8172 -18634 436 3762
2 4452 2494 3690 -24245 -12571 2642
1 0 0 0 0 0 0
2 1842 12562 -6056 -24869 -7683 6524
1 0 0 0 0 0 0
1 0 0 0 0 0 0
1 0 0 0 0 0 0

1 7812 -10428 -7282 -11359 17173 -4919
2 6508 12492 -1938 8799 -343 10836
2 0 0 0 0 0 0
1 8970 -5800 -3764 -8118 6924 -17824
2 1646 3280 2242 86 -19854 12953
1 5976 -7296 -3462 -220 -6081 -27241
2 -672 5546 -2794 -6316 -16046 6216
1 3148 -4042 -2746 2236 -4082 -25756
2 -4090 9832 -16042 5488 6074 904
1 -4382 3380 -6476 4491 -10997 -13135
2 -1004 5696 -8334 16513 15525 -2655
1 -5740 52 -7244 8061 895 435
1 -7856 -1956 -11452 3054 -2959 442
2 -206 3480 -316 20211 19601 -2645
2 11854 240 8770 16655 11978 4884
1 -1910 3634 -11838 -6497 2889 10614
2 8106 -5014 11496 -7454 -5331 3973
1 -118 2132 -9314 -10889 3121 16070
1 3380 -2312 -2224 -16033 8649 21968
2 5126 -1104 4722 -19550 -11809 1433
1 9524 -2448 2516 -16261 3014 17659
2 9298 3250 -1866 -22381 -21594 4350
2 -29244 7042 -8700 -3782 -18434 3563
1 14250 2440 7610 -2815 2442 96
2 -2780 5250 -11438 9846 15124 -6315
1 11648 -1300 6298 15207 6380 -11918
1 7192 -4316 730 24369 -5432 -17161
2 1776 1890 -4548 15927 18490 -11185
1 -4550 -3572 -3496 20290 -5604 -18645
2 6374 3458 974 20277 6190 -13323
2 10156 -596 6910 13515 15270 -3338
1 -6558 -2978 -14760 12814 -17851 -10507
1 -13870 -1774 -10438 107 17235 7138
2 10556 -4404 8866 554 2062 785
1 -9318 -1212 -9332 -6025 7221 16966
2 8140 -1704 5918 -12503 -4928 3142
1 -280 -2914 -5452 -13548 9317 22939
2 6840 1082 3966 -20076 -2147 7581
2 564 156 -2304 -18862 -20769 7888
1 0 0 0 0 0 0

2 818 8684 560 -339 6096 96
1 -3836 -7654 -2782 1861 -5334 -2040
2 882 8522 578 -64 6211 510
1 -1904 -6080 -6162 1684 12507 3849
2 1256 8304 784 348 5383 1637
1 1648 -7714 -6246 2540 13974 4501
2 0 0 0 0 0 0
1 4740 -15466 -7852 -6690 32767 9274
2 0 0 0 0 0 0
1 11724 -18022 -6368 -8763 24741 -11258
2 156 8536 -668 -1086 5264 -1584
1 0 0 0 0 0 0
2 1214 9476 -330 -1008 9606 -1649
1 5030 -13020 -3786 21708 22632 -6618
2 772 8426 158 2787 3750 -1355
1 0 0 0 0 0 0
1 0 0 0 0 0 0
2 748 8216 -92 1682 6238 113
1 -11228 -5100 -64 18017 -4241 -16542
2 0 0 0 0 0 0
1 0 0 0 0 0 0
2 790 9264 92 1152 511 3080
1 -2032 -14928 -3240 19957 9227 4979
2 0 0 0 0 0 0
2 -6 7912 620 2044 -5431 3121
1 -5750 -28028 -6660 26772 29998 14035
2 0 0 0 0 0 0
1 10628 -24570 -7040 -917 21478 22871
2 1520 7734 -668 -5882 -6234 695
1 1136 -17584 2424 -12036 32767 17651
1 3332 -9490 -1448 -17685 28244 8423
2 1108 9296 -1216 -4392 -12214 -321
2 840 7144 -1094 -1811 -5181 -1106
1 482 -3460 -2390 -4429 -463 3631
2 1498 6938 -936 -3472 -6715 -1512
1 -1536 -3114 -1496 5159 -2610 942
2 -50 8540 -960 -5427 -14758 -3603
1 88 -7230 -3240 11844 -2553 -1247
2 -674 9346 -886 -4701 -4787 -4457
1 -702 -11752 -4068 15194 -9390 -411

2 0 0 0 0 0 0
1 -14 -7326 -3016 -1572 2187 695
2 6320 14060 912 629 20598 6646
1 1580 -5304 -3028 -772 1086 449
2 6034 22302 5606 1885 6584 20144
1 -402 -6142 -4162 4487 -2876 1026
2 3520 26124 2082 6519 -5143 28574
1 -3238 -9428 -4154 5347 13835 3162
2 -1522 9294 108 -6950 12009 21449
1 -1288 -9388 -2766 85 23585 6127
1 1458 -8510 -3232 -1918 17686 4155
2 1390 5984 1046 -22870 21262 9502
2 -990 5636 2044 -27492 25635 1349
1 482 -8312 -3420 -2374 6667 -1262
1 0 0 0 0 0 0
2 3042 6364 1548 -23394 5682 -7773
2 -5400 14600 172 -27182 -22954 -8720
1 -830 -9894 -2586 -7903 -5522 -3645
2 -12428 18288 -2336 -25146 8249 -6671
1 -1102 -6904 -1990 -6370 -3666 -1340
2 -1398 27266 4624 -10542 32767 -17151
1 -590 -6452 -2668 2032 -2459 -2407
2 -872 30338 7804 11276 32767 -7719
1 -510 -6552 -2426 9230 -2676 -3384
2 -1676 15110 7564 16597 29179 11911
1 -100 -8952 -3844 13000 -3223 -4108
2 998 8612 -434 9718 -7501 6544
1 -78 -10090 -3982 9768 -17286 -4595
2 -2940 4312 1006 5013 -6555 1502
1 -2274 -9022 -3184 3681 -7571 -195
1 930 -5412 -3946 1678 3308 597
2 -258 5326 6 -2199 2364 -363
1 936 -8006 -3824 -2511 -8901 -457
2 -398 7266 412 -8139 1558 -6872
1 -340 -7988 -3326 -4782 -3598 2345
2 658 12344 1364 -15057 8409 -11928
2 5626 17204 988 -14136 11633 -10934
1 1336 -9532 -3688 -4970 5624 3663
2 4958 11370 -32 -5741 12346 -3665
1 2022 -8288 -3044 -5301 1690 1332

2 -4126 7758 6488 -7974 2467 -7936
1 0 0 0 0 0 0
2 0 0 0 0 0 0
1 -924 -10782 -4794 15911 8957 8057
1 6146 -3134 -15340 2648 4978 3299
2 18786 11600 -498 2120 11546 3306
1 10444 -25188 -12116 -12426 6835 -9856
1 8270 -32768 -13474 -21377 22791 -19847
1 6590 -32768 -6642 -9949 10367 -31972
2 4392 29328 4690 724 3814 22382
2 4356 32767 9452 172 -57 32673
2 -1052 31122 8924 -6081 -2201 32767
1 7254 -24530 1610 -629 3813 -32768
2 -90 18812 10936 -15661 -2573 27904
2 -13398 14446 13700 -18863 -29401 21078
1 -16526 -14454 20922 1434 16645 -32554
1 -15348 -32768 7584 29127 28595 -859
2 322 30174 15368 -32768 11676 1420
1 2216 -32768 -8840 25724 27820 28072
2 -3018 29736 8072 -21871 32767 -14380
2 9478 29224 2972 2877 32767 -17429
1 10318 -18270 -7642 -2049 4984 20822
2 1304 20928 10192 10555 22315 -2125
1 9294 -17864 328 -12730 32559 13044
2 2178 13184 10036 8622 32767 9427
1 1182 -16682 -526 -10497 -550 248
2 2804 4552 3542 6224 -37 1423
1 1660 -3900 -426 -3375 522 1922
2 -1782 5224 3548 1471 -12588 -3244
1 1782 -5298 -440 1925 1224 563
1 1374 -8558 -2452 5330 -1130 -1483
2 1132 8054 2692 -3673 8182 -1051
1 386 -9744 -3052 8042 -3493 -2194
2 0 0 0 0 0 0
1 -802 -10128 -3894 11204 -2018 -2789
2 -472 10452 1004 -7197 -9270 -4539
1 -276 -8804 -4262 9350 -1394 -1716
2 -490 10224 -112 -8902 -1035 -2608
1 120 -7470 -4254 3285 -3676 158
2 -204 9182 -786 -6007 -346 -3030

2 0 0 0 0 0 0
1 242 -8820 -1284 -6177 5107 -1091
2 0 0 0 0 0 0
1 0 0 0 0 0 0
2 -180 7604 1130 2344 -3097 1490
1 11732 -11250 8758 -496 -32768 -10408
1 8630 -22268 -4412 -4977 -29167 -20371
2 342 5498 924 -1573 6231 -2325
1 -5280 -25772 -12050 -21732 -32768 -14702
2 1672 8956 1246 -4828 15409 -3704
2 3684 8464 1582 -2721 5817 -3090
1 -8550 -27640 -5188 -17601 -27724 13778
1 -7248 -25470 3980 -27036 12264 28761
2 1862 6804 -38 -1717 3105 3516
1 -6750 -17048 5692 -14318 -23785 24867
2 2140 11386 1310 5703 -10812 4368
2 -294 10812 2864 11445 -15368 2932
1 -736 -13684 5112 -621 -11310 22371
1 -1982 -22416 -1056 11515 -15686 21991
2 -454 9294 1612 7563 -10192 3447
2 -604 6178 -938 -974 -9527 2474
1 -282 -32768 -4430 8784 15500 32767
2 5654 10126 -4378 -11922 -3009 -286
1 9912 -32640 3690 -8188 16400 28760
1 6856 -15072 -180 -5904 -5248 11647
2 4892 8298 -5676 -11293 -848 -647
2 0 0 0 0 0 0
1 2316 -7022 -290 -7176 -6002 352
2 -846 9946 -568 -10913 7651 577
1 -732 -11006 -64 -8147 -11559 -11339
1 -1718 -13950 720 -8043 -3198 -13717
2 -68 7556 1820 -8170 21080 5731
1 0 0 0 0 0 0
2 -2110 7122 4126 367 6572 5826
1 -2132 -8664 -2192 -8607 -1301 -6216
2 0 0 0 0 0 0
2 -2236 6828 3374 1758 2093 3487
1 0 0 0 0 0 0
1 0 0 0 0 0 0
2 0 0 0 0 0 0

1 3930 -3948 -3772 -2532 3615 -3033
2 -768 10442 11694 3473 -32584 5690
2 6978 19728 1806 -10895 -1964 14205
1 2816 -3028 -2578 -4348 -342 -1752
2 1586 32767 -9358 5672 -32768 20670
1 724 -7786 -2638 -5127 -1937 1031
2 -9366 32767 -1980 32767 -21085 15763
1 0 0 0 0 0 0
2 -11826 25886 3148 32767 -9094 2086
1 0 0 0 0 0 0
1 2764 -8298 -8240 -5203 -8304 -2661
2 0 0 0 0 0 0
1 -4810 -5446 1520 6497 -15328 404
2 -2324 32767 13182 23581 -16822 -32768
1 3872 -10488 -7886 13545 -5710 -6214
2 0 0 0 0 0 0
2 11356 32767 16390 2355 6161 -21313
1 2680 -15756 -10796 14007 -6067 -4678
1 -184 -7018 -8644 8379 -4592 -4497
2 4480 21508 3214 -7069 -20662 -10844
2 -2812 9110 -1916 -5188 1140 -827
1 -298 -3940 -5918 4342 -4806 -1911
2 0 0 0 0 0 0
2 852 11272 1128 8621 -6100 6831
1 -276 -3922 -4346 915 5069 3714
1 612 -7420 -3826 -3637 10810 6777
1 0 0 0 0 0 0
2 0 0 0 0 0 0
1 1720 -11324 -4386 -5448 5983 -4619
2 2438 8004 5198 7996 5404 5945
1 0 0 0 0 0 0
2 2080 5918 3008 3013 -2394 2716
2 0 0 0 0 0 0
1 0 0 0 0 0 0
1 0 0 0 0 0 0
2 3860 7416 2016 -1840 15322 -1637
1 464 -5748 -2658 -1055 3043 2641
2 2754 7508 1808 571 133 -3007
1 2390 -6810 -2870 8376 4674 4434
2 2724 9064 1378 1943 -657 -2037

1 8240 -13362 -2592 2700 -30427 -15643
2 6676 13134 9148 -8208 -20924 1059
1 -4544 -17982 -12504 -12048 -32768 -15892
2 10602 28994 -1082 -12378 -22302 14928
1 0 0 0 0 0 0
2 -9784 22738 2366 31629 -32768 -369
1 -9996 -20596 -2854 -21772 -20309 26405
2 -14818 20520 2968 22764 10561 -19722
1 -6854 -11732 5156 -2923 -8985 27992
2 -5702 14836 6592 19492 2849 -21101
1 0 0 0 0 0 0
2 -6768 13576 9710 104 5764 -24115
1 -196 -24776 2574 20221 -2285 22815
2 -834 24608 10634 994 7505 -31720
2 6870 29312 14836 623 18043 -32004
1 17272 -23982 -5654 16253 11094 30497
1 8486 -31110 -9720 19981 -14493 8546
2 7408 26140 7466 -1548 -12069 -23444
1 834 -16094 -5474 15689 -16106 1259
2 -458 13682 3608 -6534 -32623 -15109
2 -3514 12028 -932 -10699 5918 -670
1 -2468 -11932 -4582 11613 -1533 -1170
1 66 -6388 -4896 8367 7935 845
2 0 0 0 0 0 0
1 452 -7474 -4328 -4970 4856 -436
2 710 8966 -248 1568 8265 8343
1 -94 -12864 356 -16119 -8027 -4523
2 -2900 8960 3148 6403 4477 15098
1 0 0 0 0 0 0
2 -420 12128 2726 9469 -17499 6437
1 -1312 -10990 -1180 -10690 8293 -406
2 -3866 9262 4458 9846 -5509 2609
1 156 -8732 -1782 -8618 1935 -1757
2 -366 7326 2728 5287 5794 3638
1 -24 -6704 -1698 -4025 -3012 -2431
2 450 6334 2696 2031 233 1074
1 -432 -6218 -2060 588 -2559 -994
2 0 0 0 0 0 0
1 232 -6344 -2456 5230 -745 1670
2 834 9070 1780 -8063 2662 -3464

1 0 0 0 0 0 0
2 752 8652 250 -1524 -2701 -1561
1 0 0 0 0 0 0
1 0 0 0 0 0 0
1 3010 -12538 -3042 -2417 2033 -1555
2 1100 4076 -678 -789 -3458 -768
2 -98 4388 -572 1140 -74 228
2 204 13568 5466 2176 -10130 -423
1 7196 -18638 -5444 1860 892 -2061
2 3408 18352 9594 -2120 15187 682
1 3338 -17534 -2638 1635 13291 -2143
2 906 15474 6086 -6537 -10401 4190
1 5972 -2730 574 -577 -2344 -7413
2 3276 1330 1206 -5962 -6482 5812
1 -2160 -726 -1318 -370 -4285 -11678
2 -2132 2158 -1866 -4556 -5480 8504
1 -390 -2610 -2304 -67 65 -14422
2 -92 5096 -1752 1353 -13715 8413
1 -4874 -4090 -54 -1731 -16406 -12142
2 -5442 2818 130 4339 -13285 2324
1 -5012 -4548 1652 -350 -28331 1962
2 -1694 8760 2090 -2622 -9021 -13186
1 -3508 -7684 -6898 15244 3739 12982
2 2664 18950 -1936 -10720 21063 -15221
1 3302 -19554 -10850 18010 8144 14908
2 12772 19272 168 548 10770 -13947
1 32767 -22624 2894 13759 -32768 -19860
2 13162 4658 19778 441 -32768 -6704
2 2086 8146 5352 -5115 32767 10611
1 -2312 -7736 -3522 -1319 23892 884
1 3092 -6182 -40 -1474 26280 340
2 3418 7178 1066 -255 15827 4286
1 1922 -6124 -4986 -1873 -8409 -3357
2 0 0 0 0 0 0
1 -2572 -7418 -1834 -985 -7877 -1950
2 -1274 7298 -244 -1438 -1296 484
1 -492 -7854 -3400 -1632 644 1619
2 0 0 0 0 0 0
1 10722 -10638 -1226 -3833 11590 1086
2 -422 8916 234 4287 3375 -839

2 544 8746 -1826 -4535 10336 1236
1 -666 -7060 -2356 -29297 4840 -4536
2 0 0 0 0 0 0
1 -1602 -4804 -878 -25628 -6288 6094
2 -576 7994 -1754 -267 -577 -548
2 0 0 0 0 0 0
1 23840 -3308 32767 -11847 6665 19707
2 1916 8554 1142 1139 4308 764
1 8440 -3252 2614 26515 9718 -2465
1 266 -10926 -2710 25394 1462 -20540
2 316 8062 -900 1615 -6720 -2237
1 -6024 -1312 -4708 13866 -5635 -12271
2 -916 7804 -1410 -188 2293 265
2 -454 8900 -1150 -246 235 -546
1 -8324 9582 -14270 8759 7014 7224
2 400 8446 -1094 -490 4337 1228
1 0 0 0 0 0 0
2 0 0 0 0 0 0
1 -1526 2356 -4458 -16214 -4263 5891
2 -1430 6948 -360 1162 -129 -1505
1 -146 -1326 -1864 -16002 -6826 13412
1 16860 -1216 9860 -7309 -12021 16672
2 422 7914 -1240 1081 -3654 -735
2 -256 9340 -502 941 80 234
1 21042 3026 5488 23331 -6335 -16249
2 -796 8312 -1888 272 -3632 -818
1 2468 -1828 -3622 14933 6175 -22046
2 0 0 0 0 0 0
1 -7978 -2664 -2226 12340 -9166 -10467
2 0 0 0 0 0 0
1 -4614 3566 -9548 13004 8750 2927
2 -52 9124 -814 -598 196 -80
1 -11946 9436 -16884 -2341 -10058 5123
1 -2014 -326 -6772 -16837 -4901 21948
2 0 0 0 0 0 0
2 0 0 0 0 0 0
1 0 0 0 0 0 0
2 0 0 0 0 0 0
1 18976 1162 582 674 -12915 18314
1 21444 1000 -1562 8819 11022 -1472

2 0 0 0 0 0 0
2 0 0 0 0 0 0
1 3026 -7546 -12512 -21861 -7902 -14054
1 -2962 -4038 -6214 -22532 -3096 -6489
2 0 0 0 0 0 0
1 -6682 -2912 -3110 -16016 -7198 8057
2 0 0 0 0 0 0
1 9590 -7050 1582 -12116 -2024 32002
2 0 0 0 0 0 0
2 -1194 9366 -376 -347 2104 74
1 32767 7582 16436 5303 2822 -1982
2 562 8196 -624 193 -182 -178
1 7078 -2778 -4122 11137 701 -23104
1 -2762 -1226 -1210 5392 -2913 -21706
2 0 0 0 0 0 0
1 -5968 2348 -980 12244 6914 -6606
2 0 0 0 0 0 0
1 -10968 7126 -17452 1120 -5241 1911
2 0 0 0 0 0 0
2 0 0 0 0 0 0
1 -3600 7246 -4426 -13299 -5919 10595
1 -1456 -420 -2084 -9438 -6291 18494
2 0 0 0 0 0 0
1 5874 -3354 -2336 -8354 -7034 23149
2 -786 7918 -376 1361 -3368 -1606
1 22882 1044 10564 -4668 10205 10270
2 -1756 8828 -1272 341 -2368 -1176
1 13176 150 3030 12693 6216 -12258
2 0 0 0 0 0 0
2 -1530 8232 -988 -293 227 450
1 5892 -3618 -2184 14427 4926 -21693
1 -2152 -3760 -3416 12511 1688 -19041
2 -762 8286 -718 325 3772 567
1 -13842 6690 -11190 8023 -8389 -1866
1 -2742 8590 -8470 -7936 -4889 15356
2 -668 8492 -468 36 1768 -604
2 0 0 0 0 0 0
1 1958 238 -2750 -11121 -6515 20643
2 -1290 7926 -700 -215 -82 319
1 6316 -3016 -160 -6104 -9713 21585

1 4844 -6144 -3484 -2539 1863 1726
2 -6086 -342 178 21000 3434 -3959
1 3760 -6346 -3910 -190 -2098 -1480
2 -1490 2984 -484 8932 6995 -19445
2 15604 -2230 6610 2779 32767 5065
1 0 0 0 0 0 0
1 0 0 0 0 0 0
2 5548 -2230 2490 -3978 -31470 4074
1 0 0 0 0 0 0
2 1366 -2272 -504 -3186 -17944 12495
1 0 0 0 0 0 0
2 -11556 -8092 710 5623 -14078 417
1 0 0 0 0 0 0
2 -3004 -5550 -1786 419 19666 -10424
1 0 0 0 0 0 0
2 0 0 0 0 0 0
1 4156 -6778 -4470 -905 -692 -337
2 22690 -4194 6642 -1734 13509 89
1 3764 -7282 -4018 -3313 -3601 -1895
2 7120 -2046 -1026 -7649 -6534 14367
1 0 0 0 0 0 0
2 198 -172 -640 -4235 -22170 12920
1 0 0 0 0 0 0
2 -12750 -9906 -2954 -2184 -7963 5583
2 -5556 -7090 -6404 3331 11169 -11280
1 0 0 0 0 0 0
1 3212 -6438 -4606 4242 5823 2369
2 -166 -966 -630 2969 11542 -18639
1 4742 -6728 -4530 3426 987 22
2 11318 220 2450 321 19190 -10870
1 0 0 0 0 0 0
1 0 0 0 0 0 0
2 0 0 0 0 0 0
2 4732 -1124 -1232 -3835 -11539 14594
1 2618 -6354 -4122 -1409 -1054 -429
2 -1214 -3404 -4552 -1771 -18782 8703
1 0 0 0 0 0 0
2 -9060 -5650 2416 -9574 10124 8916
1 0 0 0 0 0 0
2 -108 1676 -3056 -21543 21121 -2041

1 -4604 -6632 -4596 -10746 -7263 30130
2 1732 2390 744 2920 11847 -19443
1 24428 -11726 9866 -3514 26933 24456
2 32767 -492 -892 1568 22537 13224
1 15906 -3042 -560 19170 -29327 -26686
2 1886 -1652 -808 -104 -23858 8382
2 -20310 -7152 5198 -400 1220 7101
1 -14062 -2986 -3660 -4472 10116 -27464
1 -20928 1526 -6502 -2809 -9830 19098
2 2932 -1378 -6984 1410 15833 -21557
1 26358 -9766 10602 -9080 32767 30962
2 21860 -3600 6268 3376 32767 14046
1 2298 -7442 1330 15648 -27646 -26406
2 -8638 4534 8562 -9106 -32623 6602
2 -11578 9614 6520 -32768 -1500 -5770
1 -15750 -13812 1630 31820 16450 7569
1 -756 -12366 -10294 32767 -15215 31506
2 -6166 32767 3266 -32768 -14567 -12499
1 32767 -11880 -7280 -902 28144 11120
2 14408 12406 -1334 4705 -23253 -4836
1 -134 -2454 -6666 22 6558 -2796
2 -4118 3846 -2806 3853 -10964 210
1 -744 -7006 -5280 3947 6319 -1974
2 -2280 8838 -1254 404 3991 5118
2 1098 9044 -1218 3329 1702 -1202
1 4214 -7990 -5500 -519 1863 -2213
1 2532 -7004 -4156 -4950 -8989 -1292
2 -352 7804 -1190 2958 4906 -3781
1 1490 -6146 -4522 -4359 689 2446
2 1258 7284 -1236 10 8674 -721
2 2516 8734 -930 -498 5275 186
1 0 0 0 0 0 0
2 2496 7650 -1188 -186 2322 1003
1 4626 -6314 -4000 543 4731 1963
1 3862 -6182 -3782 2002 -90 473
2 1854 7842 -1272 -1126 -4261 1185
2 370 8280 -1622 -990 -3070 700
1 0 0 0 0 0 0
2 0 0 0 0 0 0
1 3558 -6742 -4736 2666 -3343 -2007

1 22142 6950 6306 9355 3002 -9396
2 -2146 -5330 -2176 385 -27913 6347
1 -16176 2358 -1444 6421 -14736 -18826
2 -18686 -7166 -294 -6393 12298 -6233
1 666 2838 -6410 -4174 2524 22897
1 23278 7664 6908 -7455 32767 3158
2 11618 -4378 1534 -4607 32767 781
2 8862 -4544 1784 -6699 -32768 -1388
2 -2318 -9794 5690 5187 -32768 264
2 9312 1336 -5044 -7874 32767 -10720
1 -3438 1062 -3602 8042 -15239 -18639
1 -20522 1794 -4748 3189 -5921 9973
2 26096 -1252 2774 -2144 13375 4942
1 12166 7056 7658 -6027 27311 14296
2 -4976 -6834 -8364 6013 -21529 3833
1 7944 3180 1030 10180 -24075 -19864
2 -12228 -3174 -560 -9093 21189 -7651
1 -14108 -4468 5508 289 -6748 -3554
2 24422 -3236 2858 -2860 32767 7451
1 10228 4382 3960 1738 -3142 20658
1 27460 8482 5744 12163 -8868 -6484
1 -7304 3236 -4366 4254 -11544 -17859
2 1782 -3078 -4014 -5257 -22320 6741
1 -13522 3932 -4624 -397 6526 14182
2 -11564 -6672 7624 2163 -32768 -7142
2 10754 -1806 -2486 -5947 32767 -7135
1 7652 7256 6790 -2865 14413 14310
2 23260 -2292 124 -1091 8012 3810
1 11110 5892 2616 7834 -22063 -15709
2 -210 -2376 -7434 2042 -16351 6738
1 -6788 2206 -2056 -816 -3619 -13217
2 -18564 -8300 3430 -2539 -15295 -8547
1 -3408 1838 -5088 -2087 3486 21933
2 12630 -7454 1282 -5818 32767 1249
1 26548 9430 7282 -5293 32767 4948
2 13364 -4368 1114 -3903 -28937 -385
1 3232 1794 -1786 6663 -24194 -18000
1 -14380 3028 262 3255 -232 -4300
2 0 0 0 0 0 0
2 -8616 -3964 -1812 -10382 21194 -3401

2 1208 8340 -1614 -5212 -124 567
1 3500 -7778 -4998 1830 -2250 4356
2 1878 8362 -2002 -4396 -4171 555
1 12046 74 -11186 -2738 25016 6806
2 100 8604 -1530 -2842 -2099 1340
1 0 0 0 0 0 0
2 0 0 0 0 0 0
1 14278 -16378 -8174 -9703 6921 -23100
1 7258 -9074 -3286 -6260 10307 -24050
2 0 0 0 0 0 0
1 2042 -5042 -2412 -1546 4816 -19089
2 0 0 0 0 0 0
1 -1914 -690 2356 -755 5394 -13753
2 0 0 0 0 0 0
2 -26 7604 -460 -1292 10 -1743
1 -4430 1224 3644 5584 7740 -9490
1 -3130 -1138 1564 17364 19324 2566
2 596 8148 -888 -4648 3757 -96
1 8058 -6076 -6056 22850 26138 9058
2 -950 8296 -864 -2921 -1290 1087
2 -442 8604 -144 -1489 722 1554
1 5288 -8950 -9350 18060 12019 11649
1 4938 -17020 -6184 4404 27466 23132
2 0 0 0 0 0 0
2 -134 9022 60 1910 5153 -903
1 17206 -20642 -6138 -17611 7324 22560
1 11756 -634 3336 -13023 7517 -1101
2 0 0 0 0 0 0
1 -5310 -8260 -1330 -671 15272 3796
2 0 0 0 0 0 0
1 1086 -6360 -5776 1031 -9367 -3974
2 -1392 8096 106 7 -1554 -552
1 1370 -6478 -5238 746 61 -911
2 0 0 0 0 0 0
2 0 0 0 0 0 0
1 0 0 0 0 0 0
2 0 0 0 0 0 0
1 2030 -6952 -4956 387 3151 -1281
1 2502 -6394 -3998 2134 5052 -1486
2 0 0 0 0 0 0

2 7934 16312 -3256 5014 6234 12164
1 2542 -5716 -3784 356 3145 1377
2 8290 21538 -1436 15635 -5359 15346
1 0 0 0 0 0 0
2 1616 13138 -2220 18883 614 16224
1 4070 -7794 -4578 -831 8020 2626
1 3784 -6210 -1796 -1492 707 -37
2 3318 4684 3018 12355 12484 22074
1 0 0 0 0 0 0
2 1918 2764 1070 185 5080 18883
1 0 0 0 0 0 0
2 -3066 -1724 2816 -2344 12507 14474
1 0 0 0 0 0 0
2 -5354 1664 13070 -15399 15783 2975
2 -13996 28268 18616 -32768 25183 -18807
1 0 0 0 0 0 0
2 32767 32767 -3692 2908 32767 -19258
1 3526 -14326 -2480 -2278 -2470 3839
2 3456 5256 10224 3960 8651 -2279
1 1404 -758 588 3791 -17679 -5306
2 844 7158 3654 -938 4586 -3799
1 388 -7914 -4302 999 -4097 -1174
2 -1156 9064 -964 1147 -6526 -1560
1 1580 -6836 -3484 271 -1492 66
1 0 0 0 0 0 0
2 -1654 7760 1204 -449 4836 879
2 -808 7930 974 43 998 -47
1 0 0 0 0 0 0
1 0 0 0 0 0 0
2 0 0 0 0 0 0
2 0 0 0 0 0 0
1 0 0 0 0 0 0
2 -382 7948 62 1288 -2219 -669
1 0 0 0 0 0 0
2 0 0 0 0 0 0
1 0 0 0 0 0 0
2 0 0 0 0 0 0
1 0 0 0 0 0 0
1 0 0 0 0 0 0
2 0 0 0 0 0 0

2 382 8226 -280 92 3001 760
1 4674 -6450 -13502 -1337 13257 -65
2 4074 10938 -9606 -461 4087 276
2 14036 31746 -14466 16296 6501 16543
1 23354 -13328 -17292 -14300 13509 -16136
1 12626 -27254 -12406 -18289 2915 -28158
2 -2056 32767 2480 32767 -3606 15843
1 7944 -27896 2214 -12775 16739 -32768
2 -3118 24616 20852 32500 5763 9504
1 -11394 -31484 21764 19236 32767 -13911
2 -11518 8282 32767 -31298 26958 20859
1 -10106 -32768 -28024 32767 32767 32767
2 -32768 32767 29536 -32768 -11708 1677
1 32767 -31056 -16650 -4329 19121 32088
2 32767 32767 -23418 -3806 -6951 -16995
1 5354 -670 2444 -2281 22914 5445
2 -7024 -3846 2488 -761 -379 3214
1 -1194 -7404 -3248 2930 -2711 -2211
2 -2196 8196 1692 -3039 3676 846
1 1886 -6424 -3534 -890 -3514 324
2 0 0 0 0 0 0
2 -1082 7704 -1000 787 88 -211
1 2188 -7030 -3850 -1462 974 1683
1 2150 -6768 -3746 -876 1287 106
2 0 0 0 0 0 0
2 240 8242 -290 947 4651 -538
1 0 0 0 0 0 0
2 0 0 0 0 0 0
1 0 0 0 0 0 0
1 0 0 0 0 0 0
2 -416 8228 -578 318 -460 -179
1 0 0 0 0 0 0
2 0 0 0 0 0 0
1 0 0 0 0 0 0
1 0 0 0 0 0 0
2 0 0 0 0 0 0
1 0 0 0 0 0 0
2 0 0 0 0 0 0
1 0 0 0 0 0 0
2 0 0 0 0 0 0

2 3154 2390 -414 11244 11657 14755
1 4390 -1698 -54 -4147 8466 -15088
2 3232 -1988 892 5166 3649 10691
1 0 0 0 0 0 0
1 0 0 0 0 0 0
1 -1226 1160 -1054 13993 18242 1806
1 2568 424 -6886 16928 13537 5920
2 2726 -4542 630 -1806 9366 9920
2 0 0 0 0 0 0
2 -504 -3378 -1402 -14674 -3369 9617
2 -2380 2524 -5070 -19175 6428 10074
1 6378 -2872 -8438 12259 21612 13533
2 -2348 6212 -7122 -16880 -4617 4672
1 8010 -2610 -7426 4788 564 12239
2 0 0 0 0 0 0
1 7122 -6596 -5162 1451 6878 14915
2 -1038 11022 -5416 -12676 18682 -2608
1 0 0 0 0 0 0
2 4926 13188 930 -3165 32767 -7025
1 7374 -10428 -1082 -10179 16827 12944
2 6506 8944 5018 5120 22173 -5172
1 5170 -10834 -2296 -9263 864 4638
2 1864 8562 1382 4687 934 -3422
1 0 0 0 0 0 0
2 228 8536 48 3163 4431 -1645
1 2846 -6234 -3164 -5278 2290 1919
2 -408 7968 -1158 2191 -626 -1961
1 2756 -6058 -3976 -53 -1225 368
2 0 0 0 0 0 0
1 0 0 0 0 0 0
2 0 0 0 0 0 0
1 0 0 0 0 0 0
2 0 0 0 0 0 0
1 0 0 0 0 0 0
2 0 0 0 0 0 0
1 0 0 0 0 0 0
2 0 0 0 0 0 0
1 0 0 0 0 0 0
2 0 0 0 0 0 0
1 0 0 0 0 0 0

1 9898 -9722 -1280 9463 -10821 -12860
2 320 8218 -510 813 -293 -465
2 0 0 0 0 0 0
2 486 8216 -668 -92 2909 -30
1 12070 -12136 -15138 -11054 -31433 -22030
2 0 0 0 0 0 0
1 -3706 -10698 -12792 -32768 -22392 -9648
1 -6426 -7460 350 -22953 -9161 8171
1 -1896 -1872 1020 -9620 -16780 7801
2 0 0 0 0 0 0
1 0 0 0 0 0 0
2 0 0 0 0 0 0
1 3260 -9942 -4328 32429 -15255 18272
2 0 0 0 0 0 0
1 16504 -32768 -11760 27846 32767 29734
2 0 0 0 0 0 0
1 11044 -9828 -12954 16587 -19541 -3030
2 0 0 0 0 0 0
1 1810 -6486 -6854 1283 -258 -3026
2 0 0 0 0 0 0
1 3504 -7922 -5310 -5134 -4509 -3268
1 1962 -7262 -4144 -6881 -12386 -2127
2 0 0 0 0 0 0
1 1104 -7016 -3692 -5372 676 4278
2 490 8190 -906 2407 -5591 -1543
2 -1086 8024 -798 1778 -7 -412
2 798 8372 -846 1738 4613 594
1 0 0 0 0 0 0
1 3732 -5334 -4058 1912 3705 4803
1 0 0 0 0 0 0
1 5284 -7242 -4892 3913 -5252 -2563
2 0 0 0 0 0 0
2 0 0 0 0 0 0
2 -160 7890 -1488 -32 267 193
1 0 0 0 0 0 0
2 0 0 0 0 0 0
1 2204 -6256 -4602 523 -1048 -2528
2 0 0 0 0 0 0
1 2488 -6724 -4312 304 688 -774
2 0 0 0 0 0 0

2 6448 9190 4312 -2839 -19115 3406
1 0 0 0 0 0 0
2 7514 19236 -3742 -3938 2796 17342
1 1960 -7044 -3504 154 -7343 -1356
2 1376 24754 -2050 26620 -32768 13435
1 1636 -6020 -4600 2832 8040 2477
2 -9940 20644 6084 32767 -3248 -17321
2 -2984 14628 16006 20887 1768 -28560
1 4726 -6298 -3646 -1336 8987 1668
2 1780 16176 8686 -32311 -32768 -28429
1 0 0 0 0 0 0
2 -11076 32767 16288 -32768 32767 12213
1 3542 -7038 -2772 -5833 -15670 -6197
2 15478 14776 4058 -6595 -16511 -9148
1 -1124 -3542 -2358 1089 -10684 -32
2 -8344 7164 -4104 2581 -22926 2295
1 1490 -5892 -4000 10077 14762 5017
2 -2046 8348 -2538 2398 10047 4177
1 6750 -9408 -3676 5515 18449 6334
2 1200 11930 -564 11860 -3821 -7584
1 0 0 0 0 0 0
2 -2398 13266 898 13258 312 -14299
1 0 0 0 0 0 0
2 1750 12354 2476 11169 25164 -7312
1 2240 -6970 -3610 -3936 -2519 -3172
2 4020 5836 478 7814 10114 -4788
1 1874 -6904 -3450 -4290 -2048 276
2 2060 3530 -318 -2396 -3426 -3715
1 0 0 0 0 0 0
2 1056 7300 -280 -12796 1486 1347
1 4304 -6184 -3618 -173 -2015 1066
2 3268 13000 -152 -15364 2879 3215
1 0 0 0 0 0 0
2 0 0 0 0 0 0
1 3498 -6262 -4080 4833 1488 458
2 0 0 0 0 0 0
1 0 0 0 0 0 0
2 -946 7264 -1404 972 -3743 18
1 0 0 0 0 0 0
1 0 0 0 0 0 0

1 23780 -32768 -1842 11518 -32768 -32768
2 -4430 30162 -7906 1184 -4766 30802
1 -4588 -31914 -28082 -32768 -32768 -13141
2 -29000 32767 5448 32767 -32768 -10600
1 458 -32566 5102 -32768 -15863 32767
2 -10750 32767 16964 32767 29686 -21515
2 -15150 472 24274 -11314 -32768 -32768
1 1626 -12746 10692 8510 -32346 23433
1 14552 -32768 -6030 32767 22877 2401
2 -9672 32767 32767 -32768 32767 2787
1 24678 -14646 -19108 19270 32767 6259
2 -15968 23104 -22148 -22169 -7702 18216
2 1306 11672 -12354 866 19161 3211
1 3722 -1802 -16650 357 19831 -1767
2 -4628 13368 2080 18137 -6887 -6157
1 1328 -10580 -7460 -15397 -4168 -4510
1 7996 -22436 -8888 -23753 -22555 -6941
2 1938 22830 5536 27390 1872 -10652
2 3982 5882 6306 10944 5016 -13197
1 4364 -15880 2464 -23015 1581 15105
1 4742 -3238 5156 -2778 17017 4315
2 334 3712 128 970 -3494 1312
1 1014 -4558 -1764 13320 519 2240
2 -368 3650 580 -12540 8441 12617
1 3438 -13374 -4848 23870 1890 2013
2 1764 16488 242 -25445 12730 9008
1 7290 -10168 -3718 11987 2001 2029
2 5584 10302 698 -7166 -948 124
1 3470 -7636 -4302 7123 -16029 -3171
2 1510 8096 -406 1042 -19854 -4374
1 532 -7388 -5076 515 -8361 -2023
1 0 0 0 0 0 0
2 -2772 7700 -1188 3795 -13256 -2909
2 -844 8020 -1264 1705 4076 -2219
1 3452 -8272 -3686 -7858 2129 2710
2 710 10378 36 4322 12508 -2853
1 0 0 0 0 0 0
2 2448 8904 94 7178 7811 -2761
1 3962 -6492 -3226 -6099 -792 291
2 1374 7106 -384 4142 1914 -2430

1 2046 -3130 1222 2051 -6892 417
2 6090 23664 9830 -8106 -12429 15597
1 0 0 0 0 0 0
1 27162 -27806 9050 7879 19170 -8108
1 0 0 0 0 0 0
1 11072 -6594 -3376 3665 -3530 -16339
1 -7290 -16996 7450 -11388 -20867 -17956
1 -14500 -5172 6722 -3727 305 -4698
1 -11242 -7726 5706 2467 4632 12665
1 -1594 -15594 4590 3801 17581 24496
1 10496 -30876 2798 -6157 13411 31783
2 3574 12454 -2114 7976 -18845 22821
2 -15346 10220 9358 16500 -16740 18810
2 -16216 -4910 16524 4836 -18868 -1309
2 -8034 6046 10814 -18679 11209 -7108
2 2768 11846 4888 -14248 14063 -16242
2 14674 31140 8304 -4328 11539 -18342
1 23176 -31990 224 -10809 3085 29652
2 32767 23026 626 -2066 15308 8769
2 -3172 10752 2054 -1521 17669 6104
1 -3292 -16188 948 -357 32767 924
2 -1506 9308 2832 2511 5123 3404
1 2868 -7760 -5604 889 -940 -3676
1 1744 -5422 -2746 -5383 -3802 -4889
2 2386 5360 1090 5874 126 394
1 0 0 0 0 0 0
2 0 0 0 0 0 0
1 646 -4882 -3750 -2593 2256 -916
2 0 0 0 0 0 0
1 4674 -9346 -4346 1663 9097 339
2 0 0 0 0 0 0
2 -444 8102 -222 290 2484 -1370
1 3458 -7536 -2720 -2745 3669 750
1 2822 -6364 -3120 -926 -7116 -1418
2 0 0 0 0 0 0
1 1234 -5628 -3590 3332 -3165 659
2 0 0 0 0 0 0
2 0 0 0 0 0 0
2 1938 8656 -362 807 1893 -388
2 0 0 0 0 0 0

1 7092 -5882 -13316 -19156 -6977 -2915
1 840 -7088 -10988 -23522 2925 -7075
2 96 7798 258 552 3837 -874
1 -4448 -8698 -5792 -23794 -18642 -3034
2 0 0 0 0 0 0
1 -7688 -7434 862 -10686 937 30918
2 0 0 0 0 0 0
1 25616 -4502 22918 -10648 25024 29825
2 0 0 0 0 0 0
1 16608 -1944 -2108 25370 -10283 -18134
2 0 0 0 0 0 0
1 -6008 -14454 -464 1949 -8981 -32768
2 0 0 0 0 0 0
2 52 8396 -1352 -267 735 -230
1 -7408 -1130 -3374 6645 10222 -8321
1 -12706 12440 -10258 16395 2787 3195
2 -186 8800 -302 -691 5381 2151
2 -406 8684 -998 -101 -469 455
1 -10624 10036 -11266 -7981 -221 7148
1 -3804 2318 -2270 -16840 1318 12177
2 0 0 0 0 0 0
1 -2728 56 -550 -8019 -1527 16609
2 -210 6718 -604 2880 -4016 -1744
2 -1220 8556 -444 1117 -1832 -567
1 1650 -250 -994 5036 -18994 18960
2 1954 9768 -848 1311 -8010 -1795
1 31596 -584 4490 -4672 32767 16301
1 11298 596 420 6386 -3249 -15761
2 -1946 7374 -1184 -1581 1787 1267
1 1248 -6438 -1452 4602 -10055 -23927
2 -296 7916 -1314 -2326 1406 2260
1 -2980 -1684 228 4927 6527 -17370
2 -540 8496 -1040 -276 4129 1370
1 -11566 15338 -8436 15319 2578 -8377
2 1238 8524 -150 1010 1364 1957
1 -9420 11030 -8404 -3773 -1126 12635
2 0 0 0 0 0 0
2 -364 8512 -674 -659 9935 2072
1 -2500 1392 -2966 -9664 -3728 19537
2 1412 8100 -360 3750 -1387 -1183

2 -7048 13918 -8292 29295 -13429 12166
1 3358 -5322 -3444 -186 -2009 1109
1 2532 -5552 -3602 2441 570 -434
2 -10198 10922 -4570 31133 -6590 -11312
1 2994 -8096 -5416 4962 -899 -2485
2 -8344 4688 6850 12635 11894 -19469
2 14990 7598 7152 166 14283 -25021
1 0 0 0 0 0 0
1 2566 -7980 -4222 -2255 -11047 -2217
2 29196 -852 1746 -3711 -7390 4276
1 324 -6188 -4444 1564 -3327 1277
2 5168 2666 -3276 345 -8894 19618
1 2270 -7148 -4544 1794 13237 4934
2 514 -896 1406 686 -14804 15850
2 -10468 -9326 -12806 -4174 -12760 9767
1 4892 -7582 -3768 -51 6690 1918
2 -7706 -8776 -4480 4062 21252 -7122
1 0 0 0 0 0 0
1 2058 -6372 -4202 1097 5464 -1047
2 40 -1732 -390 2459 10095 -15453
1 2340 -6814 -3482 -677 -357 -3246
2 1432 414 2020 -2829 9090 -14762
1 1206 -7692 -3966 -3058 -6876 -1595
2 19026 1592 -5736 -9252 1485 -15306
1 1568 -7852 -3712 -3395 -2367 2410
2 19372 -320 -4106 4515 4520 10399
1 2360 -6336 -3904 -1255 6552 5318
2 5606 508 -1906 835 -98 15771
1 4154 -6436 -3368 -915 5276 1932
2 1030 648 948 -3110 -9630 12352
2 -228 -3186 82 -10622 -6284 12905
2 -13108 -3372 -11368 -1014 -25660 4963
1 3746 -6970 -3722 1252 -5330 -3049
1 0 0 0 0 0 0
1 3204 -6942 -3354 3715 -6215 -5607
1 206 -5586 -4914 5940 -6166 -2356
2 -7402 -9660 -7904 7920 11172 -6462
2 -4404 -2158 -1668 5278 5079 -18963
1 3566 -7402 -4950 1321 13811 943
2 2250 3872 -2130 5740 14046 -19538

1 -696 -5730 -9590 -26240 -4597 -23263
1 -3540 -3510 -1952 -20604 -6060 -13056
1 -3784 -886 1644 -7356 -26568 10691
1 30492 7324 5858 2923 6200 13544
1 7866 5776 -1912 7053 16820 -10175
1 234 -164 -4572 9865 9263 -10989
2 -790 648 1438 1728 -18339 11004
1 0 0 0 0 0 0
2 -2260 -1726 2494 -9390 6072 18979
2 -16148 -5224 -17340 -9544 -17400 3869
1 -3906 15708 -15658 19536 280 4011
1 2078 12630 -11120 -18284 4933 3313
2 -5772 -5176 -10160 9655 17310 -9021
2 -2474 -328 -1136 9605 13489 -9690
1 -1332 786 -1918 -15707 -5430 3678
2 750 60 -70 5819 7329 -8121
1 -1082 -120 -394 -7154 -8509 7427
2 1424 -900 -2118 -3476 -5544 -13891
1 -860 2540 -822 5451 -11387 12012
1 29614 7896 2008 1393 455 8292
1 9110 4644 -3658 2934 10150 -11795
1 998 -1246 -1774 5473 -6315 -15245
2 30980 -3596 -5704 -1542 10687 -793
2 6020 -260 -5972 1531 -9727 10730
2 -1230 178 2264 3903 -18211 9015
2 -2448 -1702 746 -7636 7196 17019
1 0 0 0 0 0 0
2 -8748 -4320 -16022 -7373 -5387 3320
1 -5600 11228 -13862 18430 1437 -1912
1 -1158 12622 -12734 -11380 5848 6046
2 -3276 -5864 -11096 9834 9625 -5210
1 -2136 2162 -3064 -15141 949 4807
2 -2198 -1268 -2752 10210 10776 -7879
2 20 -1052 -562 5537 6276 -9561
1 -1790 564 -1760 -9271 333 9517
2 6478 -1084 -2726 -748 -4008 -16088
2 27100 -4378 -3644 -775 5371 4048
2 4980 -598 -2906 645 -11064 9255
2 -188 -1590 104 -3410 -9497 10423
2 -2674 -966 -7224 -10241 -8966 7254

1 2996 -6612 -4598 3570 1324 672
2 698 8648 -1230 -4437 279 2023
1 3326 -6656 -4854 3409 596 -175
2 752 8578 -1100 -3127 -1504 1207
2 550 8458 -1018 -1173 -1946 274
2 0 0 0 0 0 0
1 0 0 0 0 0 0
2 -1642 7270 298 154 6282 -5404
1 1992 -7148 -5186 2449 -3494 967
1 6928 -3176 -7304 -5482 19032 3814
1 12230 -10672 -8032 -9028 5282 -10458
2 0 0 0 0 0 0
1 7758 -11776 -7424 -13470 -817 -16524
2 544 8238 1164 1476 -1809 -666
1 2160 -7378 -4768 -12072 -2383 -16941
2 0 0 0 0 0 0
2 108 8580 -536 -2152 -3094 -2150
1 422 -220 -2630 -10127 -2601 -9202
1 3296 4714 -2942 -6504 6532 -450
2 0 0 0 0 0 0
2 -918 7404 -66 -55 -339 -200
1 0 0 0 0 0 0
1 5260 4466 1556 1009 7072 1098
2 0 0 0 0 0 0
1 0 0 0 0 0 0
2 0 0 0 0 0 0
2 0 0 0 0 0 0
1 0 0 0 0 0 0
2 -2212 7908 332 393 4108 -2696
2 -1602 8350 564 -1152 8576 125
1 0 0 0 0 0 0
2 -494 7806 -514 -229 2384 676
1 1012 6854 -846 7458 11897 -4217
2 0 0 0 0 0 0
1 -2740 4992 1292 9300 10435 -2152
2 0 0 0 0 0 0
1 0 0 0 0 0 0
1 -1788 -1426 -1812 15748 12938 9075
2 -1750 8152 -394 -601 739 545
1 60 -12848 -3798 12516 7384 20108

2 4062 3530 -1308 7496 6878 11449
1 12470 -5986 762 -7473 17452 8224
1 3976 -6898 -5750 3957 -10465 -1280
2 5242 -1474 610 625 14120 11545
1 24 -8608 -4730 1165 6443 814
1 0 0 0 0 0 0
2 5900 -2492 336 -5601 5473 11766
1 2272 -6848 -4042 3294 -5809 -1886
1 0 0 0 0 0 0
2 0 0 0 0 0 0
1 1438 -7960 -4508 2869 1482 1172
2 1430 -4838 -22 -9091 -408 5611
1 3266 -5946 -4034 992 841 682
2 -330 -5188 -170 -12551 1478 4486
1 3398 -8328 -4620 2079 -3227 -2191
2 1568 -2140 -3128 -19052 11011 4604
2 3898 1576 -8812 -17381 5244 -1438
1 0 0 0 0 0 0
2 0 0 0 0 0 0
1 2112 -7472 -3594 -2924 47 -1076
2 0 0 0 0 0 0
2 3720 9788 -668 -4967 28018 -5024
1 0 0 0 0 0 0
1 2598 -8076 -3422 1174 -4434 -3491
1 1758 -7704 -3316 797 -4386 -411
2 5418 10124 1766 4650 13703 -8100
1 2596 -6656 -3036 313 8392 3709
2 0 0 0 0 0 0
1 3232 -5246 -2548 2194 -2649 1865
1 0 0 0 0 0 0
1 4830 -8704 -2454 498 -4750 -4429
2 -246 8076 3638 5803 13492 -4106
2 -1850 8278 2130 1263 12702 -3410
1 3080 -6210 -2528 179 -12518 -6579
2 -1616 9300 198 -207 17466 1499
2 1012 8586 760 2967 8412 2586
1 1696 -4838 -2740 3204 -9614 -5561
2 0 0 0 0 0 0
2 -360 8276 -180 2374 -808 1699
2 0 0 0 0 0 0

1 3966 -7686 -3010 -410 748 -1866
2 2982 8234 558 139 583 2095
1 3930 -8276 -3524 -910 -1210 -2968
2 2994 10378 -76 2189 1732 3636
1 8446 -6650 -3570 -2964 9220 -4646
2 0 0 0 0 0 0
2 5872 12104 -1622 9681 -3648 6530
1 10024 -8220 -4410 -2939 1762 -10294
1 10804 -8586 -4622 -4243 564 -14845
1 8188 -6080 -3914 -6083 640 -16010
2 6744 12076 -1634 12455 -75 10084
1 5520 -2974 -2004 -5770 -2214 -16454
2 0 0 0 0 0 0
2 4114 4010 -134 11554 -4456 11253
1 2374 1860 690 -3839 -1132 -12997
2 2410 -1336 -828 8982 -1304 8518
1 1262 4144 852 -464 3710 -9051
2 3810 -4008 -900 4298 3981 9328
1 0 0 0 0 0 0
2 2552 -5814 -1146 262 2452 8414
2 2250 -6840 -1814 -7415 7629 10198
2 0 0 0 0 0 0
1 0 0 0 0 0 0
2 -3618 -1444 -4584 -9579 -3386 7640
1 170 3188 -2946 11895 15712 -3055
1 894 1978 -5308 8936 3472 -304
1 2140 500 -7438 9106 8564 2850
2 0 0 0 0 0 0
1 2804 -1354 -8866 8018 2883 5253
2 0 0 0 0 0 0
1 3730 -2438 -8144 3816 9606 8101
2 0 0 0 0 0 0
1 8104 -5726 -8388 671 5985 10807
2 -1556 9404 -7104 -13223 13070 -78
1 3508 -7008 -4802 -3787 12226 12976
2 -250 11204 -6080 -8392 23685 -4206
1 7396 -9658 -1682 -8612 9921 13609
2 6512 9392 -1724 -910 11618 -7146
1 0 0 0 0 0 0
2 1338 10628 -648 -800 13023 -5302

1 8650 -9130 -11952 -3609 -29311 -19562
2 70 8120 -282 168 -1076 -1303
1 -4656 -6246 -10946 -16898 -15508 -5478
2 494 8252 -584 -1348 1984 -593
2 940 9150 -490 -445 1036 430
1 0 0 0 0 0 0
2 396 8854 -312 1656 -3544 164
1 -318 -1602 -3026 -19205 -8863 8768
2 0 0 0 0 0 0
1 554 1998 -264 -12357 -16130 6135
2 0 0 0 0 0 0
2 0 0 0 0 0 0
1 162 5838 1332 -5771 -10105 3955
1 0 0 0 0 0 0
1 0 0 0 0 0 0
2 536 7970 -1242 -42 -5592 1858
2 0 0 0 0 0 0
1 0 0 0 0 0 0
1 6592 -246 -5002 12144 -6794 6820
2 522 7964 -1874 -1681 -816 1569
2 0 0 0 0 0 0
1 6436 -3824 -6868 14429 -6065 7917
2 0 0 0 0 0 0
1 6422 -8944 -7436 14085 8329 11929
1 8578 -8242 -5816 11839 -2548 6953
2 0 0 0 0 0 0
1 6088 -8078 -4400 10310 -7256 615
2 0 0 0 0 0 0
1 0 0 0 0 0 0
2 1322 7664 -836 -123 7074 -292
2 0 0 0 0 0 0
1 0 0 0 0 0 0
2 604 8240 -38 2454 1730 -872
1 0 0 0 0 0 0
2 -272 8768 6 2530 5202 -1446
1 1980 -6516 -3388 3480 -6553 -2519
2 0 0 0 0 0 0
1 3996 -6012 -4078 2451 -3389 -133
2 290 8108 -92 2375 3190 -1328
1 4942 -6170 -4038 679 -1601 300

2 5836 15370 -2932 1643 9195 21890
2 4984 22348 2182 28299 -32768 -8823
2 -15968 20224 4248 14424 16461 -28530
1 -606 -6742 -6920 1259 8506 2369
1 398 -6392 -6160 -791 4611 -1024
2 -3196 5658 5412 10988 2896 -29443
2 980 3726 8084 5663 18130 -18117
1 0 0 0 0 0 0
1 1196 -6862 -4490 -2747 10950 2333
2 3592 2570 3418 -843 -10085 -18586
1 0 0 0 0 0 0
2 9958 8360 -3462 -9778 -27839 -9082
1 2598 -8032 -3834 -1192 -15833 -3032
2 -22412 13344 12726 -7987 -32768 9614
1 1640 -5340 -4972 937 -5112 -1436
2 686 20968 13920 -32768 32767 32767
1 1814 -5392 -5462 5405 -5987 -4588
2 7778 10308 2478 -4946 -24690 -12101
1 0 0 0 0 0 0
2 -4218 10920 -1840 3987 -32768 -9397
1 1182 -5582 -5692 6197 8030 -2078
2 -5280 6310 -2396 1669 7021 77
2 1622 11158 -986 3576 20919 1261
1 0 0 0 0 0 0
2 0 0 0 0 0 0
1 5114 -7310 -3412 -3086 1114 -964
1 3580 -7300 -3646 -6398 -3954 -2473
2 0 0 0 0 0 0
1 0 0 0 0 0 0
2 1434 4992 -250 6590 5971 -3039
1 2784 -5902 -3100 -3760 20 1133
1 4390 -5670 -3580 264 584 608
2 826 3934 -568 -4610 3486 -1377
2 4630 10570 -5372 -5209 -11059 -4389
1 4420 -6114 -4058 3741 -3719 -86
2 -4520 8220 -2926 834 -15458 -2553
1 0 0 0 0 0 0
2 -3996 5684 -3534 838 746 2499
1 0 0 0 0 0 0
1 3268 -6874 -4528 1644 -214 -840

2 0 0 0 0 0 0
1 702 -6434 -5362 -2106 5365 5586
2 0 0 0 0 0 0
1 380 -8398 -2806 -3125 12297 8589
2 15024 11066 -4344 2051 -20909 2564
1 15840 -5510 -10064 -5054 -4915 -7057
2 -4454 17280 -8518 23034 -26730 10487
1 -2190 -11844 -19656 -27130 -6375 -5122
1 -2398 -5078 -5138 -32768 -996 -7150
2 -23876 16770 8104 20390 -9560 -32768
1 -2732 -1784 3864 -28764 2718 -8413
2 -2848 5676 8842 8786 22762 -26027
1 -3416 -310 6516 -4948 1528 -2708
2 3266 2426 4748 11327 16192 -14143
1 -3706 -1728 3638 18682 -15664 6037
2 1378 -400 2426 -3801 -20390 -17438
1 -1184 -8866 -5558 31738 -1917 19817
2 -6200 11672 -188 -27219 -32768 -10263
2 -8710 32400 1766 -32768 16900 7808
1 4002 -24310 -9994 32767 -2509 32714
1 17388 -21258 -8274 14808 -4243 17265
2 13734 20728 4994 -14881 -3958 -7002
1 6112 -6498 -7058 8113 -14455 -1144
2 2532 10442 -1852 -565 -26424 -7044
1 -150 -6120 -7310 2870 939 -2538
2 -6368 5788 -1400 -244 1391 4489
1 2676 -6058 -5974 -1845 -2281 -2398
2 1202 9014 -1290 2677 11020 1791
2 26 11528 278 9868 -3909 -9083
1 1988 -9058 -4788 -7432 -5262 -2566
1 3212 -9948 -4330 -11358 -5786 73
2 -1006 11234 924 10465 8618 -8252
1 0 0 0 0 0 0
2 2350 7844 604 7897 11785 -2656
1 3350 -4192 -2756 -2270 782 -603
2 1318 4870 -274 357 -1724 -1566
1 2586 -4914 -2888 6559 -1090 -1831
2 -252 7072 -254 -7771 -576 3168
1 3348 -7516 -3766 11939 1679 -911
2 546 10546 -348 -10899 2053 5443

1 3204 -7030 -3602 -3762 357 1788
2 1762 8206 -484 1438 1561 -315
2 1380 7814 -520 593 326 112
2 0 0 0 0 0 0
1 3486 -6574 -4094 -2371 1174 2092
1 2488 -6054 -3894 -697 21 1338
1 0 0 0 0 0 0
2 720 5626 -556 -744 -702 -3309
1 0 0 0 0 0 0
2 1328 3064 768 -512 -3783 -4207
1 5932 -15102 -1424 8208 4445 -1636
2 -3372 14702 6494 -3558 -19577 -724
1 22484 -30428 13058 22256 -14298 -10433
2 9316 32767 15096 -14162 21298 4423
1 23262 -17690 -620 16100 6598 -14520
2 3210 26740 9444 -18007 -8888 20662
2 3386 6592 -364 958 -32768 9874
1 -166 -8406 -1428 -4347 -30666 -23355
1 -8984 -6254 8712 -7010 -10685 -14885
2 -19852 1314 12092 15556 -28754 4519
1 -11230 -2930 6460 -2172 3137 569
2 -7524 -1512 8220 1772 7691 -3660
2 -3386 3046 8548 -6180 2874 -10706
1 -5690 -3806 2188 5145 -3771 7949
2 7766 11996 4504 -10734 27211 -11099
2 14408 23744 6000 3016 19909 -12903
2 11220 11284 3072 8811 -969 -7885
1 4598 -6494 1420 1414 17479 23088
1 19922 -28964 -2342 -5516 13192 29692
1 17542 -12402 4452 -6868 -3964 15110
1 12774 -6066 4248 603 -6778 372
2 1692 10690 4002 3888 5903 -279
1 3314 -9518 -2762 2383 2529 -7086
2 56 11498 2328 1808 -1553 -435
2 -1754 7686 136 1111 7976 -355
1 0 0 0 0 0 0
1 382 -4122 -2536 -4282 -5291 -3710
2 1390 5410 -44 3426 13431 2873
1 0 0 0 0 0 0
2 1374 6280 444 4960 -4759 883

1 2410 -5322 -3712 875 -2405 -784
2 2200 6520 -4548 -41 1030 -1237
1 0 0 0 0 0 0
2 0 0 0 0 0 0
2 0 0 0 0 0 0
2 0 0 0 0 0 0
1 0 0 0 0 0 0
1 0 0 0 0 0 0
1 0 0 0 0 0 0
2 0 0 0 0 0 0
1 0 0 0 0 0 0
2 0 0 0 0 0 0
1 0 0 0 0 0 0
2 2580 7622 -2166 -2001 -6239 -396
1 0 0 0 0 0 0
2 1770 7964 -2058 -1974 -508 -467
1 2928 -7522 -3404 -1162 -57 1316
2 0 0 0 0 0 0
1 0 0 0 0 0 0
2 0 0 0 0 0 0
1 0 0 0 0 0 0
2 0 0 0 0 0 0
1 0 0 0 0 0 0
2 0 0 0 0 0 0
2 0 0 0 0 0 0
2 0 0 0 0 0 0
1 0 0 0 0 0 0
1 0 0 0 0 0 0
2 0 0 0 0 0 0
1 0 0 0 0 0 0
1 0 0 0 0 0 0
2 0 0 0 0 0 0
1 4940 -7056 -8062 -5640 -13122 -4005
2 0 0 0 0 0 0
1 0 0 0 0 0 0
2 0 0 0 0 0 0
1 -3416 -4296 -7202 -13105 1368 11099
2 0 0 0 0 0 0
1 -1422 -9268 2370 -13700 32767 22281
2 0 0 0 0 0 0

1 3390 -6910 -3342 -29 799 955
2 0 0 0 0 0 0
1 2472 -6820 -3296 656 -334 368
2 0 0 0 0 0 0
1 0 0 0 0 0 0
2 0 0 0 0 0 0
1 0 0 0 0 0 0
2 0 0 0 0 0 0
1 12490 -17468 -14712 -20949 15770 629
2 5754 25812 -8136 26169 -10807 526
2 -2566 -21762 -3636 29685 24346 1384
1 7376 6126 1274 -29671 8186 -12838
1 7590 13064 4636 4530 23596 -5395
2 7754 -6566 -7186 -7568 27844 11373
1 -10542 -27580 -7892 -29320 5194 12892
2 -24850 25698 -248 11020 4715 -30301
1 2360 32767 32767 -15241 9014 -9335
2 32767 -31966 16366 1255 -13331 -3484
1 224 5120 12038 25578 -6618 -4492
2 4350 -3420 3788 -20558 14607 11554
1 5086 -27042 -19274 3444 8654 8513
2 -9490 27492 3414 -4232 -29837 -6734
1 938 750 -2772 4093 -23661 10778
2 -802 4346 -4066 -17472 2354 -5099
1 2020 -8666 -8102 30626 -7673 10656
2 -1256 18946 1574 -32768 -25991 814
2 -15304 11500 -3602 2753 15259 17302
1 -6796 -11364 -4094 2789 24611 -14315
1 11374 -4278 -2654 -682 32767 1232
2 962 7992 -654 3376 25465 6848
1 4568 -7962 -3716 1396 -9889 -8618
2 1302 8324 -108 9074 -7362 2128
1 -1472 -9012 -778 -6201 -32768 -5897
2 -1436 9478 2572 11359 -22503 -13764
2 -5284 10894 1076 -1007 15949 -9231
1 -2902 -6520 -2442 -2893 -1083 7385
2 0 0 0 0 0 0
1 5046 -9050 -3224 -4543 28362 12556
2 2610 6158 -164 -235 1318 -4203
1 5532 -6802 -2100 -2543 651 6848

4 58 8174 -1724 574 1018 -488
1 3008 -7712 -3566 -3350 2172 2535
2 -1032 7514 -1930 -1656 632 975
3 110 -7170 -5066 738 -194 -141
1 0 0 0 0 0 0
3 0 0 0 0 0 0
2 0 0 0 0 0 0
4 0 0 0 0 0 0
2 0 0 0 0 0 0
3 0 0 0 0 0 0
4 0 0 0 0 0 0
1 0 0 0 0 0 0
2 0 0 0 0 0 0
1 2402 -6664 -5508 3000 -1465 -388
3 0 0 0 0 0 0
4 0 0 0 0 0 0
2 368 8692 -2320 1403 4969 480
1 3890 -6376 -5444 304 6219 -655
4 0 0 0 0 0 0
3 0 0 0 0 0 0
1 0 0 0 0 0 0
2 2376 10184 -4532 4858 3068 1628
3 0 0 0 0 0 0
4 0 0 0 0 0 0
2 2606 12570 -6122 11424 285 -453
4 0 0 0 0 0 0
3 0 0 0 0 0 0
1 6662 -7316 -8340 -8120 4423 -5368
3 0 0 0 0 0 0
4 0 0 0 0 0 0
2 0 0 0 0 0 0
1 9156 -7826 -8766 -11368 5960 -9329
3 0 0 0 0 0 0
1 8044 -5578 -7100 -11171 7864 -11844
4 0 0 0 0 0 0
2 2010 7902 -7306 14054 14545 9687
3 0 0 0 0 0 0
2 0 0 0 0 0 0
1 0 0 0 0 0 0
4 0 0 0 0 0 0
4 0 0 0 0 0 0
1 2962 -1522 -1360 -6593 5178 -15803
3 0 0 0 0 0 0
2 422 3134 -1690 15413 1930 11484
3 -4696 -7820 -8982 1028 10555 4073
4 -5488 12670 -6240 1219 14318 -2672
2 586 -2028 894 12644 6017 5654
1 1298 1694 1726 -5046 6063 -10536
2 0 0 0 0 0 0
3 9424 -19962 -18804 -19779 19228 838
4 2098 24220 -14348 24981 16529 -2131
1 596 3070 1576 53 10448 -4298
1 -2624 1584 1764 11652 13475 -4425
4 982 15968 -3978 32767 21467 7707
2 368 -4504 3870 -11808 9084 6455
1 -4858 -1172 -5376 23622 11102 3277
2 1286 -1520 -218 -24067 2639 7909
3 7814 -13744 -7790 -18910 24595 -14762
3 5876 -17270 -14446 12669 32767 -21533
2 1024 9144 -7726 -29659 1080 13467
4 -3624 9344 -4714 6529 30164 24084
4 0 0 0 0 0 0
2 -5148 17002 -8830 -22091 162 10310
4 -7178 12824 2406 -25869 8149 19937
1 3478 -1088 -11716 24800 12532 8720
3 -5762 -13788 -2048 14141 -1064 -30219
1 4078 -9598 -12124 24662 10380 11562
3 -9706 -10822 2634 23054 23052 -16838
4 -11436 22470 -94 -32768 331 12838
2 -9982 11648 -742 -14899 32767 205
1 366 -12924 -7974 1552 22410 21593
3 0 0 0 0 0 0
2 10646 14872 7698 7425 32767 -606
4 3134 24930 -9006 -21801 32767 -14964
3 -4788 -32186 -15120 32767 32767 32767
1 9922 -16732 1160 -21140 32767 22645
2 2134 10192 5682 15000 6085 -2462
4 8046 21216 -1622 2043 26882 -12709
1 8546 -6980 -3430 -12503 -4529 -2530
3 13492 -21438 -898 -11191 23739 11559

1 3810 -6856 -4216 769 437 619
4 -730 7540 -2812 -2257 -1275 863
2 1266 8430 -1204 -575 -406 301
3 -516 -6842 -4148 -720 -264 719
1 4476 -8838 -702 7273 -8805 -3636
4 -96 8382 -3456 -2588 288 711
2 3612 8564 2564 -416 -9990 -640
3 -1350 -7142 -4756 651 -2342 -563
2 7254 10494 6270 -2494 -27180 2272
4 438 7874 -3202 -855 1091 401
1 12166 -9512 4780 12325 -11140 -9337
3 0 0 0 0 0 0
4 908 8966 -2490 1301 -2652 322
1 10324 -13476 -5804 5124 -31814 -21769
2 8218 18100 -1304 409 -24392 13937
3 -376 -7114 -4838 -1183 -5503 -2495
2 -10686 13444 -1446 28151 -32768 -12319
1 -3428 -10726 -13124 -23009 -31114 -12414
4 3764 11714 -192 7427 -21619 -421
3 1466 -11778 -4188 -8000 -21223 -14205
2 -11576 12638 -1058 18242 4691 -24935
4 1034 14672 -10724 23334 -20645 2015
1 -6060 -6818 -6434 -25985 -13076 8565
3 5456 -8746 -14014 -21623 -13196 -20733
2 -2780 5102 1686 10886 4887 -23953
1 -1070 -2790 -1828 -16204 -10785 10210
4 -7308 9066 -14190 32356 -15335 1684
3 -188 -4772 -21114 -32768 2800 -20205
1 268 430 362 -5923 -11011 8744
4 -14018 7696 298 27591 -6030 -17998
3 -9632 500 -2506 -32768 7343 -7876
2 2600 846 1294 7346 7112 -14098
2 4056 -1590 -116 -3175 -10204 -12831
1 0 0 0 0 0 0
4 -9750 652 3312 12918 2021 -18055
3 -6772 3282 564 -12686 -3500 4563
1 4068 1006 -3442 11598 -8832 12164
4 -5226 152 1800 1079 -9850 -14936
2 1590 4148 -5894 -14103 -13547 -11045
3 -4186 -1264 -2262 -1197 -6522 7796
2 2668 7596 -8130 -16219 -4307 -9124
1 6164 -1976 -6316 13650 -4827 13734
4 0 0 0 0 0 0
3 -1728 -3348 -1748 395 -10213 11509
4 -3258 4486 1152 -15022 -8465 -10859
2 0 0 0 0 0 0
3 -954 -7172 -4292 1567 -16660 15361
1 5350 -6298 -8024 15446 -842 14056
1 0 0 0 0 0 0
2 4438 12850 -3178 -21839 -236 -4396
4 -476 12936 -1936 -19516 -8469 -9310
3 -178 -10922 -5678 12202 -16847 19763
4 4716 24774 -3880 -29746 -10592 -9971
1 9774 -11594 -6114 2476 6717 13057
2 8432 14500 -2426 -12386 6409 2314
3 4630 -27506 -12886 20743 -9629 17898
4 5042 19716 -5830 -15485 -17566 -3751
1 -718 -6376 -5702 3241 -12507 -5058
2 2314 9334 -854 -2164 -13221 -503
3 5710 -15152 -13528 8854 -15945 2007
1 5156 -4848 -3888 3996 6874 -4278
2 -1486 7926 -1750 1260 -12358 -897
4 -7562 14514 -7772 -10994 -10725 3505
3 -4410 -7644 -7996 6193 -15735 -6486
2 -918 8568 -1236 2546 853 -1322
1 0 0 0 0 0 0
3 -1932 -6680 -6938 4763 -2053 -3333
2 606 9670 -582 6007 4785 -4160
1 1796 -8362 -3806 -4268 -7618 -2230
2 0 0 0 0 0 0
4 -5326 7288 -7462 346 3867 -2043
4 0 0 0 0 0 0
3 0 0 0 0 0 0
4 0 0 0 0 0 0
3 0 0 0 0 0 0
4 0 0 0 0 0 0
2 0 0 0 0 0 0
3 0 0 0 0 0 0
1 0 0 0 0 0 0
1 2918 -6166 -3456 -4240 2407 3038

1 3592 -6408 -3518 455 976 612
2 1350 8002 -960 -1170 359 661
3 -384 -7100 -4266 -428 180 123
4 -520 7862 -1378 -218 268 -166
1 0 0 0 0 0 0
2 1248 8238 -1010 -1163 168 606
3 0 0 0 0 0 0
4 -446 7876 -1490 -515 -36 -9
1 0 0 0 0 0 0
3 0 0 0 0 0 0
2 0 0 0 0 0 0
4 0 0 0 0 0 0
1 0 0 0 0 0 0
4 0 0 0 0 0 0
2 0 0 0 0 0 0
3 0 0 0 0 0 0
3 0 0 0 0 0 0
1 0 0 0 0 0 0
2 0 0 0 0 0 0
4 0 0 0 0 0 0
3 0 0 0 0 0 0
1 0 0 0 0 0 0
4 0 0 0 0 0 0
2 0 0 0 0 0 0
2 0 0 0 0 0 0
1 0 0 0 0 0 0
3 0 0 0 0 0 0
4 0 0 0 0 0 0
1 0 0 0 0 0 0
4 0 0 0 0 0 0
3 0 0 0 0 0 0
2 0 0 0 0 0 0
3 0 0 0 0 0 0
1 0 0 0 0 0 0
2 0 0 0 0 0 0
4 0 0 0 0 0 0
1 0 0 0 0 0 0
2 0 0 0 0 0 0
3 0 0 0 0 0 0
4 0 0 0 0 0 0
3 0 0 0 0 0 0
1 0 0 0 0 0 0
2 1552 8338 -1064 -959 3043 513
4 0 0 0 0 0 0
1 0 0 0 0 0 0
2 0 0 0 0 0 0
3 0 0 0 0 0 0
4 0 0 0 0 0 0
1 0 0 0 0 0 0
2 0 0 0 0 0 0
3 0 0 0 0 0 0
4 0 0 0 0 0 0
1 0 0 0 0 0 0
2 0 0 0 0 0 0
4 0 0 0 0 0 0
3 0 0 0 0 0 0
4 0 0 0 0 0 0
1 0 0 0 0 0 0
3 0 0 0 0 0 0
2 0 0 0 0 0 0
4 0 0 0 0 0 0
1 0 0 0 0 0 0
3 0 0 0 0 0 0
2 0 0 0 0 0 0
4 0 0 0 0 0 0
1 0 0 0 0 0 0
3 0 0 0 0 0 0
2 1506 8578 -1180 -1289 7975 486
4 0 0 0 0 0 0
1 4292 -7204 -3982 178 -4519 -740
3 0 0 0 0 0 0
4 0 0 0 0 0 0
1 1938 -6592 -4298 -1147 -2405 487
1 0 0 0 0 0 0
4 0 0 0 0 0 0
3 0 0 0 0 0 0
2 1664 8314 -888 905 -15 -798
2 0 0 0 0 0 0
3 0 0 0 0 0 0
2 0 0 0 0 0 0

1 3016 -6786 -3694 72 -420 101
2 0 0 0 0 0 0
3 0 0 0 0 0 0
4 0 0 0 0 0 0
1 0 0 0 0 0 0
2 0 0 0 0 0 0
3 0 0 0 0 0 0
4 0 0 0 0 0 0
2 0 0 0 0 0 0
1 0 0 0 0 0 0
3 0 0 0 0 0 0
4 0 0 0 0 0 0
1 0 0 0 0 0 0
2 0 0 0 0 0 0
3 0 0 0 0 0 0
4 0 0 0 0 0 0
1 0 0 0 0 0 0
2 0 0 0 0 0 0
3 0 0 0 0 0 0
4 0 0 0 0 0 0
1 0 0 0 0 0 0
2 0 0 0 0 0 0
3 0 0 0 0 0 0
4 0 0 0 0 0 0
1 0 0 0 0 0 0
2 0 0 0 0 0 0
3 0 0 0 0 0 0
3 0 0 0 0 0 0
4 0 0 0 0 0 0
1 0 0 0 0 0 0
2 0 0 0 0 0 0
1 0 0 0 0 0 0
4 0 0 0 0 0 0
2 0 0 0 0 0 0
3 0 0 0 0 0 0
4 0 0 0 0 0 0
2 0 0 0 0 0 0
1 0 0 0 0 0 0
3 0 0 0 0 0 0
4 0 0 0 0 0 0
2 0 0 0 0 0 0
1 0 0 0 0 0 0
3 0 0 0 0 0 0
2 0 0 0 0 0 0
1 0 0 0 0 0 0
4 0 0 0 0 0 0
3 0 0 0 0 0 0
1 0 0 0 0 0 0
2 0 0 0 0 0 0
3 0 0 0 0 0 0
4 0 0 0 0 0 0
4 0 0 0 0 0 0
3 0 0 0 0 0 0
2 0 0 0 0 0 0
1 0 0 0 0 0 0
1 0 0 0 0 0 0
2 0 0 0 0 0 0
3 0 0 0 0 0 0
4 0 0 0 0 0 0
4 0 0 0 0 0 0
2 0 0 0 0 0 0
1 0 0 0 0 0 0
3 0 0 0 0 0 0
4 0 0 0 0 0 0
1 3288 -6476 -3760 1542 3743 2825
2 0 0 0 0 0 0
3 0 0 0 0 0 0
4 0 0 0 0 0 0
2 0 0 0 0 0 0
3 0 0 0 0 0 0
1 0 0 0 0 0 0
4 0 0 0 0 0 0
1 0 0 0 0 0 0
2 0 0 0 0 0 0
3 0 0 0 0 0 0
4 0 0 0 0 0 0
3 0 0 0 0 0 0
2 0 0 0 0 0 0
4 0 0 0 0 0 0
1 3170 -6980 -3486 -407 -3455 -3227

2 1108 8000 -682 15 447 -433
3 0 0 0 0 0 0
1 3152 -6810 -3560 -115 -311 809
4 0 0 0 0 0 0
3 -192 -7354 -4174 333 -2032 -1075
4 0 0 0 0 0 0
1 0 0 0 0 0 0
2 780 10742 -4442 797 1323 -1312
4 2200 8926 1058 2341 -14313 1460
3 202 -8524 -2694 -1800 -6572 -3059
1 10712 -5974 -9910 -7143 4437 -1024
2 3606 17304 -7554 14359 5942 -4565
3 4900 -12776 4348 -3765 -21989 -11268
2 1798 10490 -7956 13374 12200 5265
1 12280 -9274 -11406 -13571 9766 -12452
4 9594 12890 -1504 11034 -32768 6256
4 -3442 14682 -10248 23604 -20311 10790
3 -7590 -15134 -12846 -4274 -14519 -19377
2 1512 11528 -4616 8376 11232 19298
1 8694 -11358 -8622 -9434 5974 -20769
1 4492 -8210 -4304 -10831 751 -20300
3 -11488 -11060 -21154 -32768 6998 -14628
2 758 9428 -1190 14811 -2847 18538
4 -16978 11042 -2896 27881 -11769 -12512
3 -3746 966 -798 -32768 9692 -10176
1 532 -1226 1234 -9917 2216 -13916
4 -8864 4610 -114 16969 -4572 -25178
2 -96 1442 362 16211 -1351 8459
4 -2936 1552 -1562 8258 -1019 -21098
1 460 3500 2640 -3661 9023 -8227
3 -164 2520 -6586 -22716 -1583 -1926
2 2366 -5928 1314 8350 10405 7389
3 -5096 -938 -4216 -7172 -14623 3687
4 -2834 1968 -1854 -453 -12106 -14180
1 792 5552 -296 2461 22149 -1697
2 1812 -8434 956 -1364 10866 8654
2 1024 -4814 566 -10791 9522 7792
3 -2902 -6168 -5194 663 -9182 15331
2 0 0 0 0 0 0
3 378 -8356 -3690 1270 -10753 21734
4 0 0 0 0 0 0
1 -976 3928 -1562 7374 16386 -1215
4 2376 6468 258 -18647 -9328 -10087
1 -1946 2186 -3290 14663 6839 3813
3 704 -18326 -5588 8587 -21883 22715
1 -2412 -556 -4858 20920 4967 6688
4 1174 21252 2664 -29648 -8489 -7893
2 -1328 5354 372 -23493 -5353 14242
2 -5402 15184 -3756 -24066 17383 14544
4 1832 24346 -5654 -18468 -8318 -6866
3 6422 -24150 -10680 7754 -8771 16499
2 -5536 23826 3996 -19843 32767 -5117
3 2260 -9100 -11964 5163 -18580 993
1 748 -11188 -7610 26964 15848 13371
4 3236 12026 -10034 -6286 -6104 -4186
1 1586 -16754 -8910 6621 24906 23869
2 14132 20410 10156 21563 32767 -3267
1 14710 -18738 -80 -24123 26538 22829
4 -978 9160 -6198 -1940 -9311 557
1 4700 -6822 -2110 -17597 1448 3962
2 11372 8052 4732 11646 -18748 2267
4 0 0 0 0 0 0
3 3190 -8560 -8700 2135 -6013 -2980
1 328 -4604 -1600 -5065 1626 -2327
2 -4550 6082 908 8108 -23268 -4780
3 -230 -7768 -4220 -6885 -12686 -5735
4 -832 8044 -504 2322 -1616 -1484
3 -1472 -6786 -3094 -4014 -6707 -3356
3 -474 -7688 -3418 187 2371 981
1 0 0 0 0 0 0
4 -30 8224 -170 -2 4773 -709
2 -3664 5948 558 -1196 10027 1877
3 232 -7450 -3826 562 1902 626
1 3266 -6214 -5318 9266 -28 -1085
4 -306 7938 -524 -148 1737 -286
2 3326 7220 -2804 -4358 7633 788
3 0 0 0 0 0 0
1 0 0 0 0 0 0
2 2110 7800 -2560 -5635 -2101 -366
4 0 0 0 0 0 0

4 3878 13380 -9646 19498 -417 10570
1 0 0 0 0 0 0
3 5666 748 -5458 -10070 18243 -16471
4 844 6070 -9764 21298 14101 13897
1 0 0 0 0 0 0
4 -1762 1018 -4208 15821 20126 13811
3 0 0 0 0 0 0
3 1450 2784 -3212 -2316 3359 -8462
4 -1102 -1256 -326 9575 8683 6707
1 0 0 0 0 0 0
2 396 8186 -356 976 -1577 -864
4 114 -3572 3714 5014 6436 423
1 6936 -5102 -8394 4694 -144 3680
3 796 3896 -508 -1877 -1470 -4373
4 2894 -7174 4908 2499 2136 -66
3 1852 7412 2536 -1998 -876 -831
1 5926 -3866 -8696 3718 -9091 -4442
2 394 8138 -250 459 338 -1222
4 3830 -7566 5814 836 -1309 -487
2 0 0 0 0 0 0
3 0 0 0 0 0 0
1 1610 -2660 -8138 1399 -6294 -4190
3 0 0 0 0 0 0
1 0 0 0 0 0 0
2 0 0 0 0 0 0
4 0 0 0 0 0 0
3 0 0 0 0 0 0
1 3076 -2614 -7814 -9969 -5161 -6789
4 0 0 0 0 0 0
2 472 8794 -834 2156 -4283 -980
1 598 -92 -4314 -4669 149 -4859
4 0 0 0 0 0 0
2 -104 8126 -822 1578 1154 -613
3 0 0 0 0 0 0
4 0 0 0 0 0 0
1 2104 -2072 -9202 -1681 6354 -1545
3 2972 6638 2472 -76 3644 1788
2 0 0 0 0 0 0
4 3176 -6808 4690 2201 -4026 3687
3 3754 6924 2614 906 6385 3614
2 0 0 0 0 0 0
1 0 0 0 0 0 0
4 0 0 0 0 0 0
1 2692 3692 -7496 -7758 -507 -1111
3 0 0 0 0 0 0
2 0 0 0 0 0 0
3 2466 7352 1708 1081 2686 1782
4 0 0 0 0 0 0
1 2850 2756 -7058 -6651 -1560 -1196
2 0 0 0 0 0 0
4 0 0 0 0 0 0
1 538 2326 -4534 -2023 -4036 665
3 1516 6898 2520 720 -559 1090
2 0 0 0 0 0 0
1 878 2260 -5366 4323 -7193 3671
4 0 0 0 0 0 0
3 3522 6970 4630 -932 1805 2098
2 1776 7722 -1256 -691 115 523
3 0 0 0 0 0 0
4 0 0 0 0 0 0
1 0 0 0 0 0 0
2 2620 8234 -1384 -102 133 184
4 4472 -8290 1000 1140 -2351 923
1 0 0 0 0 0 0
3 1918 5790 5118 -1393 2282 -162
2 2136 8620 -1288 396 2494 91
4 0 0 0 0 0 0
3 1040 5484 5074 -738 1318 533
1 -194 -4272 -7328 8345 3155 6391
2 0 0 0 0 0 0
1 0 0 0 0 0 0
4 0 0 0 0 0 0
2 2464 6926 -1040 479 2730 772
3 0 0 0 0 0 0
1 7532 -7354 -7568 6696 3554 4683
2 1566 7876 -786 651 -332 254
3 1312 5296 6180 -319 2709 -1626
2 1382 7060 -452 1089 3322 -849
2 0 0 0 0 0 0
2 -2424 11146 -156 -357 17967 -353

1 2128 -5296 -5290 1462 -139 610
4 -46 6892 -1466 -3397 -516 1128
4 -810 8800 -1592 -4977 -2902 3114
4 -1380 8666 -1552 -3197 -1015 1941
4 -1014 8566 -1684 -1127 1152 667
3 0 0 0 0 0 0
4 0 0 0 0 0 0
1 3318 -5914 -4772 1134 5720 5294
1 2704 -5792 -4434 -1381 6852 6320
3 1266 -7920 -4296 -987 3097 363
1 5802 -7426 -3634 -2063 6770 1436
2 1896 9546 -8882 27612 -7066 10657
1 4086 -7146 -3944 -2017 1879 -1836
1 0 0 0 0 0 0
2 0 0 0 0 0 0
3 0 0 0 0 0 0
1 1298 -6212 -5034 -150 -1511 -1643
3 -598 -6948 -4244 -957 -1094 -2116
4 0 0 0 0 0 0
2 -10232 -2238 2202 10779 7216 -15135
4 -974 8792 -1572 2989 1227 -1063
1 0 0 0 0 0 0
4 -1618 8544 -1996 3542 2991 -2481
3 538 -7688 -5420 1655 6177 2286
2 1996 1478 792 -12539 5958 -22269
4 -340 8260 -1602 4220 8308 -3510
1 0 0 0 0 0 0
3 5484 -9730 -7788 -5619 5564 -3154
2 32767 -8304 12154 -254 32767 10220
1 0 0 0 0 0 0
3 -3292 -3728 -1674 -9946 -5045 -7580
2 7634 -692 2552 -16418 -11581 20614
4 -1448 13956 -9754 5008 21273 -7694
4 4098 14814 -11626 26871 25968 1028
2 -4136 1866 -524 4393 -32768 11768
3 -1644 -2082 -2068 1610 1291 2983
1 0 0 0 0 0 0
4 6852 10286 1264 23174 15580 23599
3 952 -5138 -3880 7029 -3914 4246
2 -15750 -3134 8060 -14273 32767 -6918
1 3788 -6536 -6602 4102 -2110 -219
3 -1500 -10310 -6776 9123 -17991 -1847
1 0 0 0 0 0 0
2 12606 6510 2442 -17034 29831 -26193
4 -14178 184 1614 4056 3147 28289
1 0 0 0 0 0 0
4 -5040 6448 -5468 -2208 344 -32768
2 18654 -3550 17550 -21466 -32768 5466
3 18216 -11204 -16690 -6146 -13938 -4740
1 0 0 0 0 0 0
3 316 -7164 -6064 -886 10301 4373
2 -32 -1386 9262 2901 -32768 20353
4 32767 -3030 5334 -4801 7681 8337
1 0 0 0 0 0 0
4 -24544 3158 -10822 5498 -2930 27969
2 -19954 -5172 17986 -18083 25952 -3969
3 -870 -8232 -4582 -5478 8841 2551
1 3710 -5762 -4078 31 1940 1441
2 -176 540 4086 -19902 30382 -24580
4 13558 3620 2612 5956 -6488 -32768
3 -144 -3954 -3766 -273 -2672 -2628
1 0 0 0 0 0 0
4 27698 -2072 3398 -15424 -11471 19781
3 0 0 0 0 0 0
2 31112 -13046 18228 -10480 -32768 -156
3 -1460 -9982 -5206 3359 -707 905
1 0 0 0 0 0 0
2 -742 -4414 3438 -3052 -17495 18629
4 -32768 3538 -15652 5252 -6230 10361
2 -24872 -5254 4554 -4862 -15856 -2660
3 912 -6824 -5390 4235 6496 4934
1 0 0 0 0 0 0
3 1784 -7374 -5318 1530 6422 946
2 11212 -3418 -1304 -5543 31286 -14732
3 -296 -10146 -4718 -7020 -4980 -4607
2 29756 -11196 11576 -7129 -15964 4533
4 13968 5724 7632 9709 5788 -28181
3 -884 -5746 -4284 -2986 -1196 -554
2 -1774 -2648 -1690 -2832 -22834 12488
2 -25350 -5518 5150 -9266 -3104 -9751

3 -206 -7154 -4458 907 -417 29
1 0 0 0 0 0 0
2 -386 8370 -314 577 -1316 -652
3 -210 -7170 -4450 788 29 219
4 -586 8138 -2124 -3157 449 560
1 2540 -6796 -4738 850 -1478 -297
2 -1130 7958 -892 246 -1328 -757
3 0 0 0 0 0 0
1 6176 -5022 -9494 -1775 8829 816
4 -660 8184 -2000 -1951 50 383
4 -676 8252 -1844 -175 258 -101
3 0 0 0 0 0 0
1 15454 -10002 -10386 -10296 12392 -9654
4 0 0 0 0 0 0
1 9592 -12938 -8206 -12562 2616 -20550
2 0 0 0 0 0 0
3 0 0 0 0 0 0
2 0 0 0 0 0 0
2 -944 8850 -478 1491 4893 766
4 0 0 0 0 0 0
3 0 0 0 0 0 0
1 3740 -7496 -4848 -12669 2387 -18996
2 0 0 0 0 0 0
3 0 0 0 0 0 0
4 0 0 0 0 0 0
3 2342 -7648 -10106 -7324 7361 -1222
4 -108 7998 -866 -118 689 161
1 2812 -738 -1918 -9339 8202 -12362
2 0 0 0 0 0 0
1 1890 992 -190 -5425 8148 -9600
2 0 0 0 0 0 0
1 -206 2070 1486 -2234 9265 -6492
4 0 0 0 0 0 0
4 0 0 0 0 0 0
3 0 0 0 0 0 0
3 0 0 0 0 0 0
4 -912 8588 -1534 -2683 3044 -719
3 8456 -2734 -18172 -9393 17763 5704
2 0 0 0 0 0 0
2 0 0 0 0 0 0
1 0 0 0 0 0 0
1 -1820 5780 330 13431 13945 -891
3 13588 -7786 -13498 -12082 30169 -2275
2 0 0 0 0 0 0
4 -170 8800 -2090 -2415 6710 -115
3 2042 -20268 -10058 4113 15827 -22202
4 -142 7488 -1302 694 3015 572
2 0 0 0 0 0 0
1 -1310 1420 -6212 19163 12757 3928
2 -1408 8476 -192 210 395 38
1 2708 2050 -9516 18153 9592 7970
3 -10386 -20648 3942 32287 28280 -17567
1 0 0 0 0 0 0
2 0 0 0 0 0 0
4 -1060 7328 1380 2488 -476 -564
4 -556 7604 -2174 -482 -6420 -728
1 5028 -13880 -11046 7680 24243 16230
3 -15380 -13414 -10852 32767 -6444 -6443
2 0 0 0 0 0 0
4 -2738 9238 -352 -16 -954 1155
1 8878 -14224 -2028 -12596 25658 22683
3 -13292 -32768 -17526 32767 5802 16648
2 0 0 0 0 0 0
3 10644 -17092 -8484 -1659 -5487 4794
4 -400 7688 -1360 -65 3319 694
1 5708 -9016 -2316 -14369 11244 9607
2 0 0 0 0 0 0
4 0 0 0 0 0 0
3 7428 -7244 1748 1832 24310 11084
2 0 0 0 0 0 0
4 -922 7782 -788 358 -4189 1026
3 -2500 -8066 -2340 -267 -1136 -2873
2 0 0 0 0 0 0
1 3016 -4898 -2034 -4483 1509 2771
1 0 0 0 0 0 0
3 -1988 -7606 -3466 -1763 518 -180
1 3262 -7566 -4588 6854 4597 357
4 0 0 0 0 0 0
2 0 0 0 0 0 0
4 0 0 0 0 0 0

1 3058 -6530 -3630 -1354 329 1333
2 646 11282 -3130 4049 109 -131
1 0 0 0 0 0 0
2 658 12640 -5478 12063 1131 -2668
1 3092 -6570 -4498 -1800 4964 3113
4 -96 7116 -4260 -2645 5739 835
3 -668 -7006 -4570 -864 168 -371
2 4560 12828 -7836 15972 2709 3388
1 0 0 0 0 0 0
4 2388 11608 -11584 3099 13314 3821
3 0 0 0 0 0 0
2 -3212 10214 -7562 19568 5799 10169
1 3148 -6648 -4164 -1734 1736 -54
4 4094 21270 -11422 18681 8876 4303
2 -2638 5428 -5348 16565 4855 9137
3 0 0 0 0 0 0
1 0 0 0 0 0 0
3 -804 -6710 -5560 4173 3743 2413
4 1006 20908 -4760 22081 15093 9188
2 -1524 1438 -1120 13008 13932 8797
1 0 0 0 0 0 0
3 0 0 0 0 0 0
2 0 0 0 0 0 0
4 3480 12740 -2282 9667 20296 16708
4 -140 5500 1680 406 7939 18976
1 2494 -7156 -4126 -1001 4217 2783
2 2552 -6330 1758 -1595 10387 7922
3 -196 -7674 -3958 -1790 -574 597
1 3102 -6728 -4042 -474 2631 2034
4 0 0 0 0 0 0
2 1814 -5510 30 -11259 13699 9706
3 -1444 -7530 -3580 -425 -334 259
1 2572 -6296 -3734 454 -512 565
3 0 0 0 0 0 0
2 0 0 0 0 0 0
1 0 0 0 0 0 0
4 -6990 1608 3566 -11933 2070 14137
4 0 0 0 0 0 0
2 -2974 664 -5510 -20991 -1205 5963
3 0 0 0 0 0 0
1 0 0 0 0 0 0
2 -2262 7780 -8592 -24423 8013 6109
3 0 0 0 0 0 0
1 0 0 0 0 0 0
2 3328 11488 -11006 -11269 4889 -1492
3 0 0 0 0 0 0
4 0 0 0 0 0 0
4 -7616 16790 -5962 -28970 17489 -2883
1 0 0 0 0 0 0
2 -1454 9796 -4272 -5077 16667 -6427
3 0 0 0 0 0 0
4 9220 22672 -5922 -11400 32767 -18230
2 3330 11930 2144 419 30101 -7648
4 10194 12996 -1756 1411 4084 -11562
1 2744 -6208 -4054 987 -1828 -3056
3 0 0 0 0 0 0
1 2756 -6744 -3880 625 -3741 -4045
3 370 -7132 -4524 529 -2461 -1368
2 1320 12142 1194 5922 13061 -9032
4 2202 8840 -604 622 5652 -4105
1 0 0 0 0 0 0
4 242 7484 -1428 -1765 5908 -1040
3 0 0 0 0 0 0
2 0 0 0 0 0 0
4 -1104 7660 -2134 -2041 2379 647
3 0 0 0 0 0 0
1 2402 -5678 -3910 1473 -2309 -524
2 1370 8652 816 5578 9089 -4746
4 0 0 0 0 0 0
3 0 0 0 0 0 0
1 0 0 0 0 0 0
2 106 6976 -362 462 6617 -1936
1 3066 -6204 -5094 3830 -13277 -4065
4 0 0 0 0 0 0
3 0 0 0 0 0 0
2 0 0 0 0 0 0
4 0 0 0 0 0 0
3 0 0 0 0 0 0
4 0 0 0 0 0 0
3 0 0 0 0 0 0

1 2878 -7128 -3562 150 -383 -45
4 0 0 0 0 0 0
2 908 8274 -728 214 650 -192
3 0 0 0 0 0 0
4 0 0 0 0 0 0
3 0 0 0 0 0 0
1 2566 -7730 -1252 4794 -4179 -2520
2 854 8038 -576 134 873 -69
3 0 0 0 0 0 0
4 0 0 0 0 0 0
1 6554 -6902 2460 9584 -12738 -6437
2 328 7870 -348 439 -2836 -1131
4 0 0 0 0 0 0
3 0 0 0 0 0 0
1 7536 -10958 -1216 10014 -16349 -11830
2 0 0 0 0 0 0
1 5226 -9920 -5558 -1975 -32768 -14986
4 0 0 0 0 0 0
3 190 -8116 -3942 -377 -4374 -2094
4 0 0 0 0 0 0
1 -2532 -4498 -11038 -11552 -12797 -6802
1 0 0 0 0 0 0
3 1276 -10472 100 -1602 -22031 -10478
2 0 0 0 0 0 0
2 0 0 0 0 0 0
2 0 0 0 0 0 0
3 4332 -12898 -3818 -498 -18304 -14313
1 -4532 -1884 -7550 -18487 -9764 8152
2 0 0 0 0 0 0
3 4842 -15030 -14600 -13907 -17253 -19028
1 -1604 -356 -3524 -14936 -8922 8037
3 -10070 -11890 -18620 -27316 -13900 -14782
2 0 0 0 0 0 0
4 0 0 0 0 0 0
4 0 0 0 0 0 0
4 0 0 0 0 0 0
4 0 0 0 0 0 0
2 0 0 0 0 0 0
1 -1144 1728 1360 -10127 -5015 9595
4 -1122 8262 -1444 901 207 829
3 -13684 -13210 -10554 -28332 686 10446
1 1258 4152 2264 -2941 -9215 7314
2 0 0 0 0 0 0
3 -6976 -9100 -4092 -23401 -2557 14575
4 0 0 0 0 0 0
2 0 0 0 0 0 0
1 2050 3526 974 2449 -5459 6718
3 -4538 -7840 -2608 -15549 -10159 14871
1 3862 2626 -1652 8007 -8548 7847
3 0 0 0 0 0 0
2 0 0 0 0 0 0
4 0 0 0 0 0 0
1 8214 2002 -4282 12227 -5510 5747
3 1180 -14892 -7644 6928 -18472 18081
2 0 0 0 0 0 0
4 -64 7808 -900 1173 -3321 366
4 0 0 0 0 0 0
3 2974 -26902 -13550 17936 -13999 19173
1 4098 -2156 -6602 17191 -8329 6743
2 -590 7860 -536 2646 -6120 -525
2 -1604 7214 -1472 545 -820 590
1 7458 -7962 -7380 15887 4631 12037
3 12264 -17294 -12138 6088 -6860 8641
4 324 7168 -1754 596 -7885 1557
1 6722 -11278 -7170 10212 7333 14855
4 -1612 6930 -2078 -1551 -9496 2109
2 0 0 0 0 0 0
3 -618 -8976 -8852 2762 -19518 -6751
2 0 0 0 0 0 0
4 -1358 7790 -2768 -3437 -1942 1987
1 8934 -9032 -5320 8229 -7748 5104
3 -1530 -6126 -7100 966 -5234 -2294
4 -1574 8114 -2504 -2178 -429 688
3 -1912 -6810 -5308 -1155 -2198 -2164
2 0 0 0 0 0 0
1 4366 -6256 -6632 7223 -7288 -1726
3 0 0 0 0 0 0
1 4440 -7424 -5486 1619 -275 -2874
4 0 0 0 0 0 0
2 -488 8410 -1116 -933 3324 326

3 -402 -7122 -4816 149 105 -10
4 -718 7744 -1966 -79 1289 55
2 -10 8004 -1054 325 -138 -72
1 3264 -6730 -3882 167 278 340
4 0 0 0 0 0 0
1 3226 -6862 -3852 87 154 -78
2 0 0 0 0 0 0
2 0 0 0 0 0 0
4 0 0 0 0 0 0
1 0 0 0 0 0 0
2 0 0 0 0 0 0
3 0 0 0 0 0 0
4 0 0 0 0 0 0
1 0 0 0 0 0 0
3 0 0 0 0 0 0
3 0 0 0 0 0 0
2 0 0 0 0 0 0
1 5850 -7912 -468 2677 -11308 -5079
4 170 8386 -1504 341 -2852 187
3 0 0 0 0 0 0
1 4190 -8928 -998 6068 -10807 -8752
3 0 0 0 0 0 0
4 1742 9102 258 1101 -10738 1667
2 0 0 0 0 0 0
1 7406 -10378 -4394 6352 -19466 -17276
4 7070 15472 -3104 8839 -25703 8184
3 0 0 0 0 0 0
2 -170 8566 -1006 -1138 3340 -233
3 0 0 0 0 0 0
4 -280 12712 -2234 16369 -8575 11811
1 2218 -10212 -8610 -5624 -29661 -16745
2 0 0 0 0 0 0
2 0 0 0 0 0 0
1 -10546 -6012 -8812 -12453 -15425 -5194
3 0 0 0 0 0 0
4 -19782 4110 5454 -5849 8946 2302
2 0 0 0 0 0 0
1 -3970 -2686 -11736 -23529 -5163 1126
3 -2546 -13372 -4590 386 23246 13337
4 -12260 2334 -6544 -11143 1079 -18056
4 4492 23574 -1882 -2308 14343 -11559
3 7024 -9078 -3796 -1761 1257 -3475
2 -188 8288 -482 123 2637 -358
1 0 0 0 0 0 0
3 -4054 -4318 -4466 2437 -8941 -6403
4 8124 21744 -6512 22781 3603 -5687
1 -3370 4944 336 -15495 -6344 3020
2 0 0 0 0 0 0
4 -5618 -9058 21486 12335 14512 8889
2 0 0 0 0 0 0
3 -1384 -21748 1420 -11567 -32768 -18886
1 0 0 0 0 0 0
1 -1438 4322 2102 -1685 -8292 1198
3 6650 -11972 -10626 -8923 -4899 -22608
2 0 0 0 0 0 0
4 -10306 8690 2098 -29215 -8819 -9598
2 864 8038 -196 324 -3460 38
3 -21624 -11836 -22458 -31487 5146 -12560
1 0 0 0 0 0 0
4 16668 32690 -22396 -1042 -24439 6030
3 -19270 -10930 26008 4688 6647 29733
1 1162 3458 1314 4985 -6959 5564
2 0 0 0 0 0 0
4 -702 26664 -32768 32767 10265 10361
2 -1284 8028 -740 -549 -3779 602
3 -10230 -29326 -4660 31721 -8850 24653
1 2562 1562 -1334 7866 -8072 7012
4 -32768 29306 2044 32767 8130 8434
3 32767 -32768 -32768 -7212 14318 29424
1 0 0 0 0 0 0
2 0 0 0 0 0 0
4 -31824 32767 32767 -31399 -32232 -27323
2 0 0 0 0 0 0
1 6440 -3364 -6954 15994 -4894 10470
3 10908 -11524 -4324 -2060 31403 3378
4 -2840 32767 14744 -32768 2711 -32768
1 7508 -10644 -9568 15889 3646 15246
4 20882 32767 -15468 -14513 13509 -18788
2 0 0 0 0 0 0
3 -1852 -8944 -4966 -4916 2978 -4187

1 1462 -6490 -3952 -836 -2730 1775
4 -522 6764 -1360 -479 267 303
2 1204 2184 112 1445 -4107 -3913
1 1620 -3266 -2904 -736 1816 4985
4 -1946 4868 -228 1300 930 -273
3 14 -3864 -3092 -823 2459 2479
4 1442 9812 -168 1266 -4167 -1260
1 0 0 0 0 0 0
2 -3014 2628 1798 -1658 -11306 -1728
3 3010 -13998 -6380 2278 329 -781
1 4162 -15276 -540 8722 1263 1242
4 12390 23538 -1054 -4686 -2735 4545
2 -1398 25332 4412 -8395 -9874 1658
3 8434 -28756 -7714 228 1677 -3842
1 24130 -32768 13744 27763 -8252 -14411
4 4990 32767 -184 8270 -20404 15904
3 6152 -11284 -6028 -8305 3396 -18897
1 10406 -20458 258 7349 -16374 -20864
4 -4634 11458 2078 21340 -10586 18213
3 -12072 898 4142 -7627 7120 -15298
2 9684 25000 9560 -6036 -19536 10500
2 6016 16372 -758 3875 -6768 22652
1 1794 -7026 2684 -2249 -24643 -21152
4 -16270 -634 18498 464 -9769 13951
2 -13764 11592 10828 13414 -32768 14034
3 -12388 490 1582 2599 3172 -3097
1 -4358 -2130 4818 -236 3245 -11414
4 -10730 226 5218 -8318 4141 -4417
2 -12686 -5168 19246 4374 -14241 8733
3 -7300 2170 -1062 1589 -6056 7188
1 -11656 -3314 7706 1169 2574 -900
4 -5884 3438 -1024 -7541 3115 -13376
2 -6786 2718 7444 -12509 11374 -2900
3 -2624 -876 -4092 279 -2113 12543
1 -5124 -3698 1314 6999 -1047 7996
4 -3538 14364 -1596 -10788 5655 -17706
2 138 7958 1518 -13433 3022 -11632
3 -6132 -28010 -15712 8860 -19131 11011
4 18714 28220 -8510 -8826 13403 -10083
1 682 -4736 -1688 3876 11987 14645
3 4458 -17776 -11508 -2461 -8051 1433
2 5724 28202 4654 -10428 32767 -19231
4 5032 14964 -2718 2338 4101 739
1 22530 -30130 -6880 -9152 28832 32767
2 9394 22018 6600 10466 10239 -11397
3 3046 -10210 -6648 2639 3734 3223
1 13530 -14354 10538 -13840 1780 15762
4 -3128 6242 380 242 3667 1535
3 -162 -3130 -2722 983 8716 3764
2 5728 14996 11128 1285 25496 7553
1 10454 -9128 3584 -4045 6062 1174
4 122 2624 -1078 -61 11768 399
3 712 -3212 -2842 -2143 5344 1566
2 524 10134 2000 1615 -6243 -1550
1 -1190 -9280 -3384 973 -2321 -3654
4 -322 7160 -1902 83 3617 850
3 -956 -8796 -4878 895 -4986 -4854
2 -2468 8318 424 -267 3730 3172
4 -402 8810 -1634 1114 -7059 1180
1 1270 -5386 -2952 -1505 5896 -2662
3 0 0 0 0 0 0
2 0 0 0 0 0 0
4 -2828 6738 -828 1013 375 -2552
1 2216 -2964 -2410 -2393 204 -3765
2 300 5844 1030 1822 -7053 -273
3 0 0 0 0 0 0
4 0 0 0 0 0 0
1 2116 -8640 -3910 1778 -3806 -6377
2 -1828 9706 -964 -619 -3118 5100
3 924 -6800 -4680 -788 545 476
1 2440 -7530 -3500 1556 -14865 -2740
4 22 7332 -1564 -838 -2429 -1359
2 2352 8436 1210 3301 6381 -534
3 0 0 0 0 0 0
1 1064 -7094 -3236 -3051 13577 6319
4 0 0 0 0 0 0
3 0 0 0 0 0 0
2 0 0 0 0 0 0
2 0 0 0 0 0 0
3 0 0 0 0 0 0

1 3202 -6960 -3532 -236 -238 209
3 0 0 0 0 0 0
2 904 8202 -512 328 313 -246
4 -644 7910 -1542 -59 1124 46
1 3006 -7012 -3402 -524 -602 240
2 0 0 0 0 0 0
3 0 0 0 0 0 0
4 0 0 0 0 0 0
2 0 0 0 0 0 0
1 0 0 0 0 0 0
4 0 0 0 0 0 0
3 0 0 0 0 0 0
3 -494 -7164 -4178 261 -3027 -1268
1 0 0 0 0 0 0
4 0 0 0 0 0 0
2 0 0 0 0 0 0
2 4218 13302 -7838 9126 -4346 -6822
1 0 0 0 0 0 0
3 0 0 0 0 0 0
4 0 0 0 0 0 0
3 0 0 0 0 0 0
1 0 0 0 0 0 0
2 -1684 14298 -12884 20023 9623 -5269
4 0 0 0 0 0 0
1 3068 -7748 -4194 921 5940 2013
2 3346 16814 -6442 13921 24416 21711
4 -1006 7532 -1384 -286 2724 -891
3 -398 -8310 -3414 -1689 -5954 -2638
1 3340 -6458 -2892 -2337 2378 772
3 0 0 0 0 0 0
2 -4784 15596 -3620 20750 -2669 19825
4 0 0 0 0 0 0
2 -4364 4426 2518 20175 4849 7684
3 2 -4214 -7616 1475 1455 390
1 0 0 0 0 0 0
4 -678 8470 756 -325 -4231 843
1 1400 -7234 -3216 -1333 -1185 789
4 0 0 0 0 0 0
3 -356 -8218 -4578 1376 8940 2796
2 1266 -4990 7006 5757 23278 12071
4 0 0 0 0 0 0
1 0 0 0 0 0 0
2 2266 -2280 4076 -18749 21620 11518
3 -1146 -7788 -2834 -1198 2383 1415
1 0 0 0 0 0 0
2 -1708 5606 -1668 -29200 14515 9805
4 234 8982 -2930 2499 -3816 1397
3 -834 -7478 -3280 -349 3 1205
1 0 0 0 0 0 0
4 2606 8748 10362 -781 -10092 4042
2 -5366 10576 -5038 -31988 -5289 4934
3 -132 -6186 -4802 2276 5027 3227
1 3042 -7534 -3344 -430 414 -1412
2 -7570 16458 -2512 -22962 32767 5327
3 82 -8624 -4024 795 2272 1588
4 13808 32767 -31726 32767 -21920 20227
2 6418 19176 4354 -4676 32767 -10593
4 -16556 32767 2306 32767 1225 6086
1 0 0 0 0 0 0
3 0 0 0 0 0 0
2 7996 2502 10858 1466 32387 13928
3 -1056 -8946 -3926 1853 4868 1627
4 -28926 3748 23384 20696 -21302 -15202
1 0 0 0 0 0 0
4 -32668 32767 26658 -32768 -29696 -26176
1 2590 -6650 -3134 708 -5116 -2613
3 -1990 -6846 -1888 -279 1885 366
2 -620 6930 530 1638 -12557 -4925
4 13120 32767 -13562 -32768 -32067 -25898
3 -502 -9390 -2662 -3831 -6167 -1493
1 2430 -6912 -3300 1965 -2620 -1532
2 -3532 8024 -716 -1246 844 286
1 0 0 0 0 0 0
4 5060 29218 -27388 -19728 -4970 -2224
2 0 0 0 0 0 0
3 -962 -6040 -3558 -1536 -1334 -2543
1 0 0 0 0 0 0
4 336 7872 -9290 -1275 6462 -2056
2 654 8560 862 796 2018 251
3 -572 -6544 -4880 796 434 -894

1 4714 -7766 -3956 621 406 1139
4 -2264 8394 -4580 5674 4401 -2023
3 -26 -8238 -7500 -8009 8373 -1420
2 6394 13898 -5042 4778 4953 382
1 16020 -10024 -10316 -9163 -16150 -9591
4 1562 12658 -9356 12857 26278 -928
2 11570 15134 -7762 21026 -16509 15602
3 7838 -9578 -10906 -14002 15587 -8445
4 10166 11688 -5270 22366 3110 17214
1 5522 -7480 -12946 -21082 -11240 -21383
2 0 0 0 0 0 0
3 10146 -9976 -2474 -10665 8827 -20922
1 0 0 0 0 0 0
4 -4544 6638 -4342 10708 -3513 20412
3 -7012 -576 -5100 -3015 2086 -15911
2 -14838 3052 3944 14999 11414 -10566
1 -8370 -6342 -2600 -18408 1616 18525
4 -7894 -2278 -2670 7266 3573 -258
2 11984 4270 1116 8491 11601 -23342
3 -4326 3426 -8252 -7551 6618 -1608
1 28152 4048 29786 -10296 32767 6219
4 -480 -2868 -3408 2162 -5240 -9513
2 26166 -3996 8844 -10822 -27075 9213
3 2860 1770 -1522 -8564 -7112 9754
1 -10178 -2556 -2276 18392 -30141 -27322
4 14662 -1838 -10518 1681 86 -5423
3 23506 3232 446 864 2086 -4657
2 -21290 -2220 9782 -774 -32768 9871
1 -4868 2554 -15592 -9643 7488 22619
4 8018 -3512 -5224 3815 118 9911
2 8648 6616 -6850 -6575 14509 -29835
3 6100 3692 -2232 3840 9905 -9093
1 32767 7006 19102 -14364 32767 10523
4 0 0 0 0 0 0
3 2348 3846 -5268 6104 3627 -9075
2 32767 -5072 11028 -8902 -3576 9541
1 -920 -3494 -5032 11432 -15125 -24717
4 -6070 -4556 -5376 1102 2519 4184
1 -27468 284 -7976 -3698 6826 1053
3 -4458 4860 -11410 509 4268 -270
4 -3182 -4940 -7094 1290 -2462 -8774
2 -4624 -1088 -5244 5370 -30396 11450
3 398 4672 -6658 -10568 -7283 10812
1 18776 870 5626 6000 -15857 26439
4 3332 -2928 -5044 2632 -5171 -16607
3 11642 1580 562 -11581 -10194 12980
1 20636 5416 4964 16466 -26575 -16942
4 17064 -3890 -3948 1427 4517 -5021
3 19932 2942 4886 1009 5870 -4065
1 -12254 -2142 -3896 731 2988 -17930
4 8852 -2420 -3642 -2587 -261 11648
2 -9850 -1852 -3890 -6098 20776 -12658
2 31232 -2214 5404 3240 32767 7266
2 -4982 -808 -2670 -2603 -27966 10656
2 -25444 -5322 12012 875 -22135 1765
3 5834 1630 24 8309 6948 -12929
1 -6836 1486 -8620 351 -7931 20096
3 1392 2466 -6816 9245 6822 -10044
4 1412 -1236 -5978 -3515 5776 16034
2 0 0 0 0 0 0
1 32767 7810 7570 -11525 32767 9883
4 -8894 -4504 -6346 -1174 2005 8843
3 -5888 6632 -8854 2568 -962 -321
2 32767 -4794 5202 -3714 6410 7199
1 -146 198 -3854 8574 -19740 -18635
4 -4710 -4820 -7574 813 -2506 -13784
2 -2934 -1664 -7676 1786 -17494 9219
3 518 5650 -8670 -8461 -9709 14790
1 -18364 -1448 -5162 1283 8102 -7683
4 3722 1194 -6406 3138 -8916 -25753
2 -23444 -5942 4050 -4876 10785 -3108
3 10720 -2204 -5248 -13377 -14080 21651
2 13492 -3780 -3672 -3416 28564 -7474
3 24434 2502 6278 -2934 7927 -4272
4 21578 -1098 -7590 4100 -407 -7861
4 8850 -1232 -3814 -134 4327 15966
2 14040 -2464 2752 -6356 -32768 1571
3 4996 -348 284 7454 4451 -18477
1 6660 1930 -6938 -2928 -10799 27871
1 32767 10648 9210 1949 14464 -4732

3 6 -5728 -4250 -2052 -3737 15
1 3836 -6654 -3572 208 2491 1568
4 -496 7380 -994 220 1564 -700
2 772 7758 -728 364 -1521 -27
1 1808 -7574 -5426 1619 2949 880
4 -520 7546 -1366 -2027 -440 4
2 466 8222 -798 -337 15 539
3 -1116 -5906 -5402 827 -1362 244
3 0 0 0 0 0 0
1 7426 -4172 -10042 -4413 16099 2645
2 0 0 0 0 0 0
4 0 0 0 0 0 0
1 13408 -12628 -8696 -13435 5300 -11479
4 0 0 0 0 0 0
2 414 8608 -970 -778 2663 -414
3 0 0 0 0 0 0
4 0 0 0 0 0 0
1 12326 -19222 -7144 -16791 5246 -23050
2 0 0 0 0 0 0
2 1384 7600 296 645 6326 -406
3 0 0 0 0 0 0
3 0 0 0 0 0 0
2 0 0 0 0 0 0
1 4374 -6518 -6306 -7958 10275 -23766
1 -844 -5474 -3392 -6011 10005 -22176
3 0 0 0 0 0 0
4 0 0 0 0 0 0
4 -780 9610 -2196 2435 1168 -263
3 -2306 -6218 -5758 3096 4363 3094
4 -588 7736 -968 5857 -844 -801
1 -4252 -4484 610 -2566 14024 -15518
2 -924 8172 -122 1375 -1666 -1882
2 0 0 0 0 0 0
1 -7172 -3616 4170 17835 18667 1575
4 3936 7694 -1600 2498 2216 1121
3 -3370 -8406 -9092 4254 7392 4522
2 0 0 0 0 0 0
1 -1310 -18842 -7292 32767 28206 28817
4 -2450 4828 -428 1894 -21436 696
3 7650 -18670 -28336 -20671 28991 12692
2 0 0 0 0 0 0
3 750 -14662 -16150 -1560 32606 -16923
1 -7218 -32768 -18820 32494 8890 26456
4 -3106 7764 288 -8707 17742 321
1 13472 8358 -8820 -7118 -13906 -4070
3 -2528 -17494 -10878 19957 13749 -22859
2 612 9212 -970 833 4774 2663
4 0 8704 -1156 -9753 17040 -1477
3 -10024 -23098 -7198 32767 24438 -20342
4 -574 10076 -2208 -3418 5761 349
2 0 0 0 0 0 0
1 984 -5406 -2900 -6839 10534 -3424
2 -196 8362 -782 -283 19 1561
4 326 9808 -282 6499 -5642 -2706
2 584 8896 -722 -245 3772 1113
3 -9920 -19276 -4926 32767 11274 -12449
4 -1932 9716 1908 7108 -812 -2993
1 0 0 0 0 0 0
3 -19952 -19616 -3862 26590 -22586 -10099
1 3676 -8404 -5430 3909 1690 -2115
1 970 -7262 -4094 -2558 -4223 4641
3 -8204 -29706 -21390 32767 26381 18261
4 0 0 0 0 0 0
2 0 0 0 0 0 0
3 8650 -25142 -7646 8064 25555 26961
1 1912 -8296 -4366 -6282 11914 10058
2 -258 8182 -816 377 -2207 -172
4 120 7116 -322 -679 703 3033
3 6980 -14272 3112 -3 32400 15160
4 -1116 8118 -920 1213 -6871 1524
1 5776 -5844 -3002 -5193 8199 7038
2 0 0 0 0 0 0
3 -1624 -8502 -1886 668 7873 3508
1 5938 -5912 -2530 414 -619 1707
2 938 8300 -870 418 198 -235
4 -674 7190 -2264 54 -3589 1010
3 -614 -7702 -3430 1095 7152 3487
4 0 0 0 0 0 0
1 3318 -7018 -4020 3123 -329 -2492
2 0 0 0 0 0 0

2 0 0 0 0 0 0
4 -572 7918 -1626 205 185 -30
3 -320 -7334 -4268 370 -465 -285
2 0 0 0 0 0 0
4 0 0 0 0 0 0
3 -444 -7618 -4410 392 -128 -491
1 3012 -6814 -4038 -500 -509 471
2 0 0 0 0 0 0
4 0 0 0 0 0 0
3 0 0 0 0 0 0
4 0 0 0 0 0 0
2 0 0 0 0 0 0
1 0 0 0 0 0 0
3 0 0 0 0 0 0
1 0 0 0 0 0 0
4 0 0 0 0 0 0
2 0 0 0 0 0 0
3 0 0 0 0 0 0
4 0 0 0 0 0 0
2 0 0 0 0 0 0
1 0 0 0 0 0 0
3 0 0 0 0 0 0
2 0 0 0 0 0 0
1 0 0 0 0 0 0
4 0 0 0 0 0 0
3 0 0 0 0 0 0
2 0 0 0 0 0 0
1 0 0 0 0 0 0
4 0 0 0 0 0 0
3 0 0 0 0 0 0
1 0 0 0 0 0 0
4 0 0 0 0 0 0
2 0 0 0 0 0 0
3 0 0 0 0 0 0
1 0 0 0 0 0 0
2 0 0 0 0 0 0
4 0 0 0 0 0 0
3 0 0 0 0 0 0
1 2268 -7002 -3890 920 -3829 490
2 0 0 0 0 0 0
4 0 0 0 0 0 0
3 -304 -7608 -4656 424 4057 861
1 1882 -7094 -3986 -384 2431 2630
4 0 0 0 0 0 0
2 0 0 0 0 0 0
3 -378 -7152 -4488 -48 -227 -961
2 -268 7870 -364 775 -6591 -1203
1 3404 -7246 -3908 234 -18 890
4 0 0 0 0 0 0
3 0 0 0 0 0 0
4 0 0 0 0 0 0
1 0 0 0 0 0 0
2 -142 7866 -476 -649 5653 359
3 0 0 0 0 0 0
2 1510 8248 -704 1035 -445 39
4 0 0 0 0 0 0
1 0 0 0 0 0 0
3 0 0 0 0 0 0
1 0 0 0 0 0 0
4 0 0 0 0 0 0
2 0 0 0 0 0 0
3 0 0 0 0 0 0
1 0 0 0 0 0 0
4 0 0 0 0 0 0
2 614 7088 -1222 1557 3190 283
3 0 0 0 0 0 0
1 0 0 0 0 0 0
4 0 0 0 0 0 0
3 0 0 0 0 0 0
2 0 0 0 0 0 0
1 3496 -6262 -3432 -975 6470 1977
4 0 0 0 0 0 0
2 -992 8366 -584 -1132 -3295 -748
1 3702 -6942 -3718 303 -4482 -1317
2 946 8126 -952 -1838 7470 1542
4 0 0 0 0 0 0
3 0 0 0 0 0 0
3 0 0 0 0 0 0
1 3076 -7432 -3616 -968 -1210 -775
1 0 0 0 0 0 0

1 2512 -6872 -3412 -118 -928 115
3 0 0 0 0 0 0
4 0 0 0 0 0 0
2 26 8068 -410 -89 -249 191
1 0 0 0 0 0 0
2 0 0 0 0 0 0
4 0 0 0 0 0 0
3 0 0 0 0 0 0
3 -756 -4312 -3232 -243 3653 2329
1 0 0 0 0 0 0
4 0 0 0 0 0 0
2 468 6854 -190 164 -2213 -1992
1 1330 -3224 -1388 1346 -3830 431
2 0 0 0 0 0 0
3 0 0 0 0 0 0
4 -852 6466 -462 1638 -6697 767
4 1768 12478 -1144 2524 -13899 591
2 1328 7430 266 -1916 -5262 1545
3 116 -10010 -5390 1356 -1985 407
1 5792 -7546 802 6035 77 -4190
4 5612 19876 -3886 -2644 -584 3355
2 5904 27220 4670 -4251 2121 8970
3 1512 -17804 -6338 3365 1462 134
4 6820 27784 1886 3786 -12144 14926
1 11048 -24182 2640 11392 -7542 -10249
2 8420 19980 1928 -3727 680 14012
3 2394 -20050 -3160 2235 -6845 -10059
1 11102 -14250 -1176 10242 -18841 -13305
2 250 -1928 -90 9159 -22158 10628
3 2162 -7260 -4430 1147 -9066 -16237
4 -2654 7564 -5290 5157 -11481 14990
1 -126 -374 -468 -1136 -21123 -13538
1 2176 -2122 -2564 -8176 -3489 -10498
4 -9082 1328 2668 9624 -1035 6396
2 -5802 4904 2032 10015 685 14862
3 0 0 0 0 0 0
3 -9484 690 5524 -5578 1076 -2829
4 -12428 -1026 7758 5232 5798 501
1 -3890 -4886 4098 -6384 -8401 -8678
2 -5040 -488 9054 10122 -20643 2433
1 -9266 -2572 2006 -3109 7451 -130
2 -1004 426 4526 -4196 7902 3356
4 -6156 1112 5628 -1360 2151 -11163
3 0 0 0 0 0 0
3 -4282 -7484 -3334 -1159 -2923 11006
4 -3114 9504 540 -5445 -143 -15070
3 5612 -24340 -13392 6889 3157 21663
4 11782 32767 -8692 -17664 23627 -16969
1 2844 -3198 -330 2604 2453 18172
2 2914 6830 -2486 -14395 -537 -7686
1 13716 -9426 -3602 2968 4368 21263
2 4302 17016 -6712 -16634 11627 -10208
1 9478 -15446 -5912 2089 1713 18046
4 7168 17574 -3880 832 701 -3431
3 6860 -15242 -8590 -1451 -2505 3314
2 7426 14880 92 -2785 21190 -12578
1 16304 -14968 610 -16701 17559 15979
2 29142 8544 12110 6093 26293 5788
4 -572 10466 -514 -869 3850 309
3 3336 -9828 -6648 3459 2305 -520
2 2020 5656 226 3278 -3931 153
3 -1148 -3798 -3570 1213 917 -1466
1 4906 -3974 -2006 -5539 11096 -2761
4 -578 4574 -1590 -1847 6401 1331
2 0 0 0 0 0 0
1 1824 -5632 -2978 910 -6645 -6461
4 -552 3722 -1192 -286 4048 845
3 -388 -2876 -2962 -711 5127 177
4 -986 9566 -1324 632 -2014 1871
1 336 -7212 -4054 3535 -24 -4612
2 -744 8530 -398 -1082 -1086 3081
3 -1152 -8628 -5208 329 1626 -1594
2 0 0 0 0 0 0
4 -1024 7124 -1236 1152 -6505 -7
1 0 0 0 0 0 0
3 0 0 0 0 0 0
1 2818 -7202 -3760 -2982 3805 4860
3 0 0 0 0 0 0
2 1222 7990 100 1239 7640 -3011
4 -1094 8062 -856 -12 5138 -1146

3 236 -7100 -4348 -1187 -1166 -520
4 -1204 6656 -1156 272 -2315 -188
2 790 7642 134 -436 133 -645
1 2526 -6444 -3510 1241 -1111 321
1 0 0 0 0 0 0
4 0 0 0 0 0 0
2 0 0 0 0 0 0
3 -1198 -7386 -3870 -369 309 1381
1 562 -4502 -1116 1912 -4275 -855
2 40 2818 914 930 -6432 -3309
3 0 0 0 0 0 0
4 -932 7600 -1090 848 -3199 -186
3 -478 -4908 -3378 107 272 149
1 6608 -17120 -754 6468 -2350 -3486
2 -2400 14992 3028 -4400 -6744 907
4 -294 4252 -1358 531 1671 -488
3 -212 -1204 -2468 -3161 4010 3401
2 9210 25656 9228 -7037 15357 2871
1 18378 -22328 2578 11010 -5868 -11003
4 -364 2982 -674 2391 -3141 -3023
2 13516 20662 4690 -8452 10722 14453
1 10518 -15046 -3904 6010 -15001 -16991
3 -1320 -16456 -12784 -3166 12159 4401
4 11524 25802 -15696 16423 8153 6663
2 10934 5492 3116 3436 -25626 15273
3 15184 -17076 -18198 -13159 15133 -19129
4 -194 23950 -19312 21146 7175 22267
1 1178 -1814 -2466 -6082 -12910 -15082
2 -11924 8894 8984 18778 -20917 11479
3 474 -8070 -8462 5859 7490 -19758
1 0 0 0 0 0 0
3 -6836 -1502 -2278 3904 5008 -7031
2 -9296 -5172 17438 9709 -11616 -1853
1 -9036 -3226 5742 -2050 679 -6256
4 -4532 3080 4564 -217 5400 13461
4 -9608 5720 1120 -8669 9608 5169
2 -1516 5066 9400 -17888 29052 2248
4 -9638 1190 2318 -1610 2683 -4008
1 -8936 -6016 3612 4985 9894 10223
3 -10220 -1758 -1870 191 648 1054
2 2696 8846 -1040 -12736 2921 -12128
4 -6270 2998 192 574 -3327 -11083
1 9722 -10284 -2032 2998 16592 24490
3 -5622 -2360 -1968 -3729 -3123 7346
3 -1128 -2734 -3360 -5758 -7255 8930
2 20308 17222 2198 4704 21736 -13423
4 -2324 6814 -1258 -3821 -4567 -19023
1 16352 -20040 -3650 1509 3719 25171
4 14490 31960 -8858 -16009 5533 -20785
2 5534 16448 5834 8752 10023 -10374
1 15428 -15792 -2764 -4724 7693 15245
3 5600 -11198 -10426 6056 -17129 16809
2 5336 11380 8208 5139 13624 1489
3 16146 -18956 -17566 12031 -10100 4685
4 6436 18916 -10442 -716 -13352 2337
1 14356 -8436 12354 -5975 16480 -1212
1 2860 -9480 -4034 3355 -10066 -8681
3 1034 -9124 -9552 7094 -7049 -1876
2 882 8716 1846 2012 -5190 -869
4 40 6996 -3706 -244 3338 1890
1 1420 -5316 -2200 -2457 -7464 -9542
4 -150 3378 -1808 1999 4736 2051
3 240 -2768 -4808 1701 2206 263
3 0 0 0 0 0 0
2 450 5598 -50 1422 95 901
4 0 0 0 0 0 0
2 0 0 0 0 0 0
1 444 -4852 -2480 -2578 -5383 -6504
2 1336 10736 -386 150 2889 4356
4 -1866 7930 -980 668 -12149 3462
3 0 0 0 0 0 0
3 -1016 -7456 -3880 -4416 -13505 -2481
2 620 7866 4 4346 -9400 -2533
1 734 -6540 -3724 3011 -5744 -2345
4 -3512 6904 -1008 -2800 -4983 -3273
1 728 -7252 -3554 2002 6541 5367
3 -1892 -8024 -4230 -2427 11085 8285
2 -682 7966 -442 2283 1326 -2284
4 428 9676 -622 -4661 22195 -5345
1 4270 -8564 -3236 -5770 14739 9825

1 3844 -7180 -2664 904 -4415 -469
3 -136 -7084 -4542 -997 -835 -577
1 3290 -7824 -576 2187 -4829 -784
3 148 -7492 -1922 921 -5867 -3317
1 4430 -10308 2434 10535 -13256 -4381
4 -854 7918 -372 -548 -3811 648
2 2580 9464 5134 -3380 -22754 639
1 7528 -11582 -2310 13598 1315 -7717
2 6572 12476 2384 -8857 -4088 13266
4 3502 9980 3028 355 -10711 1041
1 8718 -9416 -3700 4307 -26801 -11790
3 -48 -9724 -1024 3740 -9458 -3966
3 314 -11442 -144 1835 -16546 -6244
2 6582 12588 -964 1323 -31711 5292
4 6584 14178 -1168 4044 -27169 8833
3 2542 -11432 -6308 -5431 -21850 -13985
1 0 0 0 0 0 0
3 -658 -10538 -19378 -24188 -6704 -13752
2 -5960 10202 -6100 21916 -32768 -5321
4 -4492 17360 -16686 29088 -24072 10003
3 -2332 -3282 -17088 -32768 6484 -15010
1 0 0 0 0 0 0
4 -20752 11118 1420 31853 -31528 -24331
2 -10464 10778 -7044 18941 -8570 -22992
1 -2232 378 -6078 -23430 -13315 3313
3 -8404 -676 -6826 -26428 1588 -685
2 -3726 7128 -3062 17885 1860 -24112
4 -7060 7596 3556 4518 42 -27974
1 72 -626 -1738 -13137 -7612 2824
3 -9228 -5678 -8756 -10452 -7774 6335
4 -4184 6144 1572 -4868 3123 -18020
2 612 2 96 10833 -5300 -16790
1 -1604 1232 2722 -698 -10635 5054
3 -3134 -5018 -2864 -7960 -10204 16318
2 1108 -376 92 -3381 -10116 -14540
4 0 0 0 0 0 0
1 116 320 -256 9347 -5165 9738
3 -476 -10536 -4962 -857 -12903 24032
4 0 0 0 0 0 0
2 2084 3006 -1652 -14773 -16589 -12738
3 1384 -20210 -6770 3958 -13744 24632
1 2504 -3910 -3068 18274 -4466 16213
4 4564 19928 1082 -16765 -14898 -15099
2 2056 7700 -3512 -21968 -10188 -7835
1 10016 -12906 -7714 25529 -2919 20276
3 7606 -20498 -8118 2319 -16379 11073
2 1382 19402 -5012 -29658 4093 -4340
4 2766 20478 -6810 -16146 -9433 -6305
1 6938 -18390 -10636 17246 -3090 18676
3 4302 -13824 -11084 6119 -6212 6178
4 1046 14526 -8692 -8234 -10968 -1291
2 6466 20252 -3132 -16137 18394 -4382
3 4292 -8404 -8470 2235 -13086 -2564
1 27716 -5744 -6788 6282 -3480 6390
4 -5488 9262 -3820 -2253 -18469 3885
2 1458 9658 508 -2432 -32768 -7804
3 -1086 -6650 -5448 3333 -11967 -6155
2 -2136 7346 -1848 -2078 -4537 6142
4 -3000 7756 -2584 -254 -3934 1634
3 -2042 -7238 -5362 2539 -5369 -3028
1 -992 -7754 -7084 3882 4363 -4104
1 4228 -6390 -4980 4258 -788 -5434
2 -402 9454 -2084 -748 -2247 3191
4 -1736 8076 -624 2986 -3186 -1119
1 3008 -8692 -5116 -2508 -6884 -5726
2 586 9390 -816 6321 -574 -2476
4 -316 8082 108 2188 182 -1820
3 -944 -7858 -4720 -2540 -849 550
1 1984 -8918 -3896 -9493 -6164 -760
3 0 0 0 0 0 0
2 166 9628 -348 9155 1222 -4853
4 0 0 0 0 0 0
1 0 0 0 0 0 0
3 -98 -8232 -2908 -1418 324 607
4 0 0 0 0 0 0
2 0 0 0 0 0 0
4 0 0 0 0 0 0
2 0 0 0 0 0 0
2 1780 6962 -684 -2261 5845 -508
4 0 0 0 0 0 0

1 5582 -8968 -4810 -2180 280 -4007
2 538 7894 -1044 310 299 -1199
1 10458 -5230 -9494 -9758 -24238 -16846
2 0 0 0 0 0 0
3 -378 -7034 -4666 711 215 239
3 0 0 0 0 0 0
1 0 0 0 0 0 0
4 0 0 0 0 0 0
2 0 0 0 0 0 0
1 -1364 -2928 -5376 -28434 2486 -6612
2 2984 7900 -918 1155 1660 1808
4 0 0 0 0 0 0
3 0 0 0 0 0 0
3 0 0 0 0 0 0
1 -2634 578 -106 -19791 -1854 702
4 0 0 0 0 0 0
2 820 8054 -336 1174 -4681 1225
1 1480 2704 2014 -4391 -18169 13078
3 -234 -7296 -4878 740 14450 6461
4 0 0 0 0 0 0
3 3588 -13164 -7802 -2163 20950 6408
1 17252 4990 7548 777 25465 10103
4 0 0 0 0 0 0
2 -92 8164 -830 226 -2318 910
4 0 0 0 0 0 0
4 -474 7290 -1658 -2061 3085 1020
2 0 0 0 0 0 0
3 27852 -21410 -12874 -18841 8028 -32768
1 9322 3328 -1984 14323 1178 -13561
2 1056 8336 -914 -124 4029 -592
3 -32768 -27718 -11630 -14168 12754 -32768
1 -126 1474 -4940 8359 -4504 -17266
2 1228 7866 -1200 -206 -883 -860
1 -13300 4048 -4074 3908 3614 -4142
2 0 0 0 0 0 0
3 6772 -12856 3076 -13385 -1807 32767
4 -936 7280 -1678 -1296 -417 1476
2 0 0 0 0 0 0
3 19764 -7550 -3184 25680 -22526 -28911
4 0 0 0 0 0 0
1 -3330 5140 -8930 -3937 -6683 20539
3 1954 2346 -14080 -12324 17226 31919
2 224 7752 -416 1998 -6677 -1716
1 19844 11726 14736 -15863 32767 7319
4 0 0 0 0 0 0
3 30734 4152 10772 17098 19518 -12403
2 -766 7944 -584 411 2473 -1337
1 1544 1914 -3456 7787 -7410 -15723
4 -834 7392 -1406 -172 2709 -187
3 -32768 -304 -8334 -3512 -1540 6030
1 -18300 -4758 -6844 6671 78 11308
4 0 0 0 0 0 0
2 0 0 0 0 0 0
3 28712 -1468 30610 -5247 31977 15515
2 0 0 0 0 0 0
1 8904 6828 8156 -4166 -8830 14450
4 -88 8666 -1654 -680 234 -440
3 -9974 -5854 -5496 12204 -32768 -32768
1 11896 2874 292 14178 -19102 -21538
2 328 8384 -626 1016 3374 -359
4 0 0 0 0 0 0
3 1178 -1790 -9098 -11913 -1514 29275
4 -82 7738 -1800 -1863 4062 273
2 988 7632 -950 -303 99 676
1 -9300 -288 -2796 426 -7551 -205
4 0 0 0 0 0 0
3 30706 6050 21706 5133 32715 5018
1 15932 4000 7162 842 -11640 17393
2 0 0 0 0 0 0
1 19914 8468 3126 12606 -1973 -10036
3 -19152 -5202 -374 7769 -32768 -32768
4 -1574 7968 -1096 1912 -4270 183
2 0 0 0 0 0 0
3 6650 -11650 -4862 -5058 218 32767
1 -4882 4630 -5176 265 -19858 -14829
4 0 0 0 0 0 0
2 0 0 0 0 0 0
4 0 0 0 0 0 0
3 1718 -14438 -6488 16893 -23819 26131
4 -382 8372 -374 -511 -5543 1448

1 2758 -6804 -4016 1519 -7659 -3310
4 -928 7926 -1010 -182 -25 46
2 0 0 0 0 0 0
1 2470 -6294 -3392 3389 -5529 -2516
4 0 0 0 0 0 0
2 876 8096 504 637 -5525 -930
4 0 0 0 0 0 0
3 -540 -7122 -4740 412 72 -475
1 4182 -6964 -2460 4322 2528 -1337
1 0 0 0 0 0 0
3 122 -7080 -4510 220 616 546
4 0 0 0 0 0 0
2 870 7872 400 -1228 -2466 22
2 0 0 0 0 0 0
1 3636 -6716 -3192 1835 -310 -1989
4 0 0 0 0 0 0
3 0 0 0 0 0 0
2 0 0 0 0 0 0
3 0 0 0 0 0 0
1 0 0 0 0 0 0
4 0 0 0 0 0 0
3 -538 -8352 468 -524 -14077 -6737
2 2134 7490 964 -1609 -4300 1042
4 1808 7570 2474 2586 -8305 291
2 5550 8366 4854 -1782 -12161 1328
4 -804 7902 -696 -2684 -10623 2260
3 0 0 0 0 0 0
2 12500 11694 1772 -1877 -19412 7792
4 0 0 0 0 0 0
1 0 0 0 0 0 0
3 2616 -10506 -5104 2764 -11586 -7977
1 10326 -7518 684 5015 -3817 -4117
1 14046 -9028 -10862 -6296 -22602 -13973
2 -880 18988 -3836 24417 -32768 -2939
3 10274 -19694 -30968 -31812 -25309 -14952
4 -4086 18798 -22598 28782 -30213 2498
1 2790 -9620 -16362 -30398 -18167 -14495
2 -14730 14540 -1804 24507 -9412 -27122
4 -22458 26256 -19974 32767 -700 -14373
3 -4362 -16530 -30928 -32768 9954 -16835
1 -4682 -4746 -1820 -28016 -24531 -4551
2 -1896 5266 1758 13951 1679 -23902
1 -912 52 1940 -10609 -7665 5751
3 -22278 -10886 -9086 -32439 -8004 -399
4 -16446 19612 8708 30894 -4010 -19254
2 3128 496 774 8574 2722 -13646
1 -552 622 1026 1339 -8591 8114
4 -7516 16792 8142 -12328 -15915 -25286
3 -12450 -21714 -1982 -4335 -19296 25391
2 0 0 0 0 0 0
1 270 -254 -796 9992 -5291 12066
4 -6456 26436 3622 -28860 -10163 -16910
3 0 0 0 0 0 0
2 -948 1172 -2368 -14057 -15761 -11424
1 3210 -5678 -5308 15305 -1523 17434
3 5288 -26916 -12588 13019 -18369 22571
1 6490 -10932 -7800 22013 -7611 20011
3 1536 -15174 -16298 8627 -23915 -1663
4 14064 30404 -7770 -26580 -2242 -15538
4 168 21786 -8440 -11027 -4487 -6002
1 15460 -15962 -8470 12181 11240 17599
4 2198 11142 -7870 -3782 -14918 -1391
3 5950 -8230 -10438 5581 -5822 2309
1 10060 -8594 -4858 5264 -2580 8977
2 -1824 10412 -4170 -22430 -16415 -7926
2 -370 16922 -5700 -27070 8143 1877
2 3496 18516 -4518 -17507 2329 -3557
2 2546 11004 -4712 -7223 4276 -1763
1 3780 -6448 -5424 4631 -5435 -1110
3 1814 -7440 -6918 1246 -13394 -4937
3 -1886 -6956 -5216 -1400 -6588 -1890
4 -1188 7406 -4606 -196 -6071 951
4 0 0 0 0 0 0
2 1682 9370 -982 -1555 1797 7
1 0 0 0 0 0 0
2 744 9336 -842 2056 -9217 958
4 -1580 7164 -704 981 -3013 -534
3 -1230 -6822 -4672 -1273 1320 116
3 0 0 0 0 0 0
3 0 0 0 0 0 0

1 3024 -7086 -3842 -3118 -2196 1084
2 990 7604 -558 40 -716 -2513
1 2928 -6470 -3144 -2712 -488 2030
4 -910 7926 -1426 -116 -170 -29
1 0 0 0 0 0 0
4 0 0 0 0 0 0
2 1172 9252 -848 -1908 5877 -574
3 -436 -7158 -4528 329 30 -262
3 0 0 0 0 0 0
4 0 0 0 0 0 0
2 1370 7934 -364 -668 -386 261
3 0 0 0 0 0 0
1 4158 -7668 -3308 787 -1267 -385
1 2872 -6726 -3114 -654 333 997
3 0 0 0 0 0 0
2 0 0 0 0 0 0
4 0 0 0 0 0 0
1 0 0 0 0 0 0
4 0 0 0 0 0 0
2 0 0 0 0 0 0
3 0 0 0 0 0 0
1 2690 -7566 -3616 2392 -4672 -1942
3 0 0 0 0 0 0
4 0 0 0 0 0 0
2 0 0 0 0 0 0
1 0 0 0 0 0 0
3 0 0 0 0 0 0
2 0 0 0 0 0 0
4 0 0 0 0 0 0
1 0 0 0 0 0 0
3 0 0 0 0 0 0
4 0 0 0 0 0 0
2 0 0 0 0 0 0
1 0 0 0 0 0 0
3 0 0 0 0 0 0
4 0 0 0 0 0 0
2 194 9340 -522 693 4559 95
1 0 0 0 0 0 0
2 1894 7564 -1110 1312 1468 1173
3 0 0 0 0 0 0
4 0 0 0 0 0 0
1 0 0 0 0 0 0
4 0 0 0 0 0 0
2 -10 8310 -1180 827 4150 1644
3 0 0 0 0 0 0
1 0 0 0 0 0 0
4 0 0 0 0 0 0
3 0 0 0 0 0 0
2 1334 8404 -870 1807 196 -1178
1 0 0 0 0 0 0
4 0 0 0 0 0 0
3 0 0 0 0 0 0
2 0 0 0 0 0 0
1 0 0 0 0 0 0
4 0 0 0 0 0 0
3 0 0 0 0 0 0
2 0 0 0 0 0 0
1 3190 -6782 -3840 1794 -3122 -1688
4 -1446 12958 -1338 -1346 1980 1069
3 -1334 -10648 -5750 847 -1371 -1317
2 0 0 0 0 0 0
1 2286 -7288 -4070 1935 -1147 366
4 0 0 0 0 0 0
2 268 7876 -1786 -481 3256 -21
3 0 0 0 0 0 0
1 2636 -6862 -4148 104 5064 2543
2 1462 7978 -1422 547 2079 -129
3 0 0 0 0 0 0
4 0 0 0 0 0 0
1 3744 -6584 -3818 -623 448 643
2 0 0 0 0 0 0
3 0 0 0 0 0 0
4 0 0 0 0 0 0
1 0 0 0 0 0 0
2 0 0 0 0 0 0
4 0 0 0 0 0 0
3 0 0 0 0 0 0
2 0 0 0 0 0 0
4 0 0 0 0 0 0
3 0 0 0 0 0 0

1 3050 -6964 -3762 -9 -746 -184
4 0 0 0 0 0 0
3 -1034 -7100 -4800 971 3215 1118
2 0 0 0 0 0 0
4 0 0 0 0 0 0
1 0 0 0 0 0 0
2 0 0 0 0 0 0
3 508 -6988 -5002 310 5500 1300
2 4692 12446 -5264 8478 3338 678
1 0 0 0 0 0 0
3 -1374 -7310 -4408 200 4217 631
4 0 0 0 0 0 0
1 2920 -6426 -4044 275 1460 467
2 2582 13946 -5932 14367 6212 4996
3 1662 -6884 -4772 -867 11 498
4 0 0 0 0 0 0
4 1514 8974 54 6255 -893 -3484
3 -88 -6648 -4670 1544 2760 2546
1 0 0 0 0 0 0
2 2350 10462 -5810 13958 8146 12270
4 3156 6580 2364 1298 -2390 1343
1 3078 -6684 -4002 -820 707 -122
2 1110 6608 -3882 13713 2003 12799
3 -3668 -7150 -5626 1505 -466 458
4 -6728 9366 -9102 -9101 6980 4028
2 2038 1752 -2584 11344 3940 11108
3 3096 -4280 -2932 -1490 5395 864
1 0 0 0 0 0 0
4 2282 12156 -3880 12020 824 -5813
1 0 0 0 0 0 0
3 -1994 -9424 -4646 7633 6970 6379
2 3328 -2636 -1102 5575 7037 8380
3 1326 -10262 -6882 -7133 -8558 -7252
4 5142 5280 5452 -8287 1579 4473
4 784 19386 -27698 -4756 17981 799
3 -6100 -1534 6446 -529 -8596 -4205
4 -2456 32767 -21280 32767 23421 15130
3 104 -13700 -5974 13460 10140 13177
2 0 0 0 0 0 0
1 0 0 0 0 0 0
2 3156 -5582 -1650 -6772 9970 9180
1 0 0 0 0 0 0
2 0 0 0 0 0 0
1 0 0 0 0 0 0
3 -272 -8330 -5850 5897 2933 3383
1 3176 -6566 -3718 205 605 311
4 -8752 20514 -870 3901 32767 26942
2 184 -3578 -2406 -13870 -479 9123
1 0 0 0 0 0 0
4 -4606 26340 -2156 -23046 24433 31834
2 -1162 1112 -4016 -17670 -2439 11630
3 236 -7902 -2748 -1552 -343 959
1 0 0 0 0 0 0
3 0 0 0 0 0 0
2 -4556 10268 -5258 -19799 7155 13603
4 -32768 11024 10056 -25794 2984 19661
3 -2482 -9286 -1132 -2116 -2194 -1065
1 0 0 0 0 0 0
2 -2062 10986 -1434 -12614 27307 -1333
4 -20244 28674 -2402 -30646 8376 -21268
4 -1028 32767 -6612 -12319 15987 -32768
1 0 0 0 0 0 0
3 -3192 -10328 -2418 -3974 -5693 -2804
2 10758 14608 -3966 -6595 30168 -10242
1 0 0 0 0 0 0
4 8400 32767 4520 3037 19248 -18856
3 0 0 0 0 0 0
2 1578 12814 -3170 -589 4288 -12359
1 4288 -6216 -3384 659 215 -1491
3 -940 -6866 -3238 -5826 -2369 -5213
2 1280 12932 6406 7049 32767 -6836
4 5740 12644 5464 1299 22532 -10224
1 2768 -6848 -3506 1484 -7563 -2772
3 0 0 0 0 0 0
4 288 7170 3074 551 4606 -4217
2 3508 7046 -172 6722 -289 -1645
3 150 -6832 -5068 2179 -909 -2131
4 -2432 8638 -680 -5024 9953 -1385
1 2392 -6372 -3636 949 -26 -704
2 -1306 6310 316 2388 -9344 -2080

1 2732 -6728 -3698 -670 -598 342
4 -1208 8118 -984 -486 573 337
2 540 7830 -428 -460 -206 -1075
3 -52 -7144 -4066 62 -37 355
4 -1228 8132 -966 113 146 200
1 0 0 0 0 0 0
3 0 0 0 0 0 0
2 0 0 0 0 0 0
4 0 0 0 0 0 0
1 0 0 0 0 0 0
3 -526 -8188 -3992 -2072 -3893 -2203
2 8284 16448 -10538 11703 9041 6045
4 -1256 7954 -1428 -1462 4529 198
3 -780 -7024 -3048 -1399 -8066 -3437
1 2934 -6960 -4294 1058 4422 2021
2 5388 21482 -4950 21081 3014 13247
4 -668 8266 -1584 363 2130 195
3 0 0 0 0 0 0
1 0 0 0 0 0 0
2 746 12820 -2864 19251 2488 16012
1 0 0 0 0 0 0
4 -1294 7942 -1264 683 3380 -169
2 -1120 6190 -892 16605 -368 13021
3 0 0 0 0 0 0
3 -1872 -7224 -4914 -1544 -5631 -2315
2 -572 -1712 1098 10225 8794 9875
1 1752 -7050 -3874 -1282 -865 162
4 0 0 0 0 0 0
4 0 0 0 0 0 0
1 0 0 0 0 0 0
3 -1506 -6234 -5130 -134 7410 3892
2 0 0 0 0 0 0
3 -2424 -7414 -4628 1484 11661 4256
1 0 0 0 0 0 0
2 0 0 0 0 0 0
4 0 0 0 0 0 0
1 0 0 0 0 0 0
3 8710 -12046 -15440 -1985 30980 14916
4 -1406 8450 -1200 -1585 -65 -1019
2 -2456 -1136 -1808 -16121 3698 13082
1 3350 -6844 -3700 -705 1852 268
3 5708 -26096 -20048 -5040 32767 -14927
4 -488 8098 -3048 -2281 4006 -1916
2 -4260 4696 -1546 -17319 -1861 13684
3 1938 -17556 -14426 8206 21890 -20502
1 0 0 0 0 0 0
4 -714 8340 -2106 -784 6188 1277
2 -6900 11176 3328 -23703 14475 9659
4 -1096 7586 -1388 4173 -4377 -1162
1 0 0 0 0 0 0
2 -4934 24676 3518 -23981 32767 -7749
3 0 0 0 0 0 0
2 14272 -9446 10540 12278 32767 26462
3 -9070 -17960 -4162 16159 4395 -31613
1 0 0 0 0 0 0
4 -2256 8100 -208 286 1556 -1384
1 0 0 0 0 0 0
4 0 0 0 0 0 0
3 -6034 -13026 320 19253 27260 -9066
2 -1882 5352 34 3552 -7743 3143
1 3834 -6568 -3458 2528 -6178 -3555
3 -12368 -16220 -9458 32767 353 -6845
2 -2736 7054 888 -840 -18495 -603
4 0 0 0 0 0 0
1 1182 -6684 -3866 4476 -6925 -1460
2 -1434 8280 -478 -1115 3082 1382
4 0 0 0 0 0 0
3 -10268 -28506 -22524 32158 32767 23252
4 -1226 7824 -1094 -2145 -634 3278
2 3088 9098 -1608 1112 13653 -1844
3 7182 -22586 -6142 5590 30533 27330
1 3544 -7118 -3864 1771 9202 2622
4 0 0 0 0 0 0
1 4180 -6696 -3978 2470 -3335 -444
3 6350 -12212 1304 -1663 29207 16356
2 2612 8082 -708 2076 4661 -3064
4 -1504 7508 -596 1851 -9838 1663
3 -6 -8618 -3394 -2135 124 3058
2 0 0 0 0 0 0
1 2696 -6912 -4194 402 -2486 -827

3 -268 -7014 -4188 -943 304 561
2 -312 8210 86 -869 3725 -86
1 13464 -7274 -15740 -12790 -7538 -11900
4 -904 7666 -1542 100 -775 130
4 -866 7920 -1808 -879 -12 397
3 166 -7148 -4442 11 290 471
2 330 9598 -634 84 -560 733
4 0 0 0 0 0 0
1 178 -13194 -13268 -27945 -15431 -14700
2 0 0 0 0 0 0
1 -3660 -7430 -4724 -25414 709 -1843
4 0 0 0 0 0 0
2 0 0 0 0 0 0
1 -6670 -10258 -2820 -15008 2990 23620
3 0 0 0 0 0 0
4 0 0 0 0 0 0
3 0 0 0 0 0 0
1 22472 -4896 15814 -13870 23463 16179
2 0 0 0 0 0 0
3 0 0 0 0 0 0
3 12994 -12938 -11758 -8731 24148 -844
2 218 8892 834 1082 2927 -111
1 12412 -1106 3738 22532 -8792 -23650
4 0 0 0 0 0 0
3 15032 -9522 -8282 -12796 11894 -27489
2 -136 8080 -634 99 -5095 -1080
1 -9300 -7362 -6664 7038 -4617 -31917
4 -980 7534 -1594 296 1851 -663
3 140 -8624 -7110 -9760 4849 -32768
4 0 0 0 0 0 0
2 -980 8096 -1588 59 -167 134
1 -14262 -1664 -9524 -2093 2500 22318
1 16930 -1186 8710 -6682 7786 28505
2 0 0 0 0 0 0
3 -10214 -384 -11282 -7668 5930 -12363
4 -1036 8108 -1800 -273 316 743
1 13144 -1142 5298 20450 -28629 -25579
2 46 9146 1116 770 7001 1249
3 348 -2590 -2292 -14828 -92 23692
4 0 0 0 0 0 0
2 1042 7756 810 360 -2530 -643
4 0 0 0 0 0 0
3 25128 4986 15990 9524 11100 -4106
1 -9288 -2192 -1542 4991 -15833 -28715
2 -926 8350 -1472 253 -3415 -280
1 -11596 -1204 -9298 -1847 -791 22993
3 -7042 -4790 -302 8094 -30043 -32768
4 0 0 0 0 0 0
2 0 0 0 0 0 0
1 13584 -1536 7036 -3470 13641 25412
4 0 0 0 0 0 0
3 -5270 1622 -8398 -10017 -664 20811
3 26698 1534 21022 -5354 24545 19054
4 0 0 0 0 0 0
2 594 9030 1110 325 6003 941
1 11042 0 6984 20680 -31486 -24221
3 13078 -3468 -2462 15689 -27556 -30934
4 -590 7708 -1554 -242 -1269 600
1 -15758 -316 244 2075 -9525 -18974
2 -206 8316 472 66 -4421 -1171
3 -11542 5614 -8186 -1649 22544 18173
1 3282 -674 -7390 -5382 4655 30653
2 -660 8112 -1456 11 -2412 -51
4 0 0 0 0 0 0
2 -872 8308 -372 434 4030 656
3 13590 -1554 9624 -5718 3193 25259
4 0 0 0 0 0 0
1 29472 12268 7398 -6321 32767 2117
3 16612 946 1208 15273 -10376 -22072
2 1686 7932 1030 1095 4770 1376
1 -1036 -2146 208 6796 -25445 -25028
4 0 0 0 0 0 0
2 0 0 0 0 0 0
3 -28124 2836 1276 -1222 3983 -13951
1 -10946 40 -11706 6012 32767 17380
4 0 0 0 0 0 0
3 2444 -974 -3812 -7550 -9291 32061
4 0 0 0 0 0 0
2 0 0 0 0 0 0
1 15140 8060 2802 -4447 1855 14893

3 56 -7082 -4964 874 -1149 -173
1 2192 -7344 -4064 2001 1051 -1531
2 -9346 5668 450 24218 24317 1691
4 -1010 19426 -13714 26001 6661 -11972
1 2016 -7220 -4208 670 -976 -1370
2 -1308 4264 2364 13720 -491 -26158
1 0 0 0 0 0 0
2 26788 -8974 17948 7009 32767 4414
4 12346 7334 -3374 29181 20251 15864
3 -278 -7534 -5150 684 -406 112
3 0 0 0 0 0 0
4 -7562 4388 3882 22803 -7156 23260
3 -444 -7050 -4670 -176 1723 564
1 0 0 0 0 0 0
3 0 0 0 0 0 0
2 3242 -158 416 -13348 -19246 16576
4 -19282 7652 -4294 -6450 4856 -19816
2 -14356 3290 838 -417 -24148 2939
1 0 0 0 0 0 0
4 26232 854 6372 2697 32767 -17150
1 3102 -6638 -4188 1955 5131 2230
3 -162 -6960 -4494 -129 497 117
2 11078 506 -1406 958 14099 -20550
3 0 0 0 0 0 0
4 12718 1314 1598 -5377 -30067 24100
3 0 0 0 0 0 0
1 3484 -6834 -4076 649 3173 -141
4 -21384 -1754 -2208 -4403 29072 -5905
2 32767 -10164 10808 -5097 11212 8511
2 -7270 -6522 -8280 4102 -32768 3435
1 0 0 0 0 0 0
3 506 -6212 -4230 1045 -2049 -494
4 5252 -460 -76 -2683 7907 -21402
1 1622 -6864 -4138 598 -2400 -662
2 -6584 -2786 -154 -8859 32767 -12196
3 3172 -7828 -6260 -1200 -15871 -6847
4 18944 -6122 366 -5908 -17984 14311
2 0 0 0 0 0 0
1 0 0 0 0 0 0
3 -3372 -7780 -1964 -5571 -26729 -10024
4 -30868 1398 -3700 6589 -287 12108
1 0 0 0 0 0 0
2 -4654 -562 -5892 -4060 -29787 8569
3 -2858 -5764 -3982 -1838 -4870 -4478
4 3646 -1544 -3990 -290 -653 -25446
1 0 0 0 0 0 0
2 -30150 -7978 6706 -9184 -13780 -13492
4 26700 -8372 1426 -3155 2326 8778
3 -3528 -5942 -4368 406 -2299 -2757
2 20434 -6708 7438 1591 32767 10234
1 0 0 0 0 0 0
4 -29498 -2666 5474 4789 -28094 16826
3 -4536 -7298 -3892 1909 7952 4460
2 -252 -1110 984 -9137 -32768 7705
1 0 0 0 0 0 0
2 -21706 -6324 18984 -5111 -32768 -17215
3 -2772 -7000 -3968 2709 17167 8802
4 3652 -970 -7110 1514 6240 -21596
1 2626 -7666 -4194 1807 -2875 -1529
3 -1170 -6798 -4864 1193 7126 4528
4 25350 -9528 4096 -1505 14375 5635
1 0 0 0 0 0 0
2 15106 -1040 4838 -4437 32767 4313
3 -794 -6992 -4462 -540 3025 2726
4 -8600 -442 2248 5418 -32768 16482
2 5726 -1586 4604 -10054 -32768 5352
3 642 -6346 -5010 1340 3668 1436
4 1276 1042 -6478 -6088 17059 -24310
2 -1488 -284 6218 1789 -32768 928
3 0 0 0 0 0 0
4 29230 -10084 4646 -1553 32767 6286
2 15664 -78 -3150 -4798 32767 -9175
1 0 0 0 0 0 0
1 2682 -7602 -3972 -255 -3632 -371
1 0 0 0 0 0 0
4 -4448 454 1910 6207 -32768 16528
3 0 0 0 0 0 0
1 3368 -6906 -3734 -617 1307 550
2 27520 -7404 7914 -11155 -31172 1449
4 -6142 510 -5388 -9803 11487 -21254

1 11826 -6898 -11104 -8939 -12562 -15219
1 1090 -6160 -12692 -20895 -10194 -12428
4 -852 7948 -1568 566 0 -158
3 0 0 0 0 0 0
2 -6508 4518 -2578 23337 -64 -6572
1 -5004 -3646 -6384 -23001 -2466 -2996
4 -908 7976 -1328 777 -81 -315
2 -6978 1094 258 14486 2814 -11287
3 0 0 0 0 0 0
1 -8016 -1800 -2454 -16044 -2001 9231
4 -172 7512 -1078 1680 -4727 230
2 5922 3012 -308 5906 17033 -17970
3 0 0 0 0 0 0
1 14494 1110 8846 -10644 5783 17979
4 -3196 8808 -2154 -164 387 -399
3 -5498 -8218 -5248 162 7321 2201
2 28278 -7334 5822 1158 17207 8960
1 13664 3598 4128 16738 -14236 -15798
4 3332 27066 -24088 32767 13738 -4456
2 908 -1716 -428 -4708 -22356 10265
3 21400 -21600 -14720 -19391 18063 -20225
1 -3348 -696 -4842 9010 2107 -15396
3 7086 -16344 -4598 -409 -3165 -32768
4 8366 13840 1118 26107 -16269 31834
2 -18622 -3994 3590 -3140 -6830 7109
1 -9284 4338 -10558 3904 -4319 13773
2 310 -962 -9010 -6211 10503 -20656
4 -29970 10184 -8948 6209 12507 -27598
3 -11528 -80 -24430 -24107 27072 24186
1 14554 7140 2798 -5791 9708 17728
4 32767 7680 14122 9275 32767 -11302
2 22596 -7308 -98 6859 32767 12864
3 28482 -7052 28366 -1104 32767 -1352
1 9626 60 1784 10382 -22989 -21309
3 -11150 1916 -1930 10141 -14345 -20275
2 -3124 -1070 -982 450 -24912 9252
4 246 4700 1550 -5820 -24342 27477
1 -16666 -1748 -1998 3065 4696 -10009
4 -6476 -1258 -16560 -2695 4021 7869
2 -26608 -6092 3590 -6477 -3148 -5078
3 -166 8058 -8886 -4060 -1437 5276
1 10722 1936 -1886 -830 -11204 27896
4 -8866 -422 -8234 3049 4316 -14639
3 5130 2054 -4212 -12002 125 13428
2 14498 -4214 -350 -1848 32767 6375
1 32767 11136 6738 11770 3542 -8135
4 13122 462 -992 1140 -2706 -25228
3 12984 -2464 10314 -12218 3743 9998
2 -4486 -1852 -3572 -4928 -32768 7297
1 -18632 -1520 -2208 1460 -12499 -14954
2 -32768 -8584 11414 -2271 -32768 -9920
4 19850 -2204 -3800 -4619 -527 9330
1 8722 522 -5596 -6138 -9802 29477
3 12412 -1998 7070 11065 -8667 -8334
4 5110 2124 -5194 -1972 -14509 21316
2 0 0 0 0 0 0
3 6924 -4266 186 21429 4273 -12864
1 32767 11326 8300 5728 17220 -5410
3 -4190 2392 -18006 8130 -10544 -15472
2 -2808 -1998 -3822 -5008 -32768 6826
4 -17368 50 -5046 3550 -748 14163
1 -20608 1230 -594 2200 -16309 -13547
2 -27496 -5790 12676 5 -32768 -9541
4 -8542 7694 -7620 -3257 9672 -32768
3 1822 -4682 -12096 -25595 -2682 32767
1 17472 952 996 -5436 -644 28382
2 18782 -4802 7190 -4533 32767 9504
3 27826 -652 19336 -2964 22890 3583
1 28930 8914 6288 17987 -5781 -8998
4 32767 -40 860 6844 28882 -5921
2 -3512 -3422 -4744 -7301 -32768 5642
3 2356 -4960 710 13006 -24246 -24181
4 6776 3704 -740 -2053 -28460 21120
2 -31030 -7680 9336 -5450 -32768 -12157
3 -1378 1940 -5704 13023 11472 -2246
1 -20040 -5562 218 2899 -15313 -9031
4 -4118 -1150 -724 -4592 9604 16544
3 -686 -1464 -6070 14418 -7069 8201
4 -3204 2542 -4118 -16208 -3149 5884
2 18882 -3464 1790 38 32767 10108

3 74 -8612 -4670 -1968 -1759 -1708
2 -88 7886 -1140 -590 -1350 512
2 -28 8310 -1148 -1310 454 917
4 -958 7736 -2032 -2493 8216 -1605
3 188 -8032 -1378 -3410 -14509 -6548
1 1550 -6676 -5862 2359 919 884
2 320 8274 -1172 -507 617 92
4 -446 8258 -1956 -1430 8278 -1333
1 7066 -5790 -9850 -4191 4369 -83
1 10668 -8062 -13410 -14992 9467 -6771
2 0 0 0 0 0 0
4 0 0 0 0 0 0
4 0 0 0 0 0 0
2 90 8832 -1676 -933 3471 -326
1 10428 -12290 -11508 -18532 11622 -15605
3 0 0 0 0 0 0
3 -182 -9610 -3924 -815 -13963 -13012
2 256 8202 -658 940 4953 -341
3 -1248 -9158 -5810 -4074 -9302 -11073
1 5770 -9176 -5224 -13080 9194 -20932
3 0 0 0 0 0 0
4 0 0 0 0 0 0
3 -1918 -6304 -6750 -6486 -5105 -8007
4 -2130 8116 -950 -9 4560 -1001
1 410 -3328 -80 -8055 12512 -15885
2 120 7860 -536 1665 842 -1334
4 0 0 0 0 0 0
2 0 0 0 0 0 0
1 138 868 600 2891 16436 -10569
3 -1350 -3924 -5440 -3912 -279 -5286
2 0 0 0 0 0 0
1 0 0 0 0 0 0
3 -29394 -6640 -10220 7909 32767 31997
4 0 0 0 0 0 0
1 -2384 -2062 -5308 20848 16126 3048
3 -2778 -15016 -24242 -15330 32767 32767
2 0 0 0 0 0 0
4 0 0 0 0 0 0
3 14188 -32768 -32768 -26107 32767 -26212
1 1186 -6698 -11126 26336 8314 11723
3 -4186 -28896 -6316 -4610 9151 -26844
4 0 0 0 0 0 0
2 0 0 0 0 0 0
3 -20268 -32768 -12676 32767 32767 8100
4 0 0 0 0 0 0
1 22 -14090 -14010 26457 6421 17277
2 0 0 0 0 0 0
4 -570 8630 -2604 -2392 -3040 -2215
1 8996 -15542 -12408 -6032 25785 24954
2 0 0 0 0 0 0
2 -316 7436 142 1144 -2621 310
1 16490 -1186 2120 -5492 20073 4861
4 0 0 0 0 0 0
3 -25002 -32768 -23526 32767 7181 14978
3 7404 -27844 -22540 12223 16831 27492
2 0 0 0 0 0 0
4 -1638 9116 1872 2373 -5952 1798
3 11414 -20804 -4658 -5061 5233 16348
2 0 0 0 0 0 0
1 -1668 -6984 -4920 163 1928 2487
1 2514 -6398 -4832 -752 804 1897
2 0 0 0 0 0 0
3 268 -74 11094 -345 23281 2336
1 0 0 0 0 0 0
4 -86 7280 1544 3223 -1227 805
4 848 10236 1790 2951 -4312 2490
3 3168 -4286 -4384 1484 -6127 1696
2 0 0 0 0 0 0
1 1404 -6700 -3866 -1715 5235 2725
4 -2238 5914 -260 -711 -11191 576
1 0 0 0 0 0 0
4 -2058 9312 -2216 -2125 572 1300
2 0 0 0 0 0 0
3 -1172 -6640 -11042 471 2659 2773
3 770 -7852 -2058 -7680 4014 2335
1 0 0 0 0 0 0
2 -230 8642 -500 -17 -3055 110
4 0 0 0 0 0 0
1 1542 -6376 -4924 476 1561 1558
4 0 0 0 0 0 0

4 1470 8660 520 -727 998 766
3 146 -7650 -4946 647 -1026 -512
1 2114 -6664 -4706 -27 -882 372
2 4610 12658 -5026 10453 4788 5796
4 -1810 7518 -1082 -4063 -471 3094
1 0 0 0 0 0 0
2 4184 12758 -5504 13903 4482 12030
3 -110 -7370 -4278 -293 -1208 -1069
1 0 0 0 0 0 0
4 -4532 8746 -9112 -6186 15463 3139
2 2948 10390 -5070 15808 1049 13981
3 552 -6846 -4050 -1002 -2133 -2242
4 5864 20400 -10324 10919 19587 2800
1 0 0 0 0 0 0
3 -266 -6240 -4748 -363 -2306 -890
2 786 4670 -1530 15288 1120 12615
1 0 0 0 0 0 0
2 2580 -858 -258 9943 6990 10151
4 4400 31968 -5444 27526 2186 13994
3 -398 -5752 -5700 3147 1949 1813
1 0 0 0 0 0 0
2 0 0 0 0 0 0
3 0 0 0 0 0 0
4 -3654 21174 -2084 21727 11167 16282
1 0 0 0 0 0 0
3 0 0 0 0 0 0
2 2164 -4176 -56 -6223 9860 10920
4 -424 11216 -1672 6296 18212 16803
1 0 0 0 0 0 0
4 -1110 4056 3086 -1182 13585 16198
2 0 0 0 0 0 0
3 -1084 -7420 -3456 983 5692 3653
1 0 0 0 0 0 0
4 0 0 0 0 0 0
3 -578 -7940 -4026 968 4091 2074
2 -4308 3228 -2240 -20606 -313 10548
1 0 0 0 0 0 0
4 -7656 7384 846 -20449 8863 16975
2 -3788 8528 -5730 -25766 8232 8888
3 -1074 -7666 -3870 -98 1462 -271
1 0 0 0 0 0 0
3 0 0 0 0 0 0
2 -5886 17398 -9074 -27318 2822 -252
4 0 0 0 0 0 0
3 0 0 0 0 0 0
1 0 0 0 0 0 0
2 -3576 14894 -6240 -11403 26304 -10597
1 0 0 0 0 0 0
4 -10360 16278 -4706 -29514 3428 5813
3 -1184 -7492 -4272 -863 3149 -825
2 16060 1756 -790 -449 11366 9561
4 0 0 0 0 0 0
2 -1668 7910 -1990 10051 -21004 264
1 0 0 0 0 0 0
4 7130 20686 -3008 2360 17565 -16876
3 -448 -7360 -4090 -2203 -2599 -2257
4 8576 7216 276 3996 -1349 -2315
1 1862 -7272 -3564 -98 -3721 -552
3 0 0 0 0 0 0
2 -7086 5482 -2812 11672 -17814 -8103
1 0 0 0 0 0 0
4 -2146 6550 -746 593 -2873 407
2 2686 9308 2758 -2606 10696 -1015
3 0 0 0 0 0 0
4 -1350 6980 -1580 -4183 5306 2948
1 0 0 0 0 0 0
3 0 0 0 0 0 0
2 0 0 0 0 0 0
4 -1684 8588 -1846 -4466 -419 1574
1 1616 -6768 -4674 807 -506 443
3 270 -7088 -4922 1610 -1868 -881
4 -1396 8738 -1950 -1905 604 -970
2 0 0 0 0 0 0
1 0 0 0 0 0 0
2 -4190 6074 -8440 -2566 -210 -3351
3 0 0 0 0 0 0
1 1358 -7856 -3736 -1519 -5475 -1071
4 0 0 0 0 0 0
3 0 0 0 0 0 0
2 -6720 3778 -2596 -1731 -2318 -2042

1 9298 -6742 -8654 -8914 4510 -4068
4 320 8154 -1416 -309 -414 124
2 6154 13770 -9706 8504 8249 4452
3 -888 -7004 -4600 -157 678 653
1 14520 -7880 -11822 -13558 13218 -12513
2 5044 19952 -10438 20043 3457 10308
4 0 0 0 0 0 0
3 0 0 0 0 0 0
4 -2332 7332 -6800 -2781 6348 -616
1 10746 -11424 -9276 -10874 7510 -23003
2 -980 16906 -2450 25544 -4664 9905
1 2928 -9604 -2374 -12383 -4658 -26085
4 3780 19302 -19164 13060 12457 -1225
2 -1298 7544 2322 24843 1010 5465
3 2100 -7762 -11326 -442 16242 8561
1 -872 -490 5864 -10286 2910 -13483
2 2938 -2560 4974 15175 6530 7190
4 1686 26644 -8448 25586 16501 11036
3 10660 -14444 -20614 -11791 16161 -1695
3 5122 -17812 -12466 -7210 20709 -19332
1 606 2438 3254 2397 16964 -4094
2 3034 -5350 3180 1578 10437 8126
4 412 18358 -1686 18285 8158 19468
3 -1100 -15166 -7638 -5772 4361 -22996
1 0 0 0 0 0 0
2 0 0 0 0 0 0
4 -1196 8760 2092 10502 12923 15297
3 518 -9860 -594 -5162 12888 -15162
1 -2630 2382 -5646 15905 5598 1865
4 3214 5968 6938 -7083 24225 13100
2 -396 -2220 -1152 -17433 7510 11562
3 0 0 0 0 0 0
1 1000 -1414 -5238 17681 18603 10964
2 -2318 3020 -5550 -20019 -1675 11039
4 -2836 14168 3180 -28278 -10234 20095
3 -7790 -12706 -3400 32480 14716 -19187
4 -11646 27782 636 -32768 11937 20060
3 -11566 -21338 -12440 32767 7099 -4351
2 -5712 9984 -7576 -16067 -8336 12873
1 6338 -6656 -9350 17299 7562 17129
1 9210 -11268 -11272 7918 7982 16470
2 0 0 0 0 0 0
4 -10650 25662 -7888 -28313 13697 -1051
3 -6342 -21178 -18616 29108 27551 17522
4 3144 28942 -8808 -13089 23352 -16677
2 -5220 13198 1066 -14991 32767 -1866
3 10388 -20080 -14310 6647 18073 18709
1 1200 -13420 -6008 -8377 17757 20111
3 1824 -14154 -1506 -6947 27287 14111
2 10694 15958 6226 3549 32767 -297
4 1446 15334 3356 2740 32767 -11653
1 10172 -11478 1546 -22140 14612 7430
4 3722 9648 346 7461 19753 -1005
3 2844 -8882 -3480 -10740 12814 5322
1 4256 -6180 -1616 -9913 -4540 -1539
2 4868 9726 3142 12585 -2076 -5940
3 -678 -6554 -1698 -5598 -2714 -2844
3 -770 -5424 -2362 -1611 -1603 -1193
1 660 -4734 -1898 -1392 2369 -1702
2 -14 6678 276 6301 -548 -3223
1 2410 -5660 -4596 7036 1531 -1133
1 2654 -6998 -4438 9197 1398 -3
2 0 0 0 0 0 0
3 490 -5870 -3248 4811 695 2303
2 0 0 0 0 0 0
1 0 0 0 0 0 0
2 0 0 0 0 0 0
3 658 -8382 -4644 9149 -4068 189
1 4092 -7408 -4668 5991 -3404 -243
2 0 0 0 0 0 0
4 166 7200 -238 6543 -8933 103
4 -1388 4056 844 2089 -6892 -490
1 3264 -6844 -4476 2189 -2950 -208
4 -888 5378 -784 -7659 4761 2899
4 -400 9726 -1490 -14526 1600 4115
4 612 13706 -2986 -12742 -1533 2700
4 974 9708 -3808 -3522 -235 760
2 1012 8358 -1608 -1223 -2625 189
3 -1896 -12976 -7516 8781 -18642 -9261
3 -4822 -5820 -6826 3230 -8640 -4172

4 -508 7778 -1544 317 105 -94
1 7936 -7122 1212 8062 -8847 -7276
2 1452 8032 -1222 441 1742 -368
3 -432 -7322 -4164 1637 -530 -87
4 0 0 0 0 0 0
2 0 0 0 0 0 0
1 11598 -11436 -3832 8492 -19320 -16886
3 -328 -7278 -4258 1424 -1709 -838
1 1580 -12544 -13352 -15958 -31776 -17448
2 0 0 0 0 0 0
4 0 0 0 0 0 0
3 -572 -7468 -3796 80 -4977 -2503
1 -4452 -6852 -9580 -26753 -18853 -5988
4 0 0 0 0 0 0
2 796 7876 -750 -328 2873 -360
3 1060 -8624 -2594 -1917 -15488 -7350
4 -670 7650 -1882 -1930 3605 -578
2 0 0 0 0 0 0
1 -5692 -1882 -3294 -20913 -22892 5305
3 2400 -9796 -2646 -4495 -21818 -12499
4 0 0 0 0 0 0
2 0 0 0 0 0 0
1 -2070 1292 826 -11529 -6303 10173
3 4718 -10034 -15592 -13479 -17662 -15884
1 222 2364 2512 -2421 -6183 8237
2 0 0 0 0 0 0
4 -644 8050 -1366 456 7363 -1700
3 -5640 -12158 -22196 -26323 -13508 -9566
4 294 8492 -1244 1856 2976 266
1 0 0 0 0 0 0
2 0 0 0 0 0 0
3 -11320 -11496 -12342 -27056 1610 8808
4 -1376 7916 -936 2561 -4422 1330
2 0 0 0 0 0 0
1 2504 1196 -1202 11843 -5796 10382
3 -3758 -5622 -3966 -22864 1825 10525
1 6792 -2258 -3590 17143 -5340 10596
4 -2246 7888 -782 1568 -2881 666
2 0 0 0 0 0 0
3 -4380 -2960 158 -16834 -6825 7091
4 0 0 0 0 0 0
1 4794 -7352 -11026 21041 -14361 8778
2 0 0 0 0 0 0
3 0 0 0 0 0 0
1 0 0 0 0 0 0
2 0 0 0 0 0 0
4 -24 7926 -1510 750 -172 -245
3 -2148 -5130 -1774 2636 -14571 15347
1 5280 -13216 -5188 3897 20791 15599
2 0 0 0 0 0 0
4 -578 8004 -1416 967 -5196 426
3 6268 -12358 -8734 8681 -8674 19578
2 0 0 0 0 0 0
1 7966 -6272 -5900 4036 -18104 -201
4 -10 8742 -2020 1262 -7316 1259
3 8310 -13876 -14198 6488 -17919 12305
1 1942 -5562 -4646 2058 556 -2290
2 782 8008 -1084 113 4272 -523
4 -2116 6358 -1382 2100 -13059 2126
3 5260 -11830 -12058 10712 -623 14156
1 3052 -7826 -4490 1059 2827 -3257
2 0 0 0 0 0 0
4 -1700 6918 -2848 -2448 -2190 3807
3 4394 -11596 -8330 6010 -10356 5555
1 2186 -8322 -3694 -3337 -6121 -2209
4 -1966 7602 -2520 -2805 -2958 2656
2 0 0 0 0 0 0
3 2060 -9182 -7480 6219 -18527 -5556
1 1368 -6568 -3794 -4944 -3451 384
4 -2046 7878 -2294 -4436 3535 895
2 0 0 0 0 0 0
3 -1092 -7554 -5956 3532 -9353 -4329
1 0 0 0 0 0 0
4 -400 8550 -2468 -3808 8167 176
2 0 0 0 0 0 0
3 -974 -7098 -6048 -738 2016 -1207
4 -578 8546 -2168 485 5060 -335
1 0 0 0 0 0 0
2 0 0 0 0 0 0
3 -506 -7644 -5170 -5299 -1808 -2820

1 3898 -6466 -4006 -969 2653 783
4 3570 8752 5022 1345 -21188 4388
3 326 -6642 -4762 4209 3632 2519
2 754 8536 330 1277 -10477 31
1 0 0 0 0 0 0
4 6172 14306 -770 -2607 -18323 11542
1 0 0 0 0 0 0
4 -1930 19310 -8310 11436 -23145 11885
1 0 0 0 0 0 0
4 -5716 17650 -8206 23976 -15290 3531
1 0 0 0 0 0 0
4 -7110 9408 -4240 21226 -842 -3609
4 -4520 4386 -2298 14584 6968 -5559
1 0 0 0 0 0 0
4 -2438 522 -372 13822 600 -7267
1 3760 -6836 -4086 1045 -435 -238
1 0 0 0 0 0 0
4 0 0 0 0 0 0
3 0 0 0 0 0 0
4 732 -2912 724 5285 -13449 -10485
3 0 0 0 0 0 0
2 3462 8192 224 -3387 -6604 5023
1 2746 -6848 -4218 1092 -5860 -3785
3 -614 -8680 -4536 -1936 3595 557
2 4846 11604 234 -5403 -16082 8983
3 0 0 0 0 0 0
2 10064 16832 -6784 2340 -13412 12171
3 0 0 0 0 0 0
1 1778 -6590 -4226 1059 -2794 -2256
2 -2236 16542 -7818 23546 -24787 6350
2 -7078 10092 -3472 30776 -15009 -9195
4 5372 -418 -1790 88 1364 -13586
2 -828 3092 36 22561 -3207 -15674
3 0 0 0 0 0 0
2 960 -878 3502 13083 -3662 -16053
1 0 0 0 0 0 0
3 0 0 0 0 0 0
4 0 0 0 0 0 0
2 3450 -2398 2838 2159 -7606 -12602
3 0 0 0 0 0 0
2 3230 640 540 -7363 -7654 -6947
3 -668 -8806 -5992 -1372 -6113 -3648
2 4992 4116 -890 -15286 2377 -10296
3 0 0 0 0 0 0
1 0 0 0 0 0 0
2 8276 11254 1086 -18352 4918 -13505
4 0 0 0 0 0 0
3 226 -4616 -5446 447 -2190 -4825
3 350 -5200 -4976 1256 -3175 -6221
1 0 0 0 0 0 0
2 5480 12702 -944 -17351 -13888 -11887
4 0 0 0 0 0 0
4 8270 13452 -6614 -6105 -3235 -10014
3 0 0 0 0 0 0
2 276 15170 -2708 -15690 -2674 -4111
1 0 0 0 0 0 0
1 0 0 0 0 0 0
2 6328 11894 -3206 -3954 3372 -5829
4 1014 12810 -4416 -9063 -3281 -5027
1 0 0 0 0 0 0
3 708 -7112 -6436 -250 -7973 -7006
1 0 0 0 0 0 0
1 0 0 0 0 0 0
1 0 0 0 0 0 0
3 178 -4204 -5994 136 -11165 -7757
2 3474 8852 -1250 -41 -1990 -2858
3 298 -3464 -5898 -1087 -3379 -4090
2 1970 7872 -972 1703 -6219 -906
4 0 0 0 0 0 0
2 294 8668 -186 3069 -3649 -1206
3 1888 -4692 -7706 -385 -4043 -2732
4 0 0 0 0 0 0
2 0 0 0 0 0 0
3 1176 -4680 -8254 1250 1132 688
4 180 10832 -4552 -4102 -7092 -3980
3 0 0 0 0 0 0
1 0 0 0 0 0 0
4 706 9554 -1038 823 2784 -687
2 0 0 0 0 0 0
4 0 0 0 0 0 0

1 0 0 0 0 0 0
2 0 0 0 0 0 0
3 -174 -6822 -4532 459 -1100 -731
3 0 0 0 0 0 0
1 0 0 0 0 0 0
2 0 0 0 0 0 0
2 1306 8748 1582 -1930 -8499 531
3 0 0 0 0 0 0
4 220 7898 -1462 -1138 1563 -864
1 0 0 0 0 0 0
1 0 0 0 0 0 0
3 0 0 0 0 0 0
2 1824 8756 2362 -3204 -12609 3042
4 0 0 0 0 0 0
3 0 0 0 0 0 0
4 -642 7924 758 369 -14872 1181
1 0 0 0 0 0 0
2 0 0 0 0 0 0
4 -692 8358 -420 -2655 -4750 2105
3 0 0 0 0 0 0
2 8304 11750 -734 -2917 -12398 10043
1 0 0 0 0 0 0
2 4792 11332 -3796 8000 -28008 3781
1 0 0 0 0 0 0
3 0 0 0 0 0 0
4 -854 8538 -1080 -3364 -2100 2848
4 0 0 0 0 0 0
1 2450 -6898 -3656 -810 40 711
2 -2342 8314 -6866 18913 -22940 -6302
1 0 0 0 0 0 0
3 0 0 0 0 0 0
4 -1682 7896 -1902 942 -3524 -571
4 0 0 0 0 0 0
1 2168 -7110 -4126 1137 -2161 -1302
3 0 0 0 0 0 0
4 -1174 7374 -484 -21 986 -598
3 0 0 0 0 0 0
1 0 0 0 0 0 0
3 4914 -10390 -618 -4373 -17301 -10075
1 0 0 0 0 0 0
4 512 7402 -840 -1608 6943 -823
2 -3884 5010 -5490 17600 -8014 -13520
3 8196 -16274 4656 -8773 -32768 -22963
2 -1800 40 -2994 13244 -829 -13296
2 -490 -3458 -2464 8429 -2121 -12256
2 1202 -4090 -2862 4977 2181 -9870
4 0 0 0 0 0 0
2 3380 -4700 -1898 4084 2437 -7639
1 0 0 0 0 0 0
3 2430 -17592 -16008 -20023 -16430 -24892
4 -778 9234 -912 -739 8230 -967
2 4174 -4966 -1198 973 -1559 -7387
4 -746 8196 42 1920 2841 716
3 -19604 -18792 -22122 -32768 -29040 -20310
2 0 0 0 0 0 0
1 0 0 0 0 0 0
3 0 0 0 0 0 0
2 4298 -1866 -1858 -7663 -2112 -7590
3 -5088 -14672 -322 -20439 -11039 20624
1 0 0 0 0 0 0
4 0 0 0 0 0 0
1 0 0 0 0 0 0
3 -4578 -32768 -2408 -1994 -7301 29002
2 5410 2342 -2066 -10448 2336 -8331
1 0 0 0 0 0 0
4 25970 20118 -7506 17032 -32768 -1133
1 0 0 0 0 0 0
2 0 0 0 0 0 0
2 0 0 0 0 0 0
2 0 0 0 0 0 0
3 -8696 -4248 -5722 23525 -32768 3906
4 -21652 28180 -32768 32767 13763 3400
1 0 0 0 0 0 0
3 474 -32768 -28714 28785 -26519 -2050
4 -32768 32767 32767 26487 -3376 -32768
1 0 0 0 0 0 0
4 -32768 32767 32767 -32768 -9228 -32768
4 4686 31620 -2228 -12600 -3550 -10855
4 3832 12964 -6268 -1437 -27687 2455
3 -354 -9402 -14780 1230 1376 7876

4 7660 11586 -3512 1364 -11758 5716
3 -348 -6640 -4092 336 2899 1722
1 2468 -6526 -4272 295 8195 855
2 812 7906 1500 778 -12136 -1883
4 3738 18334 -8312 8214 -11530 12519
3 -604 -7216 -3900 -830 240 1362
2 -604 9212 1442 -3089 -8052 3951
1 2312 -6948 -5024 -483 2548 -745
4 -4724 19328 -8138 23091 -15432 6700
2 2334 10774 1986 -5058 -16142 5342
3 -1134 -7198 -4028 -1135 174 1075
1 0 0 0 0 0 0
1 0 0 0 0 0 0
2 4596 12238 -794 -2066 -21334 7809
3 0 0 0 0 0 0
4 -8012 11648 -3684 23766 -11089 -6929
1 0 0 0 0 0 0
3 0 0 0 0 0 0
2 2392 14784 -5934 11005 -32768 4175
4 -5992 5546 740 17328 -3773 -13046
1 0 0 0 0 0 0
3 0 0 0 0 0 0
2 0 0 0 0 0 0
4 -2302 898 2474 10141 -4829 -16166
1 1922 -6634 -3978 -446 -532 34
4 -1734 -410 2524 -296 -69 -15017
2 -5912 10984 -4550 26916 480 -19750
3 0 0 0 0 0 0
2 -1066 2874 968 19897 1867 -16380
1 0 0 0 0 0 0
3 -1228 -7360 -4230 -1102 -2620 -2633
4 0 0 0 0 0 0
1 2268 -6664 -4692 2429 -5225 -2135
4 5260 6924 -1918 -5199 -2507 -16084
2 2184 -1446 3076 10489 -7117 -13712
3 0 0 0 0 0 0
4 4992 10518 -3640 -9293 -3203 -14822
3 0 0 0 0 0 0
1 1844 -6404 -5000 3015 -2799 -1016
2 2892 -1410 1042 -3579 -11806 -11096
3 0 0 0 0 0 0
1 0 0 0 0 0 0
2 2280 1768 534 -17292 -8767 -8113
4 0 0 0 0 0 0
2 3772 15202 2124 -31883 -366 -7189
1 0 0 0 0 0 0
4 3442 15922 -6536 -8919 -5304 -9313
3 0 0 0 0 0 0
4 1982 12360 -5998 -5908 -5537 -4926
1 0 0 0 0 0 0
3 170 -6428 -4846 2655 -2098 -1202
2 4036 18662 -3300 -20577 6872 -5529
1 2430 -7182 -4576 1949 -5570 -2401
3 1236 -6894 -4916 3114 3648 1661
2 12068 14366 -1666 -4692 6335 -7489
4 1972 9854 -4820 -3716 -10301 -267
4 -2914 9050 -3480 -1541 -9595 2195
3 0 0 0 0 0 0
1 1472 -5758 -4726 1959 -365 1579
2 4370 9710 -1422 -805 -243 -3957
4 -1750 7924 -2436 351 -4464 1405
3 118 -7216 -4064 -1286 1671 1027
2 2316 8750 -394 791 1567 -1436
1 0 0 0 0 0 0
3 0 0 0 0 0 0
2 1798 7480 -1056 1947 -5131 -840
4 0 0 0 0 0 0
1 3274 -6396 -4014 -1150 1871 758
4 0 0 0 0 0 0
1 0 0 0 0 0 0
3 0 0 0 0 0 0
2 0 0 0 0 0 0
3 0 0 0 0 0 0
1 2442 -7356 -3792 -2874 2016 -629
4 -1466 7258 -1140 1395 -1703 -1377
2 858 8050 -900 3094 -724 -1084
4 0 0 0 0 0 0
2 0 0 0 0 0 0
1 0 0 0 0 0 0
3 -904 -7652 -3822 -1977 3864 2027

1 3552 -7008 -1070 1594 -5276 -1815
4 -1058 8270 -1458 -161 791 133
2 0 0 0 0 0 0
1 0 0 0 0 0 0
2 4180 8488 3338 1659 -18735 446
3 150 -7078 -3882 -510 -326 -239
4 0 0 0 0 0 0
1 8526 -8798 -202 9129 -1266 -5254
2 1946 9096 1762 -1725 -19239 4697
3 -582 -7564 -3500 125 -1497 -714
4 0 0 0 0 0 0
1 7832 -10804 -992 8273 -24802 -15629
2 4554 13732 -2084 -516 -17370 10918
3 2024 -10970 526 -873 -17155 -6473
4 3156 10276 2858 1607 -14350 1985
1 4382 -9678 -8262 -6468 -28740 -15803
2 -4226 13020 -6334 14835 -31666 -938
3 3818 -11004 138 689 -17760 -9461
4 8234 10176 2514 1541 -24113 8283
1 -252 -5334 -13428 -21163 -11851 -7131
2 -9510 10330 -6348 22151 -8252 -11721
3 700 -14302 -6382 94 -16618 -19220
4 4548 20292 -4380 10672 -26233 15307
1 -4846 -1384 -7716 -23411 -12672 3016
2 -7224 8240 -4230 20705 739 -20218
3 2428 -13014 -16914 -21604 -20044 -18430
4 -8990 16832 -8264 30868 -32768 2323
2 -1120 1338 -358 15173 4288 -17429
1 -1496 -2 -2010 -17790 -8477 6488
3 -12426 -8870 -9236 -25683 -520 1378
4 -11670 12784 -2296 17987 -398 -23093
1 -388 2362 1392 -6919 -8988 5694
3 -6818 -7244 -8546 -23313 -10642 12811
2 1832 -3048 284 7403 275 -10849
4 -4602 7326 426 10140 -6227 -25895
1 986 2640 578 2130 -6236 8365
3 -1356 -6528 -7216 -16884 -3224 14362
2 2574 -2762 -94 -723 -5939 -9226
4 -994 5334 -240 -1477 -6307 -17853
2 3734 -1804 -1278 -8348 -5827 -8141
4 0 0 0 0 0 0
1 0 0 0 0 0 0
3 0 0 0 0 0 0
2 4666 1454 -5318 -13528 -7888 -7397
3 1910 -10882 -1820 -5356 1325 23848
1 6998 2382 -4830 12143 -4428 7748
4 4058 13276 -564 -14505 8862 -18123
1 0 0 0 0 0 0
2 0 0 0 0 0 0
3 4100 -12188 -2630 -1596 -9773 18940
4 8858 15530 -2764 -12901 -8854 -14266
1 4584 -3690 -7958 12820 -169 9707
2 2854 9748 -6380 -17341 136 -3508
3 2790 -21370 -6930 12267 -26088 13570
4 4058 20470 -4680 -18330 -2835 -10143
1 3996 -7816 -7608 13872 4037 9910
2 0 0 0 0 0 0
4 4446 14916 -3444 -9327 -3456 -6571
3 4166 -16960 -10738 9014 -12956 7367
1 0 0 0 0 0 0
1 6564 -7746 -4176 1910 -2663 6898
2 0 0 0 0 0 0
2 5696 10158 -2110 -2115 4306 -4639
4 182 10882 -3818 -8396 -10138 768
3 3904 -9782 -10592 -2962 -23181 -5731
4 -1814 9342 -2912 -4573 -6833 1164
3 -3758 -5342 -5148 -129 -6893 -2388
1 5202 -5938 -4860 1680 -2516 1671
2 -568 8598 -2076 1111 -19930 -2905
3 -1240 -5218 -4884 2013 3560 -781
4 -564 7618 -2384 1038 132 -1368
1 0 0 0 0 0 0
2 -416 7742 -1306 609 5033 3347
4 1094 8892 -1066 6374 -3699 -1543
3 -1068 -7892 -5458 -42 762 -1601
1 0 0 0 0 0 0
4 0 0 0 0 0 0
3 -406 -8406 -3608 -3975 -978 135
2 1518 8954 -1036 2814 2962 1396
3 -232 -7830 -2298 -348 5790 1459

4 -486 8244 -1454 -563 -120 250
1 3104 -6714 -3948 1358 -70 -40
2 1252 7970 -1344 -432 47 22
1 0 0 0 0 0 0
2 0 0 0 0 0 0
4 -614 7434 -1582 -1201 51 76
2 0 0 0 0 0 0
4 0 0 0 0 0 0
1 3076 -6714 -3414 1668 -2769 -646
3 32 -7176 -4550 223 886 489
3 0 0 0 0 0 0
4 0 0 0 0 0 0
1 2714 -5082 -1814 4204 -7119 -2558
4 -1280 3520 -1766 1562 -5686 -632
2 1830 5816 -278 -173 -2028 -1867
2 1016 2474 500 440 -5794 -2788
3 0 0 0 0 0 0
1 0 0 0 0 0 0
4 -2740 8274 -2000 154 1985 -1655
2 -1564 7792 1216 -3435 -8227 1581
2 14704 28700 1552 -5595 9316 5528
3 796 -7818 -5726 822 828 -495
1 4990 -12250 -1706 5522 -333 -3405
4 4456 17356 -7594 161 13882 -229
3 5718 -13578 -9704 -4848 1108 -3136
1 24010 -19202 8756 13393 5851 -9538
1 11756 -17480 -2052 7224 -23107 -19870
4 10174 25478 -5678 5254 -4494 13292
2 5700 25230 2450 6380 -12751 18742
3 9834 -22524 -10854 3140 -1727 -13714
2 -1158 9090 -1528 16335 -13091 15062
4 264 11750 -3978 4515 -2096 11457
3 -962 -13184 -6164 -3929 -15675 -19963
1 1488 -3666 -2976 -4012 -18355 -10415
4 1950 3266 856 5690 -420 10311
3 -456 -2012 -2604 -6823 10216 -3859
2 -4264 6410 4724 12204 348 11464
1 -1576 -5176 -488 -7309 -4637 -9249
4 0 0 0 0 0 0
1 -5862 -2230 4586 -4658 -7962 -4833
2 -8934 -70 11264 10394 -16558 -24
3 -2288 -4612 2840 -3842 7958 -10482
3 -10552 1150 1514 1423 459 -7263
1 -5420 -2682 6086 1365 -1620 3511
4 -17616 730 3918 2511 -2826 4026
2 -4862 -884 8816 -7142 1274 -4828
4 -9086 3614 3012 1823 2713 -11171
3 0 0 0 0 0 0
2 2362 10362 -2048 -14408 7249 -8241
1 828 -5522 -1146 3314 10536 12890
3 1824 -6186 -6056 1120 -5479 17545
2 10520 28312 1028 -18523 19997 -15850
1 15786 -21398 -4110 -3146 17693 29179
4 -884 19610 -2540 -10331 -8037 -25025
4 13602 27340 -15632 -10145 746 -14207
2 15650 19120 2894 -3471 13684 -11860
1 16374 -20422 -1188 -7347 2247 20855
1 12058 -15494 1296 -14709 21994 18250
2 7594 12462 1638 2766 13211 -4983
4 5888 16442 -8630 -1704 -1182 -4763
3 11420 -19900 -18674 10435 -2443 22929
3 8220 -14332 -11414 2774 -8741 5939
1 2358 -7382 -1840 -1374 2121 -3856
4 3334 6992 -3210 1088 -1117 29
2 3948 7364 2696 2744 1997 2043
3 5742 -7348 -6536 2078 -1423 3087
4 596 3662 -1812 -18 -3809 1622
3 1058 -3410 -3484 1081 260 1155
1 1666 -4600 -2480 243 -923 -7521
2 972 5366 518 5386 -8325 -305
4 0 0 0 0 0 0
3 -150 -5358 -4106 534 7235 2859
2 -2106 5912 388 3372 -7163 247
1 0 0 0 0 0 0
4 -1282 8836 -1772 -1385 -5579 3937
3 304 -8680 -5494 -166 -356 -1955
1 594 -8102 -3846 3063 -5092 -1589
2 0 0 0 0 0 0
3 0 0 0 0 0 0
3 0 0 0 0 0 0

1 3446 -8222 -3072 670 -5372 47
1 7608 -7558 -3344 619 -1014 -737
4 752 8914 484 10676 -14911 -2413
1 11222 -3126 -9398 -6185 -8369 -8436
2 556 7428 -1214 797 -775 -1110
4 -1714 7136 1600 4624 -11957 -2573
2 0 0 0 0 0 0
3 18736 -17112 -13512 -18532 11354 -14388
1 3120 -3906 -14560 -16444 -20521 -15282
1 -8026 -6016 -6470 -22371 -7131 3105
4 478 9286 -766 -3291 17244 -237
3 8482 -13914 -13450 -14933 25974 -32148
2 -1020 9382 -1002 -751 2164 -152
1 -6828 -10258 -768 -11549 10788 30786
4 2352 7690 -506 738 685 1118
2 0 0 0 0 0 0
3 -13074 -11358 -14740 -8338 12028 -32481
4 -900 6782 -1278 1167 -4079 1540
2 0 0 0 0 0 0
1 24780 -4790 24744 -23777 32767 11636
3 -10516 -1284 -4728 -17138 -8907 18662
2 0 0 0 0 0 0
3 32767 3712 21356 9867 22856 802
4 296 8546 -1882 134 4488 563
1 1416 -7498 562 24042 -13472 -28515
1 -32768 -10814 -7164 -326 6792 -10494
3 -27372 -1894 -8130 8204 -3679 -23256
2 -284 8498 282 100 5997 -366
4 -258 8562 344 4077 -6326 -934
1 10290 -3076 -598 -8330 -6169 32767
4 -1190 5948 -1598 -1193 -7 559
3 -2502 -3128 -4722 -14126 -15902 27746
2 166 8250 -352 -6 -1258 993
1 32767 14188 16544 17480 -3767 -9109
3 32767 4252 13060 13723 13445 -6005
4 -730 7886 -2276 -3649 6514 418
2 0 0 0 0 0 0
1 -21744 -5856 2138 619 -28514 -23322
3 -26660 -1964 -3400 4531 5072 -21434
4 0 0 0 0 0 0
2 558 7852 426 815 632 652
1 8662 -658 -7486 -10780 -962 31669
3 -3008 220 -4890 -12178 -13268 25492
2 384 7902 -1156 -19 -4909 -300
4 -526 7424 -2772 -1656 5821 -883
3 32767 7954 10770 9608 6160 -8981
1 24378 10740 12634 -5748 32767 1412
4 190 8942 -1864 192 5049 -161
2 0 0 0 0 0 0
1 -494 -3566 -10734 6355 -21108 -27287
4 -990 8326 -986 3282 -4943 -256
2 0 0 0 0 0 0
3 -25234 4098 -3760 2240 15021 -15482
1 -19960 -922 -5122 -3567 17944 23879
3 -1988 -1230 -3094 -8423 -13204 28329
4 0 0 0 0 0 0
2 0 0 0 0 0 0
4 0 0 0 0 0 0
3 31366 6182 13850 12245 32767 -960
2 -514 7204 -1044 -533 -580 382
1 7506 7956 14046 -9084 18629 16132
3 -21344 982 -4232 8057 -5932 -18702
1 1904 -110 4320 18479 -30494 -24122
2 0 0 0 0 0 0
4 0 0 0 0 0 0
3 1566 -2350 -3398 -21547 -13377 24366
1 -11956 -3212 -5002 2927 -10242 -3598
2 0 0 0 0 0 0
4 -396 6458 -1634 -2110 2545 -370
3 27554 2382 17638 8802 6471 -6708
1 20468 526 6134 -2295 -6782 25077
2 0 0 0 0 0 0
4 0 0 0 0 0 0
2 0 0 0 0 0 0
3 -13308 -2534 -5242 11885 -12687 -29853
4 -932 8248 -1332 31 -3793 -180
4 -616 6882 -1638 -577 -159 38
3 -2330 -4602 -7560 -7564 -9958 32767
2 580 7678 132 778 193 -464
3 32767 6064 19032 6969 18132 -3733

2 -2676 16566 -2770 26405 -32595 7210
4 1356 13440 -8450 5630 14853 -1486
1 3492 -5778 -3306 169 1039 1561
3 260 -7302 -4358 -711 -788 1120
2 -17932 12846 2426 19743 1925 -22434
1 3268 -5412 -3284 3930 2333 -211
4 168 15732 -9646 22574 7430 -927
3 -904 -7022 -4726 358 -115 -165
3 0 0 0 0 0 0
3 0 0 0 0 0 0
4 4218 8586 2732 24431 -2514 21300
1 0 0 0 0 0 0
2 234 5784 4358 1327 16572 -28906
3 196 -7836 -3874 -1175 -6492 -1576
4 -8066 -144 -556 11711 -2490 18930
1 3108 -7798 -3552 -211 -4031 -1994
1 0 0 0 0 0 0
4 -17486 4030 -5240 2135 2497 -18017
2 22244 -14718 25464 8303 32767 19818
4 12960 3470 -3624 5344 14037 -25408
2 -2872 4580 -2262 -3494 -32768 7318
1 2950 -6176 -4318 -349 -1985 -408
2 -20354 566 10456 -25402 32767 -8096
3 -264 -7252 -4806 896 -13370 -4977
2 32767 -17422 21950 9809 32767 11426
1 0 0 0 0 0 0
4 25108 -2180 1184 -3502 -8448 24582
1 3468 -6550 -3232 -1775 5055 3600
2 -9222 4444 -1196 -1072 -32768 15140
4 -29184 1738 -882 7604 -4926 22355
1 5302 -6570 -3784 1562 825 -279
2 -24230 2832 8720 -25479 32767 -10637
4 -3672 2642 -4670 -1681 1504 -27843
1 3556 -6540 -3252 2606 -7269 -2872
1 2206 -6136 -3572 1268 275 -1406
4 17954 20 -6396 1854 -6611 -22451
2 26562 -13980 8154 10147 32767 7614
4 20496 -4288 -3438 -1208 1860 17277
2 -10464 1388 -4272 4018 -32768 10689
2 -10168 5458 1504 -21738 32767 -12085
1 4294 -6950 -4022 3684 -1524 -2877
4 -5430 2146 -5490 -1072 3180 26506
1 2250 -6740 -3888 1337 -5432 -727
2 32767 -12866 15412 916 27095 5806
2 -8872 -1446 -7892 2533 -26085 12116
1 2720 -6768 -3738 -2189 5989 2355
4 -14068 -826 -7398 -337 4604 -19705
4 13344 2290 -4622 1890 -5576 -26048
1 4410 -6460 -3570 -256 -1372 -44
4 24082 -4806 -4124 -1471 1100 14427
2 -17806 -426 1776 -13274 27507 -10628
1 2684 -6576 -3796 -1421 -281 1274
4 522 2836 -4232 -2244 6246 29380
2 16654 -10578 7504 4428 32767 6870
3 -2254 -6718 -4500 -1083 -1278 -894
1 0 0 0 0 0 0
4 -12084 -1128 -8532 1168 991 14686
3 0 0 0 0 0 0
2 -7226 -976 -4428 -1334 -32768 8348
3 -750 -5304 -3828 -205 173 443
1 0 0 0 0 0 0
2 -23772 802 1956 -14696 22681 -12369
4 -7854 -4428 -5618 1235 1478 -12740
3 0 0 0 0 0 0
3 -1282 -7450 -4352 -1352 1642 1086
3 644 -7008 -4094 -3235 -3718 -765
3 0 0 0 0 0 0
3 0 0 0 0 0 0
2 17816 -9586 7116 4429 32767 5268
4 -4 -1172 -6244 1524 -7450 -23972
1 0 0 0 0 0 0
3 -1496 -7500 -4856 -763 -463 -343
3 0 0 0 0 0 0
3 0 0 0 0 0 0
3 0 0 0 0 0 0
3 0 0 0 0 0 0
1 0 0 0 0 0 0
4 11608 -1680 -4394 310 -10172 -20808
2 -8064 754 -9724 -3525 -32768 10055
3 0 0 0 0 0 0

3 7268 -9302 -7630 -5161 21317 2461
4 418 11854 -5638 5940 7254 -2241
1 4090 -6320 -3322 231 -2037 -1480
2 918 8796 -1800 1956 -6901 1974
2 -506 9162 -3004 4338 715 321
1 0 0 0 0 0 0
4 2174 12600 -8752 20133 -2116 3937
3 12982 -10682 -6944 -5565 6384 -19058
3 5206 -7708 -9146 -4976 8319 -23706
1 13732 -8004 -13198 -9356 -9460 -13512
2 8856 13174 -9166 18240 -7768 5541
4 228 7546 -6246 21429 5954 8396
2 -9086 3978 -2642 27749 -31189 -13390
3 1522 -4210 -4856 -3088 2903 -22101
1 1198 -4480 -9304 -23854 -9486 -13708
4 -4258 3616 -4068 15822 1128 9025
1 -14986 -4006 -4296 -22290 1877 2565
3 -1848 48 -6190 -4286 -2680 -12381
2 -9332 3412 5158 13583 18021 -15798
4 -4324 944 -5398 10512 8249 1220
3 -1204 2676 -6658 -11459 3834 7821
2 0 0 0 0 0 0
1 5936 -2942 13952 -12220 20431 16813
4 -1690 -374 -4644 8601 4068 -12210
1 8612 -2214 1010 20939 -24503 -21771
3 10684 -2064 -600 -22115 -1403 14213
4 11124 8 -2934 5822 -6194 -20191
2 13924 -1456 8910 -13673 -32768 4535
3 21954 1574 16980 10800 3220 -9313
2 -16558 -6988 8188 3679 -32768 8366
1 -29900 -8480 -3282 7262 1856 -1646
4 22286 -2358 -4562 1155 -1004 15019
1 9092 4668 12264 -2333 11987 16401
3 -2160 498 8 12609 -493 -11643
2 21112 814 -3972 -9709 32767 -13327
4 -350 -1860 -3334 -1213 8260 16003
3 2922 4416 -9728 5725 5218 387
1 4530 -330 -1842 16420 -28312 -24164
4 -2898 -2604 -7224 -1963 351 5922
2 20718 -4102 8694 -14314 -32768 3248
1 -28154 -6128 -4016 -327 2535 4114
4 -3678 -3928 -6350 243 2023 -7451
3 1650 5720 -7052 -6013 847 5862
2 0 0 0 0 0 0
3 5420 3874 -3958 -13906 -10715 8593
2 18090 3388 -5088 -8590 30227 -19029
1 9918 3132 13114 -4499 11339 16680
4 2742 -2036 -6482 2677 -945 -18600
2 32124 -6174 4608 -9943 -28707 6442
1 4076 758 -22 18065 -24862 -21009
3 17762 1746 15610 -9840 1115 5924
4 23528 -630 -1868 4826 -663 -13759
3 11510 -224 4686 9641 -1401 -11811
1 -21546 -2438 -7034 195 -6798 -1315
2 -7906 736 9088 3113 -26450 5363
4 11676 516 -2548 -2807 -2022 16300
4 536 -1168 -5782 -2363 1975 16564
2 0 0 0 0 0 0
3 0 0 0 0 0 0
1 9890 6230 12930 -1451 5189 12947
2 18188 -3464 -2646 -9099 -27457 5753
3 -1092 6030 -5538 181 4754 -433
1 4510 1754 -3536 13976 -17613 -19716
4 -2878 -4134 -7340 425 2084 5858
2 -10672 -418 8104 -918 -30879 -3377
4 0 0 0 0 0 0
1 -17130 -42 -10082 -3629 309 13579
3 886 5764 -4170 -6674 -2594 6920
1 21846 7008 12392 -4777 28708 4043
4 490 -1458 -5856 3172 -678 -17381
2 15756 -2934 -164 -1322 32767 -1421
3 5268 3746 -1530 -10004 -13893 8380
1 -15108 3740 -8794 5029 -19464 -14021
4 20704 1756 -2708 2770 -8333 -19182
2 5414 -4456 -7570 -2651 -25590 4997
3 17156 -1048 4142 -7702 -9537 9925
4 15170 998 -5092 -4474 -650 16287
2 -18188 -1900 54 875 -12098 -10322
3 17126 -1118 5100 10181 4322 -10831
1 13966 8928 5318 -9312 22212 13589

4 -564 7858 -1892 -584 661 -30
2 42 7760 -356 -448 565 1076
2 130 8218 -560 -1767 -173 826
4 -482 7878 -1872 7 521 -152
2 0 0 0 0 0 0
4 0 0 0 0 0 0
1 9670 -5312 -10398 -7650 6103 -2290
3 -3756 -6326 -8034 2576 2150 2352
2 0 0 0 0 0 0
4 -644 7756 -2066 -1151 3722 -787
3 23908 -14954 -15938 -6741 32767 8505
1 11346 -7892 -10188 -13858 -62 -10504
4 -398 7512 -2084 -2521 6577 -640
3 6772 -21970 -14446 -10277 12852 -23937
2 0 0 0 0 0 0
1 6976 -5464 -9950 -16836 11966 -11627
2 0 0 0 0 0 0
4 -12 8374 -2064 -972 3710 387
3 -74 -11438 -9446 -5989 14975 -18104
1 6174 -3424 -5902 -11946 7167 -13261
4 0 0 0 0 0 0
3 2088 -7408 -5300 128 15531 -18728
1 4790 -1326 -1178 -7776 6683 -12186
3 -364 -970 1120 1910 7441 -11827
4 0 0 0 0 0 0
1 3168 1870 906 -2255 9973 -9840
2 0 0 0 0 0 0
3 262 1892 1050 10428 12964 -4105
4 0 0 0 0 0 0
1 1068 2174 450 2959 10985 -6789
1 -1176 2286 468 10069 16230 -4113
2 0 0 0 0 0 0
4 0 0 0 0 0 0
3 0 0 0 0 0 0
2 366 7654 -190 708 1412 -1157
2 0 0 0 0 0 0
2 0 0 0 0 0 0
1 -3884 154 -2180 20773 14206 1964
4 0 0 0 0 0 0
3 -1980 392 -1518 17611 2714 -4591
1 592 -5306 -7898 25657 11657 8610
2 0 0 0 0 0 0
3 -3172 -4070 -6262 19431 -2360 -3778
4 -448 8096 -1878 923 1697 205
4 0 0 0 0 0 0
1 8088 -22264 -11318 15518 32767 22762
3 0 0 0 0 0 0
2 0 0 0 0 0 0
1 7776 -17156 -5000 -10097 -4650 20610
1 11914 -14234 2926 -21048 22087 15084
4 0 0 0 0 0 0
2 0 0 0 0 0 0
3 -4828 -11960 -10900 23971 4946 6776
2 202 8274 -558 559 2392 -60
4 0 0 0 0 0 0
3 13314 -20890 -9838 11477 32767 32300
4 -664 7342 -1786 -1316 185 1179
2 736 7888 138 3196 -1968 -789
1 2548 -5378 1442 -6785 -4968 3800
3 4542 -11678 -3598 -5041 2802 4939
4 -206 7552 -1866 -1198 -3041 1260
2 0 0 0 0 0 0
3 -834 -10090 -814 -1942 12809 7359
1 2196 -5570 -3656 3518 4472 2700
1 2418 -7758 -9164 6277 -9648 -1363
4 -804 7394 -2104 -1467 -5519 1636
3 0 0 0 0 0 0
2 0 0 0 0 0 0
4 0 0 0 0 0 0
2 0 0 0 0 0 0
3 -558 -7776 -3496 -149 7360 4026
1 0 0 0 0 0 0
4 -1802 7766 -1932 -1722 -3967 263
2 0 0 0 0 0 0
1 0 0 0 0 0 0
3 28 -7012 -4532 -600 3151 2848
1 3714 -7526 -4338 -405 14022 3591
1 2650 -6578 -4114 1391 -9133 -1522
3 1044 -6846 -4104 808 2399 1094
3 -132 -7206 -4638 728 -4394 -2424

1 2616 -6830 -3816 585 -3831 -784
4 1738 16358 -10940 11073 15760 2831
2 4056 12214 -6896 9338 248 -924
1 0 0 0 0 0 0
2 2320 11486 -10306 14945 2669 3279
4 -476 19124 -5920 21382 2668 6684
1 0 0 0 0 0 0
4 -940 12326 -4248 17769 10512 7242
2 654 12882 -9476 16052 12421 15873
3 -530 -7188 -5340 4199 7941 3943
4 1078 4872 -2658 10363 13253 9285
1 3158 -6536 -3786 -1218 2360 -502
2 422 10592 -4296 17979 -587 15576
3 230 -7704 -3940 1305 4880 2009
4 0 0 0 0 0 0
1 0 0 0 0 0 0
3 0 0 0 0 0 0
1 0 0 0 0 0 0
2 -434 1846 -10 15476 5290 11268
4 1654 -620 1434 -2115 6694 13303
3 200 -7372 -2768 -1067 1738 -124
2 1298 -3202 1926 8165 7626 7628
4 -800 -1258 3124 -9337 7513 14390
1 2764 -6422 -3930 -772 2672 2258
2 814 -3954 2880 246 8720 7924
3 -606 -7402 -3086 -2386 -2425 -2079
2 -372 -3786 1724 -9420 9978 7220
1 0 0 0 0 0 0
4 -3542 2304 888 -21807 3617 13890
3 -1014 -7658 -3392 -2632 -4383 -2461
3 0 0 0 0 0 0
1 0 0 0 0 0 0
2 -672 -940 -1756 -22255 15852 7796
3 -1070 -7844 -4160 485 -2409 -1059
4 -8626 9116 220 -25016 -10476 17677
1 2272 -6942 -4618 1134 649 982
2 -3212 5380 -7164 -28748 3764 1977
3 0 0 0 0 0 0
4 -11576 15290 -3906 -24493 20189 10783
1 2664 -8308 -4574 -1034 4806 398
2 -1078 12978 -10990 -23498 -516 -342
4 8816 21292 4862 -12320 32767 -17978
4 6296 16444 -780 -1422 11646 -12073
1 0 0 0 0 0 0
2 -1852 13024 -6380 -12598 10796 -4532
3 -124 -7330 -4542 1350 -860 -198
1 0 0 0 0 0 0
2 5716 11104 -1078 -2967 28130 -6725
3 0 0 0 0 0 0
4 4028 9872 3274 1436 25280 -4199
2 3346 10232 -1148 1044 4507 -6555
3 472 -6978 -4708 1005 -206 -187
3 0 0 0 0 0 0
2 -106 9196 -496 1307 10790 -3124
1 1252 -6504 -4046 992 -2170 354
1 0 0 0 0 0 0
1 3616 -5924 -3744 3112 -6607 -4478
2 0 0 0 0 0 0
3 -212 -7508 -4552 -2875 -1475 -1562
4 3014 10280 -1850 5487 16419 -2432
4 0 0 0 0 0 0
4 -1474 5940 -790 893 -2467 1642
1 2164 -7112 -4132 4134 -10243 -4937
4 -506 7274 -2486 -4033 -10022 2320
3 0 0 0 0 0 0
2 240 7848 90 208 9296 -733
1 1950 -6930 -4200 3738 -3120 -1963
4 -4242 7628 -1468 -4077 -4787 3565
2 26 8512 -264 -830 6508 -110
2 0 0 0 0 0 0
1 0 0 0 0 0 0
4 0 0 0 0 0 0
1 2972 -7530 -4576 3015 678 26
2 652 8020 -158 1028 1931 -153
4 -1432 8184 -2530 -1130 -1206 369
3 122 -7040 -4150 -943 696 217
3 0 0 0 0 0 0
3 0 0 0 0 0 0
3 0 0 0 0 0 0
3 0 0 0 0 0 0

4 1462 11544 -7332 3628 11411 209
2 368 8104 -390 201 947 -244
3 6862 -10112 -8014 -3832 18963 5434
1 2650 -7016 -3446 17 610 -189
1 0 0 0 0 0 0
3 7386 -11484 -11996 -6677 16799 -6836
4 -614 15492 -10458 14598 7275 1204
2 1242 9604 -1686 1053 2466 1379
3 7106 -11464 -10638 -8056 18213 -11578
1 5448 -8906 -6934 -3678 547 -2837
4 752 13238 -9398 16652 14113 7957
2 7356 11450 -3892 4360 9076 5143
1 10120 -6576 -8820 -9971 1423 -8783
2 6022 13498 -4860 8244 -1838 9986
4 0 0 0 0 0 0
4 2422 6800 -596 2900 11624 20684
2 3758 14734 -6124 12445 829 15896
3 0 0 0 0 0 0
3 2746 -7382 -1904 8343 7405 -18972
4 2520 4566 510 -4118 8477 18821
3 742 -4012 -1288 12428 6018 -12898
2 2496 10000 -2596 16654 -2053 13426
4 0 0 0 0 0 0
1 10044 -8522 -9970 -11498 11088 -12535
3 152 -4534 -788 15777 5523 -12140
1 8224 -7348 -6758 -10019 6613 -16197
2 2712 2086 876 15157 -337 11103
1 5262 -3672 -1534 -8199 4569 -17103
3 -5684 -6288 -1008 18223 -3433 -16474
1 4122 -1422 1268 -3820 2301 -20237
4 -3440 9666 3148 -14537 -5753 23603
2 3686 -1084 1442 10832 417 10310
3 -8018 -12220 -4756 27069 9770 -8091
4 -7384 21760 2768 -25112 5791 25624
1 -2498 1128 2364 -1880 3463 -13599
2 2162 -3506 2246 4674 -698 8921
3 -6058 -17236 -12122 29226 13124 5058
1 -3718 2296 936 2170 7380 -5192
4 -12076 22410 -5212 -26798 20531 7008
2 822 -4404 1492 -7934 7415 10740
4 3192 28710 2886 -15632 32767 -13828
3 492 -22954 -14448 13243 29832 30664
1 -1902 2268 298 12239 26828 3795
2 -586 234 134 -20034 7307 10697
3 1456 -20746 -2960 -2681 32767 11418
4 4146 19144 4366 8227 32767 -7930
1 -4318 -5066 -4518 26089 13530 9870
2 -796 8052 -2144 -27823 6807 10635
3 6360 -15328 -1542 -21009 16801 -260
4 4474 11826 -2426 16635 12658 -47
1 2766 -11236 -9306 21085 15381 22124
2 -4970 19028 -2150 -28066 15102 4326
3 1960 -10938 216 -9804 -21070 -12556
1 8294 -20328 -9756 -1771 22338 25751
2 6372 26824 5740 -5407 32767 -11922
4 8650 9668 1976 9287 -22507 6898
4 -2936 3606 1318 3134 -9365 493
1 16376 -19356 8320 -31623 32767 19612
2 14322 15782 5674 19581 7974 -5192
1 1558 -7260 -500 -10615 -7543 -1556
4 -1798 3560 -1134 -7433 3686 664
2 1184 7044 2072 10914 7599 -3311
3 -1036 -4214 -3030 -2720 5538 3122
3 -1050 -2990 -3204 6838 519 2240
3 -1074 -7948 -4228 13939 2831 3466
1 988 -4174 -2402 -1908 6667 -818
4 -1028 8716 -596 -15381 1296 3345
2 1560 5406 734 505 4163 1545
1 0 0 0 0 0 0
4 -968 14566 -1656 -17609 -3369 4993
3 302 -11982 -6402 15516 -5676 2042
3 -752 -10608 -5050 7817 -6940 -1729
4 -2634 12956 -1730 -8999 -12288 2762
1 212 -7214 -5724 4102 -4419 1083
1 0 0 0 0 0 0
4 -2524 9354 -1816 -4701 -1797 1895
2 0 0 0 0 0 0
2 0 0 0 0 0 0
2 1402 8746 -1484 -4599 219 1218
3 -1512 -8050 -5422 4338 1787 522

3 -474 -7486 -5680 2713 -8673 -3364
1 2500 -8312 -1912 5551 -12019 -3950
2 1146 8214 -840 560 776 -489
4 -544 7800 -1810 -977 -72 235
3 -2036 -6880 -5600 -236 -2256 -834
2 0 0 0 0 0 0
4 -1214 7864 -1700 -727 -1244 271
1 5420 -7982 -3230 6658 -9199 -7694
3 0 0 0 0 0 0
1 8284 -8206 -6102 3122 -20839 -17416
4 0 0 0 0 0 0
2 0 0 0 0 0 0
3 0 0 0 0 0 0
2 0 0 0 0 0 0
4 0 0 0 0 0 0
1 2316 -10722 -10450 -13580 -28924 -10185
1 0 0 0 0 0 0
2 0 0 0 0 0 0
3 0 0 0 0 0 0
4 0 0 0 0 0 0
3 -378 -6954 -4624 132 -4886 -1961
4 0 0 0 0 0 0
1 -3676 2128 -2390 -21997 -9172 5702
3 2726 -8770 -2388 -576 -7561 -3838
2 0 0 0 0 0 0
2 0 0 0 0 0 0
4 0 0 0 0 0 0
3 7130 -16294 1170 -8190 -32768 -23082
2 -392 8196 -292 -268 54 344
4 0 0 0 0 0 0
3 2006 -14974 -20988 -14749 -17679 -23744
2 0 0 0 0 0 0
4 -1064 6492 -1248 -2207 3296 -1098
4 0 0 0 0 0 0
2 0 0 0 0 0 0
4 -1382 8698 -878 279 -1063 882
2 0 0 0 0 0 0
1 -7700 3962 -398 -11408 -8231 6161
3 -10654 -20516 -13308 -28187 -16241 465
1 -2848 4704 732 -7748 -9025 6383
1 -912 5096 2416 -4754 -6327 5935
3 -12802 -18504 -5668 -26736 -502 18920
1 -364 5266 2122 -427 -3290 4825
1 0 0 0 0 0 0
2 0 0 0 0 0 0
1 3232 4338 -222 8292 -9293 5860
4 0 0 0 0 0 0
3 -8982 -11590 -1292 -18280 -7263 19781
2 0 0 0 0 0 0
1 0 0 0 0 0 0
4 0 0 0 0 0 0
3 -2874 -9656 -1580 -9052 -5036 19966
3 0 0 0 0 0 0
1 0 0 0 0 0 0
4 -1100 8382 -824 4440 -5433 -1270
2 0 0 0 0 0 0
1 0 0 0 0 0 0
2 0 0 0 0 0 0
3 1222 -22100 -5516 7057 -14926 25725
4 -928 8620 -896 3384 -2355 -1265
3 6172 -27796 -9538 10710 -5614 26589
1 6994 -2268 -6786 11875 -3629 5359
2 0 0 0 0 0 0
4 0 0 0 0 0 0
1 6752 -6964 -7762 18282 2811 3772
2 0 0 0 0 0 0
3 1240 -22246 -10856 9199 -12885 6460
4 0 0 0 0 0 0
3 714 -9610 -8212 6473 -32151 -6483
4 -1400 6802 -2626 -7344 -279 4884
1 5126 -7662 -6582 9163 251 4691
2 0 0 0 0 0 0
2 0 0 0 0 0 0
1 5506 -8526 -4882 2996 3455 6187
4 0 0 0 0 0 0
3 -2120 -7628 -6900 1024 -2185 27
3 -216 -7220 -5724 -4607 -5198 -3469
1 0 0 0 0 0 0
2 244 8102 -384 764 3342 -281
4 -1370 8408 -2474 -4289 5373 776

1 0 0 0 0 0 0
2 1224 8190 -578 2328 -3753 260
4 1070 9054 1022 2556 -8971 1303
1 3618 -6664 -3850 -268 994 801
2 0 0 0 0 0 0
4 5274 8774 3032 1816 -20659 5510
3 -44 -6842 -4568 1736 2128 1583
1 0 0 0 0 0 0
3 -188 -7156 -4646 96 1892 1550
4 0 0 0 0 0 0
2 2886 9904 1190 152 -6603 957
1 0 0 0 0 0 0
3 0 0 0 0 0 0
2 5884 7932 7252 -595 -32768 541
4 3538 16714 -3772 13068 -29081 10884
1 0 0 0 0 0 0
2 28 15762 432 3825 -23217 13967
3 0 0 0 0 0 0
4 0 0 0 0 0 0
1 0 0 0 0 0 0
3 -876 -7302 -3966 416 3494 1337
2 -8758 12010 -2132 15588 -32768 -647
4 -10850 7878 -1834 15561 -15365 -12679
1 2448 -6642 -2994 -526 -6682 -1224
2 -12500 7926 -4422 14904 -8985 -13665
3 0 0 0 0 0 0
2 -12634 9402 -3466 11318 -1 -25871
3 0 0 0 0 0 0
1 2260 -7128 -4392 1880 -4364 536
1 2492 -7208 -4216 -234 6100 2499
3 0 0 0 0 0 0
4 -7564 5394 -1238 8124 -4245 -18460
2 -2166 4368 -1184 11997 10595 -22804
4 -4778 634 1642 3428 -1706 -17635
4 -886 -1458 386 -967 -2982 -13979
1 0 0 0 0 0 0
1 0 0 0 0 0 0
3 0 0 0 0 0 0
3 0 0 0 0 0 0
4 0 0 0 0 0 0
2 774 -384 296 7938 -5227 -19507
4 964 1344 -2112 -7167 -954 -13511
2 -120 -3578 -954 728 -8973 -15107
3 0 0 0 0 0 0
2 2882 -1498 -3120 -5921 -559 -8212
4 0 0 0 0 0 0
1 2404 -7388 -4354 474 -1563 -806
1 0 0 0 0 0 0
3 240 -6936 -4830 1162 -4519 -3014
1 0 0 0 0 0 0
3 0 0 0 0 0 0
1 2380 -6638 -3950 1454 -4128 -1750
3 0 0 0 0 0 0
1 1884 -6932 -4214 2541 -1066 -128
3 -754 -6522 -4864 2109 -3161 -1269
1 0 0 0 0 0 0
3 0 0 0 0 0 0
4 3826 7252 -3694 -9265 -6863 -12225
2 2946 2764 -1684 -13149 -16775 -6567
4 3116 11252 -3658 -15118 -13486 -7961
4 2038 17460 -5760 -17748 -5095 -1711
2 5000 8214 -4572 -14461 235 37
4 -86 18022 -4980 -16200 -192 2700
2 5414 6624 -4642 -10608 -2236 -1613
4 1160 13658 -4734 -8792 -7569 1664
1 0 0 0 0 0 0
2 0 0 0 0 0 0
3 0 0 0 0 0 0
4 -2180 8954 -1502 -170 -18544 2962
2 0 0 0 0 0 0
2 2132 11996 -3346 -8880 -317 -2274
1 0 0 0 0 0 0
4 -3688 6246 -754 665 -9000 3948
3 0 0 0 0 0 0
2 0 0 0 0 0 0
1 4488 -6796 -3424 -3444 10625 983
3 0 0 0 0 0 0
2 1392 9576 -2888 -1127 -3582 -2142
4 -2250 7694 -1832 1364 -5997 -2183
3 0 0 0 0 0 0

4 0 0 0 0 0 0
3 0 0 0 0 0 0
1 7656 -7990 1942 11649 -29186 -11674
2 2948 8466 -172 2459 -20160 2587
1 6122 -10468 -6314 4672 -9363 -16463
3 1188 -9694 504 -388 -22778 -9553
4 2638 8606 2312 -656 -17214 3584
2 1802 13678 -2482 4409 -15321 13400
1 3374 -10898 -7930 -2912 -25513 -16307
4 9174 13584 1384 2072 -32768 8234
2 -3850 13676 -4094 16363 -28907 3186
4 3000 18340 -3958 17105 -32768 8578
1 -5968 -7706 -10986 -15059 -18707 -2252
3 4734 -12986 -1168 1382 -26353 -15786
2 0 0 0 0 0 0
2 -16920 1576 434 11244 -2503 -26904
1 -10074 -1566 -8986 -22146 -14543 5847
4 -14402 12924 -2982 21602 -28770 -5008
3 2594 -14200 -8804 -8016 -24529 -20414
2 -4268 156 -3424 8776 8181 -22288
1 -4508 2042 -4350 -20783 -4454 13505
4 0 0 0 0 0 0
3 -4204 -12254 -15844 -22634 -16686 -8286
2 -328 -3846 922 5193 -2099 -11536
1 -438 3496 -278 -13043 -7305 5925
3 -8130 -13486 -11752 -31149 -1168 10306
4 -5768 8482 596 1420 -6260 -26489
3 -3770 -7136 -7586 -21827 -6073 16824
3 -1686 -5074 -1558 -11003 -5999 14514
1 -4150 2116 3562 444 -10700 7622
4 -2366 6980 1370 -7934 2728 -17834
2 0 0 0 0 0 0
3 0 0 0 0 0 0
4 0 0 0 0 0 0
1 462 -640 950 11523 -1438 11563
2 0 0 0 0 0 0
4 6518 7296 -1774 -5056 -6792 -16104
3 5512 -7356 730 -5512 2651 18618
1 4316 -2984 -2456 13858 4512 10727
2 5110 5772 1236 -13777 -6476 -8334
3 2098 -6862 -2232 -3405 -28149 6869
4 0 0 0 0 0 0
1 0 0 0 0 0 0
2 7704 10382 -1734 -16126 3446 -9088
4 4780 21620 -10390 -24551 -586 -5197
3 5780 -15466 -5368 7760 -16022 17346
1 10150 -7606 -6150 11697 2467 15051
1 6138 -11222 -8752 12342 -752 12836
3 9056 -16838 -12948 12086 -10278 8826
4 462 16258 -8872 -14751 -3585 -219
2 7586 11896 -4062 -12059 -4305 -8051
2 -1026 12862 -3958 -14658 -5486 -3708
3 354 -9308 -11534 7699 -14973 -933
4 -1040 10336 -7850 -8736 -3931 2030
1 9554 -11368 -6564 4425 7759 12665
2 3728 14000 -4568 -9289 8303 -4518
4 -1872 8392 -3698 -1824 -10120 903
3 -412 -6362 -8268 5013 -7857 -710
2 2312 9606 -1804 -4350 -3007 -4990
1 8576 -6874 -3766 508 -4280 4470
3 -840 -6930 -6586 1529 -5343 -1843
4 -2118 7878 -2244 856 -4043 198
1 2768 -5250 -4554 2249 -4519 -1694
2 2126 8446 -2556 -2497 2831 -963
4 -1276 7672 -978 2365 -675 -1208
3 -864 -6956 -4810 -2267 -1929 -176
1 0 0 0 0 0 0
2 0 0 0 0 0 0
4 0 0 0 0 0 0
1 1714 -9276 -3394 -4328 -4145 -1685
3 0 0 0 0 0 0
2 106 9098 -406 5453 -3747 -873
4 354 8032 -196 1645 1623 -903
1 0 0 0 0 0 0
3 0 0 0 0 0 0
2 0 0 0 0 0 0
3 0 0 0 0 0 0
1 2690 -6822 -3532 -3484 1881 820
4 0 0 0 0 0 0
2 0 0 0 0 0 0

2 404 8192 -968 78 1186 -1336
4 -480 6278 -1192 -465 7 53
1 2764 -6370 -3742 628 -2380 -722
3 -228 -5352 -3632 353 -889 116
1 0 0 0 0 0 0
4 0 0 0 0 0 0
2 0 0 0 0 0 0
3 0 0 0 0 0 0
2 0 0 0 0 0 0
1 0 0 0 0 0 0
3 0 0 0 0 0 0
4 -1238 9430 -2594 -1689 2460 227
1 2398 -2978 -1266 3340 -4774 249
3 0 0 0 0 0 0
2 0 0 0 0 0 0
4 2304 11382 -5012 452 -824 1095
1 11518 -9900 2028 6307 966 -4909
2 -150 11796 -1002 -966 -4803 -640
3 13976 -24102 -11292 717 -867 -8772
4 11180 24124 -15380 10634 6852 8126
3 -3750 -23544 -11344 -4902 -1688 -30992
4 -2692 24094 -6124 12222 770 15982
1 17648 -26454 4694 23533 -11925 -24119
2 8806 14652 6464 170 -3363 3336
3 234 -2676 -616 -9247 1233 -4547
4 0 2086 2156 5992 524 8107
1 11620 -13588 -7212 8818 -7437 -17681
2 6032 28428 8770 -6547 10928 20691
1 10728 482 -568 -2551 -6157 -8354
2 8344 11904 2456 -5892 -7321 17721
4 -8118 744 7358 1819 4794 10485
3 -3626 -1758 1594 -2479 14784 -3833
1 -788 -9012 1206 -3300 -24951 -18013
2 -38 14708 6550 -3957 -32768 19699
4 -6500 698 1224 -1324 5904 -259
3 -6604 446 -288 1675 6250 1519
2 -15060 -6020 17646 4537 -7142 8684
3 0 0 0 0 0 0
2 -8934 1560 9480 -8253 -304 -7733
3 -4086 -6798 -4972 -4531 -13553 6364
1 -9426 -504 5916 -3887 4781 -3472
4 -4910 974 1440 -397 -3935 -7701
1 -8906 -3296 6868 4295 -2612 2986
4 -3468 10422 1550 -3037 -11782 -14501
2 260 16328 458 -14562 5525 -16457
1 -4884 -7524 -1520 6122 8076 14392
3 7896 -14116 -17170 11148 -816 19746
4 6716 29312 -11144 -19262 14425 -16983
4 11624 19950 -10816 -2863 1411 -7766
3 8370 -17398 -16948 8442 -6120 9797
2 13852 21268 224 -14497 18619 -18379
1 17510 -14944 -1734 -7281 26053 31202
1 19880 -22746 4274 -15227 -3889 19791
3 6088 -10392 -9290 5422 3002 5635
4 3212 8988 -4562 -1185 -5310 1769
2 12472 22208 1002 -4852 16905 -12129
2 7554 11820 3440 3092 11228 -5199
3 3052 -2240 -2490 652 2752 712
1 14554 -15392 6390 -13540 13320 14904
4 1460 2938 -2080 -325 -4201 2076
3 368 -3866 -3700 -1150 1824 -1385
1 5620 -6628 4864 -3046 7089 -1149
2 1122 8864 2764 2548 -3422 167
4 -1666 4110 -1238 1895 -2152 2123
1 -36 -6738 -2838 2322 -10153 -5785
4 0 0 0 0 0 0
3 -486 -8402 -6440 -260 -6934 -7554
2 -1854 5280 726 5089 -9620 -1714
2 -1814 5404 652 3607 -1159 -1061
1 932 -4982 -3192 -1604 2983 -4846
4 -1956 5616 -978 104 -9880 -1509
3 -2090 -5668 -3214 -3641 -7452 461
2 0 0 0 0 0 0
1 1822 -6906 -4080 67 -1986 -3314
4 -1848 8618 -1254 -3177 12012 -1183
3 -1908 -7730 -4354 62 14601 6882
2 -1022 9796 -974 63 7855 -626
1 3600 -9250 -4388 -3619 3394 527
4 1820 7734 -2668 -1295 3265 -996
3 2046 -6060 -4202 215 269 2467

1 17676 -8774 -10914 -5974 -12952 -15344
2 352 9072 -684 213 -47 -602
3 -1272 -7144 -4474 -451 -664 -486
4 -340 7876 -716 417 435 -329
3 -1352 -11694 -3900 -516 32767 10419
1 -398 -11406 -12230 -22453 -22880 -21180
4 -414 8220 -754 -145 324 -201
2 0 0 0 0 0 0
4 0 0 0 0 0 0
3 18890 -16254 -7294 -7359 1887 -29101
2 0 0 0 0 0 0
1 -6552 -7936 -4450 -24976 -11516 -3988
2 0 0 0 0 0 0
4 0 0 0 0 0 0
1 -8894 -7636 -3274 -13053 -981 25608
3 5406 -14110 -4922 5152 15766 -32768
4 0 0 0 0 0 0
3 -14500 -3000 -20082 5508 12133 -25284
2 0 0 0 0 0 0
1 21792 -9906 16344 -7641 13036 29200
2 1008 8988 118 1289 3680 117
4 0 0 0 0 0 0
1 11268 -1196 3352 25185 -19791 -22080
3 3310 -1590 -1494 -19507 99 24036
4 0 0 0 0 0 0
1 0 0 0 0 0 0
2 132 7414 -522 988 -5713 -829
3 26806 4620 19326 7857 -8047 -13344
3 -20396 804 -5712 2180 -9311 -20871
2 -1404 8842 -542 -1226 125 661
1 -22374 -2856 -6422 1712 -3531 6977
4 0 0 0 0 0 0
2 1608 7882 -2248 -797 539 185
3 6240 878 1036 -15857 -6063 21206
1 29876 2378 -5626 -1052 -17990 32767
4 0 0 0 0 0 0
2 -1766 8574 706 802 -647 -1455
1 21570 3726 6734 8960 -11454 -25368
4 -362 8002 -1426 -256 1227 -401
3 25518 5232 13348 11495 804 -6935
4 0 0 0 0 0 0
2 1296 8614 -28 -244 -5313 -1121
1 -22238 -7150 144 3326 20476 -10325
3 -19006 3310 2028 976 -16412 -19946
2 -2180 7472 -1008 -144 1033 296
1 -3248 -2994 -6284 10 -12430 31593
4 -750 7724 -784 -1976 3649 904
3 4858 3584 -3236 -8298 -14704 18851
2 0 0 0 0 0 0
2 1088 9032 638 378 2628 811
4 118 8686 -1724 1374 -568 -39
4 0 0 0 0 0 0
2 0 0 0 0 0 0
4 0 0 0 0 0 0
4 -178 7936 -1374 -7 767 290
2 -412 8496 -1588 482 -359 -307
1 32290 6792 23888 -12199 32767 18896
1 14146 -3020 -9828 17307 468 -24285
1 -11622 -5670 -4006 -3245 -11937 -26563
1 -14270 -2028 -4548 732 3096 19773
3 27894 5536 9846 1966 29118 -300
3 -14850 1518 3976 1882 -32768 -29047
2 0 0 0 0 0 0
4 0 0 0 0 0 0
3 4282 5162 -4826 -7308 3276 20638
3 22418 3586 12190 -493 11350 4476
4 -834 7368 -1072 -2327 2549 612
2 542 8916 112 91 6855 1387
3 -5762 3324 -2834 6906 -27963 -24475
1 22026 1268 -2690 2201 -16944 27280
3 -2060 -1894 -8680 -3752 -7839 24317
1 23940 8670 5124 4825 -5111 -17863
1 -4770 394 -3576 -146 4723 -16810
4 -594 8300 -1538 -680 672 -244
3 4828 -3778 2768 8254 -20318 24681
2 1128 7516 -104 1065 -1758 1
1 -16034 -716 -6328 1427 -8288 11597
3 2292 -14010 -8276 23324 -23900 15547
4 0 0 0 0 0 0
2 0 0 0 0 0 0

1 2812 -6410 -2810 7821 -3950 -2166
2 9374 17688 -7946 6309 -4475 14408
4 -1584 13476 -9350 18184 12366 -5890
1 0 0 0 0 0 0
4 6710 7446 -6524 23186 12049 6587
2 1714 18140 -4616 23095 -19277 15135
3 -624 -8044 -4330 1792 810 374
1 0 0 0 0 0 0
4 7398 3952 -494 14231 5679 23213
1 0 0 0 0 0 0
4 -1206 2062 -438 5222 -8641 24396
2 -13892 7020 3958 28624 -25518 -20695
1 1500 -6928 -3938 -2103 -6525 -393
2 506 3162 2730 12879 12447 -19667
4 -15340 -342 -8374 -443 -7419 8551
2 17776 -11036 11482 10711 31351 7135
1 0 0 0 0 0 0
3 -238 -6834 -3814 149 342 -95
3 0 0 0 0 0 0
4 -9474 -2264 -5348 109 7351 -13918
3 0 0 0 0 0 0
2 1822 -2746 1148 -6896 -12146 13764
2 -4016 -922 -830 -8934 -28724 8106
4 -1936 -214 -4324 1091 5608 -21035
3 0 0 0 0 0 0
1 0 0 0 0 0 0
3 0 0 0 0 0 0
1 0 0 0 0 0 0
3 0 0 0 0 0 0
1 0 0 0 0 0 0
4 3320 3698 -3010 1708 4400 -24764
2 -22452 -6034 7574 -10841 -10005 -2021
4 14018 5698 -5244 1110 -4920 -21320
2 2262 2370 -7120 -18198 19241 -21220
3 0 0 0 0 0 0
1 2440 -6134 -4084 2943 -731 -1317
4 18636 1368 -6848 1154 -960 4573
2 32767 -3738 6144 5192 32767 10338
3 0 0 0 0 0 0
1 0 0 0 0 0 0
4 6702 1362 -4074 2507 -3922 16397
2 -686 686 -1398 -3523 -12653 18718
3 0 0 0 0 0 0
1 3822 -8734 -3764 6117 -10338 -5664
2 -12180 -1142 8316 1784 -32768 -5090
4 5910 1246 -3100 -1153 2940 22293
3 0 0 0 0 0 0
2 -1336 -208 -4022 -11173 30798 -11071
4 -272 940 142 -5265 1100 24948
1 1152 -6900 -3558 2106 -8120 -2868
3 0 0 0 0 0 0
1 1394 -6842 -3990 -181 7662 2103
4 -13940 230 -10888 -6981 -11022 12255
2 17128 -7822 2032 4091 32767 6525
3 0 0 0 0 0 0
1 3818 -6818 -3772 -2398 6015 2288
4 -8630 -3462 -10604 1432 7498 -8576
2 1738 -360 -1372 -9550 -20170 10097
3 0 0 0 0 0 0
1 0 0 0 0 0 0
4 -2890 -2012 -6418 5219 6502 -15123
2 -10150 4754 1654 -8213 -14580 4752
3 0 0 0 0 0 0
1 0 0 0 0 0 0
2 11278 534 -1696 -15883 19588 -1118
4 454 1212 -2446 6687 7700 -19292
1 0 0 0 0 0 0
2 10366 1530 -2724 -21651 -2916 -9661
4 5350 4084 -1582 4078 2230 -23883
2 -1654 20684 3910 -31273 -11991 54
1 3830 -7014 -3410 -498 4269 1549
4 16902 5854 -5640 1359 -1199 -17297
3 0 0 0 0 0 0
3 0 0 0 0 0 0
3 0 0 0 0 0 0
3 0 0 0 0 0 0
3 0 0 0 0 0 0
2 6702 9952 -98 -1022 22556 1771
1 4006 -6890 -3094 952 -248 -1406
4 14050 2008 -3016 446 -1583 4787

2 -7784 6910 -3854 23764 -6387 -11021
4 5904 12626 -10722 10897 17084 -4755
3 10962 -9950 -8882 -7039 21919 -2019
1 -2722 -5522 -8110 -22044 -7981 -7907
1 -4616 -1146 -2356 -19903 -5789 376
1 2846 -352 -1072 -14589 7764 20788
1 18646 4914 11650 -11205 32767 1773
1 -2172 -270 -3692 12083 -18343 -19273
3 8774 -10090 -6540 -6274 11256 -19644
3 7020 -6150 -6726 -3281 13688 -23447
4 5618 9578 -10710 19198 6840 6917
4 1676 4182 -3870 15317 13459 14062
1 -17202 3194 -7820 -1212 12150 13060
4 3130 158 -1162 6408 6420 14902
3 1156 -1768 -1604 -1166 6037 -16525
4 0 0 0 0 0 0
2 -7736 776 2110 15396 6853 -12401
3 3142 980 1372 8249 9470 -8908
4 -10888 -2186 -8130 -4383 -13866 15539
2 2694 2058 -1982 8854 22946 -15536
3 4800 5834 -6744 13105 471 -6133
2 15560 -5024 6140 7974 28661 4618
2 1962 -1628 -2150 -5103 -26636 10425
4 -11532 -2794 -10374 4596 8286 -8599
3 -628 7192 -3346 6653 -10968 -6219
1 12960 5536 12828 -9672 29531 11644
2 -19720 -5940 8676 -2680 -25635 -5187
2 13220 -4200 -2760 -3234 32767 -4696
3 0 0 0 0 0 0
1 5292 570 -776 12932 -26162 -19080
1 -16110 392 3908 5475 -7833 -4189
1 13420 6736 -198 -3707 6145 17787
1 24824 8948 5848 8916 -8274 -9633
1 0 0 0 0 0 0
1 4922 2854 -5698 -4608 17408 22942
3 -6294 -528 -14798 7735 -9609 -6146
3 -1356 5146 -14494 -11266 9777 11173
3 4240 4486 -5078 -18492 8903 11724
3 0 0 0 0 0 0
2 15348 -4478 3376 -7261 -32768 1032
3 0 0 0 0 0 0
2 848 -7960 -940 4373 -29830 2745
3 9464 -4582 14574 -9721 3111 7399
1 25236 8952 3858 -966 17671 4460
2 -2280 -1430 -3368 -9058 29470 -7721
4 -1304 -312 -5076 10518 4375 -20686
2 13444 -6506 -44 1946 32767 5731
4 6730 5844 842 9709 -1743 -27598
2 -3206 -2146 -6514 -2032 -22902 5943
4 22382 -3610 2930 381 -3244 3513
2 -18164 -6782 3122 -4341 -30330 -9431
3 7374 -7054 12470 20703 6747 3190
4 8326 2078 -340 -8048 -2363 22495
2 11480 -4136 894 -5034 32767 7840
1 6580 2540 -1460 6064 -28974 -19062
4 1280 -288 -162 -5382 -11269 23926
2 9062 -4410 -2560 -7799 -32768 -426
4 -9528 -168 766 -3814 -23198 19572
4 -13402 110 -5218 -5864 4596 4665
4 -9744 -1530 -5104 -1002 3138 -3790
2 -8784 -3390 -2652 176 -32768 3163
3 4662 -6202 3184 30722 -8973 237
1 -26688 1564 10338 2584 7203 -1931
4 0 0 0 0 0 0
3 4810 -2396 -7862 22010 -21822 -4535
4 -6322 -1532 -6418 233 6937 -10262
1 10920 4402 -2838 -4785 20165 20057
2 5666 444 -7182 -7819 29802 -9578
1 20154 6658 4788 10679 -18482 -1817
2 18006 -2736 -2764 -1262 18012 5877
4 -6034 1856 -3384 99 17633 -22179
2 1364 2032 -4408 -7634 -32768 -781
1 -3982 -1016 -1442 16064 -28651 -13191
4 4158 7972 -770 8148 21840 -28472
2 -2698 2574 248 -13485 -16509 6371
4 17602 -114 1688 8955 -11321 -7545
1 1762 -7026 -7332 18579 30386 8390
3 -754 1718 -11476 9740 -11267 -6009
3 688 3462 -11726 3008 -662 -106
3 2188 1602 -13956 -6510 7284 6641

1 3156 -6758 -3672 -384 1028 932
4 -996 7892 -1672 -515 1875 -259
3 -502 -7138 -4338 1853 -1610 -185
2 952 8010 -788 887 975 -710
1 3048 -7048 -3968 372 -613 923
4 -270 7872 -1700 -278 1267 -561
3 -406 -7352 -4950 768 -316 562
2 822 7860 -862 -245 -177 -175
1 6816 -6258 -6152 -2094 7599 2266
3 18 -6974 -4670 55 2701 1245
4 -366 7786 -1736 12 204 -161
2 0 0 0 0 0 0
4 0 0 0 0 0 0
2 0 0 0 0 0 0
1 14208 -7282 -12084 -10973 6708 -6457
3 0 0 0 0 0 0
3 0 0 0 0 0 0
1 8784 -10498 -11508 -17067 6095 -14892
4 0 0 0 0 0 0
2 696 8874 -1598 -1547 2618 959
4 0 0 0 0 0 0
1 5260 -8196 -7524 -14892 7869 -17047
3 0 0 0 0 0 0
2 0 0 0 0 0 0
3 -490 -7232 -4252 290 -1835 -696
2 886 8262 -896 3817 -1707 -901
1 4044 -4070 -2802 -11816 7189 -14854
4 0 0 0 0 0 0
3 0 0 0 0 0 0
4 0 0 0 0 0 0
1 1572 718 978 -6616 12696 -11693
2 0 0 0 0 0 0
1 0 0 0 0 0 0
4 0 0 0 0 0 0
3 -2000 -6796 -5498 809 2501 1785
2 158 7672 -672 60 590 -718
3 10712 -10114 -22576 -11310 20345 5968
2 0 0 0 0 0 0
1 -4296 2136 2092 11933 12572 -4189
4 0 0 0 0 0 0
3 7264 -17474 -26286 -18794 29700 -14345
4 -1038 7576 -1112 -3030 3915 -1339
2 0 0 0 0 0 0
1 -3306 498 -2096 20196 15603 1847
1 284 -5548 -7454 20868 15982 8763
3 4492 -12668 -8424 -3936 31729 -12404
4 -702 7948 -1702 -5390 8701 426
2 0 0 0 0 0 0
1 3388 -8538 -10276 16915 8230 14954
3 -952 -11230 -6794 13899 12909 -9536
4 -750 7856 -956 -1137 2899 72
2 358 9066 -962 383 638 199
3 -3070 -9322 -922 17587 10979 -18557
1 3048 -18464 -5764 2082 25411 26084
4 0 0 0 0 0 0
2 0 0 0 0 0 0
1 16160 -18996 -1004 -16434 26013 25037
4 0 0 0 0 0 0
3 -9702 -4306 1594 18351 -1177 -17197
2 0 0 0 0 0 0
3 -4408 -3560 -7002 22000 4594 -2055
1 3764 -8486 -82 378 -27311 -1841
4 -1538 9360 922 2253 1624 -786
2 0 0 0 0 0 0
1 -3840 -6920 -3806 3083 5137 -572
2 548 7502 -738 674 -536 251
3 -9666 -8886 -8042 19177 -3145 -2752
4 -614 6978 500 1595 1313 -473
3 -2590 -19588 -11156 21865 32767 29843
1 1212 -7354 -5346 1888 3867 1773
4 -1104 8046 288 1330 -3072 1466
2 0 0 0 0 0 0
1 2828 -6998 -4718 -1033 -2356 377
3 11360 -17954 -10774 -1461 13627 25201
4 -1830 7722 -106 924 -5869 1629
2 0 0 0 0 0 0
1 0 0 0 0 0 0
4 -1362 8472 -1804 -735 478 912
2 0 0 0 0 0 0
3 1204 -14570 -2450 -4320 17344 15651

4 -950 8372 -1130 461 557 73
2 0 0 0 0 0 0
1 0 0 0 0 0 0
4 -764 8098 -1532 -851 5083 264
2 0 0 0 0 0 0
1 0 0 0 0 0 0
4 0 0 0 0 0 0
1 0 0 0 0 0 0
3 580 -7398 -4924 341 1829 1352
2 0 0 0 0 0 0
1 1906 -6056 -3118 -500 -4382 -876
4 0 0 0 0 0 0
2 4690 11658 -5248 3803 6901 2107
3 438 -7122 -4666 -1604 1787 1008
3 -358 -7060 -4570 -795 4617 2618
4 3988 14152 -7974 5280 8463 4663
1 0 0 0 0 0 0
2 10152 15660 -6256 10276 6058 8133
1 0 0 0 0 0 0
3 0 0 0 0 0 0
4 1084 19724 -12524 16534 -4481 7795
2 2132 13026 -6668 15239 1941 16902
1 3266 -6370 -4644 223 2863 1034
3 0 0 0 0 0 0
4 -128 10118 -6276 16885 16709 7215
2 1332 8382 -2126 15058 -282 18168
2 2412 -388 -344 9461 1740 15107
4 1972 6846 -3238 7084 15752 16279
3 -212 -7322 -3040 -1157 2081 -197
1 0 0 0 0 0 0
3 -400 -7158 -2966 -2228 -3634 -1974
1 0 0 0 0 0 0
2 2862 -1716 -612 4264 4211 12524
1 0 0 0 0 0 0
3 0 0 0 0 0 0
2 1234 -3728 286 5113 -6 7821
3 -1028 -7254 -3944 1874 -1305 1546
1 0 0 0 0 0 0
2 -948 -5052 1668 1042 940 6375
4 938 9700 988 1817 15924 21033
4 0 0 0 0 0 0
4 -6416 7334 7388 -19666 13016 21862
2 -1332 -4478 1608 -8805 7552 10958
4 -9740 20644 4924 -27915 -12272 24492
3 -276 -8098 -4678 3552 5111 2741
1 0 0 0 0 0 0
3 34 -8568 -5166 2597 1235 -985
2 -2612 -898 -1744 -18072 8702 14178
4 -18720 28694 -2900 -32768 32767 3934
1 0 0 0 0 0 0
3 -656 -7928 -4466 -1509 -5954 -5470
1 0 0 0 0 0 0
4 18604 30518 5762 6965 32767 -16586
2 -4176 8348 -3816 -22260 7292 11655
3 -1272 -6064 -4044 -3268 -3779 -3506
2 -5708 12432 -3918 -19892 21737 1353
4 2470 10630 202 6180 -2057 -11786
1 2278 -7248 -3950 -130 1301 -9
2 4314 20386 1492 -6222 32767 -11236
4 -3012 9614 2660 3064 22513 -6255
1 2710 -7944 -3878 1324 -2080 -1230
3 -152 -6576 -4134 -757 -1633 -1433
2 8038 16926 1952 12405 23020 -12379
4 3742 8316 -1530 4307 11784 155
3 0 0 0 0 0 0
1 0 0 0 0 0 0
4 -530 5086 -986 2416 -15059 54
2 8540 10048 1276 13144 8340 -331
3 530 -6702 -4744 -1233 -4807 -1446
1 3066 -6940 -3218 1541 -2476 -2408
2 870 5860 -592 6048 -4602 -3951
3 -396 -7214 -4952 -473 -848 -252
1 0 0 0 0 0 0
4 -2682 5738 -966 -2943 -9038 1713
4 0 0 0 0 0 0
1 2806 -6470 -4150 2013 -6916 -2040
2 -1002 6306 -710 -1934 4062 865
3 264 -6824 -4552 1059 3182 1397
3 0 0 0 0 0 0
3 0 0 0 0 0 0

4 508 10162 -6140 5228 9446 -2706
2 7360 12234 -3990 7493 21 12054
3 4070 -8604 -8332 -6530 11633 3076
1 11770 -8036 -7136 -8425 3692 -10582
1 9640 -8568 -7590 -6893 2095 -15496
1 7006 -6904 -6898 -7897 2038 -18072
1 5210 -2550 -3984 -8073 6991 -18035
3 8650 -9810 -10226 -7477 9984 -4894
2 4760 13410 -4196 14891 -15968 7946
4 1960 12232 -7584 8535 17989 3781
3 5224 -7648 -8266 -6609 12838 -14864
2 -1658 7732 -4308 22295 -11167 1345
4 3372 11564 -7236 13146 8608 14314
3 4064 -5312 -6292 -5229 11270 -16079
2 2414 532 -660 17234 12016 7266
4 1860 7810 -5492 12179 7386 16970
3 4264 -2604 -3148 -199 10183 -12240
2 3036 -2560 290 8426 4813 7518
4 2722 3296 -434 2190 13678 17859
1 1198 510 280 -4031 4614 -15704
4 3594 5218 1740 -16144 8412 21693
2 2212 -4508 1282 764 6659 8160
1 -1398 2076 1650 2256 8129 -10790
3 2270 -2888 -714 10744 7739 -18371
2 1858 -3682 1046 -10400 8424 10496
4 -2478 11220 3630 -16252 -7046 29560
1 -4788 1436 2102 13217 6880 -5238
3 -2314 -5590 2938 14436 4028 -28380
3 -5740 -15960 -6048 26926 10855 -22690
2 222 180 -78 -21854 1208 9509
1 -332 -5182 -4078 19059 28182 6536
3 -7656 -14370 -10608 32655 32767 4778
1 4332 -4364 -9508 19272 3551 11946
3 9168 -20474 -7688 5920 32767 29736
2 -2674 11326 -4580 -28081 4406 10030
1 4374 -12906 -10710 14754 10962 17686
4 -6776 24272 -24 -26213 2755 31681
2 -6348 15686 -4202 -20689 32767 3194
4 -14482 15698 -210 -25239 27993 9929
4 13178 31684 5882 -6853 32767 -16920
2 9728 15478 -1622 1105 25616 -11033
3 3200 -13484 -5026 -6901 11139 7593
1 7418 -10210 -7290 -3692 8856 21421
4 5422 12132 3684 5422 27126 -8395
2 0 0 0 0 0 0
4 -2126 9344 1788 4937 2362 -1057
2 4960 9018 2234 12368 10419 -5501
1 9396 -15048 1594 -19435 32767 19836
3 2370 -12520 -2346 -9869 17994 5873
4 -606 8378 -836 4163 2546 728
3 740 -6984 -3700 -8105 5393 3032
1 6238 -4570 -2406 -10500 5805 -569
3 330 -5288 -2906 -2601 2600 585
4 0 0 0 0 0 0
1 1128 -4882 -2512 -1050 -6319 -3457
2 1052 5118 472 3927 -1266 -1849
3 722 -5880 -3548 3270 -2785 -123
1 0 0 0 0 0 0
2 958 6600 -1262 -4691 6201 2126
4 0 0 0 0 0 0
2 0 0 0 0 0 0
3 210 -7582 -4368 7751 -2120 1345
4 -1116 7720 -1692 -6830 -462 1637
1 3224 -7122 -3814 5173 5061 2415
2 0 0 0 0 0 0
3 0 0 0 0 0 0
4 0 0 0 0 0 0
1 0 0 0 0 0 0
1 0 0 0 0 0 0
4 -74 8992 -2428 -4076 -1608 -399
3 -202 -8084 -5132 4839 -3913 -280
2 514 8984 -1408 -3496 -4802 315
4 -618 8374 -2324 -890 -2365 -656
3 -392 -7458 -5044 2231 -3060 -385
1 0 0 0 0 0 0
2 1364 8674 -1382 -407 -563 -15
3 -242 -7356 -5116 819 -408 332
4 0 0 0 0 0 0
2 0 0 0 0 0 0
1 4154 -6866 -3852 2352 -5171 -2656

4 0 0 0 0 0 0
2 1188 8180 -974 -450 316 55
1 3366 -6702 -3422 1355 1868 654
3 44 -6946 -4112 296 -38 -121
4 0 0 0 0 0 0
3 694 -6944 -4062 1405 -2885 -1245
1 0 0 0 0 0 0
2 0 0 0 0 0 0
3 1602 -9116 -2346 1232 -12798 -6223
2 0 0 0 0 0 0
1 3880 -7548 -3584 2763 -3764 -2213
4 0 0 0 0 0 0
2 0 0 0 0 0 0
1 6242 -7450 1188 2429 -6193 -3182
3 -714 -9340 -1204 -1401 -25048 -12216
4 0 0 0 0 0 0
4 -554 8056 -2084 -3612 4189 140
1 5422 -9274 1816 10749 -13864 -11295
3 -2056 -8384 -3794 -358 -5519 -7469
4 0 0 0 0 0 0
1 10864 -11422 -3434 8844 -19438 -18172
3 1032 -9262 -5094 -2883 -16339 -11048
3 2714 -7998 -15262 -9933 -16401 -13667
4 0 0 0 0 0 0
2 0 0 0 0 0 0
1 0 0 0 0 0 0
2 0 0 0 0 0 0
2 0 0 0 0 0 0
4 0 0 0 0 0 0
2 0 0 0 0 0 0
1 6798 -3464 -13992 -18328 718 -13544
3 -5502 -11162 -20362 -18556 -21912 -13907
4 0 0 0 0 0 0
1 -1236 -2488 -6984 -24750 -16977 -12454
2 620 7830 -428 -654 7078 -419
3 -9304 -12632 -7320 -19335 -14175 13859
2 726 8960 -340 467 11 848
4 -1398 8026 -970 1442 -352 -98
1 -2810 2174 2356 -17522 -16224 874
3 -7170 -10156 -2676 -17840 -686 22475
1 -1128 2788 2758 -4944 -11006 6066
4 0 0 0 0 0 0
2 0 0 0 0 0 0
3 -3790 -4900 210 -13670 -11057 15984
2 0 0 0 0 0 0
1 2198 3036 506 2125 -5990 8211
4 0 0 0 0 0 0
3 -1500 -4376 802 -6330 -7875 17506
4 0 0 0 0 0 0
2 0 0 0 0 0 0
3 -816 -5614 -1478 -610 -8047 16526
1 0 0 0 0 0 0
4 -472 8280 -1372 2599 -5337 1054
3 -1072 -10876 -5262 8427 -16136 16109
2 0 0 0 0 0 0
1 5548 772 -2546 7156 -9028 9091
2 212 8190 -870 -818 -4160 590
3 -2192 -25670 -9232 17664 -17828 23476
4 62 7718 -1212 1442 -5838 3449
1 0 0 0 0 0 0
4 0 0 0 0 0 0
2 -172 8274 -1076 -1796 -837 1245
1 5478 -5374 -6038 10186 -5557 10757
3 2564 -29110 -12858 8976 -2098 26003
4 -1790 7100 -1642 -4406 -8486 5641
2 0 0 0 0 0 0
3 3624 -17014 -8342 6499 -2359 11969
1 7286 -6076 -7062 12540 -4725 10376
2 0 0 0 0 0 0
4 -1406 8048 -2582 -6926 -1804 3186
4 -382 8296 -2652 -4232 -2703 297
2 0 0 0 0 0 0
1 8446 -8324 -3572 10247 -1101 8396
1 4958 -9010 -3840 2728 166 7119
3 2008 -8086 -5850 1625 -7279 5231
3 0 0 0 0 0 0
4 -456 7656 -2476 -1661 6584 -1202
1 0 0 0 0 0 0
2 0 0 0 0 0 0
3 -2102 -9116 -3026 -12042 -19606 -11667

2 2646 7638 1442 1494 -12742 -796
4 2128 8854 1342 6190 -10338 -178
1 3526 -6608 -3814 27 2689 255
2 2054 9152 1370 -957 -6411 2689
4 2908 8792 4142 1772 -20662 6741
1 3494 -6442 -3574 -839 1658 -70
2 5160 11298 826 -4253 -15561 9152
4 6140 14322 -1656 -3577 -10153 10496
3 -112 -7130 -4790 1603 3695 3383
4 -914 18336 -7396 11631 -23454 11828
2 4496 15286 -3838 1878 -22397 13523
3 -1002 -7108 -4356 272 4825 2960
2 -4264 14246 -5972 26800 -32768 -6803
4 -3242 15574 -8522 27165 -11495 -725
3 -1284 -7366 -4494 571 3915 1794
1 0 0 0 0 0 0
1 0 0 0 0 0 0
4 -6538 6534 -4920 26371 -13641 -1024
1 0 0 0 0 0 0
3 -1526 -7354 -4454 189 1472 342
1 2910 -7452 -3990 114 3751 2301
3 0 0 0 0 0 0
4 -6336 3020 -912 16845 -3608 -8995
1 3914 -7494 -3398 -1306 898 381
4 -5132 348 2822 9404 -9237 -14709
3 -1532 -7762 -4264 -2333 -2744 -1525
1 3170 -6898 -3434 -1203 -5222 -1340
4 -2046 -3614 2632 3326 -9574 -13303
1 2544 -6398 -3572 337 -2393 -1353
3 0 0 0 0 0 0
2 -6760 7342 -2500 23427 4167 -16718
2 -1376 -1430 -2002 16066 -1410 -15305
2 540 -3404 -1528 9412 -33 -10765
4 -2460 308 1088 -5818 -15798 -11062
2 1938 -4472 -702 4965 -597 -8716
1 0 0 0 0 0 0
3 0 0 0 0 0 0
2 3462 -4196 520 481 -2468 -7283
4 -2898 6356 542 -16769 -9816 -9443
1 0 0 0 0 0 0
3 8 -6924 -4060 -481 -5666 -5625
2 0 0 0 0 0 0
3 -842 -7352 -4116 1076 -10078 -7415
1 0 0 0 0 0 0
3 -2804 -6918 -5332 3877 -8444 -6113
2 2262 624 -1198 -13047 -2234 -5999
1 0 0 0 0 0 0
2 5980 6640 -2230 -18192 2941 -7073
2 9146 10676 -3548 -15476 -3193 -5579
3 -576 -6004 -5370 1881 -4816 -2701
4 2148 14542 -4660 -22964 6090 -13113
1 2928 -7168 -4214 510 -621 -43
4 -2734 23510 -182 -19727 -7082 -14336
4 2250 29448 -4710 -23823 22852 -16163
4 5494 13032 2446 -1051 -32768 -4240
2 4040 9866 -4274 -11489 -20960 -4379
3 -1550 -4596 -5656 4473 -3431 -347
1 0 0 0 0 0 0
4 -4902 7588 -3064 -973 -4448 1101
2 -1696 11060 -5182 -14172 -4648 1500
1 2850 -7108 -4062 642 2751 1217
4 12 9158 -2264 5042 17 -1512
3 -286 -7388 -6420 2718 2014 2649
3 0 0 0 0 0 0
2 2026 12542 -5048 -10377 19936 1823
1 3386 -7114 -3726 -1372 5794 1593
4 -992 8682 -1142 10002 -8599 -2167
2 5072 9474 -2492 -409 -1920 -2117
3 -1020 -7078 -4106 -2180 7832 3776
1 3342 -6980 -3390 -2770 2804 567
3 0 0 0 0 0 0
4 -1012 7452 -796 8474 -3096 -179
2 1538 8444 -2018 2726 -3726 -1181
1 2596 -6894 -3632 -1034 -509 -690
3 -1270 -7784 -3706 -1126 1811 -569
2 0 0 0 0 0 0
3 0 0 0 0 0 0
4 -844 6180 -1462 2577 -2275 1677
1 3022 -7520 -3582 -2311 2526 -109
3 0 0 0 0 0 0

1 3306 -6764 -3570 -691 -544 185
4 -804 7780 -1538 -189 -224 -217
1 4578 -7122 -3276 575 -5408 -2813
4 -468 9728 -1346 919 87 -307
2 4386 9894 2490 -1082 -10292 975
1 5196 -7600 -788 5548 -12621 -5972
4 6176 9844 2512 4568 -13716 716
3 0 0 0 0 0 0
4 8532 15682 -744 4683 -32768 14644
2 0 0 0 0 0 0
2 6620 12038 -762 -3544 -11915 8788
4 -12706 21654 -11140 32767 -32768 1216
1 0 0 0 0 0 0
1 7958 -11108 -4158 7966 -21747 -15787
3 1788 -9888 1680 -2496 -17844 -8648
3 7098 -15360 -2038 8448 -7202 -10708
3 6560 -20618 -16092 -13653 -32768 -32768
4 -14092 20070 -5800 28949 -13268 -25858
2 2652 13640 -6576 11131 -27680 3495
1 4030 -9822 -9022 -8576 -27564 -15280
3 -13218 -18712 -13606 -32768 -764 1352
4 -318 9348 1704 16004 -844 -23748
2 0 0 0 0 0 0
1 -3458 -4926 -10688 -18544 -21740 -5602
3 -3136 -13232 -5950 -32263 -4720 10639
4 1850 2152 1150 6953 -12916 -15035
2 -6040 5680 -5062 27390 -3173 -9774
1 0 0 0 0 0 0
1 -1716 2000 -14 -19945 -4614 10626
4 1572 428 -958 2973 -10860 -10375
2 -2494 -1918 -630 17430 -8417 -17017
3 1642 -3200 934 -24334 -7346 2942
3 456 -602 1904 -15335 -10507 1790
2 1450 -3866 1330 5747 -1164 -11517
4 0 0 0 0 0 0
1 -908 2560 1056 -6609 -11978 6308
3 -534 -486 218 -3677 -12106 2864
1 -1136 1096 1726 4615 -7957 8258
4 -2834 -368 1366 -14000 -14302 5344
2 0 0 0 0 0 0
3 -1560 -1158 -416 11976 -22627 7928
2 2392 1784 -418 -12972 1546 -5519
3 -48 -23506 -8574 32767 -17321 30223
4 10 17488 798 -32768 -17947 -8008
1 2044 -1354 -1364 11096 -4492 10244
2 6460 6770 -3686 -15724 2064 -8605
1 9146 -4222 -5006 11446 1219 16181
4 15100 28470 -8154 -28907 -2097 1348
3 13030 -17270 -15852 20052 -19693 6977
4 1876 10708 -6774 -3442 -6035 -3548
4 -4864 6814 -2206 -1073 -9890 2226
1 11054 -6096 -6478 9491 -975 13511
2 9298 10506 -7082 -11952 3230 -6252
1 9600 -5806 -5570 8470 -2151 10434
2 3800 8318 -5904 -11541 -9657 -3332
1 0 0 0 0 0 0
4 -2406 7850 -2600 -2451 8 1833
2 0 0 0 0 0 0
2 1998 10846 -3248 -9737 -3484 -2515
1 7214 -8828 -4930 6405 -2849 6741
4 0 0 0 0 0 0
3 4278 -9946 -8922 -5817 -15735 351
3 -2762 -4992 -4928 3145 -13781 -7385
3 -2484 -6538 -5632 4423 -3271 -1883
2 2056 9918 -3616 -5041 2794 -2899
4 184 9156 -562 4830 -3546 -3588
1 6018 -7222 -4584 1056 -3273 3334
3 -854 -7858 -5778 -765 4240 3275
3 480 -8958 -4750 -7120 6268 3061
4 -302 7688 68 2545 -1584 -2288
2 0 0 0 0 0 0
1 0 0 0 0 0 0
3 620 -8144 -2582 -6788 -158 -1431
2 4018 8850 -1098 3433 3308 108
4 0 0 0 0 0 0
1 0 0 0 0 0 0
3 -464 -7494 -2814 -2800 -1183 -1563
2 1500 8672 -776 5727 -5826 -585
3 0 0 0 0 0 0
2 -28 8128 -306 5217 -2371 -1237

1 2384 -6388 -3426 930 -1626 602
3 -326 -6520 -4238 38 457 395
4 -956 7270 -1432 -491 167 -49
2 922 7590 -586 -947 1719 -2599
2 0 0 0 0 0 0
3 -90 -2870 -2590 -1463 2583 981
1 0 0 0 0 0 0
4 64 2994 -898 25 -596 -317
1 306 -3406 -1496 -1283 -4450 562
3 914 -6602 -2690 -374 4039 800
4 -1332 5886 -1042 -1382 2517 -108
2 -1410 3264 2276 3295 -6304 -6319
4 -1372 13896 -4030 -2623 5195 953
1 -5380 -22000 948 1800 12853 6895
2 7580 26658 -3014 72 -9034 -3022
3 3182 -12890 -5300 5095 1439 -3249
4 14256 24942 -10186 11254 13735 7136
1 846 -32768 6710 30453 -3065 -4538
2 748 29014 1002 -6961 10310 13799
3 7536 -21958 -7326 638 597 -5113
2 16544 14324 -486 -1843 -3704 25573
4 1410 20002 -3396 4035 -7501 14027
3 3116 -17462 -7580 405 -5180 -13918
1 15940 -17894 464 18859 -32768 -29361
2 -14576 31014 8296 15602 -20111 27384
3 2094 -3402 -3900 -3763 -4477 -13667
1 -3144 -18450 2436 -18633 -3145 -22109
4 1336 5104 -1026 6088 -1408 11583
2 -5934 -1986 23198 6182 -2473 3671
3 0 0 0 0 0 0
1 -8472 -12348 12098 -4757 -11891 -16349
4 -1828 4828 648 8000 -5195 13361
1 -13654 -8260 13714 9111 7940 3993
2 -8732 1862 11770 -12845 5733 -3492
4 -9960 2940 5084 5614 807 6495
3 -6288 -390 260 -6673 8066 -7831
1 -862 -14506 -3322 9084 15176 21438
3 -10272 -1296 954 -5855 277 -450
4 -9982 986 4496 -630 4741 -5617
2 -2394 8848 1430 -16246 -987 -12574
1 11870 -32768 -3212 -3920 21211 32767
4 -4330 9764 1556 -1667 -3815 -16199
2 5264 29266 570 -16385 32767 -15179
3 -4644 -8622 -2138 -8079 -10237 6958
1 27126 -30666 10964 -25534 5541 23126
3 8094 -8126 -11052 10631 -12838 22969
4 7580 23156 -8206 -21899 3090 -17254
2 11376 27836 9834 5625 19036 -14264
1 1268 -12074 -2742 1043 18945 3574
3 18090 -19680 -20136 11276 -5018 13885
2 -880 13960 3108 -853 -3862 -3098
4 9530 24744 -16206 -6716 -4492 -7799
3 658 -11384 -11398 7078 -9988 857
1 -1190 -6330 -3878 4620 813 880
4 3968 10480 -6056 -157 -5485 -133
2 -4230 5624 922 2061 -2872 36
4 338 4148 -3276 -1928 -5133 2804
1 3144 -4534 -2080 -2321 11143 -1068
3 1140 -4396 -4390 -151 10082 6852
2 1302 4422 -356 3563 8557 3894
4 -1142 1950 -1456 630 -1270 1517
2 0 0 0 0 0 0
1 3706 -4302 -2632 476 -12687 -7150
3 0 0 0 0 0 0
1 498 -6708 -3600 -190 -10243 -5136
3 242 -8374 -4352 370 1404 -109
4 -1662 9402 -1204 -23 4388 1987
2 -1570 9448 -204 52 -1756 361
1 3326 -7892 -4104 -1068 4511 -499
4 -1446 7638 -2498 -758 198 1599
2 142 9188 -590 1467 6629 -105
4 -182 8372 -1350 -91 9431 -2971
2 1916 6704 68 3381 3433 -1704
1 0 0 0 0 0 0
3 456 -7696 -5790 4053 -11918 -7286
3 -3416 -7896 -4154 -4368 -2536 1664
4 1934 7916 -1942 1893 -3322 -1518
3 0 0 0 0 0 0
1 3938 -8082 -3996 450 -555 -109
2 -562 9038 -888 -1023 -2724 -62

1 0 0 0 0 0 0
2 -16 8260 -568 917 537 -501
3 510 -7010 -5018 -356 -1689 -127
4 -862 7802 -922 -152 711 278
1 11112 -5960 -5656 2541 -15221 -8787
4 0 0 0 0 0 0
2 0 0 0 0 0 0
3 -902 -10348 -7882 105 24834 4074
3 19220 -16998 -12960 -16484 15398 -20093
1 9586 -8618 -13148 -7638 -10126 -16095
2 0 0 0 0 0 0
4 0 0 0 0 0 0
1 -1734 -10170 -8556 -22946 -17430 -9353
3 4436 -13202 -4454 -4276 19243 -32768
2 0 0 0 0 0 0
4 -476 7630 -1164 -1343 3835 632
3 -20612 -112 -9838 -7179 -3791 -23786
2 0 0 0 0 0 0
4 0 0 0 0 0 0
1 -5674 -5100 -1560 -19332 -11812 3275
3 4566 -1456 2068 -15702 2856 24843
1 3120 -6992 -1646 -12525 22890 31585
2 0 0 0 0 0 0
4 -472 7426 -662 354 -110 -262
3 18202 2544 2054 14504 -1442 -13271
2 0 0 0 0 0 0
4 0 0 0 0 0 0
1 19340 6732 14418 -12056 28642 4119
4 0 0 0 0 0 0
3 -21210 4688 448 -76 13902 6552
2 2442 7622 326 497 -4426 -953
1 7920 -2934 -8878 10092 -2877 -26191
2 -1478 9052 -556 -780 -4462 133
4 0 0 0 0 0 0
1 -24596 -4302 2190 747 -14941 2517
3 10476 3834 12118 -6706 11259 14650
3 10974 1900 228 11693 -23422 -20582
2 -684 8050 -764 194 -344 -261
3 -5114 8052 -7546 -3803 13711 12596
4 0 0 0 0 0 0
2 120 8318 420 1260 3446 313
1 16526 1708 11856 951 924 22350
4 0 0 0 0 0 0
1 16642 4118 2156 22619 -31634 -20113
2 776 8430 508 75 -644 103
1 -22706 -5206 3492 1637 -14380 -10386
3 13060 3376 17578 -3291 20138 11469
4 0 0 0 0 0 0
1 16064 3480 5448 -5445 -2419 25597
3 1706 4538 -1968 8642 -29124 -21612
4 -826 8086 -712 523 -52 -114
2 0 0 0 0 0 0
2 0 0 0 0 0 0
4 0 0 0 0 0 0
3 -1448 6442 -7900 -6166 10085 14638
1 28200 10700 8310 20422 -13975 -11513
4 0 0 0 0 0 0
3 16224 3410 19384 -1493 23746 9377
1 -9084 -1986 -3078 2270 1438 -13057
2 884 8240 274 578 1120 486
3 6148 1676 566 8947 -32768 -23958
1 12306 1326 -4298 -7931 622 25766
4 0 0 0 0 0 0
2 0 0 0 0 0 0
1 27862 11580 10098 13525 6982 -2755
2 0 0 0 0 0 0
3 -2076 6232 -6712 -2948 20576 16430
4 0 0 0 0 0 0
1 -550 6492 -10776 2839 -29726 -14077
3 14366 3550 17696 -2931 22504 11519
4 0 0 0 0 0 0
2 0 0 0 0 0 0
1 2720 3086 -6520 -12604 24790 23954
4 0 0 0 0 0 0
3 6854 4042 -1048 6842 -32768 -21647
2 488 7418 -608 54 -3894 -491
3 -212 5276 -5248 -3841 20063 16674
1 14126 7372 7876 -9219 32767 2807
4 0 0 0 0 0 0
2 -404 8616 -644 499 -1083 -352

3 864 -7002 -4948 135 -594 -83
1 2076 -6352 -3308 -4675 -1261 -39
4 3828 16776 -10904 21651 11893 1152
3 -218 -7104 -5032 613 -4649 -1091
2 1982 10354 -2152 4860 2676 -205
1 2248 -6288 -3350 -196 1649 1275
4 4920 9490 -4822 26964 10325 18363
2 10400 18644 -6980 22702 -5959 3454
3 0 0 0 0 0 0
1 3140 -6858 -3526 2461 5420 2399
3 -216 -6836 -4896 367 2642 377
2 -8176 3786 686 32767 -20040 -306
4 -2396 11770 794 22535 -18006 29758
1 0 0 0 0 0 0
3 0 0 0 0 0 0
2 -11186 6560 3716 22361 13027 -11750
4 -17778 -4384 3876 5658 3670 -7900
1 4652 -7114 -4182 3550 810 -1449
3 0 0 0 0 0 0
2 902 -4862 11172 1942 32767 -3721
4 9578 6804 -4750 -4966 15157 -24481
1 2712 -6968 -3160 446 -8114 -2166
3 0 0 0 0 0 0
4 19644 -1762 460 -3574 -23042 22345
2 6036 -2180 2780 -9266 -32064 9534
1 2060 -7040 -4588 -596 852 -358
2 -15952 -1940 18054 -3139 -32768 -704
3 0 0 0 0 0 0
4 -25154 -7104 17110 8234 11200 14613
1 3292 -6890 -3674 -1201 1006 -99
2 0 0 0 0 0 0
3 0 0 0 0 0 0
4 -6196 62 514 -8880 -11976 -28462
4 26600 -4204 -1246 -5407 26598 -6949
2 4920 -1496 2020 -10719 -32768 7956
3 0 0 0 0 0 0
1 3020 -7208 -3500 -3309 -2018 967
2 -9176 3362 9306 -2548 -29313 -4060
3 0 0 0 0 0 0
3 0 0 0 0 0 0
1 0 0 0 0 0 0
2 24124 -9646 390 5852 32767 -2314
1 3244 -6532 -3474 1409 -759 810
4 4062 6492 -3502 5086 -32768 29614
4 -19566 -9526 -414 3331 10213 4084
1 3456 -6466 -3154 -163 3676 1301
2 3484 820 1630 -9161 -32019 13546
3 0 0 0 0 0 0
1 0 0 0 0 0 0
2 0 0 0 0 0 0
4 -3458 2960 -26 -10299 -1278 -31407
4 26532 -8804 -1470 -3238 28756 -3319
4 8380 6660 -3044 -385 -26951 28593
1 2706 -7194 -3374 1790 -6743 -2435
2 8414 1530 -4314 -13087 32767 -13900
3 0 0 0 0 0 0
3 0 0 0 0 0 0
1 2462 -6934 -3960 -505 1549 566
4 -23088 -8066 3904 4036 8007 9173
2 32767 -11786 13980 -2017 3931 7561
3 0 0 0 0 0 0
1 3074 -6596 -3348 -662 1315 527
4 -3536 1432 -832 -9564 -7949 -28921
3 -378 -5604 -4166 1776 -1165 -207
2 -1082 -5722 1628 2885 -29176 8778
1 0 0 0 0 0 0
4 29486 -9790 -1188 -2992 28357 4225
2 0 0 0 0 0 0
3 0 0 0 0 0 0
4 1756 4014 1770 9222 -32768 25066
1 0 0 0 0 0 0
3 0 0 0 0 0 0
2 15950 -3980 5552 5420 32767 6868
4 -13278 -6166 -82 -4569 17459 -7480
1 0 0 0 0 0 0
2 198 -3102 1716 -2933 -32768 7464
3 0 0 0 0 0 0
4 -538 2644 -2288 -17269 -12974 -29067
2 -3018 -2244 3474 -207 -30277 -6725
1 0 0 0 0 0 0

4 -1360 7994 -1826 -233 -594 328
3 0 0 0 0 0 0
1 2138 -7278 -3436 -1262 -4546 161
2 356 8442 -990 -1886 -5235 -876
3 824 -8096 -7632 -1128 14807 4747
1 1956 -6682 -3570 861 3587 2673
2 -244 7810 -1026 -1837 4537 -171
4 -3346 11820 -6688 5157 10467 -3663
3 11670 -11996 -11620 -12267 18440 -6040
1 0 0 0 0 0 0
4 4090 14758 -12174 20649 9167 -1853
2 2082 8286 -1928 4 -1028 427
3 14478 -8262 -4788 -7408 13131 -23570
2 3632 16550 -5318 8932 -3973 -2539
4 8614 7126 -5388 25794 8776 17843
1 10054 -8714 -4622 -128 -4569 -6440
1 6834 -9694 -11876 -15681 -30491 -19945
2 1124 12808 -7264 29185 -19475 -3175
3 -198 -6872 -7038 -2542 -551 -32569
4 0 0 0 0 0 0
1 -4936 -4770 -7870 -26614 -1708 -8104
3 -13406 2496 -8926 -10777 7904 894
2 -7976 828 -1464 26225 1182 -4771
4 -9888 2618 -3032 1940 11241 -19756
1 1620 -3900 -1890 -29219 31203 18057
3 6964 -1458 12258 -11827 18019 20043
2 -4050 672 -2258 17344 24223 -2196
4 26586 -1312 3038 4655 32767 -9494
2 7110 -5042 4986 11413 32767 4985
3 11722 -680 5172 16465 -14970 -19339
1 17156 2590 6612 -10927 16234 -10824
4 8928 -854 -1056 -1382 -23163 18538
1 -498 -3074 -3642 2307 -12431 -20198
2 3090 -1796 294 -4223 -32413 5352
3 -26772 2306 3244 2109 8991 -643
4 -18602 -5048 -372 -1540 15659 -3989
3 7142 2096 1582 -11069 -14461 20068
1 -17142 3782 1242 6406 -4155 9764
2 -13100 -4364 8376 -5632 -16487 831
4 9916 -2976 1848 -936 12692 -14845
3 0 0 0 0 0 0
2 16472 -7070 -4786 -7020 32767 -4530
1 1988 2358 9182 12927 -4270 14235
4 13908 -1818 -2668 -6831 -20056 16962
3 -23750 5420 946 1607 -1052 -12916
1 11040 5024 -2656 13472 -17589 -17159
2 9156 -2662 -538 -7178 -32768 3506
4 -22244 -3524 2834 -4461 14637 3905
3 1904 2162 -4834 -7615 -6549 22693
2 3914 -3982 8614 3347 -32768 -4819
1 -18054 -76 -3288 -1213 1533 -2298
4 4010 -4108 -3480 -4256 -3891 -20371
1 13566 3812 8114 2107 -9596 16413
2 10114 -2042 -6766 -10669 32767 -3292
4 21318 -4600 -4036 -5129 -3169 13424
1 15636 5176 1114 15429 -19748 -15875
2 28368 -3782 1924 -5414 -16778 3470
3 23426 4070 10358 5393 21000 -3235
3 -12764 216 4386 3155 -32768 -32768
4 -21032 -1742 3248 -767 2780 3181
3 3208 3234 -8944 -8977 4257 22476
4 4506 -4748 -2672 -736 2296 -18170
1 -14520 -1062 1916 3005 -9998 -4294
2 -1656 -13036 -3236 6529 -27840 -925
3 24078 4084 15662 3030 26190 5801
3 906 774 -2024 5165 -32766 -27761
2 9502 -656 -5294 -6671 32767 -7969
1 14326 8012 7050 -71 3019 15112
2 31172 -3520 2556 -4533 321 6409
1 13142 5174 2490 14840 -22319 -17114
2 -3248 -10540 -6104 5679 -24879 806
1 -12588 3138 3104 1898 -22031 -10608
4 19024 -4002 -2488 -5393 -5930 14046
4 -19936 -2604 2058 2708 -6867 7278
4 5272 -3152 -3722 -2737 -2008 -20717
3 -2854 4578 -7298 -4346 5759 17198
3 25738 650 13814 -4033 26756 15327
2 654 438 -4292 -9221 32767 -8410
1 15132 5178 790 -2344 3754 22527
4 23428 -5786 -1860 -5168 5958 9968

4 -850 7762 -1612 127 1555 -816
1 1866 -6062 -3454 -1374 1926 1913
2 1174 7430 -802 439 1606 -609
3 84 -6948 -4776 535 -200 -336
2 1102 8144 -898 -1528 1005 371
4 -758 7814 -1698 -358 900 -236
1 2440 -6572 -3646 1097 3991 3219
1 3898 -7490 -3786 815 4358 2517
4 -864 7844 -1776 -201 155 35
2 0 0 0 0 0 0
3 -702 -7016 -4832 927 1363 548
1 3880 -6942 -3566 600 -1145 494
4 0 0 0 0 0 0
3 -1360 -7382 -4554 1238 4829 2383
2 0 0 0 0 0 0
3 894 -7126 -4892 290 326 518
4 0 0 0 0 0 0
2 0 0 0 0 0 0
1 0 0 0 0 0 0
4 0 0 0 0 0 0
1 0 0 0 0 0 0
3 0 0 0 0 0 0
2 0 0 0 0 0 0
1 0 0 0 0 0 0
4 -952 7938 -2182 -1194 1485 -197
2 0 0 0 0 0 0
3 6872 -10974 -12568 -3880 15783 3458
2 0 0 0 0 0 0
1 0 0 0 0 0 0
3 7744 -16770 -15358 -6301 18849 -16497
4 -1060 6988 -2224 -2216 5063 -163
1 6508 -7372 -6420 -4421 8591 279
4 0 0 0 0 0 0
2 0 0 0 0 0 0
3 1836 -13650 -9202 -3885 14948 -18620
2 0 0 0 0 0 0
3 2808 -6370 -4988 5125 20719 -7286
1 11918 -7736 -9998 -12901 3609 -7895
4 0 0 0 0 0 0
3 1150 -3588 -1586 11223 7336 -9835
4 -1350 8258 -1256 2611 1768 -1273
1 10052 -7820 -9030 -13478 8062 -14660
2 74 8454 -1132 -1678 2571 576
4 0 0 0 0 0 0
2 0 0 0 0 0 0
3 -948 -3128 88 11125 2221 -16002
1 0 0 0 0 0 0
2 0 0 0 0 0 0
1 3714 -4180 -1702 -6483 6924 -18692
4 0 0 0 0 0 0
3 -3690 -1846 1070 9424 -3153 -22027
3 -10360 -1504 1194 15045 -194 -16421
4 0 0 0 0 0 0
1 514 420 1356 -77 10062 -12795
2 0 0 0 0 0 0
4 0 0 0 0 0 0
3 -6728 -6732 -2690 29067 22548 -2132
1 0 0 0 0 0 0
2 0 0 0 0 0 0
4 0 0 0 0 0 0
1 -2904 -478 -672 16644 10303 -1919
3 -934 -19620 -9484 32767 32767 21854
2 2 7720 -790 -729 -394 -87
1 -2282 -2934 -5388 21025 14724 4522
4 0 0 0 0 0 0
2 0 0 0 0 0 0
3 16590 -15054 -4106 -3458 15445 21993
4 -402 8206 -1672 714 -5447 2889
1 4482 -7420 -10154 17335 11109 12313
2 0 0 0 0 0 0
3 4952 -16830 -1010 -3581 4537 8921
4 0 0 0 0 0 0
2 0 0 0 0 0 0
3 2026 -9354 -1714 -732 5563 5469
1 -208 -19846 -9254 13320 8418 20589
4 0 0 0 0 0 0
1 19294 -23198 -10338 -8457 29349 32767
2 0 0 0 0 0 0
3 -1278 -8598 -3240 -857 1184 -763
3 -528 -7408 -3964 -919 5314 2428

4 -612 8402 -4052 711 2941 -1090
1 2190 -6494 -5190 20 -1939 -161
4 620 10970 -8514 4917 11184 -801
1 1008 -6784 -5142 32 -4170 -363
4 -120 17312 -9362 15166 8151 2892
3 -368 -6940 -4854 596 1038 656
1 118 -6638 -5256 -164 -3181 964
2 1064 12092 -8914 17576 264 -1372
1 0 0 0 0 0 0
4 -784 17782 -6484 20562 7283 5197
3 0 0 0 0 0 0
3 0 0 0 0 0 0
1 0 0 0 0 0 0
4 -658 10550 -3998 17159 13354 7769
2 -4580 9050 -7868 14472 11136 6884
2 1034 6984 -5074 11120 13343 15608
4 190 4464 -596 10935 12647 11098
3 0 0 0 0 0 0
2 3518 2974 -3044 10328 3878 16460
1 0 0 0 0 0 0
3 0 0 0 0 0 0
2 1684 -526 -1346 9184 3059 12084
4 962 726 1740 3439 12497 12736
1 0 0 0 0 0 0
4 0 0 0 0 0 0
3 0 0 0 0 0 0
1 0 0 0 0 0 0
2 254 -3144 1190 6094 5716 9330
4 -4498 -2328 2788 -12102 194 17071
1 0 0 0 0 0 0
3 0 0 0 0 0 0
2 584 -5820 1642 -3873 12577 12705
4 -8670 1602 62 -17618 -3583 17111
1 0 0 0 0 0 0
3 0 0 0 0 0 0
2 -958 -1142 -1796 -15619 9563 16045
1 0 0 0 0 0 0
4 -7316 9918 -2086 -27624 4277 14253
3 0 0 0 0 0 0
2 0 0 0 0 0 0
4 -8550 24124 -8802 -32702 32767 1424
3 0 0 0 0 0 0
2 -7774 7034 -2998 -16438 16707 12735
1 0 0 0 0 0 0
1 0 0 0 0 0 0
4 9686 19016 -1414 -3417 23416 -14029
2 -2220 12414 -3122 -17886 25696 -3018
3 -10 -7414 -4832 1444 -2179 -2848
3 -316 -6426 -4178 -207 -2100 -2125
2 8122 16188 544 -5489 32767 -10015
4 5062 10958 -244 1574 12550 -7649
1 0 0 0 0 0 0
1 0 0 0 0 0 0
3 0 0 0 0 0 0
4 -542 9148 -666 2792 7527 -3855
2 9670 11950 1836 5549 11252 -7514
3 384 -7000 -4602 1711 -907 3
1 2348 -6374 -3438 -1095 1914 -1389
4 0 0 0 0 0 0
2 5522 8964 4272 3647 24396 5260
4 -330 6840 -1172 127 472 -721
1 2520 -6598 -3634 1697 -4667 -2469
2 2222 8240 -278 3228 -7304 -2021
3 0 0 0 0 0 0
3 0 0 0 0 0 0
1 1832 -6686 -3648 3153 -1844 -1912
3 0 0 0 0 0 0
2 -2162 7182 -96 728 -1207 -278
1 0 0 0 0 0 0
4 -922 7006 -1358 -3397 -322 1370
2 1124 8752 -866 -227 10592 1733
1 0 0 0 0 0 0
4 -954 8266 -1848 -5305 -538 1951
3 0 0 0 0 0 0
2 2556 8444 -486 1938 4059 -1329
3 0 0 0 0 0 0
2 1204 8256 -388 2723 904 -1815
4 0 0 0 0 0 0
3 0 0 0 0 0 0
2 1156 7660 -696 1237 1142 -1127

1 3098 -6926 -3704 765 1999 530
2 1286 8378 -146 296 -213 98
4 -790 7834 -1616 -32 129 51
3 -212 -7162 -4366 356 -81 197
1 3396 -7496 -4514 -306 801 15
2 0 0 0 0 0 0
3 0 0 0 0 0 0
4 0 0 0 0 0 0
1 6974 -7748 -6372 -6328 7704 1094
2 2374 12014 -4116 3196 3358 -92
3 -430 -7116 -4428 329 -4665 -2213
4 0 0 0 0 0 0
3 0 0 0 0 0 0
1 9162 -8042 -8620 -11999 4972 -5691
4 0 0 0 0 0 0
2 5484 15610 -5518 12156 11452 -1928
1 8290 -6300 -9508 -14661 8398 -10320
2 0 0 0 0 0 0
3 0 0 0 0 0 0
4 0 0 0 0 0 0
4 0 0 0 0 0 0
1 0 0 0 0 0 0
3 0 0 0 0 0 0
3 2688 -7676 -6478 -1404 5574 3432
2 866 9222 -5696 11958 6361 16126
1 0 0 0 0 0 0
2 0 0 0 0 0 0
3 2742 -7650 -14012 -8768 676 -4334
1 3442 -48 -1036 -6160 5244 -12678
4 78 11176 -8282 1124 5188 -3017
2 304 526 -1812 14680 460 5188
1 246 2562 354 -3692 109 -9400
3 5266 -11424 -16426 -13278 16723 -7134
4 928 12684 -8278 10945 12957 963
2 1980 -3784 -4 9819 3428 3094
4 -1526 14946 -9228 16198 8425 6954
3 2746 -10434 -10972 -15640 17150 -9367
1 -722 6718 1948 319 4829 -5069
2 2890 -9382 -14 3571 6835 6035
4 1300 11342 -7100 15881 13092 11818
2 0 0 0 0 0 0
1 1830 6990 3652 6557 12556 -705
4 -1324 6840 -178 16459 1971 14636
2 2680 -3334 -3438 -12028 4228 10212
3 3524 -6698 -4102 -8374 16055 -12693
1 0 0 0 0 0 0
4 -574 2456 1254 8957 11545 14671
2 -250 -692 -2872 -15561 -2638 13334
3 -258 -4992 -710 -1946 4461 -18330
1 -2230 -664 -3820 19665 12863 3936
4 56 -3380 1920 -6162 14264 15874
3 1600 872 1008 6450 4188 -11380
3 -2208 548 -120 18680 4529 -13220
3 -6202 -5588 -5640 25085 2950 -18165
3 -5128 -14724 -10022 28706 18100 -5645
2 -4438 5838 -4958 -17770 -6712 15337
3 -550 -13828 -8486 14701 6526 10665
1 5834 -1606 -9684 15038 10541 12230
2 -9252 10064 -1664 -17460 9233 15274
4 0 0 0 0 0 0
1 2418 -7496 -7734 20106 -768 13088
4 -5580 6486 -1818 -15863 -2754 22106
3 1906 -15364 -11216 9212 19035 19175
2 -2236 11776 -28 -15382 32767 -2200
1 5564 -14870 -8154 -231 29652 22703
4 -7552 19338 -2372 -31866 14716 14375
2 12060 15870 5076 5793 32767 -4964
1 13076 -17936 2674 -21225 27184 19180
4 -1634 19226 -4340 -12499 25710 -11573
2 4188 9800 3694 11895 -486 -7921
1 6942 -6652 -2158 -11660 -6703 -869
3 1614 -12420 -1822 -71 32767 15629
4 8390 13010 -4540 -1395 20413 -13708
2 -634 7908 720 5746 -4939 -4760
1 50 -4598 -2198 -1956 831 -2520
4 3128 10286 -296 1617 18134 -7054
2 0 0 0 0 0 0
1 2514 -6000 -4814 4499 4963 -1569
4 770 8406 -1272 2944 9622 -1970
3 4228 -10424 -1778 -10187 19401 2423

1 3638 -6612 -5856 -5640 -2367 -495
2 1352 8190 -650 1636 2005 -523
3 80 -7378 -4800 2966 -762 47
4 -530 8246 -2190 -948 -2121 -105
2 1388 7886 -666 1099 278 -210
4 -746 8046 -2094 -4 1012 -22
3 -276 -7450 -4796 646 614 202
1 4524 -4604 -8158 -9299 1233 -953
3 0 0 0 0 0 0
4 0 0 0 0 0 0
2 0 0 0 0 0 0
1 0 0 0 0 0 0
1 0 0 0 0 0 0
2 0 0 0 0 0 0
4 -914 8544 -1562 3005 1181 -964
3 0 0 0 0 0 0
1 0 0 0 0 0 0
4 0 0 0 0 0 0
2 0 0 0 0 0 0
3 0 0 0 0 0 0
4 0 0 0 0 0 0
3 0 0 0 0 0 0
1 0 0 0 0 0 0
2 0 0 0 0 0 0
2 0 0 0 0 0 0
1 11474 -10162 -10442 13707 -79 -14581
3 0 0 0 0 0 0
4 -716 7276 -1218 923 1447 -849
4 0 0 0 0 0 0
3 0 0 0 0 0 0
2 1008 9314 -456 1541 -3747 -2287
1 2190 -16136 -28744 -10375 -18642 -30571
4 0 0 0 0 0 0
3 -346 -7070 -4190 1537 -2878 -1185
1 -6576 -12292 -12978 -32768 -6224 -15222
2 -304 7206 -796 -1678 692 -785
4 0 0 0 0 0 0
2 0 0 0 0 0 0
3 -2672 -6506 -6144 2277 1579 1917
3 8514 -7348 -4106 -3205 2620 -1725
1 -5034 -3020 1134 -21658 -6507 7286
2 238 8724 -810 -132 233 563
4 0 0 0 0 0 0
1 -282 1702 698 -6645 -8286 6215
4 0 0 0 0 0 0
3 3414 -13314 5818 -3796 -32768 -21568
1 -592 1200 1446 1878 -3946 7913
2 0 0 0 0 0 0
4 0 0 0 0 0 0
1 768 660 652 6248 -5900 9854
3 8948 -20218 -11796 -9769 -32768 -32768
2 0 0 0 0 0 0
4 -688 8136 -1514 1460 5799 -1780
3 -23750 -20436 -14248 -29616 -32768 -10926
1 3692 -1358 -2820 11359 -4984 12122
2 0 0 0 0 0 0
3 -17868 -27098 -13640 -32132 425 29903
1 6724 -6014 -6874 14650 -4089 12711
4 -202 8124 -1390 418 2990 317
2 1550 8622 -36 381 1584 112
4 -1548 6824 -1400 -3244 2158 2377
1 9930 -8500 -9314 15128 -5648 11904
3 -5876 -16530 -2732 -30916 4359 23062
2 -130 7876 -352 -1427 -3503 -386
1 5730 -10720 -8654 12116 1438 11149
4 0 0 0 0 0 0
3 -3128 -8368 -718 -12902 -15110 14881
2 0 0 0 0 0 0
4 -308 8866 -1344 5593 -9452 -628
1 7782 -9646 -5390 5118 2073 9905
3 0 0 0 0 0 0
2 0 0 0 0 0 0
3 -844 -23742 -8124 11805 -32768 16971
1 5196 -7192 -4748 6843 -6385 2319
4 0 0 0 0 0 0
2 0 0 0 0 0 0
1 4478 -7460 -4284 6474 -9264 -3596
3 7658 -27958 -12888 16474 -1340 24678
4 1120 7252 -562 4878 -4277 -536
2 -454 8454 -204 758 4582 2

2 2366 8784 -14 -165 -6939 1739
3 -312 -7158 -4616 586 3901 2774
1 2812 -6504 -3796 -97 -1285 -59
4 2762 10646 -1586 -3175 -8028 5696
3 -686 -7258 -4556 -759 3642 2441
4 4244 15252 -3220 9585 -24937 8149
4 -3978 14620 -9094 26733 -18373 5603
2 4526 8686 1330 -178 -20174 2246
3 0 0 0 0 0 0
1 0 0 0 0 0 0
2 4054 12036 -1256 1332 -19835 7704
1 0 0 0 0 0 0
3 0 0 0 0 0 0
2 0 0 0 0 0 0
4 -7008 6648 -7378 28953 -10329 -3556
1 0 0 0 0 0 0
3 -1514 -7436 -4284 -1170 1169 264
4 -8576 1586 -650 18645 -830 -9972
2 -3674 11474 -6454 16757 -17000 -1990
1 0 0 0 0 0 0
3 0 0 0 0 0 0
2 0 0 0 0 0 0
4 -4704 668 930 10971 -6661 -12558
1 0 0 0 0 0 0
2 -6522 7154 -1170 16236 1300 -22845
3 0 0 0 0 0 0
1 0 0 0 0 0 0
4 0 0 0 0 0 0
1 0 0 0 0 0 0
3 0 0 0 0 0 0
4 -278 -3276 2228 3427 -7951 -13467
2 -408 1376 782 10658 -252 -21045
3 -1006 -7452 -4164 -280 -4864 -3161
4 334 -2658 1936 -5169 -16227 -10927
1 0 0 0 0 0 0
2 1576 -306 854 3380 -2234 -18620
3 0 0 0 0 0 0
2 4686 -888 -1176 -2276 5264 -10703
1 3192 -6716 -4288 -58 -1864 -1511
4 -6278 3824 -2822 -17691 -18682 -4952
1 0 0 0 0 0 0
4 -1364 15380 -4834 -25583 -8703 -8551
3 -988 -8118 -4974 2836 -6077 -4826
2 5478 2302 -4058 -11341 -15804 -11747
2 2556 9656 -6682 -15997 -4531 -6942
1 0 0 0 0 0 0
3 -776 -6944 -4266 -1218 -5683 -3607
1 0 0 0 0 0 0
3 0 0 0 0 0 0
2 2472 12564 -6708 -14823 2114 -6275
2 -2548 10572 -12596 -2907 9843 2241
1 0 0 0 0 0 0
4 608 25846 -3746 -28126 401 -6020
3 0 0 0 0 0 0
4 -1776 19352 -1724 -13543 -31505 -422
4 -2800 12194 -2886 -9602 -300 700
3 -524 -7868 -5874 7508 5688 4943
2 1526 6200 -1440 -8922 -18096 -7722
1 0 0 0 0 0 0
4 770 9500 -2802 -2612 -3482 3709
2 2576 11898 -3202 -10171 2284 2099
3 1128 -7472 -4822 1374 2238 478
4 -1602 7942 -1718 4624 -19043 2205
1 3564 -7118 -4700 2292 1134 225
3 0 0 0 0 0 0
2 888 9570 -2826 -1632 -3876 1328
4 -2818 7162 -744 5633 -13999 -3698
1 0 0 0 0 0 0
2 -1160 7924 -1272 748 -897 694
4 -1620 8314 -1724 2427 4081 -5513
1 0 0 0 0 0 0
3 0 0 0 0 0 0
3 0 0 0 0 0 0
1 0 0 0 0 0 0
2 0 0 0 0 0 0
4 0 0 0 0 0 0
2 0 0 0 0 0 0
4 0 0 0 0 0 0
1 0 0 0 0 0 0
3 0 0 0 0 0 0

4 -218 8292 -1838 2723 1514 -1662
2 1404 8072 -204 556 -1630 101
1 0 0 0 0 0 0
3 0 0 0 0 0 0
1 0 0 0 0 0 0
3 0 0 0 0 0 0
2 1834 8326 152 -214 -3498 904
4 -168 7918 -1470 3124 1111 -685
1 6090 -7318 -1156 4340 -11726 -6359
3 0 0 0 0 0 0
2 3946 8312 1148 -984 -9851 2268
2 5530 10188 196 -62 -17087 5068
3 0 0 0 0 0 0
1 6722 -8640 -4240 2192 -21981 -13144
2 4508 12902 -4510 6170 -19796 6840
1 5320 -7730 -9746 -7433 -18058 -13333
4 -894 7726 -1330 1872 -224 -197
4 0 0 0 0 0 0
3 0 0 0 0 0 0
2 -2964 12320 -8214 20081 -17931 -1859
4 0 0 0 0 0 0
3 0 0 0 0 0 0
2 0 0 0 0 0 0
4 0 0 0 0 0 0
1 -920 -5406 -13342 -18959 -6137 -6246
3 0 0 0 0 0 0
4 0 0 0 0 0 0
1 -4098 -2652 -8858 -23355 -7376 -452
3 0 0 0 0 0 0
1 -3212 1206 -2232 -18283 -4958 5087
4 0 0 0 0 0 0
2 -1994 1514 -1450 20370 -255 -13879
2 -144 -2772 -598 10696 -1354 -13046
1 -596 3320 8 -10615 -5444 5002
4 0 0 0 0 0 0
3 0 0 0 0 0 0
4 1640 8844 -1388 712 -5287 962
2 2246 -3806 -814 3387 1611 -9708
3 0 0 0 0 0 0
1 766 5464 1024 -3430 -6802 6226
1 3000 5352 218 708 247 7278
3 560 -9286 2416 -661 -18643 -10126
2 5318 -3498 -2262 -726 2967 -6382
4 6976 9192 5802 3998 -30274 3658
1 0 0 0 0 0 0
3 7992 -16860 -2574 -1852 -29787 -19868
4 226 16170 -12378 20002 -32768 5854
2 5426 -3092 -3386 -3576 -7896 -7085
4 -22634 22624 -13570 32767 -17372 -11698
1 0 0 0 0 0 0
3 -4578 -16624 -28326 -27117 -7112 -17402
2 0 0 0 0 0 0
2 3046 440 -6066 -8976 -6476 -6394
4 -20034 21294 5420 29837 4658 -32467
1 0 0 0 0 0 0
3 -11014 -29186 -28098 -32768 11855 -11833
2 0 0 0 0 0 0
1 5944 -276 -5200 9596 499 8195
4 -11574 19238 9984 1377 -12318 -32670
3 -22878 -24880 -7266 -32768 -29381 9183
4 0 0 0 0 0 0
3 -10620 -21480 -3328 -7101 -32768 31526
2 4874 8112 -6992 -10220 2298 -2724
1 0 0 0 0 0 0
1 0 0 0 0 0 0
4 7234 32767 -4746 -32768 7634 -27249
3 4180 -32768 -18656 27770 -13013 29899
2 4522 8822 -6192 -6512 127 -2079
4 3436 19570 -11294 -8640 -15404 -5563
3 5308 -16094 -18724 3180 -15202 1187
2 0 0 0 0 0 0
1 0 0 0 0 0 0
2 0 0 0 0 0 0
4 798 8708 -6614 193 -11733 1497
1 0 0 0 0 0 0
3 1658 -4446 -7706 -1858 -6027 -4174
1 6032 -8406 -4354 2544 -7 6278
3 0 0 0 0 0 0
2 1668 8286 -5374 -2292 -3918 -3036
4 -1846 8118 -1916 2670 1472 -236

2 -1814 5038 -3762 -1008 -3335 1046
1 1864 -6662 -4390 1262 -2403 -210
3 -356 -6880 -4386 -780 -797 -581
4 -1132 8050 -1770 100 945 -364
1 0 0 0 0 0 0
4 136 8572 -590 1252 -5922 706
3 0 0 0 0 0 0
2 -2346 5334 -2914 -4864 976 2573
3 -298 -7148 -4356 -106 -4880 -1975
4 0 0 0 0 0 0
2 -678 8540 -2744 -9795 1347 3425
1 3094 -6884 -4626 2461 2648 5513
4 520 8452 -406 463 -11209 3068
2 0 0 0 0 0 0
1 2036 -7142 -3898 2206 2144 3276
3 390 -7186 -3998 -261 -6902 -3191
4 3362 11040 -3296 4498 -17605 4526
3 3396 -10696 -3754 -2422 -16144 -10059
2 508 10442 1534 -5265 -10586 274
1 0 0 0 0 0 0
3 5096 -10676 -5690 -4852 -17822 -15807
2 -568 8550 1930 -3760 -9636 759
4 -3122 11060 -7104 14379 -21474 2503
1 0 0 0 0 0 0
3 -108 -9862 -15814 -11814 -14612 -17182
4 0 0 0 0 0 0
2 1586 8456 3266 -4694 -5427 2036
1 2268 -8340 1302 3376 -3435 -1021
2 8928 10504 7962 -6330 -15001 5594
1 4898 -15778 7744 12161 -17654 -13397
3 -9264 -10772 -10194 -23313 -7427 2553
4 0 0 0 0 0 0
1 6670 -13126 -426 7237 -12262 -19247
4 -7318 4184 -930 11065 -657 -19914
2 8636 11986 2158 -3994 -7112 19765
3 -5988 -4430 -7252 -20755 3003 10941
1 2824 -8264 -4518 -11416 -32768 -16965
4 -2984 -4 -458 6407 -2878 -18521
2 4758 9362 -1460 13098 -32768 4193
3 -2338 -1190 -4728 -18546 -622 10823
3 -372 926 -528 -14208 -2434 9907
4 0 -2306 300 2600 -1654 -15164
2 -7626 4788 -3128 24900 -31516 -19498
1 -872 -6144 -7134 -22718 -24670 3207
2 -1030 4430 -3698 17017 -3147 -24092
4 0 0 0 0 0 0
3 276 -1286 -562 -6767 -5081 12934
1 -1752 1566 -5224 -19467 -13014 9647
3 496 -3400 -1944 230 -7310 19024
2 2738 -278 -804 12673 10424 -14258
1 -1364 5226 548 -17597 4449 6458
4 -1264 1714 428 -15426 -9951 -7809
2 4070 -1040 -764 5357 -8245 -13488
3 5294 -10276 -6588 5432 -5461 23276
4 -714 10256 -4092 -23137 -7922 -5287
1 -2650 3190 1750 -6278 -12744 6205
3 6676 -11776 -7850 6550 -12418 15265
2 1214 1708 -2294 -6002 -17970 -15876
4 -500 15674 -6034 -21837 -3320 -2985
1 -658 1396 76 6270 -16243 7274
2 -972 7896 -5328 -15165 -10213 -10878
3 5536 -12818 -7006 5812 -8288 10314
1 1010 -2638 -1992 21000 -9632 8191
4 1958 14406 -5198 -13693 -3197 -4899
3 0 0 0 0 0 0
1 7998 -14300 -8660 25019 11040 17979
4 132 12394 -2212 -6303 -10371 -5561
2 3100 13572 -8692 -16044 -5307 -10645
3 -1218 -8490 -4420 6937 -13032 -990
1 12860 -15692 -9616 20041 3144 17503
2 0 0 0 0 0 0
4 -2170 9572 -1154 -7149 -7802 -862
2 0 0 0 0 0 0
4 -2912 9306 -262 -6553 -4900 1903
1 9236 -10676 -5428 12687 -1606 7182
3 -2538 -8176 -3242 5772 -5629 1557
1 5892 -7560 -4158 7571 -3480 373
2 -3780 11950 1340 -6055 -13303 3560
3 -1544 -8046 -2106 3230 -2435 1345
4 -2646 8170 710 -3665 -4091 496

4 -654 8140 1982 1555 -37 -178
1 2392 -7516 -3704 -2907 -1688 -1166
3 -1072 -8334 -1648 -1591 737 -580
4 0 0 0 0 0 0
1 2146 -7386 -4084 -3166 -1379 -385
3 0 0 0 0 0 0
1 0 0 0 0 0 0
2 1726 7858 -470 1301 2403 -2651
3 0 0 0 0 0 0
4 0 0 0 0 0 0
2 1014 7282 -688 -813 2206 -3009
3 0 0 0 0 0 0
4 0 0 0 0 0 0
1 1452 -5972 -4438 -1557 208 -107
2 0 0 0 0 0 0
4 0 0 0 0 0 0
3 0 0 0 0 0 0
1 0 0 0 0 0 0
3 0 0 0 0 0 0
2 0 0 0 0 0 0
1 0 0 0 0 0 0
4 0 0 0 0 0 0
2 0 0 0 0 0 0
3 0 0 0 0 0 0
1 0 0 0 0 0 0
4 0 0 0 0 0 0
1 0 0 0 0 0 0
2 0 0 0 0 0 0
3 0 0 0 0 0 0
4 -162 4998 -1054 613 1568 184
2 -1094 4990 532 -70 54 -2768
1 3342 -6624 -1942 397 5058 -1706
3 0 0 0 0 0 0
4 0 0 0 0 0 0
1 9070 -8628 2372 7251 5948 -6139
3 1496 -13548 -8228 -1094 -2479 -2533
4 3630 15794 -6162 -149 5724 1746
2 3648 12446 260 1380 -6774 2762
3 4760 -17370 -12472 -5295 -2218 -7667
2 6230 22358 5656 63 9340 7322
4 6240 22030 -6152 5870 212 7830
1 16400 -20514 1588 15660 -7657 -11983
2 7732 23390 4068 -4076 2856 14765
4 2702 12782 -2556 5439 -2730 9644
3 5106 -11608 -8998 -516 -219 -15445
1 15124 -12260 -972 6218 -4955 -11405
2 3554 6624 1386 4892 -26044 14569
1 4950 714 -1486 -973 -13583 -13269
3 1280 -3070 -3982 -3716 -1783 -15677
4 194 3786 -678 7441 -2583 9759
2 -4664 8636 3336 14269 -12460 10826
3 -2112 -2354 -3002 -4751 352 -12231
1 128 -5598 -682 -4735 -10925 -15381
4 -2742 4050 74 8526 -638 8243
3 -3170 -2488 -2242 -3949 5810 -6731
1 -8306 -3774 2070 -3727 -7186 -9091
2 -4134 3416 7402 15393 -7998 7902
4 0 0 0 0 0 0
2 -3216 -2388 7224 532 203 3300
3 -1768 -2120 -2466 -3700 6658 -6262
1 -5796 -370 964 -4193 2267 -120
4 -6054 -794 5058 7522 -5731 2011
3 0 0 0 0 0 0
2 -62 18 4352 -11851 -7940 -6272
1 -1728 5302 3440 3048 -3859 9710
4 -3674 7078 5516 -9402 -2919 -11330
1 16132 -15308 -2454 -1309 23429 28037
3 4090 -3750 -11958 8507 -11438 19227
2 -256 30082 -1390 -30383 23485 -9701
4 1876 25844 -7072 -21836 13699 -15601
2 10502 25016 1500 -3354 16826 -18163
3 14118 -13212 -14776 9721 -1973 19390
1 0 0 0 0 0 0
4 11900 21694 -13810 -8360 4529 -13673
2 22686 11432 11190 2934 32767 -5374
1 18098 -22468 -2814 -3171 11248 27141
3 10642 -10990 -9722 6818 -1487 8369
4 5386 17270 -10690 6171 8902 -9643
2 -1140 8156 2750 675 -18534 -5213
2 -4686 5206 844 -1535 -1444 2689

3 3236 2234 -7764 -10 6 -17
1 782 -7054 -4108 -700 -3234 79
4 -3912 1138 -7090 -26 70 7
2 774 7162 -1362 -2747 -2219 -2200
4 0 0 0 0 0 0
1 1170 -7796 -3624 -5823 2438 1728
3 0 0 0 0 0 0
2 650 8530 -1174 2390 4097 -1486
4 0 0 0 0 0 0
2 1720 11668 986 10943 4446 1485
3 0 0 0 0 0 0
1 2112 -8868 -3278 -8501 3697 813
4 0 0 0 0 0 0
2 1012 12974 2240 15677 4630 4382
3 0 0 0 0 0 0
1 0 0 0 0 0 0
1 2196 -7956 -2722 -6691 2832 -994
4 0 0 0 0 0 0
3 0 0 0 0 0 0
2 1110 7818 6076 6166 12933 7347
4 0 0 0 0 0 0
1 1662 -6458 -2482 -2946 -989 -1580
3 0 0 0 0 0 0
2 0 0 0 0 0 0
3 0 0 0 0 0 0
4 0 0 0 0 0 0
2 -796 5684 134 -3037 -3697 2168
1 0 0 0 0 0 0
1 1312 -7340 -3184 7496 -1756 1179
4 0 0 0 0 0 0
3 0 0 0 0 0 0
2 0 0 0 0 0 0
1 0 0 0 0 0 0
4 0 0 0 0 0 0
2 78 9864 224 -9371 2063 -3185
3 0 0 0 0 0 0
4 0 0 0 0 0 0
1 1534 -8670 -3820 5790 -1473 1095
3 0 0 0 0 0 0
2 938 9728 214 -6249 3573 -2826
4 0 0 0 0 0 0
1 1534 -7684 -3826 1766 -1091 632
2 1264 9006 -136 -1663 604 -2330
3 0 0 0 0 0 0
1 0 0 0 0 0 0
4 0 0 0 0 0 0
3 0 0 0 0 0 0
2 0 0 0 0 0 0
1 1884 -8202 -3452 -3690 1095 -179
2 1438 9016 430 3952 33 1173
4 0 0 0 0 0 0
3 0 0 0 0 0 0
1 1934 -8408 -3152 -6187 1512 -1106
4 0 0 0 0 0 0
2 1146 9452 704 6100 -1036 2477
3 0 0 0 0 0 0
1 0 0 0 0 0 0
2 0 0 0 0 0 0
3 0 0 0 0 0 0
4 0 0 0 0 0 0
1 1146 -7268 -2834 -3680 -1365 -1678
2 362 7512 322 3773 -301 1910
4 0 0 0 0 0 0
3 0 0 0 0 0 0
4 0 0 0 0 0 0
1 1346 -6554 -2840 -545 301 -229
2 226 6976 228 89 -712 352
3 0 0 0 0 0 0
1 1326 -6792 -3000 2919 -617 635
2 250 7630 90 -3364 360 -1057
3 0 0 0 0 0 0
4 0 0 0 0 0 0
1 1510 -7552 -3282 5536 -953 1290
4 0 0 0 0 0 0
3 0 0 0 0 0 0
2 550 8586 140 -5378 864 -1954
1 0 0 0 0 0 0
3 0 0 0 0 0 0
4 0 0 0 0 0 0
2 0 0 0 0 0 0

2 2746 7840 702 386 314 -106
4 0 0 0 0 0 0
3 0 0 0 0 0 0
1 1478 -7882 -1978 21 -108 -54
4 0 0 0 0 0 0
1 1472 -7886 -1968 9 -139 -50
2 0 0 0 0 0 0
3 0 0 0 0 0 0
4 0 0 0 0 0 0
2 0 0 0 0 0 0
1 0 0 0 0 0 0
3 0 0 0 0 0 0
4 0 0 0 0 0 0
1 0 0 0 0 0 0
2 0 0 0 0 0 0
3 0 0 0 0 0 0
1 0 0 0 0 0 0
2 0 0 0 0 0 0
4 0 0 0 0 0 0
3 0 0 0 0 0 0
4 0 0 0 0 0 0
3 0 0 0 0 0 0
2 0 0 0 0 0 0
1 0 0 0 0 0 0
1 0 0 0 0 0 0
4 0 0 0 0 0 0
3 0 0 0 0 0 0
2 0 0 0 0 0 0
1 0 0 0 0 0 0
4 0 0 0 0 0 0
3 0 0 0 0 0 0
2 0 0 0 0 0 0
1 0 0 0 0 0 0
4 0 0 0 0 0 0
2 0 0 0 0 0 0
3 0 0 0 0 0 0
4 0 0 0 0 0 0
1 0 0 0 0 0 0
2 0 0 0 0 0 0
3 0 0 0 0 0 0
1 0 0 0 0 0 0
2 0 0 0 0 0 0
4 0 0 0 0 0 0
3 0 0 0 0 0 0
1 0 0 0 0 0 0
4 0 0 0 0 0 0
2 0 0 0 0 0 0
3 0 0 0 0 0 0
4 0 0 0 0 0 0
1 0 0 0 0 0 0
3 0 0 0 0 0 0
2 0 0 0 0 0 0
1 0 0 0 0 0 0
3 0 0 0 0 0 0
4 0 0 0 0 0 0
2 0 0 0 0 0 0
2 0 0 0 0 0 0
3 0 0 0 0 0 0
4 0 0 0 0 0 0
1 0 0 0 0 0 0
4 0 0 0 0 0 0
3 0 0 0 0 0 0
2 0 0 0 0 0 0
1 0 0 0 0 0 0
1 0 0 0 0 0 0
2 0 0 0 0 0 0
3 0 0 0 0 0 0
4 0 0 0 0 0 0
2 0 0 0 0 0 0
1 0 0 0 0 0 0
4 0 0 0 0 0 0
3 0 0 0 0 0 0
1 0 0 0 0 0 0
4 0 0 0 0 0 0
2 0 0 0 0 0 0
3 0 0 0 0 0 0
4 0 0 0 0 0 0
1 0 0 0 0 0 0
3 0 0 0 0 0 0
2 0 0 0 0 0 0

4 0 0 0 0 0 0
2 1398 8092 166 -684 -6232 -623
4 0 0 0 0 0 0
2 1288 8086 -96 -131 -3250 -487
2 0 0 0 0 0 0
4 0 0 0 0 0 0
1 1558 -7610 -3918 718 -706 -843
3 0 0 0 0 0 0
4 0 0 0 0 0 0
1 0 0 0 0 0 0
3 0 0 0 0 0 0
2 0 0 0 0 0 0
3 0 0 0 0 0 0
2 338 7496 420 4731 1699 1045
4 0 0 0 0 0 0
1 1352 -6384 -3070 -172 4870 1329
2 616 7994 536 2654 1039 401
3 0 0 0 0 0 0
1 2270 -8476 -3090 -528 7268 669
4 0 0 0 0 0 0
1 2340 -8524 -3616 -923 -7791 -667
2 0 0 0 0 0 0
4 0 0 0 0 0 0
3 0 0 0 0 0 0
2 812 8620 120 -4127 2462 -1723
3 0 0 0 0 0 0
4 0 0 0 0 0 0
1 0 0 0 0 0 0
1 0 0 0 0 0 0
2 -176 8934 14 -2296 -34 -1480
4 0 0 0 0 0 0
3 0 0 0 0 0 0
4 0 0 0 0 0 0
3 0 0 0 0 0 0
1 0 0 0 0 0 0
2 1780 8858 -312 501 -3000 -1808
3 0 0 0 0 0 0
4 0 0 0 0 0 0
2 1348 6824 -1628 1672 -5452 -776
1 3604 -6018 -5166 -752 -1383 -593
3 0 0 0 0 0 0
4 0 0 0 0 0 0
1 11086 -11516 -5040 -2169 611 -5968
2 10698 15118 1690 2651 -4586 5959
2 8582 14384 2780 -81 -337 13564
1 9344 -12660 -4154 -1535 -3256 -14225
4 0 0 0 0 0 0
3 0 0 0 0 0 0
4 0 0 0 0 0 0
3 0 0 0 0 0 0
1 4094 -8154 -3802 -1962 -2223 -15364
2 4198 11430 1010 -847 -7655 14653
4 0 0 0 0 0 0
3 0 0 0 0 0 0
1 0 0 0 0 0 0
2 0 0 0 0 0 0
4 0 0 0 0 0 0
2 -7672 934 -378 2833 10489 4651
3 0 0 0 0 0 0
1 -7166 -3306 -966 -470 973 -3340
4 0 0 0 0 0 0
2 -2982 5694 146 4186 -3940 -14067
1 -2420 -5262 -2954 3090 -2292 10274
3 0 0 0 0 0 0
4 0 0 0 0 0 0
1 -170 -10740 -6816 3471 -2068 17116
2 -3276 13008 -280 -1720 2352 -19632
3 0 0 0 0 0 0
2 14144 22268 2084 210 19383 -18451
4 0 0 0 0 0 0
1 11674 -13082 -7552 579 -3962 15414
3 0 0 0 0 0 0
3 0 0 0 0 0 0
1 32767 -10044 -4642 -1869 -665 -5594
4 0 0 0 0 0 0
2 32767 18902 6944 844 -3561 5149
3 0 0 0 0 0 0
1 14432 -14598 -13248 -4990 -2042 -23108
3 0 0 0 0 0 0
1 1042 -18870 -16198 -13701 3279 -23947

2 6086 4140 -3896 496 334 111
4 -424 -232 7988 -335 4353 75
3 1026 -1612 7580 23 1 5
1 8366 -216 -2062 475 -615 0
3 0 0 0 0 0 0
4 -128 -296 8512 -59 -2688 45
1 8862 -328 -2806 302 -2756 -1096
2 0 0 0 0 0 0
3 0 0 0 0 0 0
4 -310 -256 8170 -107 307 32
2 6364 3894 -4660 132 -1073 91
1 8558 -1222 -3902 60 794 -460
3 0 0 0 0 0 0
4 0 0 0 0 0 0
2 0 0 0 0 0 0
1 0 0 0 0 0 0
1 0 0 0 0 0 0
4 0 0 0 0 0 0
2 0 0 0 0 0 0
3 0 0 0 0 0 0
4 0 0 0 0 0 0
2 0 0 0 0 0 0
1 0 0 0 0 0 0
3 0 0 0 0 0 0
4 0 0 0 0 0 0
1 0 0 0 0 0 0
3 0 0 0 0 0 0
2 0 0 0 0 0 0
1 0 0 0 0 0 0
2 0 0 0 0 0 0
4 0 0 0 0 0 0
3 0 0 0 0 0 0
3 0 0 0 0 0 0
4 0 0 0 0 0 0
1 0 0 0 0 0 0
2 0 0 0 0 0 0
4 0 0 0 0 0 0
2 0 0 0 0 0 0
1 0 0 0 0 0 0
3 0 0 0 0 0 0
3 0 0 0 0 0 0
1 0 0 0 0 0 0
4 0 0 0 0 0 0
2 0 0 0 0 0 0
2 0 0 0 0 0 0
1 0 0 0 0 0 0
3 0 0 0 0 0 0
4 0 0 0 0 0 0
4 0 0 0 0 0 0
2 0 0 0 0 0 0
1 0 0 0 0 0 0
3 0 0 0 0 0 0
1 0 0 0 0 0 0
2 0 0 0 0 0 0
4 0 0 0 0 0 0
3 0 0 0 0 0 0
4 0 0 0 0 0 0
1 0 0 0 0 0 0
3 0 0 0 0 0 0
2 0 0 0 0 0 0
2 0 0 0 0 0 0
4 0 0 0 0 0 0
3 0 0 0 0 0 0
1 0 0 0 0 0 0
1 0 0 0 0 0 0
2 0 0 0 0 0 0
4 0 0 0 0 0 0
3 0 0 0 0 0 0
4 0 0 0 0 0 0
1 0 0 0 0 0 0
3 0 0 0 0 0 0
2 0 0 0 0 0 0
3 0 0 0 0 0 0
1 0 0 0 0 0 0
4 0 0 0 0 0 0
2 0 0 0 0 0 0
4 0 0 0 0 0 0
2 0 0 0 0 0 0
3 0 0 0 0 0 0
1 0 0 0 0 0 0

2 0 0 0 0 0 0
3 0 0 0 0 0 0
4 0 0 0 0 0 0
1 0 0 0 0 0 0
2 0 0 0 0 0 0
3 0 0 0 0 0 0
1 0 0 0 0 0 0
2 0 0 0 0 0 0
4 0 0 0 0 0 0
1 0 0 0 0 0 0
3 0 0 0 0 0 0
4 0 0 0 0 0 0
3 0 0 0 0 0 0
1 0 0 0 0 0 0
2 0 0 0 0 0 0
4 0 0 0 0 0 0
2 0 0 0 0 0 0
3 0 0 0 0 0 0
4 0 0 0 0 0 0
1 0 0 0 0 0 0
3 0 0 0 0 0 0
2 0 0 0 0 0 0
1 0 0 0 0 0 0
4 0 0 0 0 0 0
3 0 0 0 0 0 0
2 0 0 0 0 0 0
4 0 0 0 0 0 0
1 0 0 0 0 0 0
3 0 0 0 0 0 0
1 0 0 0 0 0 0
4 0 0 0 0 0 0
2 0 0 0 0 0 0
3 0 0 0 0 0 0
4 0 0 0 0 0 0
1 0 0 0 0 0 0
2 0 0 0 0 0 0
1 0 0 0 0 0 0
2 0 0 0 0 0 0
4 0 0 0 0 0 0
3 0 0 0 0 0 0
4 0 0 0 0 0 0
3 0 0 0 0 0 0
1 0 0 0 0 0 0
2 0 0 0 0 0 0
2 0 0 0 0 0 0
3 0 0 0 0 0 0
4 0 0 0 0 0 0
1 0 0 0 0 0 0
3 0 0 0 0 0 0
2 0 0 0 0 0 0
1 0 0 0 0 0 0
4 0 0 0 0 0 0
1 0 0 0 0 0 0
3 0 0 0 0 0 0
4 0 0 0 0 0 0
2 0 0 0 0 0 0
1 0 0 0 0 0 0
3 0 0 0 0 0 0
4 0 0 0 0 0 0
2 0 0 0 0 0 0
1 0 0 0 0 0 0
4 0 0 0 0 0 0
3 0 0 0 0 0 0
2 0 0 0 0 0 0
4 0 0 0 0 0 0
1 0 0 0 0 0 0
3 0 0 0 0 0 0
2 0 0 0 0 0 0
4 0 0 0 0 0 0
3 0 0 0 0 0 0
1 0 0 0 0 0 0
2 0 0 0 0 0 0
3 0 0 0 0 0 0
4 0 0 0 0 0 0
1 0 0 0 0 0 0
2 0 0 0 0 0 0
4 0 0 0 0 0 0
3 0 0 0 0 0 0
2 0 0 0 0 0 0
1 0 0 0 0 0 0

1 0 0 0 0 0 0
3 0 0 0 0 0 0
2 0 0 0 0 0 0
4 0 0 0 0 0 0
3 0 0 0 0 0 0
2 0 0 0 0 0 0
1 0 0 0 0 0 0
4 0 0 0 0 0 0
1 0 0 0 0 0 0
3 0 0 0 0 0 0
4 0 0 0 0 0 0
2 0 0 0 0 0 0
1 0 0 0 0 0 0
3 0 0 0 0 0 0
2 0 0 0 0 0 0
4 0 0 0 0 0 0
4 0 0 0 0 0 0
3 0 0 0 0 0 0
1 0 0 0 0 0 0
2 0 0 0 0 0 0
4 0 0 0 0 0 0
1 0 0 0 0 0 0
2 0 0 0 0 0 0
3 0 0 0 0 0 0
2 0 0 0 0 0 0
1 0 0 0 0 0 0
4 0 0 0 0 0 0
3 0 0 0 0 0 0
1 0 0 0 0 0 0
3 0 0 0 0 0 0
2 0 0 0 0 0 0
4 0 0 0 0 0 0
1 0 0 0 0 0 0
2 0 0 0 0 0 0
4 0 0 0 0 0 0
3 0 0 0 0 0 0
2 0 0 0 0 0 0
4 0 0 0 0 0 0
3 0 0 0 0 0 0
1 0 0 0 0 0 0
2 0 0 0 0 0 0
4 0 0 0 0 0 0
1 0 0 0 0 0 0
3 0 0 0 0 0 0
1 0 0 0 0 0 0
2 0 0 0 0 0 0
3 0 0 0 0 0 0
4 0 0 0 0 0 0
1 0 0 0 0 0 0
2 0 0 0 0 0 0
3 0 0 0 0 0 0
4 0 0 0 0 0 0
1 0 0 0 0 0 0
4 0 0 0 0 0 0
2 0 0 0 0 0 0
3 0 0 0 0 0 0
2 0 0 0 0 0 0
1 0 0 0 0 0 0
4 0 0 0 0 0 0
3 0 0 0 0 0 0
4 0 0 0 0 0 0
3 0 0 0 0 0 0
2 0 0 0 0 0 0
1 0 0 0 0 0 0
2 0 0 0 0 0 0
4 0 0 0 0 0 0
3 0 0 0 0 0 0
1 0 0 0 0 0 0
3 0 0 0 0 0 0
2 0 0 0 0 0 0
1 0 0 0 0 0 0
4 0 0 0 0 0 0
1 0 0 0 0 0 0
4 0 0 0 0 0 0
3 0 0 0 0 0 0
2 0 0 0 0 0 0
4 0 0 0 0 0 0
3 0 0 0 0 0 0
1 0 0 0 0 0 0
2 0 0 0 0 0 0

4 0 0 0 0 0 0
3 0 0 0 0 0 0
2 0 0 0 0 0 0
1 -794 7460 4270 10226 -14969 376
4 0 0 0 0 0 0
1 0 0 0 0 0 0
2 0 0 0 0 0 0
3 0 0 0 0 0 0
1 0 0 0 0 0 0
2 0 0 0 0 0 0
4 0 0 0 0 0 0
3 0 0 0 0 0 0
1 0 0 0 0 0 0
2 0 0 0 0 0 0
3 0 0 0 0 0 0
4 0 0 0 0 0 0
3 0 0 0 0 0 0
4 0 0 0 0 0 0
2 0 0 0 0 0 0
1 1828 7804 -8910 1079 3586 1895
1 -616 7158 3566 -4820 -7928 -1473
3 0 0 0 0 0 0
4 0 0 0 0 0 0
2 0 0 0 0 0 0
3 0 0 0 0 0 0
2 0 0 0 0 0 0
4 0 0 0 0 0 0
1 -1186 6228 4878 3840 -11999 7910
4 0 0 0 0 0 0
2 0 0 0 0 0 0
3 0 0 0 0 0 0
1 4488 4446 -658 7874 125 14185
1 17056 3942 -8578 5790 -13339 3229
2 0 0 0 0 0 0
4 0 0 0 0 0 0
3 0 0 0 0 0 0
3 0 0 0 0 0 0
4 0 0 0 0 0 0
1 4152 4272 -7564 -3381 -813 -4794
2 7248 6340 -2476 6004 -7964 554
1 2062 4884 -2610 -5878 12091 1594
3 0 0 0 0 0 0
4 0 0 0 0 0 0
2 4078 786 -2546 -845 -4143 1834
2 4094 4018 -6588 -7309 2666 -15
4 0 0 0 0 0 0
3 0 0 0 0 0 0
1 2568 6434 -774 -3928 -740 4537
1 12566 6436 3370 -1442 14559 2439
2 0 0 0 0 0 0
3 0 0 0 0 0 0
4 0 0 0 0 0 0
3 0 0 0 0 0 0
4 0 0 0 0 0 0
1 6536 3928 472 4652 -10061 -6468
2 0 0 0 0 0 0
1 -648 4110 -1664 3132 -3430 2206
4 0 0 0 0 0 0
3 0 0 0 0 0 0
2 1334 3874 -7356 -2441 -68 -142
2 1802 4266 -4004 -3829 5114 -2938
1 6324 5280 -2356 2438 -4972 9669
4 0 0 0 0 0 0
3 0 0 0 0 0 0
2 3382 7430 -2112 -4754 8853 -4701
1 11052 4834 -4236 1961 -512 7252
3 0 0 0 0 0 0
4 0 0 0 0 0 0
1 10720 4758 -3310 -229 626 -1486
3 0 0 0 0 0 0
2 2714 8226 -374 -3844 5902 -4371
4 0 0 0 0 0 0
1 10654 2658 -3364 -2123 10034 -8810
3 0 0 0 0 0 0
2 2002 9190 290 -4320 3323 -3642
4 0 0 0 0 0 0
3 0 0 0 0 0 0
1 3752 1354 -4082 554 4920 -12236
2 0 0 0 0 0 0
4 0 0 0 0 0 0

4 0 0 0 0 0 0
1 8750 6234 -124 -4596 6574 8741
3 0 0 0 0 0 0
2 724 7384 184 3976 836 1252
3 0 0 0 0 0 0
2 1202 7622 578 1262 2869 476
4 0 0 0 0 0 0
1 12246 7086 64 4872 -188 -7630
4 0 0 0 0 0 0
1 -7648 1908 -4062 -1068 -9600 -2470
3 0 0 0 0 0 0
2 1792 7608 404 -707 642 -461
2 0 0 0 0 0 0
3 0 0 0 0 0 0
4 0 0 0 0 0 0
1 5428 5626 5254 -6271 11441 9446
3 0 0 0 0 0 0
4 0 0 0 0 0 0
2 0 0 0 0 0 0
1 10268 4914 884 10523 -14550 -11590
3 0 0 0 0 0 0
2 0 0 0 0 0 0
4 0 0 0 0 0 0
1 -4582 3508 -5526 2672 9060 -1226
3 0 0 0 0 0 0
4 0 0 0 0 0 0
2 0 0 0 0 0 0
1 0 0 0 0 0 0
4 0 0 0 0 0 0
2 0 0 0 0 0 0
3 0 0 0 0 0 0
1 15318 8688 1020 4892 544 -7273
1 -4994 3406 -1608 2320 414 -7154
4 0 0 0 0 0 0
3 0 0 0 0 0 0
2 1322 8240 296 1837 2177 633
2 0 0 0 0 0 0
1 0 0 0 0 0 0
3 0 0 0 0 0 0
4 0 0 0 0 0 0
3 0 0 0 0 0 0
2 0 0 0 0 0 0
1 13602 9418 2818 3291 763 -4565
4 0 0 0 0 0 0
4 0 0 0 0 0 0
3 0 0 0 0 0 0
1 -3980 3614 620 3606 -25508 -12275
2 0 0 0 0 0 0
1 3268 3954 -3666 -1507 2857 16759
3 0 0 0 0 0 0
4 0 0 0 0 0 0
2 0 0 0 0 0 0
3 0 0 0 0 0 0
1 18588 9942 5428 1332 22653 723
4 0 0 0 0 0 0
2 0 0 0 0 0 0
3 0 0 0 0 0 0
1 -4214 4068 230 4944 -14333 -15628
4 0 0 0 0 0 0
2 0 0 0 0 0 0
1 2276 3246 -3854 -5743 -4236 15024
3 0 0 0 0 0 0
4 0 0 0 0 0 0
2 0 0 0 0 0 0
4 0 0 0 0 0 0
2 0 0 0 0 0 0
3 0 0 0 0 0 0
1 18126 9632 6210 1660 18300 1125
4 0 0 0 0 0 0
1 -5712 5052 1918 3974 -30332 -17560
3 0 0 0 0 0 0
2 0 0 0 0 0 0
4 0 0 0 0 0 0
1 2194 4202 -7094 -4626 1943 14413
2 0 0 0 0 0 0
3 0 0 0 0 0 0
3 0 0 0 0 0 0
2 0 0 0 0 0 0
1 17868 9014 11460 113 27302 4339
4 0 0 0 0 0 0

1 1078 -6626 -4364 904 -1718 -79
3 0 0 0 0 0 0
2 3024 -386 -4342 3633 21562 -12688
4 0 0 0 0 0 0
4 0 0 0 0 0 0
1 1052 -7552 -4664 991 433 401
3 0 0 0 0 0 0
2 18612 -9650 8526 517 22377 6101
2 6150 -1194 -5178 -4402 -32768 4882
1 0 0 0 0 0 0
3 0 0 0 0 0 0
4 0 0 0 0 0 0
1 0 0 0 0 0 0
4 0 0 0 0 0 0
2 -5452 -692 -5142 4280 16929 -8426
3 0 0 0 0 0 0
4 0 0 0 0 0 0
1 0 0 0 0 0 0
3 0 0 0 0 0 0
2 12964 -10172 13028 2770 32767 4430
2 10558 -3442 930 -13355 -21831 3605
1 0 0 0 0 0 0
4 0 0 0 0 0 0
3 0 0 0 0 0 0
1 0 0 0 0 0 0
2 -11706 -720 -5506 2953 8247 -2706
4 0 0 0 0 0 0
3 0 0 0 0 0 0
2 10430 -8972 8702 6030 32767 -1588
4 0 0 0 0 0 0
3 0 0 0 0 0 0
1 0 0 0 0 0 0
3 0 0 0 0 0 0
4 0 0 0 0 0 0
2 11056 -5754 2952 -10991 -16641 2192
1 0 0 0 0 0 0
2 -15134 914 -5824 -254 1389 535
1 0 0 0 0 0 0
3 0 0 0 0 0 0
4 0 0 0 0 0 0
1 0 0 0 0 0 0
4 0 0 0 0 0 0
2 0 0 0 0 0 0
3 0 0 0 0 0 0
1 0 0 0 0 0 0
4 0 0 0 0 0 0
3 0 0 0 0 0 0
2 10850 -7096 4750 -6691 -11461 879
1 0 0 0 0 0 0
4 0 0 0 0 0 0
2 -4858 -2244 -2510 -494 -32768 -3530
3 0 0 0 0 0 0
3 0 0 0 0 0 0
3 0 0 0 0 0 0
2 5320 -3338 -994 3392 22475 -6131
2 14828 -8580 6624 -4010 7021 3565
4 0 0 0 0 0 0
1 0 0 0 0 0 0
4 0 0 0 0 0 0
1 0 0 0 0 0 0
1 0 0 0 0 0 0
4 0 0 0 0 0 0
2 5910 -2680 -3098 -7622 -24240 1572
3 0 0 0 0 0 0
3 0 0 0 0 0 0
4 0 0 0 0 0 0
1 0 0 0 0 0 0
2 -4584 -3024 -942 -7432 3236 -2772
4 0 0 0 0 0 0
1 0 0 0 0 0 0
3 0 0 0 0 0 0
2 5846 3238 -3838 -7753 21773 -10781
4 0 0 0 0 0 0
2 6922 4728 -2304 -4811 -1567 -18653
1 0 0 0 0 0 0
3 0 0 0 0 0 0
3 0 0 0 0 0 0
4 0 0 0 0 0 0
1 0 0 0 0 0 0
2 7826 8346 -728 -5126 5969 -13588

2 1090 8158 1058 444 640 -1894
1 0 0 0 0 0 0
4 0 0 0 0 0 0
3 0 0 0 0 0 0
2 1932 7914 1504 317 1597 -891
3 0 0 0 0 0 0
1 0 0 0 0 0 0
4 0 0 0 0 0 0
2 0 0 0 0 0 0
4 0 0 0 0 0 0
1 0 0 0 0 0 0
3 0 0 0 0 0 0
1 0 0 0 0 0 0
3 0 0 0 0 0 0
4 0 0 0 0 0 0
2 0 0 0 0 0 0
2 0 0 0 0 0 0
3 0 0 0 0 0 0
4 0 0 0 0 0 0
1 0 0 0 0 0 0
4 0 0 0 0 0 0
2 0 0 0 0 0 0
1 0 0 0 0 0 0
3 0 0 0 0 0 0
3 0 0 0 0 0 0
2 0 0 0 0 0 0
1 0 0 0 0 0 0
4 0 0 0 0 0 0
1 0 0 0 0 0 0
2 0 0 0 0 0 0
4 0 0 0 0 0 0
3 0 0 0 0 0 0
1 0 0 0 0 0 0
3 0 0 0 0 0 0
2 0 0 0 0 0 0
4 0 0 0 0 0 0
4 0 0 0 0 0 0
3 0 0 0 0 0 0
2 0 0 0 0 0 0
1 0 0 0 0 0 0
1 0 0 0 0 0 0
3 0 0 0 0 0 0
4 0 0 0 0 0 0
2 0 0 0 0 0 0
2 0 0 0 0 0 0
1 0 0 0 0 0 0
3 0 0 0 0 0 0
4 0 0 0 0 0 0
4 0 0 0 0 0 0
2 0 0 0 0 0 0
1 0 0 0 0 0 0
3 0 0 0 0 0 0
4 0 0 0 0 0 0
2 0 0 0 0 0 0
1 0 0 0 0 0 0
3 0 0 0 0 0 0
2 0 0 0 0 0 0
1 0 0 0 0 0 0
3 0 0 0 0 0 0
4 0 0 0 0 0 0
1 0 0 0 0 0 0
4 0 0 0 0 0 0
2 0 0 0 0 0 0
3 0 0 0 0 0 0
1 0 0 0 0 0 0
3 0 0 0 0 0 0
4 0 0 0 0 0 0
2 0 0 0 0 0 0
3 0 0 0 0 0 0
4 0 0 0 0 0 0
2 0 0 0 0 0 0
1 0 0 0 0 0 0
4 0 0 0 0 0 0
2 0 0 0 0 0 0
1 0 0 0 0 0 0
3 0 0 0 0 0 0
4 0 0 0 0 0 0
2 0 0 0 0 0 0
3 0 0 0 0 0 0
1 0 0 0 0 0 0

2 11422 -7358 7156 -8201 -18757 -437
3 0 0 0 0 0 0
4 0 0 0 0 0 0
1 0 0 0 0 0 0
3 0 0 0 0 0 0
1 0 0 0 0 0 0
4 0 0 0 0 0 0
2 -14432 2908 -2236 -2080 -28507 -5283
2 4642 -6184 4108 2174 32767 167
1 0 0 0 0 0 0
3 0 0 0 0 0 0
4 0 0 0 0 0 0
1 0 0 0 0 0 0
3 0 0 0 0 0 0
2 10674 -4892 2876 -7891 -21745 49
4 0 0 0 0 0 0
2 -18442 500 -4396 5189 -17636 -5526
1 0 0 0 0 0 0
3 0 0 0 0 0 0
4 0 0 0 0 0 0
2 5060 -11122 12352 1638 32767 9444
1 0 0 0 0 0 0
3 0 0 0 0 0 0
4 0 0 0 0 0 0
2 3916 -6146 3966 -11008 -20105 -1836
1 0 0 0 0 0 0
4 0 0 0 0 0 0
3 0 0 0 0 0 0
4 0 0 0 0 0 0
1 0 0 0 0 0 0
2 -9094 4078 -10998 556 1502 -7200
3 0 0 0 0 0 0
1 0 0 0 0 0 0
4 0 0 0 0 0 0
2 9640 -9958 12860 3691 32767 8596
3 0 0 0 0 0 0
1 0 0 0 0 0 0
2 7506 -3768 -526 -6896 -25562 959
4 0 0 0 0 0 0
3 0 0 0 0 0 0
4 0 0 0 0 0 0
2 -82 -964 -5870 5610 20354 -4654
3 0 0 0 0 0 0
1 0 0 0 0 0 0
4 0 0 0 0 0 0
1 0 0 0 0 0 0
2 14134 -8336 11570 276 27495 5364
3 0 0 0 0 0 0
2 0 0 0 0 0 0
1 0 0 0 0 0 0
4 0 0 0 0 0 0
3 0 0 0 0 0 0
4 0 0 0 0 0 0
1 0 0 0 0 0 0
2 5452 -1530 -3182 5892 16797 -7801
3 0 0 0 0 0 0
1 0 0 0 0 0 0
4 0 0 0 0 0 0
2 23728 -9658 11146 -2590 4584 1846
3 0 0 0 0 0 0
1 0 0 0 0 0 0
2 4658 110 -4880 -7601 -25775 7537
4 0 0 0 0 0 0
3 0 0 0 0 0 0
4 0 0 0 0 0 0
3 0 0 0 0 0 0
2 -808 874 -8146 6287 13466 -9094
1 0 0 0 0 0 0
4 0 0 0 0 0 0
3 0 0 0 0 0 0
1 0 0 0 0 0 0
2 14214 -10208 13760 2003 32767 6067
3 0 0 0 0 0 0
2 7924 -1180 -4844 -9251 -32768 2820
1 0 0 0 0 0 0
4 0 0 0 0 0 0
3 0 0 0 0 0 0
4 0 0 0 0 0 0
1 0 0 0 0 0 0
2 -5966 458 -6652 3328 22269 -11507

3 0 0 0 0 0 0
1 0 0 0 0 0 0
2 840 8666 -472 128 2223 411
4 0 0 0 0 0 0
1 0 0 0 0 0 0
3 0 0 0 0 0 0
2 920 8234 242 1138 2852 935
4 0 0 0 0 0 0
3 0 0 0 0 0 0
1 0 0 0 0 0 0
2 800 8004 750 908 1106 -152
4 0 0 0 0 0 0
1 0 0 0 0 0 0
3 0 0 0 0 0 0
2 0 0 0 0 0 0
4 0 0 0 0 0 0
1 906 -7458 -2578 114 2604 1790
3 0 0 0 0 0 0
2 -188 8030 2298 -336 2257 -485
4 0 0 0 0 0 0
1 1216 -7262 -3272 1694 -2610 -462
3 0 0 0 0 0 0
2 76 8502 1066 -946 -2805 -1901
4 0 0 0 0 0 0
1 0 0 0 0 0 0
2 1924 8796 -718 -723 -5240 -2890
4 0 0 0 0 0 0
3 0 0 0 0 0 0
3 0 0 0 0 0 0
1 0 0 0 0 0 0
4 0 0 0 0 0 0
2 2598 8968 -2080 1425 -3130 640
1 -264 -7222 -3826 751 -3465 -432
3 0 0 0 0 0 0
2 0 0 0 0 0 0
4 0 0 0 0 0 0
2 0 0 0 0 0 0
1 -158 -7410 -3142 1070 -905 -498
4 0 0 0 0 0 0
3 0 0 0 0 0 0
1 426 -8250 -2476 550 -3360 -2658
3 0 0 0 0 0 0
2 -714 7806 1160 -1294 10448 -586
4 0 0 0 0 0 0
3 0 0 0 0 0 0
1 0 0 0 0 0 0
2 0 0 0 0 0 0
4 0 0 0 0 0 0
1 2466 -7276 -4670 560 -6736 -2961
3 0 0 0 0 0 0
2 392 8818 -1232 -980 5764 -223
4 0 0 0 0 0 0
1 1786 -6276 -4812 -860 -3997 -2565
4 0 0 0 0 0 0
3 0 0 0 0 0 0
2 -596 8694 -890 663 3628 1192
3 0 0 0 0 0 0
1 0 0 0 0 0 0
4 0 0 0 0 0 0
2 -390 8308 -178 1354 1285 686
3 0 0 0 0 0 0
1 830 -7102 -4184 -1207 -1229 -758
2 -796 7986 204 489 5020 927
4 0 0 0 0 0 0
3 0 0 0 0 0 0
1 0 0 0 0 0 0
2 340 8272 974 271 10327 1854
3 0 0 0 0 0 0
4 0 0 0 0 0 0
1 0 0 0 0 0 0
4 0 0 0 0 0 0
2 1724 8484 1268 1253 3999 1411
3 0 0 0 0 0 0
1 0 0 0 0 0 0
2 294 7970 1482 1461 -1203 851
4 0 0 0 0 0 0
1 0 0 0 0 0 0
4 0 0 0 0 0 0
3 0 0 0 0 0 0
2 0 0 0 0 0 0

2 -52 1300 2430 9370 10933 -11965
3 0 0 0 0 0 0
1 -1464 -1306 508 -11143 -6447 10276
4 0 0 0 0 0 0
1 72 -5696 -1366 -3126 -6785 18964
2 -764 3604 876 481 -5389 -19709
4 0 0 0 0 0 0
3 0 0 0 0 0 0
1 5266 -10370 -3138 1355 -6396 23596
3 0 0 0 0 0 0
2 2942 12320 2280 -9473 -2629 -24021
4 0 0 0 0 0 0
3 0 0 0 0 0 0
2 0 0 0 0 0 0
4 0 0 0 0 0 0
1 9720 -14142 -3950 6307 -8670 17039
3 0 0 0 0 0 0
1 11576 -13932 -6598 10143 -13002 8649
2 6404 16234 1204 -10130 2331 -12610
4 0 0 0 0 0 0
3 0 0 0 0 0 0
1 2646 -11744 -8916 14770 -20790 -1621
4 0 0 0 0 0 0
2 5284 13492 532 -8085 -4351 -7275
1 456 -8962 -6186 10298 -10205 -1989
2 568 10102 56 -6084 -8314 -3767
4 0 0 0 0 0 0
3 0 0 0 0 0 0
1 626 -7760 -5608 5977 -1847 -481
3 0 0 0 0 0 0
4 0 0 0 0 0 0
2 484 8958 -900 -4008 -578 -534
1 1866 -7966 -4740 -519 1056 559
3 0 0 0 0 0 0
4 0 0 0 0 0 0
2 0 0 0 0 0 0
1 0 0 0 0 0 0
3 0 0 0 0 0 0
4 0 0 0 0 0 0
2 42 7628 1714 4924 -4571 180
3 0 0 0 0 0 0
1 0 0 0 0 0 0
2 0 0 0 0 0 0
4 0 0 0 0 0 0
1 824 -8852 -2544 -5974 2099 895
2 0 0 0 0 0 0
3 0 0 0 0 0 0
4 0 0 0 0 0 0
3 0 0 0 0 0 0
2 0 0 0 0 0 0
1 0 0 0 0 0 0
4 0 0 0 0 0 0
3 0 0 0 0 0 0
2 552 7686 1230 2338 1165 134
4 0 0 0 0 0 0
1 1248 -7036 -2956 -3786 1543 464
3 0 0 0 0 0 0
2 0 0 0 0 0 0
4 0 0 0 0 0 0
1 1318 -6582 -3022 -38 615 321
3 0 0 0 0 0 0
2 0 0 0 0 0 0
4 0 0 0 0 0 0
1 1242 -7062 -3260 3244 -203 394
3 0 0 0 0 0 0
4 0 0 0 0 0 0
1 1330 -7728 -3622 4914 -130 593
2 0 0 0 0 0 0
3 0 0 0 0 0 0
2 0 0 0 0 0 0
4 0 0 0 0 0 0
1 0 0 0 0 0 0
3 0 0 0 0 0 0
4 0 0 0 0 0 0
1 1302 -7772 -3812 2221 -217 170
2 0 0 0 0 0 0
3 0 0 0 0 0 0
1 1268 -7694 -3714 -265 -229 -88
4 0 0 0 0 0 0
2 0 0 0 0 0 0

3 0 0 0 0 0 0
1 5866 -15248 -9146 18934 -24164 1343
4 0 0 0 0 0 0
2 11074 15742 1188 -10608 -7162 -14477
3 0 0 0 0 0 0
1 2118 -9504 -8312 10460 -298 1553
2 4230 12202 -480 -7327 4744 -4715
4 0 0 0 0 0 0
1 3192 -7142 -6474 3352 4722 1980
2 0 0 0 0 0 0
3 0 0 0 0 0 0
4 0 0 0 0 0 0
2 852 8454 -446 1201 -4679 -955
4 0 0 0 0 0 0
3 0 0 0 0 0 0
1 0 0 0 0 0 0
4 0 0 0 0 0 0
1 0 0 0 0 0 0
3 0 0 0 0 0 0
2 864 8258 982 3009 -5966 -345
3 0 0 0 0 0 0
1 1196 -8338 -2344 -2763 328 859
2 468 8324 1304 3714 -120 455
4 0 0 0 0 0 0
3 0 0 0 0 0 0
4 0 0 0 0 0 0
2 0 0 0 0 0 0
1 0 0 0 0 0 0
3 0 0 0 0 0 0
2 0 0 0 0 0 0
1 1460 -7790 -2300 -1556 -537 -267
4 0 0 0 0 0 0
3 0 0 0 0 0 0
2 0 0 0 0 0 0
1 1184 -7584 -2706 -152 245 -56
4 0 0 0 0 0 0
4 0 0 0 0 0 0
3 0 0 0 0 0 0
2 0 0 0 0 0 0
1 0 0 0 0 0 0
3 0 0 0 0 0 0
4 0 0 0 0 0 0
2 0 0 0 0 0 0
1 0 0 0 0 0 0
3 0 0 0 0 0 0
1 0 0 0 0 0 0
4 0 0 0 0 0 0
2 0 0 0 0 0 0
3 0 0 0 0 0 0
4 0 0 0 0 0 0
1 0 0 0 0 0 0
2 0 0 0 0 0 0
2 0 0 0 0 0 0
3 0 0 0 0 0 0
4 0 0 0 0 0 0
1 0 0 0 0 0 0
3 0 0 0 0 0 0
2 0 0 0 0 0 0
4 0 0 0 0 0 0
1 0 0 0 0 0 0
4 0 0 0 0 0 0
2 0 0 0 0 0 0
1 0 0 0 0 0 0
3 0 0 0 0 0 0
3 0 0 0 0 0 0
4 0 0 0 0 0 0
2 0 0 0 0 0 0
1 0 0 0 0 0 0
3 0 0 0 0 0 0
1 0 0 0 0 0 0
2 0 0 0 0 0 0
4 0 0 0 0 0 0
3 0 0 0 0 0 0
4 0 0 0 0 0 0
1 0 0 0 0 0 0
2 0 0 0 0 0 0
3 0 0 0 0 0 0
2 0 0 0 0 0 0
4 0 0 0 0 0 0
1 0 0 0 0 0 0

2 3400 9882 -368 -2916 -3926 -3277
3 0 0 0 0 0 0
4 0 0 0 0 0 0
1 4188 -9526 -5298 7506 1151 2437
3 0 0 0 0 0 0
1 3294 -7452 -4166 2339 785 731
2 0 0 0 0 0 0
4 0 0 0 0 0 0
3 0 0 0 0 0 0
1 2902 -7182 -3966 231 -294 -422
2 0 0 0 0 0 0
4 0 0 0 0 0 0
3 0 0 0 0 0 0
4 0 0 0 0 0 0
1 2620 -7488 -3642 -2408 1097 -775
2 0 0 0 0 0 0
3 0 0 0 0 0 0
2 -66 7922 3108 1126 -3238 -1321
1 1758 -7908 -2836 -4527 -1853 -1497
4 0 0 0 0 0 0
3 0 0 0 0 0 0
1 0 0 0 0 0 0
4 0 0 0 0 0 0
2 0 0 0 0 0 0
3 0 0 0 0 0 0
1 0 0 0 0 0 0
4 0 0 0 0 0 0
2 0 0 0 0 0 0
3 0 0 0 0 0 0
2 0 0 0 0 0 0
4 0 0 0 0 0 0
1 0 0 0 0 0 0
3 0 0 0 0 0 0
2 0 0 0 0 0 0
4 0 0 0 0 0 0
1 1166 -7872 -3008 -295 930 467
3 0 0 0 0 0 0
1 1180 -7162 -3120 293 2297 1833
2 0 0 0 0 0 0
4 0 0 0 0 0 0
3 0 0 0 0 0 0
1 0 0 0 0 0 0
4 0 0 0 0 0 0
2 0 0 0 0 0 0
4 0 0 0 0 0 0
2 0 0 0 0 0 0
1 0 0 0 0 0 0
3 0 0 0 0 0 0
3 0 0 0 0 0 0
2 0 0 0 0 0 0
1 0 0 0 0 0 0
4 0 0 0 0 0 0
2 12 8732 1292 1428 -1365 50
3 0 0 0 0 0 0
1 0 0 0 0 0 0
4 0 0 0 0 0 0
2 0 0 0 0 0 0
4 0 0 0 0 0 0
3 0 0 0 0 0 0
1 0 0 0 0 0 0
3 0 0 0 0 0 0
3 0 0 0 0 0 0
1 0 0 0 0 0 0
2 0 0 0 0 0 0
1 0 0 0 0 0 0
4 0 0 0 0 0 0
2 0 0 0 0 0 0
4 0 0 0 0 0 0
2 0 0 0 0 0 0
1 0 0 0 0 0 0
3 0 0 0 0 0 0
4 0 0 0 0 0 0
2 0 0 0 0 0 0
3 0 0 0 0 0 0
1 0 0 0 0 0 0
4 0 0 0 0 0 0
1 1294 -7334 -3458 978 -3764 -825
3 0 0 0 0 0 0
4 0 0 0 0 0 0
2 1858 7512 1812 -217 -4005 -267

3 0 0 0 0 0 0
4 0 0 0 0 0 0
2 9534 17618 -576 -9343 1417 -12567
1 5346 -13760 -9370 13754 -12085 8915
4 0 0 0 0 0 0
3 0 0 0 0 0 0
1 0 0 0 0 0 0
2 2022 11096 -514 -2797 -21741 -7580
4 -566 -614 9812 39 6805 -422
1 0 0 0 0 0 0
2 2572 8148 -1306 -2481 2679 -121
3 0 0 0 0 0 0
2 460 7896 346 196 -7194 -272
4 -1766 4888 7048 -1170 4373 2540
3 0 0 0 0 0 0
1 0 0 0 0 0 0
1 1088 -8426 -1830 -2303 -529 -105
3 0 0 0 0 0 0
4 -3010 -658 8096 -1519 6800 1002
2 -202 8214 1696 2249 -2207 566
3 0 0 0 0 0 0
2 0 0 0 0 0 0
4 -3682 -1100 7428 595 658 -1466
1 0 0 0 0 0 0
3 0 0 0 0 0 0
1 0 0 0 0 0 0
4 -4250 -280 6982 -141 226 -150
2 0 0 0 0 0 0
3 0 0 0 0 0 0
2 0 0 0 0 0 0
1 0 0 0 0 0 0
4 -4218 -584 7226 3864 1338 -4200
3 0 0 0 0 0 0
4 -3982 -684 7018 561 214 -1387
1 0 0 0 0 0 0
2 0 0 0 0 0 0
1 0 0 0 0 0 0
2 0 0 0 0 0 0
4 -3084 282 6044 718 -3158 982
3 0 0 0 0 0 0
4 0 0 0 0 0 0
2 0 0 0 0 0 0
1 0 0 0 0 0 0
3 0 0 0 0 0 0
4 0 0 0 0 0 0
2 0 0 0 0 0 0
3 0 0 0 0 0 0
1 0 0 0 0 0 0
3 0 0 0 0 0 0
2 0 0 0 0 0 0
4 -2796 -1034 6882 362 7766 -4040
1 0 0 0 0 0 0
3 0 0 0 0 0 0
4 -5060 -2746 7720 -6973 -3361 8470
2 0 0 0 0 0 0
1 0 0 0 0 0 0
4 0 0 0 0 0 0
3 0 0 0 0 0 0
1 0 0 0 0 0 0
2 0 0 0 0 0 0
3 0 0 0 0 0 0
4 -4836 -1330 5842 -416 -9286 -738
1 0 0 0 0 0 0
2 0 0 0 0 0 0
4 -1902 238 8284 -225 -15684 72
1 0 0 0 0 0 0
3 0 0 0 0 0 0
2 0 0 0 0 0 0
1 0 0 0 0 0 0
3 0 0 0 0 0 0
4 184 -182 9872 -1912 -7432 216
2 0 0 0 0 0 0
3 0 0 0 0 0 0
4 178 -126 8034 169 3960 102
1 0 0 0 0 0 0
2 0 0 0 0 0 0
4 0 0 0 0 0 0
1 0 0 0 0 0 0
2 0 0 0 0 0 0
3 0 0 0 0 0 0

1 980 -6616 -7414 2017 -3432 175
4 302 -246 8298 -104 26 41
3 0 0 0 0 0 0
2 3304 9414 -688 -3473 -3631 -2329
3 0 0 0 0 0 0
3 0 0 0 0 0 0
2 0 0 0 0 0 0
4 0 0 0 0 0 0
1 1566 -7816 -3630 -2052 -7396 -1260
3 0 0 0 0 0 0
2 0 0 0 0 0 0
1 412 -7982 -2560 -1400 -3836 -1149
4 0 0 0 0 0 0
2 0 0 0 0 0 0
1 1094 -8056 -2444 -968 639 73
2 0 0 0 0 0 0
4 0 0 0 0 0 0
3 0 0 0 0 0 0
2 0 0 0 0 0 0
2 0 0 0 0 0 0
4 0 0 0 0 0 0
3 0 0 0 0 0 0
1 0 0 0 0 0 0
3 0 0 0 0 0 0
2 0 0 0 0 0 0
4 0 0 0 0 0 0
1 0 0 0 0 0 0
3 0 0 0 0 0 0
1 0 0 0 0 0 0
4 0 0 0 0 0 0
1 0 0 0 0 0 0
4 0 0 0 0 0 0
2 0 0 0 0 0 0
3 0 0 0 0 0 0
4 0 0 0 0 0 0
1 0 0 0 0 0 0
1 0 0 0 0 0 0
3 0 0 0 0 0 0
4 0 0 0 0 0 0
2 0 0 0 0 0 0
2 0 0 0 0 0 0
1 0 0 0 0 0 0
4 0 0 0 0 0 0
3 0 0 0 0 0 0
4 0 0 0 0 0 0
3 0 0 0 0 0 0
2 0 0 0 0 0 0
1 0 0 0 0 0 0
4 0 0 0 0 0 0
3 0 0 0 0 0 0
1 0 0 0 0 0 0
2 0 0 0 0 0 0
2 0 0 0 0 0 0
4 0 0 0 0 0 0
3 0 0 0 0 0 0
1 0 0 0 0 0 0
1 0 0 0 0 0 0
3 0 0 0 0 0 0
2 0 0 0 0 0 0
4 0 0 0 0 0 0
2 0 0 0 0 0 0
4 0 0 0 0 0 0
1 0 0 0 0 0 0
3 0 0 0 0 0 0
2 0 0 0 0 0 0
3 0 0 0 0 0 0
4 0 0 0 0 0 0
1 0 0 0 0 0 0
4 0 0 0 0 0 0
2 0 0 0 0 0 0
1 0 0 0 0 0 0
3 0 0 0 0 0 0
2 0 0 0 0 0 0
4 0 0 0 0 0 0
1 0 0 0 0 0 0
3 0 0 0 0 0 0
4 0 0 0 0 0 0
2 0 0 0 0 0 0
3 0 0 0 0 0 0
1 0 0 0 0 0 0

1 0 0 0 0 0 0
3 0 0 0 0 0 0
2 -790 8896 90 -295 -1250 -2696
4 -3324 -906 9948 122 9705 11282
3 1516 -644 8068 -1240 2739 -4235
4 -3856 638 6520 -4708 23688 -1660
2 0 0 0 0 0 0
1 7396 -1018 -4320 1041 -2616 -1345
4 -4776 -2136 4616 -404 -1286 566
2 0 0 0 0 0 0
1 6486 -2518 -5886 1307 -913 -580
3 1454 -420 7390 -5239 -3474 12458
2 0 0 0 0 0 0
3 -2302 -3788 6284 1257 401 13556
4 -6106 2254 6028 -6922 -6331 8288
1 5682 -1794 -5474 697 264 607
4 -3656 170 7558 -1462 -4783 4014
2 0 0 0 0 0 0
1 0 0 0 0 0 0
3 -242 -1166 7504 -779 200 10308
2 0 0 0 0 0 0
3 -18 -582 7608 -668 -3036 3242
4 -2922 -88 8296 553 -3610 -1658
1 0 0 0 0 0 0
4 0 0 0 0 0 0
3 102 -2524 7776 204 -3307 1792
2 0 0 0 0 0 0
1 0 0 0 0 0 0
1 0 0 0 0 0 0
2 0 0 0 0 0 0
4 -3272 20 7638 -265 -963 840
3 -594 -1594 7290 139 1003 -51
1 0 0 0 0 0 0
2 0 0 0 0 0 0
3 0 0 0 0 0 0
4 0 0 0 0 0 0
2 0 0 0 0 0 0
4 0 0 0 0 0 0
1 0 0 0 0 0 0
3 0 0 0 0 0 0
2 0 0 0 0 0 0
3 0 0 0 0 0 0
1 0 0 0 0 0 0
4 0 0 0 0 0 0
2 0 0 0 0 0 0
3 0 0 0 0 0 0
1 0 0 0 0 0 0
4 0 0 0 0 0 0
2 0 0 0 0 0 0
3 0 0 0 0 0 0
1 0 0 0 0 0 0
4 0 0 0 0 0 0
1 0 0 0 0 0 0
3 0 0 0 0 0 0
4 0 0 0 0 0 0
2 0 0 0 0 0 0
2 0 0 0 0 0 0
4 0 0 0 0 0 0
1 0 0 0 0 0 0
3 0 0 0 0 0 0
2 0 0 0 0 0 0
1 5686 -1736 -6140 106 -1544 -620
4 0 0 0 0 0 0
3 0 0 0 0 0 0
2 0 0 0 0 0 0
1 0 0 0 0 0 0
3 0 0 0 0 0 0
4 0 0 0 0 0 0
3 0 0 0 0 0 0
2 0 0 0 0 0 0
1 0 0 0 0 0 0
4 0 0 0 0 0 0
2 0 0 0 0 0 0
4 0 0 0 0 0 0
3 0 0 0 0 0 0
1 5840 -556 -5894 -70 80 -49
4 0 0 0 0 0 0
1 0 0 0 0 0 0
2 0 0 0 0 0 0
3 0 0 0 0 0 0

4 0 0 0 0 0 0
1 -3352 1808 -7734 2030 80 3935
2 -220 1528 -7690 237 2712 944
3 0 0 0 0 0 0
1 0 0 0 0 0 0
3 0 0 0 0 0 0
2 -1684 1176 -7918 120 -3481 937
4 0 0 0 0 0 0
2 0 0 0 0 0 0
3 0 0 0 0 0 0
1 -942 1502 -7630 522 838 1777
4 0 0 0 0 0 0
2 -2910 1540 -7858 249 -90 376
1 0 0 0 0 0 0
4 0 0 0 0 0 0
3 0 0 0 0 0 0
3 0 0 0 0 0 0
2 0 0 0 0 0 0
1 -1796 480 -8272 -228 2576 797
4 0 0 0 0 0 0
3 0 0 0 0 0 0
2 0 0 0 0 0 0
1 0 0 0 0 0 0
4 0 0 0 0 0 0
3 0 0 0 0 0 0
2 0 0 0 0 0 0
4 0 0 0 0 0 0
1 2262 1170 -8614 -54 2632 -2484
3 0 0 0 0 0 0
1 0 0 0 0 0 0
4 0 0 0 0 0 0
2 -1082 5716 -2948 -5147 8933 -366
2 1228 4664 -4070 -12247 15855 -1841
4 0 0 0 0 0 0
1 -3492 1938 -7888 -2411 -3561 -6280
3 0 0 0 0 0 0
2 2902 6852 -4424 -13670 7760 -8199
4 0 0 0 0 0 0
3 0 0 0 0 0 0
1 0 0 0 0 0 0
3 0 0 0 0 0 0
4 0 0 0 0 0 0
2 1946 10224 -2460 -12163 5607 -9133
1 -1528 -990 -8718 532 -206 98
2 568 11626 -1130 -10712 -4289 -6041
4 0 0 0 0 0 0
1 0 0 0 0 0 0
3 0 0 0 0 0 0
1 0 0 0 0 0 0
2 -1676 9612 -176 -4134 -348 -320
4 0 0 0 0 0 0
3 0 0 0 0 0 0
3 0 0 0 0 0 0
2 0 0 0 0 0 0
1 0 0 0 0 0 0
4 0 0 0 0 0 0
2 0 0 0 0 0 0
3 0 0 0 0 0 0
1 0 0 0 0 0 0
4 0 0 0 0 0 0
3 0 0 0 0 0 0
4 0 0 0 0 0 0
2 -656 7850 1308 3168 445 371
1 0 0 0 0 0 0
1 0 0 0 0 0 0
2 -2498 7764 1318 2748 -2036 -560
3 0 0 0 0 0 0
4 0 0 0 0 0 0
3 0 0 0 0 0 0
2 0 0 0 0 0 0
4 0 0 0 0 0 0
1 0 0 0 0 0 0
4 0 0 0 0 0 0
3 0 0 0 0 0 0
2 -1384 7950 794 843 380 -460
1 0 0 0 0 0 0
2 0 0 0 0 0 0
4 0 0 0 0 0 0
1 0 0 0 0 0 0
3 0 0 0 0 0 0

2 0 0 0 0 0 0
3 0 0 0 0 0 0
4 0 0 0 0 0 0
1 0 0 0 0 0 0
2 0 0 0 0 0 0
1 0 0 0 0 0 0
4 0 0 0 0 0 0
3 0 0 0 0 0 0
2 0 0 0 0 0 0
1 0 0 0 0 0 0
4 0 0 0 0 0 0
3 0 0 0 0 0 0
3 0 0 0 0 0 0
4 0 0 0 0 0 0
2 0 0 0 0 0 0
1 0 0 0 0 0 0
4 0 0 0 0 0 0
2 0 0 0 0 0 0
1 0 0 0 0 0 0
3 0 0 0 0 0 0
4 0 0 0 0 0 0
1 0 0 0 0 0 0
3 0 0 0 0 0 0
2 0 0 0 0 0 0
3 0 0 0 0 0 0
2 0 0 0 0 0 0
1 0 0 0 0 0 0
4 0 0 0 0 0 0
3 0 0 0 0 0 0
4 0 0 0 0 0 0
2 0 0 0 0 0 0
1 0 0 0 0 0 0
4 0 0 0 0 0 0
2 0 0 0 0 0 0
1 0 0 0 0 0 0
3 0 0 0 0 0 0
1 0 0 0 0 0 0
2 0 0 0 0 0 0
3 0 0 0 0 0 0
4 0 0 0 0 0 0
2 0 0 0 0 0 0
3 0 0 0 0 0 0
4 0 0 0 0 0 0
1 0 0 0 0 0 0
1 0 0 0 0 0 0
3 0 0 0 0 0 0
4 0 0 0 0 0 0
2 0 0 0 0 0 0
3 0 0 0 0 0 0
2 0 0 0 0 0 0
4 0 0 0 0 0 0
1 0 0 0 0 0 0
2 0 0 0 0 0 0
4 0 0 0 0 0 0
1 0 0 0 0 0 0
3 0 0 0 0 0 0
3 0 0 0 0 0 0
4 0 0 0 0 0 0
1 0 0 0 0 0 0
2 0 0 0 0 0 0
1 0 0 0 0 0 0
1 0 0 0 0 0 0
3 0 0 0 0 0 0
4 0 0 0 0 0 0
4 0 0 0 0 0 0
2 0 0 0 0 0 0
3 0 0 0 0 0 0
2 0 0 0 0 0 0
2 0 0 0 0 0 0
1 0 0 0 0 0 0
4 0 0 0 0 0 0
3 0 0 0 0 0 0
3 0 0 0 0 0 0
4 0 0 0 0 0 0
1 0 0 0 0 0 0
2 0 0 0 0 0 0
2 0 0 0 0 0 0
1 0 0 0 0 0 0
4 0 0 0 0 0 0
3 0 0 0 0 0 0

2 0 0 0 0 0 0
1 -318 1368 -8518 125 -146 106
4 0 0 0 0 0 0
3 0 0 0 0 0 0
4 0 0 0 0 0 0
3 0 0 0 0 0 0
1 0 0 0 0 0 0
2 0 0 0 0 0 0
4 0 0 0 0 0 0
2 0 0 0 0 0 0
3 0 0 0 0 0 0
1 0 0 0 0 0 0
3 0 0 0 0 0 0
2 0 0 0 0 0 0
4 0 0 0 0 0 0
1 0 0 0 0 0 0
4 0 0 0 0 0 0
2 0 0 0 0 0 0
1 0 0 0 0 0 0
3 0 0 0 0 0 0
2 0 0 0 0 0 0
4 0 0 0 0 0 0
1 0 0 0 0 0 0
3 0 0 0 0 0 0
2 0 0 0 0 0 0
4 0 0 0 0 0 0
3 0 0 0 0 0 0
1 0 0 0 0 0 0
4 0 0 0 0 0 0
2 0 0 0 0 0 0
1 0 0 0 0 0 0
3 0 0 0 0 0 0
4 0 0 0 0 0 0
3 0 0 0 0 0 0
1 0 0 0 0 0 0
2 0 0 0 0 0 0
4 0 0 0 0 0 0
3 0 0 0 0 0 0
2 0 0 0 0 0 0
1 0 0 0 0 0 0
4 0 0 0 0 0 0
1 0 0 0 0 0 0
3 0 0 0 0 0 0
2 0 0 0 0 0 0
2 0 0 0 0 0 0
4 0 0 0 0 0 0
1 0 0 0 0 0 0
3 0 0 0 0 0 0
2 0 0 0 0 0 0
1 0 0 0 0 0 0
4 0 0 0 0 0 0
3 0 0 0 0 0 0
4 0 0 0 0 0 0
2 0 0 0 0 0 0
1 0 0 0 0 0 0
3 0 0 0 0 0 0
4 0 0 0 0 0 0
2 0 0 0 0 0 0
3 0 0 0 0 0 0
1 0 0 0 0 0 0
4 0 0 0 0 0 0
2 0 0 0 0 0 0
1 0 0 0 0 0 0
3 0 0 0 0 0 0
2 0 0 0 0 0 0
4 0 0 0 0 0 0
3 0 0 0 0 0 0
1 0 0 0 0 0 0
4 0 0 0 0 0 0
2 0 0 0 0 0 0
3 0 0 0 0 0 0
1 0 0 0 0 0 0
4 0 0 0 0 0 0
2 0 0 0 0 0 0
3 0 0 0 0 0 0
1 0 0 0 0 0 0
2 0 0 0 0 0 0
1 0 0 0 0 0 0
3 0 0 0 0 0 0
4 0 0 0 0 0 0

1 2136 -7548 -3222 -2843 626 -1141
2 0 0 0 0 0 0
3 0 0 0 0 0 0
4 0 0 0 0 0 0
3 0 0 0 0 0 0
4 0 0 0 0 0 0
1 0 0 0 0 0 0
2 0 0 0 0 0 0
3 0 0 0 0 0 0
2 0 0 0 0 0 0
1 0 0 0 0 0 0
4 0 0 0 0 0 0
2 0 0 0 0 0 0
1 618 -5818 -4086 667 571 -1470
3 0 0 0 0 0 0
4 0 0 0 0 0 0
2 0 0 0 0 0 0
3 0 0 0 0 0 0
1 1008 -6238 -5442 2907 4332 1319
4 0 0 0 0 0 0
4 0 0 0 0 0 0
3 0 0 0 0 0 0
2 3264 7810 2516 1498 1247 1193
1 0 0 0 0 0 0
3 0 0 0 0 0 0
2 2376 7802 1052 -53 -6312 -667
4 0 0 0 0 0 0
1 0 0 0 0 0 0
1 3334 -7922 -4624 163 2000 1118
3 0 0 0 0 0 0
2 462 7868 332 -3343 -3054 -853
4 0 0 0 0 0 0
2 0 0 0 0 0 0
3 0 0 0 0 0 0
1 0 0 0 0 0 0
4 0 0 0 0 0 0
2 0 0 0 0 0 0
1 0 0 0 0 0 0
4 0 0 0 0 0 0
3 0 0 0 0 0 0
2 304 8936 -84 -547 -1841 -1027
1 0 0 0 0 0 0
4 0 0 0 0 0 0
3 0 0 0 0 0 0
1 0 0 0 0 0 0
4 0 0 0 0 0 0
2 0 0 0 0 0 0
3 0 0 0 0 0 0
3 0 0 0 0 0 0
4 0 0 0 0 0 0
2 0 0 0 0 0 0
1 0 0 0 0 0 0
3 0 0 0 0 0 0
2 1276 8820 668 4527 2271 1284
1 0 0 0 0 0 0
4 0 0 0 0 0 0
2 0 0 0 0 0 0
4 0 0 0 0 0 0
3 0 0 0 0 0 0
1 0 0 0 0 0 0
2 0 0 0 0 0 0
3 0 0 0 0 0 0
1 0 0 0 0 0 0
4 0 0 0 0 0 0
2 0 0 0 0 0 0
4 0 0 0 0 0 0
3 0 0 0 0 0 0
1 0 0 0 0 0 0
2 556 8494 266 -2047 3002 -1560
3 0 0 0 0 0 0
1 2670 -6596 -3300 -168 -2303 -778
4 0 0 0 0 0 0
1 0 0 0 0 0 0
4 0 0 0 0 0 0
3 0 0 0 0 0 0
2 0 0 0 0 0 0
2 0 0 0 0 0 0
4 0 0 0 0 0 0
3 0 0 0 0 0 0
1 0 0 0 0 0 0

1 6256 -7426 -7236 -19651 4948 -13362
3 0 0 0 0 0 0
4 0 0 0 0 0 0
2 1776 14560 -4 27908 5395 14564
1 -5258 1710 -1048 -11602 11311 -11642
2 -13904 -2668 1938 16615 7642 10216
3 0 0 0 0 0 0
4 0 0 0 0 0 0
3 0 0 0 0 0 0
1 -4686 1730 2918 2325 -3129 4769
2 1050 -4282 4484 3096 -7704 -8830
4 0 0 0 0 0 0
1 922 -3976 1202 19546 -14985 13807
3 0 0 0 0 0 0
2 136 2404 4520 -18904 -8328 -11958
4 0 0 0 0 0 0
3 0 0 0 0 0 0
2 3360 19900 7384 -32768 -7670 -12240
1 5122 -19412 -6070 32612 -8689 10473
4 0 0 0 0 0 0
1 12574 -23338 -12770 27364 -30870 -11900
3 0 0 0 0 0 0
4 0 0 0 0 0 0
2 5764 32767 3828 -29246 -32768 -4935
1 354 -19296 -17696 -6934 -27721 -22709
3 0 0 0 0 0 0
4 0 0 0 0 0 0
2 0 0 0 0 0 0
3 0 0 0 0 0 0
1 42 -12518 -17774 -25846 -4798 -20263
4 0 0 0 0 0 0
2 -13526 17602 -6944 29312 188 -3291
1 0 0 0 0 0 0
3 0 0 0 0 0 0
4 0 0 0 0 0 0
2 -11902 19258 4878 28366 660 -23507
3 0 0 0 0 0 0
2 -5216 18984 8944 17591 8440 -30329
1 -6490 -17408 -3428 -20657 -20774 17388
4 0 0 0 0 0 0
1 2280 -14234 -4066 11710 -27974 28868
4 0 0 0 0 0 0
2 -4054 10700 5272 -13804 -18074 -32768
3 0 0 0 0 0 0
1 11908 -32768 -9224 26067 3864 31584
4 0 0 0 0 0 0
2 14948 32767 4448 -25526 1153 -28804
3 0 0 0 0 0 0
1 6504 -13240 -17458 14460 -23195 1650
4 0 0 0 0 0 0
3 0 0 0 0 0 0
2 -522 15798 -11348 -2696 -32768 -6866
1 6974 -6102 -8616 1735 -7101 -503
2 2536 8704 -6584 1287 -6876 308
3 0 0 0 0 0 0
4 0 0 0 0 0 0
1 0 0 0 0 0 0
4 0 0 0 0 0 0
3 0 0 0 0 0 0
2 -1406 8216 -684 3682 -1549 -834
1 -96 -7828 -3774 -3136 -668 -644
2 -908 7722 -1146 1525 8889 591
3 0 0 0 0 0 0
4 0 0 0 0 0 0
1 2766 -6366 -4208 -2622 1892 -184
4 0 0 0 0 0 0
2 0 0 0 0 0 0
3 0 0 0 0 0 0
1 894 -6282 -3646 477 -5810 -2467
4 0 0 0 0 0 0
2 1874 7714 -406 -2176 -3635 -531
3 0 0 0 0 0 0
1 1176 -6886 -4098 3238 -1491 -774
2 256 8650 -618 -3257 -3063 -922
4 0 0 0 0 0 0
3 0 0 0 0 0 0
1 0 0 0 0 0 0
3 0 0 0 0 0 0
4 0 0 0 0 0 0
2 1412 9280 -420 -1825 969 -395

1 -7070 -12018 -12048 -27854 -226 -1616
2 -11452 13240 1322 24244 -5441 -14032
3 0 0 0 0 0 0
4 0 0 0 0 0 0
3 0 0 0 0 0 0
2 -4456 9286 1374 18085 6272 -18145
1 -4750 -8922 -5914 -22768 -12449 1725
4 0 0 0 0 0 0
3 0 0 0 0 0 0
4 0 0 0 0 0 0
1 -2088 -5774 -2344 -16734 -9092 9927
2 -2322 2746 2428 11519 9031 -16087
3 0 0 0 0 0 0
2 440 4674 1506 1609 1739 -22509
1 498 -5812 -2366 -4735 -14778 17202
4 0 0 0 0 0 0
3 0 0 0 0 0 0
2 3622 15802 4788 -8828 14407 -22622
1 6752 -14976 -2396 4197 -2147 25601
4 0 0 0 0 0 0
3 0 0 0 0 0 0
4 0 0 0 0 0 0
1 15048 -18852 -1542 9909 -15380 20221
2 0 0 0 0 0 0
3 0 0 0 0 0 0
1 10950 -14390 -7696 12534 -9981 12254
4 0 0 0 0 0 0
2 5398 14154 1164 -10639 -679 -10543
3 0 0 0 0 0 0
1 6376 -9678 -9094 9058 -5880 4101
4 0 0 0 0 0 0
2 5122 13124 -1508 -8342 3056 -6105
4 0 0 0 0 0 0
3 0 0 0 0 0 0
1 3544 -7316 -5664 2398 -9452 -521
2 0 0 0 0 0 0
3 0 0 0 0 0 0
1 492 -6274 -3976 2567 -8653 -1621
4 0 0 0 0 0 0
2 246 8186 -842 -1761 -6284 -1968
4 0 0 0 0 0 0
2 1836 8806 74 1045 -2111 19
3 0 0 0 0 0 0
1 1058 -7714 -4412 2153 -5422 -671
4 0 0 0 0 0 0
1 2176 -7964 -3598 -1662 -870 348
2 0 0 0 0 0 0
3 0 0 0 0 0 0
4 0 0 0 0 0 0
1 0 0 0 0 0 0
3 0 0 0 0 0 0
2 0 0 0 0 0 0
2 0 0 0 0 0 0
1 0 0 0 0 0 0
3 0 0 0 0 0 0
4 0 0 0 0 0 0
4 0 0 0 0 0 0
2 918 7776 1832 1585 923 510
3 0 0 0 0 0 0
1 0 0 0 0 0 0
4 0 0 0 0 0 0
3 0 0 0 0 0 0
1 0 0 0 0 0 0
2 0 0 0 0 0 0
4 0 0 0 0 0 0
3 0 0 0 0 0 0
1 0 0 0 0 0 0
2 0 0 0 0 0 0
4 0 0 0 0 0 0
3 0 0 0 0 0 0
2 0 0 0 0 0 0
1 0 0 0 0 0 0
4 0 0 0 0 0 0
2 0 0 0 0 0 0
1 0 0 0 0 0 0
3 0 0 0 0 0 0
4 0 0 0 0 0 0
1 0 0 0 0 0 0
3 0 0 0 0 0 0
2 0 0 0 0 0 0

4 0 0 0 0 0 0
2 -5682 -4958 -2820 -7248 1552 11027
3 0 0 0 0 0 0
1 -3296 5126 -4836 6603 12371 -10375
4 0 0 0 0 0 0
1 -7876 8482 -6832 -4028 -12122 -8805
2 0 0 0 0 0 0
3 0 0 0 0 0 0
4 0 0 0 0 0 0
1 -3318 6496 2972 -7797 -2926 2711
3 0 0 0 0 0 0
2 -1948 -6490 28 8076 -1634 -2794
2 -1520 -2412 1390 3865 -2630 -14531
3 0 0 0 0 0 0
4 0 0 0 0 0 0
1 -1890 1002 650 -5576 -7473 12737
4 0 0 0 0 0 0
2 144 2020 -756 -454 -7642 -17767
1 1216 -768 -1446 -1881 -14986 11997
3 0 0 0 0 0 0
2 -830 8804 576 -12504 -10148 -21458
3 0 0 0 0 0 0
1 2832 -6428 -5458 12550 -22355 13590
4 0 0 0 0 0 0
2 5138 27138 8108 -25676 -11659 -23011
1 11562 -21940 -5524 26144 -17655 10434
4 0 0 0 0 0 0
3 0 0 0 0 0 0
3 0 0 0 0 0 0
4 0 0 0 0 0 0
1 16912 -22774 -9642 23329 -32339 -15264
2 12406 29118 4914 -20387 -32768 -6472
3 0 0 0 0 0 0
1 -1252 -17646 -27520 -10891 -13555 -32768
2 -4192 28480 -2060 19026 -32768 13000
4 0 0 0 0 0 0
2 0 0 0 0 0 0
4 0 0 0 0 0 0
3 0 0 0 0 0 0
1 -3812 -15726 -18548 -31204 -6168 -21767
1 -4834 -12520 -5210 -30583 -7518 2336
3 0 0 0 0 0 0
2 -8782 16284 8038 20216 14128 -27729
4 0 0 0 0 0 0
4 0 0 0 0 0 0
3 0 0 0 0 0 0
2 -1240 8888 4076 12627 -4060 -31909
1 466 -6438 -2064 -21417 -20650 9421
4 0 0 0 0 0 0
3 0 0 0 0 0 0
2 2238 14120 3506 -11624 3918 -26964
1 1864 -6984 -3082 -840 -23476 17724
1 6350 -15216 -9528 17882 -21044 19225
4 0 0 0 0 0 0
3 0 0 0 0 0 0
2 9420 28458 4462 -17036 -5103 -23296
1 9998 -11960 -19970 11633 -8615 3534
2 8408 17422 -3304 -11738 -15000 -9032
3 0 0 0 0 0 0
4 0 0 0 0 0 0
1 5054 -4176 -10708 2578 -11177 -4265
2 3760 9730 -4178 -2555 -7312 -1322
3 0 0 0 0 0 0
4 0 0 0 0 0 0
1 2868 -3894 -6470 -478 -524 -1980
3 0 0 0 0 0 0
2 -150 7612 -2812 -75 -6861 14
4 0 0 0 0 0 0
3 0 0 0 0 0 0
4 0 0 0 0 0 0
1 0 0 0 0 0 0
2 354 8120 -1712 262 351 -33
1 972 -6416 -4810 7089 -1949 -1497
2 1200 8718 -636 1674 4405 178
3 0 0 0 0 0 0
4 0 0 0 0 0 0
1 0 0 0 0 0 0
3 0 0 0 0 0 0
2 0 0 0 0 0 0
4 0 0 0 0 0 0

1 -2700 -3086 -1866 -2239 -8875 15652
1 1498 -8050 -2796 4967 -7044 22348
4 0 0 0 0 0 0
2 -1640 5370 1830 -11848 -262 -21724
3 0 0 0 0 0 0
1 7242 -14984 -3174 6420 -7634 21847
2 4390 18834 3044 -16371 3709 -22032
3 0 0 0 0 0 0
4 0 0 0 0 0 0
1 9528 -16940 -3994 10114 -10914 17189
4 0 0 0 0 0 0
2 8206 15474 1314 -8752 -6384 -15120
3 0 0 0 0 0 0
1 7644 -11294 -8976 10039 -16469 3522
4 0 0 0 0 0 0
3 0 0 0 0 0 0
2 8736 14708 -938 -7388 167 -6856
1 2620 -6690 -9812 5549 -11849 -2134
2 0 0 0 0 0 0
3 0 0 0 0 0 0
4 0 0 0 0 0 0
1 274 -6354 -7004 -18 -9125 -3313
4 0 0 0 0 0 0
2 0 0 0 0 0 0
3 0 0 0 0 0 0
1 278 -6338 -4778 -1713 -3421 -1565
4 0 0 0 0 0 0
3 0 0 0 0 0 0
2 -548 7474 -1138 2502 -1763 -847
1 0 0 0 0 0 0
2 1668 7958 -362 -580 5134 -703
4 0 0 0 0 0 0
3 0 0 0 0 0 0
1 978 -7196 -3798 -85 513 802
3 0 0 0 0 0 0
2 2210 8638 260 -53 -240 -790
4 0 0 0 0 0 0
1 1496 -7200 -3762 858 5084 1890
3 0 0 0 0 0 0
4 0 0 0 0 0 0
2 966 8506 384 323 2372 712
4 0 0 0 0 0 0
3 0 0 0 0 0 0
2 0 0 0 0 0 0
1 2052 -7194 -3800 1820 2251 1084
4 0 0 0 0 0 0
3 0 0 0 0 0 0
1 0 0 0 0 0 0
2 850 8180 342 137 370 162
4 0 0 0 0 0 0
1 0 0 0 0 0 0
2 0 0 0 0 0 0
3 0 0 0 0 0 0
2 0 0 0 0 0 0
1 0 0 0 0 0 0
4 0 0 0 0 0 0
3 0 0 0 0 0 0
2 0 0 0 0 0 0
3 0 0 0 0 0 0
4 0 0 0 0 0 0
1 0 0 0 0 0 0
2 0 0 0 0 0 0
4 0 0 0 0 0 0
1 0 0 0 0 0 0
3 0 0 0 0 0 0
4 0 0 0 0 0 0
1 0 0 0 0 0 0
2 0 0 0 0 0 0
3 0 0 0 0 0 0
4 0 0 0 0 0 0
1 0 0 0 0 0 0
3 0 0 0 0 0 0
2 0 0 0 0 0 0
4 0 0 0 0 0 0
3 0 0 0 0 0 0
1 0 0 0 0 0 0
2 0 0 0 0 0 0
4 0 0 0 0 0 0
3 0 0 0 0 0 0
2 0 0 0 0 0 0

1 9086 -10524 -8696 5086 -19338 -12
3 0 0 0 0 0 0
4 0 0 0 0 0 0
2 7904 11680 1180 -70 -16009 -9039
1 26 -3332 -11454 5723 -6872 96
3 0 0 0 0 0 0
4 0 0 0 0 0 0
2 1520 10726 -6626 -4361 -11127 -4039
2 338 8650 -3832 2504 -7921 -2753
1 1930 -6232 -8432 -258 105 615
4 0 0 0 0 0 0
3 0 0 0 0 0 0
3 0 0 0 0 0 0
4 0 0 0 0 0 0
1 1126 -7006 -5546 -2997 -4698 -1716
2 848 7864 -994 3096 -1348 9
4 0 0 0 0 0 0
3 0 0 0 0 0 0
2 2242 8032 -18 -1843 3167 246
1 0 0 0 0 0 0
4 0 0 0 0 0 0
2 0 0 0 0 0 0
1 1154 -7490 -3726 2733 -6133 -849
3 0 0 0 0 0 0
1 924 -7404 -3908 1997 -278 -664
2 0 0 0 0 0 0
3 0 0 0 0 0 0
4 0 0 0 0 0 0
1 0 0 0 0 0 0
2 560 7916 46 1100 149 177
3 0 0 0 0 0 0
4 0 0 0 0 0 0
1 0 0 0 0 0 0
2 0 0 0 0 0 0
4 0 0 0 0 0 0
3 0 0 0 0 0 0
4 0 0 0 0 0 0
2 0 0 0 0 0 0
3 0 0 0 0 0 0
1 0 0 0 0 0 0
4 0 0 0 0 0 0
1 0 0 0 0 0 0
3 0 0 0 0 0 0
2 0 0 0 0 0 0
1 0 0 0 0 0 0
2 0 0 0 0 0 0
4 0 0 0 0 0 0
3 0 0 0 0 0 0
2 0 0 0 0 0 0
3 0 0 0 0 0 0
1 0 0 0 0 0 0
4 0 0 0 0 0 0
4 0 0 0 0 0 0
1 0 0 0 0 0 0
4 0 0 0 0 0 0
1 0 0 0 0 0 0
2 0 0 0 0 0 0
3 0 0 0 0 0 0
2 0 0 0 0 0 0
3 0 0 0 0 0 0
4 0 0 0 0 0 0
1 0 0 0 0 0 0
3 0 0 0 0 0 0
2 0 0 0 0 0 0
1 0 0 0 0 0 0
4 0 0 0 0 0 0
2 0 0 0 0 0 0
3 0 0 0 0 0 0
4 0 0 0 0 0 0
3 0 0 0 0 0 0
1 0 0 0 0 0 0
2 0 0 0 0 0 0
4 0 0 0 0 0 0
3 0 0 0 0 0 0
1 1260 -9522 -4446 -2084 3331 1885
2 0 0 0 0 0 0
4 0 0 0 0 0 0
3 0 0 0 0 0 0
2 0 0 0 0 0 0
1 0 0 0 0 0 0

2 -1380 7676 -4704 2596 3699 -982
1 2734 -5148 -4454 2713 -441 -2057
4 0 0 0 0 0 0
3 0 0 0 0 0 0
1 0 0 0 0 0 0
4 0 0 0 0 0 0
2 0 0 0 0 0 0
3 0 0 0 0 0 0
4 0 0 0 0 0 0
3 0 0 0 0 0 0
1 2530 -6494 -5522 1014 -131 -1419
2 664 7910 -4014 -601 4738 -1332
4 0 0 0 0 0 0
2 0 0 0 0 0 0
3 0 0 0 0 0 0
1 0 0 0 0 0 0
4 0 0 0 0 0 0
1 2376 -5808 -6786 -330 -7610 -5888
3 0 0 0 0 0 0
2 746 8566 -2220 78 3355 -3659
4 0 0 0 0 0 0
2 0 0 0 0 0 0
3 0 0 0 0 0 0
1 0 0 0 0 0 0
4 0 0 0 0 0 0
2 0 0 0 0 0 0
3 0 0 0 0 0 0
1 0 0 0 0 0 0
4 0 0 0 0 0 0
1 5122 -3852 -7260 292 -3219 -1650
2 0 0 0 0 0 0
3 0 0 0 0 0 0
2 -2308 9734 -1820 1373 4552 -249
4 0 0 0 0 0 0
3 0 0 0 0 0 0
1 6178 -3412 -6482 -913 472 542
4 0 0 0 0 0 0
1 5526 -3176 -8604 -4480 4665 2315
2 -1642 7000 -556 -1218 5196 437
3 0 0 0 0 0 0
2 2142 6538 -1326 -3588 -4956 1707
1 0 0 0 0 0 0
4 0 0 0 0 0 0
3 0 0 0 0 0 0
2 974 6246 -1394 -6349 -8853 5156
1 3166 -4594 -4086 1497 4104 8272
3 0 0 0 0 0 0
4 0 0 0 0 0 0
1 3226 -4412 -5428 5853 -6732 5909
4 0 0 0 0 0 0
2 618 8800 226 -7210 -18510 4000
3 0 0 0 0 0 0
1 2654 -4706 -4858 6931 -921 389
4 0 0 0 0 0 0
2 -668 9296 794 -3725 -27894 2159
3 0 0 0 0 0 0
1 0 0 0 0 0 0
3 0 0 0 0 0 0
4 0 0 0 0 0 0
2 -3428 9386 490 -4697 -14639 -2322
3 0 0 0 0 0 0
4 0 0 0 0 0 0
2 -322 9868 -478 -6340 15896 -3023
1 -1188 -9150 -3898 651 -12284 -5604
2 2396 9176 1720 3392 5190 -3280
3 0 0 0 0 0 0
1 100 -7960 -4294 -3086 9796 4133
4 0 0 0 0 0 0
2 2076 9216 502 4195 -9059 -4057
1 0 0 0 0 0 0
3 0 0 0 0 0 0
4 0 0 0 0 0 0
3 0 0 0 0 0 0
1 862 -7520 -3528 -3521 1183 848
4 0 0 0 0 0 0
2 798 7676 266 -1408 -3852 -3928
2 0 0 0 0 0 0
3 0 0 0 0 0 0
1 0 0 0 0 0 0
4 0 0 0 0 0 0

2 10106 16476 -10936 12337 -18519 8872
3 0 0 0 0 0 0
4 0 0 0 0 0 0
1 9966 -7580 -21576 -16084 -18167 -18515
3 0 0 0 0 0 0
2 -8346 23658 -17830 32767 -188 5084
4 0 0 0 0 0 0
1 -6080 -15500 -23982 -32768 4078 -4657
4 0 0 0 0 0 0
3 0 0 0 0 0 0
1 -10436 -13738 -6926 -32085 -5655 -3338
2 -12870 12990 710 32576 11196 4859
3 0 0 0 0 0 0
2 -4488 1204 3954 14907 -8501 -11500
4 0 0 0 0 0 0
1 -3588 -6236 1476 -11666 -14045 12384
3 0 0 0 0 0 0
4 0 0 0 0 0 0
1 -186 -9916 -2798 6145 -12057 24506
2 -2962 5966 1466 -5354 -2801 -22378
2 1608 16768 6058 -13278 20755 -24315
3 0 0 0 0 0 0
4 0 0 0 0 0 0
1 4104 -19286 -4266 5602 1991 32626
4 0 0 0 0 0 0
3 0 0 0 0 0 0
2 8090 15760 5172 -5171 -9073 -20883
1 11720 -14822 -1236 2827 -10391 16112
3 0 0 0 0 0 0
2 4326 16306 2456 -5184 3220 -13991
4 0 0 0 0 0 0
1 10750 -14432 -9338 10808 -21778 2492
3 0 0 0 0 0 0
2 7946 14466 -4080 -2622 -23186 -8954
1 3326 -8138 -9078 5612 -10673 -1393
4 0 0 0 0 0 0
2 -2234 6502 -1206 -5828 -11020 103
3 0 0 0 0 0 0
1 2016 -5274 -6390 2493 -5599 -1655
4 0 0 0 0 0 0
4 0 0 0 0 0 0
2 -236 8484 -2344 -6266 4822 859
1 0 0 0 0 0 0
3 0 0 0 0 0 0
2 1002 9600 -220 634 662 1288
4 0 0 0 0 0 0
1 1122 -7370 -4746 289 -896 -394
3 0 0 0 0 0 0
2 194 9518 362 7610 -3259 437
1 1540 -8344 -3724 -4566 3829 1170
3 0 0 0 0 0 0
4 0 0 0 0 0 0
2 26 8026 1486 6363 596 560
1 0 0 0 0 0 0
3 0 0 0 0 0 0
4 0 0 0 0 0 0
2 728 8014 2224 1397 8213 1435
3 0 0 0 0 0 0
1 1650 -7148 -3180 -2210 -1112 -889
4 0 0 0 0 0 0
2 2078 7810 1102 161 2319 -75
3 0 0 0 0 0 0
1 0 0 0 0 0 0
4 0 0 0 0 0 0
4 0 0 0 0 0 0
3 0 0 0 0 0 0
1 1266 -6920 -3690 3272 -1061 138
2 0 0 0 0 0 0
3 0 0 0 0 0 0
4 0 0 0 0 0 0
1 2264 -7876 -4748 3887 -3371 146
2 0 0 0 0 0 0
3 0 0 0 0 0 0
1 1584 -7444 -5190 731 -107 506
4 0 0 0 0 0 0
2 0 0 0 0 0 0
1 0 0 0 0 0 0
2 0 0 0 0 0 0
4 0 0 0 0 0 0
3 0 0 0 0 0 0

3 0 0 0 0 0 0
1 4316 -7980 -4854 231 -15444 -17110
2 6032 10478 1934 263 -20986 5091
4 0 0 0 0 0 0
3 0 0 0 0 0 0
1 4736 -10286 -9728 -3691 -17680 -18324
2 3076 13086 -5992 7765 -20696 7606
4 0 0 0 0 0 0
2 -1412 13996 -11316 20197 -21434 1405
3 0 0 0 0 0 0
1 -5402 -8048 -13958 -13868 -23211 -8485
4 0 0 0 0 0 0
1 -8964 -8812 -10632 -17265 -8939 10835
2 -9134 11708 -6134 22648 -6181 -10755
3 0 0 0 0 0 0
4 0 0 0 0 0 0
4 0 0 0 0 0 0
2 -6460 7112 -18 19903 6435 -14853
1 -5024 -6846 -5966 -19469 -4103 15373
3 0 0 0 0 0 0
2 -2608 4982 1402 13151 4431 -13998
3 0 0 0 0 0 0
1 0 0 0 0 0 0
4 0 0 0 0 0 0
1 0 0 0 0 0 0
2 0 0 0 0 0 0
3 0 0 0 0 0 0
4 0 0 0 0 0 0
1 4236 -11560 -1912 -4321 -4807 25720
3 0 0 0 0 0 0
2 -634 13108 3018 -7328 8387 -28370
4 0 0 0 0 0 0
3 0 0 0 0 0 0
4 0 0 0 0 0 0
2 10928 20750 4508 -8363 3818 -18306
1 5054 -16992 -5354 4914 -15588 21345
3 0 0 0 0 0 0
1 13466 -15426 -8510 10432 -16372 11167
2 10094 16256 1430 -10510 -3677 -13673
4 0 0 0 0 0 0
3 0 0 0 0 0 0
4 0 0 0 0 0 0
1 8942 -8370 -10116 9308 -15963 225
2 6856 12812 -6834 -8269 -6459 -5607
3 0 0 0 0 0 0
1 2506 -8092 -8022 2763 -10173 -1813
2 4158 9516 -4544 -1961 -6890 -2955
4 0 0 0 0 0 0
3 0 0 0 0 0 0
2 416 9448 -850 2652 -5665 -951
1 810 -5714 -5500 763 -4328 -2855
4 0 0 0 0 0 0
3 0 0 0 0 0 0
1 0 0 0 0 0 0
2 608 7788 496 767 -427 -56
4 0 0 0 0 0 0
2 0 0 0 0 0 0
3 0 0 0 0 0 0
1 0 0 0 0 0 0
4 0 0 0 0 0 0
2 0 0 0 0 0 0
3 0 0 0 0 0 0
1 0 0 0 0 0 0
4 0 0 0 0 0 0
3 0 0 0 0 0 0
1 0 0 0 0 0 0
2 0 0 0 0 0 0
4 0 0 0 0 0 0
2 0 0 0 0 0 0
3 0 0 0 0 0 0
1 1258 -8516 -4874 1978 989 794
4 0 0 0 0 0 0
3 0 0 0 0 0 0
2 0 0 0 0 0 0
1 1536 -7384 -4712 -17 -7284 -1926
4 0 0 0 0 0 0
1 492 -6720 -3976 -135 943 446
3 0 0 0 0 0 0
4 0 0 0 0 0 0
2 0 0 0 0 0 0

2 1152 8126 254 228 606 -22
4 0 0 0 0 0 0
3 0 0 0 0 0 0
1 1258 -7284 -4080 34 -179 -49
3 0 0 0 0 0 0
2 0 0 0 0 0 0
4 0 0 0 0 0 0
1 0 0 0 0 0 0
1 0 0 0 0 0 0
2 0 0 0 0 0 0
3 0 0 0 0 0 0
4 0 0 0 0 0 0
3 0 0 0 0 0 0
1 0 0 0 0 0 0
4 0 0 0 0 0 0
2 0 0 0 0 0 0
3 0 0 0 0 0 0
2 5480 7712 9800 -2250 -17406 -77
4 0 0 0 0 0 0
1 8984 -11698 5886 953 -24546 -10327
3 0 0 0 0 0 0
4 0 0 0 0 0 0
1 12148 -13776 -12332 4369 -8486 -22126
2 17236 18906 -426 -4222 -21554 10762
3 0 0 0 0 0 0
1 -5032 -26834 -19204 -28490 -29252 -25252
4 0 0 0 0 0 0
2 1764 31530 -5068 30495 -32768 10873
2 -15514 19540 12720 27523 12104 -18562
3 0 0 0 0 0 0
4 0 0 0 0 0 0
1 -9676 -20690 -9864 -32768 7156 3207
2 -3546 10568 7812 22815 -3007 -22323
1 -4374 -11986 -64 -26751 -22679 11107
4 0 0 0 0 0 0
3 0 0 0 0 0 0
3 0 0 0 0 0 0
2 -4624 14448 5088 -10507 -7491 -32697
4 0 0 0 0 0 0
1 2518 -14606 -6814 4249 -22004 24996
2 14914 32767 8764 -16908 -1871 -32768
1 3892 -32768 -8638 21788 -6168 32767
3 0 0 0 0 0 0
4 0 0 0 0 0 0
3 0 0 0 0 0 0
2 4632 24724 -4126 -21159 -26243 -7329
1 15800 -18424 -14484 16675 -32768 -2535
4 0 0 0 0 0 0
1 2768 -5716 -10252 8550 -10508 -2091
2 3082 12540 -4982 -5219 -6917 -1658
3 0 0 0 0 0 0
4 0 0 0 0 0 0
2 -1198 7996 -3582 -3266 -5347 1060
1 -836 -5302 -6170 5272 -6924 -1094
3 0 0 0 0 0 0
4 0 0 0 0 0 0
3 0 0 0 0 0 0
2 -48 8646 -2258 1636 1180 369
1 810 -7110 -5566 2397 820 -184
4 0 0 0 0 0 0
4 0 0 0 0 0 0
3 0 0 0 0 0 0
2 676 8852 670 5532 2559 -607
1 0 0 0 0 0 0
3 0 0 0 0 0 0
4 0 0 0 0 0 0
2 0 0 0 0 0 0
1 1372 -8560 -3998 -4686 1667 1026
4 0 0 0 0 0 0
3 0 0 0 0 0 0
1 0 0 0 0 0 0
2 1888 8230 2578 3491 -502 -443
1 2238 -6086 -3382 -2292 -788 -1047
3 0 0 0 0 0 0
2 934 7876 1774 1093 -2185 -554
4 0 0 0 0 0 0
2 0 0 0 0 0 0
3 0 0 0 0 0 0
4 0 0 0 0 0 0
1 0 0 0 0 0 0

4 0 0 0 0 0 0
2 -1586 4538 -572 1198 861 163
1 -260 -3840 -3568 -331 -986 -1225
4 0 0 0 0 0 0
3 0 0 0 0 0 0
3 0 0 0 0 0 0
2 514 3814 -784 869 1864 -376
4 0 0 0 0 0 0
1 0 0 0 0 0 0
4 0 0 0 0 0 0
2 1648 12154 1434 1339 -1190 -1048
3 0 0 0 0 0 0
1 3636 -10138 -4048 254 689 625
3 0 0 0 0 0 0
1 10822 -17176 -1802 -334 5373 -1767
4 0 0 0 0 0 0
2 15232 13634 5150 3154 -16096 6750
1 5594 -20246 -6232 9478 -5771 -17477
2 13410 32112 -1564 -3986 -14849 19960
3 0 0 0 0 0 0
4 0 0 0 0 0 0
1 6854 -12998 -8558 10897 772 -16372
2 -2334 12044 984 5737 4402 14634
4 0 0 0 0 0 0
4 0 0 0 0 0 0
2 -2028 3406 904 2485 4376 10891
1 -3754 -4588 -2796 1554 -8098 -18838
3 0 0 0 0 0 0
3 0 0 0 0 0 0
4 0 0 0 0 0 0
1 -15326 -882 2530 -4111 3676 -2463
3 0 0 0 0 0 0
2 -16690 756 -346 137 -1484 3482
3 0 0 0 0 0 0
1 -8650 -5588 -2558 -7910 -3711 11566
2 -11214 4948 -1178 7635 4452 -12558
4 0 0 0 0 0 0
4 0 0 0 0 0 0
3 0 0 0 0 0 0
1 4068 -8822 -7342 -11101 -8367 20441
2 532 14754 -1380 7403 3092 -21775
4 0 0 0 0 0 0
3 0 0 0 0 0 0
1 15556 -11856 -9766 1336 -7864 13674
2 12310 23528 2286 3272 46 -17965
2 11202 13886 3168 4371 3285 -5266
1 12156 -12040 -5940 4646 -828 2872
4 0 0 0 0 0 0
3 0 0 0 0 0 0
1 4116 -9868 -4658 6228 -3616 -457
2 5778 11132 1058 -1313 -2021 -90
3 0 0 0 0 0 0
4 0 0 0 0 0 0
4 0 0 0 0 0 0
3 0 0 0 0 0 0
1 -158 -10696 -4972 5565 1344 349
2 0 0 0 0 0 0
3 0 0 0 0 0 0
4 0 0 0 0 0 0
2 -632 5722 -330 -22 6553 1334
1 394 -4500 -2834 -2428 10976 2616
1 0 0 0 0 0 0
4 0 0 0 0 0 0
3 0 0 0 0 0 0
2 0 0 0 0 0 0
4 0 0 0 0 0 0
3 0 0 0 0 0 0
2 562 8564 558 -17 -1839 396
1 2142 -9312 -4126 -1729 -8813 -3603
4 0 0 0 0 0 0
2 0 0 0 0 0 0
3 0 0 0 0 0 0
1 -180 -5840 -2180 530 -9074 -507
1 1966 -8062 -3724 1676 9671 3526
3 0 0 0 0 0 0
4 0 0 0 0 0 0
2 1182 9764 582 -3706 5173 -908
2 1796 8114 212 -341 -380 -998
1 0 0 0 0 0 0
3 0 0 0 0 0 0

1 6128 -10602 -426 2395 -10115 -4481
4 0 0 0 0 0 0
3 0 0 0 0 0 0
2 4364 11750 3108 1372 -978 489
1 13600 -12838 2940 -328 -32768 -17208
4 0 0 0 0 0 0
3 0 0 0 0 0 0
2 12124 11402 9680 7945 -32768 8437
2 -3658 29792 -14310 29014 -32768 20728
4 0 0 0 0 0 0
1 -6346 -21268 -25306 -14486 -26831 -29334
3 0 0 0 0 0 0
4 0 0 0 0 0 0
1 -16318 -28512 -24236 -32768 -7753 -2307
2 -16852 20076 -2804 32767 3519 -3870
3 0 0 0 0 0 0
3 0 0 0 0 0 0
1 -7556 -19124 -8046 -32768 -17827 12446
4 0 0 0 0 0 0
2 -8354 15352 5838 22456 6099 -19067
3 0 0 0 0 0 0
4 0 0 0 0 0 0
1 -160 -13032 -3918 -14226 -16781 20547
2 -3624 8204 3780 7940 -10744 -27212
2 -4668 16618 2128 -13711 -4603 -26810
1 4202 -14092 -3258 -417 -11317 20570
4 0 0 0 0 0 0
3 0 0 0 0 0 0
1 8690 -25628 -5720 20616 -27941 18349
3 0 0 0 0 0 0
2 6208 32767 9080 -21570 3766 -26646
4 0 0 0 0 0 0
3 0 0 0 0 0 0
1 3826 -23598 -11604 16496 -14502 8776
2 9652 18056 3706 -10969 -5459 -12084
4 0 0 0 0 0 0
2 -4448 12774 1682 -6142 -25255 -675
1 908 -9958 -13720 12387 -14948 -2746
3 0 0 0 0 0 0
4 0 0 0 0 0 0
1 1722 -4118 -7196 4560 -2323 -1151
2 -778 9734 -2796 -10861 -1871 4909
4 0 0 0 0 0 0
3 0 0 0 0 0 0
3 0 0 0 0 0 0
4 0 0 0 0 0 0
1 0 0 0 0 0 0
2 -2454 8552 -2874 -558 -474 1753
3 0 0 0 0 0 0
2 -300 10140 -572 11572 4602 -989
4 0 0 0 0 0 0
1 1442 -9754 -3720 -6845 -11106 -2796
1 1332 -8824 -940 -6415 1530 2447
3 0 0 0 0 0 0
4 0 0 0 0 0 0
2 0 0 0 0 0 0
2 0 0 0 0 0 0
3 0 0 0 0 0 0
4 0 0 0 0 0 0
1 2102 -8154 -1102 -2233 5364 1465
1 1376 -8046 -2238 -1531 369 -733
4 0 0 0 0 0 0
3 0 0 0 0 0 0
2 0 0 0 0 0 0
1 0 0 0 0 0 0
4 0 0 0 0 0 0
3 0 0 0 0 0 0
2 1692 7620 906 813 5261 -624
4 0 0 0 0 0 0
3 0 0 0 0 0 0
2 1352 8036 458 -802 917 -825
1 1342 -6732 -3250 1706 710 1361
1 1672 -7430 -3674 4301 -224 1168
3 0 0 0 0 0 0
2 0 0 0 0 0 0
4 0 0 0 0 0 0
3 0 0 0 0 0 0
4 0 0 0 0 0 0
1 0 0 0 0 0 0
2 0 0 0 0 0 0

3 0 0 0 0 0 0
4 0 0 0 0 0 0
1 1164 -7724 -2908 145 -219 19
2 514 8228 840 44 220 -41
3 0 0 0 0 0 0
2 0 0 0 0 0 0
4 0 0 0 0 0 0
3 0 0 0 0 0 0
1 0 0 0 0 0 0
2 0 0 0 0 0 0
4 0 0 0 0 0 0
1 0 0 0 0 0 0
4 0 0 0 0 0 0
3 0 0 0 0 0 0
2 770 8928 -2162 1288 5363 -518
1 584 -7772 -6956 -3033 4239 1506
3 0 0 0 0 0 0
4 0 0 0 0 0 0
1 8452 -8660 -16502 -14207 11875 -643
2 9892 14472 -8126 8333 15563 4899
3 0 0 0 0 0 0
2 9648 24544 -6260 16957 9838 19803
1 10546 -11626 -13856 -20263 16297 -12454
4 0 0 0 0 0 0
1 0 0 0 0 0 0
3 0 0 0 0 0 0
4 0 0 0 0 0 0
2 4238 22440 2122 11720 10345 28159
4 0 0 0 0 0 0
3 0 0 0 0 0 0
1 2582 -11768 -1256 -445 10495 -18030
2 396 12170 3916 -672 10254 25618
2 -2092 5638 1954 -16106 7244 14576
3 0 0 0 0 0 0
4 0 0 0 0 0 0
1 934 -6166 -1496 12741 14217 -14318
4 0 0 0 0 0 0
1 -5090 -9832 -1106 27475 18669 -9917
2 -8210 10410 4742 -29471 -5677 5449
3 0 0 0 0 0 0
4 0 0 0 0 0 0
3 0 0 0 0 0 0
1 -3422 -16248 -8576 29750 25853 8625
2 -8570 25116 1120 -32768 19172 -107
3 0 0 0 0 0 0
1 5012 -16590 -15178 16382 11239 21878
4 0 0 0 0 0 0
2 5128 26260 -4582 -16308 27215 -15472
4 0 0 0 0 0 0
1 16550 -16834 -8058 -2368 8762 20912
3 0 0 0 0 0 0
2 7024 25554 738 4686 17394 -15143
4 0 0 0 0 0 0
1 8666 -12282 -2240 -9326 4835 7052
3 0 0 0 0 0 0
2 4012 9374 9664 8823 32767 1362
1 2980 -9966 -1720 -11604 14933 4136
2 -1978 8526 2144 5122 4432 1653
4 0 0 0 0 0 0
3 0 0 0 0 0 0
3 0 0 0 0 0 0
1 2978 -7392 -2926 -7515 7193 885
4 0 0 0 0 0 0
2 824 8580 246 4585 830 3531
2 22 6772 340 1242 -4005 1601
1 1568 -5926 -2254 -2199 -1146 -414
3 0 0 0 0 0 0
4 0 0 0 0 0 0
4 0 0 0 0 0 0
3 0 0 0 0 0 0
1 1896 -5866 -2726 3495 -2910 450
2 0 0 0 0 0 0
4 0 0 0 0 0 0
1 1696 -7710 -3412 8535 -2668 2193
2 -80 8528 -68 -7229 1313 -2643
3 0 0 0 0 0 0
4 0 0 0 0 0 0
1 0 0 0 0 0 0
2 0 0 0 0 0 0
3 0 0 0 0 0 0

3 0 0 0 0 0 0
2 4222 9540 -1018 2964 806 2746
4 0 0 0 0 0 0
1 3844 -6878 -5346 -3582 2604 -2447
2 4744 10424 -3360 5041 4535 3892
1 7334 -7404 -7154 -4512 5547 -2325
3 0 0 0 0 0 0
4 0 0 0 0 0 0
4 0 0 0 0 0 0
2 13282 17314 -4820 7224 11596 12559
3 0 0 0 0 0 0
1 16620 -12726 -10232 -10996 13482 -10559
4 0 0 0 0 0 0
2 7794 20602 1720 13096 -2649 23375
1 11118 -16774 -4260 -9521 5365 -24564
3 0 0 0 0 0 0
2 384 12470 3000 8264 -86 26119
3 0 0 0 0 0 0
4 0 0 0 0 0 0
1 4238 -10518 312 -6620 3034 -21998
2 -1576 4384 2362 3088 5062 20612
1 1016 -5010 -472 -263 10971 -14592
4 0 0 0 0 0 0
3 0 0 0 0 0 0
2 -2816 1356 996 -9209 4133 12057
1 0 0 0 0 0 0
3 0 0 0 0 0 0
4 0 0 0 0 0 0
2 -2532 6548 -3094 -28424 16852 5047
3 0 0 0 0 0 0
1 -4144 -5236 -8620 24330 14603 -7368
4 0 0 0 0 0 0
2 -1512 6038 -8784 -24999 8364 1054
1 -1580 -9572 -10362 25697 -610 -4638
3 0 0 0 0 0 0
4 0 0 0 0 0 0
2 -3320 17988 -5996 -25983 8549 -11973
3 0 0 0 0 0 0
1 -5008 -9670 -12500 18874 619 1166
4 0 0 0 0 0 0
4 0 0 0 0 0 0
3 0 0 0 0 0 0
1 -1860 -7996 -14214 11596 -1021 7200
2 -1110 20362 -8364 -12937 7922 -14522
4 0 0 0 0 0 0
1 6130 -8220 -10438 1193 24226 17236
3 0 0 0 0 0 0
2 792 15582 5896 5470 32767 -7229
1 3098 -11206 -2878 -8228 28456 17057
3 0 0 0 0 0 0
4 0 0 0 0 0 0
2 6336 8224 6066 7243 32767 5327
2 2550 8380 1774 5160 -1199 2117
3 0 0 0 0 0 0
4 0 0 0 0 0 0
1 6012 -7804 -1740 -9734 21532 7761
4 0 0 0 0 0 0
1 2814 -5468 -2814 -4516 1151 971
3 0 0 0 0 0 0
2 670 6988 484 2981 -4733 987
1 2250 -5724 -2418 748 632 1443
2 1326 5926 -1286 -1487 -2528 -974
4 0 0 0 0 0 0
3 0 0 0 0 0 0
2 2316 7512 -2978 -5533 -3910 -2379
3 0 0 0 0 0 0
4 0 0 0 0 0 0
1 3390 -6712 -3088 5755 -355 3085
2 2054 9386 -3238 -4114 -2088 -387
1 2854 -8008 -3744 8160 -2213 2274
4 0 0 0 0 0 0
3 0 0 0 0 0 0
3 0 0 0 0 0 0
1 2834 -8240 -4220 5989 -807 1469
4 0 0 0 0 0 0
2 0 0 0 0 0 0
4 0 0 0 0 0 0
1 2430 -7658 -4278 2832 -2136 219
2 542 7766 -1184 -248 -2627 214
3 0 0 0 0 0 0

2 -838 8602 1052 -432 1760 220
4 0 0 0 0 0 0
1 882 -7066 -3078 1980 -6021 -1933
3 0 0 0 0 0 0
3 0 0 0 0 0 0
2 -516 7828 978 -935 4387 -562
4 0 0 0 0 0 0
1 416 -7030 -3086 2328 -3196 -405
4 0 0 0 0 0 0
3 0 0 0 0 0 0
2 0 0 0 0 0 0
1 1206 -7958 -3830 2651 -5430 -876
1 442 -7570 -3328 615 -2573 50
4 0 0 0 0 0 0
3 0 0 0 0 0 0
2 0 0 0 0 0 0
3 0 0 0 0 0 0
2 0 0 0 0 0 0
1 328 -8132 -3524 -744 -3682 -1187
4 0 0 0 0 0 0
3 0 0 0 0 0 0
2 0 0 0 0 0 0
4 0 0 0 0 0 0
1 0 0 0 0 0 0
2 -2746 7596 2412 -558 14557 1610
4 0 0 0 0 0 0
3 0 0 0 0 0 0
1 0 0 0 0 0 0
4 0 0 0 0 0 0
1 642 -7652 -2768 566 -3903 -638
2 1416 6934 2720 699 -974 -849
3 0 0 0 0 0 0
3 0 0 0 0 0 0
4 0 0 0 0 0 0
2 -244 7534 1992 -962 1521 -710
1 0 0 0 0 0 0
1 376 -6460 -3038 1156 -3343 -963
2 -674 7036 1258 -1299 6371 -252
4 0 0 0 0 0 0
3 0 0 0 0 0 0
2 -668 8914 1234 -223 3528 1333
4 0 0 0 0 0 0
1 0 0 0 0 0 0
3 0 0 0 0 0 0
2 0 0 0 0 0 0
4 0 0 0 0 0 0
3 0 0 0 0 0 0
1 1544 -8204 -3700 305 -1010 134
4 0 0 0 0 0 0
2 -1952 7904 1418 1771 1564 -1171
1 0 0 0 0 0 0
3 0 0 0 0 0 0
2 44 7784 1008 565 2335 -443
3 0 0 0 0 0 0
4 0 0 0 0 0 0
1 0 0 0 0 0 0
2 0 0 0 0 0 0
2 368 8122 1664 412 463 720
3 0 0 0 0 0 0
1 0 0 0 0 0 0
3 0 0 0 0 0 0
1 0 0 0 0 0 0
4 0 0 0 0 0 0
2 0 0 0 0 0 0
4 0 0 0 0 0 0
2 0 0 0 0 0 0
2 6920 14580 -4814 12421 9651 7694
1 0 0 0 0 0 0
1 0 0 0 0 0 0
1 0 0 0 0 0 0
1 0 0 0 0 0 0
4 0 0 0 0 0 0
2 1162 10948 -5606 19026 -5663 2374
3 0 0 0 0 0 0
4 0 0 0 0 0 0
3 0 0 0 0 0 0
4 0 0 0 0 0 0
3 0 0 0 0 0 0
3 0 0 0 0 0 0
4 0 0 0 0 0 0

3 0 0 0 0 0 0
1 1084 -7444 -3196 377 -1772 -413
4 0 0 0 0 0 0
2 -1772 -5330 -6078 383 -1376 -2700
3 0 0 0 0 0 0
2 1828 -5342 -5992 -740 4131 1177
4 0 0 0 0 0 0
1 0 0 0 0 0 0
3 0 0 0 0 0 0
1 0 0 0 0 0 0
4 0 0 0 0 0 0
2 0 0 0 0 0 0
2 2024 -4120 -6624 194 -57 -2063
1 0 0 0 0 0 0
4 0 0 0 0 0 0
3 0 0 0 0 0 0
2 0 0 0 0 0 0
4 0 0 0 0 0 0
1 0 0 0 0 0 0
3 0 0 0 0 0 0
2 0 0 0 0 0 0
3 0 0 0 0 0 0
4 0 0 0 0 0 0
1 0 0 0 0 0 0
3 0 0 0 0 0 0
1 0 0 0 0 0 0
2 0 0 0 0 0 0
4 0 0 0 0 0 0
2 0 0 0 0 0 0
3 0 0 0 0 0 0
1 0 0 0 0 0 0
4 0 0 0 0 0 0
1 0 0 0 0 0 0
2 1860 -5022 -7416 -484 2062 2485
3 0 0 0 0 0 0
4 0 0 0 0 0 0
3 0 0 0 0 0 0
2 0 0 0 0 0 0
1 0 0 0 0 0 0
4 0 0 0 0 0 0
2 2206 -6616 -4712 272 -3544 -1530
3 0 0 0 0 0 0
1 0 0 0 0 0 0
4 0 0 0 0 0 0
1 0 0 0 0 0 0
3 0 0 0 0 0 0
4 0 0 0 0 0 0
2 1790 -4808 -5918 645 -6255 -1801
2 -208 -4694 -7226 -238 -3837 -1547
1 0 0 0 0 0 0
4 0 0 0 0 0 0
3 0 0 0 0 0 0
4 0 0 0 0 0 0
1 0 0 0 0 0 0
3 0 0 0 0 0 0
2 2544 -4804 -6120 -238 6766 3102
4 0 0 0 0 0 0
1 0 0 0 0 0 0
3 0 0 0 0 0 0
2 340 -7482 -5914 -942 8584 1369
3 0 0 0 0 0 0
4 0 0 0 0 0 0
2 4216 -5148 -3980 683 2979 -1181
1 0 0 0 0 0 0
2 0 0 0 0 0 0
1 0 0 0 0 0 0
4 0 0 0 0 0 0
3 0 0 0 0 0 0
2 0 0 0 0 0 0
1 0 0 0 0 0 0
4 0 0 0 0 0 0
1 0 0 0 0 0 0
4 0 0 0 0 0 0
2 0 0 0 0 0 0
3 0 0 0 0 0 0
3 0 0 0 0 0 0
3 0 0 0 0 0 0
1 0 0 0 0 0 0
2 2984 -6548 -4414 973 -2669 -1536
4 0 0 0 0 0 0

3 0 0 0 0 0 0
4 0 0 0 0 0 0
1 2514 -7430 -3324 -473 4253 1322
3 0 0 0 0 0 0
2 0 0 0 0 0 0
1 0 0 0 0 0 0
4 0 0 0 0 0 0
4 0 0 0 0 0 0
1 0 0 0 0 0 0
2 0 0 0 0 0 0
3 0 0 0 0 0 0
2 0 0 0 0 0 0
4 0 0 0 0 0 0
1 0 0 0 0 0 0
3 0 0 0 0 0 0
3 0 0 0 0 0 0
4 0 0 0 0 0 0
1 1508 -7334 -3726 -2397 4570 866
2 0 0 0 0 0 0
2 0 0 0 0 0 0
3 0 0 0 0 0 0
1 1838 -7732 -3968 -2731 909 -773
4 0 0 0 0 0 0
1 0 0 0 0 0 0
4 0 0 0 0 0 0
3 0 0 0 0 0 0
2 0 0 0 0 0 0
2 304 -3760 -4786 -924 3640 5156
4 0 0 0 0 0 0
1 0 0 0 0 0 0
3 0 0 0 0 0 0
4 0 0 0 0 0 0
1 0 0 0 0 0 0
2 740 -2284 -1332 -10453 6600 12511
3 0 0 0 0 0 0
1 0 0 0 0 0 0
4 0 0 0 0 0 0
2 -136 3606 -4374 -20933 9776 12253
3 0 0 0 0 0 0
4 0 0 0 0 0 0
2 -320 10046 -3198 -24067 17892 6354
1 0 0 0 0 0 0
3 0 0 0 0 0 0
3 0 0 0 0 0 0
4 0 0 0 0 0 0
1 -4322 -7692 -7228 -5358 6392 4150
2 11796 17766 -5860 -9265 -7302 -5313
2 4358 9952 -7590 6320 -3182 6948
4 0 0 0 0 0 0
1 0 0 0 0 0 0
3 0 0 0 0 0 0
2 6232 10926 -8100 10229 -5752 16853
3 0 0 0 0 0 0
1 11474 -5032 -5710 -5402 3077 -21889
4 0 0 0 0 0 0
2 -2908 9284 -6356 16294 -3624 16875
1 2264 -5578 -7118 -471 806 -27469
4 0 0 0 0 0 0
3 0 0 0 0 0 0
2 -7576 5324 -3970 16514 5303 -4078
4 0 0 0 0 0 0
3 0 0 0 0 0 0
1 -7384 -2630 -7650 -11185 -2681 259
2 2424 590 6806 11468 17621 -15980
4 0 0 0 0 0 0
1 12004 1898 12072 -11022 12251 10380
3 0 0 0 0 0 0
4 0 0 0 0 0 0
3 0 0 0 0 0 0
2 16288 -5476 10318 -10459 -21832 2400
3 0 0 0 0 0 0
1 12614 1752 2378 14084 -14489 -16979
4 0 0 0 0 0 0
2 -12352 868 -7008 -1056 -26265 6540
4 0 0 0 0 0 0
2 6220 170 -2942 9160 6049 -16810
3 0 0 0 0 0 0
2 25898 -5814 7026 -4316 13727 6316
1 -11224 3610 -13498 -3278 16442 2276
1 0 0 0 0 0 0

4 0 0 0 0 0 0
2 27520 -3440 2750 -6435 24344 10328
3 0 0 0 0 0 0
4 0 0 0 0 0 0
1 -20812 2322 -2714 8544 -15589 -15632
2 -23742 -4366 -1644 -1483 -31130 9806
3 0 0 0 0 0 0
1 498 4538 -11414 -7445 -13775 11472
4 0 0 0 0 0 0
2 1892 614 -10058 6254 -1067 -14830
3 0 0 0 0 0 0
1 32212 4370 12224 -5164 32767 4976
4 0 0 0 0 0 0
3 0 0 0 0 0 0
2 24384 -842 8338 -1715 32767 3423
1 -1054 160 -816 7290 -17800 -17905
4 0 0 0 0 0 0
2 6464 -962 -4614 -7052 -22182 6228
3 0 0 0 0 0 0
1 -9858 5368 -15594 -1671 1184 1846
4 0 0 0 0 0 0
3 0 0 0 0 0 0
2 -10204 -3862 -10706 2151 8538 2325
1 11158 2030 1928 -1841 -11241 17179
4 0 0 0 0 0 0
3 0 0 0 0 0 0
2 12748 -58 -1094 4537 4589 -16334
3 0 0 0 0 0 0
4 0 0 0 0 0 0
2 21838 -2898 2746 -9244 3697 7164
1 16564 2730 4394 10476 -22047 -16490
1 -11252 5674 -11742 302 22272 -2876
2 -14288 -140 -10166 -4178 -7459 11867
4 0 0 0 0 0 0
3 0 0 0 0 0 0
2 6152 166 -3734 9087 -367 -16937
4 0 0 0 0 0 0
1 2678 2120 -4784 -7800 -11679 15144
3 0 0 0 0 0 0
4 0 0 0 0 0 0
1 29400 7126 4854 402 19526 -3399
2 27264 -4108 9048 -1078 21161 3747
3 0 0 0 0 0 0
1 -7452 1904 1094 6868 -23092 -19641
2 -468 -1548 -7074 -5249 -20897 5782
4 0 0 0 0 0 0
3 0 0 0 0 0 0
4 0 0 0 0 0 0
3 0 0 0 0 0 0
2 -4366 32 -11316 5444 2255 -4942
1 -3214 4414 -14372 -3140 -879 12542
3 0 0 0 0 0 0
4 0 0 0 0 0 0
2 6806 -6290 7110 2113 16432 -8620
1 11068 2126 5940 -3775 18957 16526
2 7514 -1194 2502 -13628 -16036 -1407
4 0 0 0 0 0 0
1 8290 1852 968 11236 -20240 -14248
3 0 0 0 0 0 0
2 -4766 1172 1520 -19446 -16032 -187
3 0 0 0 0 0 0
1 -7786 -1370 410 13169 12324 2301
4 0 0 0 0 0 0
1 1288 -4488 -8122 17934 -382 18589
2 -2410 14224 -5094 -22572 8541 -10257
4 0 0 0 0 0 0
3 0 0 0 0 0 0
1 5780 -10324 -11282 17871 -8457 12027
4 0 0 0 0 0 0
2 0 0 0 0 0 0
3 0 0 0 0 0 0
4 0 0 0 0 0 0
1 3968 -8430 -9226 9726 -12234 396
2 6442 11162 -2430 -505 -6245 -4307
3 0 0 0 0 0 0
4 0 0 0 0 0 0
2 802 8238 -1020 2990 736 -1580
1 1776 -7626 -6136 1138 310 1504
3 0 0 0 0 0 0
1 1572 -7052 -4176 -2477 3175 1059

4 0 0 0 0 0 0
3 0 0 0 0 0 0
1 -2112 -7982 -4674 566 2879 2047
3 0 0 0 0 0 0
1 14484 -11376 -11464 -14248 9594 -8218
4 0 0 0 0 0 0
4 0 0 0 0 0 0
3 0 0 0 0 0 0
1 6806 -4960 -5918 -9827 1826 -21686
2 2220 8854 -2852 11296 -20447 20687
4 0 0 0 0 0 0
3 0 0 0 0 0 0
2 -12794 8408 -8174 18043 18779 -5581
1 -8164 -5058 -17618 -18031 642 -5632
1 9904 -2514 14174 -18627 30746 5269
4 0 0 0 0 0 0
3 0 0 0 0 0 0
2 13024 -726 15998 14226 30407 861
3 0 0 0 0 0 0
4 0 0 0 0 0 0
1 8148 -4248 4476 13125 -12204 -19859
2 6730 714 7572 -8709 -32768 9122
4 0 0 0 0 0 0
1 -22506 1918 -13998 -3301 15597 6304
2 -7294 2232 -17250 3641 18658 -6281
3 0 0 0 0 0 0
1 14254 1196 12666 -6070 11498 13238
4 0 0 0 0 0 0
3 0 0 0 0 0 0
2 20520 -8462 18420 394 29216 3133
1 7264 4244 594 11565 -19186 -14723
2 -3324 -902 -7536 -5148 -32768 4111
3 0 0 0 0 0 0
4 0 0 0 0 0 0
3 0 0 0 0 0 0
1 848 4834 -17580 -9527 1465 8996
2 5980 3400 -9466 11683 10515 -14254
4 0 0 0 0 0 0
2 25444 -6276 13210 -5362 26568 7850
1 22338 2314 22792 -2418 32635 3671
3 0 0 0 0 0 0
4 0 0 0 0 0 0
3 0 0 0 0 0 0
4 0 0 0 0 0 0
2 -32768 -326 4280 -802 -32768 8096
1 -5110 7538 -8444 12188 -16103 -11351
4 0 0 0 0 0 0
1 4570 2850 -11370 -12530 -3821 9500
3 0 0 0 0 0 0
2 8954 -2664 -472 10402 -1354 -17304
4 0 0 0 0 0 0
3 0 0 0 0 0 0
1 25122 4702 15976 3518 2899 -3033
2 32366 -2868 2138 -10551 6922 7606
4 0 0 0 0 0 0
3 0 0 0 0 0 0
2 -32158 -2670 -2232 1115 20622 7514
1 -11048 2866 -12230 7970 -9693 -10884
1 4606 104 -3756 -13383 -15038 12884
4 0 0 0 0 0 0
3 0 0 0 0 0 0
2 7572 -4142 986 6627 -3868 -18290
4 0 0 0 0 0 0
1 20680 3626 16218 3533 24444 592
2 26604 -1110 822 -12281 -19452 8607
3 0 0 0 0 0 0
4 0 0 0 0 0 0
3 0 0 0 0 0 0
1 -7316 5032 -6330 15606 -24369 -13834
2 -15142 -2082 -6130 -576 30565 -1577
4 0 0 0 0 0 0
3 0 0 0 0 0 0
1 4924 -1606 -6914 -3082 3136 24818
4 0 0 0 0 0 0
2 9106 -7040 6190 -5415 15238 -11099
1 13804 -3048 3726 10220 -11570 14974
3 0 0 0 0 0 0
2 6478 2702 2052 -23431 -16900 79
2 -8046 16854 1846 -28160 -14827 -7077
2 1578 15876 -3966 -13255 32767 -965

2 710 8254 76 1333 2232 74
3 0 0 0 0 0 0
4 0 0 0 0 0 0
1 16820 -8338 -6890 -13425 2743 -18583
3 0 0 0 0 0 0
2 1324 7796 94 -86 3813 1055
1 13022 -13450 -7404 -2328 -7177 -32768
4 0 0 0 0 0 0
3 0 0 0 0 0 0
1 -23632 -4526 -4414 -17739 -767 -2096
2 790 9012 134 -252 238 946
4 0 0 0 0 0 0
4 0 0 0 0 0 0
2 0 0 0 0 0 0
1 9826 -5162 12412 -16852 21882 24628
3 0 0 0 0 0 0
1 13906 -26 5030 22944 -23935 -19106
3 0 0 0 0 0 0
2 0 0 0 0 0 0
4 0 0 0 0 0 0
1 -24154 3176 -10684 54 9523 -3704
3 0 0 0 0 0 0
1 9716 -1144 11818 -12602 14224 25762
2 358 8824 376 -550 -426 -799
4 0 0 0 0 0 0
3 0 0 0 0 0 0
4 0 0 0 0 0 0
2 0 0 0 0 0 0
3 0 0 0 0 0 0
4 0 0 0 0 0 0
1 16224 2190 4044 26204 -32768 -17664
2 1726 8402 16 420 -88 95
4 0 0 0 0 0 0
1 -16524 5942 -12504 -3401 15948 5720
3 0 0 0 0 0 0
2 0 0 0 0 0 0
3 0 0 0 0 0 0
2 0 0 0 0 0 0
4 0 0 0 0 0 0
1 10362 -2670 9980 -14580 9356 26942
3 0 0 0 0 0 0
2 0 0 0 0 0 0
4 0 0 0 0 0 0
1 19454 4872 7952 21570 -24356 -13454
2 0 0 0 0 0 0
4 0 0 0 0 0 0
1 -29610 -4296 -4414 622 2281 -9856
3 0 0 0 0 0 0
1 4458 -1550 -812 -16117 2016 28522
3 0 0 0 0 0 0
2 0 0 0 0 0 0
4 0 0 0 0 0 0
2 0 0 0 0 0 0
3 0 0 0 0 0 0
1 26082 8140 6916 12125 -5437 -10111
4 0 0 0 0 0 0
1 -22308 -5384 1098 4057 -16927 -22611
2 0 0 0 0 0 0
4 0 0 0 0 0 0
3 0 0 0 0 0 0
4 0 0 0 0 0 0
2 0 0 0 0 0 0
1 3592 -1380 -3978 -9354 921 31193
3 0 0 0 0 0 0
3 0 0 0 0 0 0
4 0 0 0 0 0 0
1 20830 6038 13476 -3382 23535 13879
2 0 0 0 0 0 0
2 0 0 0 0 0 0
1 16280 -1466 2578 17322 -32768 -26379
4 0 0 0 0 0 0
3 0 0 0 0 0 0
2 0 0 0 0 0 0
4 0 0 0 0 0 0
1 -16652 -996 -1120 2849 6585 5249
3 0 0 0 0 0 0
4 0 0 0 0 0 0
1 3750 -4996 -4290 132 10111 31030
2 0 0 0 0 0 0
3 0 0 0 0 0 0

1 1360 -8112 -3976 -766 446 -29
2 19182 14962 8860 7132 19679 19784
3 0 0 0 0 0 0
2 5470 16208 3102 -644 -32768 30731
3 0 0 0 0 0 0
1 1050 -6452 -3376 -1165 4311 818
3 0 0 0 0 0 0
2 -26156 10628 756 15072 -6573 -3247
1 0 0 0 0 0 0
4 0 0 0 0 0 0
2 0 0 0 0 0 0
3 0 0 0 0 0 0
4 0 0 0 0 0 0
1 1526 -7010 -3322 1539 1651 -460
1 1068 -7678 -2946 -635 -693 -145
4 0 0 0 0 0 0
3 0 0 0 0 0 0
2 10760 -2584 9946 -19871 -32768 7730
1 0 0 0 0 0 0
2 -25060 2564 -9068 2749 21363 -4927
4 0 0 0 0 0 0
3 0 0 0 0 0 0
1 0 0 0 0 0 0
4 0 0 0 0 0 0
2 16918 -13008 24120 2330 32767 -14
3 0 0 0 0 0 0
4 0 0 0 0 0 0
2 3664 8608 -3674 -12613 -32768 2714
3 0 0 0 0 0 0
1 0 0 0 0 0 0
2 6428 7624 -4048 5184 32767 -15992
3 0 0 0 0 0 0
1 1770 -6256 -3040 549 -2065 -390
4 0 0 0 0 0 0
3 0 0 0 0 0 0
1 0 0 0 0 0 0
4 0 0 0 0 0 0
2 21858 -10794 9472 -9089 -11957 5519
3 0 0 0 0 0 0
1 0 0 0 0 0 0
2 -27662 8464 -7476 521 -25962 2882
4 0 0 0 0 0 0
4 0 0 0 0 0 0
1 2014 -6912 -3184 257 -411 -12
2 0 0 0 0 0 0
3 0 0 0 0 0 0
3 0 0 0 0 0 0
1 0 0 0 0 0 0
2 18072 -1390 3344 -14984 -17879 14743
4 0 0 0 0 0 0
1 0 0 0 0 0 0
3 0 0 0 0 0 0
4 0 0 0 0 0 0
2 -27220 2510 -8318 2622 11593 -7641
2 18698 -8396 15600 7396 32767 -6409
3 0 0 0 0 0 0
1 0 0 0 0 0 0
4 0 0 0 0 0 0
3 0 0 0 0 0 0
4 0 0 0 0 0 0
2 11290 4782 -1404 -17893 -32768 10036
2 -4126 8616 -6864 2440 32767 -15369
3 0 0 0 0 0 0
4 0 0 0 0 0 0
2 19816 -9332 12726 2843 21475 4230
4 0 0 0 0 0 0
2 8712 4718 -246 -13710 -32768 13268
4 0 0 0 0 0 0
3 0 0 0 0 0 0
1 0 0 0 0 0 0
3 0 0 0 0 0 0
2 -10904 3232 -8684 -31 21792 -14796
4 0 0 0 0 0 0
3 0 0 0 0 0 0
1 0 0 0 0 0 0
1 0 0 0 0 0 0
1 0 0 0 0 0 0
4 0 0 0 0 0 0
1 0 0 0 0 0 0
4 0 0 0 0 0 0

1 0 0 0 0 0 0
2 10282 29748 -2840 12414 -32768 13073
3 0 0 0 0 0 0
4 0 0 0 0 0 0
4 0 0 0 0 0 0
1 0 0 0 0 0 0
3 0 0 0 0 0 0
2 -12196 22854 -2172 30834 -8890 -12126
3 0 0 0 0 0 0
4 0 0 0 0 0 0
1 0 0 0 0 0 0
2 -5932 12336 5958 25684 10108 -19390
4 0 0 0 0 0 0
3 0 0 0 0 0 0
1 0 0 0 0 0 0
2 -3102 3182 2786 15298 -4127 -14197
2 0 0 0 0 0 0
3 0 0 0 0 0 0
4 0 0 0 0 0 0
1 0 0 0 0 0 0
3 0 0 0 0 0 0
4 0 0 0 0 0 0
2 1356 19100 2522 -10026 4881 -25850
1 0 0 0 0 0 0
4 0 0 0 0 0 0
1 0 0 0 0 0 0
3 0 0 0 0 0 0
2 11922 18348 3858 -3313 5927 -19791
4 0 0 0 0 0 0
2 7220 17682 2024 -8126 -8745 -16446
3 0 0 0 0 0 0
1 1484 -7428 -2264 -890 -4709 -2931
4 0 0 0 0 0 0
2 0 0 0 0 0 0
3 0 0 0 0 0 0
1 0 0 0 0 0 0
4 0 0 0 0 0 0
1 0 0 0 0 0 0
4 0 0 0 0 0 0
2 -514 9790 -4252 -647 -15408 -4672
3 0 0 0 0 0 0
1 0 0 0 0 0 0
2 290 7532 -3280 1130 -987 120
3 0 0 0 0 0 0
4 0 0 0 0 0 0
1 974 -8240 -3618 -1982 1104 696
2 260 8286 -1544 860 -365 1084
3 0 0 0 0 0 0
4 0 0 0 0 0 0
1 1514 -7504 -2590 -2906 5355 606
3 0 0 0 0 0 0
2 0 0 0 0 0 0
1 954 -7718 -2548 -791 80 -342
4 0 0 0 0 0 0
2 0 0 0 0 0 0
3 0 0 0 0 0 0
2 0 0 0 0 0 0
3 0 0 0 0 0 0
1 0 0 0 0 0 0
4 0 0 0 0 0 0
2 0 0 0 0 0 0
4 0 0 0 0 0 0
1 1388 -7608 -2762 756 -1950 43
3 0 0 0 0 0 0
2 0 0 0 0 0 0
4 0 0 0 0 0 0
1 1150 -7524 -3686 1029 -4544 -654
3 0 0 0 0 0 0
2 0 0 0 0 0 0
1 1040 -7494 -3814 -85 177 78
3 0 0 0 0 0 0
4 0 0 0 0 0 0
2 0 0 0 0 0 0
1 0 0 0 0 0 0
3 0 0 0 0 0 0
4 0 0 0 0 0 0
2 0 0 0 0 0 0
3 0 0 0 0 0 0
4 0 0 0 0 0 0
1 0 0 0 0 0 0

1 1394 -8012 -3170 -125 1711 841
4 0 0 0 0 0 0
2 382 18870 -7732 9244 -28046 13572
3 0 0 0 0 0 0
4 0 0 0 0 0 0
2 -3416 17858 -2350 29567 -30889 -9276
1 422 -8462 -3670 -885 1872 931
3 0 0 0 0 0 0
4 0 0 0 0 0 0
2 -6332 13062 -328 22978 2966 -22497
1 0 0 0 0 0 0
3 0 0 0 0 0 0
1 0 0 0 0 0 0
4 0 0 0 0 0 0
2 -3828 3458 2182 16342 -5236 -19031
3 0 0 0 0 0 0
2 -3642 5940 2004 -2322 -3555 -19923
4 0 0 0 0 0 0
1 0 0 0 0 0 0
3 0 0 0 0 0 0
2 6272 15714 4436 -13250 8241 -21199
1 0 0 0 0 0 0
4 0 0 0 0 0 0
3 0 0 0 0 0 0
2 5522 21934 1680 -18102 -2723 -19423
4 0 0 0 0 0 0
1 1894 -8330 -2240 -207 -4306 -2785
3 0 0 0 0 0 0
1 2178 -7202 -3138 138 -9745 -3555
3 0 0 0 0 0 0
2 8194 19726 -1114 -11630 3591 -10207
4 0 0 0 0 0 0
2 6364 13602 -2470 -4800 -5283 -5806
1 310 -5988 -4730 1999 -8234 -1886
4 0 0 0 0 0 0
3 0 0 0 0 0 0
1 912 -6166 -5292 2532 -3823 -384
2 -340 8842 -2112 -1673 -9709 -2639
4 0 0 0 0 0 0
3 0 0 0 0 0 0
4 0 0 0 0 0 0
1 58 -7674 -4838 1491 -604 753
2 228 8914 -1642 -1065 1672 144
3 0 0 0 0 0 0
4 0 0 0 0 0 0
2 0 0 0 0 0 0
1 1248 -7834 -3334 -1161 5372 2327
3 0 0 0 0 0 0
2 -100 8602 -308 3732 -2348 216
1 1676 -7574 -3098 -732 2787 881
4 0 0 0 0 0 0
3 0 0 0 0 0 0
2 0 0 0 0 0 0
3 0 0 0 0 0 0
4 0 0 0 0 0 0
1 0 0 0 0 0 0
2 1152 7050 1998 838 2698 1082
3 0 0 0 0 0 0
1 0 0 0 0 0 0
4 0 0 0 0 0 0
3 0 0 0 0 0 0
4 0 0 0 0 0 0
1 0 0 0 0 0 0
2 738 8030 -96 -1204 136 -334
4 0 0 0 0 0 0
2 -278 8178 -136 -2295 2433 -362
1 0 0 0 0 0 0
3 0 0 0 0 0 0
4 0 0 0 0 0 0
1 1574 -7508 -3116 463 -2758 -468
2 0 0 0 0 0 0
3 0 0 0 0 0 0
1 0 0 0 0 0 0
2 604 8634 -114 354 1569 -116
4 0 0 0 0 0 0
3 0 0 0 0 0 0
1 0 0 0 0 0 0
2 0 0 0 0 0 0
4 0 0 0 0 0 0
3 0 0 0 0 0 0

4 0 0 0 0 0 0
3 0 0 0 0 0 0
2 5026 13618 18518 -20494 -7028 -5680
1 1034 -6626 -4634 2116 1736 381
2 10668 27348 2842 7806 -32768 8495
3 0 0 0 0 0 0
4 0 0 0 0 0 0
1 138 -6738 -3082 782 4834 2654
2 -8966 24134 -5032 32767 -7708 2263
4 0 0 0 0 0 0
1 -152 -8566 -4684 710 3721 1870
3 0 0 0 0 0 0
4 0 0 0 0 0 0
1 0 0 0 0 0 0
2 -12816 16426 7804 32767 6403 -14434
3 0 0 0 0 0 0
3 0 0 0 0 0 0
4 0 0 0 0 0 0
2 -4382 7788 4994 14679 -650 -23464
1 0 0 0 0 0 0
2 -784 16752 6512 -1891 6168 -27364
1 0 0 0 0 0 0
3 0 0 0 0 0 0
4 0 0 0 0 0 0
2 9774 21014 9192 -6126 -1396 -26113
1 992 -9998 -624 155 -12708 -5137
3 0 0 0 0 0 0
4 0 0 0 0 0 0
4 0 0 0 0 0 0
2 9830 20704 4100 -5513 7852 -13275
3 0 0 0 0 0 0
1 506 -7054 -2040 1337 -10410 -4811
1 -664 -6068 -4122 1543 -5597 -2611
3 0 0 0 0 0 0
2 728 10980 -3810 2922 -32713 -4010
4 0 0 0 0 0 0
1 -940 -7400 -4806 2035 -1501 129
2 546 8646 -2822 796 -960 -2951
3 0 0 0 0 0 0
4 0 0 0 0 0 0
4 0 0 0 0 0 0
1 1350 -7740 -4794 1001 362 1517
3 0 0 0 0 0 0
2 -264 7988 -256 840 3100 1305
1 1348 -8176 -4326 -594 3186 1868
3 0 0 0 0 0 0
4 0 0 0 0 0 0
2 0 0 0 0 0 0
1 1404 -7616 -2706 -2637 10041 2624
4 0 0 0 0 0 0
2 548 7642 1494 -145 -1006 338
3 0 0 0 0 0 0
3 0 0 0 0 0 0
1 2382 -7524 -3002 -2419 8416 651
4 0 0 0 0 0 0
2 0 0 0 0 0 0
1 296 -7880 -2116 -845 3317 -772
3 0 0 0 0 0 0
4 0 0 0 0 0 0
2 0 0 0 0 0 0
4 0 0 0 0 0 0
1 0 0 0 0 0 0
2 0 0 0 0 0 0
3 0 0 0 0 0 0
1 1250 -7736 -2708 351 651 1470
4 0 0 0 0 0 0
2 0 0 0 0 0 0
3 0 0 0 0 0 0
1 0 0 0 0 0 0
4 0 0 0 0 0 0
4 0 0 0 0 0 0
2 0 0 0 0 0 0
3 0 0 0 0 0 0
1 1030 -7804 -3224 297 -1100 -482
2 0 0 0 0 0 0
3 0 0 0 0 0 0
1 0 0 0 0 0 0
3 0 0 0 0 0 0
4 0 0 0 0 0 0
2 0 0 0 0 0 0

1 -460 -6418 -2724 -1016 -4463 1122
3 0 0 0 0 0 0
4 0 0 0 0 0 0
2 -11040 26436 -4098 32767 -28298 1852
2 -9230 13006 3984 26768 108 -18530
4 0 0 0 0 0 0
3 0 0 0 0 0 0
1 1384 -8068 -3664 3208 10330 3641
2 -5306 6976 4016 17241 -351 -15668
1 1106 -8770 -3054 1352 1006 -27
3 0 0 0 0 0 0
4 0 0 0 0 0 0
3 0 0 0 0 0 0
4 0 0 0 0 0 0
2 -3098 5350 5536 969 -1291 -18263
1 0 0 0 0 0 0
3 0 0 0 0 0 0
4 0 0 0 0 0 0
1 1022 -8016 -2364 -3074 -4496 -4526
2 -2894 13568 2396 -12730 549 -23528
2 7562 19742 2638 -10092 -2512 -24565
4 0 0 0 0 0 0
3 0 0 0 0 0 0
1 1366 -8674 -2732 -3879 -5125 -6176
2 7138 21608 -118 -14404 8095 -12209
3 0 0 0 0 0 0
4 0 0 0 0 0 0
1 0 0 0 0 0 0
2 7372 17144 -2264 -6779 -16433 -6825
3 0 0 0 0 0 0
1 1094 -4602 -3800 2995 -5742 -3840
4 0 0 0 0 0 0
2 -2322 9448 -1896 -3374 -8044 -1880
1 0 0 0 0 0 0
4 0 0 0 0 0 0
3 0 0 0 0 0 0
4 0 0 0 0 0 0
2 440 8112 -1348 -1002 5865 1367
3 0 0 0 0 0 0
1 0 0 0 0 0 0
4 0 0 0 0 0 0
2 0 0 0 0 0 0
1 2076 -8088 -4728 3536 2243 3658
2 -814 8700 358 6295 -2098 -447
1 1636 -7848 -3914 -1373 5280 1858
4 0 0 0 0 0 0
3 0 0 0 0 0 0
3 0 0 0 0 0 0
2 0 0 0 0 0 0
1 0 0 0 0 0 0
4 0 0 0 0 0 0
3 0 0 0 0 0 0
4 0 0 0 0 0 0
3 0 0 0 0 0 0
2 0 0 0 0 0 0
1 0 0 0 0 0 0
1 0 0 0 0 0 0
3 0 0 0 0 0 0
4 0 0 0 0 0 0
2 0 0 0 0 0 0
1 492 -7250 -2950 -2655 -601 -1035
4 0 0 0 0 0 0
2 0 0 0 0 0 0
3 0 0 0 0 0 0
2 0 0 0 0 0 0
4 0 0 0 0 0 0
1 0 0 0 0 0 0
3 0 0 0 0 0 0
2 0 0 0 0 0 0
3 0 0 0 0 0 0
1 1298 -7184 -3114 3352 -640 812
4 0 0 0 0 0 0
2 0 0 0 0 0 0
4 0 0 0 0 0 0
1 1808 -7616 -3452 4747 -1194 1223
3 0 0 0 0 0 0
2 0 0 0 0 0 0
4 0 0 0 0 0 0
1 0 0 0 0 0 0
3 0 0 0 0 0 0

1 0 0 0 0 0 0
2 -6132 22108 546 32767 6016 -5710
3 0 0 0 0 0 0
4 0 0 0 0 0 0
3 0 0 0 0 0 0
2 -7154 6688 4614 25877 -1349 -13687
4 0 0 0 0 0 0
1 0 0 0 0 0 0
3 0 0 0 0 0 0
1 460 -8976 -2806 -267 -828 -436
4 0 0 0 0 0 0
2 -1914 1278 3326 9837 -9342 -17974
4 0 0 0 0 0 0
3 0 0 0 0 0 0
2 -5330 8342 1132 -11745 -14343 -19612
1 860 -7650 -1534 -1991 -2628 -2306
3 0 0 0 0 0 0
2 1904 24334 7002 -20335 11473 -27121
1 1676 -7126 -2626 148 -7192 -4876
4 0 0 0 0 0 0
2 6940 24644 -694 -12043 2357 -16548
4 0 0 0 0 0 0
1 1226 -8818 -3412 1159 -7623 -5415
3 0 0 0 0 0 0
2 7282 14536 -206 136 -12673 -8757
4 0 0 0 0 0 0
1 180 -5494 -3330 2953 -6381 -2561
3 0 0 0 0 0 0
4 0 0 0 0 0 0
1 0 0 0 0 0 0
2 1550 8640 -1024 -2127 -5854 -2993
4 0 0 0 0 0 0
3 0 0 0 0 0 0
1 1970 -7968 -5356 4334 -1100 1935
2 2192 8466 -1222 -1186 -424 -49
3 0 0 0 0 0 0
1 0 0 0 0 0 0
2 -72 8850 -476 2631 -2835 1442
3 0 0 0 0 0 0
4 0 0 0 0 0 0
2 0 0 0 0 0 0
4 0 0 0 0 0 0
3 0 0 0 0 0 0
1 886 -7506 -2950 -4066 5900 1723
4 0 0 0 0 0 0
2 0 0 0 0 0 0
1 1092 -8498 -2142 -2362 10255 1171
3 0 0 0 0 0 0
1 482 -8602 -2886 -1762 -3362 -1982
4 0 0 0 0 0 0
2 0 0 0 0 0 0
3 0 0 0 0 0 0
2 782 8118 -186 -490 54 -429
4 0 0 0 0 0 0
3 0 0 0 0 0 0
1 0 0 0 0 0 0
1 0 0 0 0 0 0
3 0 0 0 0 0 0
2 0 0 0 0 0 0
4 0 0 0 0 0 0
1 0 0 0 0 0 0
3 0 0 0 0 0 0
2 0 0 0 0 0 0
4 0 0 0 0 0 0
1 0 0 0 0 0 0
4 0 0 0 0 0 0
3 0 0 0 0 0 0
2 0 0 0 0 0 0
1 1008 -7344 -3696 321 1 -369
1 0 0 0 0 0 0
4 0 0 0 0 0 0
2 0 0 0 0 0 0
4 0 0 0 0 0 0
3 0 0 0 0 0 0
2 0 0 0 0 0 0
3 0 0 0 0 0 0
4 0 0 0 0 0 0
1 0 0 0 0 0 0
3 0 0 0 0 0 0
2 0 0 0 0 0 0

1 1992 -16050 -7148 10487 -23553 23163
3 0 0 0 0 0 0
4 0 0 0 0 0 0
2 0 0 0 0 0 0
3 0 0 0 0 0 0
4 0 0 0 0 0 0
1 8748 -32602 -7254 17356 -4713 26194
2 -324 8860 2700 1966 -7734 632
1 7004 -15646 -5538 10932 -20179 5891
3 0 0 0 0 0 0
2 -1256 5734 1258 570 -2966 1198
4 0 0 0 0 0 0
1 4214 -9028 -5100 3939 -15070 -1713
4 0 0 0 0 0 0
3 0 0 0 0 0 0
2 0 0 0 0 0 0
4 0 0 0 0 0 0
2 -1982 8630 102 -2993 -2751 -442
3 0 0 0 0 0 0
1 2478 -7102 -3452 186 4427 -646
1 -500 -7450 -1016 -1366 334 -1580
3 0 0 0 0 0 0
2 0 0 0 0 0 0
4 0 0 0 0 0 0
2 0 0 0 0 0 0
1 0 0 0 0 0 0
3 0 0 0 0 0 0
4 0 0 0 0 0 0
3 0 0 0 0 0 0
4 0 0 0 0 0 0
2 0 0 0 0 0 0
1 0 0 0 0 0 0
1 0 0 0 0 0 0
2 0 0 0 0 0 0
3 0 0 0 0 0 0
4 0 0 0 0 0 0
4 0 0 0 0 0 0
1 0 0 0 0 0 0
2 0 0 0 0 0 0
3 0 0 0 0 0 0
2 0 0 0 0 0 0
1 0 0 0 0 0 0
4 0 0 0 0 0 0
3 0 0 0 0 0 0
1 746 -7910 -1832 -388 -1155 -1114
2 0 0 0 0 0 0
3 0 0 0 0 0 0
4 0 0 0 0 0 0
1 0 0 0 0 0 0
2 0 0 0 0 0 0
3 0 0 0 0 0 0
4 0 0 0 0 0 0
2 1246 8332 1334 1877 4639 239
3 0 0 0 0 0 0
4 0 0 0 0 0 0
1 576 -8510 -2282 -794 -2688 -1257
2 668 7660 566 609 533 -156
1 1538 -8710 -1706 -2622 -6881 -1834
4 0 0 0 0 0 0
3 0 0 0 0 0 0
2 0 0 0 0 0 0
4 0 0 0 0 0 0
3 0 0 0 0 0 0
1 9992 -7700 452 586 -15955 -8459
2 0 0 0 0 0 0
4 0 0 0 0 0 0
3 0 0 0 0 0 0
1 11182 -12826 -4926 1130 -15975 -17895
4 0 0 0 0 0 0
1 0 0 0 0 0 0
3 0 0 0 0 0 0
2 0 0 0 0 0 0
1 -3386 -8330 -12198 -16748 -17824 -17453
2 0 0 0 0 0 0
3 0 0 0 0 0 0
4 0 0 0 0 0 0
1 -7690 -4514 -6672 -19649 -10485 607
4 0 0 0 0 0 0
3 0 0 0 0 0 0
2 0 0 0 0 0 0

4 0 0 0 0 0 0
1 1882 -7176 -2614 1599 931 558
3 0 0 0 0 0 0
2 292 7894 1370 1438 1670 -8
4 0 0 0 0 0 0
2 0 0 0 0 0 0
3 0 0 0 0 0 0
1 1244 -8188 -2920 1053 -1632 -523
3 0 0 0 0 0 0
2 714 7740 626 6 -107 -448
4 0 0 0 0 0 0
1 0 0 0 0 0 0
3 0 0 0 0 0 0
4 0 0 0 0 0 0
1 0 0 0 0 0 0
2 0 0 0 0 0 0
1 0 0 0 0 0 0
2 0 0 0 0 0 0
4 0 0 0 0 0 0
3 0 0 0 0 0 0
2 0 0 0 0 0 0
3 0 0 0 0 0 0
4 0 0 0 0 0 0
1 0 0 0 0 0 0
3 0 0 0 0 0 0
4 0 0 0 0 0 0
1 0 0 0 0 0 0
2 0 0 0 0 0 0
3 0 0 0 0 0 0
2 0 0 0 0 0 0
4 0 0 0 0 0 0
1 0 0 0 0 0 0
2 0 0 0 0 0 0
3 0 0 0 0 0 0
4 0 0 0 0 0 0
1 0 0 0 0 0 0
3 0 0 0 0 0 0
2 0 0 0 0 0 0
1 0 0 0 0 0 0
4 0 0 0 0 0 0
3 0 0 0 0 0 0
4 0 0 0 0 0 0
1 0 0 0 0 0 0
2 0 0 0 0 0 0
2 0 0 0 0 0 0
3 0 0 0 0 0 0
1 0 0 0 0 0 0
4 0 0 0 0 0 0
2 0 0 0 0 0 0
4 0 0 0 0 0 0
3 0 0 0 0 0 0
1 3256 -8084 -598 1144 -3141 -2127
1 5868 -8698 -614 2616 -6892 -5355
2 0 0 0 0 0 0
3 0 0 0 0 0 0
4 0 0 0 0 0 0
1 4150 -9410 -970 2661 -15812 -10762
2 0 0 0 0 0 0
4 0 0 0 0 0 0
3 0 0 0 0 0 0
1 6844 -8832 -5006 -804 -13745 -13694
4 0 0 0 0 0 0
2 0 0 0 0 0 0
3 0 0 0 0 0 0
1 0 0 0 0 0 0
3 0 0 0 0 0 0
2 0 0 0 0 0 0
4 0 0 0 0 0 0
1 0 0 0 0 0 0
4 0 0 0 0 0 0
3 0 0 0 0 0 0
2 0 0 0 0 0 0
2 0 0 0 0 0 0
1 0 0 0 0 0 0
3 0 0 0 0 0 0
4 0 0 0 0 0 0
3 0 0 0 0 0 0
4 0 0 0 0 0 0
2 0 0 0 0 0 0
1 -1222 110 -3570 -15374 -5859 2894

4 0 0 0 0 0 0
3 0 0 0 0 0 0
2 86 8268 356 560 1655 275
1 2532 -7934 -1858 -236 856 278
1 1436 -8006 -1944 139 -874 -511
3 0 0 0 0 0 0
4 0 0 0 0 0 0
2 0 0 0 0 0 0
4 0 0 0 0 0 0
3 0 0 0 0 0 0
2 0 0 0 0 0 0
1 0 0 0 0 0 0
4 0 0 0 0 0 0
2 0 0 0 0 0 0
3 0 0 0 0 0 0
1 0 0 0 0 0 0
2 0 0 0 0 0 0
1 0 0 0 0 0 0
4 0 0 0 0 0 0
3 0 0 0 0 0 0
4 0 0 0 0 0 0
2 0 0 0 0 0 0
1 0 0 0 0 0 0
3 0 0 0 0 0 0
4 0 0 0 0 0 0
2 0 0 0 0 0 0
3 0 0 0 0 0 0
1 0 0 0 0 0 0
4 0 0 0 0 0 0
2 0 0 0 0 0 0
1 0 0 0 0 0 0
3 0 0 0 0 0 0
4 0 0 0 0 0 0
2 0 0 0 0 0 0
3 0 0 0 0 0 0
1 0 0 0 0 0 0
4 0 0 0 0 0 0
3 0 0 0 0 0 0
2 0 0 0 0 0 0
1 0 0 0 0 0 0
4 0 0 0 0 0 0
3 0 0 0 0 0 0
1 0 0 0 0 0 0
2 0 0 0 0 0 0
2 0 0 0 0 0 0
3 0 0 0 0 0 0
1 0 0 0 0 0 0
4 0 0 0 0 0 0
2 0 0 0 0 0 0
1 0 0 0 0 0 0
3 0 0 0 0 0 0
4 0 0 0 0 0 0
2 0 0 0 0 0 0
1 0 0 0 0 0 0
4 0 0 0 0 0 0
3 0 0 0 0 0 0
1 0 0 0 0 0 0
4 0 0 0 0 0 0
2 0 0 0 0 0 0
3 0 0 0 0 0 0
2 0 0 0 0 0 0
1 0 0 0 0 0 0
4 0 0 0 0 0 0
3 0 0 0 0 0 0
4 0 0 0 0 0 0
2 0 0 0 0 0 0
1 0 0 0 0 0 0
3 0 0 0 0 0 0
4 0 0 0 0 0 0
2 0 0 0 0 0 0
1 0 0 0 0 0 0
3 0 0 0 0 0 0
4 0 0 0 0 0 0
3 0 0 0 0 0 0
2 0 0 0 0 0 0
1 0 0 0 0 0 0
4 0 0 0 0 0 0
1 0 0 0 0 0 0
2 0 0 0 0 0 0
3 0 0 0 0 0 0

1 0 0 0 0 0 0
4 0 0 0 0 0 0
3 0 0 0 0 0 0
2 0 0 0 0 0 0
4 0 0 0 0 0 0
1 0 0 0 0 0 0
3 0 0 0 0 0 0
2 0 0 0 0 0 0
1 0 0 0 0 0 0
2 0 0 0 0 0 0
4 0 0 0 0 0 0
3 0 0 0 0 0 0
4 0 0 0 0 0 0
1 0 0 0 0 0 0
2 0 0 0 0 0 0
3 0 0 0 0 0 0
4 0 0 0 0 0 0
1 0 0 0 0 0 0
2 0 0 0 0 0 0
3 0 0 0 0 0 0
4 0 0 0 0 0 0
3 0 0 0 0 0 0
1 0 0 0 0 0 0
2 0 0 0 0 0 0
4 0 0 0 0 0 0
1 0 0 0 0 0 0
2 0 0 0 0 0 0
3 0 0 0 0 0 0
4 0 0 0 0 0 0
2 0 0 0 0 0 0
3 0 0 0 0 0 0
1 0 0 0 0 0 0
4 0 0 0 0 0 0
2 0 0 0 0 0 0
1 0 0 0 0 0 0
3 0 0 0 0 0 0
4 0 0 0 0 0 0
2 0 0 0 0 0 0
1 0 0 0 0 0 0
3 0 0 0 0 0 0
4 0 0 0 0 0 0
1 0 0 0 0 0 0
2 0 0 0 0 0 0
3 0 0 0 0 0 0
1 0 0 0 0 0 0
4 0 0 0 0 0 0
2 0 0 0 0 0 0
3 0 0 0 0 0 0
4 0 0 0 0 0 0
1 0 0 0 0 0 0
2 0 0 0 0 0 0
3 0 0 0 0 0 0
4 0 0 0 0 0 0
2 0 0 0 0 0 0
1 0 0 0 0 0 0
3 0 0 0 0 0 0
3 0 0 0 0 0 0
4 0 0 0 0 0 0
2 0 0 0 0 0 0
1 0 0 0 0 0 0
4 0 0 0 0 0 0
3 0 0 0 0 0 0
1 0 0 0 0 0 0
2 0 0 0 0 0 0
1 0 0 0 0 0 0
3 0 0 0 0 0 0
4 0 0 0 0 0 0
2 0 0 0 0 0 0
4 0 0 0 0 0 0
3 0 0 0 0 0 0
2 0 0 0 0 0 0
1 0 0 0 0 0 0
4 0 0 0 0 0 0
1 0 0 0 0 0 0
2 0 0 0 0 0 0
3 0 0 0 0 0 0
1 0 0 0 0 0 0
4 0 0 0 0 0 0
3 0 0 0 0 0 0
2 0 0 0 0 0 0

1 -3226 -14242 -9490 -22379 -18796 -8201
2 100 8596 324 77 2815 503
4 0 0 0 0 0 0
3 0 0 0 0 0 0
4 0 0 0 0 0 0
3 0 0 0 0 0 0
1 -5396 -12050 -1966 -25775 -11712 6652
2 0 0 0 0 0 0
4 0 0 0 0 0 0
3 0 0 0 0 0 0
2 -236 8148 166 -1009 3502 721
1 0 0 0 0 0 0
4 0 0 0 0 0 0
1 -2498 -9902 -138 -6855 -9948 20406
2 0 0 0 0 0 0
3 0 0 0 0 0 0
4 0 0 0 0 0 0
1 8938 -18972 -438 4648 -74 24991
3 0 0 0 0 0 0
2 712 8292 808 3949 -4986 580
4 0 0 0 0 0 0
2 0 0 0 0 0 0
1 7684 -17858 -4782 15163 -27649 15255
3 0 0 0 0 0 0
4 0 0 0 0 0 0
3 0 0 0 0 0 0
1 7890 -19764 -10688 15451 2414 16080
2 514 7116 710 997 -1802 1404
4 0 0 0 0 0 0
3 0 0 0 0 0 0
1 5432 -11572 -6004 10367 -22918 -235
2 328 6412 378 -2892 -3109 257
3 0 0 0 0 0 0
2 -1012 8760 -410 -7865 -1349 -1735
1 -172 -7692 -4698 4346 -83 -463
4 0 0 0 0 0 0
1 1774 -7342 -4184 -392 6436 -563
2 0 0 0 0 0 0
3 0 0 0 0 0 0
4 0 0 0 0 0 0
4 0 0 0 0 0 0
1 1658 -7050 -4048 -2103 -6636 -3341
2 1398 8984 -366 275 5043 114
3 0 0 0 0 0 0
2 758 9252 718 5791 -858 870
1 0 0 0 0 0 0
3 0 0 0 0 0 0
4 0 0 0 0 0 0
4 0 0 0 0 0 0
3 0 0 0 0 0 0
1 0 0 0 0 0 0
2 -1942 7572 2498 4708 -1959 885
4 0 0 0 0 0 0
1 1540 -8276 -1012 -2245 1759 1556
2 -348 8012 2248 412 1642 192
3 0 0 0 0 0 0
4 0 0 0 0 0 0
3 0 0 0 0 0 0
2 0 0 0 0 0 0
1 2590 -7520 -3056 -1310 2433 622
4 0 0 0 0 0 0
1 0 0 0 0 0 0
2 0 0 0 0 0 0
3 0 0 0 0 0 0
4 0 0 0 0 0 0
2 0 0 0 0 0 0
3 0 0 0 0 0 0
1 0 0 0 0 0 0
4 0 0 0 0 0 0
3 0 0 0 0 0 0
1 0 0 0 0 0 0
2 0 0 0 0 0 0
1 0 0 0 0 0 0
4 0 0 0 0 0 0
2 0 0 0 0 0 0
3 0 0 0 0 0 0
4 0 0 0 0 0 0
3 0 0 0 0 0 0
1 0 0 0 0 0 0
2 0 0 0 0 0 0

4 0 0 0 0 0 0
2 442 8996 192 -2358 3318 181
3 0 0 0 0 0 0
1 -736 -8488 -7424 -29226 13039 7528
4 0 0 0 0 0 0
4 0 0 0 0 0 0
2 0 0 0 0 0 0
3 0 0 0 0 0 0
1 0 0 0 0 0 0
2 0 0 0 0 0 0
1 0 0 0 0 0 0
3 0 0 0 0 0 0
2 0 0 0 0 0 0
4 0 0 0 0 0 0
1 -262 -5192 -3084 5225 -17329 14357
3 0 0 0 0 0 0
2 208 7858 1556 2756 -5241 1101
3 0 0 0 0 0 0
1 3126 -18090 -3304 18715 -5412 28455
4 0 0 0 0 0 0
2 500 7404 1816 1539 -6631 513
4 0 0 0 0 0 0
1 16846 -19642 -10304 13549 -2678 22725
3 0 0 0 0 0 0
3 0 0 0 0 0 0
2 68 6894 700 37 -7336 -466
4 0 0 0 0 0 0
1 7804 -11528 -7440 7605 -7942 6236
2 540 8382 -1760 -2813 -565 -1343
3 0 0 0 0 0 0
4 0 0 0 0 0 0
1 6122 -6748 -4972 864 -4012 478
2 0 0 0 0 0 0
1 902 -7056 -3096 105 -11116 -3725
3 0 0 0 0 0 0
4 0 0 0 0 0 0
2 0 0 0 0 0 0
4 0 0 0 0 0 0
3 0 0 0 0 0 0
1 280 -6970 -3718 2433 -8053 -2797
2 0 0 0 0 0 0
1 568 -7356 -3980 2419 -2399 -117
3 0 0 0 0 0 0
4 0 0 0 0 0 0
2 0 0 0 0 0 0
3 0 0 0 0 0 0
1 1418 -7950 -3996 -719 913 848
4 0 0 0 0 0 0
2 0 0 0 0 0 0
4 0 0 0 0 0 0
3 0 0 0 0 0 0
1 0 0 0 0 0 0
2 0 0 0 0 0 0
1 0 0 0 0 0 0
3 0 0 0 0 0 0
4 0 0 0 0 0 0
2 0 0 0 0 0 0
3 0 0 0 0 0 0
1 0 0 0 0 0 0
4 0 0 0 0 0 0
2 0 0 0 0 0 0
1 0 0 0 0 0 0
3 0 0 0 0 0 0
4 0 0 0 0 0 0
2 0 0 0 0 0 0
3 0 0 0 0 0 0
4 0 0 0 0 0 0
1 0 0 0 0 0 0
2 0 0 0 0 0 0
1 0 0 0 0 0 0
3 0 0 0 0 0 0
4 0 0 0 0 0 0
2 0 0 0 0 0 0
4 0 0 0 0 0 0
3 0 0 0 0 0 0
1 0 0 0 0 0 0
3 0 0 0 0 0 0
1 0 0 0 0 0 0
4 0 0 0 0 0 0
2 0 0 0 0 0 0

3 0 0 0 0 0 0
1 -3656 -15942 -21308 -26823 17587 5574
4 0 0 0 0 0 0
2 558 7800 1152 1023 1703 -973
3 0 0 0 0 0 0
2 780 8434 792 -1263 4273 503
1 -7436 -19230 -13480 -32768 -4937 4569
4 0 0 0 0 0 0
1 -2106 -6902 -814 -27897 -1707 4423
4 0 0 0 0 0 0
3 0 0 0 0 0 0
2 0 0 0 0 0 0
4 0 0 0 0 0 0
3 0 0 0 0 0 0
1 -2808 -4824 2966 -10993 -15761 5507
2 0 0 0 0 0 0
4 0 0 0 0 0 0
1 0 0 0 0 0 0
3 0 0 0 0 0 0
2 0 0 0 0 0 0
3 0 0 0 0 0 0
4 0 0 0 0 0 0
1 1648 -11804 -3574 19488 -10484 16087
2 0 0 0 0 0 0
1 12726 -29284 -8010 31545 -6701 23682
2 0 0 0 0 0 0
3 0 0 0 0 0 0
4 0 0 0 0 0 0
1 11150 -14362 -10572 10497 -7883 5962
3 0 0 0 0 0 0
4 0 0 0 0 0 0
2 0 0 0 0 0 0
4 0 0 0 0 0 0
3 0 0 0 0 0 0
1 7274 -8210 -5828 -353 -4346 831
2 0 0 0 0 0 0
4 0 0 0 0 0 0
1 1396 -7292 -3736 -853 -10768 -4095
3 0 0 0 0 0 0
2 0 0 0 0 0 0
1 188 -6586 -3340 1971 -7633 -4027
3 0 0 0 0 0 0
4 0 0 0 0 0 0
2 950 8702 150 42 1899 -491
1 0 0 0 0 0 0
3 0 0 0 0 0 0
4 0 0 0 0 0 0
2 0 0 0 0 0 0
1 510 -8160 -4536 4149 1616 1473
4 0 0 0 0 0 0
3 0 0 0 0 0 0
2 0 0 0 0 0 0
1 1746 -7934 -4124 -718 -96 1479
4 0 0 0 0 0 0
3 0 0 0 0 0 0
2 0 0 0 0 0 0
1 0 0 0 0 0 0
2 0 0 0 0 0 0
3 0 0 0 0 0 0
4 0 0 0 0 0 0
3 0 0 0 0 0 0
1 0 0 0 0 0 0
4 0 0 0 0 0 0
2 0 0 0 0 0 0
1 0 0 0 0 0 0
4 0 0 0 0 0 0
3 0 0 0 0 0 0
2 0 0 0 0 0 0
1 780 -7878 -2514 837 -149 -7
2 0 0 0 0 0 0
3 0 0 0 0 0 0
4 0 0 0 0 0 0
1 0 0 0 0 0 0
2 0 0 0 0 0 0
4 0 0 0 0 0 0
3 0 0 0 0 0 0
1 0 0 0 0 0 0
3 0 0 0 0 0 0
4 0 0 0 0 0 0
2 0 0 0 0 0 0

4 0 0 0 0 0 0
2 540 8288 1000 -954 4494 1512
3 0 0 0 0 0 0
4 0 0 0 0 0 0
2 0 0 0 0 0 0
1 -3286 -6002 -838 -21321 -5483 8186
3 0 0 0 0 0 0
4 0 0 0 0 0 0
3 0 0 0 0 0 0
2 0 0 0 0 0 0
1 -1598 -4402 1110 -12024 -7513 11357
4 0 0 0 0 0 0
3 0 0 0 0 0 0
2 0 0 0 0 0 0
1 -562 -5346 -1298 3131 -15523 15845
2 0 0 0 0 0 0
4 0 0 0 0 0 0
1 4454 -16658 -3362 15818 -4120 26525
3 0 0 0 0 0 0
3 0 0 0 0 0 0
4 0 0 0 0 0 0
2 922 8436 1340 1815 -6312 129
1 12156 -26640 -7024 18280 -7997 22248
4 0 0 0 0 0 0
2 258 6936 626 -129 -2717 -937
1 7350 -14396 -6004 3926 -5258 7936
3 0 0 0 0 0 0
4 0 0 0 0 0 0
3 0 0 0 0 0 0
2 764 8132 8 -4053 -295 -2204
1 390 -7894 -3608 1325 -14815 -1813
4 0 0 0 0 0 0
3 0 0 0 0 0 0
2 0 0 0 0 0 0
1 -302 -6758 -2912 53 3530 -164
4 0 0 0 0 0 0
1 986 -7198 -4020 1630 -6595 -3521
3 0 0 0 0 0 0
2 1204 9360 178 -75 2376 -373
4 0 0 0 0 0 0
1 0 0 0 0 0 0
2 0 0 0 0 0 0
3 0 0 0 0 0 0
4 0 0 0 0 0 0
2 0 0 0 0 0 0
3 0 0 0 0 0 0
1 380 -8136 -3412 -4272 -646 524
4 0 0 0 0 0 0
3 0 0 0 0 0 0
2 0 0 0 0 0 0
1 1574 -7918 -446 -3369 14804 2480
4 0 0 0 0 0 0
2 -1078 7832 1500 -132 259 -225
3 0 0 0 0 0 0
1 2078 -7996 -1384 858 -3497 -767
3 0 0 0 0 0 0
2 0 0 0 0 0 0
4 0 0 0 0 0 0
1 1056 -7942 -2506 753 -3300 -352
4 0 0 0 0 0 0
3 0 0 0 0 0 0
1 980 -7526 -3658 605 -1031 298
2 534 8450 678 -422 235 -475
4 0 0 0 0 0 0
3 0 0 0 0 0 0
1 0 0 0 0 0 0
2 0 0 0 0 0 0
4 0 0 0 0 0 0
3 0 0 0 0 0 0
2 0 0 0 0 0 0
1 0 0 0 0 0 0
4 0 0 0 0 0 0
3 0 0 0 0 0 0
1 0 0 0 0 0 0
2 0 0 0 0 0 0
4 0 0 0 0 0 0
2 0 0 0 0 0 0
3 0 0 0 0 0 0
1 0 0 0 0 0 0
1 0 0 0 0 0 0

2 -202 8864 1062 113 3762 -553
3 0 0 0 0 0 0
1 -14128 -14564 -9898 -20776 -9590 8576
4 0 0 0 0 0 0
1 -7666 -17256 -5658 -26844 -4355 20267
2 0 0 0 0 0 0
3 0 0 0 0 0 0
4 0 0 0 0 0 0
1 -720 -9834 1090 -25600 9514 19426
3 0 0 0 0 0 0
4 0 0 0 0 0 0
2 -354 8078 1246 -344 270 1545
4 0 0 0 0 0 0
2 0 0 0 0 0 0
1 748 -5612 1368 -17432 -7703 11232
3 0 0 0 0 0 0
3 0 0 0 0 0 0
4 0 0 0 0 0 0
1 0 0 0 0 0 0
2 0 0 0 0 0 0
1 2090 -16136 -3828 15386 -13030 22568
4 0 0 0 0 0 0
3 0 0 0 0 0 0
2 0 0 0 0 0 0
2 834 8344 1720 2242 -5788 912
4 0 0 0 0 0 0
1 8930 -32768 -7002 25930 -11977 25266
3 0 0 0 0 0 0
3 0 0 0 0 0 0
2 450 6590 350 531 -2772 -292
4 0 0 0 0 0 0
1 8752 -12922 -7744 6297 -5358 7156
2 0 0 0 0 0 0
4 0 0 0 0 0 0
1 4164 -6916 -4816 -2185 -9415 -1319
3 0 0 0 0 0 0
2 0 0 0 0 0 0
4 0 0 0 0 0 0
1 1142 -6698 -2968 -3274 -4481 -3868
3 0 0 0 0 0 0
2 834 9268 212 -716 2009 -403
4 0 0 0 0 0 0
3 0 0 0 0 0 0
1 0 0 0 0 0 0
3 0 0 0 0 0 0
4 0 0 0 0 0 0
1 256 -8284 -1484 -2440 -4276 -1627
2 0 0 0 0 0 0
1 950 -7750 -1886 -1737 1620 266
3 0 0 0 0 0 0
4 0 0 0 0 0 0
2 0 0 0 0 0 0
4 0 0 0 0 0 0
1 0 0 0 0 0 0
2 0 0 0 0 0 0
3 0 0 0 0 0 0
1 0 0 0 0 0 0
3 0 0 0 0 0 0
4 0 0 0 0 0 0
2 0 0 0 0 0 0
3 0 0 0 0 0 0
2 0 0 0 0 0 0
4 0 0 0 0 0 0
1 0 0 0 0 0 0
2 0 0 0 0 0 0
1 0 0 0 0 0 0
4 0 0 0 0 0 0
3 0 0 0 0 0 0
2 0 0 0 0 0 0
4 0 0 0 0 0 0
1 0 0 0 0 0 0
2 0 0 0 0 0 0
4 0 0 0 0 0 0
3 0 0 0 0 0 0
1 0 0 0 0 0 0
3 0 0 0 0 0 0
2 0 0 0 0 0 0
1 0 0 0 0 0 0
3 0 0 0 0 0 0
4 0 0 0 0 0 0

2 -840 7748 1450 -540 -4616 -1033
1 0 0 0 0 0 0
3 0 0 0 0 0 0
4 0 0 0 0 0 0
1 1238 -7300 -536 383 3496 905
2 0 0 0 0 0 0
4 0 0 0 0 0 0
3 0 0 0 0 0 0
2 0 0 0 0 0 0
1 0 0 0 0 0 0
4 0 0 0 0 0 0
3 0 0 0 0 0 0
2 -1102 8188 952 -1751 347 -307
1 0 0 0 0 0 0
4 0 0 0 0 0 0
3 0 0 0 0 0 0
2 0 0 0 0 0 0
4 0 0 0 0 0 0
1 0 0 0 0 0 0
3 0 0 0 0 0 0
1 0 0 0 0 0 0
3 0 0 0 0 0 0
4 0 0 0 0 0 0
3 0 0 0 0 0 0
1 490 -7494 -2860 363 4345 -530
2 0 0 0 0 0 0
4 0 0 0 0 0 0
2 0 0 0 0 0 0
4 0 0 0 0 0 0
3 0 0 0 0 0 0
1 0 0 0 0 0 0
2 784 7614 2144 1201 -4101 -835
2 0 0 0 0 0 0
4 0 0 0 0 0 0
1 0 0 0 0 0 0
3 0 0 0 0 0 0
1 496 -8170 -2620 -2067 5409 1794
2 170 7970 1770 1575 -6998 220
4 0 0 0 0 0 0
1 0 0 0 0 0 0
3 0 0 0 0 0 0
4 0 0 0 0 0 0
2 0 0 0 0 0 0
3 0 0 0 0 0 0
1 0 0 0 0 0 0
4 0 0 0 0 0 0
2 0 0 0 0 0 0
3 0 0 0 0 0 0
1 684 -7622 -1962 -2691 4580 82
4 0 0 0 0 0 0
2 -910 7548 766 -608 -2343 -738
3 0 0 0 0 0 0
1 0 0 0 0 0 0
2 0 0 0 0 0 0
3 0 0 0 0 0 0
4 0 0 0 0 0 0
1 1960 -7268 -3160 -2755 3590 26
4 0 0 0 0 0 0
3 0 0 0 0 0 0
2 1216 8984 208 -1126 -705 -1341
1 1836 -7018 -3312 -14 502 341
4 0 0 0 0 0 0
2 0 0 0 0 0 0
3 0 0 0 0 0 0
4 0 0 0 0 0 0
1 2060 -7204 -3506 1312 3622 1505
2 0 0 0 0 0 0
3 0 0 0 0 0 0
3 0 0 0 0 0 0
1 2044 -7698 -3500 -228 2747 498
2 326 8054 32 1791 -403 59
1 0 0 0 0 0 0
2 0 0 0 0 0 0
4 0 0 0 0 0 0
4 0 0 0 0 0 0
1 0 0 0 0 0 0
2 0 0 0 0 0 0
4 0 0 0 0 0 0
3 0 0 0 0 0 0
3 0 0 0 0 0 0

3 0 0 0 0 0 0
1 2232 -3728 -10298 -13475 -8517 -4167
2 782 8576 -7056 14253 -16512 292
4 0 0 0 0 0 0
3 0 0 0 0 0 0
4 0 0 0 0 0 0
3 0 0 0 0 0 0
1 1416 -298 -12608 -14364 -3178 -1625
4 0 0 0 0 0 0
2 -4562 7264 -10356 18882 -13585 -5784
1 -4398 -12 -14854 -19105 -6838 -1397
2 0 0 0 0 0 0
2 -3420 3668 -966 13176 3015 -12894
3 0 0 0 0 0 0
1 -5496 -6390 -6326 -18117 -11954 5870
4 0 0 0 0 0 0
2 -2994 2218 3274 1068 1947 -15488
3 0 0 0 0 0 0
1 -1358 -4842 86 -7215 -11531 15355
4 0 0 0 0 0 0
1 -28 -8958 -12 4305 -7117 23751
3 0 0 0 0 0 0
4 0 0 0 0 0 0
3 0 0 0 0 0 0
2 -1862 7468 2926 -10941 3864 -20721
1 5554 -20040 -2688 3933 1879 30197
4 0 0 0 0 0 0
2 10252 15144 4944 -9887 12626 -19107
3 0 0 0 0 0 0
4 0 0 0 0 0 0
4 0 0 0 0 0 0
1 16196 -16216 390 1385 -8149 18426
3 0 0 0 0 0 0
2 4658 13782 1566 -8596 -3675 -16136
2 8992 18146 -4430 -10874 -3714 -11892
1 0 0 0 0 0 0
4 0 0 0 0 0 0
1 7244 -7178 -7652 2772 -12217 241
3 0 0 0 0 0 0
4 0 0 0 0 0 0
2 8856 15862 -8520 -4607 -3275 -5603
3 0 0 0 0 0 0
1 1184 -6120 -4796 930 -11808 -2811
2 56 7992 -2800 758 -2303 -1940
3 0 0 0 0 0 0
1 1232 -6264 -4256 3413 -5393 -1437
2 1588 6524 -2400 -944 637 -1379
4 0 0 0 0 0 0
3 0 0 0 0 0 0
1 1626 -8318 -4508 3534 -410 433
2 1992 8366 -1120 -1677 -3083 910
4 0 0 0 0 0 0
3 0 0 0 0 0 0
2 -652 9312 -314 1387 -9264 586
1 2544 -7926 -3526 -1192 1783 583
4 0 0 0 0 0 0
1 0 0 0 0 0 0
4 0 0 0 0 0 0
2 0 0 0 0 0 0
3 0 0 0 0 0 0
1 0 0 0 0 0 0
2 960 7746 1846 493 12351 1342
4 0 0 0 0 0 0
3 0 0 0 0 0 0
1 0 0 0 0 0 0
4 0 0 0 0 0 0
3 0 0 0 0 0 0
2 1660 8150 928 -123 -748 -382
1 0 0 0 0 0 0
3 0 0 0 0 0 0
2 0 0 0 0 0 0
4 0 0 0 0 0 0
1 0 0 0 0 0 0
3 0 0 0 0 0 0
4 0 0 0 0 0 0
2 436 8316 -212 -244 -63 -436
3 0 0 0 0 0 0
4 0 0 0 0 0 0
2 0 0 0 0 0 0
1 0 0 0 0 0 0

1 6300 -14888 -14876 -10329 -22999 -23793
4 0 0 0 0 0 0
3 0 0 0 0 0 0
2 4164 19126 -7488 17148 -32768 8285
1 1514 -11508 -22264 -19979 19872 -4556
3 0 0 0 0 0 0
4 0 0 0 0 0 0
2 -1154 17752 -13558 28623 -2397 6212
1 -1938 -16622 -11390 -28770 -2695 -6509
2 -7328 12958 38 23372 11098 -6803
3 0 0 0 0 0 0
4 0 0 0 0 0 0
1 -2572 -7240 2010 -23329 -12780 4467
3 0 0 0 0 0 0
4 0 0 0 0 0 0
2 -3110 6006 2884 17427 -1124 -11468
3 0 0 0 0 0 0
2 -712 4094 2320 7208 -3815 -14359
4 0 0 0 0 0 0
1 -1528 -5894 -144 -7084 -17356 10260
1 1370 -10080 -1756 3613 -13840 18945
2 -612 8620 2180 -3888 -941 -21523
3 0 0 0 0 0 0
4 0 0 0 0 0 0
3 0 0 0 0 0 0
2 11162 14744 7454 -3023 11515 -20363
1 8172 -20418 78 7325 -3209 28138
4 0 0 0 0 0 0
4 0 0 0 0 0 0
3 0 0 0 0 0 0
1 17434 -15402 -5756 7874 -9924 14189
2 9452 11914 3370 -6890 -10366 -17999
3 0 0 0 0 0 0
2 7176 18576 -5342 -9576 -7346 -9962
4 0 0 0 0 0 0
1 6138 -10600 -11720 10488 -14206 3326
3 0 0 0 0 0 0
2 5012 10642 -4640 -3049 -10305 -4190
4 0 0 0 0 0 0
1 3192 -5482 -7634 4665 -7854 397
2 -462 8486 -1706 2828 -5228 -1917
1 1712 -6926 -5986 2074 -4459 -977
3 0 0 0 0 0 0
4 0 0 0 0 0 0
1 1656 -7658 -4388 -92 -3448 -761
4 0 0 0 0 0 0
2 976 7602 -628 704 1373 -823
3 0 0 0 0 0 0
4 0 0 0 0 0 0
3 0 0 0 0 0 0
2 0 0 0 0 0 0
1 0 0 0 0 0 0
2 0 0 0 0 0 0
1 2160 -7412 -2722 -439 -323 -298
3 0 0 0 0 0 0
4 0 0 0 0 0 0
1 0 0 0 0 0 0
4 0 0 0 0 0 0
2 0 0 0 0 0 0
3 0 0 0 0 0 0
1 0 0 0 0 0 0
3 0 0 0 0 0 0
2 626 8032 416 300 758 495
4 0 0 0 0 0 0
1 0 0 0 0 0 0
4 0 0 0 0 0 0
2 0 0 0 0 0 0
3 0 0 0 0 0 0
1 0 0 0 0 0 0
4 0 0 0 0 0 0
3 0 0 0 0 0 0
2 0 0 0 0 0 0
1 0 0 0 0 0 0
2 0 0 0 0 0 0
4 0 0 0 0 0 0
3 0 0 0 0 0 0
3 0 0 0 0 0 0
2 0 0 0 0 0 0
4 0 0 0 0 0 0
1 0 0 0 0 0 0

1 -798 -9512 -1060 -9374 -7111 22194
2 -840 6132 3898 9559 2754 -17809
3 0 0 0 0 0 0
4 0 0 0 0 0 0
2 -3372 9936 3194 -8684 -2124 -19448
3 0 0 0 0 0 0
4 0 0 0 0 0 0
1 328 -12050 -610 2526 -4503 24868
1 4684 -20734 -1820 4388 113 29610
4 0 0 0 0 0 0
3 0 0 0 0 0 0
2 526 18030 6042 -10212 15676 -23887
4 0 0 0 0 0 0
2 6316 19316 7166 -8279 -4249 -24342
1 17290 -22086 -4034 9255 -5596 22894
3 0 0 0 0 0 0
1 10856 -13758 -11522 11665 -21355 5248
4 0 0 0 0 0 0
1 1368 -5982 -9458 5894 -15466 -2820
3 0 0 0 0 0 0
2 17914 21446 -1914 -7216 -514 -12878
1 192 -6628 -6368 105 -3816 -549
4 0 0 0 0 0 0
2 278 8604 -3684 -1982 -678 -1604
3 0 0 0 0 0 0
3 0 0 0 0 0 0
2 -616 7380 -1958 408 -4152 -328
4 0 0 0 0 0 0
2 0 0 0 0 0 0
1 596 -7092 -4802 -771 883 801
4 0 0 0 0 0 0
3 0 0 0 0 0 0
1 0 0 0 0 0 0
4 0 0 0 0 0 0
2 -390 9040 -782 -733 -2550 -879
3 0 0 0 0 0 0
2 -858 8790 428 3965 7742 487
1 1834 -7938 -2568 -700 4730 8
4 0 0 0 0 0 0
3 0 0 0 0 0 0
2 1490 7728 3826 386 2980 1416
3 0 0 0 0 0 0
1 6 -7962 -2484 -1100 3569 -136
4 0 0 0 0 0 0
2 182 8308 248 889 -2527 -158
4 0 0 0 0 0 0
3 0 0 0 0 0 0
1 1866 -7618 -2988 -438 1715 -145
4 0 0 0 0 0 0
2 464 7988 122 265 329 137
3 0 0 0 0 0 0
2 0 0 0 0 0 0
4 0 0 0 0 0 0
3 0 0 0 0 0 0
1 0 0 0 0 0 0
2 0 0 0 0 0 0
4 0 0 0 0 0 0
3 0 0 0 0 0 0
3 0 0 0 0 0 0
2 0 0 0 0 0 0
4 0 0 0 0 0 0
1 0 0 0 0 0 0
1 0 0 0 0 0 0
1 0 0 0 0 0 0
3 0 0 0 0 0 0
4 0 0 0 0 0 0
2 0 0 0 0 0 0
1 0 0 0 0 0 0
2 0 0 0 0 0 0
4 0 0 0 0 0 0
1 0 0 0 0 0 0
3 0 0 0 0 0 0
4 0 0 0 0 0 0
1 0 0 0 0 0 0
2 0 0 0 0 0 0
3 0 0 0 0 0 0
4 0 0 0 0 0 0
1 0 0 0 0 0 0
3 0 0 0 0 0 0
2 0 0 0 0 0 0

4 0 0 0 0 0 0
2 -3552 8228 5822 24567 21393 -9694
3 0 0 0 0 0 0
1 -3598 -12116 -3528 -25567 -8881 9088
1 0 0 0 0 0 0
4 0 0 0 0 0 0
3 0 0 0 0 0 0
2 -1622 4042 5088 10705 -3113 -14050
3 0 0 0 0 0 0
1 1900 -12818 -1690 -836 -4328 20084
4 0 0 0 0 0 0
2 -1972 9274 5052 -3170 819 -23655
3 0 0 0 0 0 0
2 8470 21320 8226 -2038 18726 -25014
4 0 0 0 0 0 0
1 4634 -19770 -4770 5509 -15162 26918
1 20738 -19200 -9358 14399 -16021 13315
2 9110 16430 2198 -4067 -22057 -19833
3 0 0 0 0 0 0
4 0 0 0 0 0 0
1 7350 -10388 -12714 11629 -12481 972
3 0 0 0 0 0 0
2 9650 15170 -6426 -6477 -13027 -10527
4 0 0 0 0 0 0
1 3204 -5054 -9538 4447 -818 888
2 1130 9356 -3810 -1225 -7234 -3676
3 0 0 0 0 0 0
4 0 0 0 0 0 0
2 1390 8388 -1944 -276 -2115 -1788
1 0 0 0 0 0 0
4 0 0 0 0 0 0
3 0 0 0 0 0 0
4 0 0 0 0 0 0
3 0 0 0 0 0 0
2 0 0 0 0 0 0
1 0 0 0 0 0 0
1 2256 -8238 -1312 -1513 13350 1913
2 186 8582 -20 1991 4540 1686
3 0 0 0 0 0 0
4 0 0 0 0 0 0
1 1538 -7466 -2784 -1410 3990 1332
3 0 0 0 0 0 0
2 0 0 0 0 0 0
4 0 0 0 0 0 0
1 1598 -7520 -2666 -144 3342 924
4 0 0 0 0 0 0
2 78 7888 976 424 -1520 601
3 0 0 0 0 0 0
1 0 0 0 0 0 0
2 0 0 0 0 0 0
4 0 0 0 0 0 0
3 0 0 0 0 0 0
4 0 0 0 0 0 0
1 0 0 0 0 0 0
2 0 0 0 0 0 0
2 0 0 0 0 0 0
4 0 0 0 0 0 0
3 0 0 0 0 0 0
1 0 0 0 0 0 0
3 0 0 0 0 0 0
4 0 0 0 0 0 0
2 0 0 0 0 0 0
3 0 0 0 0 0 0
1 1258 -7450 -3648 256 -923 -24
1 0 0 0 0 0 0
4 0 0 0 0 0 0
2 0 0 0 0 0 0
3 0 0 0 0 0 0
1 0 0 0 0 0 0
4 0 0 0 0 0 0
2 0 0 0 0 0 0
3 0 0 0 0 0 0
1 0 0 0 0 0 0
4 0 0 0 0 0 0
3 0 0 0 0 0 0
2 0 0 0 0 0 0
4 0 0 0 0 0 0
1 0 0 0 0 0 0
3 0 0 0 0 0 0
2 0 0 0 0 0 0

2 7650 10358 7724 -6927 -11649 1854
3 0 0 0 0 0 0
1 10868 -10812 -4964 -1485 -14710 -10545
4 0 0 0 0 0 0
1 11844 -10492 -10846 -13723 -12059 -20615
2 11326 16212 2970 532 -21100 9560
3 0 0 0 0 0 0
4 0 0 0 0 0 0
4 0 0 0 0 0 0
2 7302 19476 -7112 17004 -26109 14258
3 0 0 0 0 0 0
1 1612 -9730 -18788 -22167 -13990 -23556
3 0 0 0 0 0 0
1 -7666 -7296 -11658 -24346 -4148 -2101
2 -6712 14778 -3370 27531 -2786 55
4 0 0 0 0 0 0
3 0 0 0 0 0 0
1 -4850 -9422 -4694 -17542 -8398 7774
4 0 0 0 0 0 0
2 -5296 8700 1358 21277 7682 -8415
4 0 0 0 0 0 0
1 0 0 0 0 0 0
2 -5012 5654 7370 12052 6569 -13595
3 0 0 0 0 0 0
1 1796 -13498 -4260 -811 -12218 21566
3 0 0 0 0 0 0
4 0 0 0 0 0 0
2 -1760 11462 6454 717 5033 -23634
2 8558 21160 10700 -587 15602 -22488
3 0 0 0 0 0 0
4 0 0 0 0 0 0
1 7144 -19902 -6554 9529 -11512 25644
2 6442 14690 4214 -4463 -22847 -18659
1 0 0 0 0 0 0
3 0 0 0 0 0 0
4 0 0 0 0 0 0
1 6478 -7394 -12258 10229 -3491 1921
4 0 0 0 0 0 0
3 0 0 0 0 0 0
2 7286 13786 -1632 -4240 -5245 -7587
4 0 0 0 0 0 0
3 0 0 0 0 0 0
2 402 8464 -1178 -632 -8127 -3402
1 2748 -5344 -8216 3548 -8949 -2067
3 0 0 0 0 0 0
1 178 -6786 -4798 -1091 -7110 -2510
2 1058 8574 -1460 -29 503 -537
4 0 0 0 0 0 0
2 0 0 0 0 0 0
4 0 0 0 0 0 0
3 0 0 0 0 0 0
1 510 -7282 -3626 500 -1603 -1047
4 0 0 0 0 0 0
3 0 0 0 0 0 0
2 0 0 0 0 0 0
1 954 -7800 -3842 -303 3233 933
2 50 7990 2522 710 6582 1937
3 0 0 0 0 0 0
4 0 0 0 0 0 0
1 0 0 0 0 0 0
2 1238 7886 1516 184 2999 309
3 0 0 0 0 0 0
4 0 0 0 0 0 0
1 1144 -7416 -3620 323 -293 -541
3 0 0 0 0 0 0
2 998 8260 566 -410 516 -170
4 0 0 0 0 0 0
1 0 0 0 0 0 0
1 0 0 0 0 0 0
4 0 0 0 0 0 0
3 0 0 0 0 0 0
2 0 0 0 0 0 0
1 0 0 0 0 0 0
4 0 0 0 0 0 0
3 0 0 0 0 0 0
2 0 0 0 0 0 0
2 0 0 0 0 0 0
1 0 0 0 0 0 0
4 0 0 0 0 0 0
3 0 0 0 0 0 0

2 5404 12868 1838 -1274 -20186 7174
1 6810 -10022 -5586 -1772 -13722 -19696
4 0 0 0 0 0 0
3 0 0 0 0 0 0
2 2424 13242 -2534 7540 -20748 8727
4 0 0 0 0 0 0
1 3114 -9276 -9850 -2239 -8138 -23575
3 0 0 0 0 0 0
1 -4040 -7938 -18912 -15218 -11117 -14734
3 0 0 0 0 0 0
2 -1044 13230 -10146 19254 -23808 1474
4 0 0 0 0 0 0
4 0 0 0 0 0 0
1 -10204 -12272 -13176 -29695 -9480 4281
2 -8740 18248 -5118 27720 4417 -9864
3 0 0 0 0 0 0
4 0 0 0 0 0 0
1 -3780 -9402 -1732 -20238 -14262 13497
3 0 0 0 0 0 0
2 -4880 9550 2968 26564 4925 -14661
4 0 0 0 0 0 0
2 -1672 7218 4350 7909 -5142 -23802
1 -278 -11544 -4212 -933 -13036 21475
3 0 0 0 0 0 0
1 2184 -22338 -5432 9864 -8262 30977
2 1206 19962 6562 -12395 10551 -27824
4 0 0 0 0 0 0
3 0 0 0 0 0 0
4 0 0 0 0 0 0
1 21466 -18258 -6756 10591 -4873 22228
2 18484 25836 1840 -11229 -1344 -24449
3 0 0 0 0 0 0
4 0 0 0 0 0 0
2 10974 15534 -4006 -4803 -7741 -7391
1 8608 -9652 -11930 10579 -22324 1325
3 0 0 0 0 0 0
2 -2360 7990 -2628 -450 -11382 -2018
4 0 0 0 0 0 0
1 3734 -6892 -6854 3061 -1034 1761
3 0 0 0 0 0 0
2 0 0 0 0 0 0
1 1258 -7008 -4640 1461 -5036 -2318
4 0 0 0 0 0 0
3 0 0 0 0 0 0
2 192 8424 -2074 -2148 2923 -249
4 0 0 0 0 0 0
1 956 -7338 -4094 114 -1165 -1356
3 0 0 0 0 0 0
2 0 0 0 0 0 0
1 0 0 0 0 0 0
4 0 0 0 0 0 0
3 0 0 0 0 0 0
2 0 0 0 0 0 0
4 0 0 0 0 0 0
1 0 0 0 0 0 0
3 0 0 0 0 0 0
4 0 0 0 0 0 0
2 0 0 0 0 0 0
1 0 0 0 0 0 0
3 0 0 0 0 0 0
4 0 0 0 0 0 0
1 0 0 0 0 0 0
3 0 0 0 0 0 0
2 0 0 0 0 0 0
2 0 0 0 0 0 0
4 0 0 0 0 0 0
1 0 0 0 0 0 0
3 0 0 0 0 0 0
1 0 0 0 0 0 0
4 0 0 0 0 0 0
2 0 0 0 0 0 0
3 0 0 0 0 0 0
4 0 0 0 0 0 0
1 0 0 0 0 0 0
2 0 0 0 0 0 0
3 0 0 0 0 0 0
4 0 0 0 0 0 0
1 0 0 0 0 0 0
2 0 0 0 0 0 0
3 0 0 0 0 0 0

4 0 0 0 0 0 0
3 0 0 0 0 0 0
1 13022 -12760 -528 5201 -16283 -16151
2 12490 10248 7790 -4820 -13328 4320
1 8408 -12084 -19072 -6183 -6784 -31746
4 0 0 0 0 0 0
2 13712 24568 -9170 7423 -31538 20738
3 0 0 0 0 0 0
4 0 0 0 0 0 0
2 -10648 19722 -6116 30083 -14147 8202
3 0 0 0 0 0 0
1 -9508 -11432 -15646 -22986 -9682 -16956
3 0 0 0 0 0 0
1 -6388 -11628 -9986 -24099 -4357 -1373
4 0 0 0 0 0 0
2 -9388 12874 -1274 22838 6378 -7360
4 0 0 0 0 0 0
1 -3142 -6114 1932 -17299 -11287 8094
3 0 0 0 0 0 0
2 -6226 6972 5304 15489 1453 -16139
1 -2178 -15686 -2006 -1004 -13003 23630
3 0 0 0 0 0 0
4 0 0 0 0 0 0
2 0 0 0 0 0 0
4 0 0 0 0 0 0
3 0 0 0 0 0 0
2 -1340 20398 5052 -11356 5515 -26544
1 3346 -19954 -6182 4947 -10242 29539
3 0 0 0 0 0 0
4 0 0 0 0 0 0
1 21656 -22450 -10654 14690 -11131 18382
2 17796 24226 5116 -9997 -5430 -22079
2 8256 15552 -7002 -7610 -11938 -5628
1 1090 -11400 -12920 13485 -24608 -2720
4 0 0 0 0 0 0
3 0 0 0 0 0 0
1 3266 -6324 -9336 2647 1508 1883
3 0 0 0 0 0 0
2 -196 8208 -4336 -3743 1195 -358
4 0 0 0 0 0 0
4 0 0 0 0 0 0
2 1946 7566 -1948 -2946 3041 -1198
3 0 0 0 0 0 0
1 0 0 0 0 0 0
2 556 8670 -544 -416 -7315 -810
1 0 0 0 0 0 0
4 0 0 0 0 0 0
3 0 0 0 0 0 0
3 0 0 0 0 0 0
1 0 0 0 0 0 0
2 0 0 0 0 0 0
4 0 0 0 0 0 0
4 0 0 0 0 0 0
1 0 0 0 0 0 0
2 0 0 0 0 0 0
3 0 0 0 0 0 0
4 0 0 0 0 0 0
3 0 0 0 0 0 0
1 0 0 0 0 0 0
2 0 0 0 0 0 0
1 0 0 0 0 0 0
3 0 0 0 0 0 0
2 1030 8082 1150 253 4008 648
4 0 0 0 0 0 0
2 542 7978 176 -502 721 -126
4 0 0 0 0 0 0
1 0 0 0 0 0 0
3 0 0 0 0 0 0
4 0 0 0 0 0 0
3 0 0 0 0 0 0
2 0 0 0 0 0 0
1 0 0 0 0 0 0
1 0 0 0 0 0 0
4 0 0 0 0 0 0
2 0 0 0 0 0 0
3 0 0 0 0 0 0
3 0 0 0 0 0 0
1 0 0 0 0 0 0
4 0 0 0 0 0 0
2 0 0 0 0 0 0

4 0 0 0 0 0 0
2 0 0 0 0 0 0
3 0 0 0 0 0 0
1 1296 -8042 -2596 776 -3657 -901
4 0 0 0 0 0 0
3 0 0 0 0 0 0
2 526 8372 4014 -270 -6780 -1251
1 1122 -9456 -180 3070 -12402 -3182
1 2124 -10510 -2148 2362 2937 -1290
3 0 0 0 0 0 0
4 0 0 0 0 0 0
2 1042 9034 6178 -6653 -9826 -1103
1 18392 -12010 834 4563 -8839 -12578
4 0 0 0 0 0 0
3 0 0 0 0 0 0
2 14734 14398 10134 -7395 -20451 3801
3 0 0 0 0 0 0
2 10272 21124 -6348 9384 -32768 17459
1 8538 -12058 -17340 -3617 -8858 -30746
4 0 0 0 0 0 0
1 -6980 -15510 -13206 -24577 -14778 -17947
4 0 0 0 0 0 0
3 0 0 0 0 0 0
2 -13802 16842 2894 32007 -32768 -6993
4 0 0 0 0 0 0
1 -3438 -8014 -3570 -26211 2190 720
2 -7106 10282 5144 18450 21950 -15672
3 0 0 0 0 0 0
1 -1188 -4210 -1782 -16745 -13108 3741
4 0 0 0 0 0 0
2 144 5258 1918 15804 2231 -14062
3 0 0 0 0 0 0
1 -926 -5092 -3124 -5165 -14958 10512
2 -3134 7780 2694 3673 -7288 -19671
4 0 0 0 0 0 0
3 0 0 0 0 0 0
2 1838 21590 5978 -12554 16264 -28110
1 3484 -18132 -4118 8762 -16126 27097
3 0 0 0 0 0 0
2 15016 16168 9362 -9938 7501 -14279
4 0 0 0 0 0 0
1 22754 -18964 -4468 10666 -2551 21630
3 0 0 0 0 0 0
4 0 0 0 0 0 0
3 0 0 0 0 0 0
1 4904 -12030 -9462 11406 -14036 3031
2 4062 13622 -772 -3308 -10371 -10679
4 0 0 0 0 0 0
4 0 0 0 0 0 0
1 3650 -8102 -7850 4453 -1035 3714
2 -158 9382 -1158 177 -13952 -4432
3 0 0 0 0 0 0
1 0 0 0 0 0 0
4 0 0 0 0 0 0
2 968 8140 -1554 451 3022 -431
3 0 0 0 0 0 0
4 0 0 0 0 0 0
3 0 0 0 0 0 0
2 314 7818 -700 1109 -5062 -626
1 912 -7176 -4564 718 -3602 -1395
1 780 -7856 -3576 -1569 -578 -537
4 0 0 0 0 0 0
2 -300 8562 294 2047 -599 583
3 0 0 0 0 0 0
2 2020 8050 3442 -629 7199 2439
3 0 0 0 0 0 0
1 1532 -7928 -2538 -2272 4477 346
4 0 0 0 0 0 0
1 1410 -7490 -3140 -914 -819 -687
3 0 0 0 0 0 0
4 0 0 0 0 0 0
2 402 8658 1000 376 -170 188
3 0 0 0 0 0 0
2 0 0 0 0 0 0
1 0 0 0 0 0 0
4 0 0 0 0 0 0
3 0 0 0 0 0 0
4 0 0 0 0 0 0
2 0 0 0 0 0 0
1 0 0 0 0 0 0

1 2010 -10198 -962 580 -7459 -2135
2 2212 10154 3286 2371 -4455 -213
3 0 0 0 0 0 0
4 0 0 0 0 0 0
1 12182 -15212 5170 6159 -11408 -5948
2 11658 9162 18004 -201 -32768 379
4 0 0 0 0 0 0
3 0 0 0 0 0 0
4 0 0 0 0 0 0
3 0 0 0 0 0 0
2 17594 27506 -7882 1716 -24743 23100
1 13424 -20162 -4476 8121 -18140 -22516
1 6408 -21010 -22410 -9212 31 -29584
3 0 0 0 0 0 0
2 -12344 18994 -2676 30924 -30831 2910
4 0 0 0 0 0 0
4 0 0 0 0 0 0
1 -10962 -19902 -9648 -32718 -9842 -10950
2 -11484 13194 698 21110 3733 -21063
3 0 0 0 0 0 0
1 -2808 -12272 -1006 -27703 -7646 3154
4 0 0 0 0 0 0
2 -2402 10454 6592 12705 7827 -20186
3 0 0 0 0 0 0
2 -3364 6368 5198 -1368 -5057 -23024
4 0 0 0 0 0 0
3 0 0 0 0 0 0
1 -304 -7040 848 -8769 -19721 10547
1 4310 -18736 -5188 10001 -21581 20501
3 0 0 0 0 0 0
2 3960 19530 6916 -14104 25554 -20956
4 0 0 0 0 0 0
4 0 0 0 0 0 0
1 18788 -20490 -6764 10604 15167 25094
3 0 0 0 0 0 0
2 7514 19196 5348 -5852 -11513 -23416
1 10074 -13986 -8508 7713 -8518 9524
4 0 0 0 0 0 0
2 5674 15008 -126 -5061 -602 -10969
3 0 0 0 0 0 0
1 6186 -8468 -9006 6885 -10327 3310
3 0 0 0 0 0 0
4 0 0 0 0 0 0
2 9564 11910 -822 1103 -21816 -2847
1 1594 -6490 -6494 679 -11007 -2592
2 -68 8142 -1312 437 -2016 22
3 0 0 0 0 0 0
4 0 0 0 0 0 0
1 -214 -5576 -5264 -608 -2432 -3037
2 398 8402 -928 277 7458 2730
3 0 0 0 0 0 0
4 0 0 0 0 0 0
1 0 0 0 0 0 0
2 940 9256 -214 3145 1392 2497
4 0 0 0 0 0 0
3 0 0 0 0 0 0
4 0 0 0 0 0 0
2 0 0 0 0 0 0
3 0 0 0 0 0 0
1 0 0 0 0 0 0
4 0 0 0 0 0 0
1 0 0 0 0 0 0
3 0 0 0 0 0 0
2 1398 7612 2030 140 2877 488
4 0 0 0 0 0 0
2 0 0 0 0 0 0
3 0 0 0 0 0 0
1 3222 -6750 -1546 -2654 4554 185
1 354 -7880 -3026 1130 -3260 -1547
3 0 0 0 0 0 0
2 0 0 0 0 0 0
4 0 0 0 0 0 0
2 1270 7826 -294 365 -3456 -227
1 0 0 0 0 0 0
3 0 0 0 0 0 0
4 0 0 0 0 0 0
3 0 0 0 0 0 0
2 134 7878 378 1025 -750 167
4 0 0 0 0 0 0
1 0 0 0 0 0 0

1 9558 -12608 -8372 2007 -11721 -19811
2 11192 17532 -2282 -2667 -23893 9710
4 0 0 0 0 0 0
3 0 0 0 0 0 0
3 0 0 0 0 0 0
1 896 -17596 -18218 -12745 -30567 -27589
4 0 0 0 0 0 0
2 -2156 22774 -9138 24950 -32304 9035
1 -10222 -13608 -11662 -28698 -11304 3860
3 0 0 0 0 0 0
4 0 0 0 0 0 0
2 -7160 18864 -4100 32767 405 -4762
4 0 0 0 0 0 0
1 -3460 -14288 -2006 -25289 -2012 15660
3 0 0 0 0 0 0
2 -4116 7976 4306 25591 4728 -12469
3 0 0 0 0 0 0
2 -2604 8256 3806 12476 -3912 -15195
4 0 0 0 0 0 0
1 -698 -9072 -1074 -16399 -8572 18155
1 374 -9868 -2948 -2930 -10923 18648
2 -3742 7906 2448 -6322 -8381 -22512
3 0 0 0 0 0 0
4 0 0 0 0 0 0
2 4010 28046 2914 -17711 5544 -32674
3 0 0 0 0 0 0
4 0 0 0 0 0 0
1 9850 -17540 -9242 12233 -15544 25056
1 9630 -15184 -11158 15591 -14940 10056
4 0 0 0 0 0 0
3 0 0 0 0 0 0
2 16468 20274 1156 -6762 15752 -10117
1 5692 -9934 -8288 7734 -5154 4072
3 0 0 0 0 0 0
2 10108 11396 -1628 1495 -26515 -6594
4 0 0 0 0 0 0
3 0 0 0 0 0 0
4 0 0 0 0 0 0
1 5490 -6868 -5390 -1225 -8853 -1266
2 -394 7832 -3398 1285 -9294 -1164
1 3194 -6640 -4032 -1907 -620 -1988
2 1218 7410 -680 -783 543 696
3 0 0 0 0 0 0
4 0 0 0 0 0 0
2 0 0 0 0 0 0
1 0 0 0 0 0 0
3 0 0 0 0 0 0
4 0 0 0 0 0 0
3 0 0 0 0 0 0
2 -266 8652 998 -223 4157 1218
4 0 0 0 0 0 0
1 722 -8130 -4470 424 187 -708
2 0 0 0 0 0 0
1 0 0 0 0 0 0
3 0 0 0 0 0 0
4 0 0 0 0 0 0
3 0 0 0 0 0 0
1 1706 -7222 -2578 -1204 548 227
2 252 7922 620 368 -576 -519
4 0 0 0 0 0 0
1 2254 -7372 -2854 1217 -3976 -485
2 0 0 0 0 0 0
3 0 0 0 0 0 0
4 0 0 0 0 0 0
2 0 0 0 0 0 0
1 0 0 0 0 0 0
3 0 0 0 0 0 0
4 0 0 0 0 0 0
2 0 0 0 0 0 0
1 1140 -7858 -4194 1296 129 -172
3 0 0 0 0 0 0
4 0 0 0 0 0 0
2 886 8606 -274 1510 -1457 147
3 0 0 0 0 0 0
1 0 0 0 0 0 0
4 0 0 0 0 0 0
4 0 0 0 0 0 0
2 0 0 0 0 0 0
1 0 0 0 0 0 0
3 0 0 0 0 0 0

2 -3830 19352 -5314 18090 -32768 10213
1 8338 -16418 -18322 -3256 -9069 -32414
4 0 0 0 0 0 0
3 0 0 0 0 0 0
2 -6238 15476 -4684 26470 485 1079
1 -2030 -14190 -14092 -22587 -4769 -20845
4 0 0 0 0 0 0
3 0 0 0 0 0 0
4 0 0 0 0 0 0
1 -582 -8650 -5478 -23814 -10026 -6058
3 0 0 0 0 0 0
2 -2174 9036 1068 26819 3543 -8481
1 336 -3710 -1872 -17331 -13055 3447
2 206 830 1764 16195 -4058 -12198
4 0 0 0 0 0 0
3 0 0 0 0 0 0
4 0 0 0 0 0 0
2 -732 8232 1720 2133 365 -20627
3 0 0 0 0 0 0
1 0 0 0 0 0 0
2 2142 15600 4054 -3218 11492 -23572
4 0 0 0 0 0 0
1 5756 -13116 -2856 4364 -9504 24820
3 0 0 0 0 0 0
4 0 0 0 0 0 0
3 0 0 0 0 0 0
2 7500 17234 6182 -7326 -2578 -21963
1 13170 -17530 -6352 11735 -3009 23153
2 4130 21384 1422 -14011 -18008 -16948
1 8298 -14128 -8694 13327 -15800 8748
3 0 0 0 0 0 0
4 0 0 0 0 0 0
3 0 0 0 0 0 0
4 0 0 0 0 0 0
1 10138 -8764 -8408 7593 -29222 -2683
2 -1034 14322 -842 -10418 2316 -7087
2 5586 8730 -772 -4140 1694 -2203
4 0 0 0 0 0 0
1 2032 -6742 -7688 3044 3887 2374
3 0 0 0 0 0 0
4 0 0 0 0 0 0
1 2554 -6130 -7320 241 -2690 -581
3 0 0 0 0 0 0
2 0 0 0 0 0 0
1 100 -9986 -1424 -3371 -3940 -3389
4 0 0 0 0 0 0
3 0 0 0 0 0 0
2 -1206 8998 2496 5788 -3261 2440
1 0 0 0 0 0 0
2 156 7314 3840 4883 -1254 1316
3 0 0 0 0 0 0
4 0 0 0 0 0 0
4 0 0 0 0 0 0
1 514 -7322 -2324 -544 -300 -235
2 -218 6812 3644 1984 2559 -32
3 0 0 0 0 0 0
4 0 0 0 0 0 0
3 0 0 0 0 0 0
1 1334 -7710 -3554 -1288 -2946 -1580
2 818 7760 2282 -144 837 -950
1 0 0 0 0 0 0
2 0 0 0 0 0 0
4 0 0 0 0 0 0
3 0 0 0 0 0 0
3 0 0 0 0 0 0
4 0 0 0 0 0 0
1 6186 -7310 -5596 -6980 4832 -4782
2 0 0 0 0 0 0
3 0 0 0 0 0 0
4 0 0 0 0 0 0
2 1046 8592 3074 1276 -2725 2735
1 0 0 0 0 0 0
4 0 0 0 0 0 0
1 -7054 -9290 -5104 -1216 18800 1854
2 0 0 0 0 0 0
3 0 0 0 0 0 0
3 0 0 0 0 0 0
4 0 0 0 0 0 0
1 4502 -3360 -3572 -3528 2818 -3621
2 -338 7706 3516 2083 -965 1848

2 11584 24738 -21070 15325 -28280 23904
4 0 0 0 0 0 0
3 0 0 0 0 0 0
1 9946 -10566 -23418 -12677 -8109 -28457
3 0 0 0 0 0 0
4 0 0 0 0 0 0
2 -7748 20520 -8004 32767 -6278 12472
1 -5584 -13754 -20040 -31124 -1866 -20682
2 -5994 7276 1110 26520 -1604 850
3 0 0 0 0 0 0
4 0 0 0 0 0 0
1 -4608 -9626 -6060 -26045 -11165 -3798
2 -4848 4842 2652 8060 -9937 -15468
2 -2156 6524 2094 -5940 -5853 -23018
4 0 0 0 0 0 0
3 0 0 0 0 0 0
4 0 0 0 0 0 0
1 -2858 -6004 -2032 -10344 -17344 12052
3 0 0 0 0 0 0
1 552 -10334 -1930 3377 -14821 24587
3 0 0 0 0 0 0
2 2384 20874 5020 -16256 4613 -30487
4 0 0 0 0 0 0
1 3984 -19618 -4732 9961 -11258 28479
2 15592 21362 2232 -7995 9830 -13998
4 0 0 0 0 0 0
1 11936 -13072 -5648 10311 -20339 6667
3 0 0 0 0 0 0
4 0 0 0 0 0 0
2 9586 12658 -2936 -5133 -18837 -8616
1 5550 -8644 -9440 13076 -20329 234
3 0 0 0 0 0 0
2 1226 8700 -4000 -2323 -9818 -1817
4 0 0 0 0 0 0
1 3332 -8818 -8052 5404 1011 1761
3 0 0 0 0 0 0
2 526 7820 -2514 52 3895 -404
1 3286 -7468 -4406 -1367 590 -247
4 0 0 0 0 0 0
3 0 0 0 0 0 0
3 0 0 0 0 0 0
4 0 0 0 0 0 0
2 698 8112 -1050 1247 1995 402
1 0 0 0 0 0 0
2 0 0 0 0 0 0
1 0 0 0 0 0 0
3 0 0 0 0 0 0
4 0 0 0 0 0 0
3 0 0 0 0 0 0
2 0 0 0 0 0 0
1 842 -7768 -3448 -1249 -359 -931
4 0 0 0 0 0 0
2 0 0 0 0 0 0
3 0 0 0 0 0 0
1 0 0 0 0 0 0
4 0 0 0 0 0 0
4 0 0 0 0 0 0
3 0 0 0 0 0 0
2 0 0 0 0 0 0
1 2056 -7058 -3536 538 457 241
1 0 0 0 0 0 0
3 0 0 0 0 0 0
2 0 0 0 0 0 0
4 0 0 0 0 0 0
1 0 0 0 0 0 0
2 0 0 0 0 0 0
3 0 0 0 0 0 0
4 0 0 0 0 0 0
1 0 0 0 0 0 0
2 0 0 0 0 0 0
4 0 0 0 0 0 0
3 0 0 0 0 0 0
4 0 0 0 0 0 0
1 0 0 0 0 0 0
2 0 0 0 0 0 0
3 0 0 0 0 0 0
3 0 0 0 0 0 0
1 0 0 0 0 0 0
2 0 0 0 0 0 0
4 0 0 0 0 0 0

3 0 0 0 0 0 0
4 0 0 0 0 0 0
1 9802 -9966 -284 -426 -11562 -11546
2 8660 9288 8140 -3935 -26024 1517
4 0 0 0 0 0 0
2 17038 23698 -11284 9941 -32768 16770
3 0 0 0 0 0 0
1 15840 -10180 -18250 -6662 -10027 -32768
1 -6296 -15814 -23454 -31172 1194 -23138
2 -12614 26862 -8914 32767 -13476 -1889
3 0 0 0 0 0 0
4 0 0 0 0 0 0
4 0 0 0 0 0 0
3 0 0 0 0 0 0
2 -14014 16284 6866 28061 7956 -17993
1 -13088 -18114 -6274 -27992 -16709 354
3 0 0 0 0 0 0
2 -5158 14482 9796 3578 2785 -31607
1 -1018 -14830 -3854 -6699 -22427 24632
4 0 0 0 0 0 0
2 1340 20132 10952 -13339 11576 -27973
1 3306 -21010 -4052 15356 -20456 29758
3 0 0 0 0 0 0
4 0 0 0 0 0 0
1 19322 -27436 -12874 24752 -12076 14329
2 11254 29694 9292 -17512 -942 -23126
3 0 0 0 0 0 0
4 0 0 0 0 0 0
2 5386 17188 -15042 -12359 -17235 -10083
3 0 0 0 0 0 0
4 0 0 0 0 0 0
1 -648 -3618 -21218 14226 -15517 -1850
3 0 0 0 0 0 0
2 4008 10574 -4554 3526 -8527 -312
4 0 0 0 0 0 0
1 2260 -6392 -11772 2183 -5935 -560
3 0 0 0 0 0 0
4 0 0 0 0 0 0
2 334 9066 1932 6620 -1239 867
1 2642 -8340 -3176 -5266 -1328 -205
1 0 0 0 0 0 0
4 0 0 0 0 0 0
2 568 7828 944 3984 4722 1503
3 0 0 0 0 0 0
4 0 0 0 0 0 0
3 0 0 0 0 0 0
1 0 0 0 0 0 0
2 -206 7934 684 3735 395 1316
3 0 0 0 0 0 0
1 1158 -6034 -3442 -96 1040 -296
2 24 7690 238 2044 -856 -333
4 0 0 0 0 0 0
1 0 0 0 0 0 0
3 0 0 0 0 0 0
2 526 7470 250 -1494 2822 -1309
4 0 0 0 0 0 0
1 0 0 0 0 0 0
2 0 0 0 0 0 0
3 0 0 0 0 0 0
4 0 0 0 0 0 0
3 0 0 0 0 0 0
2 0 0 0 0 0 0
4 0 0 0 0 0 0
1 0 0 0 0 0 0
3 0 0 0 0 0 0
2 0 0 0 0 0 0
1 2070 -7152 -4532 1783 155 789
4 0 0 0 0 0 0
4 0 0 0 0 0 0
3 0 0 0 0 0 0
1 0 0 0 0 0 0
2 0 0 0 0 0 0
4 0 0 0 0 0 0
3 0 0 0 0 0 0
1 0 0 0 0 0 0
2 0 0 0 0 0 0
4 0 0 0 0 0 0
2 758 8660 -280 2702 -101 819
1 0 0 0 0 0 0
3 0 0 0 0 0 0

4 0 0 0 0 0 0
2 1054 8170 34 318 -274 -190
1 1226 -7250 -4036 -24 233 87
3 0 0 0 0 0 0
4 0 0 0 0 0 0
2 0 0 0 0 0 0
3 0 0 0 0 0 0
1 0 0 0 0 0 0
4 0 0 0 0 0 0
3 0 0 0 0 0 0
2 0 0 0 0 0 0
1 0 0 0 0 0 0
4 0 0 0 0 0 0
1 0 0 0 0 0 0
3 0 0 0 0 0 0
2 0 0 0 0 0 0
1 0 0 0 0 0 0
4 0 0 0 0 0 0
3 0 0 0 0 0 0
2 0 0 0 0 0 0
4 0 0 0 0 0 0
1 0 0 0 0 0 0
3 0 0 0 0 0 0
2 0 0 0 0 0 0
4 0 0 0 0 0 0
3 0 0 0 0 0 0
2 0 0 0 0 0 0
1 0 0 0 0 0 0
4 0 0 0 0 0 0
2 0 0 0 0 0 0
1 0 0 0 0 0 0
3 0 0 0 0 0 0
4 0 0 0 0 0 0
1 0 0 0 0 0 0
2 0 0 0 0 0 0
3 0 0 0 0 0 0
4 0 0 0 0 0 0
1 0 0 0 0 0 0
2 0 0 0 0 0 0
3 0 0 0 0 0 0
4 0 0 0 0 0 0
2 0 0 0 0 0 0
1 0 0 0 0 0 0
3 0 0 0 0 0 0
4 0 0 0 0 0 0
1 0 0 0 0 0 0
2 0 0 0 0 0 0
3 0 0 0 0 0 0
4 0 0 0 0 0 0
3 0 0 0 0 0 0
1 364 -7372 -3890 -114 1381 379
2 0 0 0 0 0 0
4 0 0 0 0 0 0
3 0 0 0 0 0 0
2 1656 8434 -386 575 11945 3464
1 10550 -7656 -416 -5813 32767 2508
4 0 0 0 0 0 0
1 7872 -6452 -4838 -1625 -19772 -12678
2 0 0 0 0 0 0
3 0 0 0 0 0 0
4 0 0 0 0 0 0
2 -3582 4924 -128 1547 7562 4198
3 0 0 0 0 0 0
1 2678 -5184 -3402 -849 -2892 -6317
4 0 0 0 0 0 0
1 346 -5892 -3568 -1139 3416 -736
2 -1106 6908 -1010 -424 -6002 -1518
3 0 0 0 0 0 0
4 0 0 0 0 0 0
1 -280 -5262 -5368 390 -7774 103
2 2768 7486 -990 -1043 -1765 -535
3 0 0 0 0 0 0
4 0 0 0 0 0 0
1 5056 -5568 -6916 660 4422 4559
2 5310 7748 736 -1844 7560 -228
3 0 0 0 0 0 0
4 0 0 0 0 0 0
2 0 0 0 0 0 0
1 1254 -4746 -4288 2329 -8231 2617
3 0 0 0 0 0 0

4 0 0 0 0 0 0
1 10186 -8292 -3352 4177 -8711 -4330
2 5704 10048 3026 -4111 -7491 2590
3 0 0 0 0 0 0
1 7536 -10856 -8030 -2181 -12758 -12419
2 7116 12720 582 -1046 -13133 6281
3 0 0 0 0 0 0
4 0 0 0 0 0 0
4 0 0 0 0 0 0
1 2056 -15158 -18172 -21274 -26030 -15134
2 1708 15828 -10860 18211 -30497 7177
3 0 0 0 0 0 0
4 0 0 0 0 0 0
3 0 0 0 0 0 0
1 -4832 -13990 -14738 -32768 -335 -154
2 0 0 0 0 0 0
3 0 0 0 0 0 0
1 -3924 -7454 -1410 -27985 -2587 7286
4 0 0 0 0 0 0
2 -4480 8858 1184 26052 3058 -10407
4 0 0 0 0 0 0
2 -3762 4668 1998 13788 3241 -14793
3 0 0 0 0 0 0
1 -406 -4684 -2036 -14326 -14351 8788
1 0 0 0 0 0 0
4 0 0 0 0 0 0
3 0 0 0 0 0 0
2 -416 8102 1096 -293 2123 -22175
4 0 0 0 0 0 0
1 3298 -11150 -3964 15750 -21013 19808
2 5572 19478 7456 -4877 8948 -27564
3 0 0 0 0 0 0
4 0 0 0 0 0 0
1 0 0 0 0 0 0
3 0 0 0 0 0 0
2 7338 16138 2590 -12328 -5561 -19301
1 4468 -14590 -14064 20666 -10054 -626
4 0 0 0 0 0 0
3 0 0 0 0 0 0
2 0 0 0 0 0 0
4 0 0 0 0 0 0
2 1602 10384 -3942 -2264 -11213 -3571
1 2262 -7924 -9616 5765 -6575 -1160
3 0 0 0 0 0 0
4 0 0 0 0 0 0
2 322 8072 -1834 3540 20 -56
1 -372 -5942 -6212 4 -4543 -1506
3 0 0 0 0 0 0
4 0 0 0 0 0 0
3 0 0 0 0 0 0
2 0 0 0 0 0 0
1 876 -6384 -5036 -1692 479 -275
4 0 0 0 0 0 0
2 0 0 0 0 0 0
3 0 0 0 0 0 0
1 1202 -7850 -4214 -3469 4123 715
4 0 0 0 0 0 0
3 0 0 0 0 0 0
2 5046 9106 1764 4676 2931 926
1 0 0 0 0 0 0
4 0 0 0 0 0 0
1 0 0 0 0 0 0
3 0 0 0 0 0 0
2 -1138 7718 18 6055 -6760 -2406
4 0 0 0 0 0 0
3 0 0 0 0 0 0
1 1794 -5926 -3002 -2198 745 -1208
2 0 0 0 0 0 0
4 0 0 0 0 0 0
3 0 0 0 0 0 0
1 1938 -6214 -3848 1820 -6081 -1957
2 1564 8356 -438 -4357 1703 -540
4 0 0 0 0 0 0
1 310 -6872 -5014 3927 -4604 -788
3 0 0 0 0 0 0
2 0 0 0 0 0 0
4 0 0 0 0 0 0
3 0 0 0 0 0 0
1 1648 -6822 -5406 3394 -956 180
2 1132 8578 -574 -970 1522 192

4 0 0 0 0 0 0
1 5352 -11470 -15070 -8044 -18008 -18061
3 0 0 0 0 0 0
2 -5420 16718 -7802 26244 -23025 -2346
3 0 0 0 0 0 0
4 0 0 0 0 0 0
1 0 0 0 0 0 0
2 -8574 7464 -4694 21673 3173 -15187
4 0 0 0 0 0 0
3 0 0 0 0 0 0
1 0 0 0 0 0 0
2 -2988 8936 -3014 17391 5100 -11648
3 0 0 0 0 0 0
1 -2174 -8630 -1092 -23440 -6907 8390
4 0 0 0 0 0 0
2 -2984 4406 4228 13003 3422 -12314
4 0 0 0 0 0 0
3 0 0 0 0 0 0
2 0 0 0 0 0 0
1 -380 -6406 430 -14285 -9738 11829
3 0 0 0 0 0 0
4 0 0 0 0 0 0
1 2186 -11212 -3108 -1610 -15330 20932
2 282 13682 4374 -8794 15081 -24755
4 0 0 0 0 0 0
1 7930 -20498 -6082 8387 -14560 32767
3 0 0 0 0 0 0
2 9152 24544 6146 -7954 18194 -26032
4 0 0 0 0 0 0
3 0 0 0 0 0 0
1 16240 -17982 -11082 11058 -12770 12001
2 0 0 0 0 0 0
4 0 0 0 0 0 0
1 1618 -10204 -8174 8917 -20829 -1963
2 4610 15154 -4848 -1658 -32768 -9246
3 0 0 0 0 0 0
1 1318 -7754 -6714 3085 -3888 815
3 0 0 0 0 0 0
2 -5300 8334 -2616 -6974 -1994 1662
4 0 0 0 0 0 0
2 874 9244 -1850 -8569 5334 1362
3 0 0 0 0 0 0
1 568 -7572 -4510 -1611 -2173 -907
4 0 0 0 0 0 0
4 0 0 0 0 0 0
1 0 0 0 0 0 0
3 0 0 0 0 0 0
2 666 9910 -2362 -562 1241 1913
2 -494 10258 -500 10223 507 133
1 1008 -7874 -2244 -1304 543 -1022
3 0 0 0 0 0 0
4 0 0 0 0 0 0
1 0 0 0 0 0 0
3 0 0 0 0 0 0
4 0 0 0 0 0 0
2 -2730 11944 1294 11579 8174 1160
3 0 0 0 0 0 0
1 0 0 0 0 0 0
4 0 0 0 0 0 0
2 -1146 11160 1638 9361 9061 4074
3 0 0 0 0 0 0
4 0 0 0 0 0 0
1 1194 -8436 -2366 -453 -1995 -1951
2 -850 8050 1620 8123 341 15
3 0 0 0 0 0 0
1 0 0 0 0 0 0
2 -628 4888 1118 2967 3626 -1874
4 0 0 0 0 0 0
3 0 0 0 0 0 0
2 578 6642 370 -3739 7314 -2586
4 0 0 0 0 0 0
1 0 0 0 0 0 0
1 0 0 0 0 0 0
4 0 0 0 0 0 0
3 0 0 0 0 0 0
2 0 0 0 0 0 0
3 0 0 0 0 0 0
1 2990 -7060 -3684 1239 -4608 -2442
4 0 0 0 0 0 0
2 1504 10460 -798 -7325 -671 -1130

3 0 0 0 0 0 0
1 1408 -8314 -8880 9405 -10323 -3415
4 0 0 0 0 0 0
2 -880 7654 -100 -1822 -25668 -1491
1 1558 -6716 -6164 508 958 -1901
4 0 0 0 0 0 0
3 0 0 0 0 0 0
2 -2110 7586 -1386 -4498 -4338 1601
3 0 0 0 0 0 0
4 0 0 0 0 0 0
1 1210 -6596 -4914 -1075 -6093 -3858
2 0 0 0 0 0 0
3 0 0 0 0 0 0
1 0 0 0 0 0 0
4 0 0 0 0 0 0
2 434 9334 -726 -1202 3306 -741
1 0 0 0 0 0 0
3 0 0 0 0 0 0
2 1416 9788 2 7230 3152 -1179
4 0 0 0 0 0 0
3 0 0 0 0 0 0
4 0 0 0 0 0 0
1 0 0 0 0 0 0
2 0 0 0 0 0 0
1 3482 -7160 -3408 391 2777 1867
3 0 0 0 0 0 0
4 0 0 0 0 0 0
2 2712 7284 3526 -357 14309 3127
3 0 0 0 0 0 0
4 0 0 0 0 0 0
1 2582 -7454 -3732 813 363 235
2 1694 8020 2098 -460 2197 -126
1 0 0 0 0 0 0
3 0 0 0 0 0 0
4 0 0 0 0 0 0
2 0 0 0 0 0 0
3 0 0 0 0 0 0
1 0 0 0 0 0 0
4 0 0 0 0 0 0
2 590 8092 320 460 -5608 -1811
1 0 0 0 0 0 0
3 0 0 0 0 0 0
4 0 0 0 0 0 0
2 188 8112 -144 -1751 -1161 -1255
4 0 0 0 0 0 0
3 0 0 0 0 0 0
1 0 0 0 0 0 0
2 0 0 0 0 0 0
3 0 0 0 0 0 0
1 0 0 0 0 0 0
4 0 0 0 0 0 0
2 0 0 0 0 0 0
1 0 0 0 0 0 0
3 0 0 0 0 0 0
4 0 0 0 0 0 0
2 0 0 0 0 0 0
1 0 0 0 0 0 0
3 0 0 0 0 0 0
2 0 0 0 0 0 0
4 0 0 0 0 0 0
4 0 0 0 0 0 0
3 0 0 0 0 0 0
1 0 0 0 0 0 0
2 0 0 0 0 0 0
3 0 0 0 0 0 0
1 0 0 0 0 0 0
4 0 0 0 0 0 0
2 0 0 0 0 0 0
3 0 0 0 0 0 0
4 0 0 0 0 0 0
1 0 0 0 0 0 0
2 542 8176 836 112 222 -179
3 0 0 0 0 0 0
1 0 0 0 0 0 0
4 0 0 0 0 0 0
2 0 0 0 0 0 0
3 0 0 0 0 0 0
1 0 0 0 0 0 0
4 0 0 0 0 0 0
2 0 0 0 0 0 0

3 0 0 0 0 0 0
4 0 0 0 0 0 0
1 11332 -12410 -11716 -12734 7077 -20309
2 11100 25812 -200 14247 -13469 22592
4 0 0 0 0 0 0
3 0 0 0 0 0 0
2 916 15344 5288 13239 7488 27307
1 8960 -16902 -4478 -13806 6770 -21265
3 0 0 0 0 0 0
4 0 0 0 0 0 0
1 1528 -6002 -414 -3020 15441 -15784
2 -412 3512 1680 -4852 12326 20517
1 -2882 -3592 118 17260 17647 -10423
3 0 0 0 0 0 0
2 0 0 0 0 0 0
4 0 0 0 0 0 0
1 -5718 -9448 -7630 26890 15670 -2259
2 -5508 11392 -884 -31823 12279 -3637
3 0 0 0 0 0 0
4 0 0 0 0 0 0
3 0 0 0 0 0 0
2 -2538 23182 -2350 -26228 17751 -17239
4 0 0 0 0 0 0
1 -1216 -6100 -13002 18134 5025 13415
1 -1412 -13698 -11450 14161 10523 27819
3 0 0 0 0 0 0
4 0 0 0 0 0 0
2 11256 18550 -240 6362 15995 -15254
4 0 0 0 0 0 0
1 16062 -12008 -2538 -2474 7623 13618
3 0 0 0 0 0 0
2 10156 17514 7978 8284 12363 -9930
2 5948 7592 7996 2928 13255 2009
4 0 0 0 0 0 0
3 0 0 0 0 0 0
1 8014 -10602 -408 -4655 4045 5168
1 2020 -8370 -848 -5428 7793 3137
3 0 0 0 0 0 0
2 0 0 0 0 0 0
4 0 0 0 0 0 0
3 0 0 0 0 0 0
1 2458 -7048 -2584 -2891 4824 1576
2 310 8816 -232 3028 -724 2010
4 0 0 0 0 0 0
1 1606 -6920 -3168 -173 1189 1287
3 0 0 0 0 0 0
2 -652 6996 -48 1059 -2887 331
4 0 0 0 0 0 0
1 0 0 0 0 0 0
4 0 0 0 0 0 0
3 0 0 0 0 0 0
2 0 0 0 0 0 0
3 0 0 0 0 0 0
4 0 0 0 0 0 0
1 0 0 0 0 0 0
2 0 0 0 0 0 0
4 0 0 0 0 0 0
2 2098 8722 -590 -1508 18 -1752
3 0 0 0 0 0 0
1 0 0 0 0 0 0
4 0 0 0 0 0 0
1 0 0 0 0 0 0
2 0 0 0 0 0 0
3 0 0 0 0 0 0
3 0 0 0 0 0 0
1 0 0 0 0 0 0
4 0 0 0 0 0 0
2 0 0 0 0 0 0
4 0 0 0 0 0 0
1 0 0 0 0 0 0
3 0 0 0 0 0 0
2 0 0 0 0 0 0
3 0 0 0 0 0 0
4 0 0 0 0 0 0
2 0 0 0 0 0 0
1 0 0 0 0 0 0
3 0 0 0 0 0 0
4 0 0 0 0 0 0
1 0 0 0 0 0 0
2 0 0 0 0 0 0

2 3024 21048 2176 13397 -326 25271
1 5766 -15714 -5368 -6750 6835 -25266
3 0 0 0 0 0 0
4 0 0 0 0 0 0
2 -2368 9384 3598 7567 6355 25744
4 0 0 0 0 0 0
1 2508 -9640 -1408 -1164 11124 -20452
3 0 0 0 0 0 0
3 0 0 0 0 0 0
1 0 0 0 0 0 0
2 -648 3312 1364 -7391 8493 19120
4 0 0 0 0 0 0
3 0 0 0 0 0 0
4 0 0 0 0 0 0
2 -7422 3854 3836 -18781 -8128 9770
1 -4362 -8104 -2442 20645 9106 -14488
3 0 0 0 0 0 0
2 -6092 11164 -1630 -32768 22256 8129
1 -5920 -7884 -12608 19803 23295 5175
4 0 0 0 0 0 0
4 0 0 0 0 0 0
3 0 0 0 0 0 0
2 -7152 21214 -5082 -30212 5921 -7813
1 -662 -5436 -12862 13116 4995 18691
4 0 0 0 0 0 0
2 7870 20556 -788 -8483 31793 -13163
1 10490 -14190 -10270 9367 19480 29500
3 0 0 0 0 0 0
3 0 0 0 0 0 0
2 12228 17032 7972 3692 24666 -4236
1 15224 -16688 -162 -5092 26013 13664
4 0 0 0 0 0 0
1 6086 -10218 -582 -4643 -3258 595
3 0 0 0 0 0 0
2 4986 8228 8842 2171 10018 3024
4 0 0 0 0 0 0
4 0 0 0 0 0 0
1 1646 -9228 -2104 -4441 7492 2231
2 2044 8934 1176 4645 1580 792
3 0 0 0 0 0 0
3 0 0 0 0 0 0
3 0 0 0 0 0 0
3 0 0 0 0 0 0
4 0 0 0 0 0 0
4 0 0 0 0 0 0
2 -902 7412 198 1205 2501 1148
1 2624 -7088 -1876 -3178 2826 1379
4 0 0 0 0 0 0
2 0 0 0 0 0 0
1 0 0 0 0 0 0
1 1448 -7458 -3914 5322 -318 1420
2 0 0 0 0 0 0
4 0 0 0 0 0 0
1 0 0 0 0 0 0
3 0 0 0 0 0 0
2 794 8610 -1266 -423 -5042 -1786
3 0 0 0 0 0 0
1 1692 -7686 -4122 250 -432 631
4 0 0 0 0 0 0
2 0 0 0 0 0 0
3 0 0 0 0 0 0
4 0 0 0 0 0 0
2 930 8294 -250 80 3374 675
1 0 0 0 0 0 0
3 0 0 0 0 0 0
4 0 0 0 0 0 0
1 0 0 0 0 0 0
2 0 0 0 0 0 0
3 0 0 0 0 0 0
1 0 0 0 0 0 0
2 0 0 0 0 0 0
4 0 0 0 0 0 0
3 0 0 0 0 0 0
2 0 0 0 0 0 0
1 1636 -7354 -3074 201 20 88
4 0 0 0 0 0 0
3 0 0 0 0 0 0
4 0 0 0 0 0 0
2 570 8280 -56 183 65 -163
1 0 0 0 0 0 0

3 0 0 0 0 0 0
3 0 0 0 0 0 0
4 0 0 0 0 0 0
1 3166 -11002 -972 -2865 8494 -19223
3 0 0 0 0 0 0
2 -982 12194 4612 4613 990 24833
1 42 -6198 -966 8764 8443 -17308
4 0 0 0 0 0 0
3 0 0 0 0 0 0
2 -862 4918 1512 -7775 5192 19369
3 0 0 0 0 0 0
2 -7382 5040 4384 -15914 -8339 12245
4 0 0 0 0 0 0
1 -7700 -8662 2544 17516 8362 -14367
1 -1658 -11224 -8186 25318 19762 2179
3 0 0 0 0 0 0
2 -4164 12878 1036 -32768 18271 7672
4 0 0 0 0 0 0
3 0 0 0 0 0 0
4 0 0 0 0 0 0
2 -9110 13546 -9812 -23819 -9394 427
1 -3798 -10430 -17736 18885 3575 11809
3 0 0 0 0 0 0
2 2520 18796 -2842 -22548 32767 -7763
1 7708 -12992 -12524 11481 20813 24645
4 0 0 0 0 0 0
3 0 0 0 0 0 0
4 0 0 0 0 0 0
2 6190 17498 432 51 19279 -10457
1 14300 -12050 -1698 -3936 25956 14783
3 0 0 0 0 0 0
1 4904 -9024 -2264 -3108 1391 2778
4 0 0 0 0 0 0
2 3616 8640 3678 4153 13489 -967
3 0 0 0 0 0 0
2 0 0 0 0 0 0
4 0 0 0 0 0 0
1 0 0 0 0 0 0
2 -120 7606 2540 1804 2860 776
3 0 0 0 0 0 0
4 0 0 0 0 0 0
1 1868 -7444 -2374 -2858 4707 43
3 0 0 0 0 0 0
4 0 0 0 0 0 0
2 1432 7668 1098 644 175 31
1 1388 -7044 -3012 -378 -2567 -815
3 0 0 0 0 0 0
4 0 0 0 0 0 0
1 0 0 0 0 0 0
2 1522 8052 -1116 -865 -4964 -1507
4 0 0 0 0 0 0
2 290 8746 -1026 -745 -2655 -1022
3 0 0 0 0 0 0
1 1862 -7310 -3694 3602 -250 1309
2 0 0 0 0 0 0
1 0 0 0 0 0 0
3 0 0 0 0 0 0
4 0 0 0 0 0 0
1 0 0 0 0 0 0
2 0 0 0 0 0 0
3 0 0 0 0 0 0
4 0 0 0 0 0 0
1 0 0 0 0 0 0
3 0 0 0 0 0 0
4 0 0 0 0 0 0
2 0 0 0 0 0 0
2 0 0 0 0 0 0
3 0 0 0 0 0 0
1 0 0 0 0 0 0
4 0 0 0 0 0 0
1 0 0 0 0 0 0
3 0 0 0 0 0 0
4 0 0 0 0 0 0
2 0 0 0 0 0 0
1 0 0 0 0 0 0
4 0 0 0 0 0 0
2 0 0 0 0 0 0
4 0 0 0 0 0 0
2 0 0 0 0 0 0
1 1196 -7652 -2780 25 546 375

2 9036 21930 -5240 13736 10315 18810
1 10582 -13970 -11334 -14044 12658 -18390
4 0 0 0 0 0 0
3 0 0 0 0 0 0
2 5162 20218 4318 10243 9943 27648
4 0 0 0 0 0 0
2 -384 8512 3196 -2378 4564 26540
3 0 0 0 0 0 0
1 9302 -18524 -5292 -4606 11727 -26204
3 0 0 0 0 0 0
4 0 0 0 0 0 0
1 420 -10538 -1058 3029 171 -25432
3 0 0 0 0 0 0
4 0 0 0 0 0 0
2 -3532 7316 1982 -16486 -15 15814
1 0 0 0 0 0 0
1 -8168 -11222 -136 21092 18737 -10491
2 -11460 8680 7430 -25614 -5052 12203
3 0 0 0 0 0 0
4 0 0 0 0 0 0
1 -958 -12186 -12772 21263 5688 2710
2 -9996 20588 -1264 -32768 16716 -3052
3 0 0 0 0 0 0
4 0 0 0 0 0 0
3 0 0 0 0 0 0
2 4840 27094 -4654 -19529 32767 -12132
1 -7016 -14128 -14200 25293 14083 7946
4 0 0 0 0 0 0
2 7030 20766 -2506 -193 10306 -15331
1 8386 -17094 -6128 6267 32767 24344
4 0 0 0 0 0 0
3 0 0 0 0 0 0
2 4452 12080 7326 2400 32767 -1697
4 0 0 0 0 0 0
3 0 0 0 0 0 0
1 9014 -10950 4146 -6622 22031 9732
2 -248 9150 2384 1969 -716 -102
1 4906 -7782 1876 -3341 18949 3045
3 0 0 0 0 0 0
4 0 0 0 0 0 0
3 0 0 0 0 0 0
2 -62 8106 524 2030 1958 1995
1 398 -8104 -2004 -824 -1078 -1401
4 0 0 0 0 0 0
2 0 0 0 0 0 0
4 0 0 0 0 0 0
1 1560 -7620 -3018 -1360 551 -308
3 0 0 0 0 0 0
1 1676 -6934 -3416 1014 -3886 -832
4 0 0 0 0 0 0
2 0 0 0 0 0 0
3 0 0 0 0 0 0
2 0 0 0 0 0 0
3 0 0 0 0 0 0
1 0 0 0 0 0 0
4 0 0 0 0 0 0
2 1306 8902 -866 224 -397 -1358
3 0 0 0 0 0 0
4 0 0 0 0 0 0
1 0 0 0 0 0 0
3 0 0 0 0 0 0
3 0 0 0 0 0 0
2 0 0 0 0 0 0
1 0 0 0 0 0 0
2 0 0 0 0 0 0
1 0 0 0 0 0 0
4 0 0 0 0 0 0
4 0 0 0 0 0 0
2 0 0 0 0 0 0
4 0 0 0 0 0 0
1 0 0 0 0 0 0
3 0 0 0 0 0 0
4 0 0 0 0 0 0
2 0 0 0 0 0 0
3 0 0 0 0 0 0
1 0 0 0 0 0 0
3 0 0 0 0 0 0
2 0 0 0 0 0 0
1 0 0 0 0 0 0
4 0 0 0 0 0 0

2 6750 18386 -4606 7206 6749 20142
4 0 0 0 0 0 0
1 7952 -9798 -12946 -10551 14567 -13796
3 0 0 0 0 0 0
2 8902 23156 3350 4027 2458 28255
1 8164 -15802 -7254 -6856 6359 -23169
4 0 0 0 0 0 0
3 0 0 0 0 0 0
2 236 10494 5428 5243 -1381 25499
3 0 0 0 0 0 0
4 0 0 0 0 0 0
1 3796 -11778 1652 -9461 2793 -22344
2 -1834 5012 1450 -12950 8036 15874
1 -1564 -4324 1264 6033 1191 -19449
3 0 0 0 0 0 0
4 0 0 0 0 0 0
2 -8802 7326 5086 -27319 11558 7209
3 0 0 0 0 0 0
4 0 0 0 0 0 0
1 -6338 -10254 1152 20991 16718 -13998
2 -2824 20514 -3100 -32543 14483 -14666
3 0 0 0 0 0 0
4 0 0 0 0 0 0
1 -3900 -8030 -8898 24996 27313 3768
2 -690 32450 -5260 -22796 32767 -17481
3 0 0 0 0 0 0
1 510 -24390 -14388 26755 28367 23720
4 0 0 0 0 0 0
2 11412 22440 1966 7567 -1685 -16264
3 0 0 0 0 0 0
1 18752 -15142 -4784 -5819 9848 18033
4 0 0 0 0 0 0
2 5964 12340 3524 4381 13902 -5072
3 0 0 0 0 0 0
1 9570 -11830 -256 -5846 6426 6730
4 0 0 0 0 0 0
1 4406 -8266 -1114 -3241 9811 2732
2 2440 8692 2904 -26 15078 3992
3 0 0 0 0 0 0
4 0 0 0 0 0 0
3 0 0 0 0 0 0
2 136 9166 -184 2678 3389 2779
4 0 0 0 0 0 0
1 1756 -7642 -2590 -1769 -451 -452
2 -400 7422 -152 2793 -2186 285
3 0 0 0 0 0 0
1 888 -7034 -3444 -670 -896 -124
3 0 0 0 0 0 0
4 0 0 0 0 0 0
2 0 0 0 0 0 0
1 0 0 0 0 0 0
4 0 0 0 0 0 0
2 0 0 0 0 0 0
3 0 0 0 0 0 0
4 0 0 0 0 0 0
1 0 0 0 0 0 0
2 0 0 0 0 0 0
4 0 0 0 0 0 0
1 0 0 0 0 0 0
3 0 0 0 0 0 0
2 0 0 0 0 0 0
1 0 0 0 0 0 0
3 0 0 0 0 0 0
4 0 0 0 0 0 0
2 0 0 0 0 0 0
1 0 0 0 0 0 0
4 0 0 0 0 0 0
3 0 0 0 0 0 0
2 0 0 0 0 0 0
3 0 0 0 0 0 0
1 0 0 0 0 0 0
4 0 0 0 0 0 0
2 0 0 0 0 0 0
4 0 0 0 0 0 0
3 0 0 0 0 0 0
1 0 0 0 0 0 0
2 0 0 0 0 0 0
3 0 0 0 0 0 0
4 0 0 0 0 0 0
1 0 0 0 0 0 0

2 718 12502 3034 -1760 5945 25318
3 0 0 0 0 0 0
1 6130 -11600 -4460 -991 14437 -22275
4 0 0 0 0 0 0
2 -26 7958 2554 -12989 9193 18198
1 -26 -9172 -1220 9124 6936 -20240
3 0 0 0 0 0 0
4 0 0 0 0 0 0
3 0 0 0 0 0 0
2 -5422 8932 3618 -22942 -13418 10018
4 0 0 0 0 0 0
1 -9720 -10838 3698 16013 3983 -18273
2 -12772 14742 7212 -32227 12138 16495
3 0 0 0 0 0 0
1 -5730 -12676 -2708 23696 24130 801
4 0 0 0 0 0 0
2 -3564 27086 -7580 -30875 28094 -10375
3 0 0 0 0 0 0
1 -4308 -17304 -15056 28992 3673 6214
4 0 0 0 0 0 0
3 0 0 0 0 0 0
2 7184 21854 -1680 -3499 24279 -15129
4 0 0 0 0 0 0
1 8214 -15124 -17842 13209 22393 22114
3 0 0 0 0 0 0
4 0 0 0 0 0 0
2 9658 12636 3490 6219 15551 -7800
1 10634 -13418 -654 -6272 11284 8282
4 0 0 0 0 0 0
3 0 0 0 0 0 0
1 4090 -9002 288 -6129 10314 3069
2 -1654 9308 2880 3944 14787 1233
3 0 0 0 0 0 0
2 1498 8166 3660 1807 12863 1783
4 0 0 0 0 0 0
1 848 -7646 -2802 -3366 7215 2378
3 0 0 0 0 0 0
2 1024 7536 1336 -361 6747 959
4 0 0 0 0 0 0
1 2396 -7524 -2916 -2514 2890 592
2 0 0 0 0 0 0
3 0 0 0 0 0 0
1 2318 -6790 -3120 -569 -846 396
4 0 0 0 0 0 0
1 2228 -6880 -3468 3118 1559 1315
2 1032 8188 -650 30 -2699 -615
3 0 0 0 0 0 0
4 0 0 0 0 0 0
1 0 0 0 0 0 0
4 0 0 0 0 0 0
2 0 0 0 0 0 0
3 0 0 0 0 0 0
3 0 0 0 0 0 0
1 1902 -7608 -4004 214 -171 82
2 0 0 0 0 0 0
4 0 0 0 0 0 0
3 0 0 0 0 0 0
2 0 0 0 0 0 0
1 0 0 0 0 0 0
4 0 0 0 0 0 0
2 386 8384 -980 117 -5494 -1206
1 0 0 0 0 0 0
4 0 0 0 0 0 0
3 0 0 0 0 0 0
1 0 0 0 0 0 0
4 0 0 0 0 0 0
2 140 8360 -1042 428 -553 -185
3 0 0 0 0 0 0
1 0 0 0 0 0 0
2 0 0 0 0 0 0
3 0 0 0 0 0 0
4 0 0 0 0 0 0
1 0 0 0 0 0 0
2 0 0 0 0 0 0
4 0 0 0 0 0 0
3 0 0 0 0 0 0
1 0 0 0 0 0 0
2 0 0 0 0 0 0
3 0 0 0 0 0 0
4 0 0 0 0 0 0

4 0 0 0 0 0 0
1 494 -7422 -894 7580 9436 -19139
3 0 0 0 0 0 0
2 -654 5246 3012 -7378 11815 21501
2 -6708 8116 4482 -20770 -7114 13079
3 0 0 0 0 0 0
4 0 0 0 0 0 0
1 -7442 -11162 1200 18819 3272 -19409
4 0 0 0 0 0 0
2 -10426 15864 4300 -32768 15673 11214
3 0 0 0 0 0 0
1 -7510 -12284 -2990 22544 22932 -3325
4 0 0 0 0 0 0
1 -7032 -18882 -12622 24815 11129 15510
2 -6414 26892 -5588 -32768 16133 -8330
3 0 0 0 0 0 0
4 0 0 0 0 0 0
2 9006 27256 -4754 -785 12062 -21772
3 0 0 0 0 0 0
1 14998 -23116 -14440 7056 26391 32078
3 0 0 0 0 0 0
4 0 0 0 0 0 0
1 13968 -13442 -476 -5548 11315 12682
2 7284 16360 1048 1681 20036 -9202
4 0 0 0 0 0 0
1 9714 -7466 2230 -3795 26020 4200
2 8684 9528 5374 242 23097 3566
3 0 0 0 0 0 0
2 -278 8544 2200 1356 9678 1301
1 1196 -8472 -2868 -2036 -3738 -2253
4 0 0 0 0 0 0
3 0 0 0 0 0 0
1 1096 -6962 -3038 -2131 -9714 -4492
4 0 0 0 0 0 0
3 0 0 0 0 0 0
2 278 7092 1444 386 -1785 32
3 0 0 0 0 0 0
4 0 0 0 0 0 0
1 -4 -6192 -3204 1416 -4393 -1324
2 804 8340 -1972 -2000 -6974 -2012
2 0 0 0 0 0 0
4 0 0 0 0 0 0
3 0 0 0 0 0 0
1 0 0 0 0 0 0
1 0 0 0 0 0 0
2 0 0 0 0 0 0
4 0 0 0 0 0 0
3 0 0 0 0 0 0
4 0 0 0 0 0 0
2 884 7910 -218 493 1013 63
3 0 0 0 0 0 0
1 2342 -7758 -3902 833 -1258 599
4 0 0 0 0 0 0
1 0 0 0 0 0 0
2 0 0 0 0 0 0
3 0 0 0 0 0 0
1 0 0 0 0 0 0
4 0 0 0 0 0 0
3 0 0 0 0 0 0
2 0 0 0 0 0 0
3 0 0 0 0 0 0
1 0 0 0 0 0 0
4 0 0 0 0 0 0
2 0 0 0 0 0 0
4 0 0 0 0 0 0
1 1906 -7506 -2870 -337 637 356
2 0 0 0 0 0 0
3 0 0 0 0 0 0
3 0 0 0 0 0 0
4 0 0 0 0 0 0
1 0 0 0 0 0 0
2 0 0 0 0 0 0
1 0 0 0 0 0 0
3 0 0 0 0 0 0
4 0 0 0 0 0 0
2 0 0 0 0 0 0
1 0 0 0 0 0 0
4 0 0 0 0 0 0
3 0 0 0 0 0 0
2 0 0 0 0 0 0

1 -12914 -13134 9382 10226 24700 -4622
4 0 0 0 0 0 0
3 0 0 0 0 0 0
2 -10236 8356 17104 -25398 32767 18428
1 -7306 -14850 -15312 24136 19725 20198
4 0 0 0 0 0 0
2 -226 25036 -4168 -32674 17731 -29554
3 0 0 0 0 0 0
1 8522 -11858 -23210 20920 9748 24380
4 0 0 0 0 0 0
3 0 0 0 0 0 0
2 9994 32767 -7502 -13704 18505 -18411
1 8974 -11982 -5914 4035 18108 20243
4 0 0 0 0 0 0
2 9756 16492 6044 3086 30486 -7452
3 0 0 0 0 0 0
4 0 0 0 0 0 0
2 13716 11070 6740 -900 22102 4208
3 0 0 0 0 0 0
1 8336 -8546 -1678 -858 4624 3592
1 2458 -8242 -3456 -4279 5916 158
4 0 0 0 0 0 0
2 3282 8162 1784 852 6509 1192
3 0 0 0 0 0 0
4 0 0 0 0 0 0
2 0 0 0 0 0 0
3 0 0 0 0 0 0
1 1664 -6588 -2888 -4203 4237 850
3 0 0 0 0 0 0
1 1614 -4980 -3568 3280 -3851 550
2 -1280 8192 -768 -754 -5707 -733
4 0 0 0 0 0 0
1 1092 -7676 -4166 8276 -1628 1370
4 0 0 0 0 0 0
3 0 0 0 0 0 0
2 0 0 0 0 0 0
4 0 0 0 0 0 0
1 2168 -8434 -4462 5044 1514 1980
3 0 0 0 0 0 0
2 0 0 0 0 0 0
2 454 9402 -910 -512 -1322 -941
4 0 0 0 0 0 0
3 0 0 0 0 0 0
1 2334 -7810 -4122 -129 217 782
1 0 0 0 0 0 0
4 0 0 0 0 0 0
2 0 0 0 0 0 0
3 0 0 0 0 0 0
2 0 0 0 0 0 0
4 0 0 0 0 0 0
3 0 0 0 0 0 0
1 0 0 0 0 0 0
2 0 0 0 0 0 0
3 0 0 0 0 0 0
4 0 0 0 0 0 0
1 0 0 0 0 0 0
1 0 0 0 0 0 0
4 0 0 0 0 0 0
2 0 0 0 0 0 0
3 0 0 0 0 0 0
1 0 0 0 0 0 0
2 -144 8164 -270 1822 260 341
3 0 0 0 0 0 0
4 0 0 0 0 0 0
1 0 0 0 0 0 0
4 0 0 0 0 0 0
3 0 0 0 0 0 0
2 0 0 0 0 0 0
2 0 0 0 0 0 0
1 0 0 0 0 0 0
3 0 0 0 0 0 0
4 0 0 0 0 0 0
1 0 0 0 0 0 0
4 0 0 0 0 0 0
3 0 0 0 0 0 0
2 0 0 0 0 0 0
1 0 0 0 0 0 0
4 0 0 0 0 0 0
2 0 0 0 0 0 0
3 0 0 0 0 0 0

3 0 0 0 0 0 0
4 0 0 0 0 0 0
1 8704 -28208 -6224 -794 5360 -32768
2 1364 27988 5060 10652 -2057 32767
4 0 0 0 0 0 0
1 -3836 -32768 5490 11264 11939 -32768
2 -6312 19658 19836 -16289 12116 30040
3 0 0 0 0 0 0
3 0 0 0 0 0 0
4 0 0 0 0 0 0
1 -13254 -26468 -1446 29259 32767 1378
2 -6822 32767 6960 -32768 32767 4230
1 -224 -32768 -24648 20471 18571 32767
4 0 0 0 0 0 0
3 0 0 0 0 0 0
1 21536 -30374 560 -14118 6482 19315
3 0 0 0 0 0 0
2 -1536 32767 -13968 -13968 26314 -28457
2 24024 31328 8498 12558 26120 -16511
3 0 0 0 0 0 0
1 10966 -12940 4562 -6528 12304 664
2 4378 12660 8746 7084 22128 2243
4 0 0 0 0 0 0
2 -22 6562 3418 4955 655 1956
4 0 0 0 0 0 0
1 1316 -8682 -2200 -5165 5916 -1697
3 0 0 0 0 0 0
4 0 0 0 0 0 0
2 -566 7202 366 1663 3296 1461
1 184 -6898 -2570 -4413 3252 -714
3 0 0 0 0 0 0
4 0 0 0 0 0 0
2 0 0 0 0 0 0
4 0 0 0 0 0 0
1 1722 -5706 -3152 -1393 11 236
3 0 0 0 0 0 0
1 2156 -6462 -3666 2992 428 2077
4 0 0 0 0 0 0
3 0 0 0 0 0 0
2 0 0 0 0 0 0
3 0 0 0 0 0 0
4 0 0 0 0 0 0
2 0 0 0 0 0 0
1 0 0 0 0 0 0
3 0 0 0 0 0 0
2 0 0 0 0 0 0
1 0 0 0 0 0 0
4 0 0 0 0 0 0
2 0 0 0 0 0 0
1 0 0 0 0 0 0
3 0 0 0 0 0 0
4 0 0 0 0 0 0
3 0 0 0 0 0 0
4 0 0 0 0 0 0
2 0 0 0 0 0 0
1 1476 -7632 -4150 563 -155 -27
2 0 0 0 0 0 0
4 0 0 0 0 0 0
1 1564 -7832 -3556 -4285 -405 299
3 0 0 0 0 0 0
4 0 0 0 0 0 0
1 0 0 0 0 0 0
3 0 0 0 0 0 0
2 0 0 0 0 0 0
4 0 0 0 0 0 0
2 0 0 0 0 0 0
1 1888 -7008 -3026 -603 120 549
3 0 0 0 0 0 0
1 0 0 0 0 0 0
2 0 0 0 0 0 0
3 0 0 0 0 0 0
4 0 0 0 0 0 0
3 0 0 0 0 0 0
1 0 0 0 0 0 0
4 0 0 0 0 0 0
2 0 0 0 0 0 0
2 0 0 0 0 0 0
1 0 0 0 0 0 0
4 0 0 0 0 0 0
3 0 0 0 0 0 0

4 0 0 0 0 0 0
1 -11996 -10506 4720 18124 20412 -12171
2 -14738 7258 9748 -24706 -2301 14398
3 0 0 0 0 0 0
4 0 0 0 0 0 0
1 -3332 -13222 -6356 21880 22059 10097
3 0 0 0 0 0 0
2 -7396 22566 -354 -32768 23631 -6460
4 0 0 0 0 0 0
3 0 0 0 0 0 0
2 6104 25270 -4742 -7108 32767 -16739
1 7816 -22562 -14818 16643 32767 29697
2 9874 19246 6298 11867 18021 -12147
3 0 0 0 0 0 0
1 12022 -14708 -6004 -7302 5362 15470
4 0 0 0 0 0 0
4 0 0 0 0 0 0
1 12448 -10814 1590 -8152 28972 8210
2 12856 6732 16960 -1906 32767 7348
3 0 0 0 0 0 0
3 0 0 0 0 0 0
4 0 0 0 0 0 0
2 -2104 7782 1982 3118 1599 1371
1 522 -7198 -1432 -2697 -4073 -2126
2 0 0 0 0 0 0
1 0 0 0 0 0 0
3 0 0 0 0 0 0
4 0 0 0 0 0 0
2 454 7910 -966 2367 -6552 492
4 0 0 0 0 0 0
1 0 0 0 0 0 0
3 0 0 0 0 0 0
2 -3346 7638 -6578 1972 549 -3664
3 0 0 0 0 0 0
1 -78 -4774 -8964 170 -4297 1468
4 0 0 0 0 0 0
1 -2908 -5232 -8102 -1035 -13967 594
3 0 0 0 0 0 0
2 1116 8004 -7646 7285 9396 -4681
4 0 0 0 0 0 0
2 1986 6966 -2614 7931 6404 -2673
1 -3248 -7706 -6626 -1973 -7945 4251
3 0 0 0 0 0 0
4 0 0 0 0 0 0
2 2762 8650 -2388 4345 -3096 -317
1 730 -6662 -5684 -2253 -1729 2907
4 0 0 0 0 0 0
3 0 0 0 0 0 0
1 -1646 -5894 -3914 -2046 -469 -27
4 0 0 0 0 0 0
3 0 0 0 0 0 0
2 0 0 0 0 0 0
1 0 0 0 0 0 0
2 4100 3442 -4930 1821 2872 1055
4 0 0 0 0 0 0
3 0 0 0 0 0 0
1 -1270 -5650 -6274 -1621 -701 1121
2 -2174 7214 -7006 2167 -8649 -1206
4 0 0 0 0 0 0
3 0 0 0 0 0 0
1 0 0 0 0 0 0
2 -3500 4280 -7404 1386 2653 -532
4 0 0 0 0 0 0
3 0 0 0 0 0 0
4 0 0 0 0 0 0
1 0 0 0 0 0 0
2 -932 1746 -5574 632 -129 -1835
3 0 0 0 0 0 0
2 -2950 4016 -8266 -2228 -2911 -4360
3 0 0 0 0 0 0
4 0 0 0 0 0 0
1 2790 -4074 -5908 673 -3410 -4354
2 -3830 2260 -6226 -1722 6269 -1760
4 0 0 0 0 0 0
3 0 0 0 0 0 0
1 -5814 -5098 -6482 610 2278 -3152
2 -802 5024 -6624 -1705 911 -2591
3 0 0 0 0 0 0
1 -2756 -5012 -6258 905 -7487 -3738
4 0 0 0 0 0 0

1 -3632 -7480 -3386 1711 -7216 -3599
2 36 2920 -6598 -3081 -9661 -3968
4 0 0 0 0 0 0
3 0 0 0 0 0 0
3 0 0 0 0 0 0
1 -3152 -7528 -2696 771 -3073 -2457
2 -1868 2998 -8096 -1444 -3143 -2808
4 0 0 0 0 0 0
1 -3486 -6580 -2610 -2029 -1822 194
4 0 0 0 0 0 0
3 0 0 0 0 0 0
2 -4442 4610 -7664 -740 -9617 -2557
1 0 0 0 0 0 0
4 0 0 0 0 0 0
3 0 0 0 0 0 0
2 0 0 0 0 0 0
2 0 0 0 0 0 0
4 0 0 0 0 0 0
3 0 0 0 0 0 0
1 -5058 -6494 -3084 -2335 1650 3389
1 -4064 -4352 -3580 6241 -677 -1326
3 0 0 0 0 0 0
2 -5060 3390 -5676 433 -1011 -152
4 0 0 0 0 0 0
3 0 0 0 0 0 0
4 0 0 0 0 0 0
1 0 0 0 0 0 0
2 -5980 3606 -5772 404 3347 2657
1 -5694 -8768 -4216 772 895 -2416
4 0 0 0 0 0 0
2 0 0 0 0 0 0
3 0 0 0 0 0 0
2 0 0 0 0 0 0
3 0 0 0 0 0 0
1 0 0 0 0 0 0
4 0 0 0 0 0 0
1 0 0 0 0 0 0
2 0 0 0 0 0 0
4 0 0 0 0 0 0
3 0 0 0 0 0 0
4 0 0 0 0 0 0
3 0 0 0 0 0 0
1 -6872 -6280 -2946 263 -2351 964
2 0 0 0 0 0 0
4 0 0 0 0 0 0
3 0 0 0 0 0 0
1 -7928 3084 4128 6109 -11464 -127
2 0 0 0 0 0 0
3 0 0 0 0 0 0
1 -9518 -24112 17590 32767 -21005 7367
2 -2824 5536 -9270 2576 8633 4981
4 0 0 0 0 0 0
3 0 0 0 0 0 0
1 1650 9596 176 -9487 -3074 21659
4 0 0 0 0 0 0
2 668 2180 -5372 1050 12537 423
3 0 0 0 0 0 0
4 0 0 0 0 0 0
2 3140 2652 -6130 -1044 7619 1660
1 -4612 5018 2616 17419 1214 447
4 0 0 0 0 0 0
1 -1092 6806 832 10748 7597 -4251
2 5306 3338 -5236 -2667 772 689
3 0 0 0 0 0 0
4 0 0 0 0 0 0
1 -5244 -3934 -8670 10720 12079 -9768
2 4678 4354 -5440 -1887 -12846 -803
3 0 0 0 0 0 0
4 0 0 0 0 0 0
4 0 0 0 0 0 0
3 0 0 0 0 0 0
1 -9554 2618 3926 -10725 -709 -2321
3 0 0 0 0 0 0
2 248 3764 -7530 -1846 -6638 427
1 -4552 -3268 1442 115 3921 -7805
3 0 0 0 0 0 0
2 1072 3426 -8506 -1274 -1020 -586
4 0 0 0 0 0 0
1 -6890 -1222 1684 5031 1598 5282
2 0 0 0 0 0 0

2 3542 5214 -4398 -1876 9509 2394
4 0 0 0 0 0 0
1 -8018 -1466 -260 32 -161 -4
3 0 0 0 0 0 0
2 314 7900 -4382 1880 6344 3000
1 -8034 -1438 -186 31 -153 -3
4 0 0 0 0 0 0
3 0 0 0 0 0 0
2 5624 5374 -4742 -554 15055 479
4 0 0 0 0 0 0
1 0 0 0 0 0 0
3 0 0 0 0 0 0
4 0 0 0 0 0 0
3 0 0 0 0 0 0
1 0 0 0 0 0 0
2 2852 6056 -4006 -2549 7792 5004
3 0 0 0 0 0 0
3 0 0 0 0 0 0
2 4128 7204 -3088 -4977 83 533
4 0 0 0 0 0 0
2 4822 8372 -3832 839 -2203 445
1 0 0 0 0 0 0
4 0 0 0 0 0 0
1 0 0 0 0 0 0
1 0 0 0 0 0 0
2 5608 6338 -4034 4585 -4888 -3316
3 0 0 0 0 0 0
4 0 0 0 0 0 0
2 3898 6448 -1368 4706 -32732 -4959
3 0 0 0 0 0 0
1 0 0 0 0 0 0
4 0 0 0 0 0 0
1 0 0 0 0 0 0
2 -7142 5760 2014 2763 -26449 -4450
4 0 0 0 0 0 0
3 0 0 0 0 0 0
4 0 0 0 0 0 0
1 0 0 0 0 0 0
3 0 0 0 0 0 0
2 -4790 6502 -1484 358 -9529 -1924
4 0 0 0 0 0 0
2 -4876 5960 370 -1864 1082 775
1 0 0 0 0 0 0
3 0 0 0 0 0 0
2 -2580 7518 -1532 -661 9304 1772
1 0 0 0 0 0 0
4 0 0 0 0 0 0
3 0 0 0 0 0 0
1 0 0 0 0 0 0
3 0 0 0 0 0 0
4 0 0 0 0 0 0
2 0 0 0 0 0 0
1 0 0 0 0 0 0
2 0 0 0 0 0 0
3 0 0 0 0 0 0
4 0 0 0 0 0 0
3 0 0 0 0 0 0
1 0 0 0 0 0 0
4 0 0 0 0 0 0
3 0 0 0 0 0 0
1 0 0 0 0 0 0
4 0 0 0 0 0 0
2 -3880 6822 -1928 -526 2819 -1571
2 0 0 0 0 0 0
2 0 0 0 0 0 0
1 0 0 0 0 0 0
4 0 0 0 0 0 0
3 0 0 0 0 0 0
4 0 0 0 0 0 0
2 -4374 4738 -918 695 -3312 1343
3 0 0 0 0 0 0
1 0 0 0 0 0 0
3 0 0 0 0 0 0
4 0 0 0 0 0 0
2 0 0 0 0 0 0
1 0 0 0 0 0 0
1 0 0 0 0 0 0
3 0 0 0 0 0 0
4 0 0 0 0 0 0
2 0 0 0 0 0 0

3 0 0 0 0 0 0
2 -5580 2696 5654 -326 1915 -818
1 0 0 0 0 0 0
4 0 0 0 0 0 0
2 -6246 2588 5662 67 4842 -641
4 0 0 0 0 0 0
3 0 0 0 0 0 0
1 0 0 0 0 0 0
4 0 0 0 0 0 0
2 -5212 3410 3152 -986 13305 675
3 0 0 0 0 0 0
1 0 0 0 0 0 0
3 0 0 0 0 0 0
2 -9350 3502 -584 -848 6840 -954
1 0 0 0 0 0 0
4 0 0 0 0 0 0
2 -6736 3088 122 186 3887 -3620
1 0 0 0 0 0 0
4 0 0 0 0 0 0
3 0 0 0 0 0 0
2 -5694 2402 -2310 1734 7841 -3352
3 0 0 0 0 0 0
1 0 0 0 0 0 0
4 0 0 0 0 0 0
3 0 0 0 0 0 0
2 -7146 1994 -2078 -1107 -8694 2394
1 0 0 0 0 0 0
4 0 0 0 0 0 0
4 0 0 0 0 0 0
3 0 0 0 0 0 0
2 -7782 1456 1698 -4976 268 2509
1 0 0 0 0 0 0
2 0 0 0 0 0 0
1 0 0 0 0 0 0
4 0 0 0 0 0 0
3 0 0 0 0 0 0
2 -7788 2174 136 -342 -215 433
3 0 0 0 0 0 0
1 0 0 0 0 0 0
4 0 0 0 0 0 0
4 0 0 0 0 0 0
1 0 0 0 0 0 0
3 0 0 0 0 0 0
2 -3382 3916 -16 -558 -5230 -2673
4 0 0 0 0 0 0
3 0 0 0 0 0 0
1 0 0 0 0 0 0
2 -9436 2304 4420 2723 -1326 436
2 -6660 2702 -278 4747 5080 -1309
3 0 0 0 0 0 0
4 0 0 0 0 0 0
1 0 0 0 0 0 0
2 0 0 0 0 0 0
4 0 0 0 0 0 0
1 0 0 0 0 0 0
3 0 0 0 0 0 0
2 -7862 540 1840 2233 4232 1403
1 0 0 0 0 0 0
3 0 0 0 0 0 0
4 0 0 0 0 0 0
2 -8540 2220 -4338 3780 2738 -3047
3 0 0 0 0 0 0
4 0 0 0 0 0 0
1 0 0 0 0 0 0
4 0 0 0 0 0 0
2 -9308 1802 -2846 459 -1615 783
3 0 0 0 0 0 0
1 0 0 0 0 0 0
3 0 0 0 0 0 0
1 0 0 0 0 0 0
4 0 0 0 0 0 0
3 0 0 0 0 0 0
2 0 0 0 0 0 0
1 0 0 0 0 0 0
4 0 0 0 0 0 0
2 -8124 2936 1566 2961 -2602 -3923
2 -7452 2154 1194 484 1311 -1424
4 0 0 0 0 0 0
3 0 0 0 0 0 0
1 0 0 0 0 0 0

2 -3534 -4380 7368 -2515 7198 1225
1 0 0 0 0 0 0
4 0 0 0 0 0 0
3 0 0 0 0 0 0
1 0 0 0 0 0 0
3 0 0 0 0 0 0
4 0 0 0 0 0 0
2 -7302 -1748 4862 -4646 -784 2620
4 0 0 0 0 0 0
1 0 0 0 0 0 0
3 0 0 0 0 0 0
2 -4950 -2422 5444 52 459 1462
4 0 0 0 0 0 0
2 0 0 0 0 0 0
3 0 0 0 0 0 0
1 0 0 0 0 0 0
2 -6944 -3266 4702 -1458 5420 2989
3 0 0 0 0 0 0
1 0 0 0 0 0 0
4 0 0 0 0 0 0
2 -6766 -6510 4054 -8776 -5067 2089
3 0 0 0 0 0 0
4 0 0 0 0 0 0
1 0 0 0 0 0 0
4 0 0 0 0 0 0
3 0 0 0 0 0 0
1 0 0 0 0 0 0
2 -3444 -3382 1396 -5717 4922 -188
2 -6978 -4398 2464 -137 145 -2135
3 0 0 0 0 0 0
4 0 0 0 0 0 0
1 0 0 0 0 0 0
4 0 0 0 0 0 0
2 -5110 -3110 688 10936 4816 -495
1 0 0 0 0 0 0
3 0 0 0 0 0 0
3 0 0 0 0 0 0
1 0 0 0 0 0 0
4 0 0 0 0 0 0
2 -8282 -2436 3686 10644 -1973 10436
2 0 0 0 0 0 0
4 0 0 0 0 0 0
1 0 0 0 0 0 0
3 0 0 0 0 0 0
1 0 0 0 0 0 0
2 -5866 -946 3262 3000 2828 805
3 0 0 0 0 0 0
4 0 0 0 0 0 0
3 0 0 0 0 0 0
2 0 0 0 0 0 0
4 0 0 0 0 0 0
1 0 0 0 0 0 0
4 0 0 0 0 0 0
1 0 0 0 0 0 0
2 -5758 -18 5360 -12795 -7211 3196
3 0 0 0 0 0 0
1 0 0 0 0 0 0
4 0 0 0 0 0 0
2 -8318 524 4778 -5875 -3917 -4299
3 0 0 0 0 0 0
1 -8136 -2038 -250 -2621 3270 -616
2 0 0 0 0 0 0
4 0 0 0 0 0 0
3 0 0 0 0 0 0
2 -8136 -538 4016 -6262 3269 4606
4 0 0 0 0 0 0
3 0 0 0 0 0 0
1 0 0 0 0 0 0
4 0 0 0 0 0 0
2 0 0 0 0 0 0
3 0 0 0 0 0 0
1 -7930 -10674 2832 -12062 -1151 -2430
4 0 0 0 0 0 0
1 -9402 -1162 12 417 -17790 -338
2 -6976 496 5782 -5695 -6103 -7819
3 0 0 0 0 0 0
1 -5166 2066 -220 -3467 4308 -537
4 0 0 0 0 0 0
3 0 0 0 0 0 0
2 -7294 2024 7472 -311 -2264 -1050

1 -7982 -1554 -1074 40 -172 5
2 -122 -1976 8078 251 487 7
4 0 0 0 0 0 0
3 -1396 4172 1178 -7284 15013 7332
2 -62 -1990 8098 317 231 -69
3 -4258 3052 -642 10337 1338 470
1 -8012 -1560 -1040 33 -149 -9
4 0 0 0 0 0 0
2 0 0 0 0 0 0
3 -3582 7362 2428 15655 12826 -3807
1 0 0 0 0 0 0
4 0 0 0 0 0 0
1 0 0 0 0 0 0
4 0 0 0 0 0 0
2 0 0 0 0 0 0
3 -1946 4774 -5176 8478 3175 -7484
1 0 0 0 0 0 0
3 -2624 4972 -2636 -10606 -734 -13265
2 0 0 0 0 0 0
4 0 0 0 0 0 0
3 -7838 6076 -912 -9628 -1039 -7988
4 0 0 0 0 0 0
1 0 0 0 0 0 0
2 0 0 0 0 0 0
4 0 0 0 0 0 0
3 -7330 1692 -3260 -102 13238 -5959
1 0 0 0 0 0 0
2 0 0 0 0 0 0
4 0 0 0 0 0 0
1 0 0 0 0 0 0
2 0 0 0 0 0 0
3 -6354 2618 -6164 -9935 15962 4290
1 0 0 0 0 0 0
4 0 0 0 0 0 0
2 0 0 0 0 0 0
3 -2604 3014 -7466 703 297 9843
1 0 0 0 0 0 0
4 0 0 0 0 0 0
2 0 0 0 0 0 0
3 0 0 0 0 0 0
1 0 0 0 0 0 0
3 122 4254 -7506 -6567 1008 448
4 0 0 0 0 0 0
2 0 0 0 0 0 0
2 0 0 0 0 0 0
3 844 2088 -5334 -13716 1559 -8697
1 0 0 0 0 0 0
4 0 0 0 0 0 0
1 0 0 0 0 0 0
3 -4758 3104 -3850 11111 -1535 -3047
4 0 0 0 0 0 0
2 0 0 0 0 0 0
3 -5284 2532 -6382 14070 9456 -7106
2 0 0 0 0 0 0
4 0 0 0 0 0 0
1 0 0 0 0 0 0
3 1210 1410 -7934 1985 32297 439
2 0 0 0 0 0 0
1 0 0 0 0 0 0
4 0 0 0 0 0 0
3 9216 1508 -7804 -871 16289 -15868
1 0 0 0 0 0 0
4 0 0 0 0 0 0
2 0 0 0 0 0 0
4 0 0 0 0 0 0
1 0 0 0 0 0 0
2 0 0 0 0 0 0
3 -674 2312 -5850 -4536 1435 -18478
3 6856 8018 842 -5970 14182 4487
1 0 0 0 0 0 0
2 0 0 0 0 0 0
4 0 0 0 0 0 0
4 0 0 0 0 0 0
3 4882 6196 -5226 3064 -142 -2532
2 0 0 0 0 0 0
1 0 0 0 0 0 0
2 0 0 0 0 0 0
1 0 0 0 0 0 0
3 9032 -1074 -5944 13237 -19549 1968
4 0 0 0 0 0 0

1 0 0 0 0 0 0
4 0 0 0 0 0 0
2 0 0 0 0 0 0
3 -1212 4062 -3434 15906 3302 -10205
2 0 0 0 0 0 0
4 0 0 0 0 0 0
1 0 0 0 0 0 0
3 -5646 -4948 -14920 -3663 8893 -2372
4 0 0 0 0 0 0
2 0 0 0 0 0 0
3 -706 -984 -8494 -16139 10808 6707
1 0 0 0 0 0 0
2 0 0 0 0 0 0
1 0 0 0 0 0 0
3 -2438 2750 -10422 -5852 5633 10082
4 0 0 0 0 0 0
4 0 0 0 0 0 0
3 1320 5692 -4498 -5258 -7169 8710
1 0 0 0 0 0 0
2 0 0 0 0 0 0
2 0 0 0 0 0 0
4 0 0 0 0 0 0
3 5300 490 -8050 25651 10645 6611
1 0 0 0 0 0 0
1 0 0 0 0 0 0
3 -150 5068 -5790 -7001 -8178 1438
4 0 0 0 0 0 0
2 0 0 0 0 0 0
4 0 0 0 0 0 0
3 -372 3132 -9002 3739 -2315 -1294
1 0 0 0 0 0 0
2 0 0 0 0 0 0
3 -6538 3458 -10812 9696 -11039 -8278
1 0 0 0 0 0 0
4 0 0 0 0 0 0
2 0 0 0 0 0 0
1 0 0 0 0 0 0
2 0 0 0 0 0 0
4 0 0 0 0 0 0
3 -2388 4238 -3580 3539 -12223 6888
4 0 0 0 0 0 0
2 0 0 0 0 0 0
1 0 0 0 0 0 0
3 -1942 5004 -6878 -941 -989 -3260
2 0 0 0 0 0 0
3 -1740 1946 -12040 -106 -3301 -1594
4 0 0 0 0 0 0
1 0 0 0 0 0 0
4 0 0 0 0 0 0
2 0 0 0 0 0 0
1 0 0 0 0 0 0
3 -762 3310 -4676 11899 5670 -57
3 162 -1330 -13982 7762 2021 -1193
1 0 0 0 0 0 0
4 0 0 0 0 0 0
2 0 0 0 0 0 0
4 0 0 0 0 0 0
3 -2728 10 -9880 169 -9839 2951
1 0 0 0 0 0 0
2 0 0 0 0 0 0
1 0 0 0 0 0 0
4 0 0 0 0 0 0
3 254 4070 -5756 1388 13444 -2209
2 0 0 0 0 0 0
4 0 0 0 0 0 0
1 0 0 0 0 0 0
3 -2022 -2280 -4784 2186 -19692 -15701
2 0 0 0 0 0 0
4 0 0 0 0 0 0
3 -88 600 -8146 308 4479 -4979
1 0 0 0 0 0 0
2 0 0 0 0 0 0
3 -4016 -6 -9350 1230 -8747 6453
1 0 0 0 0 0 0
2 0 0 0 0 0 0
4 0 0 0 0 0 0
1 0 0 0 0 0 0
4 0 0 0 0 0 0
2 0 0 0 0 0 0
3 0 0 0 0 0 0

1 0 0 0 0 0 0
4 0 0 0 0 0 0
3 -142 1626 -5396 -2357 -9715 1051
1 0 0 0 0 0 0
4 0 0 0 0 0 0
3 -4078 1610 -5778 3259 6572 3062
2 0 0 0 0 0 0
4 0 0 0 0 0 0
2 0 0 0 0 0 0
3 1026 -740 -8762 4507 5652 4985
1 0 0 0 0 0 0
2 0 0 0 0 0 0
1 0 0 0 0 0 0
4 0 0 0 0 0 0
3 -3444 1600 -9306 -5386 -29452 -5063
4 0 0 0 0 0 0
2 0 0 0 0 0 0
1 0 0 0 0 0 0
3 -3038 2172 -3098 -14251 -13466 984
1 0 0 0 0 0 0
2 0 0 0 0 0 0
4 0 0 0 0 0 0
3 -7526 446 -5116 -1498 4240 -6789
1 0 0 0 0 0 0
3 -5320 932 -6320 449 -2717 287
2 0 0 0 0 0 0
4 0 0 0 0 0 0
1 0 0 0 0 0 0
4 0 0 0 0 0 0
2 0 0 0 0 0 0
3 -5718 1890 -4890 -6569 -3113 -5
4 0 0 0 0 0 0
3 0 0 0 0 0 0
1 0 0 0 0 0 0
2 0 0 0 0 0 0
3 0 0 0 0 0 0
4 0 0 0 0 0 0
2 0 0 0 0 0 0
1 0 0 0 0 0 0
3 -968 2172 -7658 658 22348 8857
2 0 0 0 0 0 0
1 0 0 0 0 0 0
4 0 0 0 0 0 0
4 0 0 0 0 0 0
1 0 0 0 0 0 0
2 0 0 0 0 0 0
3 -2888 6850 -6824 -6505 5211 -3009
1 0 0 0 0 0 0
4 0 0 0 0 0 0
2 0 0 0 0 0 0
3 -2796 3854 -7184 600 5487 5001
4 0 0 0 0 0 0
2 0 0 0 0 0 0
3 2876 5520 -3226 -1969 21344 6394
1 0 0 0 0 0 0
2 0 0 0 0 0 0
3 4470 8330 -1166 4441 9519 -3772
1 0 0 0 0 0 0
4 0 0 0 0 0 0
1 0 0 0 0 0 0
3 6062 4894 -3852 261 316 -1552
4 0 0 0 0 0 0
2 0 0 0 0 0 0
3 0 0 0 0 0 0
2 0 0 0 0 0 0
4 0 0 0 0 0 0
1 0 0 0 0 0 0
2 0 0 0 0 0 0
1 0 0 0 0 0 0
3 3324 7812 -3268 -4533 3718 -21
4 0 0 0 0 0 0
2 0 0 0 0 0 0
1 0 0 0 0 0 0
4 0 0 0 0 0 0
3 0 0 0 0 0 0
4 0 0 0 0 0 0
2 0 0 0 0 0 0
1 0 0 0 0 0 0
3 0 0 0 0 0 0
2 0 0 0 0 0 0

2 0 0 0 0 0 0
1 0 0 0 0 0 0
4 0 0 0 0 0 0
3 -1578 7064 -2558 556 -9026 -2012
4 0 0 0 0 0 0
1 0 0 0 0 0 0
2 0 0 0 0 0 0
3 -736 7150 -3738 1037 -11750 -2913
1 0 0 0 0 0 0
4 0 0 0 0 0 0
3 -708 6754 -4808 3044 -6630 -1202
2 0 0 0 0 0 0
4 0 0 0 0 0 0
2 0 0 0 0 0 0
3 -1538 6930 -5174 674 514 44
1 0 0 0 0 0 0
4 0 0 0 0 0 0
1 0 0 0 0 0 0
3 -4358 6898 -3676 211 -3186 -3093
2 0 0 0 0 0 0
4 0 0 0 0 0 0
3 -4176 6890 -3776 -3634 -6892 -3054
1 0 0 0 0 0 0
2 0 0 0 0 0 0
2 0 0 0 0 0 0
4 0 0 0 0 0 0
3 -5332 7800 -2328 -2880 -710 1464
1 0 0 0 0 0 0
2 0 0 0 0 0 0
4 0 0 0 0 0 0
1 0 0 0 0 0 0
3 -3322 7952 -2830 -1668 -673 -298
4 0 0 0 0 0 0
2 0 0 0 0 0 0
1 0 0 0 0 0 0
3 482 8488 -2760 -1896 -3277 -1835
4 0 0 0 0 0 0
1 0 0 0 0 0 0
2 0 0 0 0 0 0
3 -4578 5986 -306 -1544 -2308 -1693
4 0 0 0 0 0 0
3 -5020 6550 1004 -1140 -9830 -4845
2 0 0 0 0 0 0
1 0 0 0 0 0 0
4 0 0 0 0 0 0
3 -3988 5866 -476 -98 2902 -1923
1 0 0 0 0 0 0
2 0 0 0 0 0 0
4 0 0 0 0 0 0
3 0 0 0 0 0 0
2 0 0 0 0 0 0
1 0 0 0 0 0 0
4 0 0 0 0 0 0
3 -6384 5428 -624 -618 -129 1131
2 0 0 0 0 0 0
1 0 0 0 0 0 0
4 0 0 0 0 0 0
3 -4034 6564 58 2838 10443 3814
1 0 0 0 0 0 0
2 0 0 0 0 0 0
2 0 0 0 0 0 0
4 0 0 0 0 0 0
1 0 0 0 0 0 0
3 -3710 6202 -2072 3492 5022 619
2 0 0 0 0 0 0
4 0 0 0 0 0 0
3 -3160 5570 -3484 3938 1234 183
1 0 0 0 0 0 0
4 0 0 0 0 0 0
1 0 0 0 0 0 0
2 0 0 0 0 0 0
3 0 0 0 0 0 0
1 0 0 0 0 0 0
4 0 0 0 0 0 0
3 0 0 0 0 0 0
2 0 0 0 0 0 0
4 0 0 0 0 0 0
2 0 0 0 0 0 0
1 0 0 0 0 0 0
3 -1900 3876 -8648 804 15798 2480

4 0 0 0 0 0 0
2 0 0 0 0 0 0
1 0 0 0 0 0 0
3 -1726 -4404 -8534 8269 -210 546
4 0 0 0 0 0 0
2 0 0 0 0 0 0
1 0 0 0 0 0 0
3 -636 -3612 -9834 5309 -4449 -1197
4 0 0 0 0 0 0
2 0 0 0 0 0 0
1 0 0 0 0 0 0
3 -1350 -3420 -9042 2602 -1002 255
4 -3256 128 6220 -600 2204 2002
1 0 0 0 0 0 0
3 0 0 0 0 0 0
2 0 0 0 0 0 0
4 -5918 -138 4664 -4510 841 -8457
3 0 0 0 0 0 0
1 0 0 0 0 0 0
2 0 0 0 0 0 0
4 -7598 2260 9464 16094 591 6003
2 0 0 0 0 0 0
3 -1206 -5530 -8910 -5551 4298 2850
1 0 0 0 0 0 0
4 -9628 4048 5648 23320 12086 10061
3 594 -5726 -9722 -9119 -1047 1067
2 0 0 0 0 0 0
1 0 0 0 0 0 0
4 -752 4510 -570 7667 9200 18926
1 0 0 0 0 0 0
3 0 0 0 0 0 0
2 0 0 0 0 0 0
4 1090 5562 1170 -4318 831 3031
3 0 0 0 0 0 0
4 -2282 6606 1466 -1223 -4018 2080
3 2250 -154 -7848 -3736 -1422 3781
2 0 0 0 0 0 0
4 798 7914 2422 -13547 -12192 16998
2 0 0 0 0 0 0
1 0 0 0 0 0 0
2 0 0 0 0 0 0
3 2230 1758 -8918 -1449 11905 5801
1 0 0 0 0 0 0
1 0 0 0 0 0 0
1 0 0 0 0 0 0
3 4472 3194 -7570 -3044 -4181 1453
4 4626 6742 6512 -11033 231 1143
2 0 0 0 0 0 0
2 0 0 0 0 0 0
4 6986 -1136 8706 -24813 -14229 4056
3 1646 3626 -7766 -108 -1136 -784
1 0 0 0 0 0 0
4 3626 -2060 3316 -23934 -11635 5423
3 -1016 4174 -8478 -327 -2180 -895
1 0 0 0 0 0 0
2 0 0 0 0 0 0
4 5316 -5318 -412 -9142 -8069 12129
2 0 0 0 0 0 0
3 -1648 3210 -6260 -1598 -12862 -1658
1 0 0 0 0 0 0
4 5932 -7370 -5004 -9538 1840 11718
1 0 0 0 0 0 0
2 0 0 0 0 0 0
4 3232 -5814 -4674 -2784 -1428 3097
3 -5544 3250 -6586 162 -3203 -1353
1 0 0 0 0 0 0
2 0 0 0 0 0 0
3 -7568 4106 -5876 1288 -4417 -128
4 1702 -6712 -2912 2073 4291 8316
1 0 0 0 0 0 0
2 0 0 0 0 0 0
3 0 0 0 0 0 0
4 6006 -6946 -2086 943 3294 -5033
3 0 0 0 0 0 0
1 0 0 0 0 0 0
2 0 0 0 0 0 0
4 7134 -6890 -5518 -20045 -32370 -22882
1 0 0 0 0 0 0
2 0 0 0 0 0 0
3 -5094 3228 -8416 1408 12847 5432

3 -1318 4594 -7086 505 726 500
2 0 0 0 0 0 0
1 0 0 0 0 0 0
4 -4030 -6672 1276 1276 1317 -765
1 0 0 0 0 0 0
2 0 0 0 0 0 0
3 -636 4738 -6582 1459 638 801
4 -3016 -7874 1912 2706 -1670 -5644
1 0 0 0 0 0 0
2 0 0 0 0 0 0
3 -4744 4668 -5984 431 -8476 -683
4 0 0 0 0 0 0
1 0 0 0 0 0 0
3 -5728 5298 -5378 23 -12026 -1100
4 -336 -2878 -8516 -30406 32767 -14848
2 0 0 0 0 0 0
4 -264 -1408 -7350 -10533 -5641 -36
1 0 0 0 0 0 0
1 0 0 0 0 0 0
2 0 0 0 0 0 0
1 0 0 0 0 0 0
4 0 0 0 0 0 0
3 -6180 2928 -4296 2145 2968 1913
2 0 0 0 0 0 0
3 -7388 4884 -4130 -181 92 1384
4 1764 -158 -6074 -6984 10363 -8160
3 -7856 4966 -2754 585 11819 3195
2 0 0 0 0 0 0
1 0 0 0 0 0 0
3 2878 4544 -5282 3441 26433 7025
2 0 0 0 0 0 0
4 1644 5064 -6102 -1036 -983 -8332
1 0 0 0 0 0 0
3 1270 4864 -6560 140 4113 881
4 0 0 0 0 0 0
2 0 0 0 0 0 0
3 1622 4460 -7400 -522 315 -393
1 0 0 0 0 0 0
4 2706 6356 -7226 9376 -2033 -5199
2 0 0 0 0 0 0
3 1624 4836 -4988 2579 6742 286
1 0 0 0 0 0 0
4 2686 112 -5212 2633 5350 9863
2 0 0 0 0 0 0
2 0 0 0 0 0 0
1 0 0 0 0 0 0
1 0 0 0 0 0 0
3 4450 3116 -6398 1177 -7168 -2292
4 6624 3152 -7222 -9438 6904 -3493
3 0 0 0 0 0 0
2 0 0 0 0 0 0
3 -444 3608 -7930 518 -1559 -500
1 0 0 0 0 0 0
4 3938 1218 -470 -9976 12110 2823
2 0 0 0 0 0 0
4 7628 3752 -966 -1020 3305 -401
3 1354 4226 -7226 739 3406 940
4 6296 6248 -1560 3824 2413 475
2 0 0 0 0 0 0
1 0 0 0 0 0 0
1 0 0 0 0 0 0
2 0 0 0 0 0 0
3 706 3628 -7862 27 599 377
4 0 0 0 0 0 0
4 0 0 0 0 0 0
3 2034 3724 -7532 214 -2771 -348
1 0 0 0 0 0 0
2 0 0 0 0 0 0
1 0 0 0 0 0 0
3 1058 3996 -7772 178 -4676 -1232
2 0 0 0 0 0 0
4 0 0 0 0 0 0
1 0 0 0 0 0 0
3 944 3424 -8210 1179 875 -114
4 7634 2886 -1854 512 -8918 865
2 0 0 0 0 0 0
3 0 0 0 0 0 0
1 0 0 0 0 0 0
4 7812 574 -2372 -1740 646 2978
2 0 0 0 0 0 0

2 0 0 0 0 0 0
1 0 0 0 0 0 0
3 624 2126 -7600 -5814 1758 -554
4 9560 3648 -4884 9417 -1553 11210
1 0 0 0 0 0 0
3 3952 2154 -7162 -4535 8176 1492
2 0 0 0 0 0 0
4 4748 -1418 -5072 3585 8173 6905
1 0 0 0 0 0 0
4 7498 -4668 972 2805 2077 540
2 0 0 0 0 0 0
3 5584 2162 -7928 -2661 6362 3041
1 0 0 0 0 0 0
3 5808 3342 -4528 -2178 2482 756
4 104 -5678 -1500 -3171 -5039 -3518
2 0 0 0 0 0 0
1 0 0 0 0 0 0
2 0 0 0 0 0 0
4 9432 -4840 -2658 -4220 6146 -11820
3 5680 3774 -7848 -286 2755 1159
1 0 0 0 0 0 0
4 7482 -1198 -5278 1777 -3959 855
2 0 0 0 0 0 0
3 3356 2584 -4876 -812 969 908
2 0 0 0 0 0 0
1 0 0 0 0 0 0
4 4368 -1376 -5748 4239 -11145 7387
3 0 0 0 0 0 0
3 8366 2986 -5404 449 2032 -208
1 0 0 0 0 0 0
2 0 0 0 0 0 0
4 0 0 0 0 0 0
1 0 0 0 0 0 0
2 0 0 0 0 0 0
3 8626 2620 -4622 883 1095 -842
4 4164 -5060 320 779 690 1956
3 0 0 0 0 0 0
1 0 0 0 0 0 0
4 7612 -4702 -1554 1308 -2110 2020
2 0 0 0 0 0 0
3 0 0 0 0 0 0
1 0 0 0 0 0 0
2 0 0 0 0 0 0
4 2938 -748 -8034 -2738 -10280 52
4 -7002 -4168 -7970 -5659 -19358 13135
2 0 0 0 0 0 0
1 0 0 0 0 0 0
3 7036 2802 -3310 2504 3932 704
3 6976 2816 -6572 1323 2017 1154
4 5848 -886 -6638 -4974 4547 -14773
2 0 0 0 0 0 0
1 0 0 0 0 0 0
1 0 0 0 0 0 0
2 0 0 0 0 0 0
3 0 0 0 0 0 0
4 6022 -700 -7898 -4435 4248 -6181
3 0 0 0 0 0 0
1 0 0 0 0 0 0
2 0 0 0 0 0 0
4 -2282 2538 -7290 -11888 -11667 -3613
3 7952 878 -7608 1020 -1872 -3792
2 0 0 0 0 0 0
4 4872 6850 -8362 9858 6290 -2616
1 0 0 0 0 0 0
3 4110 4020 -6536 -3683 -13698 -1997
4 5070 -2980 3242 4734 30340 6434
1 0 0 0 0 0 0
2 0 0 0 0 0 0
3 1326 2946 -6254 795 2122 116
4 7058 1154 -990 -3096 -6581 -1940
1 0 0 0 0 0 0
2 0 0 0 0 0 0
1 0 0 0 0 0 0
3 5602 3636 -6866 -290 3719 968
4 5370 4354 -3176 1009 -12203 -9751
2 0 0 0 0 0 0
3 1428 3550 -6734 821 2538 224
2 0 0 0 0 0 0
4 2350 3296 -5566 3935 -19606 275
1 0 0 0 0 0 0

1 0 0 0 0 0 0
3 0 0 0 0 0 0
2 0 0 0 0 0 0
4 -1614 -3286 -3032 21324 -32768 15494
2 0 0 0 0 0 0
1 0 0 0 0 0 0
4 3360 1270 -9862 -11104 19523 3493
3 0 0 0 0 0 0
2 0 0 0 0 0 0
3 0 0 0 0 0 0
4 1716 -8102 -3938 6108 -2271 6758
1 0 0 0 0 0 0
2 0 0 0 0 0 0
3 0 0 0 0 0 0
4 -3462 -2852 -490 -5129 -3294 -8029
1 0 0 0 0 0 0
1 0 0 0 0 0 0
4 6458 -2004 -6350 -1913 -3084 -1613
3 11112 2740 -1698 1054 -3259 -1869
2 0 0 0 0 0 0
1 0 0 0 0 0 0
4 -4656 282 -9726 6636 -3858 2525
3 6320 -26 30 1058 -735 -977
2 0 0 0 0 0 0
2 0 0 0 0 0 0
4 1052 -1704 -6190 -9575 1279 -12440
3 0 0 0 0 0 0
1 0 0 0 0 0 0
4 908 -156 -8830 2151 4797 22
1 0 0 0 0 0 0
2 0 0 0 0 0 0
3 9938 1098 -3334 200 -318 -357
1 0 0 0 0 0 0
2 0 0 0 0 0 0
4 -886 -1852 -8770 14499 -5225 8346
3 8916 1266 -1178 164 2937 -114
1 0 0 0 0 0 0
4 1004 -1746 -6814 -411 180 -7692
3 0 0 0 0 0 0
2 0 0 0 0 0 0
3 6980 1940 -1668 -3291 -2484 268
4 -480 -1404 -3570 -4565 7782 -968
2 0 0 0 0 0 0
1 0 0 0 0 0 0
1 0 0 0 0 0 0
3 2546 100 -3482 -369 -3455 -3799
4 2480 -848 -9890 -1124 10460 2301
2 0 0 0 0 0 0
1 0 0 0 0 0 0
2 0 0 0 0 0 0
3 0 0 0 0 0 0
4 3118 -3712 -5070 6095 -1521 706
1 0 0 0 0 0 0
3 0 0 0 0 0 0
4 2144 -1496 -1890 3464 13255 -3028
2 0 0 0 0 0 0
1 0 0 0 0 0 0
2 0 0 0 0 0 0
4 822 -4888 -5444 2078 4836 1447
3 9802 3660 138 -7 -1526 -3460
3 10886 3422 -2006 -1014 -1709 -1112
1 0 0 0 0 0 0
2 0 0 0 0 0 0
4 3242 -6854 -3300 2898 2774 460
4 6800 -5020 -930 -1950 14068 1419
1 0 0 0 0 0 0
3 8662 4638 -568 -2473 -18683 -8085
2 0 0 0 0 0 0
3 488 6710 -2868 -2403 -10068 -5199
4 6880 -5792 -354 256 1239 1173
2 0 0 0 0 0 0
1 0 0 0 0 0 0
4 0 0 0 0 0 0
3 1402 7026 -4434 -308 12590 4018
2 0 0 0 0 0 0
1 0 0 0 0 0 0
4 0 0 0 0 0 0
3 4360 5798 -2758 96 6772 2778
1 0 0 0 0 0 0
2 0 0 0 0 0 0

3 -8916 6660 -3390 -1578 -1302 -692
1 0 0 0 0 0 0
4 3958 -8258 -2244 -838 -4122 -1821
2 0 0 0 0 0 0
2 0 0 0 0 0 0
1 0 0 0 0 0 0
4 2236 -5952 -5768 -2138 -11554 -3991
3 56 5720 -3576 -273 2459 -587
2 0 0 0 0 0 0
4 0 0 0 0 0 0
3 -2042 6582 -5518 966 -1227 -985
1 0 0 0 0 0 0
4 4100 -5226 -4988 444 446 126
1 0 0 0 0 0 0
3 0 0 0 0 0 0
2 0 0 0 0 0 0
2 0 0 0 0 0 0
3 0 0 0 0 0 0
1 0 0 0 0 0 0
4 0 0 0 0 0 0
2 0 0 0 0 0 0
4 1520 -5414 -5444 373 13309 1160
1 0 0 0 0 0 0
3 0 0 0 0 0 0
2 0 0 0 0 0 0
4 2872 -5966 -3088 224 899 1548
1 0 0 0 0 0 0
3 0 0 0 0 0 0
3 0 0 0 0 0 0
4 3436 -4742 -3682 -39 -4524 -1593
2 0 0 0 0 0 0
4 4352 -7514 -7528 628 -12384 -91
2 0 0 0 0 0 0
1 0 0 0 0 0 0
3 0 0 0 0 0 0
1 0 0 0 0 0 0
1 0 0 0 0 0 0
3 -1314 6784 -8052 -3683 -5628 -4906
4 -936 -4816 -5128 1471 2796 1089
2 0 0 0 0 0 0
1 0 0 0 0 0 0
3 0 0 0 0 0 0
4 0 0 0 0 0 0
2 0 0 0 0 0 0
2 0 0 0 0 0 0
1 0 0 0 0 0 0
3 -1126 6010 -3592 2274 -139 -129
4 0 0 0 0 0 0
3 -5266 5894 -5878 -164 970 -1539
4 3508 -4112 -5330 -2750 -5210 -1717
2 0 0 0 0 0 0
1 0 0 0 0 0 0
3 0 0 0 0 0 0
1 0 0 0 0 0 0
2 0 0 0 0 0 0
4 0 0 0 0 0 0
4 2966 -4220 -6080 -4359 73 2133
3 -4146 5108 -4294 3634 -3417 -678
1 0 0 0 0 0 0
2 0 0 0 0 0 0
4 3310 -2652 -8448 -6079 2341 3676
2 0 0 0 0 0 0
3 -6658 4636 -5734 4753 -6314 -1274
1 0 0 0 0 0 0
1 0 0 0 0 0 0
4 2918 -2756 -9360 -2886 3009 1853
3 -7282 4244 -6562 2924 -3252 1098
2 0 0 0 0 0 0
3 -5628 3284 -5492 768 -1373 712
1 0 0 0 0 0 0
2 0 0 0 0 0 0
4 2548 -2252 -7414 -1225 1796 1507
3 0 0 0 0 0 0
4 0 0 0 0 0 0
2 0 0 0 0 0 0
1 0 0 0 0 0 0
3 -5650 2636 -3824 4135 -5141 -1331
4 3506 -800 -6888 -3060 2632 -1793
1 0 0 0 0 0 0
2 0 0 0 0 0 0

1 0 0 0 0 0 0
4 1862 11870 -2708 -12247 6405 -648
2 0 0 0 0 0 0
3 -3270 -632 -5532 4860 13543 3915
3 466 -4780 -7792 5980 13818 5009
4 -3130 9118 -992 -4012 2332 -409
1 0 0 0 0 0 0
2 0 0 0 0 0 0
4 260 7056 -1782 2546 -6680 4074
1 0 0 0 0 0 0
2 0 0 0 0 0 0
3 2352 -6120 -9676 3680 201 2003
2 0 0 0 0 0 0
4 -4510 7062 -5696 12328 -17411 -839
1 0 0 0 0 0 0
3 -3960 -8230 -8928 -6567 -18080 -3247
2 0 0 0 0 0 0
1 0 0 0 0 0 0
4 -1090 6268 -4786 10622 14035 -5107
3 0 0 0 0 0 0
2 0 0 0 0 0 0
4 1018 6116 -4318 13021 3223 -3965
3 -2966 -2072 -5170 -6071 -13686 -3841
1 0 0 0 0 0 0
2 0 0 0 0 0 0
3 -4822 -1800 -6328 -3559 -4420 -2373
4 0 0 0 0 0 0
1 0 0 0 0 0 0
2 0 0 0 0 0 0
3 -6210 -1940 -6578 -2102 5368 -1261
4 -1800 6528 -3876 3529 -162 -5921
1 0 0 0 0 0 0
4 1692 4454 -7042 661 -7579 -2972
2 0 0 0 0 0 0
1 0 0 0 0 0 0
3 -4958 -1804 -7100 -2883 551 -3771
4 -4202 3276 -6890 3226 -18761 -1612
2 0 0 0 0 0 0
1 0 0 0 0 0 0
3 0 0 0 0 0 0
3 -6894 2636 -5486 -2254 -940 425
1 0 0 0 0 0 0
4 -5744 1408 -6202 814 -638 -2854
2 0 0 0 0 0 0
2 0 0 0 0 0 0
1 0 0 0 0 0 0
4 -7196 1502 -5360 1607 -3397 -2499
3 -2248 840 -6620 -251 5506 3122
2 0 0 0 0 0 0
3 -3166 1044 -8236 -423 1465 1999
1 0 0 0 0 0 0
4 -4154 1838 -6494 600 747 2071
3 0 0 0 0 0 0
1 0 0 0 0 0 0
2 0 0 0 0 0 0
4 -5296 1512 -5702 445 2920 2482
3 -132 -6 -8980 -257 1473 1907
1 0 0 0 0 0 0
2 0 0 0 0 0 0
4 -5634 1486 -4448 926 2106 818
4 0 0 0 0 0 0
3 238 470 -8190 -347 4733 554
1 0 0 0 0 0 0
2 0 0 0 0 0 0
2 0 0 0 0 0 0
4 0 0 0 0 0 0
1 0 0 0 0 0 0
3 -552 1028 -7876 -1292 1674 -1872
3 -388 1706 -7876 495 955 -1042
2 0 0 0 0 0 0
4 0 0 0 0 0 0
1 0 0 0 0 0 0
4 0 0 0 0 0 0
3 0 0 0 0 0 0
2 0 0 0 0 0 0
1 0 0 0 0 0 0
2 0 0 0 0 0 0
1 0 0 0 0 0 0
3 0 0 0 0 0 0
4 0 0 0 0 0 0

4 -2292 8224 -6740 7329 -11148 2881
1 0 0 0 0 0 0
3 124 -5808 -4474 -152 -4222 -887
2 0 0 0 0 0 0
4 1122 9042 3134 7071 -13025 34
3 0 0 0 0 0 0
2 0 0 0 0 0 0
1 0 0 0 0 0 0
3 3746 -12602 -1136 667 -16202 -8571
4 5260 9536 936 -2783 -17806 11173
1 0 0 0 0 0 0
2 0 0 0 0 0 0
4 3980 26106 -21736 11720 -28492 24054
1 0 0 0 0 0 0
2 0 0 0 0 0 0
3 12102 -11560 -23416 -18918 -7864 -21499
2 0 0 0 0 0 0
3 -15072 -10746 -20648 -32768 2577 -9640
1 0 0 0 0 0 0
4 -16722 19070 -10426 32767 16 -8732
3 -15064 -9824 -4546 -32768 -5569 -3446
4 -10964 10986 2776 29989 14621 -14391
2 0 0 0 0 0 0
1 0 0 0 0 0 0
4 -3216 5378 804 16152 3130 -13265
1 0 0 0 0 0 0
3 -5536 -4712 -3546 -11711 -12971 12585
2 0 0 0 0 0 0
3 0 0 0 0 0 0
2 0 0 0 0 0 0
4 0 0 0 0 0 0
1 0 0 0 0 0 0
4 -862 11580 104 -13003 914 -22505
2 0 0 0 0 0 0
3 -298 -13488 -4774 15025 -9460 24393
1 0 0 0 0 0 0
2 0 0 0 0 0 0
3 4206 -24478 -5758 9472 5710 32767
4 5760 21178 848 -10744 45 -22305
1 0 0 0 0 0 0
1 0 0 0 0 0 0
2 0 0 0 0 0 0
4 9532 18032 1922 2479 -8654 -11536
3 9524 -21160 -5718 -2733 -6879 15767
4 11530 10974 -10226 -10204 -18476 -5164
2 0 0 0 0 0 0
1 0 0 0 0 0 0
3 9450 -10454 -7634 1145 -4562 7084
1 0 0 0 0 0 0
3 4648 -6944 -5980 -578 -8323 -2927
4 -2468 8174 -7680 -6885 -13941 2104
2 0 0 0 0 0 0
1 0 0 0 0 0 0
3 696 -7042 -4798 -2379 -11454 -8646
2 0 0 0 0 0 0
4 -1486 7716 -4114 1172 1469 40
3 -910 -7936 -4088 -4147 -17989 -9449
2 0 0 0 0 0 0
4 -1346 8562 -2124 2624 9672 -1365
1 0 0 0 0 0 0
3 -2008 -7060 -4320 -1094 -10268 -2731
2 0 0 0 0 0 0
4 770 8914 -1846 4417 4831 -676
1 0 0 0 0 0 0
4 -382 8040 -1072 4911 690 -164
3 -842 -6868 -4996 2849 9866 3459
2 0 0 0 0 0 0
1 0 0 0 0 0 0
4 470 7196 -996 2647 1525 -109
1 0 0 0 0 0 0
3 958 -6964 -4496 1801 5876 1701
2 0 0 0 0 0 0
3 0 0 0 0 0 0
2 0 0 0 0 0 0
1 0 0 0 0 0 0
4 0 0 0 0 0 0
1 0 0 0 0 0 0
2 0 0 0 0 0 0
4 92 7628 -1664 -5334 -2659 -363
3 -448 -7100 -4474 818 -1994 -1126

4 2742 14116 -5788 -5666 -2930 857
2 0 0 0 0 0 0
3 0 0 0 0 0 0
1 0 0 0 0 0 0
1 0 0 0 0 0 0
4 4850 13930 1132 5074 -32768 12111
3 6146 -14616 -4606 -10575 -16634 -10481
2 0 0 0 0 0 0
1 0 0 0 0 0 0
4 -1722 20292 -18812 27452 -27200 16487
3 12264 -10900 -21758 -23586 -9516 -29903
2 0 0 0 0 0 0
3 0 0 0 0 0 0
2 0 0 0 0 0 0
1 0 0 0 0 0 0
4 0 0 0 0 0 0
2 0 0 0 0 0 0
3 -15322 -8918 -2372 -26626 -9844 3172
4 -12192 11540 1384 27143 10638 -9319
1 0 0 0 0 0 0
3 -4478 -7412 -2112 -7138 -13428 18313
1 0 0 0 0 0 0
4 -4244 3814 3760 8075 -10238 -19524
2 0 0 0 0 0 0
1 0 0 0 0 0 0
4 -2638 11112 594 -12887 -12148 -24767
2 0 0 0 0 0 0
3 -1316 -9262 -3062 6936 -18420 23808
1 0 0 0 0 0 0
2 0 0 0 0 0 0
4 3132 28864 2346 -21890 4854 -28481
3 -1552 -25862 -8234 17992 -16539 30704
2 0 0 0 0 0 0
4 4662 17770 -6682 -14129 -15699 -9177
1 0 0 0 0 0 0
3 11944 -17154 -9156 9896 -17077 8707
3 1018 -11254 -7500 1722 -30067 -5196
2 0 0 0 0 0 0
4 2970 13700 -8612 -7921 -7002 -3006
1 0 0 0 0 0 0
3 784 -7380 -6116 -762 -4454 -322
4 1570 8478 -4228 3456 -10281 -206
1 0 0 0 0 0 0
2 0 0 0 0 0 0
4 -762 6490 -1636 3602 -4470 568
3 -506 -6538 -5032 -931 -4948 -2224
2 0 0 0 0 0 0
1 0 0 0 0 0 0
2 0 0 0 0 0 0
4 0 0 0 0 0 0
3 -448 -7296 -5246 57 -904 -1012
1 0 0 0 0 0 0
4 0 0 0 0 0 0
3 -884 -7762 -4632 -2583 1881 826
2 0 0 0 0 0 0
1 0 0 0 0 0 0
2 0 0 0 0 0 0
1 0 0 0 0 0 0
3 0 0 0 0 0 0
4 416 7732 -1564 1456 1254 24
4 0 0 0 0 0 0
3 0 0 0 0 0 0
2 0 0 0 0 0 0
1 0 0 0 0 0 0
3 -78 -6836 -3826 -434 1149 216
4 0 0 0 0 0 0
1 0 0 0 0 0 0
2 0 0 0 0 0 0
1 0 0 0 0 0 0
3 0 0 0 0 0 0
4 0 0 0 0 0 0
2 0 0 0 0 0 0
1 0 0 0 0 0 0
2 0 0 0 0 0 0
3 0 0 0 0 0 0
4 0 0 0 0 0 0
4 0 0 0 0 0 0
1 0 0 0 0 0 0
3 0 0 0 0 0 0
2 0 0 0 0 0 0

2 0 0 0 0 0 0
1 0 0 0 0 0 0
3 3286 -14050 -16140 -9528 -17247 -25597
4 3908 18366 -12900 16676 -32768 19121
4 -16128 11532 -6924 26292 -20789 -297
3 -14262 -14784 -13104 -30723 -23046 -9860
1 0 0 0 0 0 0
2 0 0 0 0 0 0
2 0 0 0 0 0 0
4 -9462 13050 -552 18368 4368 -21707
3 -10386 -10522 -5344 -23038 -967 14222
1 0 0 0 0 0 0
3 -3104 -7622 -2162 -17459 -2809 16117
1 0 0 0 0 0 0
4 -2652 7060 776 14136 12355 -18649
2 0 0 0 0 0 0
3 -2802 -3176 -1106 -7983 -8338 15523
1 0 0 0 0 0 0
2 0 0 0 0 0 0
4 -36 4418 -252 7853 767 -16627
1 0 0 0 0 0 0
2 0 0 0 0 0 0
3 1202 -10388 -3204 2338 311 23858
4 0 12274 1664 -2629 2009 -22328
3 5362 -18684 -2694 -4914 16691 27771
2 0 0 0 0 0 0
4 8218 13524 884 -3722 -6932 -15653
1 0 0 0 0 0 0
4 0 0 0 0 0 0
3 10008 -14068 -1156 -1682 -15550 14814
2 0 0 0 0 0 0
1 0 0 0 0 0 0
1 0 0 0 0 0 0
4 8580 14442 -5380 -8167 -3974 -9066
2 0 0 0 0 0 0
3 0 0 0 0 0 0
3 2746 -11020 -7410 7513 -8214 3096
4 4326 10240 -3320 -5384 -5495 -4081
2 0 0 0 0 0 0
1 0 0 0 0 0 0
2 0 0 0 0 0 0
3 2990 -7890 -5868 1237 -4575 138
4 -1248 8260 -2984 -3940 -10514 -580
1 0 0 0 0 0 0
3 0 0 0 0 0 0
1 0 0 0 0 0 0
4 -204 8732 -3226 -3880 2865 -343
2 0 0 0 0 0 0
3 438 -7626 -4914 252 -613 -628
4 1158 8316 -2304 485 1168 519
1 0 0 0 0 0 0
2 0 0 0 0 0 0
2 0 0 0 0 0 0
4 494 8170 -254 2286 -4110 1281
3 0 0 0 0 0 0
1 0 0 0 0 0 0
3 0 0 0 0 0 0
4 0 0 0 0 0 0
2 0 0 0 0 0 0
1 0 0 0 0 0 0
1 0 0 0 0 0 0
4 0 0 0 0 0 0
2 0 0 0 0 0 0
3 0 0 0 0 0 0
3 -58 -6782 -3660 -823 366 -46
2 0 0 0 0 0 0
4 0 0 0 0 0 0
1 0 0 0 0 0 0
3 0 0 0 0 0 0
2 0 0 0 0 0 0
1 0 0 0 0 0 0
4 0 0 0 0 0 0
2 0 0 0 0 0 0
1 0 0 0 0 0 0
3 0 0 0 0 0 0
4 356 7690 -1376 100 432 80
4 0 0 0 0 0 0
2 0 0 0 0 0 0
1 0 0 0 0 0 0
3 0 0 0 0 0 0

4 5514 10878 3962 -1705 -26735 9798
3 5756 -10638 3030 -2288 -25308 -15071
2 0 0 0 0 0 0
1 0 0 0 0 0 0
3 4830 -16736 -6846 1176 -15835 -23162
2 0 0 0 0 0 0
4 7408 16848 -6144 5541 -27911 17735
1 0 0 0 0 0 0
3 -4264 -15792 -17292 -22367 -32768 -21348
2 0 0 0 0 0 0
4 -8554 15428 -9562 24898 -32768 8639
1 0 0 0 0 0 0
3 -15178 -12744 -8750 -25371 -1931 16793
4 -11582 14616 -3712 22462 -47 -18923
1 0 0 0 0 0 0
2 0 0 0 0 0 0
3 -4886 -9034 -2794 -21073 4116 17454
1 0 0 0 0 0 0
2 0 0 0 0 0 0
4 -4506 7190 1682 17992 12139 -19896
3 -1460 -4592 -912 -15272 -3711 13916
1 0 0 0 0 0 0
4 -184 3072 572 12740 6558 -11626
2 0 0 0 0 0 0
3 -744 -3758 -1208 -4655 -10300 14777
2 0 0 0 0 0 0
1 0 0 0 0 0 0
4 -58 3406 178 1351 -17280 -18572
3 2852 -13494 -5098 7316 -8299 24219
2 0 0 0 0 0 0
1 0 0 0 0 0 0
4 3204 16668 -708 -12011 4100 -23446
3 9284 -20654 -8128 12328 -5620 23086
4 8104 15576 -896 -8532 -10291 -16879
2 0 0 0 0 0 0
1 0 0 0 0 0 0
3 9026 -14684 -9710 7858 -17792 6786
4 6066 14556 -3548 -10031 743 -11956
2 0 0 0 0 0 0
1 0 0 0 0 0 0
3 4616 -10468 -10174 6807 -11971 622
4 7058 12300 -5340 -8300 -5258 -5452
2 0 0 0 0 0 0
1 0 0 0 0 0 0
1 0 0 0 0 0 0
3 834 -7266 -7206 -8 -7136 -1819
4 2322 9228 -3834 -1237 -6560 -625
2 0 0 0 0 0 0
4 0 0 0 0 0 0
2 0 0 0 0 0 0
1 0 0 0 0 0 0
3 -536 -6750 -5354 -1686 -3594 -1572
2 0 0 0 0 0 0
3 -872 -6588 -4738 462 -14 -257
4 -356 7658 -1750 2251 -1157 574
1 0 0 0 0 0 0
1 0 0 0 0 0 0
4 0 0 0 0 0 0
2 0 0 0 0 0 0
3 -468 -7462 -4758 681 4031 1379
3 624 -7638 -4378 -1532 1891 210
4 0 0 0 0 0 0
2 0 0 0 0 0 0
1 0 0 0 0 0 0
3 0 0 0 0 0 0
2 0 0 0 0 0 0
4 0 0 0 0 0 0
1 0 0 0 0 0 0
3 0 0 0 0 0 0
4 0 0 0 0 0 0
1 0 0 0 0 0 0
2 0 0 0 0 0 0
4 0 0 0 0 0 0
3 0 0 0 0 0 0
1 0 0 0 0 0 0
2 0 0 0 0 0 0
3 0 0 0 0 0 0
4 0 0 0 0 0 0
1 0 0 0 0 0 0
2 0 0 0 0 0 0

3 2788 -9248 414 509 -15853 -5420
1 0 0 0 0 0 0
4 3330 8404 2494 -1960 -16265 2763
2 0 0 0 0 0 0
3 6766 -13112 -1678 -241 -24975 -16323
4 5458 11714 1002 89 -28122 7631
2 0 0 0 0 0 0
1 0 0 0 0 0 0
3 1402 -12154 -12838 -10267 -20637 -18035
4 4716 14524 -9730 10030 -20555 11718
2 0 0 0 0 0 0
1 0 0 0 0 0 0
3 0 0 0 0 0 0
1 0 0 0 0 0 0
2 0 0 0 0 0 0
4 -6674 13992 -11072 24897 -21117 4704
3 -8482 -9720 -7632 -23684 1654 13658
4 -9838 11576 -3754 22570 3427 -12561
1 0 0 0 0 0 0
2 0 0 0 0 0 0
3 -4356 -5350 -4152 -19095 -1703 13297
1 0 0 0 0 0 0
2 0 0 0 0 0 0
4 -3498 4794 -1532 17356 4522 -15559
3 -2818 -4064 -1750 -12084 -5995 13588
1 0 0 0 0 0 0
2 0 0 0 0 0 0
4 -2048 3122 570 10109 -2140 -13695
3 -1888 -5376 -1842 -2350 -10580 17878
4 0 0 0 0 0 0
2 0 0 0 0 0 0
1 0 0 0 0 0 0
3 1818 -15614 -4470 5731 -3270 28622
1 0 0 0 0 0 0
4 2548 14190 -1560 -11840 -2494 -24558
2 0 0 0 0 0 0
3 9532 -26426 -6308 11979 -7600 24432
1 0 0 0 0 0 0
2 0 0 0 0 0 0
4 0 0 0 0 0 0
3 0 0 0 0 0 0
4 8118 20508 -8762 -19609 -4903 -11851
2 0 0 0 0 0 0
1 0 0 0 0 0 0
4 4130 12054 -9778 -7716 -2130 -3611
2 0 0 0 0 0 0
3 3670 -8250 -10690 4744 -7991 865
1 0 0 0 0 0 0
3 1670 -6950 -5906 -776 -4725 -1589
2 0 0 0 0 0 0
1 0 0 0 0 0 0
4 384 7802 -4246 2209 -4957 -1005
3 298 -6704 -4124 -1652 -2658 -2584
4 1322 7062 -2618 1414 -78 276
1 0 0 0 0 0 0
2 0 0 0 0 0 0
3 -70 -9320 -4522 -2132 101 -991
4 -660 9168 -1756 279 3639 431
2 0 0 0 0 0 0
1 0 0 0 0 0 0
3 0 0 0 0 0 0
2 0 0 0 0 0 0
1 0 0 0 0 0 0
4 0 0 0 0 0 0
1 0 0 0 0 0 0
4 -498 7484 -1280 924 5766 886
3 0 0 0 0 0 0
2 0 0 0 0 0 0
3 464 -5968 -4914 -39 -630 235
4 544 8756 -730 908 85 2778
2 0 0 0 0 0 0
1 0 0 0 0 0 0
3 0 0 0 0 0 0
4 -790 9672 376 1413 -8011 3044
2 0 0 0 0 0 0
1 0 0 0 0 0 0
3 0 0 0 0 0 0
4 -570 7830 898 648 -3831 624
1 0 0 0 0 0 0
2 0 0 0 0 0 0

2 0 0 0 0 0 0
1 0 0 0 0 0 0
3 2400 -9094 -22412 -25567 -337 -32660
4 -9374 12640 -14840 30788 -12087 4543
1 0 0 0 0 0 0
2 0 0 0 0 0 0
4 -9532 7738 -140 28669 12288 -10498
3 0 0 0 0 0 0
4 -2874 5174 -246 16331 -1749 -11801
2 0 0 0 0 0 0
1 0 0 0 0 0 0
3 -7330 -3464 -3180 -15379 -16154 5532
1 0 0 0 0 0 0
4 0 0 0 0 0 0
2 0 0 0 0 0 0
3 -1472 -9660 -2364 -755 -9160 26874
2 0 0 0 0 0 0
3 470 -16406 -9216 5737 -7450 27586
1 0 0 0 0 0 0
4 -2366 16508 440 -17272 -4757 -23700
1 0 0 0 0 0 0
2 0 0 0 0 0 0
4 4708 29464 -1534 -19328 3090 -28477
3 11082 -18998 -8058 6212 -13124 18840
2 0 0 0 0 0 0
1 0 0 0 0 0 0
3 6302 -11902 -9786 7687 -19259 851
4 12528 17330 -2492 -6087 -9075 -9418
2 0 0 0 0 0 0
1 0 0 0 0 0 0
4 1772 10090 -2848 -2342 -23403 397
3 2258 -8720 -8652 6075 -9428 -1706
2 0 0 0 0 0 0
1 0 0 0 0 0 0
3 436 -7682 -5792 297 -2916 -671
4 -1656 7130 -2982 -2866 -4553 341
2 0 0 0 0 0 0
1 0 0 0 0 0 0
4 528 8062 -2356 -645 4386 -368
3 0 0 0 0 0 0
1 0 0 0 0 0 0
2 0 0 0 0 0 0
4 574 8166 -464 3121 -7203 821
3 -486 -7094 -4446 -1813 -712 -324
4 -34 8542 392 1861 3349 -61
1 0 0 0 0 0 0
3 0 0 0 0 0 0
2 0 0 0 0 0 0
1 0 0 0 0 0 0
3 0 0 0 0 0 0
2 0 0 0 0 0 0
4 574 8284 152 1621 1641 314
4 0 0 0 0 0 0
2 0 0 0 0 0 0
3 0 0 0 0 0 0
1 0 0 0 0 0 0
1 0 0 0 0 0 0
3 0 0 0 0 0 0
2 0 0 0 0 0 0
4 0 0 0 0 0 0
3 0 0 0 0 0 0
1 0 0 0 0 0 0
4 0 0 0 0 0 0
2 0 0 0 0 0 0
3 0 0 0 0 0 0
1 0 0 0 0 0 0
4 0 0 0 0 0 0
2 0 0 0 0 0 0
4 0 0 0 0 0 0
2 0 0 0 0 0 0
1 0 0 0 0 0 0
3 0 0 0 0 0 0
2 0 0 0 0 0 0
3 0 0 0 0 0 0
1 0 0 0 0 0 0
4 0 0 0 0 0 0
1 0 0 0 0 0 0
3 0 0 0 0 0 0
4 0 0 0 0 0 0
2 0 0 0 0 0 0

4 -3112 14038 -14270 23273 -8846 14505
1 0 0 0 0 0 0
2 0 0 0 0 0 0
3 -432 -11734 -20008 -27891 -7113 -11809
1 0 0 0 0 0 0
2 0 0 0 0 0 0
4 -6744 7452 -10678 28856 8595 4131
3 -11680 -7554 -11604 -32768 5502 964
4 -6098 3856 -1018 22836 1882 -1759
1 0 0 0 0 0 0
2 0 0 0 0 0 0
3 -7386 -4088 -1614 -26237 2595 6478
1 0 0 0 0 0 0
2 0 0 0 0 0 0
3 -2530 -1914 -406 -9583 -9238 10284
4 -2580 1876 846 9896 -5838 -10077
2 0 0 0 0 0 0
1 0 0 0 0 0 0
4 52 4108 -1596 -1867 -4327 -18412
3 -1112 -3228 -1398 4215 -14369 14649
1 0 0 0 0 0 0
4 6152 16954 1818 -9362 1404 -30831
2 0 0 0 0 0 0
3 198 -15692 -6360 14560 -8108 23151
4 8174 17526 -1596 -8833 -13088 -16745
3 11698 -18712 -8798 8858 -1564 19466
2 0 0 0 0 0 0
1 0 0 0 0 0 0
3 10180 -10976 -7602 3816 -12293 4833
1 0 0 0 0 0 0
2 0 0 0 0 0 0
4 8672 13506 -1880 -6642 -47 -12765
1 0 0 0 0 0 0
4 4356 11556 -3282 -5474 -3577 -6770
3 1770 -8568 -9564 6622 -10458 1422
2 0 0 0 0 0 0
4 2398 8618 -3306 -1791 -5115 -2624
1 0 0 0 0 0 0
2 0 0 0 0 0 0
3 2012 -6288 -7904 1458 -5947 208
2 0 0 0 0 0 0
4 648 8474 -2596 1283 -4420 301
1 0 0 0 0 0 0
3 -1128 -6024 -6196 -1741 -11041 -2926
4 1238 8232 -1098 3770 -7002 1733
2 0 0 0 0 0 0
3 -974 -6744 -5308 -61 1071 -165
1 0 0 0 0 0 0
3 -188 -7566 -4290 370 6294 1527
2 0 0 0 0 0 0
4 -1176 8088 -796 3959 -4942 1316
1 0 0 0 0 0 0
4 -102 8280 -878 2149 2511 453
3 368 -7506 -3506 103 4354 505
2 0 0 0 0 0 0
1 0 0 0 0 0 0
1 0 0 0 0 0 0
2 0 0 0 0 0 0
4 -172 7676 -748 1173 553 370
3 -378 -7110 -3340 208 -1100 -861
2 0 0 0 0 0 0
3 674 -6776 -4738 306 -63 -140
1 0 0 0 0 0 0
4 0 0 0 0 0 0
1 0 0 0 0 0 0
3 0 0 0 0 0 0
4 364 8364 -1412 -1840 2341 -37
2 0 0 0 0 0 0
3 1402 -6864 -5424 -1080 1176 -4822
2 0 0 0 0 0 0
1 0 0 0 0 0 0
4 0 0 0 0 0 0
4 278 7992 -1476 -1531 -3244 1876
1 0 0 0 0 0 0
2 0 0 0 0 0 0
3 -768 -7122 -2752 1033 6728 793
4 0 0 0 0 0 0
3 0 0 0 0 0 0
2 0 0 0 0 0 0
1 0 0 0 0 0 0

2 0 0 0 0 0 0
1 0 0 0 0 0 0
3 24 -13642 -7308 -4095 -14811 -19446
4 -1418 8792 -8420 9162 -12037 7814
4 -8216 8064 -11960 19123 -9086 992
1 0 0 0 0 0 0
3 -9612 -8760 -13894 -21939 -25775 -4090
2 0 0 0 0 0 0
4 -8370 5210 -4476 19126 15851 -11912
1 0 0 0 0 0 0
3 -16776 -9514 -4278 -22015 14620 22597
2 0 0 0 0 0 0
4 -3256 6918 -5020 19050 2561 -13040
3 -5998 -6534 -5182 -25472 -9190 18256
1 0 0 0 0 0 0
2 0 0 0 0 0 0
4 -1916 5790 -1638 12082 -1092 -14753
3 -2518 -3582 -3814 -11026 -4148 20120
1 0 0 0 0 0 0
2 0 0 0 0 0 0
2 0 0 0 0 0 0
4 500 9906 926 -4781 -4701 -25343
1 0 0 0 0 0 0
3 -1012 -12712 -5148 3307 -3922 24767
4 3210 20310 2880 -16018 2876 -26918
2 0 0 0 0 0 0
3 1430 -21528 -4472 8826 -7998 30901
1 0 0 0 0 0 0
3 6232 -13968 -5144 7375 -22239 7318
4 6374 14356 -696 -13441 -15219 -12477
2 0 0 0 0 0 0
1 0 0 0 0 0 0
4 4662 15790 -4066 -7501 -4100 -4864
2 0 0 0 0 0 0
1 0 0 0 0 0 0
3 3924 -11034 -8992 5535 -11880 36
4 1802 8542 -3400 -464 -9471 -128
1 0 0 0 0 0 0
3 -158 -6730 -5012 -1110 -7872 -2662
2 0 0 0 0 0 0
4 -756 8094 -2330 3688 -3525 1640
1 0 0 0 0 0 0
3 -992 -6714 -4900 -362 -2090 -1999
2 0 0 0 0 0 0
3 -1194 -7060 -4618 571 -2060 -1410
2 0 0 0 0 0 0
4 0 0 0 0 0 0
1 0 0 0 0 0 0
3 0 0 0 0 0 0
1 0 0 0 0 0 0
4 0 0 0 0 0 0
2 0 0 0 0 0 0
1 0 0 0 0 0 0
2 0 0 0 0 0 0
4 0 0 0 0 0 0
3 0 0 0 0 0 0
3 0 0 0 0 0 0
1 0 0 0 0 0 0
2 0 0 0 0 0 0
4 0 0 0 0 0 0
3 0 0 0 0 0 0
1 0 0 0 0 0 0
2 0 0 0 0 0 0
4 330 7684 -1280 737 3066 -302
1 0 0 0 0 0 0
3 0 0 0 0 0 0
2 0 0 0 0 0 0
4 308 7640 -1296 -180 -133 -249
3 0 0 0 0 0 0
2 0 0 0 0 0 0
4 0 0 0 0 0 0
1 0 0 0 0 0 0
2 0 0 0 0 0 0
1 0 0 0 0 0 0
3 0 0 0 0 0 0
4 0 0 0 0 0 0
2 0 0 0 0 0 0
4 0 0 0 0 0 0
1 0 0 0 0 0 0
3 0 0 0 0 0 0

1 0 0 0 0 0 0
4 1614 9558 -240 -1878 -1010 -23313
3 -626 -4996 -2912 -3583 -15932 14542
2 0 0 0 0 0 0
1 0 0 0 0 0 0
1 0 0 0 0 0 0
4 2212 15846 1578 -8374 1811 -25402
4 7136 19884 538 -9862 -8573 -17436
3 -620 -13392 -3688 9614 -17104 20176
2 0 0 0 0 0 0
3 6536 -21962 -9188 17434 -7819 22596
2 0 0 0 0 0 0
1 0 0 0 0 0 0
4 4734 15494 -2396 -6380 -7048 -9237
2 0 0 0 0 0 0
3 8402 -14780 -9528 9358 -13572 5686
1 0 0 0 0 0 0
2 0 0 0 0 0 0
3 2124 -9924 -7952 4680 -10305 -718
4 2464 9750 -3798 -3493 -10481 -2312
4 232 7690 -3228 -2744 -3104 570
2 0 0 0 0 0 0
3 1092 -7160 -5886 -177 -1965 -591
1 0 0 0 0 0 0
4 392 8276 -2376 560 -836 737
3 -454 -6728 -4928 -498 -319 -1436
4 34 8602 -680 4766 -2806 986
2 0 0 0 0 0 0
1 0 0 0 0 0 0
4 22 8766 398 5640 -4656 1266
3 0 0 0 0 0 0
1 0 0 0 0 0 0
2 0 0 0 0 0 0
1 0 0 0 0 0 0
3 0 0 0 0 0 0
2 0 0 0 0 0 0
4 -940 8278 -134 2565 1914 -100
2 0 0 0 0 0 0
3 0 0 0 0 0 0
1 0 0 0 0 0 0
4 0 0 0 0 0 0
2 0 0 0 0 0 0
3 0 0 0 0 0 0
1 0 0 0 0 0 0
1 0 0 0 0 0 0
2 0 0 0 0 0 0
4 148 7668 -992 -912 622 -358
3 0 0 0 0 0 0
2 0 0 0 0 0 0
1 0 0 0 0 0 0
3 0 0 0 0 0 0
4 0 0 0 0 0 0
2 0 0 0 0 0 0
1 0 0 0 0 0 0
4 0 0 0 0 0 0
3 0 0 0 0 0 0
1 0 0 0 0 0 0
2 0 0 0 0 0 0
3 0 0 0 0 0 0
4 0 0 0 0 0 0
1 0 0 0 0 0 0
2 0 0 0 0 0 0
3 -684 -7318 -4602 1513 -180 255
4 0 0 0 0 0 0
1 0 0 0 0 0 0
2 0 0 0 0 0 0
3 0 0 0 0 0 0
4 0 0 0 0 0 0
1 0 0 0 0 0 0
4 0 0 0 0 0 0
3 0 0 0 0 0 0
2 0 0 0 0 0 0
4 0 0 0 0 0 0
1 0 0 0 0 0 0
2 0 0 0 0 0 0
3 0 0 0 0 0 0
1 0 0 0 0 0 0
4 0 0 0 0 0 0
2 0 0 0 0 0 0
3 0 0 0 0 0 0

1 0 0 0 0 0 0
4 -4940 11964 -696 19911 6352 -19934
2 0 0 0 0 0 0
1 0 0 0 0 0 0
4 -2356 9946 -904 10810 2187 -20920
2 0 0 0 0 0 0
3 -3566 -2454 1638 -14077 -2092 9521
1 0 0 0 0 0 0
4 2110 13900 1340 4354 8495 -25717
3 -1114 -11020 -2378 -6567 -5127 21345
2 0 0 0 0 0 0
1 0 0 0 0 0 0
3 3318 -14474 -2782 -2774 -12128 28233
4 4140 10524 2574 802 -9441 -21286
2 0 0 0 0 0 0
1 0 0 0 0 0 0
4 3640 19342 240 -12908 -6170 -14978
3 8086 -19790 -4766 13673 -20274 19796
2 0 0 0 0 0 0
3 5098 -17572 -8190 10355 -31062 1196
1 0 0 0 0 0 0
2 0 0 0 0 0 0
4 3556 17320 -418 -13433 -11022 -10918
1 0 0 0 0 0 0
4 2282 10808 -1804 -8272 270 -4399
3 -582 -7400 -5636 1654 -8431 113
2 0 0 0 0 0 0
1 0 0 0 0 0 0
2 0 0 0 0 0 0
4 3056 8156 -2396 -1529 -1673 251
3 0 0 0 0 0 0
1 0 0 0 0 0 0
4 960 9798 -1304 5779 -4377 2766
2 0 0 0 0 0 0
3 -3018 -7928 -5422 -281 -5076 -3012
4 -186 9072 768 9947 -4971 2836
1 0 0 0 0 0 0
2 0 0 0 0 0 0
3 0 0 0 0 0 0
4 176 9364 1234 7204 1066 1058
3 0 0 0 0 0 0
2 0 0 0 0 0 0
1 0 0 0 0 0 0
3 0 0 0 0 0 0
4 0 0 0 0 0 0
2 0 0 0 0 0 0
1 0 0 0 0 0 0
2 0 0 0 0 0 0
4 0 0 0 0 0 0
1 0 0 0 0 0 0
3 0 0 0 0 0 0
2 0 0 0 0 0 0
1 0 0 0 0 0 0
3 0 0 0 0 0 0
4 912 8140 -1018 628 5491 -809
4 808 7450 -972 -103 4 -483
1 0 0 0 0 0 0
2 0 0 0 0 0 0
3 0 0 0 0 0 0
3 432 -7004 -3774 -434 607 536
4 0 0 0 0 0 0
2 0 0 0 0 0 0
1 0 0 0 0 0 0
2 0 0 0 0 0 0
1 0 0 0 0 0 0
3 0 0 0 0 0 0
4 0 0 0 0 0 0
1 0 0 0 0 0 0
2 0 0 0 0 0 0
4 0 0 0 0 0 0
3 0 0 0 0 0 0
1 0 0 0 0 0 0
2 0 0 0 0 0 0
3 0 0 0 0 0 0
4 736 8468 -1518 -1533 -37 -286
1 0 0 0 0 0 0
3 0 0 0 0 0 0
4 0 0 0 0 0 0
2 0 0 0 0 0 0
3 0 0 0 0 0 0

2 0 0 0 0 0 0
3 8126 -14362 -15736 -15297 10951 -16837
1 0 0 0 0 0 0
4 6840 17914 -9572 16116 7444 20584
4 2558 13660 -2130 6877 16175 23859
2 0 0 0 0 0 0
1 0 0 0 0 0 0
3 2248 -15344 -10646 -9738 12437 -22375
4 -3510 6878 1754 -5566 3053 21033
3 -3804 -10472 -1504 -4230 3163 -25509
1 0 0 0 0 0 0
2 0 0 0 0 0 0
1 0 0 0 0 0 0
2 0 0 0 0 0 0
3 -6610 -7592 1772 8746 14277 -21437
4 0 0 0 0 0 0
3 -8994 -7890 578 23540 9661 -14099
4 -8122 9262 2590 -31764 -1033 4474
1 0 0 0 0 0 0
2 0 0 0 0 0 0
2 0 0 0 0 0 0
1 0 0 0 0 0 0
3 -8276 -14116 -5718 32767 15342 2628
4 -5604 27104 -7328 -32768 8999 -4944
4 2082 20030 -11042 -9522 4318 -14793
3 11166 -18898 -13978 16140 26345 23636
1 0 0 0 0 0 0
2 0 0 0 0 0 0
3 7516 -16390 -3312 -1070 17585 15307
2 0 0 0 0 0 0
4 9726 14736 -5950 -667 10603 -10534
1 0 0 0 0 0 0
2 0 0 0 0 0 0
3 5476 -10100 -1580 -3226 9001 5809
4 3032 8310 1170 -50 28077 -3172
1 0 0 0 0 0 0
2 0 0 0 0 0 0
1 0 0 0 0 0 0
3 150 -8642 -1044 -2598 2849 801
4 1938 8782 -1180 -670 15028 1048
1 0 0 0 0 0 0
4 -630 7618 -976 2414 -5318 1126
3 570 -6974 -4514 -1071 480 252
2 0 0 0 0 0 0
4 -702 7050 -1202 310 -415 -570
3 0 0 0 0 0 0
2 0 0 0 0 0 0
1 0 0 0 0 0 0
4 0 0 0 0 0 0
2 0 0 0 0 0 0
3 0 0 0 0 0 0
1 0 0 0 0 0 0
2 0 0 0 0 0 0
3 0 0 0 0 0 0
4 -428 7826 -1990 -962 -8438 77
1 0 0 0 0 0 0
1 0 0 0 0 0 0
2 0 0 0 0 0 0
4 348 7818 -2686 -1197 -965 474
3 0 0 0 0 0 0
3 0 0 0 0 0 0
4 0 0 0 0 0 0
2 0 0 0 0 0 0
1 0 0 0 0 0 0
3 0 0 0 0 0 0
4 0 0 0 0 0 0
2 0 0 0 0 0 0
1 0 0 0 0 0 0
3 0 0 0 0 0 0
4 0 0 0 0 0 0
2 0 0 0 0 0 0
1 0 0 0 0 0 0
3 0 0 0 0 0 0
4 0 0 0 0 0 0
2 0 0 0 0 0 0
1 0 0 0 0 0 0
1 0 0 0 0 0 0
3 0 0 0 0 0 0
2 0 0 0 0 0 0
4 0 0 0 0 0 0

1 0 0 0 0 0 0
2 0 0 0 0 0 0
3 0 0 0 0 0 0
4 0 0 0 0 0 0
1 0 0 0 0 0 0
3 0 0 0 0 0 0
4 0 0 0 0 0 0
2 0 0 0 0 0 0
3 2376 -7596 -4628 1171 8061 979
1 0 0 0 0 0 0
2 0 0 0 0 0 0
4 1760 8910 -4950 761 3517 -667
1 0 0 0 0 0 0
3 8698 -11498 -9172 -5009 9377 -1858
2 0 0 0 0 0 0
4 9004 13426 -10050 9686 3719 4283
3 10032 -13532 -14100 -12605 9632 -11271
1 0 0 0 0 0 0
4 6022 16256 -9748 15743 12034 10851
2 0 0 0 0 0 0
3 4950 -16906 -10600 -12152 9018 -18796
4 4540 15652 -4366 11617 15780 17048
1 0 0 0 0 0 0
2 0 0 0 0 0 0
1 0 0 0 0 0 0
3 -2900 -10046 -3362 -10519 1608 -23863
4 420 7182 -180 -1056 6887 23121
2 0 0 0 0 0 0
3 -2516 -4844 1298 -9129 3917 -18706
4 -3654 5686 248 -3892 -1621 20817
2 0 0 0 0 0 0
1 0 0 0 0 0 0
1 0 0 0 0 0 0
3 -5176 -2078 7996 1459 -1293 -12846
2 0 0 0 0 0 0
4 -8354 1570 4584 -6845 -5633 12584
4 -4236 5210 2586 -29337 15738 -3128
3 -4510 -5178 4084 28510 14728 -2886
1 0 0 0 0 0 0
2 0 0 0 0 0 0
1 0 0 0 0 0 0
3 -9986 -14136 -5070 32767 1386 7521
2 0 0 0 0 0 0
4 -4438 22356 -7456 -32768 -1016 -10886
3 13012 -20896 -16534 14445 21037 17307
4 16988 26390 -7288 -8267 32767 -18411
1 0 0 0 0 0 0
2 0 0 0 0 0 0
3 6850 -11400 -8008 -1428 -4355 10014
1 0 0 0 0 0 0
2 0 0 0 0 0 0
4 6412 12152 1474 5919 4327 -8896
1 0 0 0 0 0 0
3 -286 -8364 -2050 -551 14841 9292
2 0 0 0 0 0 0
4 6212 8412 3258 -1234 19281 -1430
1 0 0 0 0 0 0
3 950 -7652 -3520 -1947 1826 94
4 540 8404 -1198 933 -275 1626
2 0 0 0 0 0 0
1 0 0 0 0 0 0
2 0 0 0 0 0 0
3 -1702 -6830 -3460 177 1795 -729
4 -1272 7648 -1754 1123 -2156 1103
1 0 0 0 0 0 0
3 0 0 0 0 0 0
4 0 0 0 0 0 0
2 0 0 0 0 0 0
3 0 0 0 0 0 0
1 0 0 0 0 0 0
2 0 0 0 0 0 0
4 0 0 0 0 0 0
1 0 0 0 0 0 0
3 0 0 0 0 0 0
4 0 0 0 0 0 0
2 0 0 0 0 0 0
4 0 0 0 0 0 0
3 0 0 0 0 0 0
1 0 0 0 0 0 0
2 0 0 0 0 0 0

2 0 0 0 0 0 0
4 14466 17760 -11450 7077 17255 4678
1 0 0 0 0 0 0
3 19104 -12546 -8662 -4730 16610 50
1 0 0 0 0 0 0
3 11202 -15962 -11832 -4430 13700 -19675
2 0 0 0 0 0 0
4 7532 18342 -7392 10711 11011 20728
2 0 0 0 0 0 0
3 6484 -24182 -9872 139 6136 -27588
1 0 0 0 0 0 0
4 0 0 0 0 0 0
3 -2836 -15456 3670 -8332 -8721 -26025
4 -1064 12066 5302 -2930 5354 22302
1 0 0 0 0 0 0
2 0 0 0 0 0 0
2 0 0 0 0 0 0
3 -4014 -7490 3032 2024 -2010 -21753
1 0 0 0 0 0 0
4 -3204 7562 1804 -14316 -1353 19492
1 0 0 0 0 0 0
2 0 0 0 0 0 0
3 -9750 -5686 8504 10007 2251 -15259
4 -13468 6522 8582 -19289 2850 15077
2 0 0 0 0 0 0
1 0 0 0 0 0 0
4 -6632 17504 -7530 -32768 13896 -13952
3 -6012 -11216 -4046 31883 20745 3738
2 0 0 0 0 0 0
1 0 0 0 0 0 0
3 3882 -28268 -14140 30279 25789 18227
4 2982 30932 -8504 -18496 31562 -21534
3 12908 -16622 -8910 429 5790 19224
1 0 0 0 0 0 0
2 0 0 0 0 0 0
4 11442 19914 -1882 2597 1433 -16913
2 0 0 0 0 0 0
3 11234 -8824 -3452 -116 10106 9630
1 0 0 0 0 0 0
4 8426 10802 1210 292 14825 -4769
4 108 8634 -490 26 9203 921
2 0 0 0 0 0 0
1 0 0 0 0 0 0
3 782 -9738 -3906 -588 3740 1203
3 0 0 0 0 0 0
4 0 0 0 0 0 0
2 0 0 0 0 0 0
1 0 0 0 0 0 0
3 -228 -6334 -3990 -280 2883 349
4 -168 7406 -1582 1843 451 1028
1 0 0 0 0 0 0
2 0 0 0 0 0 0
3 -530 -7364 -4128 1127 543 -559
1 0 0 0 0 0 0
4 -1196 7230 -1454 -752 -19 -455
2 0 0 0 0 0 0
3 0 0 0 0 0 0
1 0 0 0 0 0 0
4 0 0 0 0 0 0
2 0 0 0 0 0 0
2 0 0 0 0 0 0
3 0 0 0 0 0 0
4 0 0 0 0 0 0
1 0 0 0 0 0 0
2 0 0 0 0 0 0
1 0 0 0 0 0 0
4 0 0 0 0 0 0
3 0 0 0 0 0 0
2 0 0 0 0 0 0
1 0 0 0 0 0 0
4 0 0 0 0 0 0
3 0 0 0 0 0 0
2 0 0 0 0 0 0
3 0 0 0 0 0 0
1 0 0 0 0 0 0
4 0 0 0 0 0 0
2 0 0 0 0 0 0
3 0 0 0 0 0 0
1 0 0 0 0 0 0
4 0 0 0 0 0 0

3 0 0 0 0 0 0
2 0 0 0 0 0 0
1 0 0 0 0 0 0
4 0 0 0 0 0 0
2 0 0 0 0 0 0
3 0 0 0 0 0 0
1 0 0 0 0 0 0
4 0 0 0 0 0 0
1 0 0 0 0 0 0
2 0 0 0 0 0 0
3 0 0 0 0 0 0
4 0 0 0 0 0 0
2 0 0 0 0 0 0
1 0 0 0 0 0 0
4 3090 8774 -3460 -1095 4164 -1590
3 3296 -9602 -6046 347 19614 6808
1 0 0 0 0 0 0
4 9758 15534 -6206 6583 13007 6594
2 0 0 0 0 0 0
3 10918 -12270 -8184 -6163 14412 -2151
4 5104 11702 -8058 9499 -1464 18095
1 0 0 0 0 0 0
2 0 0 0 0 0 0
3 13738 -10020 -12816 -1197 6386 -22114
3 5938 -20644 -12128 -7768 -1378 -25415
4 6892 19490 -8558 7995 7804 18933
2 0 0 0 0 0 0
1 0 0 0 0 0 0
3 1014 -13496 -2616 -17100 12837 -12696
1 0 0 0 0 0 0
2 0 0 0 0 0 0
4 -1052 12006 2422 11435 9690 19721
1 0 0 0 0 0 0
4 -1078 3948 828 1714 5406 17826
2 0 0 0 0 0 0
3 -1226 -5906 1280 -9498 2566 -18109
1 0 0 0 0 0 0
3 -5164 -2880 5308 2774 3667 -14727
2 0 0 0 0 0 0
4 -4384 2460 2580 -3453 -3114 14585
3 -5432 -5502 6390 29294 8659 -13760
2 0 0 0 0 0 0
1 0 0 0 0 0 0
4 -6654 1874 4734 -20712 -5225 13280
1 0 0 0 0 0 0
2 0 0 0 0 0 0
3 -14064 -14016 -3094 32767 18524 8701
4 -9672 11768 -4160 -32768 -18091 13681
1 0 0 0 0 0 0
3 22416 -19426 -19640 16713 32750 25469
4 -11724 21614 -12744 -32768 28644 2134
2 0 0 0 0 0 0
2 0 0 0 0 0 0
3 5664 -9922 -8196 -740 -1127 8895
1 0 0 0 0 0 0
4 9078 14180 -442 -4608 32767 -15926
3 6742 -8844 -4178 -2471 13331 5030
2 0 0 0 0 0 0
1 0 0 0 0 0 0
4 5226 10790 436 -1437 8741 -3777
3 -1126 -7472 -4118 -4334 -1437 -1161
1 0 0 0 0 0 0
2 0 0 0 0 0 0
4 590 7758 322 -557 9528 -327
4 768 8060 -1000 -961 7588 1047
2 0 0 0 0 0 0
1 0 0 0 0 0 0
3 96 -7262 -4408 -3196 7736 1497
1 0 0 0 0 0 0
4 -690 7710 -1592 240 -2165 1328
2 0 0 0 0 0 0
3 -148 -6000 -3684 -669 501 767
4 0 0 0 0 0 0
2 0 0 0 0 0 0
3 -306 -6430 -4230 3351 -596 1498
1 0 0 0 0 0 0
3 466 -7622 -4902 4840 1695 2763
1 0 0 0 0 0 0
4 0 0 0 0 0 0
2 0 0 0 0 0 0

4 0 0 0 0 0 0
1 0 0 0 0 0 0
2 0 0 0 0 0 0
3 -220 -7320 -4072 -51 -156 -68
3 0 0 0 0 0 0
4 0 0 0 0 0 0
1 0 0 0 0 0 0
2 0 0 0 0 0 0
4 0 0 0 0 0 0
3 0 0 0 0 0 0
1 0 0 0 0 0 0
2 0 0 0 0 0 0
4 0 0 0 0 0 0
2 0 0 0 0 0 0
1 0 0 0 0 0 0
3 0 0 0 0 0 0
2 0 0 0 0 0 0
4 0 0 0 0 0 0
3 0 0 0 0 0 0
1 0 0 0 0 0 0
3 0 0 0 0 0 0
4 0 0 0 0 0 0
2 0 0 0 0 0 0
1 0 0 0 0 0 0
2 0 0 0 0 0 0
3 0 0 0 0 0 0
4 0 0 0 0 0 0
1 0 0 0 0 0 0
2 0 0 0 0 0 0
4 0 0 0 0 0 0
3 0 0 0 0 0 0
1 0 0 0 0 0 0
3 0 0 0 0 0 0
4 0 0 0 0 0 0
1 0 0 0 0 0 0
2 0 0 0 0 0 0
2 0 0 0 0 0 0
3 0 0 0 0 0 0
1 0 0 0 0 0 0
4 0 0 0 0 0 0
2 0 0 0 0 0 0
3 0 0 0 0 0 0
1 0 0 0 0 0 0
4 0 0 0 0 0 0
1 0 0 0 0 0 0
3 0 0 0 0 0 0
2 0 0 0 0 0 0
4 0 0 0 0 0 0
3 0 0 0 0 0 0
1 0 0 0 0 0 0
4 0 0 0 0 0 0
2 0 0 0 0 0 0
3 0 0 0 0 0 0
2 0 0 0 0 0 0
4 0 0 0 0 0 0
1 0 0 0 0 0 0
4 0 0 0 0 0 0
1 0 0 0 0 0 0
3 0 0 0 0 0 0
2 0 0 0 0 0 0
1 0 0 0 0 0 0
4 0 0 0 0 0 0
2 0 0 0 0 0 0
3 0 0 0 0 0 0
3 0 0 0 0 0 0
2 0 0 0 0 0 0
1 0 0 0 0 0 0
4 0 0 0 0 0 0
4 0 0 0 0 0 0
2 0 0 0 0 0 0
3 0 0 0 0 0 0
1 0 0 0 0 0 0
4 0 0 0 0 0 0
2 0 0 0 0 0 0
1 0 0 0 0 0 0
3 0 0 0 0 0 0
4 0 0 0 0 0 0
1 0 0 0 0 0 0
3 0 0 0 0 0 0
2 0 0 0 0 0 0

2 0 0 0 0 0 0
4 5984 16728 -7604 12219 878 14845
3 5580 -11466 -13634 -10200 7189 -12525
1 0 0 0 0 0 0
4 2606 14876 -8002 14325 4965 19680
2 0 0 0 0 0 0
3 4508 -12158 -13356 -12426 11240 -20090
3 3462 -8444 -2854 -11190 18620 -14671
4 -1338 6738 -1374 9721 9617 18383
2 0 0 0 0 0 0
1 0 0 0 0 0 0
1 0 0 0 0 0 0
2 0 0 0 0 0 0
3 642 -3010 -1034 -232 -842 -16199
1 0 0 0 0 0 0
4 -1594 1106 1592 -1883 9325 12902
4 -2120 -1062 1640 -11710 2704 7162
3 -5474 -272 3450 7360 4228 -10475
1 0 0 0 0 0 0
2 0 0 0 0 0 0
4 -4858 168 2832 -19876 -11127 4149
1 0 0 0 0 0 0
2 0 0 0 0 0 0
3 -3998 -284 1264 18140 -1655 -5463
3 -6464 -5064 -7714 26528 -2176 -2454
1 0 0 0 0 0 0
4 -7716 14608 -3994 -32768 -1123 -2504
2 0 0 0 0 0 0
3 -242 -22558 -15152 31974 25291 17430
4 3366 27566 -9526 -23531 32767 -11690
2 0 0 0 0 0 0
1 0 0 0 0 0 0
1 0 0 0 0 0 0
3 11024 -12808 -8522 3169 9671 16192
2 0 0 0 0 0 0
4 10816 14620 -476 8301 3506 -11461
3 5096 -9982 -4106 -5478 -1041 6047
1 0 0 0 0 0 0
4 4988 8776 3614 227 16726 -5138
2 0 0 0 0 0 0
3 3690 -9198 -3238 -284 11299 3658
2 0 0 0 0 0 0
1 0 0 0 0 0 0
4 3386 8426 -1238 -1285 6078 1126
4 0 0 0 0 0 0
3 560 -6602 -3838 -2196 847 -1323
1 0 0 0 0 0 0
2 0 0 0 0 0 0
1 0 0 0 0 0 0
3 0 0 0 0 0 0
4 -1100 7820 -1684 -46 307 1459
2 0 0 0 0 0 0
1 0 0 0 0 0 0
3 0 0 0 0 0 0
4 0 0 0 0 0 0
2 0 0 0 0 0 0
2 0 0 0 0 0 0
1 0 0 0 0 0 0
4 0 0 0 0 0 0
3 0 0 0 0 0 0
1 0 0 0 0 0 0
4 1732 8294 -1034 2396 -5874 1347
3 0 0 0 0 0 0
2 0 0 0 0 0 0
3 -112 -8594 -5262 3299 2182 1135
1 0 0 0 0 0 0
2 0 0 0 0 0 0
4 0 0 0 0 0 0
3 -662 -8264 -4350 -2547 -5426 -2086
1 0 0 0 0 0 0
2 0 0 0 0 0 0
4 0 0 0 0 0 0
1 0 0 0 0 0 0
3 -1880 -7288 -4316 -3197 -1600 -1103
4 0 0 0 0 0 0
2 0 0 0 0 0 0
3 0 0 0 0 0 0
2 0 0 0 0 0 0
1 0 0 0 0 0 0
4 0 0 0 0 0 0

2 0 0 0 0 0 0
4 0 0 0 0 0 0
1 0 0 0 0 0 0
3 0 0 0 0 0 0
3 426 -7486 -3646 -1301 693 197
3 0 0 0 0 0 0
4 0 0 0 0 0 0
2 0 0 0 0 0 0
4 0 0 0 0 0 0
1 0 0 0 0 0 0
2 0 0 0 0 0 0
1 0 0 0 0 0 0
3 0 0 0 0 0 0
2 0 0 0 0 0 0
1 0 0 0 0 0 0
4 -354 9524 -4660 1041 5169 -2418
1 0 0 0 0 0 0
2 0 0 0 0 0 0
4 6080 13124 -7066 8719 8531 1631
3 6312 -9548 -10278 -5812 13721 4772
2 0 0 0 0 0 0
3 8376 -12580 -13670 -17187 7063 -11077
4 6656 18258 -6410 18993 4550 12404
1 0 0 0 0 0 0
1 0 0 0 0 0 0
4 2262 15998 -4976 21077 4523 17772
2 0 0 0 0 0 0
3 4276 -13444 -10286 -17198 11261 -21751
4 -2514 4958 2266 1290 14714 22163
3 -3420 -8596 -958 -4901 1078 -25306
2 0 0 0 0 0 0
1 0 0 0 0 0 0
3 0 0 0 0 0 0
1 0 0 0 0 0 0
2 0 0 0 0 0 0
4 0 0 0 0 0 0
4 -7214 5604 2388 -22945 -5341 16278
2 0 0 0 0 0 0
1 0 0 0 0 0 0
3 -8656 -5774 -1338 21549 -994 -17553
4 -13020 22700 -5320 -32768 2148 3341
2 0 0 0 0 0 0
3 -16654 -11464 -5138 28267 16972 3459
1 0 0 0 0 0 0
4 15476 19922 -6066 -4387 32767 -19813
1 0 0 0 0 0 0
2 0 0 0 0 0 0
3 -5654 -22588 -6244 10460 32767 32767
4 6056 13972 2200 1253 14389 -11357
3 6080 -15626 -1690 -16428 32767 16653
1 0 0 0 0 0 0
2 0 0 0 0 0 0
4 8198 11190 4116 -1634 16825 2361
1 0 0 0 0 0 0
2 0 0 0 0 0 0
3 -342 -9742 2660 -12271 2552 -5892
2 0 0 0 0 0 0
4 -2740 8040 398 -174 -15781 4760
3 -876 -6030 -3708 -2199 4788 1802
1 0 0 0 0 0 0
3 4312 -5968 -5114 339 5426 3224
2 0 0 0 0 0 0
1 0 0 0 0 0 0
4 -2294 6458 -2184 -6617 -2912 4397
1 0 0 0 0 0 0
3 5488 -4652 -5474 461 -6327 -2816
4 -1712 8532 -1442 -6299 -1618 -1284
2 0 0 0 0 0 0
1 0 0 0 0 0 0
3 4508 -4534 -7052 167 -3351 -1795
2 0 0 0 0 0 0
4 0 0 0 0 0 0
3 0 0 0 0 0 0
2 0 0 0 0 0 0
1 0 0 0 0 0 0
4 -352 8534 1016 -2999 2692 -3793
2 0 0 0 0 0 0
1 0 0 0 0 0 0
4 -514 8212 1708 -1519 -464 -1541
3 5688 -4542 -6146 -259 2344 754

1 0 0 0 0 0 0
2 0 0 0 0 0 0
4 -1630 7692 736 931 365 985
3 3600 -3910 -5962 2723 -7185 6491
2 0 0 0 0 0 0
1 0 0 0 0 0 0
4 0 0 0 0 0 0
3 4660 -5130 -5940 7139 -4633 8583
1 0 0 0 0 0 0
2 0 0 0 0 0 0
3 4090 -5106 -4460 7461 -11066 4512
4 0 0 0 0 0 0
3 -1976 -8440 -4856 7157 -19447 -4241
2 0 0 0 0 0 0
4 0 0 0 0 0 0
1 0 0 0 0 0 0
2 0 0 0 0 0 0
3 -4042 -8980 -1844 2313 -12707 -5874
4 0 0 0 0 0 0
1 0 0 0 0 0 0
3 -1108 -7378 -3114 -1713 2821 1406
2 0 0 0 0 0 0
4 0 0 0 0 0 0
1 0 0 0 0 0 0
3 2284 -9724 -2874 -2884 1584 -2530
2 0 0 0 0 0 0
1 0 0 0 0 0 0
4 0 0 0 0 0 0
3 0 0 0 0 0 0
4 86 9814 -1272 -2680 7040 -2071
2 0 0 0 0 0 0
1 0 0 0 0 0 0
3 -994 -5252 -3790 1528 -5037 -2791
1 0 0 0 0 0 0
2 0 0 0 0 0 0
4 1778 9204 -710 -1650 5613 -1277
3 0 0 0 0 0 0
4 1770 7852 600 371 -92 1879
1 0 0 0 0 0 0
2 0 0 0 0 0 0
3 -1788 -7870 -4774 3868 -953 -154
2 0 0 0 0 0 0
1 0 0 0 0 0 0
4 0 0 0 0 0 0
2 0 0 0 0 0 0
3 0 0 0 0 0 0
4 0 0 0 0 0 0
1 0 0 0 0 0 0
3 -708 -7922 -4018 -5856 3905 2919
2 0 0 0 0 0 0
4 162 6932 -1406 -193 -2238 1166
1 0 0 0 0 0 0
1 0 0 0 0 0 0
3 0 0 0 0 0 0
2 0 0 0 0 0 0
4 0 0 0 0 0 0
3 -818 -7616 -3752 -2647 -894 -679
4 0 0 0 0 0 0
1 0 0 0 0 0 0
2 0 0 0 0 0 0
2 0 0 0 0 0 0
3 -678 -6994 -3468 -752 -920 -576
4 1018 7476 -1250 -790 3907 -1685
1 0 0 0 0 0 0
4 1076 8634 -1414 -164 821 174
2 0 0 0 0 0 0
3 0 0 0 0 0 0
1 0 0 0 0 0 0
3 28 -8418 -4198 3019 -2089 -446
2 0 0 0 0 0 0
1 0 0 0 0 0 0
4 0 0 0 0 0 0
1 0 0 0 0 0 0
3 1358 -7812 -4654 2016 452 300
4 0 0 0 0 0 0
2 0 0 0 0 0 0
3 0 0 0 0 0 0
2 0 0 0 0 0 0
4 0 0 0 0 0 0
1 0 0 0 0 0 0

3 858 -7778 -4730 -2658 2141 -3201
1 0 0 0 0 0 0
4 1168 8098 -2114 1858 -2875 3972
2 0 0 0 0 0 0
3 -812 -7078 -3642 -3751 -4369 -4669
1 0 0 0 0 0 0
4 -474 7786 -1822 2604 -5748 3391
2 0 0 0 0 0 0
3 0 0 0 0 0 0
1 0 0 0 0 0 0
4 -2326 6766 -3922 1572 -3673 -1114
2 0 0 0 0 0 0
2 0 0 0 0 0 0
4 12480 15082 -10542 8383 10241 1380
3 14882 -13692 -12482 -9833 9584 -3754
1 0 0 0 0 0 0
3 10214 -17922 -17480 -18519 1328 -21345
1 0 0 0 0 0 0
4 9952 22422 -8616 19947 2777 16702
2 0 0 0 0 0 0
4 -1092 15704 -308 5537 11656 32767
1 0 0 0 0 0 0
2 0 0 0 0 0 0
3 -1448 -16972 -6844 -25626 14509 -15218
3 -2864 -6568 1564 -1301 18453 -22056
2 0 0 0 0 0 0
1 0 0 0 0 0 0
4 -4828 7932 2086 -6880 3402 25817
1 0 0 0 0 0 0
4 -11758 8264 5926 -25788 3574 9893
2 0 0 0 0 0 0
3 -11268 -11916 6198 25147 10754 -17467
1 0 0 0 0 0 0
3 -8718 -13630 -3852 32767 19001 -716
2 0 0 0 0 0 0
4 -11812 17230 -2828 -32768 14613 -5052
2 0 0 0 0 0 0
3 2172 -31424 -14658 31663 32767 28123
4 10896 17450 -9796 -9187 28393 -19301
1 0 0 0 0 0 0
1 0 0 0 0 0 0
3 17548 -16364 -6132 -3703 9904 15539
4 9738 17068 368 4303 10220 -14586
2 0 0 0 0 0 0
1 0 0 0 0 0 0
4 7400 10212 3168 1553 27749 -1659
2 0 0 0 0 0 0
3 5712 -9894 -2316 -1094 14175 5062
3 218 -7688 -3370 -2697 6181 887
4 1654 8208 -906 3229 -1609 2690
1 0 0 0 0 0 0
2 0 0 0 0 0 0
4 -1586 8304 -388 2365 701 1422
2 0 0 0 0 0 0
1 0 0 0 0 0 0
3 0 0 0 0 0 0
1 0 0 0 0 0 0
3 -554 -6538 -4346 1700 953 -193
4 0 0 0 0 0 0
2 0 0 0 0 0 0
1 0 0 0 0 0 0
3 0 0 0 0 0 0
4 28 6768 -1562 -516 -2718 -431
2 0 0 0 0 0 0
4 0 0 0 0 0 0
3 0 0 0 0 0 0
1 0 0 0 0 0 0
2 0 0 0 0 0 0
2 0 0 0 0 0 0
3 0 0 0 0 0 0
1 0 0 0 0 0 0
4 0 0 0 0 0 0
4 600 8650 -2416 -1795 -610 175
3 1742 -7384 -4604 1214 3367 1617
1 0 0 0 0 0 0
2 0 0 0 0 0 0
4 0 0 0 0 0 0
1 0 0 0 0 0 0
2 0 0 0 0 0 0
3 -178 -7732 -4078 1392 5297 1992

2 0 0 0 0 0 0
4 7308 11166 -2156 127 12606 3045
1 0 0 0 0 0 0
3 5952 -9622 -7198 -3396 11290 -397
4 7192 16336 -2576 4691 2122 11858
1 0 0 0 0 0 0
3 11052 -11804 -10356 -4498 1913 -15497
2 0 0 0 0 0 0
1 0 0 0 0 0 0
2 0 0 0 0 0 0
4 8260 17554 -1768 1219 8091 18371
3 7834 -15662 -10394 -5235 12228 -15405
1 0 0 0 0 0 0
3 6984 -13070 -4700 -2704 14298 -17754
2 0 0 0 0 0 0
4 4580 13754 -38 -1230 -454 21073
3 2148 -6436 2 -473 4378 -18120
2 0 0 0 0 0 0
1 0 0 0 0 0 0
4 1148 6686 356 -3237 643 19381
1 0 0 0 0 0 0
2 0 0 0 0 0 0
3 328 -2584 2054 3227 3505 -15015
4 1734 634 1576 -3130 -3187 15531
2 0 0 0 0 0 0
3 -4464 -2026 4172 2480 -12195 -16778
4 -3020 -1192 3930 -4732 -78 11298
1 0 0 0 0 0 0
4 -3600 694 4330 -15192 6762 4195
2 0 0 0 0 0 0
3 0 0 0 0 0 0
1 0 0 0 0 0 0
1 0 0 0 0 0 0
4 -6408 8430 28 -26762 -4262 -1684
2 0 0 0 0 0 0
3 -1598 -12228 -4208 28799 14848 11391
3 -2818 -19152 -12992 31762 -11005 4936
2 0 0 0 0 0 0
4 -1948 22588 -7640 -32088 3170 -7653
1 0 0 0 0 0 0
1 0 0 0 0 0 0
3 0 0 0 0 0 0
2 0 0 0 0 0 0
4 258 18934 -11540 -16361 14712 -11730
3 5976 -14948 -9596 -2164 12354 14557
2 0 0 0 0 0 0
4 3772 20278 -1932 747 30707 -12607
1 0 0 0 0 0 0
1 0 0 0 0 0 0
4 2830 11196 3560 6208 32367 -4435
3 156 -10438 -2412 -8606 17858 10259
2 0 0 0 0 0 0
1 0 0 0 0 0 0
4 3080 9324 -512 8554 8994 296
2 0 0 0 0 0 0
3 1832 -9452 -2846 -8541 20000 6664
1 0 0 0 0 0 0
4 -846 6526 -96 6420 -2137 423
2 0 0 0 0 0 0
3 568 -5924 -2986 -4918 3064 980
3 352 -5304 -2822 1321 -786 277
2 0 0 0 0 0 0
4 1058 5526 -1014 -384 2147 -40
1 0 0 0 0 0 0
2 0 0 0 0 0 0
3 716 -6724 -3540 6282 -3700 737
1 0 0 0 0 0 0
4 1196 6988 -1328 -7141 -2214 -1351
2 0 0 0 0 0 0
1 0 0 0 0 0 0
4 730 9504 -1864 -8992 -3941 -917
3 54 -8928 -4580 10469 -3216 912
2 0 0 0 0 0 0
1 0 0 0 0 0 0
3 92 -9232 -4840 8616 -3213 183
4 -94 9188 -2474 -5033 -5528 334
1 0 0 0 0 0 0
3 -286 -8258 -4762 3282 -3998 -387
2 0 0 0 0 0 0
4 -1078 8480 -1896 -1590 -4419 -329

1 0 0 0 0 0 0
3 11608 -13412 -14182 -9003 21930 -14494
2 0 0 0 0 0 0
4 10278 21590 -10526 16539 18379 16398
1 0 0 0 0 0 0
4 3624 17316 -1466 -1523 22000 25698
3 7168 -19002 -8478 3204 21393 -18409
2 0 0 0 0 0 0
1 0 0 0 0 0 0
2 0 0 0 0 0 0
3 966 -12390 -802 7525 1003 -21273
4 -244 11490 966 -10249 4323 19688
1 0 0 0 0 0 0
3 -2526 -4150 -48 11355 6728 -17344
4 -108 5024 718 -13353 -87 14807
2 0 0 0 0 0 0
3 0 0 0 0 0 0
4 0 0 0 0 0 0
1 0 0 0 0 0 0
2 0 0 0 0 0 0
1 0 0 0 0 0 0
4 -8754 -1198 658 -13897 -6182 6168
3 -6200 -248 -1126 16998 11838 3173
2 0 0 0 0 0 0
3 0 0 0 0 0 0
1 0 0 0 0 0 0
2 0 0 0 0 0 0
4 -5554 4796 -3048 -20702 4572 -1397
3 -1946 -11954 -11010 22398 918 8700
2 0 0 0 0 0 0
4 -878 12394 -7002 -20451 9777 -7494
1 0 0 0 0 0 0
4 -1234 15290 -6438 -13206 20358 -12913
3 0 0 0 0 0 0
1 0 0 0 0 0 0
2 0 0 0 0 0 0
1 0 0 0 0 0 0
4 0 0 0 0 0 0
2 0 0 0 0 0 0
3 5650 -16188 -3190 -2428 6257 15146
3 4172 -13384 -1590 -2881 12138 9310
4 6978 12110 1628 2901 10823 -7719
2 0 0 0 0 0 0
1 0 0 0 0 0 0
1 0 0 0 0 0 0
4 2670 9610 950 1926 12448 -1824
3 1494 -8114 -2886 -3882 -926 1724
2 0 0 0 0 0 0
1 0 0 0 0 0 0
3 1796 -8264 -3312 -1877 5165 1310
2 0 0 0 0 0 0
4 2364 7702 164 2599 2916 121
3 0 0 0 0 0 0
1 0 0 0 0 0 0
4 0 0 0 0 0 0
2 0 0 0 0 0 0
2 0 0 0 0 0 0
1 0 0 0 0 0 0
3 0 0 0 0 0 0
4 0 0 0 0 0 0
3 0 0 0 0 0 0
2 0 0 0 0 0 0
4 0 0 0 0 0 0
1 0 0 0 0 0 0
4 0 0 0 0 0 0
1 0 0 0 0 0 0
2 0 0 0 0 0 0
3 -486 -7622 -4502 2831 -775 -130
1 0 0 0 0 0 0
2 0 0 0 0 0 0
3 -278 -7646 -4424 581 -357 152
4 0 0 0 0 0 0
3 0 0 0 0 0 0
4 136 8400 -2034 9 -1532 -600
1 0 0 0 0 0 0
2 0 0 0 0 0 0
2 0 0 0 0 0 0
1 0 0 0 0 0 0
3 0 0 0 0 0 0
4 0 0 0 0 0 0

4 6176 11832 -5794 7510 7989 3206
3 7594 -10684 -8396 -8191 12608 -4504
2 0 0 0 0 0 0
1 0 0 0 0 0 0
3 7674 -10476 -9842 -7622 13342 -11957
4 3798 13168 -8006 14058 -2757 15445
1 0 0 0 0 0 0
2 0 0 0 0 0 0
1 0 0 0 0 0 0
3 7676 -8884 -8474 -4843 14600 -14962
4 4148 10636 -7836 12607 12813 15785
2 0 0 0 0 0 0
1 0 0 0 0 0 0
2 0 0 0 0 0 0
3 5170 -12154 -3264 2116 11860 -19144
4 2350 8370 -1486 8013 11659 14584
2 0 0 0 0 0 0
3 -1696 -5876 -278 2046 -8723 -24917
1 0 0 0 0 0 0
4 -390 2588 1086 -1900 6438 16927
1 0 0 0 0 0 0
4 0 0 0 0 0 0
2 0 0 0 0 0 0
3 -6260 -1240 6074 3397 -13028 -22126
4 522 -4520 -816 -12764 -17267 14269
3 -7216 3078 -6612 11737 3836 -19913
2 0 0 0 0 0 0
1 0 0 0 0 0 0
3 0 0 0 0 0 0
2 0 0 0 0 0 0
4 -8178 1608 1906 -18459 11272 19405
1 0 0 0 0 0 0
3 -7920 -8294 -4286 20742 23959 -4737
4 -4490 19628 -5024 -32768 22750 -1276
2 0 0 0 0 0 0
1 0 0 0 0 0 0
2 0 0 0 0 0 0
4 1026 16996 -1498 -8172 24999 -13836
3 2000 -18088 -5126 15151 32767 24425
1 0 0 0 0 0 0
3 4922 -7770 -9376 585 -24921 2361
2 0 0 0 0 0 0
1 0 0 0 0 0 0
4 12600 13920 -358 805 13048 -11700
3 2188 -9028 -6524 2215 19847 9527
2 0 0 0 0 0 0
1 0 0 0 0 0 0
4 3220 9538 1916 550 16875 -2721
3 688 -9440 -3456 -3003 23449 9918
4 0 0 0 0 0 0
2 0 0 0 0 0 0
1 0 0 0 0 0 0
3 1168 -6214 -3328 -2303 11376 2786
4 1852 8692 -2112 2191 3785 800
1 0 0 0 0 0 0
2 0 0 0 0 0 0
4 -822 7310 -1036 2463 -938 887
3 446 -6054 -3760 709 -940 -585
2 0 0 0 0 0 0
1 0 0 0 0 0 0
3 0 0 0 0 0 0
1 0 0 0 0 0 0
2 0 0 0 0 0 0
4 -204 7330 -1582 -660 114 -16
2 0 0 0 0 0 0
4 0 0 0 0 0 0
3 114 -7792 -4338 1816 -769 502
1 0 0 0 0 0 0
2 0 0 0 0 0 0
4 0 0 0 0 0 0
3 0 0 0 0 0 0
1 0 0 0 0 0 0
3 374 -7232 -4470 1629 -2954 -697
1 0 0 0 0 0 0
4 0 0 0 0 0 0
2 0 0 0 0 0 0
1 0 0 0 0 0 0
2 0 0 0 0 0 0
3 -122 -7310 -4600 1084 -924 -44
4 0 0 0 0 0 0

1 0 0 0 0 0 0
4 0 0 0 0 0 0
2 0 0 0 0 0 0
3 152 -7440 -4100 -578 -29 -597
4 0 0 0 0 0 0
2 0 0 0 0 0 0
1 0 0 0 0 0 0
3 0 0 0 0 0 0
2 0 0 0 0 0 0
3 0 0 0 0 0 0
1 0 0 0 0 0 0
4 0 0 0 0 0 0
2 0 0 0 0 0 0
3 0 0 0 0 0 0
4 0 0 0 0 0 0
1 0 0 0 0 0 0
4 0 0 0 0 0 0
3 0 0 0 0 0 0
2 0 0 0 0 0 0
1 0 0 0 0 0 0
1 0 0 0 0 0 0
3 0 0 0 0 0 0
2 0 0 0 0 0 0
4 0 0 0 0 0 0
1 0 0 0 0 0 0
4 0 0 0 0 0 0
2 0 0 0 0 0 0
3 0 0 0 0 0 0
3 0 0 0 0 0 0
1 0 0 0 0 0 0
4 0 0 0 0 0 0
2 0 0 0 0 0 0
2 0 0 0 0 0 0
1 0 0 0 0 0 0
4 0 0 0 0 0 0
3 0 0 0 0 0 0
1 0 0 0 0 0 0
2 0 0 0 0 0 0
4 0 0 0 0 0 0
3 0 0 0 0 0 0
2 0 0 0 0 0 0
3 0 0 0 0 0 0
3 0 0 0 0 0 0
1 0 0 0 0 0 0
4 0 0 0 0 0 0
2 0 0 0 0 0 0
3 0 0 0 0 0 0
1 0 0 0 0 0 0
4 0 0 0 0 0 0
1 0 0 0 0 0 0
4 0 0 0 0 0 0
3 0 0 0 0 0 0
2 0 0 0 0 0 0
1 0 0 0 0 0 0
4 0 0 0 0 0 0
2 0 0 0 0 0 0
4 0 0 0 0 0 0
1 0 0 0 0 0 0
3 0 0 0 0 0 0
2 0 0 0 0 0 0
4 0 0 0 0 0 0
1 0 0 0 0 0 0
3 0 0 0 0 0 0
2 0 0 0 0 0 0
3 0 0 0 0 0 0
1 0 0 0 0 0 0
4 0 0 0 0 0 0
2 0 0 0 0 0 0
3 0 0 0 0 0 0
1 0 0 0 0 0 0
4 0 0 0 0 0 0
2 0 0 0 0 0 0
3 0 0 0 0 0 0
2 0 0 0 0 0 0
4 0 0 0 0 0 0
1 0 0 0 0 0 0
3 0 0 0 0 0 0
2 0 0 0 0 0 0
1 0 0 0 0 0 0
4 0 0 0 0 0 0

4 -578 7604 -556 -113 -2784 440
1 0 0 0 0 0 0
3 -972 -7366 -3308 -289 -5967 -2538
2 0 0 0 0 0 0
3 0 0 0 0 0 0
2 0 0 0 0 0 0
1 0 0 0 0 0 0
4 0 0 0 0 0 0
1 0 0 0 0 0 0
2 0 0 0 0 0 0
4 6392 10704 5382 2 -14478 2178
3 6664 -10304 -1108 502 -15256 -7752
3 4804 -12416 -9376 -8520 -28334 -18895
4 2626 14480 -2406 4788 -31582 11846
1 0 0 0 0 0 0
2 0 0 0 0 0 0
3 -6184 -12392 -20630 -20869 -12433 -12526
4 1074 20026 -16882 24703 -29331 18034
2 0 0 0 0 0 0
1 0 0 0 0 0 0
3 -10208 -16216 -13916 -30343 6535 2471
4 -15920 18336 -3382 31782 -6610 -13250
2 0 0 0 0 0 0
1 0 0 0 0 0 0
2 0 0 0 0 0 0
3 -4666 -10964 -2592 -30975 7420 8862
1 0 0 0 0 0 0
4 -4566 9664 1612 22870 8944 -17886
3 -1512 -5590 1630 -21059 -10486 8666
4 -2374 6468 3036 11981 -4613 -16850
2 0 0 0 0 0 0
1 0 0 0 0 0 0
3 -1776 -8844 -1806 -2632 -17303 16001
2 0 0 0 0 0 0
4 0 0 0 0 0 0
1 0 0 0 0 0 0
1 0 0 0 0 0 0
4 550 14180 -318 -19361 -11614 -21166
3 1042 -15428 -8330 14359 -20119 19244
2 0 0 0 0 0 0
4 5376 29646 -4052 -24426 -13339 -15053
3 7940 -23090 -14412 20283 -13939 14099
1 0 0 0 0 0 0
2 0 0 0 0 0 0
3 3886 -14656 -11508 14163 -15461 919
1 0 0 0 0 0 0
4 1098 16678 -4130 -15420 -9856 -4136
2 0 0 0 0 0 0
3 1136 -8086 -7936 4346 -4085 -38
4 2138 9386 -5480 -3538 5411 -1912
2 0 0 0 0 0 0
1 0 0 0 0 0 0
1 0 0 0 0 0 0
3 242 -6094 -6228 1823 -574 -1155
2 0 0 0 0 0 0
4 1668 7756 -3042 14 -1510 2103
3 -114 -7336 -5440 -2887 -712 -1727
4 -692 9152 -2658 4602 -4300 3612
2 0 0 0 0 0 0
1 0 0 0 0 0 0
1 0 0 0 0 0 0
3 -1190 -8870 -4352 -8014 -1889 -1069
2 0 0 0 0 0 0
4 -1900 10672 -922 9965 451 1898
1 0 0 0 0 0 0
3 0 0 0 0 0 0
4 0 0 0 0 0 0
2 0 0 0 0 0 0
1 0 0 0 0 0 0
3 0 0 0 0 0 0
4 -758 8214 254 4830 2753 -302
2 0 0 0 0 0 0
1 0 0 0 0 0 0
4 0 0 0 0 0 0
3 264 -6440 -2996 -2431 3653 1770
2 0 0 0 0 0 0
1 0 0 0 0 0 0
3 0 0 0 0 0 0
4 1126 6916 -1164 -2126 1693 -825
2 0 0 0 0 0 0

4 -266 7302 254 1328 4871 -1983
3 2642 -5880 -1890 -673 -617 -435
1 0 0 0 0 0 0
2 0 0 0 0 0 0
1 0 0 0 0 0 0
3 5104 -14372 -7900 4557 -1739 -2994
2 0 0 0 0 0 0
4 3888 15316 -2436 -6224 1466 -46
4 21286 26350 5694 -4384 -9238 13219
1 0 0 0 0 0 0
3 14154 -24708 -10700 7211 12023 -6140
2 0 0 0 0 0 0
4 1270 27706 -1098 -1419 -9310 22009
3 6056 -23822 -11878 4563 -5800 -26596
2 0 0 0 0 0 0
1 0 0 0 0 0 0
2 0 0 0 0 0 0
3 -9200 -9418 -2204 -5480 5030 -16035
1 0 0 0 0 0 0
4 -4324 8526 3532 1572 -1049 16802
3 -16428 -306 4058 -3253 6621 -7311
4 -18954 704 622 -4311 5712 9807
2 0 0 0 0 0 0
1 0 0 0 0 0 0
4 -11502 1166 -4334 3920 1284 -7247
1 0 0 0 0 0 0
2 0 0 0 0 0 0
3 -11274 190 294 -2099 -1055 3668
3 -2764 -3156 -4220 -7319 -1899 8962
2 0 0 0 0 0 0
1 0 0 0 0 0 0
4 -3908 5962 -2064 11065 -2552 -14329
4 6020 20492 -2500 6930 -1673 -19579
2 0 0 0 0 0 0
1 0 0 0 0 0 0
3 6464 -6658 -5030 -3455 -13914 12471
2 0 0 0 0 0 0
3 12406 -23990 -13452 12746 -8528 20449
4 14992 23932 -5416 -317 -872 -16105
1 0 0 0 0 0 0
2 0 0 0 0 0 0
4 8484 15536 -3478 -193 -2940 -3917
3 6760 -17264 -9612 4687 -10519 3277
1 0 0 0 0 0 0
3 3926 -9004 -4666 767 5728 2481
1 0 0 0 0 0 0
2 0 0 0 0 0 0
4 4880 8368 -1436 -1503 3711 863
2 0 0 0 0 0 0
3 78 -6536 -3592 -2185 1852 -28
1 0 0 0 0 0 0
4 0 0 0 0 0 0
1 0 0 0 0 0 0
2 0 0 0 0 0 0
3 -516 -4148 -2732 -2973 4390 862
4 -1028 4618 -1710 -1726 6152 1090
1 0 0 0 0 0 0
2 0 0 0 0 0 0
4 -662 8192 -1338 1928 3000 1027
3 0 0 0 0 0 0
1 0 0 0 0 0 0
2 0 0 0 0 0 0
4 0 0 0 0 0 0
3 0 0 0 0 0 0
1 0 0 0 0 0 0
3 -200 -6788 -3900 -640 3169 2321
4 -862 7146 -1472 127 1027 -1957
2 0 0 0 0 0 0
1 0 0 0 0 0 0
3 1044 -7596 -4020 552 1566 1258
4 982 8630 -1466 250 3314 -962
2 0 0 0 0 0 0
1 0 0 0 0 0 0
4 700 7578 -1222 -410 -430 -241
3 0 0 0 0 0 0
2 0 0 0 0 0 0
1 0 0 0 0 0 0
4 0 0 0 0 0 0
2 0 0 0 0 0 0
3 0 0 0 0 0 0

3 -584 -12802 -2068 7763 -4609 -3104
4 -1184 12864 -1366 -257 -7245 2119
1 0 0 0 0 0 0
2 0 0 0 0 0 0
3 11184 -21220 -5084 5798 39 -4173
1 0 0 0 0 0 0
2 0 0 0 0 0 0
4 14140 20138 -284 -573 4514 5471
4 7206 28650 482 -4493 -5221 18969
2 0 0 0 0 0 0
3 5092 -26910 -4518 196 -6867 -16455
1 0 0 0 0 0 0
4 -898 8498 -1456 1039 -16909 18738
3 -72 -8198 -3522 -4089 -3336 -16909
1 0 0 0 0 0 0
2 0 0 0 0 0 0
3 -7772 -4276 486 -3322 1899 -13885
2 0 0 0 0 0 0
1 0 0 0 0 0 0
4 0 0 0 0 0 0
4 -19072 -2576 -2990 866 -3652 3693
3 -14578 3668 5646 531 3072 -3945
2 0 0 0 0 0 0
1 0 0 0 0 0 0
3 -8078 -388 -692 1427 -1422 6193
2 0 0 0 0 0 0
1 0 0 0 0 0 0
4 -7546 3210 -1998 6156 740 -11611
3 -3232 -4792 -4422 -791 -7889 11680
2 0 0 0 0 0 0
1 0 0 0 0 0 0
4 -4974 10266 -3588 6909 -7671 -16210
3 1164 -20472 -12088 8966 -11846 18131
1 0 0 0 0 0 0
2 0 0 0 0 0 0
4 7644 27998 -6846 -3154 7177 -24444
4 12822 19346 -1804 1347 -5958 -7166
2 0 0 0 0 0 0
1 0 0 0 0 0 0
3 13788 -19512 -10438 1802 -4887 8959
3 4076 -12294 -6638 2508 3808 4583
1 0 0 0 0 0 0
3 2400 -7400 -2742 2165 4795 2139
2 0 0 0 0 0 0
4 1052 11648 382 -2601 -6068 -355
1 0 0 0 0 0 0
2 0 0 0 0 0 0
1 0 0 0 0 0 0
2 0 0 0 0 0 0
3 0 0 0 0 0 0
4 -964 6402 -1958 -2215 9419 -453
4 752 3960 -1012 -1278 7012 335
1 0 0 0 0 0 0
2 0 0 0 0 0 0
3 -906 -6028 -2420 -964 5881 738
4 94 6976 -1572 -1427 -5492 600
3 -1410 -7188 -5186 -396 -9835 -4388
1 0 0 0 0 0 0
4 -2476 8902 -2326 -6875 -6845 1030
2 0 0 0 0 0 0
1 0 0 0 0 0 0
3 0 0 0 0 0 0
4 -1268 8704 -2286 351 2568 -1420
2 0 0 0 0 0 0
3 1068 -8132 -3720 463 13542 4249
2 0 0 0 0 0 0
1 0 0 0 0 0 0
4 1810 9504 1518 6859 7599 -330
1 0 0 0 0 0 0
4 0 0 0 0 0 0
3 1018 -7332 -3152 -790 1715 289
2 0 0 0 0 0 0
4 -1208 8614 -1116 -442 5077 331
3 0 0 0 0 0 0
1 0 0 0 0 0 0
2 0 0 0 0 0 0
1 0 0 0 0 0 0
2 0 0 0 0 0 0
3 0 0 0 0 0 0
4 470 7796 -1472 -8 1900 374

2 0 0 0 0 0 0
4 -2806 7040 -618 3472 -3849 328
3 -814 -5506 -3826 -3219 -4332 -2771
1 0 0 0 0 0 0
3 2348 -10312 -6860 -157 -2949 427
2 0 0 0 0 0 0
4 5114 13650 -4366 4131 -13706 -1809
1 0 0 0 0 0 0
2 0 0 0 0 0 0
1 0 0 0 0 0 0
4 32767 26232 -17604 1074 -5928 21187
3 15868 -27206 68 9345 -565 -292
4 0 0 0 0 0 0
2 0 0 0 0 0 0
1 0 0 0 0 0 0
3 2944 -32768 -14582 10124 -3137 -22324
2 0 0 0 0 0 0
4 -7046 5850 5236 3958 7796 13536
3 -4168 -10340 -5086 -9807 -15078 -26823
1 0 0 0 0 0 0
2 0 0 0 0 0 0
3 -6270 -4386 2802 -3237 11272 -10381
4 -9396 2148 1452 -2815 -864 10313
1 0 0 0 0 0 0
1 0 0 0 0 0 0
3 -13796 -1700 2354 501 775 -5872
4 -13468 -1764 1450 1620 1936 582
2 0 0 0 0 0 0
3 -8640 -2236 1242 -5259 -2340 6462
1 0 0 0 0 0 0
2 0 0 0 0 0 0
4 -9304 1322 2096 5229 501 -9110
4 -4754 8332 -2570 6201 -3899 -14976
2 0 0 0 0 0 0
3 -1648 -3804 -2720 -8334 -5198 8565
1 0 0 0 0 0 0
3 5018 -7468 -9466 1815 -23057 15867
2 0 0 0 0 0 0
4 3976 27188 -7994 -1154 -1520 -28219
1 0 0 0 0 0 0
2 0 0 0 0 0 0
1 0 0 0 0 0 0
4 20534 26802 -7692 -1214 -809 -15394
3 13966 -24614 -19018 13339 -6780 17196
3 7054 -13540 -9282 3876 -6541 3275
1 0 0 0 0 0 0
4 13220 11366 -1528 -1518 -530 1559
2 0 0 0 0 0 0
3 3900 -7022 -3658 999 2921 2737
4 -2356 5936 -1504 -2663 3588 -1564
2 0 0 0 0 0 0
1 0 0 0 0 0 0
2 0 0 0 0 0 0
1 0 0 0 0 0 0
4 370 4128 -1618 -4078 9924 467
3 672 -3590 -2668 -2184 4426 484
3 -122 -6352 -3158 -1982 -349 -701
4 -166 7962 -1244 -3254 -684 1631
2 0 0 0 0 0 0
1 0 0 0 0 0 0
2 0 0 0 0 0 0
3 -610 -6804 -5424 3265 -7238 -2888
1 0 0 0 0 0 0
4 -740 8986 -2690 -4553 -10013 3299
1 0 0 0 0 0 0
4 -2358 8434 -1664 3113 -5909 -900
2 0 0 0 0 0 0
3 -1750 -8020 -4458 1404 5271 2126
1 0 0 0 0 0 0
2 0 0 0 0 0 0
4 -1394 8898 -970 7110 8087 -1472
3 0 0 0 0 0 0
1 0 0 0 0 0 0
4 540 6576 -1506 4572 1311 -1296
3 180 -6532 -3888 -3868 -2310 168
2 0 0 0 0 0 0
1 0 0 0 0 0 0
4 -210 6326 -1334 -1362 -165 -2079
3 0 0 0 0 0 0
2 0 0 0 0 0 0

1 0 0 0 0 0 0
2 0 0 0 0 0 0
4 -602 7932 -1540 35 415 -443
3 0 0 0 0 0 0
1 0 0 0 0 0 0
3 0 0 0 0 0 0
2 0 0 0 0 0 0
4 0 0 0 0 0 0
1 0 0 0 0 0 0
4 0 0 0 0 0 0
3 0 0 0 0 0 0
2 0 0 0 0 0 0
1 0 0 0 0 0 0
3 -734 -2004 -1438 -4012 1647 73
2 0 0 0 0 0 0
4 314 1868 -1100 2687 549 208
1 0 0 0 0 0 0
2 0 0 0 0 0 0
3 3442 -8212 -6038 2615 -2521 -2035
4 508 10164 -2868 1861 -4090 1877
1 0 0 0 0 0 0
3 4146 -14202 -6078 3980 -7352 -3163
4 2180 13888 -4898 -2297 -1752 1072
2 0 0 0 0 0 0
2 0 0 0 0 0 0
3 15816 -22866 -12742 -1423 11985 -4955
1 0 0 0 0 0 0
4 23616 24614 -7508 1616 8860 12369
3 948 -21550 -9558 -2183 -2906 -24245
2 0 0 0 0 0 0
4 806 25476 -5242 -81 -2988 24126
1 0 0 0 0 0 0
3 -6034 -5112 -3236 -9246 6051 -15260
1 0 0 0 0 0 0
2 0 0 0 0 0 0
4 -7444 7148 -216 1838 7700 15182
3 -8456 -1818 1648 -4455 11246 -6563
2 0 0 0 0 0 0
4 -14384 1050 748 898 1736 10582
1 0 0 0 0 0 0
1 0 0 0 0 0 0
4 -12402 -88 2490 5318 2240 -3170
3 -13072 -1492 3584 -5050 -2679 -1027
2 0 0 0 0 0 0
1 0 0 0 0 0 0
4 -5612 3314 724 2604 4762 -12533
3 -3752 -2092 -996 -3300 -1643 7310
2 0 0 0 0 0 0
2 0 0 0 0 0 0
4 -1366 22352 -2376 4456 -7975 -26731
1 0 0 0 0 0 0
3 3426 -9462 -6788 77 -9431 15943
3 11242 -22786 -18618 15985 -3886 23639
4 18422 28416 -9246 -2598 -351 -19432
2 0 0 0 0 0 0
1 0 0 0 0 0 0
3 8802 -12680 -9886 6206 -4593 6823
2 0 0 0 0 0 0
1 0 0 0 0 0 0
4 10142 14116 -2236 1357 -4528 -3062
4 1326 6806 -1340 -3027 -2723 -584
3 2582 -7820 -5214 3546 67 3184
1 0 0 0 0 0 0
2 0 0 0 0 0 0
4 -804 7098 -1666 -4672 5225 -2193
2 0 0 0 0 0 0
1 0 0 0 0 0 0
3 0 0 0 0 0 0
4 -214 7036 -1852 -4168 1780 -423
2 0 0 0 0 0 0
1 0 0 0 0 0 0
3 -728 -7652 -2428 646 138 1678
2 0 0 0 0 0 0
1 0 0 0 0 0 0
3 0 0 0 0 0 0
4 -786 8282 -1996 -2330 -730 -160
4 0 0 0 0 0 0
1 0 0 0 0 0 0
2 0 0 0 0 0 0
3 0 0 0 0 0 0

1 0 0 0 0 0 0
3 0 0 0 0 0 0
4 -704 7268 -318 312 245 206
2 0 0 0 0 0 0
1 0 0 0 0 0 0
4 0 0 0 0 0 0
2 0 0 0 0 0 0
4 1532 6156 -2046 4696 -3724 3810
3 0 0 0 0 0 0
1 0 0 0 0 0 0
3 2132 -5406 -3856 -2563 -126 -3257
2 0 0 0 0 0 0
1 0 0 0 0 0 0
4 -734 10772 -2080 3608 -3020 776
2 0 0 0 0 0 0
3 260 -10578 -6994 -1959 -774 -3155
3 14224 -22058 -6186 -1658 4910 -10508
4 24116 21138 2880 -3325 9516 7561
1 0 0 0 0 0 0
2 0 0 0 0 0 0
3 11150 -26012 -19192 1366 1999 -26934
1 0 0 0 0 0 0
4 8650 32767 -5000 -5655 -6129 26455
2 0 0 0 0 0 0
4 -7466 10552 1388 5028 -2200 19394
2 0 0 0 0 0 0
3 -6822 -9112 -6970 -9273 -400 -19788
1 0 0 0 0 0 0
2 0 0 0 0 0 0
3 -6936 -3260 1038 -6080 8756 -5651
4 -11248 2818 1552 1166 -1316 12917
1 0 0 0 0 0 0
3 -10354 -2990 4178 -4643 -869 -2724
1 0 0 0 0 0 0
4 -13592 248 3342 1653 6298 -2413
2 0 0 0 0 0 0
3 -6042 -3484 1028 -3250 195 8365
2 0 0 0 0 0 0
4 -6914 3708 498 2798 1405 -12124
1 0 0 0 0 0 0
4 -5636 20020 -2800 4458 -887 -21665
3 -3656 -7532 -6964 -3308 -12373 13029
1 0 0 0 0 0 0
2 0 0 0 0 0 0
1 0 0 0 0 0 0
3 10152 -17734 -16156 15811 -11559 27572
2 0 0 0 0 0 0
4 13610 27784 -5678 -6074 -3023 -24001
3 10248 -17720 -10218 8735 -2076 17022
4 10642 16008 -4678 -4590 -1882 -10327
2 0 0 0 0 0 0
1 0 0 0 0 0 0
3 1624 -9652 -2892 2306 -3421 3551
2 0 0 0 0 0 0
4 414 8690 -1308 -385 -3109 -1272
1 0 0 0 0 0 0
3 -80 -8780 -1782 1793 2421 3329
2 0 0 0 0 0 0
1 0 0 0 0 0 0
4 202 7720 -1046 -263 8377 -994
3 -1286 -8808 -2020 1573 2262 1946
2 0 0 0 0 0 0
4 1346 8694 -3638 -239 -215 -1885
1 0 0 0 0 0 0
3 0 0 0 0 0 0
1 0 0 0 0 0 0
4 -1784 7388 -2364 137 1441 702
2 0 0 0 0 0 0
3 0 0 0 0 0 0
4 0 0 0 0 0 0
1 0 0 0 0 0 0
2 0 0 0 0 0 0
3 0 0 0 0 0 0
1 0 0 0 0 0 0
4 0 0 0 0 0 0
2 0 0 0 0 0 0
3 0 0 0 0 0 0
2 0 0 0 0 0 0
4 0 0 0 0 0 0
1 0 0 0 0 0 0

3 -1100 -6680 -2396 -1972 -984 -1994
2 0 0 0 0 0 0
4 0 0 0 0 0 0
1 0 0 0 0 0 0
3 1810 -5160 -3586 -2110 303 -3530
1 0 0 0 0 0 0
2 0 0 0 0 0 0
4 5042 6636 -2270 1425 72 5756
3 4028 -12424 -3442 -3523 716 -4705
2 0 0 0 0 0 0
4 1256 11506 -758 3867 -6127 1239
1 0 0 0 0 0 0
3 17010 -25994 -13524 -3892 10809 -10352
4 21290 28400 4054 -3484 -1085 16583
1 0 0 0 0 0 0
2 0 0 0 0 0 0
3 -282 -16166 -13462 -3516 -5210 -30685
4 674 21826 -3154 -5173 -17907 23622
2 0 0 0 0 0 0
1 0 0 0 0 0 0
3 -9628 -3798 -3262 -3211 7634 -16027
2 0 0 0 0 0 0
1 0 0 0 0 0 0
4 -9004 7948 368 -2161 10376 17340
3 -16206 -520 3172 -587 5125 -4686
1 0 0 0 0 0 0
2 0 0 0 0 0 0
4 -17644 774 -4496 -1611 -1887 6999
3 -11580 -1324 446 -1752 -4870 8167
1 0 0 0 0 0 0
2 0 0 0 0 0 0
4 -9790 3638 -1936 5899 4294 -10894
3 -1930 -7454 -5410 -927 -10474 14807
2 0 0 0 0 0 0
1 0 0 0 0 0 0
4 -4218 14286 -2786 13862 732 -18270
3 6940 -18332 -14448 9073 -7514 22460
1 0 0 0 0 0 0
4 14366 23412 -2616 249 1443 -24450
2 0 0 0 0 0 0
3 13454 -18472 -13306 4842 -1180 11471
2 0 0 0 0 0 0
1 0 0 0 0 0 0
4 15900 21456 -3688 -225 -6460 -9679
3 12170 -11952 -5204 2452 7479 3130
2 0 0 0 0 0 0
4 5202 10778 -3984 -3099 -4818 -418
1 0 0 0 0 0 0
3 998 -5488 -3658 1588 -1663 1075
2 0 0 0 0 0 0
1 0 0 0 0 0 0
4 -760 5810 -2116 -2617 -1133 -1512
3 0 0 0 0 0 0
1 0 0 0 0 0 0
4 756 6282 -1784 -2365 7851 -95
2 0 0 0 0 0 0
3 -36 -6152 -3832 -244 978 -634
4 502 7164 -1520 846 -2613 1257
2 0 0 0 0 0 0
1 0 0 0 0 0 0
3 -404 -7224 -4960 1141 -5803 -2229
2 0 0 0 0 0 0
4 0 0 0 0 0 0
1 0 0 0 0 0 0
3 -1520 -7294 -4320 99 1990 1457
2 0 0 0 0 0 0
1 0 0 0 0 0 0
4 -980 7322 -1672 621 -25 -243
3 0 0 0 0 0 0
1 0 0 0 0 0 0
4 0 0 0 0 0 0
2 0 0 0 0 0 0
3 0 0 0 0 0 0
4 164 7594 -1246 88 -647 -42
2 0 0 0 0 0 0
1 0 0 0 0 0 0
3 1336 -7544 -4328 946 -1092 -61
4 0 0 0 0 0 0
2 0 0 0 0 0 0
1 0 0 0 0 0 0

3 -344 -7134 -4244 -214 -485 46
4 0 0 0 0 0 0
2 0 0 0 0 0 0
1 0 0 0 0 0 0
3 0 0 0 0 0 0
4 0 0 0 0 0 0
2 0 0 0 0 0 0
1 0 0 0 0 0 0
3 0 0 0 0 0 0
1 0 0 0 0 0 0
2 0 0 0 0 0 0
4 0 0 0 0 0 0
3 0 0 0 0 0 0
1 0 0 0 0 0 0
4 0 0 0 0 0 0
2 0 0 0 0 0 0
1 0 0 0 0 0 0
3 0 0 0 0 0 0
2 0 0 0 0 0 0
4 0 0 0 0 0 0
3 0 0 0 0 0 0
1 0 0 0 0 0 0
4 0 0 0 0 0 0
2 0 0 0 0 0 0
1 0 0 0 0 0 0
4 0 0 0 0 0 0
3 0 0 0 0 0 0
2 0 0 0 0 0 0
3 0 0 0 0 0 0
1 0 0 0 0 0 0
2 0 0 0 0 0 0
4 0 0 0 0 0 0
3 480 -2966 -2732 -1591 3050 -165
1 0 0 0 0 0 0
4 1570 2066 -1748 2630 -3152 1255
2 0 0 0 0 0 0
3 6034 -11114 -372 -1946 3523 -886
4 5318 15726 -392 2541 2597 1416
2 0 0 0 0 0 0
1 0 0 0 0 0 0
3 20714 -30942 -14610 2249 -5198 -16939
4 22902 31864 -6152 -1347 -6112 17926
2 0 0 0 0 0 0
1 0 0 0 0 0 0
3 3958 -20804 -17590 -5948 4049 -24356
2 0 0 0 0 0 0
1 0 0 0 0 0 0
4 -1260 23622 -5722 2544 -221 23690
3 -7100 -10200 -5500 -8248 10317 -16105
1 0 0 0 0 0 0
4 -5446 11422 372 -922 6026 18480
2 0 0 0 0 0 0
3 -22838 -4672 8082 -8370 2347 -8878
1 0 0 0 0 0 0
2 0 0 0 0 0 0
4 -24508 -2180 456 1101 5817 7999
3 -11358 -1390 5166 -3070 -1540 6383
4 -12464 1666 118 3536 717 -11038
2 0 0 0 0 0 0
1 0 0 0 0 0 0
3 -3380 -4870 -3600 545 -7972 11100
1 0 0 0 0 0 0
4 -2714 17158 -4152 6785 -2716 -20646
2 0 0 0 0 0 0
3 8622 -12426 -18104 12058 -11110 22472
2 0 0 0 0 0 0
4 11062 26550 -5946 -1993 7477 -27268
1 0 0 0 0 0 0
3 12926 -18978 -14858 5527 -4688 15980
2 0 0 0 0 0 0
1 0 0 0 0 0 0
4 12362 20912 -1950 320 -6073 -12416
3 4430 -8476 -6504 1779 -7184 3050
1 0 0 0 0 0 0
2 0 0 0 0 0 0
4 9574 11108 634 -2845 10504 -1670
3 2148 -7116 -3832 3944 4597 4210
1 0 0 0 0 0 0
4 1308 6056 -622 -1655 -824 -1820
2 0 0 0 0 0 0

3 -2244 -7198 -3812 -323 2289 685
4 -834 7820 -224 344 -493 117
2 0 0 0 0 0 0
1 0 0 0 0 0 0
3 0 0 0 0 0 0
2 0 0 0 0 0 0
4 0 0 0 0 0 0
1 0 0 0 0 0 0
4 842 5616 -260 2172 -4043 1083
1 -7974 -54 -2392 -5716 -882 -588
3 0 0 0 0 0 0
2 0 0 0 0 0 0
4 0 0 0 0 0 0
3 0 0 0 0 0 0
1 -8078 -894 -1090 -118 482 289
2 0 0 0 0 0 0
1 0 0 0 0 0 0
3 232 -12452 -8786 1204 -1194 -1394
2 0 0 0 0 0 0
4 1492 13864 -5208 3121 -8609 1065
3 6486 -17396 -8452 -1125 2353 -1249
1 0 0 0 0 0 0
4 15682 17578 -1848 -57 6792 3505
2 0 0 0 0 0 0
3 7350 -21328 -12198 -2186 3550 -18519
2 0 0 0 0 0 0
4 12140 28702 -2798 -4243 -7563 21596
1 0 0 0 0 0 0
3 -364 -9530 -7300 -1063 -2945 -24930
2 0 0 0 0 0 0
4 -4074 10018 -1242 2569 -10463 19294
1 0 0 0 0 0 0
1 0 0 0 0 0 0
2 0 0 0 0 0 0
4 -8746 6722 -1106 -1168 12112 13423
3 -11276 -4914 -4356 -1015 5862 -13235
1 0 0 0 0 0 0
2 0 0 0 0 0 0
4 -20790 -1594 -1254 1283 2473 763
3 -18006 -1912 4982 -5544 5615 1350
4 -8384 3874 -1888 7934 2948 -12202
3 -6838 -1796 346 -4975 -3966 8961
1 0 0 0 0 0 0
2 0 0 0 0 0 0
3 -2112 -11244 -10080 -714 -14787 15220
2 0 0 0 0 0 0
1 0 0 0 0 0 0
4 -5178 21836 -4052 9263 -6223 -22573
3 16402 -25490 -21162 14612 -2716 23108
2 0 0 0 0 0 0
4 18146 29638 -4876 -2169 -952 -18982
1 0 0 0 0 0 0
4 9370 14572 -148 2445 591 -5388
2 0 0 0 0 0 0
1 0 0 0 0 0 0
3 9368 -15384 -8496 7554 -1273 7446
1 0 0 0 0 0 0
4 2506 7380 250 -1747 -4930 -1472
3 2224 -6394 -3270 3141 -7941 -629
2 0 0 0 0 0 0
2 0 0 0 0 0 0
1 0 0 0 0 0 0
4 0 0 0 0 0 0
3 0 0 0 0 0 0
2 0 0 0 0 0 0
3 -1986 -6452 -3268 1041 -482 1038
1 0 0 0 0 0 0
4 0 0 0 0 0 0
3 0 0 0 0 0 0
1 0 0 0 0 0 0
2 0 0 0 0 0 0
4 -1414 8482 -1508 -120 -2370 689
4 0 0 0 0 0 0
1 0 0 0 0 0 0
3 0 0 0 0 0 0
2 0 0 0 0 0 0
4 0 0 0 0 0 0
1 0 0 0 0 0 0
3 0 0 0 0 0 0
2 0 0 0 0 0 0

1 0 0 0 0 0 0
2 0 0 0 0 0 0
4 -692 4682 -706 1820 -906 1057
3 -274 -4056 -3126 -779 405 -1113
3 100 -5644 -3484 -2405 -1046 -2041
2 0 0 0 0 0 0
1 0 0 0 0 0 0
4 872 7008 -1892 4020 4524 2596
3 -900 -10660 -7462 -1983 667 -3204
4 2614 10930 -3100 3432 -2746 230
1 0 0 0 0 0 0
2 0 0 0 0 0 0
3 17754 -22228 -7254 -45 16020 -755
1 0 0 0 0 0 0
2 0 0 0 0 0 0
4 20452 24606 790 -4839 2835 9148
3 5182 -21478 -12204 4280 2207 -20785
2 0 0 0 0 0 0
4 1700 28076 -3358 -5149 -10139 22514
1 0 0 0 0 0 0
2 0 0 0 0 0 0
4 -4522 5078 454 2558 -3421 14985
3 -1666 -6706 -5254 -4011 -4085 -18779
1 -8076 -1898 -700 -1220 -318 -272
3 -7010 -3396 -4442 -2302 9411 -11824
4 0 0 0 0 0 0
1 0 0 0 0 0 0
2 0 0 0 0 0 0
2 0 0 0 0 0 0
1 0 0 0 0 0 0
3 -13092 290 1150 -3630 3060 -3601
4 -17918 -462 618 2036 2159 3349
3 -7934 -1426 -236 -4499 -2919 5903
4 -8568 2798 -250 6305 54 -11191
1 0 0 0 0 0 0
2 0 0 0 0 0 0
3 -3990 -10282 -7210 -1817 -14948 14750
2 0 0 0 0 0 0
1 0 0 0 0 0 0
4 -7898 21442 -4270 5128 -11224 -22507
3 11448 -29182 -18668 17943 -3396 26999
4 15040 32767 -8352 -8065 2113 -25857
1 0 0 0 0 0 0
2 0 0 0 0 0 0
3 11254 -14926 -10400 7284 -4077 8144
4 10396 13802 -5354 -792 691 -4969
1 0 0 0 0 0 0
2 0 0 0 0 0 0
3 12314 -8802 -4444 2282 7521 2230
1 0 0 0 0 0 0
2 0 0 0 0 0 0
4 3516 6404 -1722 -3311 6995 -1705
3 258 -4606 -3444 -1531 4292 1145
2 0 0 0 0 0 0
1 0 0 0 0 0 0
4 0 0 0 0 0 0
3 0 0 0 0 0 0
2 0 0 0 0 0 0
1 0 0 0 0 0 0
4 -612 8864 -1884 -1524 -1733 1641
2 0 0 0 0 0 0
1 0 0 0 0 0 0
4 -556 7554 -1740 -676 -6676 1149
3 -506 -6732 -4168 -1315 -4728 -3152
3 -1468 -7554 -4252 -1211 -378 -82
2 0 0 0 0 0 0
1 0 0 0 0 0 0
4 -1528 8310 -1664 633 4480 -714
3 0 0 0 0 0 0
4 374 7950 -1398 2006 1640 -459
1 0 0 0 0 0 0
2 0 0 0 0 0 0
4 0 0 0 0 0 0
1 0 0 0 0 0 0
2 0 0 0 0 0 0
3 0 0 0 0 0 0
1 0 0 0 0 0 0
3 0 0 0 0 0 0
4 0 0 0 0 0 0
2 0 0 0 0 0 0

1 0 0 0 0 0 0
3 -386 -7224 -4282 -103 -13 90
2 0 0 0 0 0 0
4 -132 7966 -1548 -63 57 -12
3 0 0 0 0 0 0
1 0 0 0 0 0 0
4 0 0 0 0 0 0
2 0 0 0 0 0 0
4 0 0 0 0 0 0
1 0 0 0 0 0 0
3 0 0 0 0 0 0
2 0 0 0 0 0 0
1 0 0 0 0 0 0
2 0 0 0 0 0 0
3 0 0 0 0 0 0
4 0 0 0 0 0 0
3 0 0 0 0 0 0
2 0 0 0 0 0 0
4 0 0 0 0 0 0
1 0 0 0 0 0 0
2 0 0 0 0 0 0
3 0 0 0 0 0 0
4 0 0 0 0 0 0
1 0 0 0 0 0 0
1 0 0 0 0 0 0
2 0 0 0 0 0 0
3 638 -2368 -2422 -2252 3574 418
4 -140 1850 -700 2673 -1724 1823
3 3122 -12244 -4388 -509 -2515 -2910
1 0 0 0 0 0 0
2 0 0 0 0 0 0
4 10356 15926 -3276 5173 -3396 -1429
2 0 0 0 0 0 0
3 22796 -32768 -5190 7090 -12060 -11122
4 15154 27112 -7148 -2421 -2330 17146
1 0 0 0 0 0 0
3 3492 -21058 -12996 -6229 1301 -27048
2 0 0 0 0 0 0
4 -2708 19160 -4298 259 6227 22813
1 0 0 0 0 0 0
3 -16290 -2550 -3314 -10223 2628 -18440
1 0 0 0 0 0 0
4 -10496 8462 -1818 -5752 4418 19619
2 0 0 0 0 0 0
3 -13600 -2898 3118 -6352 -2772 -5754
4 -21164 -776 -3126 212 1337 5887
1 0 0 0 0 0 0
2 0 0 0 0 0 0
3 -8174 -4648 3864 -7445 -1937 7495
1 0 0 0 0 0 0
4 -8614 4052 128 9647 1923 -12013
2 0 0 0 0 0 0
1 0 0 0 0 0 0
2 0 0 0 0 0 0
3 -3028 -6628 -2448 -4596 -7486 10912
4 -4508 14754 -502 12002 -9917 -19206
2 0 0 0 0 0 0
3 12674 -14864 -12926 8482 -5049 23594
4 15072 25480 -5858 -612 7109 -24894
1 0 0 0 0 0 0
3 8522 -20112 -12022 9605 -4620 17986
2 0 0 0 0 0 0
1 0 0 0 0 0 0
4 13954 19340 -3718 467 -6629 -5867
3 6660 -12120 -8512 2946 -4755 4389
1 0 0 0 0 0 0
4 3116 9556 -1532 -2639 -7171 1486
2 0 0 0 0 0 0
1 0 0 0 0 0 0
4 -804 4854 -872 -2537 2531 -720
3 2624 -4700 -3734 -747 -1275 618
2 0 0 0 0 0 0
3 0 0 0 0 0 0
2 0 0 0 0 0 0
4 0 0 0 0 0 0
1 0 0 0 0 0 0
1 0 0 0 0 0 0
2 0 0 0 0 0 0
4 0 0 0 0 0 0
3 -398 -7552 -4902 1825 -4614 -3190

4 -192 7338 -446 866 318 147
2 0 0 0 0 0 0
1 0 0 0 0 0 0
3 -2268 -7514 -3404 -3968 -23611 -6785
4 0 0 0 0 0 0
1 0 0 0 0 0 0
3 -3618 -6134 -4206 -646 -1033 -272
2 0 0 0 0 0 0
2 0 0 0 0 0 0
4 0 0 0 0 0 0
1 0 0 0 0 0 0
3 -2180 -7140 -2978 5323 21925 5717
4 0 0 0 0 0 0
2 0 0 0 0 0 0
3 2216 -7804 -5216 1548 5254 2881
1 0 0 0 0 0 0
2 0 0 0 0 0 0
4 0 0 0 0 0 0
1 0 0 0 0 0 0
3 -2274 -6992 -4396 -914 -3644 -701
1 0 0 0 0 0 0
4 0 0 0 0 0 0
2 0 0 0 0 0 0
3 -408 -7146 -4532 -358 64 -28
4 0 0 0 0 0 0
3 0 0 0 0 0 0
1 0 0 0 0 0 0
2 0 0 0 0 0 0
1 0 0 0 0 0 0
4 0 0 0 0 0 0
2 0 0 0 0 0 0
3 0 0 0 0 0 0
2 0 0 0 0 0 0
1 0 0 0 0 0 0
3 0 0 0 0 0 0
4 0 0 0 0 0 0
3 0 0 0 0 0 0
1 0 0 0 0 0 0
2 0 0 0 0 0 0
4 0 0 0 0 0 0
4 0 0 0 0 0 0
2 0 0 0 0 0 0
3 -540 -7310 -4028 -1071 -8483 -2391
1 0 0 0 0 0 0
4 0 0 0 0 0 0
3 -2160 -6976 -4112 453 1594 22
2 0 0 0 0 0 0
1 0 0 0 0 0 0
2 0 0 0 0 0 0
4 0 0 0 0 0 0
1 0 0 0 0 0 0
3 0 0 0 0 0 0
4 0 0 0 0 0 0
1 0 0 0 0 0 0
2 0 0 0 0 0 0
3 -392 -7262 -4220 -266 -391 -52
4 0 0 0 0 0 0
2 0 0 0 0 0 0
1 0 0 0 0 0 0
3 0 0 0 0 0 0
4 0 0 0 0 0 0
2 0 0 0 0 0 0
1 0 0 0 0 0 0
3 0 0 0 0 0 0
4 0 0 0 0 0 0
3 0 0 0 0 0 0
2 0 0 0 0 0 0
1 0 0 0 0 0 0
2 0 0 0 0 0 0
4 0 0 0 0 0 0
3 0 0 0 0 0 0
1 0 0 0 0 0 0
4 0 0 0 0 0 0
3 0 0 0 0 0 0
2 0 0 0 0 0 0
1 0 0 0 0 0 0
2 0 0 0 0 0 0
4 0 0 0 0 0 0
3 0 0 0 0 0 0
1 0 0 0 0 0 0

2 0 0 0 0 0 0
1 0 0 0 0 0 0
4 0 0 0 0 0 0
3 0 0 0 0 0 0
1 0 0 0 0 0 0
2 0 0 0 0 0 0
3 0 0 0 0 0 0
4 0 0 0 0 0 0
4 0 0 0 0 0 0
3 0 0 0 0 0 0
1 0 0 0 0 0 0
2 0 0 0 0 0 0
1 0 0 0 0 0 0
2 0 0 0 0 0 0
4 0 0 0 0 0 0
3 0 0 0 0 0 0
2 0 0 0 0 0 0
1 0 0 0 0 0 0
4 0 0 0 0 0 0
3 0 0 0 0 0 0
1 0 0 0 0 0 0
4 0 0 0 0 0 0
2 0 0 0 0 0 0
3 0 0 0 0 0 0
2 0 0 0 0 0 0
4 0 0 0 0 0 0
3 0 0 0 0 0 0
1 0 0 0 0 0 0
3 0 0 0 0 0 0
2 0 0 0 0 0 0
4 0 0 0 0 0 0
1 0 0 0 0 0 0
1 0 0 0 0 0 0
2 0 0 0 0 0 0
4 0 0 0 0 0 0
3 0 0 0 0 0 0
4 0 0 0 0 0 0
3 0 0 0 0 0 0
1 0 0 0 0 0 0
2 0 0 0 0 0 0
1 0 0 0 0 0 0
4 242 8310 -912 647 -2947 2339
2 0 0 0 0 0 0
3 -1118 -6658 -4926 -448 1473 1845
1 0 0 0 0 0 0
4 -930 7704 -1138 -225 -9146 2452
3 1364 -7334 -4382 1929 10311 3687
2 0 0 0 0 0 0
1 0 0 0 0 0 0
4 -1486 7658 -1364 -1622 -4839 1042
2 0 0 0 0 0 0
3 -194 -7810 -4900 1140 1112 364
4 0 0 0 0 0 0
1 0 0 0 0 0 0
3 -1952 -6998 -4314 404 4004 1374
2 0 0 0 0 0 0
4 448 8162 -1416 -385 -1262 -1243
2 0 0 0 0 0 0
3 -1152 -6432 -4514 -203 2294 904
1 0 0 0 0 0 0
4 0 0 0 0 0 0
2 0 0 0 0 0 0
1 0 0 0 0 0 0
3 0 0 0 0 0 0
4 0 0 0 0 0 0
1 0 0 0 0 0 0
3 0 0 0 0 0 0
2 0 0 0 0 0 0
3 0 0 0 0 0 0
2 0 0 0 0 0 0
4 864 7760 -1940 -497 249 141
1 0 0 0 0 0 0
2 0 0 0 0 0 0
3 0 0 0 0 0 0
4 0 0 0 0 0 0
1 0 0 0 0 0 0
2 0 0 0 0 0 0
3 0 0 0 0 0 0
4 0 0 0 0 0 0
1 0 0 0 0 0 0

4 624 8114 -964 -88 -37 58
2 0 0 0 0 0 0
1 0 0 0 0 0 0
3 -894 -6586 -5178 87 300 119
4 1696 7734 -1470 -186 1169 -808
1 0 0 0 0 0 0
3 -1644 -6804 -6988 -731 3301 1744
2 0 0 0 0 0 0
3 1554 -5678 -8576 -2871 15240 4561
1 0 0 0 0 0 0
4 0 0 0 0 0 0
2 0 0 0 0 0 0
3 2158 -4234 -8372 -6579 8261 -1632
1 0 0 0 0 0 0
4 -686 7534 -716 6707 -6749 4423
2 0 0 0 0 0 0
3 3152 -4970 -6050 -5578 2422 -4903
4 -796 4556 428 373 1259 -722
2 0 0 0 0 0 0
1 0 0 0 0 0 0
4 0 0 0 0 0 0
2 0 0 0 0 0 0
1 0 0 0 0 0 0
3 0 0 0 0 0 0
2 0 0 0 0 0 0
1 0 0 0 0 0 0
4 0 0 0 0 0 0
3 316 -3778 -4934 1206 -2392 969
1 0 0 0 0 0 0
4 0 0 0 0 0 0
2 0 0 0 0 0 0
3 0 0 0 0 0 0
4 1820 7490 -2662 263 122 -1549
3 0 0 0 0 0 0
1 0 0 0 0 0 0
2 0 0 0 0 0 0
3 0 0 0 0 0 0
4 0 0 0 0 0 0
1 0 0 0 0 0 0
2 0 0 0 0 0 0
4 0 0 0 0 0 0
1 0 0 0 0 0 0
2 0 0 0 0 0 0
3 0 0 0 0 0 0
4 -1662 8114 -2862 -270 3729 -912
3 0 0 0 0 0 0
1 0 0 0 0 0 0
2 0 0 0 0 0 0
4 -2570 8210 -4428 2532 2608 -1278
2 0 0 0 0 0 0
1 0 0 0 0 0 0
3 0 0 0 0 0 0
3 0 0 0 0 0 0
4 776 8340 -7314 8103 5215 1879
1 0 0 0 0 0 0
2 0 0 0 0 0 0
3 0 0 0 0 0 0
4 0 0 0 0 0 0
1 0 0 0 0 0 0
2 0 0 0 0 0 0
4 -588 6300 -2268 3893 -1369 928
3 7014 -460 -7040 -3841 2218 -740
1 0 0 0 0 0 0
2 0 0 0 0 0 0
2 0 0 0 0 0 0
1 0 0 0 0 0 0
3 0 0 0 0 0 0
4 0 0 0 0 0 0
3 4820 -1916 -6408 -1011 -138 -1994
1 0 0 0 0 0 0
2 0 0 0 0 0 0
4 840 6908 -5014 -7127 2203 -2475
1 0 0 0 0 0 0
4 0 0 0 0 0 0
2 0 0 0 0 0 0
3 3554 -2204 -6272 505 -2450 -266
4 -312 8132 -4172 -5407 -1447 -1072
3 0 0 0 0 0 0
1 0 0 0 0 0 0
2 0 0 0 0 0 0

4 3988 8734 -2488 -985 2144 640
2 0 0 0 0 0 0
3 442 -7098 -6154 549 -5351 1138
1 0 0 0 0 0 0
2 0 0 0 0 0 0
4 -1508 6810 -1490 -404 -12852 852
1 0 0 0 0 0 0
3 3878 -9968 -5728 859 1649 -1252
3 0 0 0 0 0 0
4 -3126 6740 -752 -5166 660 921
2 0 0 0 0 0 0
1 0 0 0 0 0 0
4 0 0 0 0 0 0
1 0 0 0 0 0 0
2 0 0 0 0 0 0
3 0 0 0 0 0 0
2 0 0 0 0 0 0
4 0 0 0 0 0 0
3 -1744 -6892 -4146 895 -379 -796
1 0 0 0 0 0 0
2 0 0 0 0 0 0
3 0 0 0 0 0 0
4 0 0 0 0 0 0
1 0 0 0 0 0 0
4 -294 7926 862 1510 1686 -325
3 0 0 0 0 0 0
2 0 0 0 0 0 0
1 0 0 0 0 0 0
2 0 0 0 0 0 0
1 0 0 0 0 0 0
3 0 0 0 0 0 0
4 0 0 0 0 0 0
4 0 0 0 0 0 0
3 0 0 0 0 0 0
2 0 0 0 0 0 0
1 0 0 0 0 0 0
2 0 0 0 0 0 0
4 -938 8008 -100 -1504 7360 579
1 0 0 0 0 0 0
3 0 0 0 0 0 0
2 0 0 0 0 0 0
3 0 0 0 0 0 0
4 1110 8640 -1762 1594 4974 1586
1 0 0 0 0 0 0
3 0 0 0 0 0 0
2 0 0 0 0 0 0
4 -696 9246 -3950 7410 1973 3279
1 0 0 0 0 0 0
3 0 0 0 0 0 0
2 0 0 0 0 0 0
1 0 0 0 0 0 0
4 120 9286 -5082 11230 4694 5431
3 0 0 0 0 0 0
4 598 7002 -2372 9516 315 4074
1 0 0 0 0 0 0
2 0 0 0 0 0 0
4 -758 6186 -1806 3177 -1518 1388
3 0 0 0 0 0 0
1 0 0 0 0 0 0
2 0 0 0 0 0 0
1 0 0 0 0 0 0
3 0 0 0 0 0 0
2 0 0 0 0 0 0
4 0 0 0 0 0 0
3 0 0 0 0 0 0
1 0 0 0 0 0 0
4 292 7108 -2660 -7977 561 -3693
2 0 0 0 0 0 0
3 0 0 0 0 0 0
1 0 0 0 0 0 0
4 1804 8110 -2940 -9827 -1475 -3444
2 0 0 0 0 0 0
2 0 0 0 0 0 0
1 0 0 0 0 0 0
4 -138 9180 -1556 -10320 -9668 -2115
3 0 0 0 0 0 0
1 0 0 0 0 0 0
4 -2066 10042 -1304 -7963 -5458 -300
2 0 0 0 0 0 0
3 0 0 0 0 0 0

4 -200 7122 -1330 2900 4200 -304
1 0 0 0 0 0 0
3 0 0 0 0 0 0
2 0 0 0 0 0 0
4 120 7972 -856 1310 5372 177
2 0 0 0 0 0 0
3 0 0 0 0 0 0
1 0 0 0 0 0 0
1 0 0 0 0 0 0
3 0 0 0 0 0 0
4 -650 8390 -1316 566 543 167
2 0 0 0 0 0 0
4 0 0 0 0 0 0
2 0 0 0 0 0 0
3 0 0 0 0 0 0
1 0 0 0 0 0 0
2 0 0 0 0 0 0
1 0 0 0 0 0 0
4 340 7890 -1438 368 -3250 837
3 0 0 0 0 0 0
4 0 0 0 0 0 0
2 0 0 0 0 0 0
1 0 0 0 0 0 0
3 0 0 0 0 0 0
2 0 0 0 0 0 0
3 0 0 0 0 0 0
1 0 0 0 0 0 0
4 0 0 0 0 0 0
4 0 0 0 0 0 0
1 0 0 0 0 0 0
3 0 0 0 0 0 0
2 0 0 0 0 0 0
1 0 0 0 0 0 0
2 0 0 0 0 0 0
4 0 0 0 0 0 0
3 850 -7716 -3104 193 3290 1097
4 0 0 0 0 0 0
2 0 0 0 0 0 0
3 0 0 0 0 0 0
1 0 0 0 0 0 0
4 0 0 0 0 0 0
1 0 0 0 0 0 0
2 0 0 0 0 0 0
3 0 0 0 0 0 0
4 2888 8604 2208 -243 -7865 1775
3 0 0 0 0 0 0
2 0 0 0 0 0 0
1 0 0 0 0 0 0
3 0 0 0 0 0 0
4 -228 8316 -1412 -1608 -102 -310
1 0 0 0 0 0 0
2 0 0 0 0 0 0
3 0 0 0 0 0 0
4 676 7914 -1152 -361 310 509
2 0 0 0 0 0 0
1 0 0 0 0 0 0
3 0 0 0 0 0 0
2 0 0 0 0 0 0
4 0 0 0 0 0 0
1 0 0 0 0 0 0
3 2412 -3000 -17624 -4596 5932 1316
2 0 0 0 0 0 0
1 0 0 0 0 0 0
4 800 8638 70 625 -3089 230
1 0 0 0 0 0 0
2 0 0 0 0 0 0
3 122 -10324 -10806 -17943 3493 117
4 -1214 8374 68 -1319 -2137 783
2 0 0 0 0 0 0
4 0 0 0 0 0 0
1 0 0 0 0 0 0
3 -218 -8482 -3654 -12777 -2848 -2522
1 0 0 0 0 0 0
2 0 0 0 0 0 0
4 0 0 0 0 0 0
3 -1904 -5100 -2856 -4818 1364 566
2 0 0 0 0 0 0
3 -1150 -3240 -3096 182 2037 1539
1 0 0 0 0 0 0
4 0 0 0 0 0 0

4 1176 7276 -5778 -1108 -14181 -7784
3 -2446 -7796 -3100 79 9453 2301
2 0 0 0 0 0 0
1 0 0 0 0 0 0
4 -838 10374 -10214 3543 4238 -11499
2 0 0 0 0 0 0
3 -2144 -8516 -56 -245 2466 74
1 0 0 0 0 0 0
4 0 0 0 0 0 0
1 0 0 0 0 0 0
3 -3424 -8502 1594 1639 -8643 -3024
2 0 0 0 0 0 0
3 -2330 -9350 -246 2291 -13032 -5291
2 0 0 0 0 0 0
1 0 0 0 0 0 0
4 2168 9520 -782 8999 19839 -680
2 0 0 0 0 0 0
3 -2918 -9706 -970 389 -17504 -7831
1 0 0 0 0 0 0
4 -1014 6444 -562 4091 11915 1250
3 -2790 -9678 -1032 40 -19112 -10184
4 0 0 0 0 0 0
2 0 0 0 0 0 0
1 0 0 0 0 0 0
1 0 0 0 0 0 0
4 -3450 9248 -1388 -1644 8251 -6054
3 1476 -8204 -6404 1044 -9832 -9915
2 0 0 0 0 0 0
3 0 0 0 0 0 0
4 -1058 11324 2224 3617 17626 -8223
1 0 0 0 0 0 0
2 0 0 0 0 0 0
3 -360 -4166 -9326 -6930 -1237 -4718
1 0 0 0 0 0 0
2 0 0 0 0 0 0
4 1936 9680 5530 4371 7585 -3160
4 -238 9178 5316 -457 -1071 -1953
3 -3882 -1660 -6906 -6634 2094 1332
1 0 0 0 0 0 0
2 0 0 0 0 0 0
1 0 0 0 0 0 0
3 -4960 -4404 -4940 -4518 7156 9407
4 -842 8876 3646 -5085 -4771 -1719
2 0 0 0 0 0 0
3 -2894 -8652 -3988 -3934 11775 17097
1 0 0 0 0 0 0
4 -1930 9970 1718 -5488 -14689 983
2 0 0 0 0 0 0
1 0 0 0 0 0 0
4 -4014 9402 2146 -3187 -18462 2837
2 0 0 0 0 0 0
3 0 0 0 0 0 0
3 -3422 -14176 -4672 -2316 12179 18232
4 -2742 8936 878 -3661 -10608 606
2 0 0 0 0 0 0
1 0 0 0 0 0 0
2 0 0 0 0 0 0
3 0 0 0 0 0 0
1 0 0 0 0 0 0
4 -1870 8006 146 -3256 -17807 -752
1 0 0 0 0 0 0
2 0 0 0 0 0 0
4 -2462 7960 -1142 -3223 -9272 -2455
3 -146 -9526 -3718 -6979 10592 7196
3 -238 -8580 -3410 -3800 2131 2934
2 0 0 0 0 0 0
1 0 0 0 0 0 0
4 180 8784 -2930 -6662 1320 -4045
3 1220 -7396 -1222 813 -2691 -53
4 6628 8622 -5912 -3571 -3455 -4023
2 0 0 0 0 0 0
1 0 0 0 0 0 0
2 0 0 0 0 0 0
4 5324 9962 -5204 2514 11051 -804
1 0 0 0 0 0 0
3 24 -8774 -3284 7616 -5739 -3750
4 706 10684 -1038 6105 20115 3224
2 0 0 0 0 0 0
3 -1360 -10734 -6434 9305 -11073 -9312
1 0 0 0 0 0 0

4 348 7984 -1060 2234 1746 -1606
3 -880 -7354 -3910 2250 -269 1168
2 0 0 0 0 0 0
1 0 0 0 0 0 0
4 2412 8124 1064 -148 -2010 1859
2 0 0 0 0 0 0
3 0 0 0 0 0 0
1 0 0 0 0 0 0
3 998 -7890 -4208 2594 1625 1152
1 0 0 0 0 0 0
2 0 0 0 0 0 0
4 -1402 8282 -1074 303 -8950 624
1 0 0 0 0 0 0
4 -1230 7904 -1142 221 1052 61
3 0 0 0 0 0 0
2 0 0 0 0 0 0
4 0 0 0 0 0 0
1 0 0 0 0 0 0
3 0 0 0 0 0 0
2 0 0 0 0 0 0
1 0 0 0 0 0 0
3 2102 -8276 -4066 -3875 -9415 -4411
2 0 0 0 0 0 0
4 2772 8736 -1208 1686 -7161 944
3 2050 -10838 480 -13392 -32768 -18920
4 -1976 10740 196 11129 -32768 5689
1 0 0 0 0 0 0
2 0 0 0 0 0 0
4 -2024 6964 -5198 4982 4544 384
3 -7730 -5476 -4670 -10129 -24727 -6907
2 0 0 0 0 0 0
1 0 0 0 0 0 0
3 -2726 -6144 -5548 -4311 -7271 -1463
4 -1462 7556 -3236 2794 12240 -2286
1 0 0 0 0 0 0
2 0 0 0 0 0 0
4 -1804 6814 -1518 4927 -1092 -1213
3 -3530 -5240 -3238 -1707 1268 1747
2 0 0 0 0 0 0
1 0 0 0 0 0 0
1 0 0 0 0 0 0
2 0 0 0 0 0 0
4 -3658 5788 -574 -1123 6282 -2347
3 -6622 -6026 824 7058 27797 7387
3 -930 -10496 -1120 11802 32767 17217
1 0 0 0 0 0 0
2 0 0 0 0 0 0
4 -3314 8164 984 -7696 27458 -7334
1 0 0 0 0 0 0
2 0 0 0 0 0 0
4 0 0 0 0 0 0
3 3182 -8362 -4610 1589 9539 12320
3 6676 -9410 -3752 1802 -1876 -3311
4 4332 9456 160 -1321 7349 -7588
2 0 0 0 0 0 0
1 0 0 0 0 0 0
4 0 0 0 0 0 0
3 -1458 -8034 -3994 454 -10480 -2379
2 0 0 0 0 0 0
1 0 0 0 0 0 0
4 24 8142 -2018 -769 423 293
3 0 0 0 0 0 0
2 0 0 0 0 0 0
1 0 0 0 0 0 0
2 0 0 0 0 0 0
3 202 -6888 -4226 2973 706 700
4 0 0 0 0 0 0
1 0 0 0 0 0 0
1 0 0 0 0 0 0
4 0 0 0 0 0 0
3 -1070 -6846 -3946 1794 -274 877
2 0 0 0 0 0 0
1 0 0 0 0 0 0
4 -1548 9032 -1496 2729 -6309 1329
2 0 0 0 0 0 0
3 0 0 0 0 0 0
1 0 0 0 0 0 0
4 -1338 6918 -1176 1887 -1085 246
3 210 -7868 -1482 165 7435 3732
2 0 0 0 0 0 0

2 0 0 0 0 0 0
4 2512 6926 -4498 -9313 3994 -1476
1 0 0 0 0 0 0
3 686 -5946 -3706 574 -2678 -1120
2 0 0 0 0 0 0
1 0 0 0 0 0 0
4 4268 10728 -2534 -9058 -6969 1314
3 1806 -7964 -3964 1087 -13179 -6777
1 0 0 0 0 0 0
4 1666 10216 -2812 -6120 -8576 4935
2 0 0 0 0 0 0
3 3084 -8614 -6646 419 -3995 -6633
3 0 0 0 0 0 0
4 4014 11022 -6744 -3336 -6138 6414
1 0 0 0 0 0 0
2 0 0 0 0 0 0
1 0 0 0 0 0 0
3 0 0 0 0 0 0
4 140 9196 -6678 4431 1592 6609
2 0 0 0 0 0 0
1 0 0 0 0 0 0
3 -6746 -3622 -3714 -3682 6269 312
4 0 0 0 0 0 0
2 0 0 0 0 0 0
4 -3502 8518 -1944 5789 3838 -5788
1 0 0 0 0 0 0
3 -4720 -6968 -3384 -553 7666 11292
2 0 0 0 0 0 0
3 4894 -12482 1182 4391 3052 8214
2 0 0 0 0 0 0
1 0 0 0 0 0 0
4 0 0 0 0 0 0
3 8786 -12076 -3208 6298 -3709 3033
4 9498 11154 3752 -6530 -202 -7834
2 0 0 0 0 0 0
1 0 0 0 0 0 0
2 0 0 0 0 0 0
4 14658 13702 -2710 -9276 -5359 4318
1 0 0 0 0 0 0
3 10112 -10280 -10136 3174 -6300 -9070
3 0 0 0 0 0 0
4 -4312 8696 -7194 -4457 -3775 11332
1 0 0 0 0 0 0
2 0 0 0 0 0 0
3 -9328 -6030 -2866 -3280 566 6228
1 0 0 0 0 0 0
2 0 0 0 0 0 0
4 -10656 7532 -5814 7051 -494 -586
2 0 0 0 0 0 0
1 0 0 0 0 0 0
3 0 0 0 0 0 0
4 -1324 10916 7362 9781 -397 -10543
4 13066 14898 8334 -9056 10000 -9911
2 0 0 0 0 0 0
3 12316 -13788 2566 3620 -368 6663
1 0 0 0 0 0 0
3 8816 -13308 -6354 6768 -7993 -11459
2 0 0 0 0 0 0
4 0 0 0 0 0 0
1 0 0 0 0 0 0
2 0 0 0 0 0 0
3 0 0 0 0 0 0
4 -6590 8628 -7142 -6609 -448 11088
1 0 0 0 0 0 0
3 0 0 0 0 0 0
2 0 0 0 0 0 0
4 -8160 8906 -4240 10598 -3165 607
1 0 0 0 0 0 0
4 0 0 0 0 0 0
3 0 0 0 0 0 0
2 0 0 0 0 0 0
1 0 0 0 0 0 0
4 8372 9802 9628 -4265 12007 -7040
1 0 0 0 0 0 0
3 10244 -11300 1822 -1526 465 222
2 0 0 0 0 0 0
2 0 0 0 0 0 0
3 2658 -8698 -3132 1887 -1242 -5443
4 4022 10694 2318 -7321 -4877 -1083
1 0 0 0 0 0 0

4 870 4788 -6018 -24499 -9048 -8307
3 0 0 0 0 0 0
1 -7154 -1706 -658 11406 11666 12920
2 16 -4338 9158 9306 6091 -15796
3 0 0 0 0 0 0
1 -9328 1466 252 10633 -7384 9608
4 1032 12938 -5512 -21276 -1536 -5221
3 -190 -7498 -3424 -4715 1109 -138
2 -34 -3008 8014 2788 57 -8520
1 -9882 4578 6416 11457 -28332 19478
4 0 0 0 0 0 0
2 -378 -2166 8054 953 -1809 -616
4 -852 10122 -2594 -4838 -2714 -585
3 128 -6426 -3274 -1018 -223 -193
1 -4638 796 5354 -4545 -29686 -1330
2 -12 -2068 8206 636 -915 -412
4 922 8170 -2690 3514 2925 -1490
1 -1896 1610 5590 -4141 -8897 -10360
3 -238 -6120 -3320 3363 -1696 108
2 0 0 0 0 0 0
4 0 0 0 0 0 0
1 0 0 0 0 0 0
2 0 0 0 0 0 0
3 -554 -7936 -4206 7753 -966 1031
4 0 0 0 0 0 0
1 -3328 -2420 9632 -19890 -8670 -22553
3 0 0 0 0 0 0
2 0 0 0 0 0 0
4 0 0 0 0 0 0
1 554 -5550 7196 5950 -4263 3937
3 -312 -7728 -4568 700 656 188
2 0 0 0 0 0 0
4 -222 7804 -874 -274 3069 -673
3 -284 -7758 -4186 -3537 -624 -756
1 220 -1968 6190 335 -2918 -3626
2 0 0 0 0 0 0
1 3226 -1572 8030 -13753 -386 663
2 0 0 0 0 0 0
3 0 0 0 0 0 0
4 756 8196 -1368 -574 1473 -72
3 0 0 0 0 0 0
1 3278 -5740 5666 9166 8533 12406
4 0 0 0 0 0 0
2 0 0 0 0 0 0
1 -128 -3096 7058 4646 -6612 -7790
4 0 0 0 0 0 0
3 -560 -7312 -3738 -1170 -735 -34
2 0 0 0 0 0 0
1 1690 -3372 7440 2594 9398 7548
2 0 0 0 0 0 0
3 0 0 0 0 0 0
4 0 0 0 0 0 0
1 -2616 -2052 10130 160 10214 20255
4 0 0 0 0 0 0
2 0 0 0 0 0 0
3 0 0 0 0 0 0
4 0 0 0 0 0 0
1 -6612 -1726 3802 1821 18473 8991
3 0 0 0 0 0 0
2 0 0 0 0 0 0
1 -5046 298 1980 6940 8326 3251
3 0 0 0 0 0 0
2 0 0 0 0 0 0
4 0 0 0 0 0 0
4 0 0 0 0 0 0
2 0 0 0 0 0 0
1 0 0 0 0 0 0
3 0 0 0 0 0 0
1 -12148 -332 4500 -12020 -4999 -840
3 0 0 0 0 0 0
4 0 0 0 0 0 0
2 0 0 0 0 0 0
1 -4040 -2356 -3490 778 18069 -12710
3 0 0 0 0 0 0
2 0 0 0 0 0 0
4 0 0 0 0 0 0
1 0 0 0 0 0 0
3 0 0 0 0 0 0
2 0 0 0 0 0 0
4 0 0 0 0 0 0

1 -860 -4840 -10246 -8315 8220 2167
4 2396 10632 -2464 480 2536 1148
2 0 0 0 0 0 0
3 -1350 -7804 -5248 -338 -6041 -3069
1 -272 -2508 -5926 -7576 -6911 7085
3 2706 -9960 -6934 3590 -16163 -4639
2 0 0 0 0 0 0
4 0 0 0 0 0 0
3 5268 -16782 -9022 5211 12538 1748
1 -714 428 -10464 -1430 -1790 2391
2 0 0 0 0 0 0
4 6772 15584 1206 -2255 8680 4168
1 0 0 0 0 0 0
3 1260 -18012 -7574 -344 -2249 -13711
2 0 0 0 0 0 0
4 2484 20778 -506 -4491 -10923 14091
1 -102 2262 -9760 -1949 -1105 130
4 -522 3022 -1596 -2518 -12079 9005
2 0 0 0 0 0 0
3 222 -4262 -3848 94 -9415 -13346
1 -834 2890 -8284 1559 3496 -470
3 -17826 6926 2544 -344 7319 -6906
4 -12102 -668 -3930 -6964 26144 8097
2 0 0 0 0 0 0
1 0 0 0 0 0 0
4 -7060 1538 -2134 3537 -2279 -6788
3 -6848 -740 -1194 -2206 6823 6767
2 0 0 0 0 0 0
1 0 0 0 0 0 0
3 -3322 -5716 -1758 -8058 -2585 10166
4 -2832 7198 -986 7975 263 -11886
2 0 0 0 0 0 0
1 -1486 1930 -9614 -3164 -4255 -7945
3 6704 -17918 -4804 2585 -1631 11712
4 9114 22244 1398 1949 5263 -12757
2 0 0 0 0 0 0
4 5768 17392 -838 -2840 -5932 -4744
2 0 0 0 0 0 0
1 204 588 -8982 -82 768 -2659
3 3428 -15786 -6952 3501 -6621 2669
4 1434 6364 -2920 -1875 -6508 -2147
2 0 0 0 0 0 0
1 -1886 1698 -7854 2247 1377 -554
3 4592 -5338 -5260 3442 -2676 -733
1 0 0 0 0 0 0
2 0 0 0 0 0 0
3 -546 -3096 -3668 1216 -2460 -1914
4 558 4498 -1700 -602 7450 -1165
1 -138 -486 -7674 5238 5064 16386
2 0 0 0 0 0 0
3 -1260 -10452 -5342 810 5701 -465
4 82 10452 -1536 -455 1993 2115
1 750 636 -11792 727 2731 9868
3 0 0 0 0 0 0
4 0 0 0 0 0 0
2 0 0 0 0 0 0
1 1018 536 -9332 -1447 -3242 -2603
3 -1514 -8352 -4084 -4137 4915 1608
2 0 0 0 0 0 0
4 0 0 0 0 0 0
1 522 62 -8338 4481 699 -11843
3 -280 -6758 -3572 -3631 -181 606
2 0 0 0 0 0 0
4 0 0 0 0 0 0
1 -376 -930 -8052 2245 898 -6623
2 0 0 0 0 0 0
3 0 0 0 0 0 0
4 0 0 0 0 0 0
1 0 0 0 0 0 0
4 0 0 0 0 0 0
2 0 0 0 0 0 0
3 0 0 0 0 0 0
1 0 0 0 0 0 0
3 1178 -7198 -4544 1599 -42 280
4 0 0 0 0 0 0
2 0 0 0 0 0 0
1 1490 -928 -7130 -5065 3514 2139
2 0 0 0 0 0 0
3 0 0 0 0 0 0
4 -638 8268 -1956 -94 -4450 962

2 0 0 0 0 0 0
4 -1934 8110 1814 3931 5245 1799
3 -1596 -8318 -1312 -2234 2177 253
2 0 0 0 0 0 0
3 -3372 -7390 -726 -4759 77 -1376
1 2544 9220 -1576 4289 -3942 -17916
4 -3024 8500 -668 5012 3309 2850
1 230 5876 -168 -11420 -8039 -20353
3 -2728 -6720 1768 -173 1142 -40
4 -4540 6312 918 968 5331 43
2 0 0 0 0 0 0
1 -3432 1488 484 -9824 3022 -7091
3 -148 -8428 -1560 -3572 728 -2091
2 0 0 0 0 0 0
4 -4184 7844 -116 2516 1373 2291
3 -4388 -7052 -1230 -2228 4873 -352
1 -4516 3864 -8106 -7298 16392 -6755
4 0 0 0 0 0 0
2 0 0 0 0 0 0
1 -3396 -1508 -7742 -12284 -2030 -768
2 0 0 0 0 0 0
3 -2898 -6674 192 -533 1686 -322
4 0 0 0 0 0 0
1 -13240 -2092 -3446 -22936 2348 -19006
3 -1274 -6958 -2712 -3325 -10547 -4410
4 0 0 0 0 0 0
2 0 0 0 0 0 0
1 -7480 -2636 7858 26140 -13791 -5216
3 0 0 0 0 0 0
2 0 0 0 0 0 0
4 0 0 0 0 0 0
1 -13948 -2198 2492 -15340 4403 3402
2 0 0 0 0 0 0
4 0 0 0 0 0 0
3 0 0 0 0 0 0
1 -9736 784 -1908 2094 -8026 -4065
4 0 0 0 0 0 0
3 0 0 0 0 0 0
2 0 0 0 0 0 0
1 -9426 -3014 2312 4242 3598 1420
4 0 0 0 0 0 0
2 0 0 0 0 0 0
3 0 0 0 0 0 0
1 -12842 6138 1944 -2132 29466 4128
2 0 0 0 0 0 0
4 0 0 0 0 0 0
3 0 0 0 0 0 0
2 0 0 0 0 0 0
3 4706 -5966 -8050 -5109 -6367 -5374
4 3376 5014 -1472 679 -3267 3275
1 -4882 948 -5350 5663 18652 9500
1 -558 3282 -8926 1552 -5986 3074
4 -1006 7124 -5118 1039 -11867 5017
3 2034 -4966 -6478 -3685 -1619 -1673
2 0 0 0 0 0 0
1 -3022 5334 -4854 2690 -4702 15976
3 3198 -4976 -4894 -1001 -1563 -390
2 0 0 0 0 0 0
4 10 7712 -4104 -576 -3270 2733
1 -3690 2806 -5660 2765 11769 -1548
2 0 0 0 0 0 0
4 -236 8124 -4576 512 1011 -1162
3 0 0 0 0 0 0
1 0 0 0 0 0 0
3 0 0 0 0 0 0
2 0 0 0 0 0 0
4 0 0 0 0 0 0
4 0 0 0 0 0 0
3 2472 -3396 -6758 -509 3585 2839
1 -318 2902 -3538 12191 21244 9363
2 0 0 0 0 0 0
1 0 0 0 0 0 0
2 0 0 0 0 0 0
3 0 0 0 0 0 0
4 0 0 0 0 0 0
1 8540 1290 1296 -799 6517 470
4 0 0 0 0 0 0
3 0 0 0 0 0 0
2 0 0 0 0 0 0
1 8690 1352 492 1807 -11424 -1389

2 0 0 0 0 0 0
4 20574 -6850 12536 -8680 7394 7899
3 682 3290 -5814 -16784 -7670 9774
1 6556 1988 -4836 34 -149 -13
2 0 0 0 0 0 0
3 11184 -2440 17322 -10007 5077 15446
4 4118 -1368 -244 -14040 -23742 13315
1 6652 1938 -4884 47 -131 16
2 0 0 0 0 0 0
1 0 0 0 0 0 0
4 -17970 -680 -13110 3870 1047 3214
3 7184 2034 9308 17529 -9320 -7985
3 850 4992 -12830 15753 5194 -7770
1 0 0 0 0 0 0
4 1186 -1672 -2510 14654 1958 -18717
2 0 0 0 0 0 0
4 19238 -5806 15050 5089 20889 -7869
2 0 0 0 0 0 0
3 -2214 7332 -12112 -12426 -2062 2471
1 0 0 0 0 0 0
2 0 0 0 0 0 0
1 0 0 0 0 0 0
3 1294 -1134 -532 -19825 -12858 15238
4 8330 -1368 4322 -17840 -5516 10980
2 0 0 0 0 0 0
4 -8998 232 -13318 -9353 -28428 15714
1 0 0 0 0 0 0
3 16968 1424 22912 -309 27332 7114
2 0 0 0 0 0 0
1 0 0 0 0 0 0
3 5342 -724 2412 20210 -3687 -10865
4 -5274 -2580 -9984 9673 19496 -7934
1 0 0 0 0 0 0
2 0 0 0 0 0 0
3 496 6596 -16198 8877 2104 -8355
4 3996 -2340 1514 13795 -1041 -19732
2 0 0 0 0 0 0
4 16146 -9874 16928 -1588 12910 1915
1 0 0 0 0 0 0
3 684 4380 -6246 -15169 -2988 6808
4 7006 -1818 578 -16454 -17187 7878
3 6144 -618 4642 -14779 -12017 13508
2 0 0 0 0 0 0
1 0 0 0 0 0 0
2 0 0 0 0 0 0
1 0 0 0 0 0 0
4 -8132 4560 -18704 -2247 -1829 8010
3 17766 2354 13206 11121 10080 -2114
2 0 0 0 0 0 0
3 -426 2200 -4476 14447 -8244 -17534
1 0 0 0 0 0 0
4 -1778 -3176 -3590 13570 8031 -10712
2 0 0 0 0 0 0
1 0 0 0 0 0 0
3 -6522 8970 -12244 -796 2592 -4775
4 8662 -3030 10936 8294 12619 -14242
2 0 0 0 0 0 0
3 644 3480 -2138 -13608 -5031 11852
4 12454 -6072 8934 -10489 -3301 2259
1 0 0 0 0 0 0
1 0 0 0 0 0 0
3 8844 664 10464 -6636 6658 14346
4 3880 -740 -2366 -11996 -32301 9597
2 0 0 0 0 0 0
2 0 0 0 0 0 0
3 12010 3382 8898 13420 -4012 -5682
4 -9784 -1510 -13406 3155 3353 1702
1 0 0 0 0 0 0
1 0 0 0 0 0 0
3 -370 5098 -6524 12921 1760 -10222
2 0 0 0 0 0 0
4 462 -4608 -3274 9447 3824 -10649
4 9060 -4290 6034 4000 16149 -10764
1 0 0 0 0 0 0
2 0 0 0 0 0 0
3 -2898 7690 -8618 -3202 -3400 -205
1 0 0 0 0 0 0
2 0 0 0 0 0 0
4 11854 -5304 5570 -5703 -5041 1608
3 2534 4882 -430 -8063 -5358 11311

2 0 0 0 0 0 0
4 -1874 -2112 -6962 5793 -668 -456
1 0 0 0 0 0 0
3 2984 6674 -5076 2058 -1834 -8444
2 0 0 0 0 0 0
1 0 0 0 0 0 0
3 -380 4988 -7826 -6756 213 6769
4 6350 -4652 -602 3193 7531 -8612
2 0 0 0 0 0 0
1 0 0 0 0 0 0
3 9768 2528 5714 -7568 7583 10724
4 15416 -4204 1080 -5008 -698 7971
3 11832 2728 4198 7436 -8148 -12121
1 0 0 0 0 0 0
4 -8494 -494 -6292 -884 -19742 16294
2 0 0 0 0 0 0
3 -1792 5038 -3882 7757 4629 -8689
4 -3366 -1662 -9084 5220 8640 -9819
1 0 0 0 0 0 0
2 0 0 0 0 0 0
3 -1446 7582 -7850 -6452 -2298 6589
2 0 0 0 0 0 0
4 9974 -4940 3914 2371 16368 -12651
1 0 0 0 0 0 0
3 6682 2520 3762 -9184 3490 11444
1 0 0 0 0 0 0
4 13582 -3396 -982 -6893 -14935 8259
2 0 0 0 0 0 0
3 10806 3624 7178 7701 -6654 -7189
2 0 0 0 0 0 0
1 0 0 0 0 0 0
4 -8460 856 -11430 2834 2223 4979
2 0 0 0 0 0 0
3 -3140 6866 -3124 7805 -5518 -8087
1 0 0 0 0 0 0
4 5068 -3000 -1788 8732 1982 -13224
2 0 0 0 0 0 0
3 0 0 0 0 0 0
4 16226 -7500 8566 -2692 13785 110
1 0 0 0 0 0 0
2 0 0 0 0 0 0
1 0 0 0 0 0 0
3 0 0 0 0 0 0
4 8784 -1334 -1934 -8726 -26015 9744
2 0 0 0 0 0 0
1 0 0 0 0 0 0
4 -10638 2428 -10420 -37 1525 10270
3 10890 4152 8220 6996 -4857 -9400
3 28 5934 -2934 9420 -2362 -8518
1 0 0 0 0 0 0
4 -3184 -3562 -7538 4613 9585 -11464
2 0 0 0 0 0 0
1 0 0 0 0 0 0
4 0 0 0 0 0 0
3 -1494 8178 -12240 -1533 1994 3079
2 0 0 0 0 0 0
1 0 0 0 0 0 0
3 5038 2084 166 -10275 -6062 12263
4 17156 -6582 5922 669 -3670 6088
2 0 0 0 0 0 0
1 0 0 0 0 0 0
2 0 0 0 0 0 0
3 15288 4904 10414 3904 15118 3378
4 5984 -140 -3724 -11472 4588 16601
3 -544 5278 -2130 6044 -15067 -14737
4 -7470 -2100 -11782 -1084 -1533 7298
1 0 0 0 0 0 0
2 0 0 0 0 0 0
4 980 -3894 -3720 8276 -50 -15281
3 -224 7460 -8374 -3807 1496 3457
1 0 0 0 0 0 0
1 0 0 0 0 0 0
4 12208 -6252 8006 -725 6401 -7734
3 0 0 0 0 0 0
2 0 0 0 0 0 0
2 0 0 0 0 0 0
2 0 0 0 0 0 0
1 0 0 0 0 0 0
3 17658 2340 850 7470 -10888 3916
4 8756 -772 -2468 -14043 -15931 3723

2 0 0 0 0 0 0
1 0 0 0 0 0 0
3 4214 -904 -7624 -86 -113 352
1 0 0 0 0 0 0
3 6684 -1062 -7286 -528 5532 1992
2 0 0 0 0 0 0
1 0 0 0 0 0 0
4 6708 3618 -9676 7737 -8020 3118
2 0 0 0 0 0 0
3 7788 -1026 -8832 -2761 3671 -5243
1 0 0 0 0 0 0
4 5650 -372 -5250 7410 8601 13216
2 0 0 0 0 0 0
3 7146 -356 -7252 -2463 7972 -15427
4 -1160 136 -9924 5003 -5553 11991
3 -1120 2084 -7610 -5861 1195 -11359
1 0 0 0 0 0 0
2 0 0 0 0 0 0
3 0 0 0 0 0 0
1 0 0 0 0 0 0
4 -634 -882 -10706 14587 1599 -3000
2 0 0 0 0 0 0
1 0 0 0 0 0 0
2 0 0 0 0 0 0
4 4826 -6684 6540 8196 7339 -785
3 3362 5284 5198 -2348 6085 -5723
3 1408 5190 2558 4743 -10250 -1293
4 2938 -5132 3104 -8727 -3962 -1106
1 0 0 0 0 0 0
2 0 0 0 0 0 0
2 0 0 0 0 0 0
4 -3802 -208 -20254 -7765 -13085 -1312
3 7048 5830 -15726 4123 -8207 2171
1 0 0 0 0 0 0
2 0 0 0 0 0 0
1 0 0 0 0 0 0
3 2412 7662 -3544 -5799 10490 2355
4 3028 -6218 -4902 10306 9460 -1006
1 0 0 0 0 0 0
2 0 0 0 0 0 0
3 2778 6830 3948 -1309 7031 106
4 5714 -8120 6286 1541 16823 3286
1 0 0 0 0 0 0
2 0 0 0 0 0 0
4 2708 -4964 -3862 -8005 -11207 -2075
3 3718 6256 -7532 3345 -211 3078
2 0 0 0 0 0 0
3 7866 6854 -2282 -5319 7943 -1352
4 -4234 -3438 -12414 6718 -4736 -5860
1 0 0 0 0 0 0
3 2204 6640 5636 608 2307 613
2 0 0 0 0 0 0
4 0 0 0 0 0 0
1 0 0 0 0 0 0
3 1146 5270 -2810 8141 -10615 3246
2 0 0 0 0 0 0
1 0 0 0 0 0 0
4 2150 -5010 -44 -9781 -8679 101
2 0 0 0 0 0 0
1 0 0 0 0 0 0
3 -2596 6548 -11650 -8400 -21350 -5559
4 -4202 -3236 -15640 7080 -14062 -2603
1 0 0 0 0 0 0
4 8294 -7324 6026 2959 10889 499
3 5958 6290 4802 -4141 5767 216
2 0 0 0 0 0 0
4 2216 -5122 2242 -10896 -4375 1142
3 -352 4930 -2432 7713 -5353 1301
1 0 0 0 0 0 0
2 0 0 0 0 0 0
1 0 0 0 0 0 0
4 -2088 -1218 -13618 1631 -16882 -2547
3 3986 8336 -6936 -5436 -6931 -1711
2 0 0 0 0 0 0
1 0 0 0 0 0 0
3 0 0 0 0 0 0
2 0 0 0 0 0 0
4 0 0 0 0 0 0
4 5226 -5036 1010 -7923 77 2435
4 454 -748 -11728 2271 -10529 -1120

4 -2780 3814 2316 27741 8137 7796
1 0 0 0 0 0 0
3 122 -7472 -3626 615 166 -887
2 0 0 0 0 0 0
1 0 0 0 0 0 0
3 0 0 0 0 0 0
4 -1228 -6378 10516 3221 -5 -412
2 0 0 0 0 0 0
4 -1872 462 -4006 -18506 -4959 -8265
1 0 0 0 0 0 0
2 0 0 0 0 0 0
3 0 0 0 0 0 0
4 682 -2386 -20834 9600 4347 -5509
3 0 0 0 0 0 0
2 0 0 0 0 0 0
1 0 0 0 0 0 0
1 0 0 0 0 0 0
3 0 0 0 0 0 0
4 6770 -4906 7240 14064 13619 5362
2 0 0 0 0 0 0
4 2400 -6352 7646 -10805 -1908 -280
3 0 0 0 0 0 0
1 0 0 0 0 0 0
2 0 0 0 0 0 0
4 -2592 706 -26418 -8176 -4645 -1778
1 0 0 0 0 0 0
3 0 0 0 0 0 0
2 0 0 0 0 0 0
3 0 0 0 0 0 0
4 2806 -4578 -3344 15437 4852 874
1 0 0 0 0 0 0
2 0 0 0 0 0 0
4 5946 -8218 12574 2639 1389 2200
1 0 0 0 0 0 0
2 0 0 0 0 0 0
3 0 0 0 0 0 0
4 2910 -5118 1056 -16381 -1315 -1737
3 0 0 0 0 0 0
1 0 0 0 0 0 0
2 0 0 0 0 0 0
4 -3638 -1464 -20406 5491 -5391 -1903
3 0 0 0 0 0 0
2 0 0 0 0 0 0
1 0 0 0 0 0 0
4 6364 -5024 6750 13702 9152 796
2 0 0 0 0 0 0
3 0 0 0 0 0 0
1 0 0 0 0 0 0
4 2132 -6082 9054 -9754 -4996 1401
3 0 0 0 0 0 0
1 0 0 0 0 0 0
2 0 0 0 0 0 0
4 -764 292 -19530 -13360 -5134 -5376
2 0 0 0 0 0 0
3 0 0 0 0 0 0
1 0 0 0 0 0 0
4 3414 -6630 -7328 12707 4022 -40
2 0 0 0 0 0 0
1 0 0 0 0 0 0
3 0 0 0 0 0 0
3 0 0 0 0 0 0
2 0 0 0 0 0 0
4 4850 -6706 6212 6786 14004 1975
1 0 0 0 0 0 0
4 2652 -6858 5992 -7956 -4475 -2067
1 0 0 0 0 0 0
2 0 0 0 0 0 0
3 0 0 0 0 0 0
3 0 0 0 0 0 0
2 0 0 0 0 0 0
3 0 0 0 0 0 0
2 0 0 0 0 0 0
4 3910 -2230 -19004 -11602 -3196 -5205
1 0 0 0 0 0 0
4 3656 -5502 -5422 10844 -382 1460
1 0 0 0 0 0 0
4 3906 -6042 4686 3300 6447 437
3 0 0 0 0 0 0
1 0 0 0 0 0 0
2 0 0 0 0 0 0

3 2292 -1618 19196 -8559 -1125 -3868
4 624 7534 -336 1235 -2265 823
2 0 0 0 0 0 0
1 0 0 0 0 0 0
4 474 7544 116 275 260 509
3 1984 3544 6436 19592 3368 2752
2 0 0 0 0 0 0
1 0 0 0 0 0 0
3 8398 5774 -30900 -7051 -1686 -1703
1 0 0 0 0 0 0
2 0 0 0 0 0 0
4 572 8886 -194 -1604 2528 -319
4 0 0 0 0 0 0
3 3728 1366 5978 -17188 5802 -3059
2 0 0 0 0 0 0
1 0 0 0 0 0 0
4 740 8008 -750 -832 453 -340
3 1904 3732 9938 13446 2791 -731
1 0 0 0 0 0 0
2 0 0 0 0 0 0
4 0 0 0 0 0 0
1 0 0 0 0 0 0
2 0 0 0 0 0 0
3 994 10666 -32768 7450 10036 6204
3 2346 2364 2210 -18373 229 -446
2 0 0 0 0 0 0
4 0 0 0 0 0 0
1 0 0 0 0 0 0
4 0 0 0 0 0 0
2 0 0 0 0 0 0
1 0 0 0 0 0 0
3 974 4144 12554 5222 -3601 -3658
4 0 0 0 0 0 0
3 -2314 4860 -12936 14627 -125 5840
1 0 0 0 0 0 0
2 0 0 0 0 0 0
3 1482 7992 -7086 -13530 -7962 -4437
2 0 0 0 0 0 0
4 0 0 0 0 0 0
1 0 0 0 0 0 0
2 0 0 0 0 0 0
4 0 0 0 0 0 0
1 0 0 0 0 0 0
3 4266 5052 10862 -5026 3218 -1146
4 0 0 0 0 0 0
2 0 0 0 0 0 0
1 0 0 0 0 0 0
3 178 5684 5816 13695 -2092 826
3 12244 7016 -23026 -683 8198 2415
4 0 0 0 0 0 0
2 0 0 0 0 0 0
1 0 0 0 0 0 0
2 0 0 0 0 0 0
4 0 0 0 0 0 0
3 1590 5200 4030 -10865 -2182 -1240
1 0 0 0 0 0 0
2 0 0 0 0 0 0
1 0 0 0 0 0 0
3 3720 5794 7426 5436 -4823 -833
4 0 0 0 0 0 0
1 0 0 0 0 0 0
4 0 0 0 0 0 0
3 -8156 8068 -19440 7055 -8964 -2051
2 0 0 0 0 0 0
4 0 0 0 0 0 0
1 0 0 0 0 0 0
2 0 0 0 0 0 0
3 1688 7430 -1282 -9311 -5132 -767
3 5224 6108 7280 1387 8190 2004
1 0 0 0 0 0 0
2 0 0 0 0 0 0
4 0 0 0 0 0 0
3 -2232 6602 -7216 9193 -7991 -1057
1 0 0 0 0 0 0
4 0 0 0 0 0 0
2 0 0 0 0 0 0
2 0 0 0 0 0 0
3 2632 8526 -8644 -7241 -3743 -1389
1 0 0 0 0 0 0
4 0 0 0 0 0 0

3 1482 -7524 -5836 4630 -1532 1360
3 804 -7646 -4880 1390 -443 393
1 0 0 0 0 0 0
2 0 0 0 0 0 0
3 0 0 0 0 0 0
4 0 0 0 0 0 0
3 0 0 0 0 0 0
2 0 0 0 0 0 0
4 0 0 0 0 0 0
1 0 0 0 0 0 0
1 0 0 0 0 0 0
2 0 0 0 0 0 0
4 0 0 0 0 0 0
3 0 0 0 0 0 0
3 0 0 0 0 0 0
4 0 0 0 0 0 0
2 0 0 0 0 0 0
1 0 0 0 0 0 0
1 0 0 0 0 0 0
3 714 -8520 -1582 3801 723 1515
4 -2010 8178 3874 -3412 5632 -1394
2 0 0 0 0 0 0
3 -956 -9352 -1332 5179 -3052 1424
1 0 0 0 0 0 0
4 -3556 9576 3316 -7620 8045 -4615
2 0 0 0 0 0 0
2 0 0 0 0 0 0
4 -4370 9746 2812 -8544 12208 -9216
1 0 0 0 0 0 0
3 -3066 -9290 -960 7527 -1120 2674
3 -1842 -9576 -1062 8098 4142 5881
1 0 0 0 0 0 0
4 -3554 8570 1278 -4908 9249 -10274
2 0 0 0 0 0 0
1 0 0 0 0 0 0
4 -1972 5660 390 -282 398 -6718
2 0 0 0 0 0 0
3 0 0 0 0 0 0
1 0 0 0 0 0 0
2 0 0 0 0 0 0
3 -746 -6144 -1090 2794 -193 3640
4 -2010 4002 1358 1962 -1412 -981
3 -330 -5696 -308 -651 -1074 -498
2 0 0 0 0 0 0
1 0 0 0 0 0 0
4 0 0 0 0 0 0
3 1090 -6540 -230 -4181 -809 -4277
2 0 0 0 0 0 0
4 3406 7638 2314 4522 -13192 7706
1 0 0 0 0 0 0
2 0 0 0 0 0 0
3 172 -9494 -1102 -7732 1523 -5902
4 -2066 13490 4992 16988 -29954 10257
1 0 0 0 0 0 0
3 0 0 0 0 0 0
4 -2780 14286 2686 17179 482 746
1 0 0 0 0 0 0
2 0 0 0 0 0 0
3 0 0 0 0 0 0
2 0 0 0 0 0 0
1 0 0 0 0 0 0
4 -636 10802 2450 11545 9548 -1621
1 0 0 0 0 0 0
3 -1594 -7398 2260 -5523 1768 -756
2 0 0 0 0 0 0
4 -952 6194 4346 3136 146 -835
1 0 0 0 0 0 0
2 0 0 0 0 0 0
4 -1104 8692 2234 -10051 3222 -3514
3 -1930 -8806 -300 6358 1601 4183
3 -1076 -10282 -3094 10673 1121 5564
1 0 0 0 0 0 0
2 0 0 0 0 0 0
4 -1888 11546 432 -14482 1065 -5429
1 0 0 0 0 0 0
2 0 0 0 0 0 0
4 -974 11116 -962 -12463 -1873 -4742
1 0 0 0 0 0 0
2 0 0 0 0 0 0
4 422 8260 -1394 -6890 840 -4041

4 3020 9100 5734 -2310 -13637 3757
1 0 0 0 0 0 0
3 450 -7176 -4144 -1400 1283 79
2 0 0 0 0 0 0
1 0 0 0 0 0 0
3 186 -6660 -3534 -541 1279 1253
2 0 0 0 0 0 0
4 6276 15846 1000 -7607 -16385 13121
1 0 0 0 0 0 0
2 0 0 0 0 0 0
3 0 0 0 0 0 0
4 4688 14270 -10136 13956 -25639 14193
1 0 0 0 0 0 0
2 0 0 0 0 0 0
3 0 0 0 0 0 0
4 -7156 10842 -10616 28896 -20327 2101
1 0 0 0 0 0 0
4 -7280 7582 -1854 20920 1924 -16741
2 0 0 0 0 0 0
3 0 0 0 0 0 0
1 0 0 0 0 0 0
2 0 0 0 0 0 0
3 -314 -7456 -3048 -674 107 -1082
4 -3662 4274 456 15283 5982 -17052
1 0 0 0 0 0 0
4 -3680 7414 1960 9369 -1516 -17616
3 -674 -7406 -3390 -2159 -4262 -4020
2 0 0 0 0 0 0
1 0 0 0 0 0 0
4 -44 8710 1554 -3164 -2056 -23707
2 0 0 0 0 0 0
3 64 -7252 -3790 -1527 -3000 -2017
1 0 0 0 0 0 0
4 4086 18876 2750 -15230 -4351 -26410
3 0 0 0 0 0 0
2 0 0 0 0 0 0
1 0 0 0 0 0 0
2 0 0 0 0 0 0
4 4222 24514 -1572 -17173 -1112 -14209
3 0 0 0 0 0 0
2 0 0 0 0 0 0
3 0 0 0 0 0 0
4 2970 10878 386 -152 -12054 -5840
1 0 0 0 0 0 0
3 -82 -6806 -4134 2989 3021 3393
2 0 0 0 0 0 0
1 0 0 0 0 0 0
4 2750 9826 -546 4605 -70 -2590
1 0 0 0 0 0 0
2 0 0 0 0 0 0
4 0 0 0 0 0 0
3 0 0 0 0 0 0
1 0 0 0 0 0 0
3 878 -8502 -1292 473 -1517 -1381
4 0 0 0 0 0 0
2 0 0 0 0 0 0
3 -1222 -8034 -1102 -109 -4305 -2384
2 0 0 0 0 0 0
4 -210 6530 -1258 -880 -3415 1779
1 0 0 0 0 0 0
1 0 0 0 0 0 0
2 0 0 0 0 0 0
3 0 0 0 0 0 0
4 -292 8650 -1454 -2301 -918 -377
3 0 0 0 0 0 0
1 0 0 0 0 0 0
2 0 0 0 0 0 0
4 500 8592 -964 -1031 3889 -1639
1 0 0 0 0 0 0
2 0 0 0 0 0 0
3 0 0 0 0 0 0
4 642 8528 -606 404 699 -66
2 0 0 0 0 0 0
1 0 0 0 0 0 0
3 68 -7432 -3132 -225 -1603 -320
4 0 0 0 0 0 0
1 0 0 0 0 0 0
2 0 0 0 0 0 0
3 0 0 0 0 0 0
4 0 0 0 0 0 0

4 -13658 11230 -7326 32691 -27042 333
2 0 0 0 0 0 0
3 -388 -8404 -3380 3313 3551 1622
2 0 0 0 0 0 0
1 0 0 0 0 0 0
4 -3600 10632 -578 27753 -2269 -18848
3 -260 -8050 -2752 1535 375 -281
1 0 0 0 0 0 0
2 0 0 0 0 0 0
1 0 0 0 0 0 0
3 0 0 0 0 0 0
2 0 0 0 0 0 0
4 -1368 4282 3304 21411 11984 -12116
1 0 0 0 0 0 0
3 -6 -8106 -3114 -4837 -4121 -2791
2 0 0 0 0 0 0
4 1992 -1756 3944 10010 1977 -2827
3 678 -8174 -4606 -3440 -292 -2513
2 0 0 0 0 0 0
4 2580 2534 5906 -12184 -32768 -17602
1 0 0 0 0 0 0
3 558 -7128 -5166 -4777 -5849 -3584
4 -13442 32767 5728 -32768 14395 -32768
1 0 0 0 0 0 0
4 5870 10252 4618 -7164 5556 -16496
2 0 0 0 0 0 0
3 1492 -5010 -4928 -2462 2885 -1045
1 0 0 0 0 0 0
4 4098 10828 5162 11422 -22342 -3233
2 0 0 0 0 0 0
3 0 0 0 0 0 0
1 0 0 0 0 0 0
3 412 -5386 -4754 5134 3486 4262
4 -740 8604 -1316 3686 -16127 292
2 0 0 0 0 0 0
1 0 0 0 0 0 0
3 0 0 0 0 0 0
4 1216 7498 292 2281 24 1300
2 0 0 0 0 0 0
1 0 0 0 0 0 0
2 0 0 0 0 0 0
3 48 -8856 -4104 3363 3042 2399
4 540 8126 -650 2640 -8132 2964
1 0 0 0 0 0 0
3 124 -8650 -2906 -892 819 214
2 0 0 0 0 0 0
4 274 7924 -1412 281 -3250 1459
1 0 0 0 0 0 0
2 0 0 0 0 0 0
4 -36 7924 -1208 161 -1792 -212
3 0 0 0 0 0 0
1 0 0 0 0 0 0
2 0 0 0 0 0 0
3 -434 -8116 -2502 -2354 -1871 -2326
4 0 0 0 0 0 0
1 0 0 0 0 0 0
4 0 0 0 0 0 0
2 0 0 0 0 0 0
3 0 0 0 0 0 0
1 0 0 0 0 0 0
4 124 8128 -266 577 -2972 1352
2 0 0 0 0 0 0
3 938 -6770 -3850 757 7570 1659
1 0 0 0 0 0 0
3 2528 -7338 -4280 617 1519 13
4 -860 8282 -432 1171 -5226 1660
2 0 0 0 0 0 0
1 0 0 0 0 0 0
4 -582 8480 -256 640 1446 161
2 0 0 0 0 0 0
3 0 0 0 0 0 0
1 0 0 0 0 0 0
2 0 0 0 0 0 0
3 816 -7338 -3828 -63 19 124
4 0 0 0 0 0 0
1 0 0 0 0 0 0
4 0 0 0 0 0 0
3 0 0 0 0 0 0
2 0 0 0 0 0 0
1 0 0 0 0 0 0

4 5590 12372 -5498 3424 -1843 14635
2 0 0 0 0 0 0
1 0 0 0 0 0 0
3 608 -7480 -2318 723 1088 1048
2 0 0 0 0 0 0
4 6342 10148 -11698 12285 -4719 21281
1 0 0 0 0 0 0
3 0 0 0 0 0 0
4 1422 3270 -9498 25084 -7533 18820
3 -272 -7878 -2162 -115 -2476 -951
1 0 0 0 0 0 0
2 0 0 0 0 0 0
4 -4408 -840 2470 27793 -6945 6868
3 0 0 0 0 0 0
2 0 0 0 0 0 0
1 0 0 0 0 0 0
4 -3460 -4960 4950 10692 -8525 -1612
2 0 0 0 0 0 0
3 488 -8896 -2488 -151 -3056 -1010
1 0 0 0 0 0 0
4 -2960 -1052 2626 -9887 -13811 -9934
1 0 0 0 0 0 0
3 0 0 0 0 0 0
2 0 0 0 0 0 0
3 1390 -7512 -3454 -2635 -3598 -2024
1 0 0 0 0 0 0
2 0 0 0 0 0 0
4 -4022 12610 1116 -23011 -2061 -19401
4 204 22356 3708 -16970 29285 -27940
3 0 0 0 0 0 0
2 0 0 0 0 0 0
1 0 0 0 0 0 0
4 5480 20644 5098 -1868 1821 -17876
2 0 0 0 0 0 0
3 0 0 0 0 0 0
1 0 0 0 0 0 0
3 932 -5306 -4304 -996 -2057 -918
4 2464 14320 2394 1580 -16731 -9490
1 0 0 0 0 0 0
2 0 0 0 0 0 0
4 974 11264 -1736 -1834 -8257 -5387
1 0 0 0 0 0 0
2 0 0 0 0 0 0
3 394 -4732 -4438 4119 93 1883
4 1368 9982 -1606 -220 -8153 -3244
1 0 0 0 0 0 0
3 -690 -8578 -5162 7367 6417 4378
2 0 0 0 0 0 0
1 0 0 0 0 0 0
4 0 0 0 0 0 0
2 0 0 0 0 0 0
3 0 0 0 0 0 0
2 0 0 0 0 0 0
1 0 0 0 0 0 0
3 -56 -8056 -2204 -1101 48 17
4 -120 6912 -1602 382 -6653 -214
3 0 0 0 0 0 0
2 0 0 0 0 0 0
4 392 7984 -1546 -173 494 -1282
1 0 0 0 0 0 0
1 0 0 0 0 0 0
3 0 0 0 0 0 0
4 0 0 0 0 0 0
2 0 0 0 0 0 0
3 0 0 0 0 0 0
1 0 0 0 0 0 0
2 0 0 0 0 0 0
4 0 0 0 0 0 0
4 0 0 0 0 0 0
3 0 0 0 0 0 0
1 0 0 0 0 0 0
2 0 0 0 0 0 0
4 0 0 0 0 0 0
3 0 0 0 0 0 0
1 0 0 0 0 0 0
2 0 0 0 0 0 0
3 0 0 0 0 0 0
1 0 0 0 0 0 0
2 0 0 0 0 0 0
4 -844 7974 -844 924 791 434

2 0 0 0 0 0 0
1 0 0 0 0 0 0
3 1774 5390 -6508 -17222 4913 -13432
4 520 7714 838 -1821 360 12
2 0 0 0 0 0 0
3 -7342 8288 6264 -21988 1897 -9317
1 0 0 0 0 0 0
4 78 8074 22 -3754 1366 -883
1 0 0 0 0 0 0
2 0 0 0 0 0 0
4 0 0 0 0 0 0
3 -7096 7534 6496 -17100 -1518 -4765
1 0 0 0 0 0 0
3 -3734 2232 5356 2845 -9153 2703
4 0 0 0 0 0 0
2 0 0 0 0 0 0
1 0 0 0 0 0 0
3 -3612 -1480 1110 13923 -18694 7905
2 0 0 0 0 0 0
4 48 8522 -32 4632 -8172 1479
1 0 0 0 0 0 0
2 0 0 0 0 0 0
4 10 8138 -826 3506 -1289 110
3 -2906 -8010 -1838 21974 -5879 19052
2 0 0 0 0 0 0
3 4858 -19690 -6952 22012 8315 26935
1 0 0 0 0 0 0
4 1166 7552 -1068 1259 -1101 -830
1 0 0 0 0 0 0
3 -644 -15712 -4192 7714 -20423 9140
2 0 0 0 0 0 0
4 0 0 0 0 0 0
1 0 0 0 0 0 0
4 754 7730 -1380 -3231 -447 -1918
2 0 0 0 0 0 0
3 7344 -14296 -8032 4202 -16343 7036
1 0 0 0 0 0 0
3 6498 -9072 -9990 6225 -10649 309
2 0 0 0 0 0 0
4 794 8364 -1782 -7080 3654 -2927
1 0 0 0 0 0 0
3 4294 -7698 -7074 1845 -4746 -1466
2 0 0 0 0 0 0
4 960 8732 -1752 -5704 4170 -825
3 -118 -6386 -5014 -1563 -10290 -4350
2 0 0 0 0 0 0
4 0 0 0 0 0 0
1 0 0 0 0 0 0
1 0 0 0 0 0 0
2 0 0 0 0 0 0
3 -96 -6700 -4960 -481 -1445 -671
4 -860 8694 1568 5913 -5107 2292
3 0 0 0 0 0 0
1 0 0 0 0 0 0
2 0 0 0 0 0 0
4 -634 8092 1672 2728 1923 764
3 0 0 0 0 0 0
2 0 0 0 0 0 0
1 0 0 0 0 0 0
4 0 0 0 0 0 0
1 0 0 0 0 0 0
4 0 0 0 0 0 0
4 518 7338 -150 -812 568 -549
1 0 0 0 0 0 0
3 202 -7250 -3800 -2488 -3567 -897
3 502 -7690 -4052 -510 73 704
2 0 0 0 0 0 0
2 0 0 0 0 0 0
2 0 0 0 0 0 0
3 0 0 0 0 0 0
1 0 0 0 0 0 0
4 0 0 0 0 0 0
3 0 0 0 0 0 0
1 0 0 0 0 0 0
2 0 0 0 0 0 0
4 0 0 0 0 0 0
1 0 0 0 0 0 0
2 0 0 0 0 0 0
4 0 0 0 0 0 0
3 0 0 0 0 0 0

1 0 0 0 0 0 0
4 0 0 0 0 0 0
3 4962 -4646 -13200 -22274 7327 -6121
2 0 0 0 0 0 0
2 0 0 0 0 0 0
3 0 0 0 0 0 0
1 0 0 0 0 0 0
4 0 0 0 0 0 0
1 0 0 0 0 0 0
4 0 0 0 0 0 0
3 3222 2096 -1942 -16723 17451 -4293
2 0 0 0 0 0 0
4 0 0 0 0 0 0
1 0 0 0 0 0 0
2 0 0 0 0 0 0
3 -4514 7718 3368 -16218 -2634 4261
1 0 0 0 0 0 0
2 0 0 0 0 0 0
3 -2894 5934 6386 -14333 1018 -4977
4 -120 7512 -476 -893 3336 -1650
4 0 0 0 0 0 0
1 0 0 0 0 0 0
2 0 0 0 0 0 0
3 -4442 1712 3600 1236 -5704 -4155
4 0 0 0 0 0 0
2 0 0 0 0 0 0
1 0 0 0 0 0 0
3 -5156 -1972 3346 14948 -15863 9199
2 0 0 0 0 0 0
4 372 7754 -988 2236 -3216 804
3 -724 -8544 -2592 25257 -12439 26326
1 0 0 0 0 0 0
4 844 7492 -2096 -1528 -5063 456
2 0 0 0 0 0 0
3 -162 -26618 -9436 26973 -4509 27900
1 0 0 0 0 0 0
4 0 0 0 0 0 0
3 9382 -16460 -3466 1890 -3298 11633
2 0 0 0 0 0 0
1 0 0 0 0 0 0
4 -790 6566 -2634 -3005 267 -434
3 1336 -11482 -4650 -1557 -29013 -4610
1 0 0 0 0 0 0
2 0 0 0 0 0 0
4 256 8032 -2258 -7416 8881 -1170
2 0 0 0 0 0 0
1 0 0 0 0 0 0
3 2522 -7216 -6626 4398 -2777 586
4 564 8628 -1646 -3843 3686 291
2 0 0 0 0 0 0
1 0 0 0 0 0 0
3 0 0 0 0 0 0
2 0 0 0 0 0 0
3 242 -7162 -5176 2046 -301 1019
1 0 0 0 0 0 0
4 -400 8888 -404 1030 715 1705
4 0 0 0 0 0 0
1 0 0 0 0 0 0
3 0 0 0 0 0 0
2 0 0 0 0 0 0
4 0 0 0 0 0 0
1 0 0 0 0 0 0
3 0 0 0 0 0 0
2 0 0 0 0 0 0
4 0 0 0 0 0 0
1 0 0 0 0 0 0
3 0 0 0 0 0 0
2 0 0 0 0 0 0
2 0 0 0 0 0 0
1 0 0 0 0 0 0
4 0 0 0 0 0 0
3 0 0 0 0 0 0
2 0 0 0 0 0 0
4 298 8030 -66 100 146 -170
3 0 0 0 0 0 0
1 0 0 0 0 0 0
3 474 -6818 -4518 -615 -2696 -399
2 0 0 0 0 0 0
1 0 0 0 0 0 0
4 0 0 0 0 0 0

3 5904 -5762 -6568 -9125 9309 -20933
4 -172 8034 610 379 -651 2695
2 0 0 0 0 0 0
1 0 0 0 0 0 0
4 0 0 0 0 0 0
3 -4594 4928 1546 -1928 30625 -19864
1 0 0 0 0 0 0
4 0 0 0 0 0 0
2 0 0 0 0 0 0
3 0 0 0 0 0 0
1 0 0 0 0 0 0
2 0 0 0 0 0 0
3 -10886 5962 3982 -8836 -2204 -6487
1 0 0 0 0 0 0
4 0 0 0 0 0 0
2 0 0 0 0 0 0
1 0 0 0 0 0 0
3 -4564 4282 8486 953 -12247 -343
4 1124 8004 842 2725 -1273 -503
2 0 0 0 0 0 0
3 -2558 -270 240 18308 -13969 10224
4 0 0 0 0 0 0
2 0 0 0 0 0 0
1 0 0 0 0 0 0
1 0 0 0 0 0 0
2 0 0 0 0 0 0
3 -5776 -17432 -2060 32767 -5413 19663
4 742 8134 -838 3301 -7538 2393
1 0 0 0 0 0 0
3 15034 -11334 1744 8274 27275 24502
4 392 7262 -1478 1215 -5518 1209
2 0 0 0 0 0 0
3 5268 -17294 -6374 -549 -13131 9594
1 0 0 0 0 0 0
4 0 0 0 0 0 0
2 0 0 0 0 0 0
3 3208 -13670 -6306 6388 -15601 7788
4 222 6032 -3372 -3125 -7096 -993
1 0 0 0 0 0 0
2 0 0 0 0 0 0
1 0 0 0 0 0 0
4 -1034 7276 -3734 -8462 7501 -1095
3 7278 -7986 -5148 1323 -32768 -10693
2 0 0 0 0 0 0
3 2972 -8192 -6778 34 1147 -718
2 0 0 0 0 0 0
4 1450 8580 -2112 -5232 8223 -666
1 0 0 0 0 0 0
3 112 -6448 -4916 -2348 -14330 -5581
4 -204 8672 -150 782 -209 2204
1 0 0 0 0 0 0
2 0 0 0 0 0 0
4 0 0 0 0 0 0
1 0 0 0 0 0 0
3 -1268 -6220 -4860 -642 -1720 -973
2 0 0 0 0 0 0
1 0 0 0 0 0 0
3 314 -6994 -4582 1280 1302 1065
2 0 0 0 0 0 0
4 0 0 0 0 0 0
4 154 8628 278 1973 5478 45
1 0 0 0 0 0 0
3 0 0 0 0 0 0
2 0 0 0 0 0 0
1 0 0 0 0 0 0
4 290 7552 266 2524 -1247 583
2 0 0 0 0 0 0
3 0 0 0 0 0 0
4 -584 7212 -2 -750 -1042 -97
2 0 0 0 0 0 0
3 0 0 0 0 0 0
1 0 0 0 0 0 0
4 0 0 0 0 0 0
3 0 0 0 0 0 0
1 0 0 0 0 0 0
2 0 0 0 0 0 0
4 0 0 0 0 0 0
2 0 0 0 0 0 0
3 0 0 0 0 0 0
1 0 0 0 0 0 0

4 380 8480 94 1696 -3104 2916
2 0 0 0 0 0 0
1 0 0 0 0 0 0
3 -950 -468 -2384 -21374 12370 -15296
3 -4214 10080 5378 -20982 5551 -7233
4 -1018 8090 254 1607 -1796 2157
1 0 0 0 0 0 0
2 0 0 0 0 0 0
3 -5074 5930 6476 -16992 2311 -5399
4 0 0 0 0 0 0
1 0 0 0 0 0 0
2 0 0 0 0 0 0
2 0 0 0 0 0 0
3 -3194 2826 8480 -129 3214 -976
4 232 7492 434 4196 -5546 1748
1 0 0 0 0 0 0
3 -2670 430 5072 10263 -20972 3406
4 -218 7386 334 2188 -4281 917
2 0 0 0 0 0 0
1 0 0 0 0 0 0
4 428 8190 -654 -884 -1195 -372
1 0 0 0 0 0 0
3 -6452 -5282 5178 25179 -8536 15120
2 0 0 0 0 0 0
3 -7608 -18340 -4826 27946 623 30107
2 0 0 0 0 0 0
4 0 0 0 0 0 0
1 0 0 0 0 0 0
4 1022 8832 -2292 -1560 -8073 -1387
3 9464 -17400 4076 1034 2590 22102
1 0 0 0 0 0 0
2 0 0 0 0 0 0
4 -510 8760 -1716 1404 -6039 -1044
2 0 0 0 0 0 0
3 6898 -18844 -10982 5743 -18218 9123
1 0 0 0 0 0 0
2 0 0 0 0 0 0
1 0 0 0 0 0 0
4 0 0 0 0 0 0
3 6988 -14394 -10028 6931 -8098 8811
4 156 7678 -2060 -6576 3778 -1781
3 5156 -9196 -7056 3007 -4376 3085
2 0 0 0 0 0 0
1 0 0 0 0 0 0
3 1144 -7612 -5186 3 -4199 -592
2 0 0 0 0 0 0
4 0 0 0 0 0 0
1 0 0 0 0 0 0
3 0 0 0 0 0 0
2 0 0 0 0 0 0
4 -342 8968 184 -401 1511 1963
1 0 0 0 0 0 0
3 -268 -6582 -4032 -1018 -1981 1038
4 -1296 8322 2530 4142 -5120 2188
2 0 0 0 0 0 0
1 0 0 0 0 0 0
4 -964 7716 2818 1931 1655 68
1 0 0 0 0 0 0
2 0 0 0 0 0 0
3 150 -8024 -4132 -172 4795 2928
4 -20 8196 1384 -1093 1071 565
1 0 0 0 0 0 0
3 336 -8350 -1228 -453 -7294 -3127
2 0 0 0 0 0 0
3 -1068 -8534 -2346 -291 -2052 -1423
2 0 0 0 0 0 0
4 0 0 0 0 0 0
1 0 0 0 0 0 0
2 0 0 0 0 0 0
4 0 0 0 0 0 0
3 0 0 0 0 0 0
1 0 0 0 0 0 0
3 -550 -7612 -2884 -486 1159 371
4 0 0 0 0 0 0
2 0 0 0 0 0 0
1 0 0 0 0 0 0
1 0 0 0 0 0 0
2 0 0 0 0 0 0
3 0 0 0 0 0 0
4 0 0 0 0 0 0

1 0 0 0 0 0 0
2 0 0 0 0 0 0
4 284 8802 -870 -1572 1742 506
3 5316 -14014 -8508 668 15146 -15243
3 -484 -9836 -4748 11690 12646 -18528
2 0 0 0 0 0 0
4 0 0 0 0 0 0
1 0 0 0 0 0 0
2 0 0 0 0 0 0
4 0 0 0 0 0 0
1 0 0 0 0 0 0
3 -1374 -10624 -1684 18274 1342 -21654
3 -4314 -4400 904 21741 -114 -23803
2 0 0 0 0 0 0
4 -1600 8144 170 -1958 2779 -1302
1 0 0 0 0 0 0
4 0 0 0 0 0 0
1 0 0 0 0 0 0
2 0 0 0 0 0 0
3 -11148 -3472 -230 18240 -628 -25331
2 0 0 0 0 0 0
4 316 7722 1354 624 1982 -72
1 0 0 0 0 0 0
3 0 0 0 0 0 0
2 0 0 0 0 0 0
1 0 0 0 0 0 0
3 -5966 -10170 -4210 14639 32767 29103
4 -64 7694 2036 961 -4189 2071
1 0 0 0 0 0 0
3 6438 -18462 7136 -7511 32767 27025
4 0 0 0 0 0 0
2 0 0 0 0 0 0
1 0 0 0 0 0 0
2 0 0 0 0 0 0
4 0 0 0 0 0 0
3 1958 -10856 -556 -12787 7830 2647
2 0 0 0 0 0 0
1 0 0 0 0 0 0
4 -536 8844 -1224 3894 -1998 723
3 -3010 -13836 -4034 -11295 -13140 -3284
1 0 0 0 0 0 0
4 0 0 0 0 0 0
3 -6790 -16936 4126 5622 21902 -10000
2 0 0 0 0 0 0
4 1850 6960 38 154 -1157 -317
1 0 0 0 0 0 0
3 3004 -8556 -1136 -913 1707 3147
2 0 0 0 0 0 0
3 0 0 0 0 0 0
2 0 0 0 0 0 0
1 0 0 0 0 0 0
4 1370 7322 -522 -2768 -2495 -881
3 -48 -7008 -3640 386 -42 643
1 0 0 0 0 0 0
4 0 0 0 0 0 0
2 0 0 0 0 0 0
3 3404 -7502 -3238 1831 -16298 -4708
2 0 0 0 0 0 0
1 0 0 0 0 0 0
4 0 0 0 0 0 0
3 132 -8148 -4710 5945 575 129
1 0 0 0 0 0 0
4 936 8200 -342 882 -883 -648
2 0 0 0 0 0 0
3 1106 -8274 -4742 5191 -950 972
4 -134 8116 -14 1268 -5234 568
1 0 0 0 0 0 0
2 0 0 0 0 0 0
1 0 0 0 0 0 0
2 0 0 0 0 0 0
4 -436 8100 286 1059 -656 341
3 690 -7942 -4700 2143 -3 554
3 0 0 0 0 0 0
2 0 0 0 0 0 0
4 0 0 0 0 0 0
1 0 0 0 0 0 0
3 0 0 0 0 0 0
1 0 0 0 0 0 0
4 296 8288 120 2 765 -240
2 0 0 0 0 0 0

4 1238 17634 -872 8283 4129 22392
3 552 -7784 -3298 754 2458 786
2 0 0 0 0 0 0
1 0 0 0 0 0 0
1 0 0 0 0 0 0
2 0 0 0 0 0 0
4 2394 10718 -32 -221 6121 20176
3 0 0 0 0 0 0
2 0 0 0 0 0 0
1 0 0 0 0 0 0
4 -1054 5054 1940 -12953 17571 13355
3 118 -8016 -2232 3808 5371 2612
2 0 0 0 0 0 0
1 0 0 0 0 0 0
4 -1974 3718 136 -21797 5283 6186
3 -124 -8516 -2092 1657 -29 1130
3 0 0 0 0 0 0
4 -1644 4764 -1928 -23156 -7727 6046
2 0 0 0 0 0 0
1 0 0 0 0 0 0
3 0 0 0 0 0 0
4 -12372 7162 -3812 -25933 -5487 8285
2 0 0 0 0 0 0
1 0 0 0 0 0 0
3 0 0 0 0 0 0
4 -7236 14294 -13670 -25270 17501 -6599
1 0 0 0 0 0 0
2 0 0 0 0 0 0
3 0 0 0 0 0 0
1 0 0 0 0 0 0
2 0 0 0 0 0 0
4 0 0 0 0 0 0
3 0 0 0 0 0 0
4 7370 15732 1536 14067 14404 -9861
2 0 0 0 0 0 0
1 0 0 0 0 0 0
3 1936 -8172 -3044 -3927 -5117 -3672
2 0 0 0 0 0 0
4 118 12394 4944 9489 6007 -7252
1 0 0 0 0 0 0
3 3618 -7394 -4384 -8356 -17296 -7301
2 0 0 0 0 0 0
1 0 0 0 0 0 0
4 0 0 0 0 0 0
3 -1462 -4984 -5314 -6830 -3350 -664
4 386 8406 1242 1495 5505 -2498
1 0 0 0 0 0 0
2 0 0 0 0 0 0
3 246 -4178 -4630 269 1710 592
2 0 0 0 0 0 0
1 0 0 0 0 0 0
4 0 0 0 0 0 0
3 674 -5580 -4568 6074 6370 3249
4 1814 9218 -306 -602 -385 -416
2 0 0 0 0 0 0
1 0 0 0 0 0 0
3 0 0 0 0 0 0
2 0 0 0 0 0 0
4 466 8032 -628 -2266 -9574 752
1 0 0 0 0 0 0
3 1018 -8432 -4848 2793 2514 2760
1 0 0 0 0 0 0
4 512 8282 -1218 -7397 -1728 241
2 0 0 0 0 0 0
3 1596 -8018 -4630 -1136 -458 1360
1 0 0 0 0 0 0
4 0 0 0 0 0 0
2 0 0 0 0 0 0
3 0 0 0 0 0 0
4 602 8522 -1790 -3890 -2045 -511
2 0 0 0 0 0 0
1 0 0 0 0 0 0
3 0 0 0 0 0 0
1 0 0 0 0 0 0
4 1122 8048 -298 688 -1715 -507
2 0 0 0 0 0 0
3 0 0 0 0 0 0
2 0 0 0 0 0 0
1 0 0 0 0 0 0
4 0 0 0 0 0 0

3 2332 -8456 -5430 -1245 5808 -865
2 0 0 0 0 0 0
1 0 0 0 0 0 0
4 3082 9892 -1716 -908 6876 2604
1 0 0 0 0 0 0
2 0 0 0 0 0 0
3 1298 -8894 -7176 -2713 5586 -2309
4 1990 11382 -2470 5805 -147 5041
2 0 0 0 0 0 0
3 11030 -13648 -11838 -8808 12149 -3853
1 0 0 0 0 0 0
4 10170 19756 -5610 10270 13173 11276
3 4096 -16762 -7458 -8069 17133 -16466
2 0 0 0 0 0 0
1 0 0 0 0 0 0
4 3194 21162 -1798 11661 5877 23058
3 3064 -13200 -3794 -4904 10535 -21138
1 0 0 0 0 0 0
4 4 11244 208 6529 9914 20919
2 0 0 0 0 0 0
2 0 0 0 0 0 0
3 352 -6266 -764 2590 10146 -15721
1 0 0 0 0 0 0
4 -170 4026 3356 -6321 13606 16338
3 -6892 -4136 2786 14393 -2709 -17625
2 0 0 0 0 0 0
1 0 0 0 0 0 0
4 -3296 4040 6210 -28165 8006 8954
4 -2950 21214 -2126 -32768 -479 5198
2 0 0 0 0 0 0
1 0 0 0 0 0 0
3 -7712 -640 -3920 23234 10614 -9478
3 1622 236 -10526 23422 7760 -1869
2 0 0 0 0 0 0
1 0 0 0 0 0 0
4 -70 17364 -16082 -29992 -3380 -2092
2 0 0 0 0 0 0
4 -672 14114 -6936 -14429 32767 -11670
3 0 0 0 0 0 0
1 0 0 0 0 0 0
3 -5646 -7280 -12660 15542 4098 4563
4 8530 15404 970 -2696 28578 -8511
1 0 0 0 0 0 0
2 0 0 0 0 0 0
4 3612 9502 1974 3658 10698 -3271
2 0 0 0 0 0 0
3 2838 -9804 -6852 2615 31332 16592
1 0 0 0 0 0 0
3 6924 -12268 -3136 -9621 15406 7821
4 4192 11328 3066 4559 18872 -530
2 0 0 0 0 0 0
1 0 0 0 0 0 0
4 1470 8632 1000 6833 -2938 1835
1 0 0 0 0 0 0
3 2924 -9820 -3288 -13854 -4248 4018
2 0 0 0 0 0 0
1 0 0 0 0 0 0
4 -486 8178 -96 4354 1923 2029
2 0 0 0 0 0 0
3 2184 -8092 -1884 -6235 10481 6275
2 0 0 0 0 0 0
1 0 0 0 0 0 0
3 3046 -7752 -2418 -1750 9131 3734
4 1228 7648 -360 3065 628 1979
4 -88 6586 -912 1756 -3175 1164
2 0 0 0 0 0 0
3 1522 -6924 -3384 659 1342 2080
1 0 0 0 0 0 0
1 0 0 0 0 0 0
3 0 0 0 0 0 0
4 0 0 0 0 0 0
2 0 0 0 0 0 0
4 1136 7608 -1598 -5692 -326 -1378
1 0 0 0 0 0 0
3 0 0 0 0 0 0
2 0 0 0 0 0 0
4 0 0 0 0 0 0
2 0 0 0 0 0 0
3 0 0 0 0 0 0
1 0 0 0 0 0 0

4 -1050 8068 -2924 -4770 1442 -701
3 1538 -7566 -5202 5110 4561 1481
2 0 0 0 0 0 0
4 4162 11138 -4494 849 11953 540
3 4524 -9798 -6392 -509 6131 -1151
2 0 0 0 0 0 0
4 6670 16064 -3608 10701 6218 7625
1 0 0 0 0 0 0
3 4694 -14734 -8938 -11725 2541 -9287
2 0 0 0 0 0 0
4 4598 22852 -962 16315 3540 16054
2 0 0 0 0 0 0
3 4328 -21058 -5890 -15345 18321 -13381
1 0 0 0 0 0 0
2 0 0 0 0 0 0
3 4120 -12344 -4468 -7916 11495 -16508
4 2014 15218 -1406 13853 4944 19641
1 0 0 0 0 0 0
4 1056 8878 -974 6559 13165 13884
2 0 0 0 0 0 0
3 2738 -8780 -2722 487 12431 -13228
1 0 0 0 0 0 0
2 0 0 0 0 0 0
1 0 0 0 0 0 0
3 798 -6712 2240 6033 1809 -14704
4 1122 3522 5904 -82 11285 14597
2 0 0 0 0 0 0
3 -3384 -4020 -80 18068 7936 -15428
1 0 0 0 0 0 0
4 2548 4124 5798 -22268 13951 9306
1 0 0 0 0 0 0
2 0 0 0 0 0 0
3 -6378 -2190 -6742 25455 2592 -10569
4 -4648 9752 -5076 -30809 -7939 4365
4 4224 15970 -12700 -30381 10029 -8066
3 2236 -4230 -17282 24816 8739 -174
2 0 0 0 0 0 0
1 0 0 0 0 0 0
4 2682 10238 -10520 -14387 -9218 -6035
1 0 0 0 0 0 0
3 -2378 -3444 -10334 14720 9860 4196
2 0 0 0 0 0 0
3 1610 -3648 -10206 11993 4489 7603
4 1160 12538 -6008 -10009 10679 -10805
1 0 0 0 0 0 0
2 0 0 0 0 0 0
3 5666 -11364 -9972 4604 11635 12720
2 0 0 0 0 0 0
4 8548 16488 -4322 192 32767 -13067
1 0 0 0 0 0 0
1 0 0 0 0 0 0
3 6088 -10610 -5498 -1589 25620 15650
2 0 0 0 0 0 0
4 2148 11942 706 7348 16987 -3076
3 668 -12160 -4682 -7896 8824 7394
2 0 0 0 0 0 0
1 0 0 0 0 0 0
4 1840 9262 228 8312 14063 359
4 1044 8122 -924 5879 6422 1802
3 1110 -9460 -2796 -11223 5315 5555
1 0 0 0 0 0 0
2 0 0 0 0 0 0
2 0 0 0 0 0 0
4 658 6688 -936 4625 -3138 2298
1 0 0 0 0 0 0
3 1138 -8172 -3314 -8225 7232 4333
2 0 0 0 0 0 0
1 0 0 0 0 0 0
4 658 5662 -874 600 -2088 -91
3 1742 -6012 -2632 -3335 4206 2578
3 1650 -6244 -3128 2021 399 2325
2 0 0 0 0 0 0
4 1420 7214 -1016 -5370 -113 -2300
1 0 0 0 0 0 0
4 552 8730 -1070 -9360 -3580 -3014
2 0 0 0 0 0 0
1 0 0 0 0 0 0
3 1688 -7142 -3212 6583 -3345 1009
1 0 0 0 0 0 0
1 0 0 0 0 0 0

2 0 0 0 0 0 0
1 0 0 0 0 0 0
4 1294 8288 -822 14872 10684 12537
3 3992 -7604 -3574 -10344 14614 -10501
2 0 0 0 0 0 0
3 2070 -3772 -86 2649 8651 -15105
1 0 0 0 0 0 0
2 0 0 0 0 0 0
4 1380 2332 1796 3609 15631 11421
1 0 0 0 0 0 0
3 -104 -954 -1340 11389 6478 -14376
4 0 0 0 0 0 0
2 0 0 0 0 0 0
3 -1490 280 -3740 17664 1328 -11314
4 -1616 -1550 512 -25212 3132 3124
2 0 0 0 0 0 0
1 0 0 0 0 0 0
1 0 0 0 0 0 0
4 4054 11706 -4620 -29752 2658 3801
3 -1732 -1148 -9756 21634 8456 -9626
2 0 0 0 0 0 0
3 -1682 -8140 -10468 22286 8345 -4347
1 0 0 0 0 0 0
4 2650 13416 -11852 -25247 -9246 -940
2 0 0 0 0 0 0
1 0 0 0 0 0 0
2 0 0 0 0 0 0
3 1032 -4208 -14308 13461 6992 2342
4 -6276 9702 -3954 -14601 6112 -4669
4 3806 14148 -3850 -5700 32767 -13047
2 0 0 0 0 0 0
3 -2928 -7454 -7820 7090 9216 9206
1 0 0 0 0 0 0
3 4904 -12350 -7372 1673 28475 19310
4 7572 15152 600 8248 21776 -10580
1 0 0 0 0 0 0
2 0 0 0 0 0 0
4 -678 12142 412 10256 9964 -2795
3 754 -13084 -4490 -12820 17465 11102
1 0 0 0 0 0 0
2 0 0 0 0 0 0
3 3360 -10982 -3098 -15004 7575 5243
4 0 0 0 0 0 0
2 0 0 0 0 0 0
1 0 0 0 0 0 0
3 1620 -5866 -2356 -7553 3971 3722
4 1100 5480 -658 4575 -4343 1393
1 0 0 0 0 0 0
2 0 0 0 0 0 0
3 2974 -5708 -1962 1285 4771 2740
2 0 0 0 0 0 0
1 0 0 0 0 0 0
4 248 5052 -998 -3260 872 -201
1 0 0 0 0 0 0
3 898 -6176 -3466 7559 -15 1863
4 1640 7568 -1368 -9206 -4633 -874
2 0 0 0 0 0 0
3 216 -9324 -4578 11894 -5663 -252
2 0 0 0 0 0 0
4 0 0 0 0 0 0
1 0 0 0 0 0 0
1 0 0 0 0 0 0
4 618 9500 -2470 -7381 1076 -889
3 -168 -9220 -4622 8462 -2761 336
2 0 0 0 0 0 0
1 0 0 0 0 0 0
3 704 -7942 -4714 3481 -2332 263
2 0 0 0 0 0 0
4 0 0 0 0 0 0
4 94 7984 -2378 -1424 -1130 -184
1 0 0 0 0 0 0
2 0 0 0 0 0 0
3 0 0 0 0 0 0
1 0 0 0 0 0 0
3 0 0 0 0 0 0
4 0 0 0 0 0 0
2 0 0 0 0 0 0
1 0 0 0 0 0 0
4 28 9044 -1676 4965 3619 -128
3 1076 -8012 -4114 -3454 3312 467

1 0 0 0 0 0 0
4 5882 7304 -3156 10275 15719 13686
3 5618 -7284 -6250 -11412 12616 -13551
2 0 0 0 0 0 0
1 0 0 0 0 0 0
3 -842 -2442 -1064 -2401 12022 -14692
2 0 0 0 0 0 0
4 -38 2086 482 1856 5438 16909
4 -1648 -938 2536 -9687 12571 14074
3 628 1344 448 10338 18251 -9691
2 0 0 0 0 0 0
1 0 0 0 0 0 0
3 0 0 0 0 0 0
2 0 0 0 0 0 0
4 -816 -3282 -4348 -21730 5528 2665
1 0 0 0 0 0 0
3 0 0 0 0 0 0
4 -1296 2662 -2612 -22753 4936 2255
1 0 0 0 0 0 0
2 0 0 0 0 0 0
4 7708 10798 -5684 -21570 6887 -1075
3 -2498 -5044 -8266 18638 659 -9085
2 0 0 0 0 0 0
1 0 0 0 0 0 0
4 350 9306 -4372 -17064 -20270 -938
2 0 0 0 0 0 0
3 -3960 -3644 -9680 11877 -1856 -4280
1 0 0 0 0 0 0
4 -1476 11974 -6098 -16103 26947 -10911
1 0 0 0 0 0 0
2 0 0 0 0 0 0
3 218 -3612 2110 5007 -25702 -7196
1 0 0 0 0 0 0
2 0 0 0 0 0 0
3 -2662 -4888 -7562 12582 187 1014
4 7810 10496 -1098 3384 19698 -10449
3 -7094 -6552 -8726 8336 2946 4293
4 4404 8554 -602 5552 8276 -4404
2 0 0 0 0 0 0
1 0 0 0 0 0 0
2 0 0 0 0 0 0
3 -976 -11670 -1872 3153 32767 22124
4 0 0 0 0 0 0
1 0 0 0 0 0 0
1 0 0 0 0 0 0
3 0 0 0 0 0 0
4 752 8370 -1540 5982 5479 981
2 0 0 0 0 0 0
4 588 6366 -1204 2364 1798 1019
1 0 0 0 0 0 0
3 2332 -7614 -3910 -8749 -1004 -2366
2 0 0 0 0 0 0
3 -142 -6606 -2696 -4665 -1486 133
1 0 0 0 0 0 0
2 0 0 0 0 0 0
4 0 0 0 0 0 0
3 0 0 0 0 0 0
1 0 0 0 0 0 0
4 84 7710 -1630 -4789 -1791 -275
2 0 0 0 0 0 0
3 0 0 0 0 0 0
4 0 0 0 0 0 0
1 0 0 0 0 0 0
2 0 0 0 0 0 0
1 0 0 0 0 0 0
4 0 0 0 0 0 0
2 0 0 0 0 0 0
3 2262 -8734 -5540 6475 -5741 87
4 0 0 0 0 0 0
1 0 0 0 0 0 0
2 0 0 0 0 0 0
3 538 -6350 -4896 4947 902 -1456
4 272 8436 -2270 -987 -1093 -543
2 0 0 0 0 0 0
3 1496 -7722 -4376 5352 3747 1974
1 0 0 0 0 0 0
2 0 0 0 0 0 0
3 534 -7430 -4684 3054 -2791 -581
4 0 0 0 0 0 0
1 0 0 0 0 0 0

3 7606 -4176 -9904 -17177 3323 -4692
4 -562 7854 -1376 1489 3070 -255
2 0 0 0 0 0 0
1 0 0 0 0 0 0
3 1800 -2068 -6496 -17920 -12960 -7934
2 0 0 0 0 0 0
4 0 0 0 0 0 0
1 0 0 0 0 0 0
3 -142 -662 -2944 -8364 -149 -799
1 0 0 0 0 0 0
2 0 0 0 0 0 0
4 0 0 0 0 0 0
3 316 -492 -2714 3852 7767 4374
4 -360 7324 -820 243 565 -417
2 0 0 0 0 0 0
1 0 0 0 0 0 0
3 -452 -1516 -4872 10403 -2694 5589
2 0 0 0 0 0 0
1 0 0 0 0 0 0
4 -288 8700 -1142 -3150 -439 -618
4 346 10544 -2280 -4833 -4207 -417
3 542 -2488 -7630 14489 -4563 7417
2 0 0 0 0 0 0
1 0 0 0 0 0 0
3 4086 -9108 -17324 11974 -1981 7859
4 64 10938 -5218 -1186 -5401 473
1 0 0 0 0 0 0
2 0 0 0 0 0 0
1 0 0 0 0 0 0
3 8866 -6206 -17632 -3869 4878 2296
2 0 0 0 0 0 0
4 1668 14310 -9372 8910 5961 2041
4 518 17564 -11674 18029 6108 4340
3 4648 -5856 -16184 -12664 7042 -4195
2 0 0 0 0 0 0
1 0 0 0 0 0 0
3 4866 -7450 -13986 -18131 10275 -9285
2 0 0 0 0 0 0
1 0 0 0 0 0 0
4 1122 17202 -7546 25373 9564 7636
3 2626 -4302 -5976 -19081 11527 -10776
4 1492 8570 -1486 20554 14733 10809
2 0 0 0 0 0 0
1 0 0 0 0 0 0
3 902 -2206 -3188 -13444 11813 -7791
2 0 0 0 0 0 0
1 0 0 0 0 0 0
4 86 3070 812 10568 10851 11138
3 994 -2760 -222 -9177 8750 -6015
4 -324 2256 488 2978 10766 9805
2 0 0 0 0 0 0
1 0 0 0 0 0 0
3 -4450 -168 3342 -6844 -273 -5821
4 -1816 -1302 1872 -4309 7567 7867
2 0 0 0 0 0 0
1 0 0 0 0 0 0
4 -1944 -1692 846 -19365 3997 5408
1 0 0 0 0 0 0
2 0 0 0 0 0 0
3 -2608 3888 3852 -484 1274 -1681
2 0 0 0 0 0 0
3 -1526 6320 7510 11756 -12612 -2937
1 0 0 0 0 0 0
4 -9732 5802 -3102 -32768 2808 6444
1 0 0 0 0 0 0
2 0 0 0 0 0 0
3 -1024 5212 5882 29605 -11554 -4338
4 -7966 10578 -10058 -29994 -5041 -1682
4 -4834 17952 -8190 -24689 17307 -12190
3 88 -3930 -6764 32767 -1247 9800
1 0 0 0 0 0 0
2 0 0 0 0 0 0
1 0 0 0 0 0 0
4 5650 13182 -8552 -3438 7008 -7491
2 0 0 0 0 0 0
3 3526 -11370 -14180 27096 6978 7461
3 1390 -13580 -9260 17986 -14590 -4286
4 -2004 11000 32 7298 29113 -5463
2 0 0 0 0 0 0
1 0 0 0 0 0 0

1 0 0 0 0 0 0
4 4588 9134 -3702 -106 3515 371
3 2598 -5028 -10292 -5207 8448 3630
2 0 0 0 0 0 0
1 0 0 0 0 0 0
3 5720 -8096 -11360 -11006 12886 -416
4 2234 14008 -11176 17892 -32768 5861
2 0 0 0 0 0 0
1 0 0 0 0 0 0
3 7854 -9650 -11904 -15103 9156 -6488
4 -1078 16560 -11718 19785 15500 -8446
2 0 0 0 0 0 0
1 0 0 0 0 0 0
4 1478 14288 -5080 22302 23657 -551
3 3656 -6498 -10346 -13875 12624 -10283
2 0 0 0 0 0 0
1 0 0 0 0 0 0
4 1642 5944 620 13093 17805 10723
3 114 -3366 -8014 -4831 20372 -10477
2 0 0 0 0 0 0
1 0 0 0 0 0 0
3 -1448 -848 824 6044 17672 -11358
4 -1330 1334 1694 2180 10288 13361
2 0 0 0 0 0 0
1 0 0 0 0 0 0
4 0 0 0 0 0 0
3 -4030 584 598 18445 11624 -11378
2 0 0 0 0 0 0
1 0 0 0 0 0 0
3 -6442 718 -150 27882 5552 -7636
4 -3460 186 2648 -27490 -3880 4781
2 0 0 0 0 0 0
4 -9234 12142 -2000 -32768 -13768 3019
3 -8158 -3680 -5610 32767 3541 30
1 0 0 0 0 0 0
2 0 0 0 0 0 0
1 0 0 0 0 0 0
4 -6758 28228 -5840 -28515 32767 -10943
3 676 -23478 -21014 30067 23772 20844
2 0 0 0 0 0 0
1 0 0 0 0 0 0
3 3630 -12582 -9150 -3124 -2679 12005
2 0 0 0 0 0 0
4 9762 13156 -162 2074 3156 -8731
1 0 0 0 0 0 0
2 0 0 0 0 0 0
3 428 -12142 -2872 29 25528 18642
4 2238 9768 640 -387 17384 -600
1 0 0 0 0 0 0
3 6916 -8168 -2444 -2437 19671 7739
4 3520 9776 -404 -961 14380 518
2 0 0 0 0 0 0
1 0 0 0 0 0 0
4 0 0 0 0 0 0
3 352 -5980 -2498 -313 -9607 -2837
2 0 0 0 0 0 0
4 -650 6906 -2126 272 -3623 1630
3 0 0 0 0 0 0
2 0 0 0 0 0 0
1 0 0 0 0 0 0
3 -1382 -7712 -4552 6298 979 -342
4 0 0 0 0 0 0
1 0 0 0 0 0 0
2 0 0 0 0 0 0
1 0 0 0 0 0 0
4 0 0 0 0 0 0
2 0 0 0 0 0 0
3 0 0 0 0 0 0
1 0 0 0 0 0 0
4 0 0 0 0 0 0
2 0 0 0 0 0 0
3 -158 -7564 -4902 1592 16 128
4 0 0 0 0 0 0
1 0 0 0 0 0 0
2 0 0 0 0 0 0
3 0 0 0 0 0 0
3 0 0 0 0 0 0
4 0 0 0 0 0 0
1 0 0 0 0 0 0
2 0 0 0 0 0 0

4 -76 8178 -1182 -3 -282 41
3 102 -7086 -4650 189 -714 203
2 0 0 0 0 0 0
1 0 0 0 0 0 0
4 0 0 0 0 0 0
3 0 0 0 0 0 0
1 0 0 0 0 0 0
2 0 0 0 0 0 0
4 0 0 0 0 0 0
3 0 0 0 0 0 0
1 0 0 0 0 0 0
2 0 0 0 0 0 0
4 0 0 0 0 0 0
2 0 0 0 0 0 0
3 354 -6880 -4114 664 3559 1188
1 0 0 0 0 0 0
4 -714 7546 -1602 -849 -1123 -619
2 0 0 0 0 0 0
3 408 -7192 -4132 975 10043 3142
1 0 0 0 0 0 0
4 0 0 0 0 0 0
1 0 0 0 0 0 0
3 0 0 0 0 0 0
2 0 0 0 0 0 0
1 0 0 0 0 0 0
4 -76 10884 -4556 530 -102 -1798
3 1338 -9664 -7618 -583 8791 4096
2 0 0 0 0 0 0
3 4714 -12728 -9982 -11377 7276 -5407
1 0 0 0 0 0 0
2 0 0 0 0 0 0
4 5426 15720 -8944 12863 7363 4261
4 4006 15688 -7700 20546 3692 11808
1 0 0 0 0 0 0
3 4924 -14286 -13576 -17799 7433 -15459
2 0 0 0 0 0 0
3 1718 -10130 -5082 -16351 9167 -20716
4 436 9722 -3848 17437 8028 16182
1 0 0 0 0 0 0
2 0 0 0 0 0 0
4 -1196 3600 1476 5385 11644 17347
1 0 0 0 0 0 0
2 0 0 0 0 0 0
3 116 -1800 -2070 -3172 14576 -17487
4 0 0 0 0 0 0
2 0 0 0 0 0 0
1 0 0 0 0 0 0
3 -4188 -202 -3074 10552 7495 -16878
3 -7226 -1590 -2788 16991 501 -16627
2 0 0 0 0 0 0
4 -3834 1454 -58 -23529 -11083 9211
1 0 0 0 0 0 0
3 -10622 -2412 -6776 22719 2508 -9299
1 0 0 0 0 0 0
4 -9338 12776 1614 -32768 4907 3808
2 0 0 0 0 0 0
4 6480 17516 -7700 -23485 32767 -9962
3 -4494 -9512 -10188 29473 17323 7254
1 0 0 0 0 0 0
2 0 0 0 0 0 0
4 3212 11054 -646 -580 18536 -7623
3 3008 -11912 -4790 14771 32767 19396
1 0 0 0 0 0 0
2 0 0 0 0 0 0
4 3868 8076 6354 3198 15222 -3520
2 0 0 0 0 0 0
1 0 0 0 0 0 0
3 3882 -10550 -162 -2441 12502 8017
3 -272 -8814 2822 4 568 -427
1 0 0 0 0 0 0
4 2360 7046 5676 -3006 4300 -1126
2 0 0 0 0 0 0
3 0 0 0 0 0 0
1 0 0 0 0 0 0
4 -710 9092 2016 -4443 3306 -1437
2 0 0 0 0 0 0
4 0 0 0 0 0 0
3 512 -8934 -3902 3153 -515 786
1 0 0 0 0 0 0
2 0 0 0 0 0 0

3 280 -7102 -3948 280 1708 694
4 150 7814 -1300 -521 12 -239
2 0 0 0 0 0 0
1 0 0 0 0 0 0
3 0 0 0 0 0 0
4 0 0 0 0 0 0
2 0 0 0 0 0 0
1 0 0 0 0 0 0
3 0 0 0 0 0 0
2 0 0 0 0 0 0
4 0 0 0 0 0 0
1 0 0 0 0 0 0
4 0 0 0 0 0 0
2 0 0 0 0 0 0
1 0 0 0 0 0 0
3 576 -7996 -3490 2309 2089 1267
4 0 0 0 0 0 0
2 0 0 0 0 0 0
3 0 0 0 0 0 0
1 0 0 0 0 0 0
1 0 0 0 0 0 0
2 0 0 0 0 0 0
4 0 0 0 0 0 0
3 0 0 0 0 0 0
1 0 0 0 0 0 0
3 1228 -10174 -4698 40 7453 2492
2 0 0 0 0 0 0
4 -652 10770 -2108 -150 4561 485
4 854 12910 -2490 5230 8278 1684
1 0 0 0 0 0 0
2 0 0 0 0 0 0
3 0 0 0 0 0 0
1 0 0 0 0 0 0
4 904 13956 -2216 11032 3062 6089
2 0 0 0 0 0 0
3 372 -11466 -4252 -6822 4867 -3399
2 0 0 0 0 0 0
1 0 0 0 0 0 0
3 786 -10244 -6806 -6580 1623 -2905
4 -1404 10436 -676 6847 -1344 5689
4 2358 19340 -9548 14497 4996 1848
2 0 0 0 0 0 0
1 0 0 0 0 0 0
3 6890 -14584 -13798 -10600 10619 -2831
2 0 0 0 0 0 0
4 3702 14310 -3348 20369 14010 12365
3 4432 -16738 -12678 -21596 11698 -16173
1 0 0 0 0 0 0
4 -3860 -300 2052 6097 13356 20350
1 0 0 0 0 0 0
2 0 0 0 0 0 0
3 -6838 -4696 1244 -7156 17223 -19381
1 0 0 0 0 0 0
4 -12624 2386 7702 -13974 18793 20956
2 0 0 0 0 0 0
3 -12288 -6692 5806 18431 9121 -16823
3 -7476 -482 -448 25678 9058 -6462
4 -2424 -846 5280 -26428 3758 7246
1 0 0 0 0 0 0
2 0 0 0 0 0 0
1 0 0 0 0 0 0
2 0 0 0 0 0 0
4 3378 20304 -1756 -32768 20329 -5520
3 -4764 -7444 -6694 22483 3790 3970
3 -1780 -9634 -13214 18665 4983 22620
1 0 0 0 0 0 0
2 0 0 0 0 0 0
4 -6552 21228 -7704 -23655 21020 -16623
4 0 0 0 0 0 0
1 0 0 0 0 0 0
3 -4640 -19772 -16630 8226 10801 25858
2 0 0 0 0 0 0
1 0 0 0 0 0 0
2 0 0 0 0 0 0
3 3852 -21180 2304 -11030 27842 8018
4 -7182 14508 11272 14130 19928 -6456
1 0 0 0 0 0 0
2 0 0 0 0 0 0
3 420 -9916 -2518 -11076 -713 -3005
4 2920 11396 976 6552 16430 5300

4 1156 8260 -2762 -914 2395 -1626
1 0 0 0 0 0 0
2 0 0 0 0 0 0
3 576 -6852 -5332 1364 2435 3353
3 2742 -6570 -10154 1886 12762 8186
2 0 0 0 0 0 0
4 3332 9634 -6086 2054 7699 133
1 0 0 0 0 0 0
2 0 0 0 0 0 0
1 0 0 0 0 0 0
3 12652 -9010 -11534 -3634 10938 -3343
4 8776 13210 -11004 6623 5652 7754
4 5912 18302 -7142 15312 5613 14782
2 0 0 0 0 0 0
1 0 0 0 0 0 0
3 8670 -13882 -10418 -5590 8630 -16422
4 -56 13242 240 14647 13266 17307
3 2010 -12832 -5526 -7060 8252 -20800
1 0 0 0 0 0 0
2 0 0 0 0 0 0
4 -20 4038 1210 881 10857 17963
1 0 0 0 0 0 0
3 424 -6414 -2614 -1021 7452 -18392
2 0 0 0 0 0 0
1 0 0 0 0 0 0
3 0 0 0 0 0 0
4 0 0 0 0 0 0
2 0 0 0 0 0 0
4 -2084 1708 -394 -25736 1747 7029
1 0 0 0 0 0 0
2 0 0 0 0 0 0
3 -7806 -316 -6058 20823 6849 -15047
2 0 0 0 0 0 0
1 0 0 0 0 0 0
4 -8242 12148 306 -32768 -8708 6319
3 -6758 -5936 -8560 25318 9283 -2328
1 0 0 0 0 0 0
2 0 0 0 0 0 0
3 -5176 -11004 -10668 27380 4720 8062
4 -3428 28002 -5542 -32768 32767 -8996
2 0 0 0 0 0 0
4 6616 20614 -2376 5612 14133 -14219
3 654 -20508 -12418 15945 32767 25503
1 0 0 0 0 0 0
4 6414 15174 4568 4717 21884 -7040
1 0 0 0 0 0 0
2 0 0 0 0 0 0
3 11086 -16008 1426 -9923 16142 10441
2 0 0 0 0 0 0
1 0 0 0 0 0 0
3 2408 -9316 -1878 -3449 9823 3348
4 666 9310 4844 -225 16655 3375
2 0 0 0 0 0 0
4 2004 8144 -426 5302 1444 4059
3 -694 -7426 -1954 -1609 3072 -1034
1 0 0 0 0 0 0
2 0 0 0 0 0 0
3 0 0 0 0 0 0
4 -1480 5610 1204 1696 -14884 1792
1 0 0 0 0 0 0
4 -2822 9750 -1084 -5138 3446 -601
1 0 0 0 0 0 0
2 0 0 0 0 0 0
3 -1846 -9626 -4158 2777 938 2608
4 0 0 0 0 0 0
1 0 0 0 0 0 0
2 0 0 0 0 0 0
3 0 0 0 0 0 0
3 1292 -7606 -4570 3469 -6300 -38
4 248 9398 -2056 -3041 1126 -4241
1 0 0 0 0 0 0
3 0 0 0 0 0 0
1 0 0 0 0 0 0
4 -508 9000 -1212 14 -8324 -679
2 0 0 0 0 0 0
2 0 0 0 0 0 0
4 -298 7642 -1828 1217 -542 267
1 0 0 0 0 0 0
2 0 0 0 0 0 0
3 -468 -6592 -4836 -1116 -230 -801

2 0 0 0 0 0 0
1 0 0 0 0 0 0
4 3402 9218 -6646 1935 -1537 1143
3 4390 -8314 -6058 -3790 8145 1363
4 -774 13040 -12130 9222 4599 3278
3 3192 -12430 -12902 -7283 11249 -696
1 0 0 0 0 0 0
2 0 0 0 0 0 0
1 0 0 0 0 0 0
2 0 0 0 0 0 0
3 5808 -14232 -10252 -8032 16738 -11680
4 3188 21622 -7102 19760 14936 8464
2 0 0 0 0 0 0
1 0 0 0 0 0 0
4 -966 13656 -900 21467 10338 14564
3 1490 -14842 -6912 -10847 272 -23666
3 -3662 -11016 -2956 -16744 2173 -17875
4 -218 7858 1116 12579 13764 16782
2 0 0 0 0 0 0
1 0 0 0 0 0 0
1 0 0 0 0 0 0
3 -902 -3858 72 -7345 14175 -11650
2 0 0 0 0 0 0
4 -864 2206 1596 5456 4869 14131
2 0 0 0 0 0 0
3 -1742 664 1918 11631 5841 -14580
1 0 0 0 0 0 0
4 -2532 -2674 4546 -10198 3308 12537
4 -4840 4916 4106 -32768 7219 4537
1 0 0 0 0 0 0
3 -11410 -5348 -5436 32767 9101 -15802
2 0 0 0 0 0 0
2 0 0 0 0 0 0
3 -7808 -11846 -15734 32767 -3823 5633
1 0 0 0 0 0 0
4 -7092 25944 126 -32768 -7671 -6808
1 0 0 0 0 0 0
4 21986 13542 2706 -3991 32767 -4384
2 0 0 0 0 0 0
3 11160 -17878 -14918 21124 15090 18120
3 5268 -12458 -5718 -8650 10333 8669
2 0 0 0 0 0 0
4 4202 11508 -1060 6706 -559 -8137
1 0 0 0 0 0 0
3 2576 -8888 2638 -4950 27642 7690
2 0 0 0 0 0 0
1 0 0 0 0 0 0
4 1294 8162 3400 -2725 31781 -1585
4 2892 8678 -1588 -921 17914 1313
3 2192 -6630 -5696 -3934 1274 -1522
2 0 0 0 0 0 0
1 0 0 0 0 0 0
2 0 0 0 0 0 0
3 0 0 0 0 0 0
4 0 0 0 0 0 0
1 0 0 0 0 0 0
2 0 0 0 0 0 0
1 0 0 0 0 0 0
4 -1772 7136 -1006 4726 -10219 935
3 -1102 -7036 -4376 1304 -3244 -1295
3 24 -7036 -4016 1393 137 1227
2 0 0 0 0 0 0
4 -514 6392 -1460 -1018 797 -718
1 0 0 0 0 0 0
1 0 0 0 0 0 0
3 0 0 0 0 0 0
4 578 7520 -1782 -5360 162 -1604
2 0 0 0 0 0 0
3 0 0 0 0 0 0
4 356 8856 -2280 -7277 -2630 -1013
2 0 0 0 0 0 0
1 0 0 0 0 0 0
3 1392 -7738 -5144 1610 -257 -212
2 0 0 0 0 0 0
4 -156 9062 -2390 -4400 -1354 33
1 0 0 0 0 0 0
2 0 0 0 0 0 0
1 0 0 0 0 0 0
3 484 -7040 -4792 -60 -299 -669
4 -112 8238 -2374 -1162 971 408

3 948 -7942 -3936 -3012 -361 526
2 0 0 0 0 0 0
1 0 0 0 0 0 0
4 0 0 0 0 0 0
2 0 0 0 0 0 0
4 -378 7848 -168 495 -750 355
1 0 0 0 0 0 0
3 188 -7702 -3322 -1530 14 718
3 634 -7634 -4190 -330 4193 2031
2 0 0 0 0 0 0
4 -632 8212 -1594 -31 2315 -255
1 0 0 0 0 0 0
2 0 0 0 0 0 0
4 62 7552 -2334 235 6926 -834
3 608 -6730 -4672 -139 4951 2307
1 0 0 0 0 0 0
2 0 0 0 0 0 0
3 890 -7210 -4764 0 2518 291
4 364 8142 -2370 1213 1603 774
1 0 0 0 0 0 0
4 0 0 0 0 0 0
2 0 0 0 0 0 0
3 0 0 0 0 0 0
1 0 0 0 0 0 0
4 1708 9230 -7136 1779 3889 -2257
2 0 0 0 0 0 0
3 4210 -9026 -9788 -3678 14473 4321
1 0 0 0 0 0 0
4 9656 17890 -13718 15058 9733 7649
3 11294 -13238 -12624 -13975 23551 -5821
1 0 0 0 0 0 0
2 0 0 0 0 0 0
2 0 0 0 0 0 0
4 -1608 17142 -7064 23842 7095 14373
1 0 0 0 0 0 0
3 0 0 0 0 0 0
2 0 0 0 0 0 0
3 2616 -9626 -3452 4736 17251 -17656
1 0 0 0 0 0 0
4 -266 7700 -92 10689 24185 16791
1 0 0 0 0 0 0
2 0 0 0 0 0 0
3 -1538 -5546 -1832 17841 3074 -16074
4 -1536 3190 1168 -7129 11467 18577
3 -7866 -7098 -4254 21684 -2666 -16785
2 0 0 0 0 0 0
4 0 0 0 0 0 0
1 0 0 0 0 0 0
2 0 0 0 0 0 0
4 -5108 6466 -4786 -32472 1096 1295
3 -7262 -4480 -8036 24636 2819 -4631
1 0 0 0 0 0 0
1 0 0 0 0 0 0
2 0 0 0 0 0 0
3 0 0 0 0 0 0
4 -5930 17196 -6414 -30367 7953 -7347
2 0 0 0 0 0 0
3 -3282 -20528 -12342 24942 23967 22363
4 4072 19316 -8874 -15021 13716 -12203
1 0 0 0 0 0 0
3 7046 -14202 -5488 -3273 2221 9742
1 0 0 0 0 0 0
2 0 0 0 0 0 0
4 5002 13974 -1296 274 19905 -10446
1 0 0 0 0 0 0
4 6316 9200 2086 3478 16112 -2386
3 3418 -10574 -3302 -4898 10891 7597
2 0 0 0 0 0 0
3 0 0 0 0 0 0
2 0 0 0 0 0 0
1 0 0 0 0 0 0
2 0 0 0 0 0 0
1 0 0 0 0 0 0
3 1430 -7026 -3408 -3002 2435 -9
1 0 0 0 0 0 0
3 -100 -5934 -3704 1411 -1357 -243
4 2258 8164 -244 2776 4790 1135
2 0 0 0 0 0 0
4 -106 7772 -1554 2425 1183 1986
4 -284 6860 -1976 -368 394 1368

3 338 -7366 -4548 1324 255 412
2 0 0 0 0 0 0
1 0 0 0 0 0 0
4 0 0 0 0 0 0
1 0 0 0 0 0 0
3 0 0 0 0 0 0
2 0 0 0 0 0 0
4 0 0 0 0 0 0
3 0 0 0 0 0 0
2 0 0 0 0 0 0
1 0 0 0 0 0 0
4 0 0 0 0 0 0
3 0 0 0 0 0 0
1 0 0 0 0 0 0
4 0 0 0 0 0 0
2 0 0 0 0 0 0
2 0 0 0 0 0 0
3 326 -7142 -3248 -940 -1963 -883
4 -202 7634 -864 -745 -3450 268
1 0 0 0 0 0 0
1 0 0 0 0 0 0
4 0 0 0 0 0 0
3 0 0 0 0 0 0
2 0 0 0 0 0 0
3 0 0 0 0 0 0
4 0 0 0 0 0 0
1 0 0 0 0 0 0
2 0 0 0 0 0 0
2 0 0 0 0 0 0
3 0 0 0 0 0 0
4 0 0 0 0 0 0
1 0 0 0 0 0 0
1 0 0 0 0 0 0
3 1144 -7748 -2244 370 -2627 -926
2 0 0 0 0 0 0
4 0 0 0 0 0 0
3 3160 -9446 1192 -905 -24265 -9993
2 0 0 0 0 0 0
4 3184 7998 3636 456 -21737 3690
1 0 0 0 0 0 0
1 0 0 0 0 0 0
4 220 9866 280 -2719 -13374 7027
2 0 0 0 0 0 0
3 -410 -9276 -3240 -382 -17648 -12869
3 -3268 -8296 -3800 1804 1618 -6511
2 0 0 0 0 0 0
1 0 0 0 0 0 0
4 -2336 8452 -822 -4088 4102 6722
3 -2402 -6260 -3338 846 -3172 -3000
2 0 0 0 0 0 0
1 0 0 0 0 0 0
4 -1076 7168 -1696 -2891 -836 2025
1 0 0 0 0 0 0
4 0 0 0 0 0 0
2 0 0 0 0 0 0
3 0 0 0 0 0 0
3 -1080 -7206 -4186 -27 5835 6678
1 0 0 0 0 0 0
2 0 0 0 0 0 0
4 -738 9370 -508 1957 7696 -5045
1 0 0 0 0 0 0
3 1872 -9266 -3728 -2654 9325 8227
4 0 0 0 0 0 0
2 0 0 0 0 0 0
1 0 0 0 0 0 0
3 296 -9430 -3278 -4122 4368 5516
4 2122 8900 2392 4109 977 -2012
2 0 0 0 0 0 0
3 560 -8768 -1944 -2697 11855 6378
1 0 0 0 0 0 0
4 0 0 0 0 0 0
2 0 0 0 0 0 0
3 784 -7278 -2600 -233 6144 3062
2 0 0 0 0 0 0
4 0 0 0 0 0 0
1 0 0 0 0 0 0
1 0 0 0 0 0 0
3 0 0 0 0 0 0
4 -44 7850 428 -412 3776 1296
2 0 0 0 0 0 0

4 -4694 19464 -11406 18311 -26474 11791
1 0 0 0 0 0 0
3 6382 -18660 -16924 -9851 -11762 -23858
2 0 0 0 0 0 0
1 0 0 0 0 0 0
3 -7524 -15058 -11100 -29123 -16412 -12288
2 0 0 0 0 0 0
4 -12090 15816 -2348 24917 -13402 -16578
3 -5318 -10970 -3400 -28245 -5335 6854
2 0 0 0 0 0 0
1 0 0 0 0 0 0
4 -5510 13376 1640 19196 16752 -22041
3 -2004 -5436 1928 -19592 -5876 12047
1 0 0 0 0 0 0
4 192 5734 2888 17486 10274 -13386
2 0 0 0 0 0 0
3 -764 -3002 330 -7361 -14753 13547
1 0 0 0 0 0 0
2 0 0 0 0 0 0
4 0 0 0 0 0 0
2 0 0 0 0 0 0
1 0 0 0 0 0 0
4 278 10558 -160 -9926 -3915 -21032
3 106 -9890 -3342 10982 -15676 17065
2 0 0 0 0 0 0
1 0 0 0 0 0 0
4 6676 18488 2696 -12741 -10068 -22223
3 14446 -30348 -5682 17452 -3835 28124
4 4466 20834 -2638 -18625 -7626 -13640
3 6680 -16992 -9418 12501 -14043 6817
1 0 0 0 0 0 0
2 0 0 0 0 0 0
1 0 0 0 0 0 0
3 750 -11658 -8894 6446 -9022 3875
2 0 0 0 0 0 0
4 7614 16580 -5324 -7369 14955 -9171
4 3816 8362 -5126 4025 -10084 -1282
1 0 0 0 0 0 0
3 0 0 0 0 0 0
2 0 0 0 0 0 0
4 1152 7174 -1418 3914 -13358 2523
1 0 0 0 0 0 0
2 0 0 0 0 0 0
3 244 -7062 -6626 1020 -8978 -1711
4 -650 8692 -1278 3278 -11298 2759
3 -308 -7610 -4774 -5319 -2411 -282
1 0 0 0 0 0 0
2 0 0 0 0 0 0
3 0 0 0 0 0 0
2 0 0 0 0 0 0
4 0 0 0 0 0 0
1 0 0 0 0 0 0
2 0 0 0 0 0 0
1 0 0 0 0 0 0
4 366 8380 -872 1598 6740 561
3 0 0 0 0 0 0
3 0 0 0 0 0 0
1 0 0 0 0 0 0
2 0 0 0 0 0 0
4 -820 7662 -788 2214 -1033 984
2 0 0 0 0 0 0
4 0 0 0 0 0 0
1 0 0 0 0 0 0
3 -132 -7256 -3784 -2736 2142 87
2 0 0 0 0 0 0
1 0 0 0 0 0 0
4 722 7964 -1076 1362 -4766 936
3 -164 -6632 -3642 -853 828 503
4 -114 7814 -1310 -213 -3039 628
3 0 0 0 0 0 0
1 0 0 0 0 0 0
2 0 0 0 0 0 0
1 0 0 0 0 0 0
4 0 0 0 0 0 0
3 0 0 0 0 0 0
2 0 0 0 0 0 0
1 0 0 0 0 0 0
2 0 0 0 0 0 0
3 0 0 0 0 0 0
4 0 0 0 0 0 0

3 7010 -12690 -284 6658 -10903 -8500
4 8288 11080 2668 -5113 -16849 4777
2 0 0 0 0 0 0
1 0 0 0 0 0 0
2 0 0 0 0 0 0
3 11660 -16174 -7386 786 -12652 -13616
1 0 0 0 0 0 0
4 8602 17218 -4208 3703 -26737 11833
3 -4102 -14486 -17210 -23035 -19263 -19496
1 0 0 0 0 0 0
4 -8914 14336 -9462 18660 -30407 7115
2 0 0 0 0 0 0
2 0 0 0 0 0 0
1 0 0 0 0 0 0
3 -8480 -16282 -11996 -31805 -7559 19
4 -10272 14808 -3688 22156 -1154 -16214
3 -4944 -10214 -1682 -24042 -4750 15065
4 -4408 12020 1854 21535 12218 -20592
2 0 0 0 0 0 0
1 0 0 0 0 0 0
3 -1212 -3614 -20 -13830 -7409 13282
1 0 0 0 0 0 0
2 0 0 0 0 0 0
4 336 4382 2212 14818 1361 -15516
4 408 5098 826 -935 -6742 -18846
2 0 0 0 0 0 0
1 0 0 0 0 0 0
3 0 0 0 0 0 0
2 0 0 0 0 0 0
3 3936 -13226 -3440 3416 -4304 22919
1 0 0 0 0 0 0
4 7360 13550 1574 -6043 476 -19425
1 0 0 0 0 0 0
3 2180 -15702 -3242 8571 -23826 15112
2 0 0 0 0 0 0
4 2246 17024 1586 -12578 -6792 -19877
2 0 0 0 0 0 0
1 0 0 0 0 0 0
3 10416 -18198 -7510 10520 -1650 13236
4 9432 20182 2932 -9497 13723 -19816
1 0 0 0 0 0 0
2 0 0 0 0 0 0
3 4182 -9216 -6948 5034 -12169 2160
4 5688 14328 -3620 -8328 -4498 -9284
4 3538 9346 -1638 4143 -21465 -1091
1 0 0 0 0 0 0
3 1744 -7076 -6060 3176 -9830 -1732
2 0 0 0 0 0 0
4 -2954 7148 -2024 8061 -17055 921
3 0 0 0 0 0 0
2 0 0 0 0 0 0
1 0 0 0 0 0 0
2 0 0 0 0 0 0
4 86 7292 -850 4041 1701 412
1 0 0 0 0 0 0
3 -1010 -7254 -4056 -5133 -6765 -1450
3 0 0 0 0 0 0
1 0 0 0 0 0 0
4 380 8214 -400 1787 3212 -550
2 0 0 0 0 0 0
2 0 0 0 0 0 0
4 0 0 0 0 0 0
3 724 -7836 -3338 -485 8011 2544
1 0 0 0 0 0 0
3 922 -7916 -3692 -1555 1702 -457
1 0 0 0 0 0 0
2 0 0 0 0 0 0
4 0 0 0 0 0 0
1 0 0 0 0 0 0
2 0 0 0 0 0 0
3 0 0 0 0 0 0
4 250 7754 -798 1287 490 304
3 276 -7010 -3796 132 171 -30
2 0 0 0 0 0 0
4 0 0 0 0 0 0
1 0 0 0 0 0 0
2 0 0 0 0 0 0
3 0 0 0 0 0 0
4 0 0 0 0 0 0
1 0 0 0 0 0 0

4 0 0 0 0 0 0
3 2798 -8840 -2588 2990 -3561 -4440
4 4118 9264 554 -1747 -4371 2574
1 0 0 0 0 0 0
2 0 0 0 0 0 0
1 0 0 0 0 0 0
3 2130 -10702 -2106 4755 -6163 -9455
4 3310 10742 582 -3669 -11544 7635
2 0 0 0 0 0 0
2 0 0 0 0 0 0
3 5598 -13260 -6530 783 -18850 -19746
4 5932 13972 -4650 -3527 -10532 12877
1 0 0 0 0 0 0
3 -1328 -9564 -15752 -17677 -18192 -19893
2 0 0 0 0 0 0
4 -3364 13108 -14722 16622 -27047 15225
1 0 0 0 0 0 0
3 0 0 0 0 0 0
2 0 0 0 0 0 0
1 0 0 0 0 0 0
4 -8062 14758 -6636 31507 -14142 -5972
1 0 0 0 0 0 0
3 -4554 -5988 -7252 -24956 -2535 10681
2 0 0 0 0 0 0
4 -2778 5814 -1108 19677 5367 -18229
3 -2404 -4082 -1608 -15171 -4923 12160
4 -2130 3506 322 9977 -145 -13673
1 0 0 0 0 0 0
2 0 0 0 0 0 0
4 -1946 5748 378 -3031 -3734 -18510
2 0 0 0 0 0 0
1 0 0 0 0 0 0
3 0 0 0 0 0 0
2 0 0 0 0 0 0
3 126 -10568 -4044 12505 -11963 20056
4 4248 15122 2378 -14476 19578 -21584
1 0 0 0 0 0 0
4 7894 18830 370 -7034 -32768 -12531
1 0 0 0 0 0 0
3 7008 -26500 -6262 12674 3434 27691
2 0 0 0 0 0 0
2 0 0 0 0 0 0
4 3652 17796 -3612 -17623 4734 -10402
1 0 0 0 0 0 0
3 11064 -14976 -3086 2808 -6038 9757
3 2448 -11452 -5842 5267 -22133 -2036
4 3568 14030 -4694 -8300 -288 -6137
1 0 0 0 0 0 0
2 0 0 0 0 0 0
3 -192 -7706 -6582 8321 -12272 -3130
2 0 0 0 0 0 0
1 0 0 0 0 0 0
4 498 9300 -3476 -5223 3171 -2902
1 0 0 0 0 0 0
3 -1948 -7052 -6124 6865 -2891 -1095
2 0 0 0 0 0 0
4 982 7418 -2722 -2083 -7904 480
2 0 0 0 0 0 0
4 0 0 0 0 0 0
1 0 0 0 0 0 0
3 -50 -6924 -6236 1799 2408 289
2 0 0 0 0 0 0
3 -70 -8684 -4444 -7346 -1609 -202
4 -752 8974 -2074 4089 -408 560
1 0 0 0 0 0 0
2 0 0 0 0 0 0
4 50 9332 -512 7592 5743 1084
1 0 0 0 0 0 0
3 -814 -9306 -2490 -10465 -4242 -173
2 0 0 0 0 0 0
1 0 0 0 0 0 0
4 -44 8370 -402 6778 800 1788
3 0 0 0 0 0 0
4 -702 7634 -404 3981 1842 906
1 0 0 0 0 0 0
3 0 0 0 0 0 0
2 0 0 0 0 0 0
1 0 0 0 0 0 0
3 626 -6338 -3504 -541 -24 -769
2 0 0 0 0 0 0

4 48 7904 -1434 -2600 33 -724
3 56 -7316 -4140 2282 -788 287
4 0 0 0 0 0 0
2 0 0 0 0 0 0
1 0 0 0 0 0 0
4 0 0 0 0 0 0
3 0 0 0 0 0 0
1 0 0 0 0 0 0
2 0 0 0 0 0 0
4 0 0 0 0 0 0
2 0 0 0 0 0 0
3 0 0 0 0 0 0
1 0 0 0 0 0 0
1 0 0 0 0 0 0
3 0 0 0 0 0 0
2 0 0 0 0 0 0
4 0 0 0 0 0 0
3 506 -10046 -1768 -638 -9741 -3769
4 808 9122 816 -447 -8030 1233
1 0 0 0 0 0 0
2 0 0 0 0 0 0
3 0 0 0 0 0 0
1 0 0 0 0 0 0
2 0 0 0 0 0 0
4 4108 9708 2698 -870 -13641 3616
4 6642 13010 -230 -903 -13661 8284
4 10296 16780 -10238 13351 -16906 20806
2 0 0 0 0 0 0
2 0 0 0 0 0 0
3 9096 -14244 -5922 89 -15520 -16969
4 -4094 17080 -10704 31270 -32768 12996
1 0 0 0 0 0 0
2 0 0 0 0 0 0
3 5116 -14490 -15288 -17508 -21018 -23397
4 -8040 10046 5356 16974 3630 -22260
1 0 0 0 0 0 0
2 0 0 0 0 0 0
3 0 0 0 0 0 0
1 0 0 0 0 0 0
4 -3500 5918 1306 13029 7266 -17789
2 0 0 0 0 0 0
3 -8702 -10344 -3458 -20695 -2644 16817
1 0 0 0 0 0 0
3 -2840 -8018 -526 -17137 92 19399
1 0 0 0 0 0 0
4 -778 4318 954 4295 -10873 -16457
1 0 0 0 0 0 0
3 -476 -4024 -492 -9940 -10587 14344
2 0 0 0 0 0 0
3 -4098 -14054 -6512 12514 -27663 15740
4 -4400 18238 -820 -16835 -14993 -22310
2 0 0 0 0 0 0
1 0 0 0 0 0 0
4 7796 26104 -682 -13339 6663 -27908
1 0 0 0 0 0 0
2 0 0 0 0 0 0
3 8910 -32768 -6724 17414 9064 32767
3 2482 -13290 -12194 13128 -29139 1170
2 0 0 0 0 0 0
4 7578 16562 -11922 -13183 -24900 -6998
1 0 0 0 0 0 0
3 7344 -8718 -13278 9024 -4749 4328
2 0 0 0 0 0 0
1 0 0 0 0 0 0
4 1998 11014 -9256 -5832 -7691 -2390
3 696 -8356 -5636 -3685 -2312 -756
4 1114 8064 -1982 5708 -1936 6
1 0 0 0 0 0 0
2 0 0 0 0 0 0
4 0 0 0 0 0 0
1 0 0 0 0 0 0
2 0 0 0 0 0 0
3 238 -8226 -4968 -7670 -4940 -2791
2 0 0 0 0 0 0
3 -1000 -8780 -2752 -3564 2324 -585
1 0 0 0 0 0 0
4 -984 8578 -1150 4367 4324 1090
3 0 0 0 0 0 0
2 0 0 0 0 0 0
1 0 0 0 0 0 0

1 0 0 0 0 0 0
3 308 -8892 -3000 5160 -7594 -2389
2 0 0 0 0 0 0
4 0 0 0 0 0 0
1 0 0 0 0 0 0
4 0 0 0 0 0 0
3 1186 -10632 -1358 6332 -5568 -2914
2 0 0 0 0 0 0
3 5666 -14068 96 4010 -26293 -15247
1 0 0 0 0 0 0
4 6386 13138 3296 -5983 -20565 5920
2 0 0 0 0 0 0
2 0 0 0 0 0 0
4 2848 14940 -6828 4895 -20986 14962
1 0 0 0 0 0 0
3 3918 -13022 -12816 -10366 -22180 -20071
2 0 0 0 0 0 0
3 -4310 -10094 -9948 -25295 -16212 -7977
1 0 0 0 0 0 0
4 -3840 11138 -8278 22317 -19359 8747
3 -6462 -4004 -11090 -24913 -6944 7951
1 0 0 0 0 0 0
4 -4218 10448 -12302 29596 -18767 -3512
2 0 0 0 0 0 0
1 0 0 0 0 0 0
4 -3672 2236 -2628 21531 2513 -13814
2 0 0 0 0 0 0
3 -3376 -1432 -7450 -21927 -7660 9756
2 0 0 0 0 0 0
3 -1994 -2378 -2246 -10471 -6792 11868
4 -312 2604 -484 8178 -1668 -12561
1 0 0 0 0 0 0
3 -1832 -3808 -694 463 -4955 18272
4 -1202 5488 1368 -3197 1528 -17395
1 0 0 0 0 0 0
2 0 0 0 0 0 0
2 0 0 0 0 0 0
4 4920 5942 1272 -4636 9492 -14728
1 0 0 0 0 0 0
3 0 0 0 0 0 0
4 2886 10760 888 -5403 -16413 -15729
2 0 0 0 0 0 0
3 5936 -12242 -2556 3141 -8172 17412
1 0 0 0 0 0 0
1 0 0 0 0 0 0
2 0 0 0 0 0 0
4 8222 15682 -1348 -7317 2847 -14627
3 7498 -14376 -4774 5473 -15727 13409
1 0 0 0 0 0 0
3 0 0 0 0 0 0
2 0 0 0 0 0 0
4 8990 14404 -3960 -8609 2387 -12405
1 0 0 0 0 0 0
2 0 0 0 0 0 0
4 5078 11620 -4396 -4531 -13101 -6471
3 4102 -9762 -8774 6212 -8959 3734
2 0 0 0 0 0 0
1 0 0 0 0 0 0
4 -1008 8700 -2908 -2102 -14228 -2784
3 -594 -8114 -6562 2618 -19277 -3547
3 -484 -6478 -6202 1674 -6893 -2019
1 0 0 0 0 0 0
4 -646 7634 -3296 -2928 -608 -1461
2 0 0 0 0 0 0
1 0 0 0 0 0 0
2 0 0 0 0 0 0
3 -820 -7146 -5246 -497 -1635 -279
4 -286 8266 -2670 -1173 -229 -256
2 0 0 0 0 0 0
3 0 0 0 0 0 0
4 -336 8462 -440 3301 2481 599
1 0 0 0 0 0 0
3 0 0 0 0 0 0
1 0 0 0 0 0 0
4 -886 7980 1434 2308 1279 1623
2 0 0 0 0 0 0
4 6 8238 1092 -789 -5559 397
3 0 0 0 0 0 0
1 0 0 0 0 0 0
2 0 0 0 0 0 0

3 4096 -13500 -916 7369 -6800 -8254
2 0 0 0 0 0 0
4 -1780 11836 4670 -10329 -2738 1543
1 0 0 0 0 0 0
3 7088 -13934 -3446 1128 -20040 -16931
4 4190 14242 4820 -10360 -9391 3401
2 0 0 0 0 0 0
1 0 0 0 0 0 0
4 9590 13918 1418 -3369 -29914 13961
2 0 0 0 0 0 0
3 -1594 -8864 -9822 -12858 -26794 -18997
1 0 0 0 0 0 0
4 -22360 8466 680 32767 -32768 373
2 0 0 0 0 0 0
1 0 0 0 0 0 0
3 -27118 -2374 -13490 -26662 -22348 14678
2 0 0 0 0 0 0
4 -7706 12932 -18038 18789 -21870 -27895
3 -4122 -12168 -22274 -28501 -23574 25017
1 0 0 0 0 0 0
2 0 0 0 0 0 0
3 3540 -2760 -6382 -16385 -703 11908
1 0 0 0 0 0 0
4 1716 7326 -5804 5610 2542 -20882
2 0 0 0 0 0 0
3 -1446 -5030 622 2790 -7870 14240
4 0 0 0 0 0 0
1 0 0 0 0 0 0
2 0 0 0 0 0 0
4 2338 5712 668 2132 13160 -12800
1 0 0 0 0 0 0
3 0 0 0 0 0 0
2 0 0 0 0 0 0
4 2836 4624 4486 1859 -24763 -14923
3 1208 -10560 -2070 3301 -12090 17430
1 0 0 0 0 0 0
2 0 0 0 0 0 0
3 8570 -16762 -1698 2159 -2657 22119
4 5930 19228 3652 -11011 21212 -20643
1 0 0 0 0 0 0
2 0 0 0 0 0 0
1 0 0 0 0 0 0
3 9512 -17656 -6488 4401 -15604 9958
4 6612 18302 2032 -6412 -11494 -19074
2 0 0 0 0 0 0
4 6336 17728 -7000 -5587 -25929 -7708
1 0 0 0 0 0 0
3 5084 -11690 -9984 8791 -12520 1775
2 0 0 0 0 0 0
4 -3714 8962 -4444 -5318 -9295 -108
3 -2156 -8296 -6402 6659 -12578 -2070
1 0 0 0 0 0 0
2 0 0 0 0 0 0
4 -594 8418 -3252 -2364 3453 -519
1 0 0 0 0 0 0
3 -896 -7432 -6768 4978 -4056 -1250
2 0 0 0 0 0 0
4 0 0 0 0 0 0
3 858 -7938 -5150 -2152 -8880 -1870
1 0 0 0 0 0 0
2 0 0 0 0 0 0
4 -362 8296 -212 5498 -6608 703
1 0 0 0 0 0 0
3 256 -7612 -3494 -6239 -3370 -271
2 0 0 0 0 0 0
3 -606 -8062 -2902 -4187 334 263
1 0 0 0 0 0 0
4 -796 8380 650 3888 1644 350
2 0 0 0 0 0 0
1 0 0 0 0 0 0
4 0 0 0 0 0 0
3 -1108 -8404 -3208 -4674 4129 1802
2 0 0 0 0 0 0
4 -876 8242 -766 1410 5625 -453
1 0 0 0 0 0 0
3 0 0 0 0 0 0
2 0 0 0 0 0 0
1 0 0 0 0 0 0
3 224 -6646 -3726 -2070 572 555
4 222 7940 -1102 809 2243 -298

2 0 0 0 0 0 0
4 744 7874 -242 -1101 72 144
3 -830 -7838 -3812 -1779 -1020 -908
1 0 0 0 0 0 0
2 0 0 0 0 0 0
1 0 0 0 0 0 0
3 316 -8350 -1304 692 -3909 -2635
4 364 8952 1316 177 -3941 405
3 796 -10618 -470 4979 -18429 -10832
4 2184 8836 5144 -1168 -18100 1286
2 0 0 0 0 0 0
1 0 0 0 0 0 0
4 6806 13496 3418 -6257 -18772 6027
2 0 0 0 0 0 0
3 3768 -12782 -3684 2140 -14202 -13060
1 0 0 0 0 0 0
3 3160 -13118 -11628 -8059 -21317 -17458
2 0 0 0 0 0 0
4 9246 17902 -5284 4056 -25198 15745
1 0 0 0 0 0 0
3 -5210 -11786 -16660 -18844 -4095 -7321
1 0 0 0 0 0 0
2 0 0 0 0 0 0
4 -8170 16410 -7616 27174 -32768 8049
2 0 0 0 0 0 0
1 0 0 0 0 0 0
3 -6840 -12524 -9952 -27688 2673 6322
4 -9758 10160 -948 22490 3851 -14876
3 -4774 -9692 -5224 -25900 -5874 10330
2 0 0 0 0 0 0
1 0 0 0 0 0 0
4 -3300 6440 -110 14464 -4054 -18418
1 0 0 0 0 0 0
3 -884 -5216 -2404 -16031 -4717 13704
4 -1536 5352 -210 3045 5795 -17011
2 0 0 0 0 0 0
1 0 0 0 0 0 0
4 3170 8818 -136 -3306 7287 -19898
2 0 0 0 0 0 0
3 1448 -6700 -2672 -5472 -257 18402
3 4390 -10068 -1904 -1506 -3988 18219
1 0 0 0 0 0 0
2 0 0 0 0 0 0
4 8406 8560 1474 -930 -1048 -13734
2 0 0 0 0 0 0
1 0 0 0 0 0 0
3 9044 -18236 -908 -1025 5547 19572
4 3630 14210 702 -6110 -11523 -13204
2 0 0 0 0 0 0
3 0 0 0 0 0 0
1 0 0 0 0 0 0
4 8018 16204 -4256 -14768 -635 -12634
3 0 0 0 0 0 0
4 11716 14638 -3714 -9450 5548 -6632
1 0 0 0 0 0 0
2 0 0 0 0 0 0
1 0 0 0 0 0 0
4 2534 9450 -1636 -4313 17 -1244
3 616 -8236 -7676 4196 -17221 1059
2 0 0 0 0 0 0
3 -114 -8054 -6094 1123 -7756 1833
2 0 0 0 0 0 0
4 0 0 0 0 0 0
1 0 0 0 0 0 0
3 -958 -7220 -4914 -815 -3779 440
4 902 7594 346 -2268 -757 -702
2 0 0 0 0 0 0
1 0 0 0 0 0 0
1 0 0 0 0 0 0
3 0 0 0 0 0 0
2 0 0 0 0 0 0
4 0 0 0 0 0 0
2 0 0 0 0 0 0
1 0 0 0 0 0 0
4 0 0 0 0 0 0
3 0 0 0 0 0 0
1 0 0 0 0 0 0
3 -2452 -7702 -3368 -1756 -411 -661
4 0 0 0 0 0 0
2 0 0 0 0 0 0

4 386 8612 -916 3404 -3215 819
4 0 0 0 0 0 0
3 1984 -8920 -824 -1910 -3336 -1996
2 0 0 0 0 0 0
1 0 0 0 0 0 0
4 2268 7380 3158 -749 -7089 1007
1 0 0 0 0 0 0
3 6850 -10616 138 7702 -11050 -8838
2 0 0 0 0 0 0
4 5574 13408 3648 -11118 -17054 8106
3 6344 -16022 -7316 5169 -16619 -20290
1 0 0 0 0 0 0
2 0 0 0 0 0 0
4 3154 19960 -5296 -2338 -27451 18127
1 0 0 0 0 0 0
2 0 0 0 0 0 0
3 1302 -15680 -15410 -17928 -31875 -22385
4 -470 16868 -11338 20803 -30246 13824
2 0 0 0 0 0 0
1 0 0 0 0 0 0
3 -14102 -11118 -12968 -25683 -2765 1860
4 -17202 9396 -2348 26811 -11837 -11884
2 0 0 0 0 0 0
1 0 0 0 0 0 0
3 -4240 -12056 -7994 -31947 1853 11852
4 -2922 6474 0 15522 2732 -20602
2 0 0 0 0 0 0
1 0 0 0 0 0 0
3 120 -6286 -928 -20418 -1234 9392
4 -2990 5040 608 5123 6980 -17123
2 0 0 0 0 0 0
3 2016 -5324 -548 -8398 -8788 12764
1 0 0 0 0 0 0
4 1244 8806 252 515 11314 -19225
1 0 0 0 0 0 0
2 0 0 0 0 0 0
3 2048 -8662 -658 -1254 -7948 18310
4 3740 10560 1380 1883 -1025 -17775
3 0 0 0 0 0 0
2 0 0 0 0 0 0
4 6232 11640 2584 -714 -14816 -15044
1 0 0 0 0 0 0
2 0 0 0 0 0 0
3 6838 -13868 -4488 3640 -10481 15650
1 0 0 0 0 0 0
4 4258 18718 -4220 -13478 -14026 -13516
2 0 0 0 0 0 0
3 9004 -13940 -9428 9445 -13457 7691
1 0 0 0 0 0 0
4 9852 17280 -4180 -7134 -3741 -8703
2 0 0 0 0 0 0
1 0 0 0 0 0 0
4 -516 8866 -2614 -4626 -16223 1607
3 1790 -8888 -7188 3066 -19499 -3230
2 0 0 0 0 0 0
3 -1472 -6890 -5386 2296 -9321 -2724
1 0 0 0 0 0 0
4 -1626 8424 -2972 -4909 7423 -14
2 0 0 0 0 0 0
1 0 0 0 0 0 0
3 -1206 -7176 -5082 2741 -733 -156
4 430 8758 -2208 575 2932 569
2 0 0 0 0 0 0
1 0 0 0 0 0 0
3 142 -7426 -4988 924 1816 872
4 0 0 0 0 0 0
2 0 0 0 0 0 0
3 0 0 0 0 0 0
4 0 0 0 0 0 0
1 0 0 0 0 0 0
3 -746 -7864 -4272 -3240 2689 156
2 0 0 0 0 0 0
1 0 0 0 0 0 0
4 0 0 0 0 0 0
1 0 0 0 0 0 0
2 0 0 0 0 0 0
3 0 0 0 0 0 0
2 0 0 0 0 0 0
3 0 0 0 0 0 0
1 0 0 0 0 0 0

1 0 0 0 0 0 0
4 4716 15352 1402 -2510 -22573 10511
2 0 0 0 0 0 0
3 3400 -15156 -8508 -9775 -24084 -20142
4 4376 15524 -9612 18323 -32768 13606
1 0 0 0 0 0 0
2 0 0 0 0 0 0
1 0 0 0 0 0 0
3 -13240 -9252 -11300 -28195 -18836 -5371
4 -13070 13968 -8650 28000 -8845 -1810
3 -6640 -9496 -6378 -26052 -3187 15382
1 0 0 0 0 0 0
2 0 0 0 0 0 0
4 -6466 8892 -3390 23091 -1815 -17811
2 0 0 0 0 0 0
3 -2324 -4794 -2966 -16500 -7129 15409
4 -568 3394 -1876 14180 -942 -15342
1 0 0 0 0 0 0
2 0 0 0 0 0 0
3 54 -3620 -2494 -6650 1596 15525
1 0 0 0 0 0 0
4 -1114 3468 -786 1378 961 -15242
3 0 0 0 0 0 0
2 0 0 0 0 0 0
4 1648 9112 774 -4958 6372 -20694
1 0 0 0 0 0 0
2 0 0 0 0 0 0
4 9954 9168 -798 -1152 -20198 -9991
1 0 0 0 0 0 0
3 10784 -7738 -1186 -1794 -5427 13099
2 0 0 0 0 0 0
3 1236 -9884 -5054 9469 -23370 9809
1 0 0 0 0 0 0
4 3804 10224 -2284 -11293 -7957 -12276
2 0 0 0 0 0 0
4 4348 17452 -5774 -15233 2626 -12984
1 0 0 0 0 0 0
3 4578 -16338 -9230 13465 -5903 14053
2 0 0 0 0 0 0
1 0 0 0 0 0 0
4 5340 13896 -3890 -9639 2872 -10164
3 6274 -13550 -8574 11247 -879 7490
3 1584 -9824 -7184 7586 -4835 2661
2 0 0 0 0 0 0
4 2182 10172 -2868 -4774 -22922 -2415
1 0 0 0 0 0 0
3 402 -7634 -6238 4394 -4226 1289
2 0 0 0 0 0 0
4 458 8820 -3242 -6643 4646 -1675
1 0 0 0 0 0 0
2 0 0 0 0 0 0
4 1216 8484 -2934 -1304 -1046 682
3 0 0 0 0 0 0
1 0 0 0 0 0 0
2 0 0 0 0 0 0
4 0 0 0 0 0 0
3 160 -7558 -4912 -3484 -595 -490
1 0 0 0 0 0 0
3 92 -8700 -4062 -5722 3127 -447
4 364 9368 638 7171 -843 2697
1 0 0 0 0 0 0
2 0 0 0 0 0 0
3 0 0 0 0 0 0
2 0 0 0 0 0 0
1 0 0 0 0 0 0
4 0 0 0 0 0 0
2 0 0 0 0 0 0
3 0 0 0 0 0 0
4 -1304 8252 82 3315 2874 446
1 0 0 0 0 0 0
3 -792 -6828 -3344 -2716 2977 313
2 0 0 0 0 0 0
1 0 0 0 0 0 0
4 0 0 0 0 0 0
2 0 0 0 0 0 0
1 0 0 0 0 0 0
3 -42 -6584 -3622 948 1541 659
4 -166 7392 -864 -539 1887 -911
3 0 0 0 0 0 0
2 0 0 0 0 0 0

2 0 0 0 0 0 0
1 0 0 0 0 0 0
3 2732 -11498 -1242 3990 -8214 -6892
4 2104 11446 3054 -5488 -12825 4349
1 0 0 0 0 0 0
2 0 0 0 0 0 0
1 0 0 0 0 0 0
4 4710 14864 1028 -3955 -17774 9289
3 5484 -13608 -3246 1279 -14755 -13008
2 0 0 0 0 0 0
4 6684 14646 -7140 7121 -20820 14312
3 2904 -10868 -12110 -11176 -25073 -18394
1 0 0 0 0 0 0
2 0 0 0 0 0 0
4 -4514 12848 -10488 26242 -20919 9019
3 -9544 -10542 -12552 -29827 -20226 -3915
2 0 0 0 0 0 0
3 -6428 -8562 -6582 -23968 -11116 17167
1 0 0 0 0 0 0
4 -5188 9846 -7514 28190 -8706 -10174
3 -1614 -1624 -4066 -15929 -4937 13649
2 0 0 0 0 0 0
4 -1604 3376 -1756 15024 687 -14947
1 0 0 0 0 0 0
1 0 0 0 0 0 0
3 -722 -1052 -1256 -4658 -9214 11987
2 0 0 0 0 0 0
4 -1082 3332 -506 4173 -1109 -15252
2 0 0 0 0 0 0
4 -1160 8002 186 -2714 5794 -20152
1 0 0 0 0 0 0
3 -268 -5896 -2504 5399 -1457 19241
4 6718 10776 282 930 7023 -17434
3 4344 -9820 -2374 3581 -2710 19789
2 0 0 0 0 0 0
1 0 0 0 0 0 0
2 0 0 0 0 0 0
3 5702 -12922 -3938 4130 -14853 13380
1 0 0 0 0 0 0
4 5520 11412 2114 -1654 -11622 -15371
3 8184 -13888 -6926 7234 -5729 14504
2 0 0 0 0 0 0
4 7888 13804 -658 -7055 81 -14875
1 0 0 0 0 0 0
3 4084 -12250 -7430 8277 -15701 5905
2 0 0 0 0 0 0
1 0 0 0 0 0 0
4 6518 16412 -2452 -8636 -3388 -10596
3 3126 -9492 -6756 4734 -3364 3640
1 0 0 0 0 0 0
4 1514 10978 -3304 -4646 -19858 -3073
2 0 0 0 0 0 0
2 0 0 0 0 0 0
4 -386 8406 -3270 -4210 -835 -1404
3 216 -7458 -5404 2648 -10584 -1395
1 0 0 0 0 0 0
3 -128 -7370 -5042 1688 -3068 -274
4 -188 8792 -2460 193 457 -671
2 0 0 0 0 0 0
1 0 0 0 0 0 0
2 0 0 0 0 0 0
1 0 0 0 0 0 0
4 -142 8222 -2118 3478 -1110 453
3 -258 -7394 -4440 -1379 -2564 -962
3 162 -8068 -4032 -2983 2767 -416
2 0 0 0 0 0 0
1 0 0 0 0 0 0
4 -84 8704 -1078 5310 1428 1217
4 0 0 0 0 0 0
2 0 0 0 0 0 0
3 0 0 0 0 0 0
1 0 0 0 0 0 0
4 0 0 0 0 0 0
3 0 0 0 0 0 0
2 0 0 0 0 0 0
1 0 0 0 0 0 0
3 -450 -7162 -3050 -3578 1367 -801
1 0 0 0 0 0 0
2 0 0 0 0 0 0
4 -680 7506 -588 2528 400 1535

2 0 0 0 0 0 0
4 0 0 0 0 0 0
3 -2 -8152 -1422 3234 -5227 -1131
1 0 0 0 0 0 0
4 1300 10002 3010 -5912 -8742 1467
3 366 -11086 -548 5589 -9349 -3786
1 0 0 0 0 0 0
2 0 0 0 0 0 0
2 0 0 0 0 0 0
1 0 0 0 0 0 0
3 2070 -12682 812 7479 -9723 -6912
4 3176 12564 4192 -7647 -14479 4536
4 7068 16678 -1586 -3230 -22350 12373
2 0 0 0 0 0 0
3 9822 -15804 -2268 6466 -18129 -14836
1 0 0 0 0 0 0
2 0 0 0 0 0 0
1 0 0 0 0 0 0
3 2496 -14790 -12872 -16933 -30509 -23735
4 3322 17634 -9572 22146 -30209 13802
2 0 0 0 0 0 0
4 -17216 8306 -2506 28178 -22618 -14624
3 -5538 -7436 -12684 -27348 -6508 1826
1 0 0 0 0 0 0
3 -7230 -7150 -4656 -18272 -4278 18175
1 0 0 0 0 0 0
2 0 0 0 0 0 0
4 -1790 5362 -1200 15472 2740 -23955
4 -2210 2234 -1464 4203 -7223 -15311
3 -2212 -5658 -4250 -13258 -4559 15600
2 0 0 0 0 0 0
1 0 0 0 0 0 0
2 0 0 0 0 0 0
3 0 0 0 0 0 0
1 0 0 0 0 0 0
4 -1536 9472 -1484 -9091 4827 -17491
2 0 0 0 0 0 0
4 2752 15932 720 -8045 18149 -23389
1 0 0 0 0 0 0
3 6852 -15360 -1292 -938 1417 20526
2 0 0 0 0 0 0
3 10022 -12762 -4466 7923 -9952 16509
1 0 0 0 0 0 0
4 8954 13752 1040 -3255 2716 -17485
2 0 0 0 0 0 0
1 0 0 0 0 0 0
3 9418 -10586 -8076 7218 -14193 9629
4 4662 14368 -2454 -6202 -23922 -11432
2 0 0 0 0 0 0
1 0 0 0 0 0 0
3 5846 -11626 -9928 8687 -9058 3214
4 4740 12570 -5664 -5133 -5987 -5886
2 0 0 0 0 0 0
4 3198 8858 -3078 -629 -8536 196
3 1572 -7576 -7148 5340 -3405 843
1 0 0 0 0 0 0
2 0 0 0 0 0 0
1 0 0 0 0 0 0
3 298 -7060 -5878 2959 -2714 -1006
4 -596 7184 -2404 -3279 -2538 1119
2 0 0 0 0 0 0
1 0 0 0 0 0 0
4 0 0 0 0 0 0
3 0 0 0 0 0 0
3 0 0 0 0 0 0
4 0 0 0 0 0 0
2 0 0 0 0 0 0
1 0 0 0 0 0 0
2 0 0 0 0 0 0
3 0 0 0 0 0 0
1 0 0 0 0 0 0
4 0 0 0 0 0 0
2 0 0 0 0 0 0
4 0 0 0 0 0 0
1 0 0 0 0 0 0
3 0 0 0 0 0 0
2 0 0 0 0 0 0
4 0 0 0 0 0 0
1 0 0 0 0 0 0
3 0 0 0 0 0 0

1 0 0 0 0 0 0
3 1786 -9588 94 4076 -6741 -2770
2 0 0 0 0 0 0
4 2426 9406 2666 -4774 -9562 2376
2 0 0 0 0 0 0
3 4684 -11620 638 7134 -10530 -7102
1 0 0 0 0 0 0
4 3156 11258 2502 -4780 -14925 6085
4 2876 12374 946 -1266 -19729 10281
2 0 0 0 0 0 0
3 3908 -14218 -1312 4408 -20436 -15051
1 0 0 0 0 0 0
2 0 0 0 0 0 0
4 3164 12776 -7054 8091 -20654 9931
1 0 0 0 0 0 0
3 6568 -11584 -11852 -9800 -22908 -17759
1 0 0 0 0 0 0
4 -9732 11574 -12188 23146 -26094 670
2 0 0 0 0 0 0
3 684 -9176 -17082 -24256 13780 -2196
2 0 0 0 0 0 0
4 -8166 10626 -3660 24666 -1126 -17907
1 0 0 0 0 0 0
3 -4052 -6452 -9260 -26895 -1032 -1517
1 0 0 0 0 0 0
3 -2738 -7618 -4716 -21102 -5429 3238
2 0 0 0 0 0 0
4 -3260 7388 48 15424 8611 -18124
2 0 0 0 0 0 0
3 -1096 -5128 -1372 -12390 -4028 13755
4 -866 5536 796 4893 2907 -18773
1 0 0 0 0 0 0
3 3462 -9452 -2082 -8457 2060 20088
1 0 0 0 0 0 0
2 0 0 0 0 0 0
4 1712 11418 958 -4393 12378 -23590
2 0 0 0 0 0 0
1 0 0 0 0 0 0
4 8162 9720 3172 2828 -13733 -12936
3 7268 -13046 -718 -6638 -4185 18597
1 0 0 0 0 0 0
3 6354 -15498 -878 -1819 -12867 13924
4 7182 14924 1488 -4533 -249 -14009
2 0 0 0 0 0 0
1 0 0 0 0 0 0
2 0 0 0 0 0 0
4 5976 15688 -1228 -8304 -1460 -11256
3 9098 -14894 -4098 2264 -12085 8961
1 0 0 0 0 0 0
4 0 0 0 0 0 0
2 0 0 0 0 0 0
3 6562 -9734 -7670 7557 -6218 2857
4 -430 8826 -3692 -3761 -11172 470
3 1868 -7534 -6176 4473 -13979 -3526
1 0 0 0 0 0 0
2 0 0 0 0 0 0
4 -912 8282 -2650 -2026 -3766 985
2 0 0 0 0 0 0
3 -956 -7370 -5036 2385 -7484 -2379
1 0 0 0 0 0 0
2 0 0 0 0 0 0
4 -916 8192 -2160 1025 1296 -182
1 0 0 0 0 0 0
3 -148 -7366 -4726 -113 91 265
3 0 0 0 0 0 0
1 0 0 0 0 0 0
2 0 0 0 0 0 0
4 68 8452 -1830 4277 855 -171
3 0 0 0 0 0 0
1 0 0 0 0 0 0
2 0 0 0 0 0 0
4 0 0 0 0 0 0
3 0 0 0 0 0 0
4 0 0 0 0 0 0
2 0 0 0 0 0 0
1 0 0 0 0 0 0
4 42 7846 -1246 2904 1612 399
3 0 0 0 0 0 0
1 0 0 0 0 0 0
2 0 0 0 0 0 0

4 378 8292 -32 -2168 -1824 -113
3 636 -7998 -2892 3566 -4091 -586
2 0 0 0 0 0 0
1 0 0 0 0 0 0
2 0 0 0 0 0 0
4 1400 8948 3002 -5766 -12349 2574
1 0 0 0 0 0 0
3 1678 -10102 -6 3022 -13108 -4167
2 0 0 0 0 0 0
4 3936 11272 3224 -5226 -20608 4847
1 0 0 0 0 0 0
3 4228 -11644 1180 1357 -18006 -8046
2 0 0 0 0 0 0
4 3136 13196 98 1817 -27925 10350
3 3512 -13698 -2018 -509 -19742 -15865
1 0 0 0 0 0 0
2 0 0 0 0 0 0
4 -726 12444 -6016 10560 -21550 8019
3 4658 -11200 -12732 -10995 -17808 -19016
1 0 0 0 0 0 0
2 0 0 0 0 0 0
3 -9634 -6076 -10702 -20176 -5510 -3172
1 0 0 0 0 0 0
4 0 0 0 0 0 0
2 0 0 0 0 0 0
3 -5284 -5062 -6898 -20047 2271 5598
1 0 0 0 0 0 0
4 -8002 10124 -3916 19309 4223 -15919
3 0 0 0 0 0 0
2 0 0 0 0 0 0
1 0 0 0 0 0 0
4 -1618 6356 -3524 17191 457 -17131
2 0 0 0 0 0 0
1 0 0 0 0 0 0
4 -592 2748 -722 10210 7648 -14284
3 -362 -2108 -3882 -13280 -3690 13241
2 0 0 0 0 0 0
3 1994 -3550 -1346 -6571 3827 15736
4 452 5944 -538 3771 3317 -20057
1 0 0 0 0 0 0
2 0 0 0 0 0 0
3 5200 -8252 -1790 -2496 -5772 16491
4 3926 12216 1742 -3617 7104 -22258
1 0 0 0 0 0 0
4 5918 14704 796 -7703 -4988 -17366
2 0 0 0 0 0 0
1 0 0 0 0 0 0
3 4372 -13350 -3028 4523 -15747 18659
2 0 0 0 0 0 0
3 9158 -16586 -4364 7647 -1760 18765
1 0 0 0 0 0 0
4 2834 15410 -858 -9482 -14373 -12876
2 0 0 0 0 0 0
4 3878 12898 -1958 -4946 -7218 -6371
3 9330 -13196 -6298 5185 -4489 8849
1 0 0 0 0 0 0
2 0 0 0 0 0 0
1 0 0 0 0 0 0
4 1226 9904 -1456 -4637 -5744 -3076
3 2528 -9084 -6260 3978 -10718 -238
2 0 0 0 0 0 0
1 0 0 0 0 0 0
4 0 0 0 0 0 0
3 634 -7238 -5368 3007 -3060 306
2 0 0 0 0 0 0
3 440 -7258 -4958 965 -1550 334
1 0 0 0 0 0 0
4 314 8332 -2564 -1435 -1579 713
1 0 0 0 0 0 0
1 0 0 0 0 0 0
2 0 0 0 0 0 0
3 0 0 0 0 0 0
2 0 0 0 0 0 0
3 548 -8390 -4168 -4954 129 -1766
4 -214 9270 -1924 5196 -1311 1431
4 -520 9356 -456 8775 38 1685
2 0 0 0 0 0 0
3 0 0 0 0 0 0
4 0 0 0 0 0 0
1 0 0 0 0 0 0

4 -746 6896 -766 -1251 890 155
3 16 -7240 -3402 118 -282 201
1 0 0 0 0 0 0
2 0 0 0 0 0 0
3 -146 -8316 -1642 3141 -8378 -2030
2 0 0 0 0 0 0
1 0 0 0 0 0 0
4 554 8188 -238 -3880 -3664 221
3 2438 -10544 -372 5925 -9332 -4339
4 810 9250 2984 -3265 -12124 783
1 0 0 0 0 0 0
2 0 0 0 0 0 0
4 7490 12656 4632 -7230 -17327 4483
3 5526 -14250 -1950 5794 -15770 -11790
2 0 0 0 0 0 0
1 0 0 0 0 0 0
4 4946 17452 -3422 -2269 -23567 15337
3 5828 -14174 -10094 -6501 -21922 -22589
2 0 0 0 0 0 0
1 0 0 0 0 0 0
3 -4772 -14546 -16862 -27354 -20987 -16348
4 -54 16024 -8962 16995 -25125 13639
1 0 0 0 0 0 0
2 0 0 0 0 0 0
4 -13904 11692 -7254 28736 -29300 -6754
2 0 0 0 0 0 0
1 0 0 0 0 0 0
3 -5542 -10022 -12206 -32768 -993 9043
4 -5498 9176 -370 14509 8811 -20977
3 -1362 -4758 -264 -25836 -2309 9616
2 0 0 0 0 0 0
1 0 0 0 0 0 0
4 -2888 6324 2470 7657 12413 -15882
3 -964 -2076 -936 -6459 -11550 5859
2 0 0 0 0 0 0
1 0 0 0 0 0 0
4 706 8924 4950 2912 15560 -19335
2 0 0 0 0 0 0
3 1114 -6574 -4556 7876 -13252 13365
1 0 0 0 0 0 0
4 5502 7202 5774 6778 -2285 -14297
2 0 0 0 0 0 0
3 4020 -11740 -5586 9195 -12780 16440
1 0 0 0 0 0 0
4 5124 10900 3252 -1556 -3610 -15790
1 0 0 0 0 0 0
3 4866 -16806 -8302 13550 -9690 14334
2 0 0 0 0 0 0
3 6224 -16374 -11986 16099 -7490 9046
2 0 0 0 0 0 0
1 0 0 0 0 0 0
4 9626 16066 2974 -4600 -3635 -15995
2 0 0 0 0 0 0
4 6828 13106 612 -8625 -9803 -8130
3 -14198 -9868 -7810 11975 -32768 -8815
1 0 0 0 0 0 0
4 2050 10976 -2190 -8031 -6807 -3064
2 0 0 0 0 0 0
3 -1688 -7066 -10168 6914 4014 3825
1 0 0 0 0 0 0
2 0 0 0 0 0 0
4 0 0 0 0 0 0
3 -1268 -7230 -6532 -2849 -5065 499
1 0 0 0 0 0 0
3 -2186 -8586 -3090 -5439 -8965 -1422
1 0 0 0 0 0 0
2 0 0 0 0 0 0
4 0 0 0 0 0 0
4 0 0 0 0 0 0
1 0 0 0 0 0 0
3 -2904 -7804 -1352 -3859 -3036 960
2 0 0 0 0 0 0
2 0 0 0 0 0 0
1 0 0 0 0 0 0
3 0 0 0 0 0 0
4 438 8348 1900 1421 421 1334
4 0 0 0 0 0 0
3 -2752 -7550 -2064 -1299 2160 199
1 0 0 0 0 0 0
2 0 0 0 0 0 0

3 -876 -7586 1382 6509 7727 3356
2 0 0 0 0 0 0
4 -3982 7980 512 -2726 -368 -7106
1 0 0 0 0 0 0
1 0 0 0 0 0 0
3 5352 -5964 -16338 4662 10610 2907
2 0 0 0 0 0 0
4 14760 9802 -14146 -5330 8134 -2347
1 0 0 0 0 0 0
2 0 0 0 0 0 0
3 7804 -15772 -18872 -8893 19570 -6068
4 10230 24336 -13486 10692 6018 14338
2 0 0 0 0 0 0
3 -358 -29136 -16750 -17705 18308 -20751
4 -54 32767 -5838 23583 6571 22287
1 0 0 0 0 0 0
3 -1362 -21926 -8006 -18107 15671 -18857
4 -1258 23190 694 17960 14677 22190
2 0 0 0 0 0 0
1 0 0 0 0 0 0
4 -2362 7518 2530 3540 18279 19564
3 18 -11020 90 -4912 17597 -16026
1 0 0 0 0 0 0
2 0 0 0 0 0 0
4 -4042 5530 1682 -16076 6778 10427
2 0 0 0 0 0 0
1 0 0 0 0 0 0
3 -1498 -5532 -584 15968 14762 -12653
4 -14194 11016 9776 -30207 -11369 10078
1 0 0 0 0 0 0
3 -13644 -12582 48 30502 7653 -11865
2 0 0 0 0 0 0
4 -4238 30718 -6170 -32768 12427 -12112
2 0 0 0 0 0 0
1 0 0 0 0 0 0
3 -8208 -16784 -16136 28260 5070 2584
4 13396 28942 -13598 -16095 16079 -19089
1 0 0 0 0 0 0
2 0 0 0 0 0 0
3 -4072 -13130 -17426 27465 -3694 15689
1 0 0 0 0 0 0
2 0 0 0 0 0 0
3 5660 -12396 -13152 9612 13766 19935
4 6642 16264 -2236 -940 25208 -14564
1 0 0 0 0 0 0
4 8876 10588 9766 800 32767 1837
3 4934 -10390 -5518 2072 12432 7674
2 0 0 0 0 0 0
1 0 0 0 0 0 0
4 2636 9208 -1422 4107 -2834 3620
2 0 0 0 0 0 0
3 1892 -9906 -936 -4346 24194 3996
4 -2820 7576 -544 5238 -7125 3391
2 0 0 0 0 0 0
3 1576 -8170 -5164 -9363 2457 -2355
1 0 0 0 0 0 0
1 0 0 0 0 0 0
3 -1918 -5094 -2356 -3911 -4951 -2008
4 -896 6014 -1508 335 227 1738
2 0 0 0 0 0 0
2 0 0 0 0 0 0
3 0 0 0 0 0 0
4 -1344 6770 -1436 -5225 -1328 -1716
1 0 0 0 0 0 0
1 0 0 0 0 0 0
4 116 9016 -2138 -8038 3246 -3133
3 586 -7772 -4278 6571 -710 2744
2 0 0 0 0 0 0
4 0 0 0 0 0 0
2 0 0 0 0 0 0
1 0 0 0 0 0 0
3 0 0 0 0 0 0
1 0 0 0 0 0 0
2 0 0 0 0 0 0
3 0 0 0 0 0 0
4 530 8560 -2054 -852 -1635 -1281
3 -256 -7382 -4634 2644 -2335 386
4 618 7942 -2052 -462 -142 147
2 0 0 0 0 0 0
1 0 0 0 0 0 0

4 -434 9876 -404 3773 917 1917
2 0 0 0 0 0 0
1 0 0 0 0 0 0
3 0 0 0 0 0 0
4 614 8720 -2252 4499 5185 545
2 0 0 0 0 0 0
3 2640 -8376 -6092 -3180 4148 -608
1 0 0 0 0 0 0
4 10142 15898 -12254 5886 14153 4139
3 10208 -14050 -11772 -8590 12056 -4602
2 0 0 0 0 0 0
1 0 0 0 0 0 0
4 3742 21724 -6990 19283 8180 16178
2 0 0 0 0 0 0
1 0 0 0 0 0 0
3 4924 -14966 -9196 -9016 13592 -15677
3 0 0 0 0 0 0
1 0 0 0 0 0 0
4 1098 12812 -2126 12843 9525 18302
2 0 0 0 0 0 0
1 0 0 0 0 0 0
3 0 0 0 0 0 0
4 0 0 0 0 0 0
2 0 0 0 0 0 0
1 0 0 0 0 0 0
4 -2228 2460 1556 3060 9317 15121
2 0 0 0 0 0 0
3 -1520 -5104 -270 1313 6149 -19337
4 -5364 -1186 3602 -18005 8718 9947
2 0 0 0 0 0 0
3 -5482 -5098 210 26855 13704 -11227
1 0 0 0 0 0 0
4 -10264 8524 3698 -32768 1162 -4307
1 0 0 0 0 0 0
2 0 0 0 0 0 0
3 -9196 -13086 -10366 32767 14499 9737
4 -1824 32767 -6504 -32768 1530 -27218
2 0 0 0 0 0 0
1 0 0 0 0 0 0
3 -8150 -18910 -12792 26436 5470 23982
4 14154 25558 -5020 10283 -22375 -7242
1 0 0 0 0 0 0
2 0 0 0 0 0 0
3 19566 -22356 -8890 5187 7968 19279
2 0 0 0 0 0 0
1 0 0 0 0 0 0
4 7936 12348 2016 1450 24564 -11726
3 9774 -14300 204 -6317 20534 12675
1 0 0 0 0 0 0
4 3924 8762 112 514 20536 -2015
3 5434 -10714 -4788 -5436 7847 1435
2 0 0 0 0 0 0
1 0 0 0 0 0 0
4 54 8798 -1482 2680 817 989
2 0 0 0 0 0 0
3 -1570 -8108 -2974 -8288 3989 -535
3 610 -5592 -3400 -3918 4212 176
2 0 0 0 0 0 0
4 -568 7376 -1522 1895 -1300 1503
1 0 0 0 0 0 0
3 0 0 0 0 0 0
2 0 0 0 0 0 0
4 0 0 0 0 0 0
1 0 0 0 0 0 0
1 0 0 0 0 0 0
4 -272 7492 -1832 -4160 268 -934
2 0 0 0 0 0 0
3 396 -6554 -3632 6246 -466 1734
2 0 0 0 0 0 0
3 0 0 0 0 0 0
1 0 0 0 0 0 0
4 0 0 0 0 0 0
1 0 0 0 0 0 0
2 0 0 0 0 0 0
4 0 0 0 0 0 0
3 1106 -8456 -4662 4056 -2273 1792
2 0 0 0 0 0 0
4 0 0 0 0 0 0
1 0 0 0 0 0 0
3 0 0 0 0 0 0

4 1900 8826 -2170 2257 10373 1587
1 0 0 0 0 0 0
2 0 0 0 0 0 0
3 0 0 0 0 0 0
2 0 0 0 0 0 0
1 0 0 0 0 0 0
4 10060 14984 -3954 4319 13726 7265
3 10508 -10496 -14000 -11125 13251 -1344
3 6526 -16342 -15556 -11882 15376 -14341
1 0 0 0 0 0 0
4 8182 20384 -4900 7389 5970 19726
2 0 0 0 0 0 0
4 4496 20192 -724 6750 -214 24459
3 3930 -17604 -8560 -9741 13698 -19121
2 0 0 0 0 0 0
1 0 0 0 0 0 0
2 0 0 0 0 0 0
1 0 0 0 0 0 0
3 2972 -11130 -2216 -1674 14366 -16649
4 3114 12668 4788 1896 7067 23261
1 0 0 0 0 0 0
2 0 0 0 0 0 0
3 -4154 -4130 432 7926 10344 -17057
4 -4364 3510 2432 -9850 1732 17760
4 276 -660 -5042 -15898 11462 -3184
2 0 0 0 0 0 0
3 0 0 0 0 0 0
1 0 0 0 0 0 0
1 0 0 0 0 0 0
4 -5182 1318 -6072 -14760 1136 -3026
2 0 0 0 0 0 0
3 -2804 1846 -5032 17586 1692 -722
1 0 0 0 0 0 0
3 -5594 -2144 -5290 8742 2840 12081
4 -5084 3558 -8318 -426 1222 -14070
2 0 0 0 0 0 0
4 -734 14820 -3152 -272 3929 -24481
3 -1436 -15012 -10328 2732 -17569 16459
1 0 0 0 0 0 0
2 0 0 0 0 0 0
4 10218 19192 -2734 102 -662 -23955
1 0 0 0 0 0 0
2 0 0 0 0 0 0
3 3504 -9612 -12148 15874 -13659 16101
4 10402 22150 -3570 -680 2606 -14578
2 0 0 0 0 0 0
1 0 0 0 0 0 0
3 11124 -20690 -12936 6992 13001 22790
1 0 0 0 0 0 0
4 6196 11436 1840 2569 6417 -4461
2 0 0 0 0 0 0
3 8468 -9772 -2724 -348 8609 4381
4 3060 8758 -506 -362 1865 958
2 0 0 0 0 0 0
3 -692 -8330 -4818 -947 5997 241
1 0 0 0 0 0 0
4 -856 6736 -1362 -1009 -556 1229
1 0 0 0 0 0 0
3 0 0 0 0 0 0
2 0 0 0 0 0 0
4 0 0 0 0 0 0
1 0 0 0 0 0 0
2 0 0 0 0 0 0
3 -542 -6292 -4200 634 -2206 -816
1 0 0 0 0 0 0
4 0 0 0 0 0 0
2 0 0 0 0 0 0
3 0 0 0 0 0 0
3 0 0 0 0 0 0
1 0 0 0 0 0 0
4 0 0 0 0 0 0
2 0 0 0 0 0 0
4 0 0 0 0 0 0
2 0 0 0 0 0 0
3 0 0 0 0 0 0
1 0 0 0 0 0 0
4 0 0 0 0 0 0
3 0 0 0 0 0 0
2 0 0 0 0 0 0
1 0 0 0 0 0 0

2 0 0 0 0 0 0
3 -568 -8774 -4184 1332 -3320 -3205
4 628 10510 -1382 261 11595 -1828
1 0 0 0 0 0 0
1 0 0 0 0 0 0
2 0 0 0 0 0 0
4 -692 10670 -3280 2021 8729 257
3 -464 -7996 -6530 -1889 -6965 -3848
3 9912 -7732 -10750 -3248 7424 -2076
2 0 0 0 0 0 0
4 4520 12260 -8924 7298 8437 3836
1 0 0 0 0 0 0
4 13552 18004 -2738 15483 2315 16298
2 0 0 0 0 0 0
3 15900 -18894 -8126 -9061 3153 -17199
1 0 0 0 0 0 0
4 6578 21118 -3806 3273 -1398 23936
3 5418 -20904 -9446 -1684 4405 -26155
2 0 0 0 0 0 0
1 0 0 0 0 0 0
2 0 0 0 0 0 0
4 -3392 13282 -64 3770 -11034 23446
1 0 0 0 0 0 0
3 -3248 -14418 -5276 1790 5217 -24349
4 -7828 918 90 1227 1148 12166
1 0 0 0 0 0 0
3 -7938 -3734 -2954 3580 7016 -15498
2 0 0 0 0 0 0
2 0 0 0 0 0 0
3 -7818 4262 -4086 4006 1499 -6046
4 -7726 -5206 -1540 1052 -7099 4114
1 0 0 0 0 0 0
4 0 0 0 0 0 0
1 0 0 0 0 0 0
2 0 0 0 0 0 0
3 -4576 3986 -256 5233 -1023 -282
3 -6596 -1894 72 10227 -1346 7243
4 -4188 846 3880 -11675 4242 -5965
2 0 0 0 0 0 0
1 0 0 0 0 0 0
2 0 0 0 0 0 0
3 -5588 -13378 -7212 12997 -10289 14790
4 -5170 14716 -358 -18015 -758 -13122
1 0 0 0 0 0 0
3 -4470 -17574 -17572 23128 104 17526
2 0 0 0 0 0 0
1 0 0 0 0 0 0
4 442 23966 -7536 -21127 22521 -19738
2 0 0 0 0 0 0
3 11626 -16088 -14852 4324 -448 14127
4 14120 20836 -6252 -2432 6674 -12614
1 0 0 0 0 0 0
3 5802 -10060 -9152 291 6264 6828
1 0 0 0 0 0 0
4 4572 10382 -2722 -363 1793 -1458
2 0 0 0 0 0 0
4 1470 8588 -2532 152 -1347 1245
3 2440 -8420 -4360 1154 8777 3313
2 0 0 0 0 0 0
1 0 0 0 0 0 0
3 -244 -6242 -4342 883 1562 506
2 0 0 0 0 0 0
4 -876 7222 -2412 -92 -1700 970
1 0 0 0 0 0 0
3 0 0 0 0 0 0
2 0 0 0 0 0 0
1 0 0 0 0 0 0
4 0 0 0 0 0 0
4 0 0 0 0 0 0
3 0 0 0 0 0 0
2 0 0 0 0 0 0
1 0 0 0 0 0 0
2 0 0 0 0 0 0
3 0 0 0 0 0 0
4 0 0 0 0 0 0
1 0 0 0 0 0 0
4 182 8196 -2100 -1677 1231 -479
3 -1168 -7260 -4228 1286 3414 1149
2 0 0 0 0 0 0
1 0 0 0 0 0 0

1 0 0 0 0 0 0
3 0 0 0 0 0 0
2 0 0 0 0 0 0
4 -486 8440 -2316 -602 4519 27
1 0 0 0 0 0 0
4 12680 14680 -6334 5341 19655 2288
3 13936 -13170 -7882 -7052 14932 1731
2 0 0 0 0 0 0
4 8524 23818 132 14030 -10043 20391
2 0 0 0 0 0 0
3 13268 -18322 -9096 -9614 3966 -19428
1 0 0 0 0 0 0
3 1416 -16828 -12466 703 6679 -26309
1 0 0 0 0 0 0
4 1920 20644 -5156 9961 -5548 23642
2 0 0 0 0 0 0
4 -1196 10336 2054 6531 -3363 20734
3 -1654 -12738 -4818 -6757 -951 -24932
2 0 0 0 0 0 0
1 0 0 0 0 0 0
1 0 0 0 0 0 0
3 -2386 -1662 444 -3993 5234 -12798
2 0 0 0 0 0 0
4 -2294 1908 1398 -837 1214 13798
1 0 0 0 0 0 0
4 -3378 -2068 -2846 -2564 2740 6645
3 -4142 2536 -858 867 1156 -10792
2 0 0 0 0 0 0
4 -2318 -3802 -1986 -1039 1674 1908
1 0 0 0 0 0 0
3 -4186 4104 -1278 3893 2110 -1823
2 0 0 0 0 0 0
1 0 0 0 0 0 0
3 -3512 1892 -1492 7846 3548 3544
2 0 0 0 0 0 0
4 -3262 -2274 1208 -8570 -3174 -2716
1 0 0 0 0 0 0
3 -2448 -5782 -5282 10993 -895 7874
2 0 0 0 0 0 0
4 -6974 8576 -206 -21075 6827 -10063
1 0 0 0 0 0 0
3 -10790 -7104 -10388 20491 -14253 11895
4 -6430 24466 -6192 -18120 18162 -26536
2 0 0 0 0 0 0
4 20610 21964 -2632 6661 -1241 -15314
2 0 0 0 0 0 0
3 10166 -19476 -18638 22667 15043 24938
1 0 0 0 0 0 0
3 4552 -9540 -10492 4489 1892 5029
2 0 0 0 0 0 0
1 0 0 0 0 0 0
4 8334 11288 -2532 537 -7293 -2024
1 0 0 0 0 0 0
3 1210 -7448 -6054 -1085 5160 2909
2 0 0 0 0 0 0
4 2068 8174 -3024 -159 1186 800
4 -672 7064 -2034 226 4959 1006
3 -626 -6572 -4004 -165 10121 5008
1 0 0 0 0 0 0
2 0 0 0 0 0 0
3 216 -6094 -4124 646 2005 1430
4 -172 7110 -2542 -1528 -97 528
2 0 0 0 0 0 0
1 0 0 0 0 0 0
1 0 0 0 0 0 0
2 0 0 0 0 0 0
4 0 0 0 0 0 0
3 -388 -6872 -4404 1378 -820 248
4 0 0 0 0 0 0
3 0 0 0 0 0 0
1 0 0 0 0 0 0
2 0 0 0 0 0 0
3 0 0 0 0 0 0
4 0 0 0 0 0 0
1 0 0 0 0 0 0
2 0 0 0 0 0 0
3 0 0 0 0 0 0
2 0 0 0 0 0 0
1 0 0 0 0 0 0
4 670 8550 -2210 -1022 2063 -1216

1 0 0 0 0 0 0
3 10176 -13628 -7236 -8265 2512 -7500
4 13128 14674 -1260 3013 15879 2605
2 0 0 0 0 0 0
1 0 0 0 0 0 0
2 0 0 0 0 0 0
4 11426 24900 1236 11076 -1824 21068
3 9208 -17318 -9072 -3884 7605 -17600
1 0 0 0 0 0 0
3 4608 -21610 -9328 -4979 686 -28805
2 0 0 0 0 0 0
4 1850 22432 -610 7265 -1036 30423
1 0 0 0 0 0 0
4 -2182 11552 -132 1403 -3301 24110
2 0 0 0 0 0 0
3 -2372 -10206 -2736 -11827 -4423 -24756
1 0 0 0 0 0 0
4 -2116 4184 -1040 -7658 2205 19586
2 0 0 0 0 0 0
3 -3652 -3620 -1872 -817 5295 -18807
1 0 0 0 0 0 0
3 -8064 2082 1124 1130 8560 -2112
2 0 0 0 0 0 0
4 -6452 -690 -846 -5171 -1697 10967
1 0 0 0 0 0 0
4 -6814 -2218 1660 -6681 4004 445
2 0 0 0 0 0 0
3 -834 1790 4340 3371 -1228 682
1 0 0 0 0 0 0
2 0 0 0 0 0 0
4 -5812 3980 398 -13229 -1791 -7068
3 -5568 -1074 -702 12733 -3355 -1309
1 0 0 0 0 0 0
2 0 0 0 0 0 0
3 -6330 -11334 -5918 25147 2201 10448
4 -7972 18488 -854 -23817 12272 -18325
2 0 0 0 0 0 0
1 0 0 0 0 0 0
4 8152 30874 -3182 -6578 29758 -27662
3 330 -28980 -17066 27453 20000 32767
2 0 0 0 0 0 0
1 0 0 0 0 0 0
3 13794 -16090 -9626 5703 -9133 7888
4 12526 18324 1352 4158 269 -9318
4 13608 11016 -464 -1556 3148 1141
2 0 0 0 0 0 0
1 0 0 0 0 0 0
3 5476 -10608 -4590 3122 17643 9346
3 -1618 -8576 -2750 -2080 7027 861
1 0 0 0 0 0 0
4 -708 8122 -2238 -777 3759 789
2 0 0 0 0 0 0
2 0 0 0 0 0 0
1 0 0 0 0 0 0
4 -496 7684 -1450 -370 3706 2247
3 -986 -6840 -3418 -2543 6338 304
3 -712 -6278 -3810 -955 -73 -1016
2 0 0 0 0 0 0
1 0 0 0 0 0 0
4 -992 7360 -2028 -543 -4988 1413
3 0 0 0 0 0 0
2 0 0 0 0 0 0
1 0 0 0 0 0 0
4 -1692 7754 -1818 -2205 863 -897
3 0 0 0 0 0 0
4 0 0 0 0 0 0
2 0 0 0 0 0 0
1 0 0 0 0 0 0
2 0 0 0 0 0 0
3 0 0 0 0 0 0
1 0 0 0 0 0 0
4 1138 8332 -1704 209 739 -1357
3 0 0 0 0 0 0
1 0 0 0 0 0 0
2 0 0 0 0 0 0
4 -292 8112 -944 -476 -2302 511
1 0 0 0 0 0 0
3 -84 -7296 -4632 -100 355 182
2 0 0 0 0 0 0
4 -424 8096 -1428 -404 5093 408

3 5532 -11614 -6410 -1420 14507 2750
2 0 0 0 0 0 0
1 0 0 0 0 0 0
4 7816 13140 -1640 27 12917 398
3 13208 -16860 -2976 -4662 3739 -11665
1 0 0 0 0 0 0
4 12116 21704 1530 8204 -7204 16517
2 0 0 0 0 0 0
1 0 0 0 0 0 0
4 5498 20182 -1720 1101 631 27899
2 0 0 0 0 0 0
3 9386 -20100 -8828 5220 2128 -28022
3 -1064 -18914 -8584 -3238 -15392 -32768
4 940 14878 -1548 -3590 -6486 26303
2 0 0 0 0 0 0
1 0 0 0 0 0 0
4 -6014 4832 -490 2420 -10063 18881
2 0 0 0 0 0 0
1 0 0 0 0 0 0
3 -5846 -4914 -1384 -10679 -2232 -17060
4 -7534 -2730 166 3886 -2277 7004
3 -7108 3610 3850 -5183 5094 -2533
1 0 0 0 0 0 0
2 0 0 0 0 0 0
1 0 0 0 0 0 0
2 0 0 0 0 0 0
4 -4532 -5802 58 -727 3470 -1923
3 -2210 4918 852 1545 1838 2190
4 -3020 -1864 620 -7208 6728 -9997
1 0 0 0 0 0 0
3 -1888 2586 -240 7298 -71 6071
2 0 0 0 0 0 0
4 -3804 6666 -228 -11156 707 -16566
3 -2562 -5214 -2018 12237 -1086 13282
2 0 0 0 0 0 0
1 0 0 0 0 0 0
3 -812 -15372 -9954 18185 -1310 20815
4 -1286 24652 -1666 -18167 6562 -28661
1 0 0 0 0 0 0
2 0 0 0 0 0 0
4 11314 24304 -1404 2062 -4019 -19447
3 12792 -22612 -14434 11965 9036 24871
1 0 0 0 0 0 0
2 0 0 0 0 0 0
3 10226 -10354 -9668 4801 -6016 5544
2 0 0 0 0 0 0
1 0 0 0 0 0 0
4 10198 16102 -5562 338 -11677 -6345
3 1958 -8706 -7002 3072 -3144 -888
1 0 0 0 0 0 0
2 0 0 0 0 0 0
4 2116 8830 -3690 -506 12744 1051
3 716 -8440 -4224 -1985 1001 -956
2 0 0 0 0 0 0
1 0 0 0 0 0 0
4 0 0 0 0 0 0
3 0 0 0 0 0 0
4 -18 8108 -2062 783 1829 3702
2 0 0 0 0 0 0
1 0 0 0 0 0 0
4 0 0 0 0 0 0
1 0 0 0 0 0 0
3 0 0 0 0 0 0
2 0 0 0 0 0 0
1 0 0 0 0 0 0
3 0 0 0 0 0 0
2 0 0 0 0 0 0
4 0 0 0 0 0 0
3 0 0 0 0 0 0
4 0 0 0 0 0 0
2 0 0 0 0 0 0
1 0 0 0 0 0 0
3 0 0 0 0 0 0
1 0 0 0 0 0 0
4 0 0 0 0 0 0
2 0 0 0 0 0 0
4 0 0 0 0 0 0
1 0 0 0 0 0 0
2 0 0 0 0 0 0
3 0 0 0 0 0 0

1 0 0 0 0 0 0
2 0 0 0 0 0 0
4 0 0 0 0 0 0
3 346 -9010 -2940 -714 3884 1251
1 0 0 0 0 0 0
4 12092 14178 -9496 7350 8145 2552
2 0 0 0 0 0 0
3 10190 -12410 -3994 -2485 1582 -2725
1 0 0 0 0 0 0
3 15004 -18300 -9002 -3784 5324 -19206
2 0 0 0 0 0 0
4 11142 22298 -11044 15392 5998 20374
4 338 19196 -4048 3267 -4365 27015
3 5014 -27780 -13238 -11432 -7204 -32768
1 0 0 0 0 0 0
2 0 0 0 0 0 0
2 0 0 0 0 0 0
1 0 0 0 0 0 0
4 -4636 13530 -1222 -4850 -4405 23582
3 -5890 -13564 -1682 -11876 5749 -21085
2 0 0 0 0 0 0
3 -11216 100 3870 -1917 7064 -11532
4 -8674 -2828 -622 523 1474 7324
1 0 0 0 0 0 0
4 -5486 -5018 -1964 450 -3836 -2096
1 0 0 0 0 0 0
3 -7564 5282 594 1944 49 213
2 0 0 0 0 0 0
4 -7688 -728 3620 -4487 10209 -8292
2 0 0 0 0 0 0
1 0 0 0 0 0 0
3 -3212 2776 1448 5911 -650 6216
4 -4968 11284 1376 -5826 5968 -21038
1 0 0 0 0 0 0
3 -4248 -5662 -1868 7933 -3262 11981
2 0 0 0 0 0 0
3 -2950 -16410 -11856 18411 -6494 19510
2 0 0 0 0 0 0
4 3844 26082 -3186 -9898 13617 -29376
1 0 0 0 0 0 0
3 15366 -24166 -12644 11293 15942 28166
1 0 0 0 0 0 0
4 11850 23556 -4090 -3360 1200 -19520
2 0 0 0 0 0 0
3 10438 -10570 -7860 5199 -5686 7089
1 0 0 0 0 0 0
2 0 0 0 0 0 0
4 6248 12804 -892 21 -12649 -2680
3 3702 -9172 -8256 1827 -8313 -870
4 2114 8464 -886 -1634 10474 78
1 0 0 0 0 0 0
2 0 0 0 0 0 0
2 0 0 0 0 0 0
3 0 0 0 0 0 0
1 0 0 0 0 0 0
4 -432 8014 -1384 -74 4781 849
2 0 0 0 0 0 0
3 0 0 0 0 0 0
1 0 0 0 0 0 0
4 -422 8108 -1498 -2148 3042 955
1 0 0 0 0 0 0
3 -764 -6748 -3632 -138 -111 436
4 -956 9538 -668 -2518 -4079 2117
2 0 0 0 0 0 0
3 0 0 0 0 0 0
1 0 0 0 0 0 0
4 -418 8420 438 -456 -2489 1888
2 0 0 0 0 0 0
3 0 0 0 0 0 0
2 0 0 0 0 0 0
1 0 0 0 0 0 0
4 0 0 0 0 0 0
4 0 0 0 0 0 0
1 0 0 0 0 0 0
3 0 0 0 0 0 0
2 0 0 0 0 0 0
3 0 0 0 0 0 0
2 0 0 0 0 0 0
4 1140 7798 562 -1375 -1315 89
1 0 0 0 0 0 0

1 0 0 0 0 0 0
2 0 0 0 0 0 0
4 1344 13798 -6426 872 17773 -2211
3 7482 -9220 -9554 126 17641 3585
3 12118 -19154 -12760 -12822 11958 -11810
2 0 0 0 0 0 0
1 0 0 0 0 0 0
4 12246 28042 -5176 21528 9939 10253
2 0 0 0 0 0 0
3 7286 -19440 -9766 -3976 11371 -27321
1 0 0 0 0 0 0
4 4994 26522 -2102 19725 2202 29387
4 -1794 14748 -2550 8377 -86 28010
1 0 0 0 0 0 0
3 586 -16934 -8738 -2314 -2210 -32768
2 0 0 0 0 0 0
3 -4002 -5628 -198 -6213 5107 -21619
4 -6840 6526 1182 -2696 5329 19878
1 0 0 0 0 0 0
2 0 0 0 0 0 0
1 0 0 0 0 0 0
2 0 0 0 0 0 0
3 -14100 2566 4774 624 -8064 -10178
4 -5534 262 -2618 -7796 513 10939
1 0 0 0 0 0 0
2 0 0 0 0 0 0
3 -2988 2946 912 6100 10515 3135
4 -5806 -1962 -1306 -7260 4101 3495
2 0 0 0 0 0 0
1 0 0 0 0 0 0
4 -5222 2542 -1048 -10688 -1322 -3702
3 -4262 1926 -1632 9915 -6834 -437
1 0 0 0 0 0 0
3 -5562 -7014 -4648 19234 2416 7765
4 -6038 11286 -1756 -21816 12302 -12713
2 0 0 0 0 0 0
3 -1550 -16752 -11138 24501 11752 18228
2 0 0 0 0 0 0
4 4440 22034 -5700 -12611 13801 -20373
1 0 0 0 0 0 0
1 0 0 0 0 0 0
3 10304 -14336 -14962 11482 -2091 12538
2 0 0 0 0 0 0
4 8954 17528 -6408 -3822 1900 -12808
1 0 0 0 0 0 0
4 5514 10008 -4072 529 9005 -4408
2 0 0 0 0 0 0
3 3184 -9180 -10790 4041 -222 4969
1 0 0 0 0 0 0
3 1262 -8632 -4714 -1038 16534 8288
2 0 0 0 0 0 0
4 2786 8274 -1122 464 7880 -220
1 0 0 0 0 0 0
2 0 0 0 0 0 0
4 -554 7734 -1582 -382 4025 1627
3 840 -7138 -3886 -2497 12394 5988
2 0 0 0 0 0 0
3 220 -6130 -3542 450 7644 2965
1 0 0 0 0 0 0
4 -644 7520 -1808 -1603 -90 1764
3 726 -6968 -3928 2633 1102 662
2 0 0 0 0 0 0
1 0 0 0 0 0 0
4 0 0 0 0 0 0
4 0 0 0 0 0 0
3 0 0 0 0 0 0
2 0 0 0 0 0 0
1 0 0 0 0 0 0
1 0 0 0 0 0 0
4 0 0 0 0 0 0
2 0 0 0 0 0 0
3 406 -7758 -4478 2349 -575 532
1 0 0 0 0 0 0
3 0 0 0 0 0 0
2 0 0 0 0 0 0
4 0 0 0 0 0 0
1 0 0 0 0 0 0
4 0 0 0 0 0 0
3 0 0 0 0 0 0
2 0 0 0 0 0 0

4 -26 8132 -1752 -921 2377 -1130
2 0 0 0 0 0 0
1 0 0 0 0 0 0
3 0 0 0 0 0 0
4 0 0 0 0 0 0
2 0 0 0 0 0 0
3 0 0 0 0 0 0
1 0 0 0 0 0 0
4 0 0 0 0 0 0
2 0 0 0 0 0 0
3 0 0 0 0 0 0
1 0 0 0 0 0 0
4 0 0 0 0 0 0
2 0 0 0 0 0 0
3 0 0 0 0 0 0
1 0 0 0 0 0 0
3 0 0 0 0 0 0
1 0 0 0 0 0 0
2 0 0 0 0 0 0
4 0 0 0 0 0 0
4 0 0 0 0 0 0
1 0 0 0 0 0 0
2 0 0 0 0 0 0
3 0 0 0 0 0 0
4 1668 9128 -4270 -608 7206 -895
3 680 -8410 -7034 -1120 9821 3973
2 0 0 0 0 0 0
1 0 0 0 0 0 0
3 8420 -13164 -10982 -10531 10957 -1586
2 0 0 0 0 0 0
4 8348 17286 -2568 6168 24882 4129
1 0 0 0 0 0 0
3 9410 -14502 -13480 -17510 9008 -19224
4 6244 18148 -6484 16937 -4579 20807
1 0 0 0 0 0 0
2 0 0 0 0 0 0
1 0 0 0 0 0 0
2 0 0 0 0 0 0
4 2396 12162 -3494 7262 17139 29090
3 2942 -10550 -8696 -8723 19351 -25884
4 478 4406 -838 -3529 -697 24205
2 0 0 0 0 0 0
3 -2046 -4118 -2556 1337 7058 -20656
1 0 0 0 0 0 0
3 -5264 -3740 -1556 9687 7921 -12043
2 0 0 0 0 0 0
4 -8836 1910 2738 -9314 2704 12349
1 0 0 0 0 0 0
2 0 0 0 0 0 0
3 -5464 -1214 686 11037 4029 -1134
4 -6184 776 3802 -18258 5380 -3201
1 0 0 0 0 0 0
2 0 0 0 0 0 0
4 -6956 12022 -4614 -25895 8309 -14679
1 0 0 0 0 0 0
3 -5160 -4194 -5910 17241 -4988 6457
3 -5598 -8632 -12338 20472 1773 13504
2 0 0 0 0 0 0
4 4394 22076 -8106 -13640 19696 -23815
1 0 0 0 0 0 0
2 0 0 0 0 0 0
3 2016 -14392 -14504 19404 10639 20981
1 0 0 0 0 0 0
4 12440 18450 -3114 340 2864 -14353
3 12450 -11938 -6674 2594 6711 9743
4 5978 11654 -1018 941 8220 -5923
2 0 0 0 0 0 0
1 0 0 0 0 0 0
3 1132 -8380 -5696 3124 3621 2534
2 0 0 0 0 0 0
4 2498 7836 424 2277 3381 110
1 0 0 0 0 0 0
3 0 0 0 0 0 0
2 0 0 0 0 0 0
4 -190 8034 -1146 -855 229 365
1 0 0 0 0 0 0
1 0 0 0 0 0 0
3 560 -6812 -4348 16 6134 1960
2 0 0 0 0 0 0
4 -494 7742 -1800 -599 3065 -285

3 -400 -7384 -4294 2 1272 783
4 296 7666 -1496 -96 1267 -262
2 0 0 0 0 0 0
3 142 -7406 -4924 -327 4893 1673
4 -712 7078 -1322 -2268 5977 -1027
1 0 0 0 0 0 0
2 0 0 0 0 0 0
3 4646 -8294 -9232 -3857 9242 980
4 5844 10232 -4342 -1515 10589 574
1 0 0 0 0 0 0
2 0 0 0 0 0 0
4 8098 16356 -6872 8289 7110 9326
1 0 0 0 0 0 0
3 7898 -8012 -14212 -9750 11574 -6762
2 0 0 0 0 0 0
3 7390 -14240 -12688 -10798 10923 -18490
2 0 0 0 0 0 0
4 4658 21124 -3434 15120 3323 17860
1 0 0 0 0 0 0
3 3946 -11614 -6736 -11124 10313 -14777
2 0 0 0 0 0 0
4 2098 14458 -132 11663 9190 20135
1 0 0 0 0 0 0
2 0 0 0 0 0 0
3 3684 -6930 -5050 -8428 11264 -13165
4 598 6478 526 4226 11653 15714
1 0 0 0 0 0 0
2 0 0 0 0 0 0
3 236 -1314 782 185 10309 -11614
1 0 0 0 0 0 0
4 2082 544 1184 -11679 17610 10657
4 0 0 0 0 0 0
1 0 0 0 0 0 0
3 -3298 -476 122 15758 10084 -6825
2 0 0 0 0 0 0
2 0 0 0 0 0 0
4 -7988 5444 918 -21452 -14609 11726
3 -4384 -1772 -3508 22594 7985 -2719
1 0 0 0 0 0 0
1 0 0 0 0 0 0
2 0 0 0 0 0 0
3 -5450 -5394 -9202 25189 -4199 -1172
4 -6636 14552 -3720 -32496 6671 4618
4 4780 17292 -11148 -21696 7692 -5225
3 -9400 -12924 -12772 29263 2437 10940
1 0 0 0 0 0 0
2 0 0 0 0 0 0
1 0 0 0 0 0 0
3 14826 -18798 -12812 9915 31505 25006
4 4248 15784 -8218 -8852 21175 -13319
2 0 0 0 0 0 0
2 0 0 0 0 0 0
4 6330 14388 -3786 2100 14077 -11609
3 4860 -10662 -6276 880 7397 13142
1 0 0 0 0 0 0
1 0 0 0 0 0 0
4 0 0 0 0 0 0
2 0 0 0 0 0 0
3 1550 -8818 -4540 -1385 21125 11648
3 3630 -8062 -3078 -1459 12145 4410
2 0 0 0 0 0 0
1 0 0 0 0 0 0
4 1230 8104 944 38 6214 -380
2 0 0 0 0 0 0
4 -1008 7988 -1286 636 535 670
3 932 -6510 -3718 297 -2542 -449
1 0 0 0 0 0 0
4 -270 7578 -2156 1699 -7388 985
2 0 0 0 0 0 0
1 0 0 0 0 0 0
3 0 0 0 0 0 0
2 0 0 0 0 0 0
3 0 0 0 0 0 0
4 -1816 7248 -2206 -2008 -4433 1918
1 0 0 0 0 0 0
2 0 0 0 0 0 0
3 -502 -6930 -4488 1725 -1775 143
4 0 0 0 0 0 0
1 0 0 0 0 0 0
1 0 0 0 0 0 0

3 2306 -7322 -5722 1635 13347 4605
1 0 0 0 0 0 0
4 196 8218 -4520 -1160 8313 -752
2 0 0 0 0 0 0
3 10964 -9508 -7088 -2019 12712 -328
2 0 0 0 0 0 0
4 2080 12978 -5390 3232 15347 1145
1 0 0 0 0 0 0
3 4918 -13736 -11584 -7181 6369 -11703
4 4830 20676 -3876 14055 11755 10236
2 0 0 0 0 0 0
1 0 0 0 0 0 0
1 0 0 0 0 0 0
4 1952 25926 -3588 20572 11176 19684
3 6602 -21724 -9324 -14379 10386 -20243
2 0 0 0 0 0 0
3 816 -16822 -6294 -17232 8366 -20568
4 654 16904 -1356 14126 16331 23617
2 0 0 0 0 0 0
1 0 0 0 0 0 0
3 648 -5686 -1024 -1679 21053 -16646
4 -244 6130 866 1935 9928 22548
1 0 0 0 0 0 0
2 0 0 0 0 0 0
2 0 0 0 0 0 0
3 -276 -3174 -792 12226 9186 -14708
4 -1940 3760 322 -8234 5095 16674
1 0 0 0 0 0 0
1 0 0 0 0 0 0
2 0 0 0 0 0 0
3 -7768 -5038 -4394 22293 8799 -13884
4 -6904 3824 4084 -18270 -412 12785
1 0 0 0 0 0 0
3 -7936 -6986 -7952 21992 8028 -3544
4 -7800 10822 -996 -32768 14827 7865
2 0 0 0 0 0 0
3 -8256 -6764 -9866 21497 4199 9899
4 -9354 30266 -7446 -32768 13848 -9408
2 0 0 0 0 0 0
1 0 0 0 0 0 0
2 0 0 0 0 0 0
1 0 0 0 0 0 0
4 8986 24984 -7388 -2460 19346 -16005
3 -3006 -18540 -17138 24851 22478 30609
3 8150 -11606 -7176 -1438 505 9543
2 0 0 0 0 0 0
1 0 0 0 0 0 0
4 9198 12722 614 5627 15564 -9648
3 1822 -10636 -3334 -4947 12990 9097
2 0 0 0 0 0 0
1 0 0 0 0 0 0
4 5628 9378 3592 3226 22533 -238
3 1448 -7480 -3184 -5599 8833 3246
1 0 0 0 0 0 0
2 0 0 0 0 0 0
4 3656 8164 -2374 3860 4982 1118
4 0 0 0 0 0 0
2 0 0 0 0 0 0
1 0 0 0 0 0 0
3 2370 -5746 -3038 -1598 1466 -413
3 482 -6008 -3542 4387 -5298 -1067
1 0 0 0 0 0 0
4 -1010 6492 -1512 -4034 -5120 1183
2 0 0 0 0 0 0
3 -732 -7984 -4716 8241 -2682 210
4 -730 8580 -1790 -8796 -3166 -1386
1 0 0 0 0 0 0
2 0 0 0 0 0 0
3 -296 -8502 -5064 6658 78 1324
2 0 0 0 0 0 0
1 0 0 0 0 0 0
4 0 0 0 0 0 0
2 0 0 0 0 0 0
3 14 -7822 -5022 2666 -3672 -175
1 0 0 0 0 0 0
4 258 8980 -2342 -3175 -2489 -1323
3 8 -7394 -4864 1039 -2221 -244
1 0 0 0 0 0 0
2 0 0 0 0 0 0
4 -32 8092 -2344 -261 -1764 -268

3 -178 -7672 -3446 -1137 672 193
4 14 8002 -436 271 311 156
2 0 0 0 0 0 0
1 0 0 0 0 0 0
3 0 0 0 0 0 0
4 0 0 0 0 0 0
1 0 0 0 0 0 0
2 0 0 0 0 0 0
3 0 0 0 0 0 0
2 0 0 0 0 0 0
4 0 0 0 0 0 0
1 0 0 0 0 0 0
3 3694 -5946 -12674 -2308 17825 7319
4 4386 10974 -4780 489 3839 -1008
2 0 0 0 0 0 0
1 0 0 0 0 0 0
4 10916 17572 -8998 11505 350 11141
1 0 0 0 0 0 0
2 0 0 0 0 0 0
3 2610 -6306 -18112 -12655 25801 5785
1 0 0 0 0 0 0
4 5918 22428 -7514 16511 7234 19591
2 0 0 0 0 0 0
3 6046 -14888 -19782 -17711 27278 -5961
3 7174 -15274 -11294 -12245 16204 -18851
1 0 0 0 0 0 0
2 0 0 0 0 0 0
4 3004 16304 -2340 8247 19110 24042
3 1852 -9272 -3182 -9594 5876 -20726
1 0 0 0 0 0 0
4 1174 7684 -2934 -6257 11005 19810
2 0 0 0 0 0 0
3 -150 -5782 1332 -6757 80 -20944
2 0 0 0 0 0 0
4 0 0 0 0 0 0
1 0 0 0 0 0 0
2 0 0 0 0 0 0
3 -4228 -5162 8380 -3876 -5063 -20699
4 0 0 0 0 0 0
1 0 0 0 0 0 0
3 -8458 -1368 11926 6778 -6453 -11629
4 -3444 10332 -4918 -21994 4264 13077
1 0 0 0 0 0 0
2 0 0 0 0 0 0
1 0 0 0 0 0 0
3 -5316 -4458 100 25259 10051 991
2 0 0 0 0 0 0
4 -11020 14332 -5498 -23714 -8683 12698
3 -7612 -13184 -5098 30064 -383 2925
1 0 0 0 0 0 0
4 -9710 16964 -7650 -24552 6778 999
2 0 0 0 0 0 0
3 -11140 -32050 -9172 32767 24894 26172
1 0 0 0 0 0 0
2 0 0 0 0 0 0
4 -90 18264 -5184 -17934 32767 -9769
1 0 0 0 0 0 0
4 15040 18752 -2016 6727 13948 -4771
3 -3148 -32768 -2720 3061 32767 32767
2 0 0 0 0 0 0
3 1224 -16608 -1870 -13338 21604 12356
4 1516 13040 576 13882 3177 2537
1 0 0 0 0 0 0
2 0 0 0 0 0 0
1 0 0 0 0 0 0
3 -4602 -7420 -3126 -10129 12497 6056
2 0 0 0 0 0 0
4 3434 7330 -1720 10122 -3698 9531
1 0 0 0 0 0 0
2 0 0 0 0 0 0
4 -410 3996 -3370 3400 -6487 11875
3 -1254 -2138 -4664 -4662 4369 7426
1 0 0 0 0 0 0
3 -1128 -2732 -5826 -1584 608 8580
4 0 0 0 0 0 0
2 0 0 0 0 0 0
3 0 0 0 0 0 0
1 0 0 0 0 0 0
2 0 0 0 0 0 0
4 -610 3416 -6532 -1581 -4754 8666

1 0 0 0 0 0 0
3 -628 -12096 -8016 -2100 27573 8422
2 0 0 0 0 0 0
4 7074 12712 -4862 804 9500 2813
4 576 28260 -7008 14547 5994 17392
3 11442 -14858 -11264 -6623 31263 1466
1 0 0 0 0 0 0
2 0 0 0 0 0 0
2 0 0 0 0 0 0
3 0 0 0 0 0 0
4 -4544 32767 -3518 30259 16428 21690
1 0 0 0 0 0 0
1 0 0 0 0 0 0
2 0 0 0 0 0 0
3 2314 -18482 -8644 11625 12463 -27980
4 -1814 16172 -302 6471 17075 26198
2 0 0 0 0 0 0
1 0 0 0 0 0 0
4 -3242 9732 -30 -11447 6797 19940
3 -1210 -11066 -3244 11220 708 -27758
2 0 0 0 0 0 0
1 0 0 0 0 0 0
3 -9388 -11396 -860 9701 -1517 -25429
4 -3214 6540 4662 -22087 10762 11162
3 -4636 -10142 -1636 24581 25584 -4063
4 -3072 15084 2558 -32768 15051 -1090
1 0 0 0 0 0 0
2 0 0 0 0 0 0
1 0 0 0 0 0 0
2 0 0 0 0 0 0
3 -4320 -18822 -11806 26004 9869 9940
4 -2076 22630 -6830 -28422 1852 -12344
2 0 0 0 0 0 0
3 -7632 -18152 -14920 28990 12163 17141
4 4326 21252 -9098 -5595 2704 -20390
1 0 0 0 0 0 0
2 0 0 0 0 0 0
1 0 0 0 0 0 0
4 18118 18262 -5726 5724 18225 -13989
3 0 0 0 0 0 0
2 0 0 0 0 0 0
1 0 0 0 0 0 0
4 5486 10550 -854 8661 11564 -391
3 -3720 -9598 -1782 -5517 -625 3557
2 0 0 0 0 0 0
3 -3574 -7200 -6296 -4741 8650 2339
1 0 0 0 0 0 0
4 3558 7834 -1528 8005 9263 2681
2 0 0 0 0 0 0
4 270 5804 -1390 1489 -3448 5348
1 0 0 0 0 0 0
3 -2690 -7710 -6412 -3598 5202 4469
2 0 0 0 0 0 0
3 0 0 0 0 0 0
1 0 0 0 0 0 0
4 1532 5788 -1992 -2333 -1039 3057
2 0 0 0 0 0 0
1 0 0 0 0 0 0
3 0 0 0 0 0 0
4 0 0 0 0 0 0
2 0 0 0 0 0 0
4 1450 7420 -3010 -6560 -8150 392
3 522 -6542 -4446 -1770 5778 4315
1 0 0 0 0 0 0
2 0 0 0 0 0 0
4 678 6868 -2268 -6969 -1467 -1327
1 0 0 0 0 0 0
3 0 0 0 0 0 0
2 0 0 0 0 0 0
1 0 0 0 0 0 0
4 0 0 0 0 0 0
3 1790 -5788 -5800 6430 -3015 -695
2 0 0 0 0 0 0
1 0 0 0 0 0 0
3 0 0 0 0 0 0
4 1988 8800 -2092 -2726 -2240 -2735
2 0 0 0 0 0 0
3 0 0 0 0 0 0
1 0 0 0 0 0 0
4 3122 8338 -1684 915 284 -1478

3 5964 -11400 -9928 -9088 11144 -16339
1 0 0 0 0 0 0
2 0 0 0 0 0 0
4 3552 14352 -5932 17708 12661 8326
4 5716 10272 -3092 9347 14906 14393
2 0 0 0 0 0 0
1 0 0 0 0 0 0
3 4640 -7120 -7280 757 14838 -15733
2 0 0 0 0 0 0
4 1212 7624 -1106 4748 5707 18008
1 0 0 0 0 0 0
3 2216 -3912 -4402 6757 9892 -14650
2 0 0 0 0 0 0
1 0 0 0 0 0 0
3 0 0 0 0 0 0
4 -22 3248 -888 1052 3096 14566
2 0 0 0 0 0 0
3 134 2530 -72 8226 8149 -10376
4 3304 -2284 -464 -7601 12263 11477
1 0 0 0 0 0 0
2 0 0 0 0 0 0
1 0 0 0 0 0 0
4 0 0 0 0 0 0
3 -2450 276 -128 10652 -4485 -13764
3 -10502 -4650 -1418 17855 -9565 -10483
1 0 0 0 0 0 0
2 0 0 0 0 0 0
4 -3472 206 -4108 -12550 -14524 18400
4 -5736 6052 -3666 -17730 12921 18967
3 -12754 -12626 -4726 29394 20100 7248
2 0 0 0 0 0 0
1 0 0 0 0 0 0
4 -6178 11364 -6470 -21592 9450 6733
1 0 0 0 0 0 0
2 0 0 0 0 0 0
3 -3760 -31334 -6768 22675 32767 32767
2 0 0 0 0 0 0
3 -830 -26536 -5652 -5763 24622 24176
4 -6728 12182 -6860 -16906 31737 -8205
1 0 0 0 0 0 0
3 -1098 -16770 -3234 -15649 32767 8876
4 13166 15766 -5678 8485 27148 -11567
1 0 0 0 0 0 0
2 0 0 0 0 0 0
4 9610 15262 -3266 18299 10735 2483
3 -444 -8092 -11024 -16009 8138 -2492
2 0 0 0 0 0 0
1 0 0 0 0 0 0
4 6814 9542 -2618 10225 10218 11611
3 0 0 0 0 0 0
2 0 0 0 0 0 0
1 0 0 0 0 0 0
4 4700 4094 -2320 5122 8018 12298
3 6374 -4880 -4838 -14037 3962 -6865
2 0 0 0 0 0 0
1 0 0 0 0 0 0
2 0 0 0 0 0 0
3 5048 -1798 -998 -8771 9299 -3702
4 5032 250 -2826 2445 7373 10653
1 0 0 0 0 0 0
3 6762 -792 188 -2794 9162 -60
2 0 0 0 0 0 0
1 0 0 0 0 0 0
4 4410 -2076 -928 2888 4207 10740
1 0 0 0 0 0 0
4 2678 -2524 1750 2109 4621 8946
2 0 0 0 0 0 0
3 0 0 0 0 0 0
2 0 0 0 0 0 0
3 5704 -328 202 14905 8623 4518
1 0 0 0 0 0 0
4 0 0 0 0 0 0
4 -2144 -3090 3518 -12038 -3951 13128
2 0 0 0 0 0 0
1 0 0 0 0 0 0
3 4660 642 -2998 23699 9624 5146
3 4222 882 -4194 26340 7769 6407
1 0 0 0 0 0 0
4 -6948 298 3710 -21128 -11880 18092
2 0 0 0 0 0 0

1 0 0 0 0 0 0
3 8110 -17724 -2828 -9030 -2557 -12132
2 0 0 0 0 0 0
4 -1536 23282 -5044 14661 15367 12831
3 5074 -21000 -2286 -6538 9932 -24381
1 0 0 0 0 0 0
2 0 0 0 0 0 0
4 -5630 32146 -3416 29965 14466 18093
3 4210 -12256 -1622 5536 11096 -18114
2 0 0 0 0 0 0
4 -1028 18726 -3074 14443 17164 17711
1 0 0 0 0 0 0
3 3490 -6482 -906 13857 9168 -11242
1 0 0 0 0 0 0
4 1198 12590 -1824 2389 9836 15899
2 0 0 0 0 0 0
2 0 0 0 0 0 0
4 2888 7934 720 -3956 16211 13320
1 0 0 0 0 0 0
3 9590 -7334 3804 15281 7916 -13692
1 0 0 0 0 0 0
4 3160 5146 5896 -10461 14377 8223
3 -5492 -18318 15974 2156 -32768 -32768
2 0 0 0 0 0 0
2 0 0 0 0 0 0
4 3290 23098 5738 -32768 18272 -621
3 -11068 -9550 15072 16946 32767 -14691
1 0 0 0 0 0 0
1 0 0 0 0 0 0
2 0 0 0 0 0 0
3 -5582 -19950 -8828 24100 -23842 -3822
4 -9710 32767 -11660 -32768 -26855 7535
1 0 0 0 0 0 0
4 4522 32767 -15612 -29371 30183 -11784
2 0 0 0 0 0 0
3 -16798 -30690 -8960 32767 32767 24697
2 0 0 0 0 0 0
3 4104 -32768 2520 -6661 32767 32767
1 0 0 0 0 0 0
4 -3312 27022 -6052 -19090 1276 -18568
3 566 -17030 -5064 -8425 31075 3692
4 4276 23290 -5872 -11819 32767 -22683
2 0 0 0 0 0 0
1 0 0 0 0 0 0
3 -4972 -9394 -3400 -14070 6274 -518
2 0 0 0 0 0 0
4 11496 8212 -4280 11194 -1960 -5213
1 0 0 0 0 0 0
1 0 0 0 0 0 0
2 0 0 0 0 0 0
4 4952 6058 -3752 1698 -621 14092
3 -1786 -5116 -2764 -12200 -353 2515
1 0 0 0 0 0 0
3 98 -2830 -2470 -5578 -3995 6152
2 0 0 0 0 0 0
4 1180 17018 -5012 3819 -21479 22229
4 -3496 16184 1318 18463 -32768 4144
1 0 0 0 0 0 0
2 0 0 0 0 0 0
3 3886 -5274 -4746 6136 2851 9896
2 0 0 0 0 0 0
1 0 0 0 0 0 0
3 4958 -9384 -2872 9114 -1253 3630
4 -6092 3868 6138 -4248 32767 -2174
4 4512 6276 1428 -4485 32258 -1601
3 1880 -10620 -4754 964 -20290 -8976
2 0 0 0 0 0 0
1 0 0 0 0 0 0
1 0 0 0 0 0 0
4 1744 5684 -1506 -3173 -8719 -4847
2 0 0 0 0 0 0
3 -7518 -9258 -6148 2997 -23847 -15244
4 -1750 7284 -1408 -10998 7788 -4279
3 -5692 -7894 -6040 9421 -3987 -8320
2 0 0 0 0 0 0
1 0 0 0 0 0 0
3 -4784 -7828 -6626 9906 587 -4466
1 0 0 0 0 0 0
4 3134 9634 -430 -3042 6355 -5009
2 0 0 0 0 0 0

1 0 0 0 0 0 0
2 0 0 0 0 0 0
3 -2238 -8530 -1814 -3593 -4870 -991
4 -1264 9002 -796 1913 -8498 468
2 0 0 0 0 0 0
4 4558 7108 -6690 -5885 18523 -2873
3 0 0 0 0 0 0
1 0 0 0 0 0 0
3 3412 -9600 -8396 -2504 4859 -2004
4 3036 13082 -4544 144 20181 3426
2 0 0 0 0 0 0
1 0 0 0 0 0 0
3 4088 -10136 -9832 -9711 2478 -7607
4 3044 16054 -6412 10955 4965 7947
1 0 0 0 0 0 0
2 0 0 0 0 0 0
4 2712 19760 -9188 16186 9115 12062
3 8198 -12318 -12068 -12850 15914 -7991
1 0 0 0 0 0 0
2 0 0 0 0 0 0
4 2716 16982 -5806 17432 14316 15081
2 0 0 0 0 0 0
3 6754 -15194 -14494 -16329 14122 -12973
1 0 0 0 0 0 0
4 -1812 10638 658 12233 8269 22009
1 0 0 0 0 0 0
2 0 0 0 0 0 0
3 -2534 -10492 -3418 -6769 10519 -22590
4 -3896 6476 2116 11029 2226 17749
3 -4638 -8018 234 -4798 8923 -21350
1 0 0 0 0 0 0
2 0 0 0 0 0 0
4 -3606 -4864 5214 -5593 12831 14025
2 0 0 0 0 0 0
3 -4452 -1718 224 11223 20960 -14093
1 0 0 0 0 0 0
1 0 0 0 0 0 0
2 0 0 0 0 0 0
4 -1758 1056 1896 -32768 3037 8281
3 -10280 -3390 -4988 23277 2668 -12766
2 0 0 0 0 0 0
4 -14740 14538 8258 -32768 19712 13716
1 0 0 0 0 0 0
3 -8046 -7192 -10486 28033 2996 -8311
1 0 0 0 0 0 0
4 2698 26560 128 -24509 32767 -13234
3 -11472 -17384 -9922 28944 9653 -1494
2 0 0 0 0 0 0
2 0 0 0 0 0 0
1 0 0 0 0 0 0
3 -1160 -15036 -7852 8378 32767 27631
4 4302 16718 -3260 18314 12665 -11973
1 0 0 0 0 0 0
2 0 0 0 0 0 0
4 6874 12534 756 16245 21092 3241
3 7472 -16050 84 -12292 32767 14345
3 562 -9880 -4138 -16973 5367 -412
1 0 0 0 0 0 0
2 0 0 0 0 0 0
4 678 8932 -572 10810 -5299 6406
3 -150 -4510 -1920 -6069 484 2230
1 0 0 0 0 0 0
2 0 0 0 0 0 0
4 -442 4798 -496 5927 1191 1303
4 0 0 0 0 0 0
2 0 0 0 0 0 0
3 0 0 0 0 0 0
1 0 0 0 0 0 0
4 308 4522 -1070 -13243 -7216 -5390
3 1116 -7356 -2980 14642 -8719 -190
1 0 0 0 0 0 0
2 0 0 0 0 0 0
1 0 0 0 0 0 0
4 -3056 15318 -3104 -25195 -6160 -4071
3 -922 -13040 -6490 18347 -16312 -5071
2 0 0 0 0 0 0
3 -2290 -11468 -5036 10339 -10370 -4675
1 0 0 0 0 0 0
4 -404 15998 -3236 -16965 6122 -5038
2 0 0 0 0 0 0

2 0 0 0 0 0 0
1 0 0 0 0 0 0
4 594 5240 616 -554 -1363 2325
2 0 0 0 0 0 0
4 686 5622 -1874 -1628 3843 -43
1 0 0 0 0 0 0
1 0 0 0 0 0 0
2 0 0 0 0 0 0
3 2436 -11396 -8172 -5726 7000 685
4 -780 13140 -5460 -17 9743 393
2 0 0 0 0 0 0
4 2646 23704 -1002 18362 16591 6282
3 3204 -19826 -10518 -17365 16998 -3682
1 0 0 0 0 0 0
4 638 28886 -2532 29974 10665 15326
2 0 0 0 0 0 0
1 0 0 0 0 0 0
3 0 0 0 0 0 0
1 0 0 0 0 0 0
2 0 0 0 0 0 0
3 -298 -14366 -5760 -10516 10476 -18700
4 -642 17560 -1906 21421 11358 20214
3 -590 -6808 -2710 1028 12989 -16326
1 0 0 0 0 0 0
4 -242 4342 264 6597 15203 18221
2 0 0 0 0 0 0
3 -1114 -4790 -1380 12170 8716 -17402
1 0 0 0 0 0 0
4 -1416 1838 1430 -6827 7139 14881
2 0 0 0 0 0 0
2 0 0 0 0 0 0
1 0 0 0 0 0 0
4 -5314 3038 3166 -18218 854 11042
3 -5784 -4112 -1296 20194 5449 -18635
3 -10416 -9178 -4142 26999 2336 -11337
4 -6270 7396 2922 -30242 1059 11666
2 0 0 0 0 0 0
1 0 0 0 0 0 0
4 -13366 31800 -7438 -32768 14427 2785
3 -5860 -18166 -11590 32111 16399 7385
1 0 0 0 0 0 0
2 0 0 0 0 0 0
2 0 0 0 0 0 0
1 0 0 0 0 0 0
3 8610 -19736 -11780 7575 22344 22870
4 9176 27762 -2820 -2042 20328 -23760
4 3556 15268 3680 2841 27623 -14190
1 0 0 0 0 0 0
2 0 0 0 0 0 0
3 9196 -13196 -7028 -5420 12939 13966
1 0 0 0 0 0 0
4 5964 9382 474 4261 17146 2067
2 0 0 0 0 0 0
3 5286 -10484 2352 -431 26536 9262
2 0 0 0 0 0 0
1 0 0 0 0 0 0
4 -992 6766 -262 2785 -10155 3537
3 2200 -6808 -2640 -1121 951 -1028
2 0 0 0 0 0 0
1 0 0 0 0 0 0
3 -610 -8526 -5388 873 -9531 -6196
4 -1636 7298 -1360 -864 1816 2160
1 0 0 0 0 0 0
3 -1306 -7870 -3996 351 -6853 -4650
2 0 0 0 0 0 0
4 0 0 0 0 0 0
4 0 0 0 0 0 0
2 0 0 0 0 0 0
1 0 0 0 0 0 0
3 -1608 -7206 -3900 50 1369 549
1 0 0 0 0 0 0
4 0 0 0 0 0 0
2 0 0 0 0 0 0
3 0 0 0 0 0 0
2 0 0 0 0 0 0
3 1526 -6270 -3184 1072 -5223 -1211
4 178 8324 -1904 -3709 5351 -2440
3 0 0 0 0 0 0
1 0 0 0 0 0 0
3 1716 -8330 -4564 5140 2265 2388

4 3890 16434 -5560 15263 14905 732
1 0 0 0 0 0 0
2 0 0 0 0 0 0
3 7772 -13942 -11910 -11426 14033 -1451
4 7290 25500 -5032 21940 6614 12623
1 0 0 0 0 0 0
2 0 0 0 0 0 0
3 10414 -22698 -9782 -18387 17903 -17887
3 3276 -17544 -8282 -10945 14232 -27521
2 0 0 0 0 0 0
1 0 0 0 0 0 0
4 -668 15974 -3970 15925 14069 25044
2 0 0 0 0 0 0
1 0 0 0 0 0 0
3 552 -6790 -4762 -2931 9740 -20103
4 -1442 6908 -2838 885 13060 22987
2 0 0 0 0 0 0
3 -3370 -4190 -434 7576 1644 -18237
4 0 0 0 0 0 0
1 0 0 0 0 0 0
2 0 0 0 0 0 0
1 0 0 0 0 0 0
3 -6406 -4926 1384 17021 14678 -14451
4 0 0 0 0 0 0
1 0 0 0 0 0 0
3 -8176 -6420 -4618 23404 6235 -8501
4 -8044 11028 -3046 -29367 -1720 5583
2 0 0 0 0 0 0
1 0 0 0 0 0 0
3 -3524 -16054 -13016 25407 15903 9584
2 0 0 0 0 0 0
4 -1308 20384 -10702 -22909 -2805 -3991
4 -1204 16806 -9774 -11255 16456 -15130
3 7050 -15496 -11502 11749 20902 20246
1 0 0 0 0 0 0
2 0 0 0 0 0 0
2 0 0 0 0 0 0
1 0 0 0 0 0 0
3 10120 -11730 -5204 108 20937 15436
4 4772 15712 -2606 -3397 29078 -12805
3 2270 -8894 -3206 -5173 13785 7337
1 0 0 0 0 0 0
2 0 0 0 0 0 0
4 3616 8328 -122 2291 18569 -3814
4 3250 7914 -336 2300 250 1062
2 0 0 0 0 0 0
1 0 0 0 0 0 0
3 2284 -7830 -3698 -4701 3432 1308
2 0 0 0 0 0 0
1 8072 1226 -5350 -9277 -2200 6591
4 0 0 0 0 0 0
3 338 -6696 -3282 -1497 -2375 -2001
3 0 0 0 0 0 0
1 6372 570 -3270 3394 -6839 1913
2 0 0 0 0 0 0
4 -1056 7354 -1668 -2163 -868 1534
2 0 0 0 0 0 0
3 0 0 0 0 0 0
4 0 0 0 0 0 0
1 3480 -924 -5724 -713 -5774 -5094
2 0 0 0 0 0 0
1 4368 2050 -7508 8290 -6781 27
4 0 0 0 0 0 0
3 830 -7776 -4560 3861 -9650 -3824
4 0 0 0 0 0 0
1 0 0 0 0 0 0
3 962 -8410 -5018 -607 -19833 -8568
2 0 0 0 0 0 0
2 0 0 0 0 0 0
3 -4902 -6936 -2644 -5870 -27757 -8533
4 -438 7842 -2190 1530 -7455 -303
1 2010 -1188 -8784 -307 1098 -1431
4 -72 7844 -994 -1228 12442 1235
2 0 0 0 0 0 0
1 1558 -346 -9988 -4323 10793 -5889
3 0 0 0 0 0 0
2 -568 -2748 8028 4263 -12079 2022
1 5226 1444 -6322 -147 1468 318
4 1926 7868 -2868 1779 1863 -962
3 -988 -8626 -1238 4959 32767 14853

1 3206 2542 -7572 33 -153 -2
2 -3030 -2752 -6556 -2265 356 1355
1 0 0 0 0 0 0
2 -6172 -3290 -6192 353 239 86
1 0 0 0 0 0 0
2 -1180 -2446 -6548 -4880 -5356 -1815
1 0 0 0 0 0 0
2 -9702 -1158 -7834 -13798 -3666 6190
1 0 0 0 0 0 0
2 2652 4988 -2118 12740 -675 -13797
1 0 0 0 0 0 0
2 -2988 1010 -8530 -10662 3690 -3985
1 0 0 0 0 0 0
2 -6786 -82 -8276 825 -2231 42
1 0 0 0 0 0 0
2 -9342 -2806 -6174 5968 4227 -3470
2 -3154 -4762 -4276 119 7756 2762
1 0 0 0 0 0 0
1 0 0 0 0 0 0
2 0 0 0 0 0 0
2 0 0 0 0 0 0
1 0 0 0 0 0 0
1 0 0 0 0 0 0
2 -2578 -3836 -3918 -4633 -17297 -6230
1 0 0 0 0 0 0
2 -7328 -2134 -4766 693 7605 -264
1 0 0 0 0 0 0
2 -976 -2428 -4944 1020 154 868
1 0 0 0 0 0 0
2 -5872 -4536 -5188 -84 1586 -4652
1 0 0 0 0 0 0
2 0 0 0 0 0 0
1 0 0 0 0 0 0
2 -8394 1394 -6218 702 -5232 10231
1 0 0 0 0 0 0
2 -188 5382 -10328 -9462 -10430 -13374
1 0 0 0 0 0 0
2 -2184 -1868 -7224 138 4415 1835
1 0 0 0 0 0 0
2 2316 -3098 -1872 13177 6178 5838

1 0 0 0 0 0 0
2 -1534 2432 -8956 -107 -1467 2769
1 0 0 0 0 0 0
2 -3724 2542 -9002 -203 3980 5475
2 -1746 1724 -7448 258 11419 -7121
1 0 0 0 0 0 0
1 0 0 0 0 0 0
2 -3236 -2082 -6894 3075 -4367 2142
2 -6118 -4468 -5220 -9623 1583 -2263
1 0 0 0 0 0 0
1 0 0 0 0 0 0
2 -2380 3308 -8976 7894 7305 6660
2 -34 2434 -7946 6729 2922 423
1 0 0 0 0 0 0
1 0 0 0 0 0 0
2 -3760 -14 -7704 1983 -2163 608
2 2674 -1868 -5828 -8868 -507 -3048
1 0 0 0 0 0 0
2 -2420 1486 -8142 819 1147 1905
1 0 0 0 0 0 0
2 0 0 0 0 0 0
1 0 0 0 0 0 0
1 0 0 0 0 0 0
2 -3438 3328 -8674 2229 2494 -1412
2 -932 1062 -8308 2369 3857 -848
1 0 0 0 0 0 0
2 0 0 0 0 0 0
1 0 0 0 0 0 0
2 2018 322 -7828 -7795 -2942 -2242
1 0 0 0 0 0 0
2 2506 6834 -8190 -2369 1664 -2527
1 0 0 0 0 0 0
2 0 0 0 0 0 0
1 0 0 0 0 0 0
1 0 0 0 0 0 0
2 -552 4826 -7472 1055 6581 4214
2 -202 4512 -6660 15814 -9038 1549
1 0 0 0 0 0 0
1 0 0 0 0 0 0
2 -6776 1814 -7054 1979 -1717 -3519

2 1988 -2988 -7780 1105 5608 1863
1 0 0 0 0 0 0
2 0 0 0 0 0 0
1 0 0 0 0 0 0
2 3480 -2692 -7056 -548 2356 732
1 0 0 0 0 0 0
2 3264 -2934 -7530 -209 -202 172
1 0 0 0 0 0 0
2 0 0 0 0 0 0
1 0 0 0 0 0 0
2 0 0 0 0 0 0
1 0 0 0 0 0 0
2 4410 -3052 -6820 230 -3068 -775
1 0 0 0 0 0 0
2 -78 -3290 -7920 213 -2570 -646
1 0 0 0 0 0 0
2 748 -3134 -8262 408 1517 -365
1 0 0 0 0 0 0
2 0 0 0 0 0 0
1 0 0 0 0 0 0
2 1746 -3140 -7614 325 144 217
1 0 0 0 0 0 0
2 1682 -3006 -7448 -249 2184 650
1 0 0 0 0 0 0
2 0 0 0 0 0 0
1 0 0 0 0 0 0
2 0 0 0 0 0 0
1 0 0 0 0 0 0
2 -1864 -2584 -7244 -250 -409 811
1 0 0 0 0 0 0
2 0 0 0 0 0 0
1 0 0 0 0 0 0
2 2726 -3016 -7626 525 845 1011
1 0 0 0 0 0 0
2 0 0 0 0 0 0
1 0 0 0 0 0 0
2 0 0 0 0 0 0
1 0 0 0 0 0 0
1 0 0 0 0 0 0
2 0 0 0 0 0 0

2 -2764 -4380 -4752 3607 -20493 -2420
1 0 0 0 0 0 0
1 0 0 0 0 0 0
2 -5810 -5018 -3048 3037 -11633 -1281
1 0 0 0 0 0 0
2 -5692 -5212 -2546 1784 -2856 -102
2 -5238 -4554 -1912 1100 -2401 63
1 0 0 0 0 0 0
1 0 0 0 0 0 0
2 0 0 0 0 0 0
2 -6060 -4878 -2024 318 581 1617
1 0 0 0 0 0 0
1 0 0 0 0 0 0
2 0 0 0 0 0 0
2 0 0 0 0 0 0
1 0 0 0 0 0 0
2 0 0 0 0 0 0
1 0 0 0 0 0 0
2 -6758 -4874 -2678 -5 3281 -374
1 0 0 0 0 0 0
1 0 0 0 0 0 0
2 0 0 0 0 0 0
2 0 0 0 0 0 0
1 0 0 0 0 0 0
1 0 0 0 0 0 0
2 -5530 -4742 -3184 -583 -854 -192
2 -4402 -4474 -4664 55 -3286 -194
1 0 0 0 0 0 0
1 0 0 0 0 0 0
2 0 0 0 0 0 0
1 0 0 0 0 0 0
2 -5310 -5364 -3144 718 3551 600
2 0 0 0 0 0 0
1 0 0 0 0 0 0
2 0 0 0 0 0 0
1 0 0 0 0 0 0
2 0 0 0 0 0 0
1 0 0 0 0 0 0
1 0 0 0 0 0 0
2 -4890 -4916 -2468 654 2616 -314

2 0 0 0 0 0 0
1 0 0 0 0 0 0
2 0 0 0 0 0 0
1 0 0 0 0 0 0
2 -9352 -4912 -2566 -2095 1957 1650
1 0 0 0 0 0 0
2 0 0 0 0 0 0
1 0 0 0 0 0 0
1 0 0 0 0 0 0
2 0 0 0 0 0 0
1 0 0 0 0 0 0
2 0 0 0 0 0 0
2 -5614 -4996 -2814 195 268 -137
1 0 0 0 0 0 0
2 0 0 0 0 0 0
1 0 0 0 0 0 0
1 0 0 0 0 0 0
2 0 0 0 0 0 0
2 0 0 0 0 0 0
1 0 0 0 0 0 0
2 0 0 0 0 0 0
1 0 0 0 0 0 0
1 0 0 0 0 0 0
2 0 0 0 0 0 0
2 0 0 0 0 0 0
1 0 0 0 0 0 0
2 0 0 0 0 0 0
1 0 0 0 0 0 0
2 0 0 0 0 0 0
1 0 0 0 0 0 0
1 0 0 0 0 0 0
2 0 0 0 0 0 0
2 -5848 -4662 -3056 -116 1706 214
1 0 0 0 0 0 0
2 0 0 0 0 0 0
1 0 0 0 0 0 0
1 0 0 0 0 0 0
2 -5136 -4376 -2874 -129 3082 -56
1 0 0 0 0 0 0
2 0 0 0 0 0 0

1 0 0 0 0 0 0
2 -3680 -4730 -5126 -1394 15266 407
2 248 -3824 -6322 -1200 20144 -437
1 0 0 0 0 0 0
2 5564 -3458 -5616 2675 10938 -3733
1 0 0 0 0 0 0
2 7832 -3946 -3962 3265 2478 -3469
1 0 0 0 0 0 0
1 0 0 0 0 0 0
2 7160 -4096 -3280 1494 30 -1620
1 0 0 0 0 0 0
2 0 0 0 0 0 0
2 0 0 0 0 0 0
1 0 0 0 0 0 0
1 0 0 0 0 0 0
2 0 0 0 0 0 0
2 0 0 0 0 0 0
1 0 0 0 0 0 0
2 6150 -3592 -4596 403 -1874 -346
1 0 0 0 0 0 0
2 0 0 0 0 0 0
1 0 0 0 0 0 0
1 0 0 0 0 0 0
2 0 0 0 0 0 0
2 0 0 0 0 0 0
1 0 0 0 0 0 0
1 0 0 0 0 0 0
2 4402 -3960 -5900 -192 -3772 1786
1 0 0 0 0 0 0
2 0 0 0 0 0 0
1 0 0 0 0 0 0
2 2064 -4032 -6918 -9 -2194 1247
2 0 0 0 0 0 0
1 0 0 0 0 0 0
1 0 0 0 0 0 0
2 0 0 0 0 0 0
2 0 0 0 0 0 0
1 4574 620 -7012 880 -1546 -6912
1 2516 4592 -6984 1882 636 -6884
2 0 0 0 0 0 0

1 6674 2454 -4414 -2413 559 1718
1 6712 3428 -3588 4511 2451 -5804
1 6984 3404 -2478 6496 4992 991
2 1026 -3442 -7544 257 287 280
1 7042 2240 -680 719 9548 -3345
2 1772 -3358 -7480 402 3341 1014
1 7562 -970 3210 -2376 31726 12431
2 0 0 0 0 0 0
2 0 0 0 0 0 0
1 6908 3058 1406 3667 -6744 3154
2 0 0 0 0 0 0
1 3628 48 6928 5254 6853 1778
1 2928 2168 8718 -992 -5863 2182
2 2360 -3430 -6698 211 -2015 -494
2 1866 -3182 -7166 215 -3470 -882
1 6360 396 5106 718 -311 -1624
1 0 0 0 0 0 0
2 0 0 0 0 0 0
2 0 0 0 0 0 0
1 5936 1760 4952 1210 2809 -3364
1 6056 1808 5368 172 -118 -503
2 0 0 0 0 0 0
1 0 0 0 0 0 0
2 0 0 0 0 0 0
1 5850 2500 4218 583 -7488 9
2 0 0 0 0 0 0
1 6614 3174 2490 2171 -13309 1995
2 0 0 0 0 0 0
2 1138 -3210 -7164 1078 -7507 -915
1 6964 3188 2442 -582 -6618 -548
1 5598 2234 2262 2098 762 2407
2 -394 -3300 -7086 326 -3506 459
1 0 0 0 0 0 0
2 0 0 0 0 0 0
2 -2982 -3188 -7424 191 -2340 8
1 0 0 0 0 0 0
1 0 0 0 0 0 0
2 -2810 -2602 -8030 616 3334 758
2 -672 -3310 -6998 917 12074 2971
2 250 -3764 -6920 603 3586 810

1 -5994 3874 -4040 489 -1987 -3035
2 1994 -3062 -7940 557 67 -24
1 -6870 2404 -2302 592 -7862 395
2 0 0 0 0 0 0
1 0 0 0 0 0 0
2 0 0 0 0 0 0
1 0 0 0 0 0 0
2 2490 -3494 -4890 -344 5859 714
1 -6836 886 676 -8646 -4562 -3382
2 0 0 0 0 0 0
1 -6456 3856 1838 -3875 -1721 -1825
2 0 0 0 0 0 0
1 -8290 3008 1508 1224 11471 -3093
2 1514 -2348 -7802 -1312 -3760 -1896
2 3630 -2138 -7864 95 -10372 -3219
1 -10612 -852 -3952 4565 30383 1084
2 936 -2276 -8188 297 -1017 -1838
1 -8292 -1192 -4752 16131 -1916 -2142
2 0 0 0 0 0 0
1 -4728 -3960 -6676 4446 698 -3415
1 0 0 0 0 0 0
2 -1276 -2638 -7768 106 -1275 -2204
1 -6760 -1132 -5954 -1622 -4520 -2357
2 0 0 0 0 0 0
1 -6156 -2948 -5628 1780 -3494 -3678
2 0 0 0 0 0 0
1 0 0 0 0 0 0
2 0 0 0 0 0 0
2 0 0 0 0 0 0
1 0 0 0 0 0 0
1 0 0 0 0 0 0
2 0 0 0 0 0 0
2 0 0 0 0 0 0
1 -5568 -2500 -4008 -1731 2033 -1695
1 -6818 -3542 -3092 3115 -3172 -2721
2 0 0 0 0 0 0
1 -6690 -4242 -3688 -193 -986 -776
2 0 0 0 0 0 0
1 0 0 0 0 0 0
2 0 0 0 0 0 0

1 -7194 -4290 -1912 -29 -191 175
2 0 0 0 0 0 0
1 0 0 0 0 0 0
2 0 0 0 0 0 0
1 0 0 0 0 0 0
2 0 0 0 0 0 0
1 0 0 0 0 0 0
2 0 0 0 0 0 0
2 0 0 0 0 0 0
1 0 0 0 0 0 0
2 0 0 0 0 0 0
1 0 0 0 0 0 0
2 0 0 0 0 0 0
1 0 0 0 0 0 0
1 -6426 -5304 -1946 -2211 -213 -536
2 0 0 0 0 0 0
1 0 0 0 0 0 0
2 0 0 0 0 0 0
2 0 0 0 0 0 0
1 -6362 -6218 -2412 -4482 2575 -1290
1 -5596 -2862 -4474 -8393 2881 -1798
2 0 0 0 0 0 0
2 0 0 0 0 0 0
1 -6852 -1800 -4750 -3900 2509 -162
2 0 0 0 0 0 0
1 -5232 -636 -6230 -1501 7120 7605
1 -5926 -1472 -7838 567 6594 2119
2 1520 -2716 -7926 478 4106 96
1 500 -1110 -9736 -3602 13797 28
2 602 -2460 -8082 1121 1330 517
2 1264 -2606 -8190 1614 2185 1945
1 0 0 0 0 0 0
1 -590 3290 -8682 1728 -1579 359
2 -38 -3230 -7772 1387 3940 1473
1 -616 370 -6546 8339 -919 9529
2 0 0 0 0 0 0
1 516 -566 -10062 1257 1744 1256
2 3384 -3176 -7378 811 -4404 -768
1 -4076 512 -7436 -11472 -4300 -7937
2 2754 -3466 -6888 354 1552 1905

1 -5398 3576 -3932 1380 -2051 4268
2 3412 -3202 -6110 915 4751 524
1 0 0 0 0 0 0
2 4210 -3108 -6918 234 1208 906
1 -398 6190 -1940 -1116 13477 -3824
2 0 0 0 0 0 0
2 0 0 0 0 0 0
1 -7860 638 -8958 -15083 -10828 -9835
1 -6920 4204 -990 2051 -7260 -4886
2 0 0 0 0 0 0
2 0 0 0 0 0 0
1 -9030 -1874 -3592 12218 -3648 4608
1 0 0 0 0 0 0
2 4598 -3214 -6098 865 -8873 -3556
1 -8288 3972 -1958 -5570 -5411 2307
2 2628 -2794 -6356 203 -1088 -494
2 0 0 0 0 0 0
1 -7800 3838 474 -4206 12863 -4981
1 -1208 498 -2038 -9451 -2695 -7752
2 0 0 0 0 0 0
2 0 0 0 0 0 0
1 -6604 5100 -704 -2050 -716 -3473
1 -6790 -638 -640 16835 -6493 -2347
2 0 0 0 0 0 0
2 0 0 0 0 0 0
1 -9648 488 2772 17588 7020 14924
2 2174 -2500 -7132 256 -756 -212
1 -6612 1470 -2950 -2857 -4147 3146
2 0 0 0 0 0 0
1 -10486 2454 -3568 -12211 8812 -8501
2 0 0 0 0 0 0
1 -11132 3664 -2522 -11943 -4639 -9333
1 -5048 1242 -3590 -325 268 -52
2 0 0 0 0 0 0
1 -7362 -402 -3900 8608 -4981 2704
2 0 0 0 0 0 0
1 -5656 -114 -5282 8758 5602 2444
2 0 0 0 0 0 0
2 0 0 0 0 0 0
1 -8918 -1130 -3652 -4588 6674 -4869

2 4934 -826 -6734 -264 1235 -2587
1 1966 -1398 -6128 -1787 -479 2368
2 0 0 0 0 0 0
1 2036 -1800 -8828 -6358 -4668 7596
2 0 0 0 0 0 0
1 -918 882 -5750 -6854 -6587 3077
2 5250 -2630 -4620 1444 2228 671
1 0 0 0 0 0 0
1 -1096 962 -7822 1901 2212 4902
2 0 0 0 0 0 0
2 0 0 0 0 0 0
1 -476 1078 -10022 -435 -2553 2487
1 -4134 1786 -9046 -8005 -15188 1374
2 0 0 0 0 0 0
2 0 0 0 0 0 0
1 -3486 3504 -4554 -3850 -7551 -2104
2 5400 -1858 -2650 -644 -5509 -1447
1 -6634 2196 -4670 2764 -12543 -7857
2 7864 -2914 -5686 -1502 -9000 -1745
1 -8790 2546 6324 -2384 -20868 2681
1 -4518 2270 2552 2180 5658 -1372
2 8474 -1632 -8880 -1819 -2233 484
2 0 0 0 0 0 0
1 -7178 14 2896 -2366 6119 -3269
2 6318 -1698 -7868 -141 6380 -1127
1 0 0 0 0 0 0
2 7112 -1570 -5650 1233 1422 -34
1 0 0 0 0 0 0
1 -10718 386 2372 485 -1970 1026
2 0 0 0 0 0 0
2 0 0 0 0 0 0
1 -5104 -544 2112 5103 -6757 2852
2 0 0 0 0 0 0
1 -7310 1600 3970 -2554 -8874 895
1 -6374 872 4854 -3153 1075 1245
2 6350 -2982 -4090 975 -450 291
2 0 0 0 0 0 0
1 0 0 0 0 0 0
1 0 0 0 0 0 0
2 0 0 0 0 0 0

1 0 0 0 0 0 0
1 -10860 -8808 -10548 12010 5353 7004
2 13550 -3116 1688 -1491 -2562 2492
1 -4230 6892 -4338 2465 1671 -6859
2 818 -2184 -6238 -902 620 921
1 -1356 222 -6700 -1334 -827 2238
2 0 0 0 0 0 0
1 -3672 2726 -5554 1619 -133 -558
2 0 0 0 0 0 0
1 -3820 906 -8156 1292 -271 -490
2 0 0 0 0 0 0
1 -4214 1378 -7522 91 -3871 -555
1 -5024 608 -7972 -1051 -11349 -203
2 6138 -2078 -7006 1513 -16892 -4217
2 -2890 -2666 -6540 1377 -6090 909
1 -6382 1538 -4524 267 -4443 1880
2 -356 -2166 -7254 1070 2503 -1116
1 -5790 596 -6704 1140 -2493 960
2 1668 -2634 -7470 -26 737 -705
1 0 0 0 0 0 0
2 0 0 0 0 0 0
1 0 0 0 0 0 0
2 0 0 0 0 0 0
1 0 0 0 0 0 0
2 28 -1922 -7788 -1376 -5215 -2720
1 0 0 0 0 0 0
2 0 0 0 0 0 0
1 -5266 1322 -5710 1482 8463 1154
2 -102 -2926 -6176 1806 -8950 -1201
1 0 0 0 0 0 0
2 1430 -1062 -7732 -1166 -7754 -895
1 -6872 8 -6316 -5467 -856 -2835
2 -4858 -1108 -7820 682 8372 2801
1 -3936 2358 -6920 1880 7123 -581
2 -972 -2682 -8494 3652 7342 1923
1 -1422 1400 -7960 -2275 20580 2283
2 0 0 0 0 0 0
1 2342 2322 -9484 -1673 6371 770
2 2816 -1664 -8642 31 -1458 -280
2 1246 -1758 -7720 246 -4622 -193

2 8952 -1956 -4850 1703 4090 2683
1 6680 816 -5132 2182 171 -3614
1 5150 -798 -4094 -1134 11389 -7265
2 0 0 0 0 0 0
1 7536 2510 -3444 663 2490 -838
2 7052 -5168 -4404 952 7043 -1007
1 0 0 0 0 0 0
2 1860 -2812 -3484 -165 1003 -1868
1 6622 1234 -3074 -4146 10334 -2236
2 7666 -1860 -4320 -1451 330 -1897
2 6720 -1456 -7156 -2319 -5138 1082
1 0 0 0 0 0 0
2 6252 -1108 -7188 218 -2780 1355
1 9798 -70 -772 -374 -8513 -675
2 4080 -2426 -5970 1765 -989 239
1 6912 2086 -2786 3349 -7046 -4578
2 0 0 0 0 0 0
1 5130 3264 -6686 2587 -3541 -3497
1 6396 3086 -5430 1280 -9269 -3325
2 0 0 0 0 0 0
2 4850 -2198 -6656 -132 -4567 -313
1 0 0 0 0 0 0
1 3460 3866 -5870 -1769 -816 -13
2 4880 -2492 -7278 -694 -564 430
1 7368 3488 -6638 2652 -10584 2678
2 0 0 0 0 0 0
2 0 0 0 0 0 0
1 5272 2144 -9864 2166 2998 1649
1 4998 2350 -7926 -5044 5002 858
2 0 0 0 0 0 0
2 0 0 0 0 0 0
1 4182 2632 -6236 -2462 -3775 -510
2 4692 -2038 -6272 16 -7665 -2801
1 3810 4070 -5808 -1516 -7993 -2637
1 -552 3574 -5386 -361 4127 1548
2 3688 -1398 -9022 -956 -795 -937
2 0 0 0 0 0 0
1 0 0 0 0 0 0
2 2966 -968 -8376 384 3101 1238
1 0 0 0 0 0 0

1 4632 3944 -8382 -4074 4547 1849
2 1772 -1928 -8570 611 -424 298
1 388 3748 -6940 -731 -3987 -2302
1 0 0 0 0 0 0
2 936 -1898 -7536 1171 7282 359
2 3058 -2874 -6338 -242 2726 -3334
1 3172 3882 -7510 -2123 11267 -246
2 7554 -1268 -8986 -285 -3523 -922
2 2214 -1564 -7964 286 1342 200
2 4606 -916 -10954 1844 -11999 -2306
1 2188 4624 -6264 -293 -2174 -4097
2 768 -2286 -7052 2437 -7178 -338
1 0 0 0 0 0 0
1 2614 4650 -7064 -1415 4818 1873
1 4582 4346 -6154 -2784 2861 -176
2 -4190 -1808 -7890 1858 -3498 -840
1 0 0 0 0 0 0
2 -2460 -3838 -5748 2226 -1236 -428
1 4574 6258 -3666 4236 3570 -1555
2 -516 -2280 -7432 -290 3892 1182
1 3738 5558 -4700 305 2168 246
2 0 0 0 0 0 0
1 0 0 0 0 0 0
2 0 0 0 0 0 0
1 6276 3556 -5238 -2292 -5764 976
2 1232 -2884 -7904 1793 5693 3561
2 -3662 -2378 -7824 4214 -4631 5586
1 2426 3142 -5668 -1325 -10536 1992
2 0 0 0 0 0 0
1 -16 4284 -6350 1096 -11547 3509
1 2550 6360 -6084 2415 -6042 3953
2 -2784 -4250 -6258 2027 4352 2400
2 -1214 -4202 -6394 656 8435 1958
1 552 4428 -8934 3128 -6339 4864
1 1896 4024 -7948 585 -2215 2530
2 0 0 0 0 0 0
2 530 -3822 -7690 -99 3809 991
1 872 3678 -8150 401 287 1002
1 0 0 0 0 0 0
2 0 0 0 0 0 0

1 0 0 0 0 0 0
2 1720 -3198 -7294 -691 -1461 47
1 0 0 0 0 0 0
2 0 0 0 0 0 0
2 0 0 0 0 0 0
1 0 0 0 0 0 0
2 -142 -2462 -7668 -637 -5752 55
1 0 0 0 0 0 0
2 0 0 0 0 0 0
1 0 0 0 0 0 0
1 0 0 0 0 0 0
2 0 0 0 0 0 0
1 0 0 0 0 0 0
2 0 0 0 0 0 0
2 0 0 0 0 0 0
1 0 0 0 0 0 0
1 -1494 2738 -8450 -979 798 -1053
2 0 0 0 0 0 0
2 0 0 0 0 0 0
1 0 0 0 0 0 0
1 194 3418 -8288 -570 3221 -541
2 0 0 0 0 0 0
1 884 3610 -7070 1786 4598 380
2 662 -264 -5962 -834 5335 716
2 1798 540 -6558 -4388 6936 2031
1 -1282 2714 -6152 3220 5734 1734
2 2858 232 -8558 -8471 9043 844
1 2068 2158 -7114 3826 11594 7283
2 1858 1656 -11596 -7237 168 -2966
1 0 0 0 0 0 0
1 10368 -1078 -7882 -1477 -2781 4764
2 2686 24 -10608 -690 -6882 -6820
1 0 0 0 0 0 0
2 6514 1348 -6612 -524 3487 -1095
1 12916 -3036 -10070 -4352 6694 6018
2 2454 3524 -6976 993 613 970
1 3124 -2818 -5222 1718 -742 1192
2 0 0 0 0 0 0
1 4952 -2174 -6356 2088 -4117 -2166
2 0 0 0 0 0 0

1 -394 -6068 -3564 -6163 -963 -3534
2 780 8108 -298 9808 -5763 1385
1 -160 -5246 -2812 -1820 2604 -2195
2 -278 5596 266 3829 -5833 2494
1 666 -5806 -3634 4019 -2085 -1637
2 0 0 0 0 0 0
2 0 0 0 0 0 0
1 0 0 0 0 0 0
1 0 0 0 0 0 0
2 228 9354 -138 -5773 953 1054
1 1480 -7340 -4398 2697 -5844 -541
2 660 8758 -280 -1875 -2060 -245
2 0 0 0 0 0 0
1 878 -7364 -4266 1761 -3616 -918
2 358 8434 -508 -347 -2450 -592
1 1602 -7306 -4234 760 -244 -379
2 0 0 0 0 0 0
1 0 0 0 0 0 0
2 0 0 0 0 0 0
1 0 0 0 0 0 0
1 0 0 0 0 0 0
2 0 0 0 0 0 0
2 0 0 0 0 0 0
1 0 0 0 0 0 0
1 -172 -7364 -2354 -2096 14042 5949
2 -262 7822 316 65 9350 -870
1 1164 -7006 -4048 -1811 -4307 1761
2 1416 7658 -738 -639 69 -1316
1 8432 -8504 -4008 -793 -92 -2472
2 0 0 0 0 0 0
2 0 0 0 0 0 0
1 180 -6566 -3950 741 -1380 -1612
1 0 0 0 0 0 0
2 0 0 0 0 0 0
2 822 8584 -778 -2307 4583 3085
1 0 0 0 0 0 0
1 1064 -8172 -5334 1488 1284 1732
2 562 10030 -246 259 1755 697
1 2864 -7780 -6554 -3914 -3290 -722
2 -368 9424 474 2577 4780 -170

1 1658 -5166 -1958 2722 -5826 -2881
2 -496 6830 -3924 406 10813 -1776
2 -1552 6882 -3788 -838 9678 -3233
1 1358 -7532 -4808 2398 -7499 -4602
2 0 0 0 0 0 0
1 2620 -7878 -2612 1943 -5229 -2514
1 3050 -7324 -3660 1941 -1167 -645
2 1250 9424 -2952 -1704 12146 -624
1 3332 -7188 -4162 750 -1543 -1624
2 576 8376 -774 600 2625 538
1 0 0 0 0 0 0
2 982 8904 -1256 -348 4063 -356
2 1658 8750 -2046 250 -513 -331
1 0 0 0 0 0 0
2 0 0 0 0 0 0
1 3862 -7620 -3892 477 2120 -773
1 0 0 0 0 0 0
2 0 0 0 0 0 0
2 3480 6590 -2184 1041 2562 1682
1 0 0 0 0 0 0
1 0 0 0 0 0 0
2 0 0 0 0 0 0
1 0 0 0 0 0 0
2 1460 8672 -624 1213 3981 -994
1 0 0 0 0 0 0
2 0 0 0 0 0 0
2 0 0 0 0 0 0
1 0 0 0 0 0 0
1 0 0 0 0 0 0
2 1600 7792 -2448 1355 7302 -1433
1 0 0 0 0 0 0
2 0 0 0 0 0 0
1 0 0 0 0 0 0
2 0 0 0 0 0 0
1 3506 -6844 -2758 2438 -10787 -4223
2 0 0 0 0 0 0
1 0 0 0 0 0 0
2 1504 8224 -3400 1835 2526 -3145
1 3912 -5828 -3920 1838 -3596 -1991
2 0 0 0 0 0 0

2 -1952 6608 -5288 4503 5404 -6057
1 0 0 0 0 0 0
2 0 0 0 0 0 0
1 0 0 0 0 0 0
2 0 0 0 0 0 0
1 0 0 0 0 0 0
2 134 3410 -5386 3640 2713 -4221
1 0 0 0 0 0 0
2 -1688 3292 -6148 649 -684 -2221
1 1602 -1888 -6432 -2784 -3643 1955
1 1150 -1486 -7238 -952 -3718 1293
2 0 0 0 0 0 0
2 4828 3482 -7168 -1346 1500 2649
1 -118 -1404 -9290 -859 -1038 42
1 -1716 260 -8820 -2293 1939 715
2 1346 4002 -9112 -1096 1209 2550
2 734 2750 -6336 -582 -10487 -1527
1 0 0 0 0 0 0
1 0 0 0 0 0 0
2 -3622 3912 -6942 -13 -4921 1691
2 0 0 0 0 0 0
1 -1440 -1266 -8058 -443 660 1990
2 0 0 0 0 0 0
1 0 0 0 0 0 0
2 0 0 0 0 0 0
1 0 0 0 0 0 0
1 0 0 0 0 0 0
2 0 0 0 0 0 0
1 0 0 0 0 0 0
2 0 0 0 0 0 0
1 0 0 0 0 0 0
2 -1676 4144 -6216 -260 -3913 -1644
1 0 0 0 0 0 0
2 -4912 3790 -6060 89 666 -715
2 0 0 0 0 0 0
1 -2348 -524 -8682 -1143 -557 -1236
2 0 0 0 0 0 0
1 0 0 0 0 0 0
2 0 0 0 0 0 0
1 0 0 0 0 0 0

2 -3570 2146 -6914 1526 -1815 4006
2 0 0 0 0 0 0
1 -310 -1214 -6670 575 2772 -8122
2 0 0 0 0 0 0
2 -1070 3814 -4542 -3305 5267 5530
1 -1190 -1744 -6294 5943 5203 -12256
1 -560 -4206 -7608 11388 -552 -14095
2 0 0 0 0 0 0
1 -1340 -7266 -7828 13360 -6243 -13124
2 0 0 0 0 0 0
2 0 0 0 0 0 0
1 -3510 -8078 -6620 10321 -3685 -6251
2 1880 8808 -774 -5216 7144 5
1 488 -7118 -6494 3272 8003 1694
1 0 0 0 0 0 0
2 2562 8510 -498 -1949 654 -630
1 2072 -7812 -5000 -4852 8808 4534
2 1928 8024 1256 -1025 -1759 -1118
1 3134 -7762 -3850 -5657 13335 4059
2 7328 10300 620 -539 -2388 479
1 0 0 0 0 0 0
2 0 0 0 0 0 0
1 3134 -6744 -12038 -17353 7943 1084
2 2392 9824 566 1549 -3622 1687
1 2512 -4934 -11480 -26810 7817 -2012
2 638 8426 -422 4047 -9983 -1411
2 -292 6430 -158 870 -2788 -4076
1 2320 -1214 -6046 -30360 3356 -6957
2 2760 8144 -306 -1493 1820 -3350
1 648 3146 572 -23369 -13807 -4957
2 3140 8346 176 -415 -8998 -1784
1 1960 4378 2618 -11896 -7320 -397
1 2386 4756 738 -2747 -2551 -6307
2 1412 7608 462 -1615 -14701 358
1 0 0 0 0 0 0
2 0 0 0 0 0 0
1 -1258 7720 938 7475 -23018 -3287
2 -958 8718 -1074 -7246 -8992 1999
1 -6596 4058 -7452 13543 -10945 6160
1 5942 4816 -12070 3642 -4348 166

2 336 8202 -186 -2901 -5988 1329
1 2084 -3240 -7270 23455 -2767 4627
2 326 8662 -226 -4096 -1792 1076
1 804 -9028 -9590 23222 -6970 2043
2 522 8582 -400 -2885 -308 182
1 1932 -13964 -8138 19185 -12332 -264
2 756 7834 -590 -482 884 -895
1 1586 -8692 -6160 2851 2900 1468
2 0 0 0 0 0 0
1 1506 -7696 -4948 -4284 -5781 -2746
2 0 0 0 0 0 0
1 -58 -7526 -5034 -4739 -3243 -2344
2 0 0 0 0 0 0
1 0 0 0 0 0 0
2 0 0 0 0 0 0
1 592 -7264 -3924 -5194 4502 2189
1 862 -5506 -3588 -2616 3021 2280
2 0 0 0 0 0 0
2 994 7494 332 3288 -2864 2456
1 0 0 0 0 0 0
2 706 7494 410 -1811 -6579 4366
1 678 -8286 -4692 3124 6514 5249
2 -104 7880 490 -5913 -11327 5469
1 1670 -7998 -4674 553 6139 4817
1 0 0 0 0 0 0
2 -1400 8924 836 -9035 -14307 5774
2 -3220 11516 480 -10004 -7437 5113
1 0 0 0 0 0 0
2 -1444 9776 160 -3503 -2137 -2275
1 966 -6836 -3974 1253 8441 2578
1 1580 -7786 -4500 1884 3446 -407
2 -1624 9184 -52 -1832 6683 -4544
2 2542 8720 -712 -2259 7851 -3613
1 1234 -7702 -4052 -1875 -4835 -2994
2 2758 10074 -632 -402 981 -1913
1 360 -7216 -3128 -2218 -4446 -1681
2 3432 9900 -444 4868 2784 1715
1 1868 -6722 -3084 285 -299 -163
2 1936 9228 314 7884 4854 5259
1 1204 -6176 -1590 3709 -5794 -603

2 136 7262 420 6277 1770 594
1 3626 -4066 -4436 -827 1808 -570
1 0 0 0 0 0 0
2 756 6082 2 779 2280 -181
2 1690 6966 -76 -5103 1180 -818
1 0 0 0 0 0 0
2 1532 8978 250 -9085 -2017 -1802
1 0 0 0 0 0 0
2 0 0 0 0 0 0
1 0 0 0 0 0 0
1 0 0 0 0 0 0
2 2070 8816 -1088 -3861 -2433 -783
2 -2176 7650 482 -503 -9242 -3483
1 -3752 -6824 -4034 5605 -6923 5520
1 4654 -7788 -4280 6526 -727 4558
2 1630 9026 -162 2475 2504 -813
1 694 -8170 -5168 6761 -5171 1649
2 558 9042 222 5747 -4398 -3886
2 0 0 0 0 0 0
1 2402 -8638 -5318 3461 -2221 900
2 1900 7900 -142 259 3415 -1436
1 0 0 0 0 0 0
2 0 0 0 0 0 0
1 0 0 0 0 0 0
1 0 0 0 0 0 0
2 0 0 0 0 0 0
2 0 0 0 0 0 0
1 0 0 0 0 0 0
2 0 0 0 0 0 0
1 0 0 0 0 0 0
1 0 0 0 0 0 0
2 0 0 0 0 0 0
1 0 0 0 0 0 0
2 0 0 0 0 0 0
2 0 0 0 0 0 0
1 0 0 0 0 0 0
1 0 0 0 0 0 0
2 0 0 0 0 0 0
1 0 0 0 0 0 0
2 0 0 0 0 0 0

1 962 -4676 -7210 1022 4070 21
2 1304 8492 2578 4433 2840 901
1 0 0 0 0 0 0
2 0 0 0 0 0 0
1 780 -5188 -5990 1182 630 -467
2 992 7142 2168 1609 612 291
1 0 0 0 0 0 0
2 1176 7914 1190 -894 4056 261
1 0 0 0 0 0 0
2 2346 7834 726 -1589 2239 -228
1 0 0 0 0 0 0
2 0 0 0 0 0 0
1 -482 -7538 -6956 -2844 3086 2947
2 0 0 0 0 0 0
2 0 0 0 0 0 0
1 -294 -5872 -5474 -2870 6065 9367
1 2798 -5572 -4414 1690 2129 8669
2 0 0 0 0 0 0
1 0 0 0 0 0 0
2 0 0 0 0 0 0
1 2534 -7424 -4746 9066 -12761 -1084
2 0 0 0 0 0 0
1 1950 -8068 -5528 7211 -1671 -477
2 0 0 0 0 0 0
1 0 0 0 0 0 0
2 0 0 0 0 0 0
1 -482 -7954 -3818 -2601 -2707 -2709
2 0 0 0 0 0 0
1 0 0 0 0 0 0
2 0 0 0 0 0 0
1 0 0 0 0 0 0
2 0 0 0 0 0 0
1 0 0 0 0 0 0
2 0 0 0 0 0 0
1 1168 -7152 -3610 -599 2346 1949
2 0 0 0 0 0 0
1 0 0 0 0 0 0
2 0 0 0 0 0 0
1 0 0 0 0 0 0
2 0 0 0 0 0 0

2 0 0 0 0 0 0
1 0 0 0 0 0 0
1 236 -6718 -3988 71 4926 2524
2 0 0 0 0 0 0
1 1624 -7202 -3226 -540 10425 3719
2 0 0 0 0 0 0
2 0 0 0 0 0 0
1 0 0 0 0 0 0
2 0 0 0 0 0 0
1 2394 -7042 -1710 -1018 -261 -1137
1 3398 -8390 -2402 3153 -12863 -3597
1 0 0 0 0 0 0
2 1314 7196 -394 -1845 -6690 348
2 1602 9688 3992 -2683 -21134 3476
2 1522 13594 -2832 2568 -26044 3887
1 5018 -11084 -9558 -2138 -4153 -7500
1 13628 -10190 -18156 -17307 -1254 -26181
2 -2794 22464 -17346 28336 -16803 435
2 -9964 16822 -6466 32767 -7989 -7008
1 -844 -8366 -12216 -31493 -2969 -26613
2 -10016 3394 3212 22572 1911 -8806
1 -7586 -1220 -4804 -20357 -2264 -7603
1 -5890 -4490 -1696 -7201 -14241 5877
2 -4948 3770 3030 1554 -5024 -16123
2 -3860 6514 1726 -11307 -1722 -19404
1 544 -8278 -2724 -2196 -7251 23036
2 368 14338 1922 -19063 10174 -21757
1 2124 -11518 -3546 4017 -11893 28177
1 7812 -21370 -9584 14437 -11117 28084
2 14272 19356 4088 -10437 15229 -16522
2 8732 14298 718 -10380 -10103 -14262
1 14048 -14810 -6082 5376 -32768 -1865
1 534 -5790 -6394 4655 -9371 -3024
2 1024 16644 -5646 -12174 -27575 -4633
2 -4848 8778 -2428 -1707 -11239 -2343
1 1408 -7080 -6160 7315 -1778 -1758
2 -1356 8304 -1324 1354 15098 563
1 -662 -7872 -5308 4634 -5841 -2002
1 944 -7474 -5126 -164 697 1156
2 3098 8278 192 3663 2426 634

2 2506 8440 1828 1043 -19741 1562
1 3242 -7334 -990 2671 -17052 -7796
2 0 0 0 0 0 0
1 2652 -9586 -5526 3126 -11986 -9572
2 -1906 13456 -9090 13988 -22128 -182
1 3192 -8484 -12602 -6168 -16388 -11883
1 0 0 0 0 0 0
2 -8164 14068 -7646 21042 -15303 -11309
1 -2494 -10386 -14130 -22381 -1269 1842
2 -10330 11224 -3134 14597 944 -18290
2 -5946 4532 78 10119 8866 -13755
1 -4106 -8162 -7154 -23541 -1678 4675
2 -3806 2580 1988 3653 10823 -12547
1 -3228 -3796 -282 -16791 -4054 8695
2 0 0 0 0 0 0
1 -1672 -2720 692 -7671 -2361 13577
1 0 0 0 0 0 0
2 0 0 0 0 0 0
1 3262 -10268 -2530 2147 555 18920
2 2386 11692 2088 -9559 83 -20246
2 7686 17234 2936 -11044 -3646 -18716
1 15804 -18012 -342 5697 -7193 24049
1 0 0 0 0 0 0
2 5704 20760 -1460 -11765 -3032 -13074
2 10154 11946 -4446 -6994 -32768 -7954
1 4734 -12596 -9740 16412 -12964 2930
2 -1334 10392 -3336 -4518 1710 -156
1 1064 -8608 -8494 8131 -8509 -628
1 1886 -7436 -4972 -2475 -5455 -553
2 -150 9730 -1188 -1698 2899 546
1 1946 -6978 -1264 -4916 -6806 -1010
2 0 0 0 0 0 0
2 -1238 8436 3210 4205 -7587 2592
1 1228 -8280 -1900 -3922 -4750 13
2 0 0 0 0 0 0
1 0 0 0 0 0 0
2 0 0 0 0 0 0
1 814 -8048 -3472 -3192 1560 149
2 1384 7610 1104 948 685 -197
1 112 -7208 -3736 -727 -1310 -173

2 1914 7676 608 231 -4656 152
1 0 0 0 0 0 0
1 2652 -7840 -4 73 -7305 -2958
2 1258 8502 3270 -1933 -12904 -266
1 5736 -9870 236 7748 -13242 -9485
2 7686 10108 2450 -7350 -14004 3561
1 6262 -13442 -6668 5461 -20753 -19327
2 3834 16376 -2034 606 -30055 7653
2 -922 16386 -4492 13575 -21898 3319
1 0 0 0 0 0 0
1 -18 -8356 -13854 -21734 -2559 -5702
2 0 0 0 0 0 0
2 -9204 8982 -982 15196 -1686 -14505
1 -2318 -4682 -10192 -21411 -974 -3491
1 0 0 0 0 0 0
2 0 0 0 0 0 0
1 -3664 -2486 -994 -10219 -7848 12631
2 -1488 3524 3936 4357 11695 -17695
1 4606 -7216 586 -6658 11137 22344
2 7614 4824 4804 555 32767 -8430
2 6008 4280 2826 6939 -6249 -13006
1 5728 -5124 2280 -7933 -8696 11683
1 5386 -8612 -1462 -3947 -9728 14375
2 1854 5460 3022 -1074 -6913 -18611
2 7488 13412 1848 -5605 7728 -17026
1 9112 -12424 -4006 3254 -14214 14334
1 8528 -14118 -9316 6913 -12482 9101
2 8976 16500 1836 -7519 -1091 -14122
2 8730 14956 -1956 -6062 -8471 -7345
1 3880 -8702 -6244 6362 -13421 -536
2 -1944 10270 -1362 -5123 -20403 541
1 2900 -6774 -5844 5296 952 -311
1 968 -6684 -4486 5659 -12989 -5475
2 -1864 8616 -1900 -1771 -8499 3227
1 -704 -7826 -4710 2435 -11504 -3543
2 -1224 9438 10 2201 824 -565
1 654 -7988 -3822 -1604 2606 2057
2 0 0 0 0 0 0
1 1954 -7458 -2972 -2740 1748 1535
2 1450 8476 2014 744 5536 -726

1 4724 -10630 -3654 911 -18345 -14079
2 6798 9768 4094 -3064 -19417 1943
2 4088 14840 -3820 -363 -15987 10328
1 2986 -8382 -13118 -5666 -7768 -13799
1 1526 -11346 -15308 -17682 -12752 -9674
2 324 17224 -6266 16223 -30979 4495
1 0 0 0 0 0 0
2 -12388 11100 -3164 22090 -21968 -14354
2 -6390 11556 -1058 18680 7150 -15260
1 0 0 0 0 0 0
2 -1778 6604 1380 12844 7035 -16645
1 -3756 -6168 -2000 -10812 -4206 15855
2 0 0 0 0 0 0
1 -1924 -5610 -484 -5463 1046 21374
1 0 0 0 0 0 0
2 1256 5812 1496 -412 1074 -16690
2 4176 9974 2996 -4542 1857 -19483
1 6038 -12212 -1214 -1749 -9475 19481
2 8766 15462 4240 -8186 4153 -19448
1 9800 -17452 -3906 8068 -10907 18334
2 9780 18226 368 -9851 -2050 -15438
1 9404 -12898 -11430 12992 -10405 8227
1 6808 -7456 -9584 6833 -7391 1020
2 7788 14004 -2204 -5539 -12370 -7037
2 -2980 8882 -2092 -1592 -17240 -764
1 -312 -6028 -6122 3154 -10362 -4138
1 -130 -7400 -5342 674 -2701 -1611
2 -816 8520 -1040 -3237 3864 2183
1 0 0 0 0 0 0
2 -64 8866 -744 -817 2957 963
2 -6 9110 -60 4595 -1275 -1270
1 1026 -7752 -3714 -3511 2996 982
2 0 0 0 0 0 0
1 0 0 0 0 0 0
2 252 7952 876 4481 1558 -1036
1 1094 -7170 -3538 -1823 527 2
1 1014 -7206 -3666 -141 462 -58
2 0 0 0 0 0 0
1 0 0 0 0 0 0
2 0 0 0 0 0 0

2 5038 12286 1164 -3209 -13934 7034
1 5068 -10578 -5302 3219 -13761 -12783
1 3022 -10350 -8250 -6115 -15282 -12831
2 2066 14020 -1998 5590 -23210 5452
1 1072 -8170 -11982 -15129 -5970 -5997
2 -2292 13300 -5534 15772 -19837 133
2 -10214 11332 -5590 20768 -16609 -12874
1 1278 -5404 -11190 -22957 111 -3232
2 -7894 5596 -954 15497 3882 -18517
1 -2756 -700 -7776 -19654 -1495 673
1 -2972 -2642 -5364 -14657 -6122 5407
2 -4112 3626 -1194 7978 3716 -17572
2 -1820 2746 220 -133 6235 -15331
1 0 0 0 0 0 0
2 5134 6084 -224 -2143 16668 -12858
1 5774 -4530 -460 -3717 3211 16050
2 6576 6838 972 -3218 5664 -12498
1 7120 -6466 -1470 -1119 -3930 15346
2 5414 10876 74 -9865 3520 -14024
1 6398 -8910 -4162 1936 -10378 15613
2 7116 15170 -396 -12121 -8435 -14600
1 5952 -10626 -6170 7197 -14945 12232
2 2004 16422 -5154 -13023 -10830 -9229
1 5592 -10240 -7740 12255 -13952 6993
2 4212 13350 -3996 -6198 -4603 -4230
1 4348 -10294 -6638 10822 -5350 3272
2 -1594 8372 -2360 -2910 -8486 -1543
1 690 -7946 -5024 3920 -10456 -1213
2 94 8928 -1500 -746 3494 975
1 1672 -8070 -4418 -2661 122 96
2 226 8138 1526 3062 -4134 -458
1 1150 -7730 -2696 -4023 -5479 -2935
2 -462 7988 1238 2408 -674 -117
1 250 -7644 -3136 -3797 -3562 -2082
2 -258 8088 1678 1689 3982 228
1 0 0 0 0 0 0
2 0 0 0 0 0 0
1 820 -7412 -3512 -1383 1388 381
2 0 0 0 0 0 0
1 0 0 0 0 0 0

2 2566 8534 3076 -2004 -13782 1399
1 5268 -9500 -958 6317 -10538 -6503
2 4762 10612 2690 -3085 -15549 5424
1 4734 -9682 -2128 3668 -16957 -10583
2 2680 13144 734 5426 -32768 4921
1 4054 -8580 -6766 -2847 -9329 -9252
2 -3396 10154 -4888 13226 -19314 -604
1 4204 -7942 -8698 -8267 -10928 -8653
1 0 0 0 0 0 0
2 -8544 9790 -4342 15084 -17927 -14122
1 1090 -6508 -11052 -23719 4528 4788
2 0 0 0 0 0 0
2 -4264 3326 -3896 9552 3415 -19786
1 472 -1058 -7238 -23389 -6459 4368
2 -2378 308 -3854 5120 818 -15179
1 1034 2942 -3670 -13858 -805 6045
2 -1428 1472 860 -3725 11260 -11946
1 1900 -2232 -3886 -5697 -4884 8597
2 2332 6790 214 -4158 19281 -12949
1 0 0 0 0 0 0
2 0 0 0 0 0 0
1 3502 -6000 -470 -3086 264 17537
2 4018 7440 994 -7639 -2535 -13822
1 5018 -8840 -18 -1572 -10906 16128
2 5954 14834 -240 -12127 2409 -13856
1 8222 -13356 -3366 5637 -5249 16047
1 9204 -15322 -5014 7719 -3191 12151
2 7010 17098 -1826 -9368 -1069 -10642
2 4690 12314 -3280 -7606 -3985 -4476
1 4042 -10714 -6550 7289 -11729 3959
2 0 0 0 0 0 0
1 2908 -7488 -5930 6633 -11529 -1447
1 170 -7502 -4974 1825 -11627 -3025
2 -276 8720 -1182 -1070 -5546 117
1 572 -8160 -4346 -3733 -2397 171
2 104 9122 -350 2514 -7143 -789
2 0 0 0 0 0 0
1 0 0 0 0 0 0
2 0 0 0 0 0 0
1 0 0 0 0 0 0

1 660 -7154 -2268 1671 -12991 -3937
2 1218 8068 960 -74 -5378 -679
1 2676 -8350 -3416 2574 -11920 -5818
2 5074 9676 2328 794 -19905 -263
1 6530 -9028 -2662 -55 -21174 -13821
2 0 0 0 0 0 0
1 -754 -8824 -8700 -4500 -16567 -13700
2 -768 12312 -4540 10609 -20938 3739
1 -392 -8892 -8872 -11278 -13948 -6840
2 0 0 0 0 0 0
1 0 0 0 0 0 0
2 0 0 0 0 0 0
1 -4260 -4320 -7070 -20018 -7212 10796
2 -4968 3228 -2372 12609 2693 -21176
1 -4532 736 -3936 -18444 -5061 14913
2 -1622 -4514 1236 11389 6765 -15342
1 -3178 7042 2142 -13899 2563 12863
2 -1264 -7134 250 5526 5508 -10740
1 -414 4040 -22 -1996 -9101 11663
2 810 -1766 -188 -8802 -7802 -14554
1 -916 -3318 -1754 10077 -7027 13837
2 -2058 6274 1674 -20542 -1053 -10747
1 -1720 -11444 -4320 15808 -6013 18403
2 -2106 17220 3884 -24232 7493 -13247
1 9698 -19342 -4296 11179 10720 24064
2 11826 17522 5640 -8470 14375 -16054
1 9166 -13758 -3140 4684 -14286 10980
2 3962 14674 -346 -7833 -17686 -11572
1 7566 -13250 -8186 7447 -7765 6515
2 1480 13344 -2372 -6264 -7561 -4598
1 374 -8006 -4962 9153 -12065 -1432
2 -1860 8168 -1546 -4150 -1345 -1946
1 -2 -7372 -5600 7697 -4983 -1840
2 314 8602 -1318 -3517 2138 846
1 1394 -7740 -5114 517 -7685 -2163
2 1542 9380 -224 2922 -11527 -2424
1 0 0 0 0 0 0
2 -2228 8310 1796 5971 -778 -1136
1 0 0 0 0 0 0
2 2160 8488 2144 4941 3986 1165

1 3180 -7644 2 2905 -9380 -3829
2 3948 7502 2610 1321 -10283 328
1 3078 -10374 582 4504 -27157 -10687
2 3226 9614 4022 330 -29792 184
1 1920 -10590 -3330 4461 -13463 -12677
2 0 0 0 0 0 0
1 2272 -10284 -10378 -3031 -15066 -13363
2 -5356 13744 -7272 16440 -21662 1235
1 -1632 -7764 -18596 -19611 -5815 -4142
2 -12690 14766 -12190 23139 -5847 -13494
1 -3560 -10574 -22832 -32768 -6445 3130
2 -13496 16822 -7252 27635 -744 -31524
2 -720 2522 4186 23156 16529 -17589
1 -2096 -4802 -2520 -32768 -2775 9661
2 5246 1940 -3402 -796 5405 -6855
1 -624 744 -1148 -6838 -2829 450
1 -1096 -6876 -2152 11624 -18482 9062
2 -2286 5636 4550 -15634 -23435 -14068
1 -390 -7428 630 13517 -18962 15040
2 552 8864 356 -13144 4185 -14281
1 2098 -14322 -3676 10376 4121 18871
2 804 12356 4848 -9418 2332 -17715
1 6230 -23632 -6376 13013 1764 24587
2 4284 23942 2942 -16418 13212 -17878
1 5470 -22672 -9284 13928 -22087 12580
2 4902 22770 1920 -11631 -9737 -18022
1 4410 -11664 -8704 7717 -32768 -6902
2 4722 14580 654 1133 -32768 -12067
2 -3716 8462 -4950 -508 3887 1260
1 -5688 -7098 -6644 4593 2546 -324
2 0 0 0 0 0 0
1 1308 -6770 -3756 -2629 7899 2015
2 -1192 7178 414 8610 -4604 -555
1 718 -7972 -2012 -5821 -12014 -4113
1 -468 -8520 -2358 -6364 -1503 652
2 -1472 7958 458 5017 528 -1548
1 508 -8192 -2324 -5498 11615 2719
2 -1344 7414 486 -891 9099 25
1 1132 -8564 -3598 -2393 7530 715
2 -570 11482 254 -3005 18367 3839

2 3362 13000 170 -1553 -17077 7643
1 6080 -11740 -3604 6618 -12154 -11647
2 778 13744 -2066 5679 -22174 7668
1 4188 -11346 -6542 -115 -19910 -16579
2 0 0 0 0 0 0
1 0 0 0 0 0 0
1 -6810 -9838 -11986 -18330 -2720 2861
2 -11344 13530 -7298 17684 -15839 -15719
1 -5046 -8568 -9578 -23641 -3153 9801
2 -9120 11114 -342 13396 7562 -25364
2 -2072 3974 716 10237 7373 -20746
1 -2492 -4346 -2854 -21685 1110 12492
2 142 1044 -576 4126 7227 -13846
1 572 -454 -1568 -11819 1048 10823
1 0 0 0 0 0 0
2 0 0 0 0 0 0
2 3080 10088 2 -8454 13309 -16069
1 1020 -7070 -3000 1570 -9330 17468
1 7042 -11916 -3060 4523 -4419 20843
2 0 0 0 0 0 0
1 12864 -16834 -1584 7185 -1035 17419
2 4376 20778 278 -12133 -8381 -13974
1 7662 -13000 -4378 8437 -7347 9129
2 3758 17000 -1298 -13966 -11392 -9354
2 2456 14026 -4206 -7764 2216 -2910
1 3620 -9956 -5660 6988 -10921 1716
1 1796 -7576 -5342 2793 -7902 -1676
2 920 8444 -2962 -2112 -7235 -964
1 0 0 0 0 0 0
2 -444 8588 -1278 1828 -227 837
1 446 -7418 -3738 -1787 -4232 -646
2 -190 8822 452 5424 -1433 205
1 770 -8850 -2838 -3342 -984 1040
2 0 0 0 0 0 0
1 0 0 0 0 0 0
2 -338 8270 1164 4175 600 -130
1 0 0 0 0 0 0
2 0 0 0 0 0 0
1 1250 -7262 -2942 -2309 369 -313
2 0 0 0 0 0 0

1 5354 -10352 -10436 -8630 -21244 -14713
2 -82 13654 -6474 14177 -24058 2913
2 -9942 13106 -4018 19978 -17139 -8515
1 0 0 0 0 0 0
2 -7780 11660 -3416 16811 -1030 -20315
1 -3536 -8718 -10492 -24790 -2551 3404
2 -5216 6102 -1746 10074 5784 -20522
1 -1346 -7198 -8836 -25754 1018 9700
1 -1392 -1936 2042 -17709 -3012 9659
2 -1016 2848 1204 5108 9062 -15914
1 306 -2396 400 -6642 -5967 14372
2 0 0 0 0 0 0
1 2826 -5934 -2244 -1368 -189 20410
2 1912 7538 1156 -6342 7002 -19112
2 6964 11902 1032 -8584 5920 -16792
1 6536 -8820 -2320 -1333 -6188 16846
1 9712 -9008 -2748 -4 -8112 10921
2 4978 12650 366 -8278 -11185 -14719
1 4260 -9752 -8070 8120 -21157 4864
2 5290 14678 -2262 -8505 -2076 -9422
1 7990 -9710 -6054 4257 -3754 5233
2 4344 9454 -1124 -5150 -13437 -6198
1 1562 -6980 -5782 3652 -15911 -2060
2 0 0 0 0 0 0
2 -852 9438 -1048 -436 -1817 -1312
1 -192 -6936 -7758 1767 -4586 -2090
2 0 0 0 0 0 0
1 -228 -6754 -4734 1696 2936 11
1 0 0 0 0 0 0
2 652 7858 252 3158 670 308
2 0 0 0 0 0 0
1 0 0 0 0 0 0
1 662 -8052 -3246 -450 -1502 -873
2 0 0 0 0 0 0
2 0 0 0 0 0 0
1 0 0 0 0 0 0
1 0 0 0 0 0 0
2 0 0 0 0 0 0
1 792 -6622 -3750 -561 -598 418
2 0 0 0 0 0 0

2 1732 12144 258 -2112 -12357 6713
1 3112 -11178 -3082 7037 -14066 -11629
1 4856 -11576 -7092 495 -16067 -13644
2 1148 13850 -3632 5788 -17685 3243
1 870 -8234 -16834 -17891 -24776 -13871
2 -9878 12078 -9282 23517 -29305 -10050
2 0 0 0 0 0 0
1 -5778 -8360 -12442 -28371 -479 5138
2 -3266 5292 1210 14550 9060 -19287
1 -3266 -6826 -5890 -19326 5077 9224
1 -1778 -3384 -3026 -13561 -8801 6975
2 -1492 2868 284 3910 -2990 -18906
1 80 -1874 -1824 -7665 -5780 12094
2 -1996 2972 486 -6664 1229 -15091
1 1360 -4496 -2474 -346 -6055 18076
2 2452 8852 -492 -13174 12639 -14109
2 6904 13444 496 -11670 3057 -13377
1 7032 -11222 -4704 6585 -8159 18974
2 4490 15008 -188 -11161 -6542 -12173
1 9532 -13836 -6418 8803 -7538 16648
1 8468 -11480 -3930 6763 -2773 11388
2 9914 14614 -2654 -10754 1834 -7020
1 5174 -8406 -5390 7322 -11198 1948
2 1302 10850 -2116 -4969 -14570 -2976
1 1744 -7932 -5326 4077 -8443 -876
2 -1142 9234 -1756 -1372 -5270 -157
2 -782 8908 -898 219 -162 181
1 1074 -7630 -4670 48 -6635 -1161
2 -274 8584 -510 1661 -1929 -1039
1 384 -7272 -4318 -2564 -2607 -551
2 0 0 0 0 0 0
1 1034 -7306 -3816 -2274 193 -346
1 0 0 0 0 0 0
2 0 0 0 0 0 0
1 0 0 0 0 0 0
2 -210 8562 146 1657 4366 46
1 0 0 0 0 0 0
2 0 0 0 0 0 0
2 238 8206 264 1880 498 1
1 0 0 0 0 0 0

1 7868 -12810 -9074 -547 -20856 -17125
2 5920 15850 -2726 4592 -27477 6087
1 -3564 -10544 -15542 -19411 -13717 -9682
2 -4366 17440 -7986 16212 -20233 -99
1 0 0 0 0 0 0
2 -8934 16922 -5284 24012 -4304 -14375
1 -2842 -6118 -6964 -23469 -5988 3645
2 -4780 11698 -602 20999 4301 -18147
1 -2932 -1890 -1748 -12927 -9349 5405
2 -1658 4538 320 11650 1372 -15791
2 -566 1546 2340 1112 7620 -13471
1 0 0 0 0 0 0
1 446 -4090 -658 -1707 -6269 17076
2 0 0 0 0 0 0
1 4586 -4296 -1300 1636 -13220 14990
2 3802 5790 754 -4464 -3424 -17942
1 8064 -12602 -5552 9331 -5599 18610
2 6548 14630 -704 -12240 186 -15413
1 10906 -14846 -6050 8598 -70 18771
2 9846 17434 -78 -11679 3444 -12431
2 0 0 0 0 0 0
1 9432 -12376 -8450 9875 -5736 9886
2 2384 12070 -3138 -6308 -6453 -3562
1 4658 -8704 -5744 4012 -9576 2647
2 728 9154 -2674 -4928 5345 -123
1 0 0 0 0 0 0
1 1198 -7546 -5790 182 -5229 -935
2 1354 9244 -1042 2326 -8231 -3120
1 0 0 0 0 0 0
2 -240 8322 1018 2792 -6027 -1141
1 0 0 0 0 0 0
2 -88 8308 456 1178 1096 592
1 0 0 0 0 0 0
2 0 0 0 0 0 0
1 0 0 0 0 0 0
2 0 0 0 0 0 0
2 -490 7948 1154 851 127 -69
1 0 0 0 0 0 0
1 0 0 0 0 0 0
2 0 0 0 0 0 0

2 -5138 16116 -5580 25873 -22928 -3238
1 -1672 -10512 -11234 -20749 -14532 -8245
2 -8924 10044 -1320 23902 -15155 -20098
1 -8538 -5996 -10132 -25977 -760 2951
2 -4392 842 -1546 14435 -1601 -19486
1 -3158 980 -5404 -22608 -5826 3448
2 -4072 1026 -4 1240 -1638 -14193
1 -704 -1300 -4342 -11642 -11666 4855
2 0 0 0 0 0 0
1 0 0 0 0 0 0
2 454 8622 1086 -8005 9678 -17172
1 2366 -8116 -2430 1548 -3693 21314
2 0 0 0 0 0 0
1 8668 -11062 -3484 3422 -4198 20104
2 6064 15044 -210 -9729 -7986 -16434
1 12620 -15462 -7290 8560 -460 17116
2 5748 18014 -3976 -10064 -3230 -11456
1 10078 -13112 -9282 8824 -9112 9715
2 830 12582 -6344 -9323 -10052 -5225
1 6212 -8776 -7408 6543 -9510 3220
2 2524 9946 -4810 -1393 -4136 -2595
1 3632 -7290 -6270 4181 -3269 4
2 -1622 8352 -1184 2611 -457 -370
1 0 0 0 0 0 0
2 478 7846 -786 1050 2181 1199
1 794 -6990 -4228 -1823 -2194 -630
2 -806 8234 44 721 -1550 545
1 1148 -7388 -4090 -1019 -1168 -375
1 0 0 0 0 0 0
2 0 0 0 0 0 0
2 0 0 0 0 0 0
1 0 0 0 0 0 0
1 0 0 0 0 0 0
2 0 0 0 0 0 0
1 0 0 0 0 0 0
2 0 0 0 0 0 0
2 0 0 0 0 0 0
1 0 0 0 0 0 0
2 0 0 0 0 0 0
1 0 0 0 0 0 0

2 0 0 0 0 0 0
1 0 0 0 0 0 0
2 3744 8806 6354 4031 -10875 -835
1 3512 -9884 3372 2790 -17258 -6404
2 11372 12512 7992 -4697 -27432 7161
1 6394 -12716 2400 8771 -18422 -13288
1 5738 -15914 -7568 -2618 -32768 -24825
2 622 21154 -3726 10265 -32768 12955
2 -10176 15020 -2806 27311 -16352 -7518
1 -7712 -9364 -11836 -22642 -17761 -8787
2 -7952 8302 -4128 22434 -3156 -17032
1 0 0 0 0 0 0
2 -2882 40 -3916 14370 -1913 -17446
1 -1490 1138 -7194 -22263 -7765 7094
2 -2100 1004 740 1511 3890 -11372
1 -1772 -1102 -2712 -8366 -8763 5310
1 -1876 -3408 -782 1261 -4440 13795
2 0 0 0 0 0 0
1 3504 -4968 108 351 2236 20131
2 -528 4842 1022 -5583 8727 -15067
2 6570 9002 1330 -2272 2127 -17123
1 8426 -6142 -570 1804 -4840 15809
1 6864 -9182 -4520 6067 -8177 12895
2 0 0 0 0 0 0
2 4190 14972 -4044 -11827 -4485 -10996
1 0 0 0 0 0 0
2 6894 15090 -4678 -7657 40 -7557
1 9310 -10772 -8992 9064 -5060 9619
2 2922 11252 -4008 -4587 -5028 -3667
1 7050 -7126 -7970 5735 -8155 3242
2 0 0 0 0 0 0
1 3296 -7242 -6616 2808 -2443 240
1 0 0 0 0 0 0
2 0 0 0 0 0 0
2 -850 8340 -702 796 -2257 324
1 0 0 0 0 0 0
2 0 0 0 0 0 0
1 994 -7418 -3976 -350 -2749 -706
1 0 0 0 0 0 0
2 0 0 0 0 0 0

1 1474 -7630 -3856 -448 191 -57
2 12 8392 -176 39 320 46
1 0 0 0 0 0 0
2 0 0 0 0 0 0
1 0 0 0 0 0 0
2 0 0 0 0 0 0
1 0 0 0 0 0 0
2 0 0 0 0 0 0
1 0 0 0 0 0 0
2 0 0 0 0 0 0
1 0 0 0 0 0 0
2 0 0 0 0 0 0
1 0 0 0 0 0 0
2 0 0 0 0 0 0
2 0 0 0 0 0 0
1 0 0 0 0 0 0
2 0 0 0 0 0 0
1 0 0 0 0 0 0
2 0 0 0 0 0 0
1 0 0 0 0 0 0
2 0 0 0 0 0 0
1 0 0 0 0 0 0
1 0 0 0 0 0 0
2 0 0 0 0 0 0
2 98 8630 294 1030 -1940 -453
1 0 0 0 0 0 0
2 38 8182 1722 2311 -3771 -1396
1 0 0 0 0 0 0
2 1026 7442 2550 -972 -8050 72
1 1718 -7594 -1534 4338 -8326 -1846
1 0 0 0 0 0 0
2 2098 9948 3076 -4936 -10091 3566
2 0 0 0 0 0 0
1 2498 -10444 -1780 7547 -11814 -8931
1 6630 -10188 -2662 1795 -21083 -13021
2 4332 11818 -342 1538 -22678 5436
2 -848 11246 -9122 14827 -22191 -290
1 3822 -6780 -11904 -10953 -20873 -12379
2 -7584 12782 -5994 24620 -20634 -12862
1 0 0 0 0 0 0

1 13180 -18902 -13238 -1191 -30325 -29503
2 12444 23516 -954 6344 -32768 11211
1 -18892 -21476 -12316 -31493 -32768 -8731
2 -13082 22354 280 32767 -32768 -7321
2 -9876 17434 6320 13172 2321 -30116
1 -8428 -16644 -4662 -27743 -4954 16748
1 -1552 -10004 -852 -18286 -92 19088
2 -3546 12370 4224 7977 21414 -24356
1 -392 -5604 -1564 -9384 -7779 13140
2 734 6270 2780 4104 1481 -18954
2 0 0 0 0 0 0
1 642 -8914 -3546 3175 -16861 18765
2 5220 22548 356 -16131 7419 -16971
1 8090 -20018 -7136 15941 -14471 21087
2 8626 19420 -100 -12268 -11782 -12259
1 12244 -14220 -8428 9042 -8316 10255
1 10586 -10684 -10094 9471 5329 8148
2 9202 18246 -4088 -13712 -4555 -3328
1 3982 -7570 -8572 7219 -8718 -1320
2 -3790 10444 -4638 -4357 -16457 2524
1 650 -7030 -5946 2719 -4804 -2327
2 -2290 8524 -2664 -200 -130 1714
2 0 0 0 0 0 0
1 0 0 0 0 0 0
2 -858 8726 -212 4351 3136 -1735
1 0 0 0 0 0 0
1 1168 -7324 -3466 -2615 835 -430
2 0 0 0 0 0 0
1 0 0 0 0 0 0
2 0 0 0 0 0 0
2 790 7900 518 2288 3625 -416
1 0 0 0 0 0 0
1 0 0 0 0 0 0
2 380 7644 184 370 1386 -240
1 0 0 0 0 0 0
2 0 0 0 0 0 0
1 0 0 0 0 0 0
2 0 0 0 0 0 0
1 0 0 0 0 0 0
2 0 0 0 0 0 0

2 4660 16760 -2818 4836 -24843 9625
1 8950 -14174 -6944 1804 -14346 -17881
1 2774 -14262 -13296 -14222 -14318 -17263
2 -2342 19518 -6186 23066 -27944 1585
1 -9714 -9600 -11768 -24198 -1185 -894
2 -6198 14122 -1238 23854 -11508 -22868
2 -4672 4524 2702 14043 19179 -18310
1 -5210 -8392 -5070 -25745 -4655 6303
1 -2282 -3904 -2014 -17549 -6413 9412
2 -786 1772 1840 5894 -4867 -16741
2 -2740 2840 1732 -6316 -2552 -13979
1 74 -2776 -1220 -6270 -11497 13169
2 -1624 10394 1310 -18269 3413 -15576
1 2952 -6556 -3276 4935 -2268 15906
2 3194 20880 476 -20443 8225 -16878
1 8504 -14894 -7420 13212 -17560 19001
1 11978 -14986 -9214 5702 8639 20520
2 4042 14600 -5448 -5992 -19876 -9157
1 6148 -7586 -6872 3724 -14256 3288
2 2442 12998 -6832 -10751 -1225 -3343
2 1994 10074 -4022 -6324 -5729 -8
1 5268 -6268 -5294 6222 997 3819
2 0 0 0 0 0 0
1 24 -7936 -4260 5966 -10442 -3277
1 930 -7648 -4690 2462 -5850 -2191
2 -1450 8472 -882 -1333 3102 928
2 0 0 0 0 0 0
1 456 -7996 -4288 -1592 -3170 -959
2 0 0 0 0 0 0
1 1124 -7368 -3950 -2446 45 80
2 0 0 0 0 0 0
1 0 0 0 0 0 0
2 0 0 0 0 0 0
1 0 0 0 0 0 0
2 0 0 0 0 0 0
1 0 0 0 0 0 0
1 0 0 0 0 0 0
2 0 0 0 0 0 0
2 0 0 0 0 0 0
1 0 0 0 0 0 0

1 1760 -9168 -8 3212 -12235 -4756
2 2214 8886 3574 -2077 -9558 760
2 6706 12144 3832 -2469 -19178 4073
1 7614 -11586 626 8920 -15043 -11865
2 2422 16852 -9602 13761 -27669 10847
1 8328 -14094 -9878 2321 -26683 -20942
2 -8248 16530 -8458 26923 -17245 -4818
1 -3962 -11708 -15370 -26140 -19371 -13761
1 -6532 -8254 -11822 -26204 5377 1422
2 -9200 10832 818 24894 2454 -18531
2 -1682 3468 898 13642 6629 -17884
1 -3100 -6090 -4770 -21342 -3923 4044
2 -1990 1448 872 2402 -1321 -15917
1 -2080 -3634 -1994 -12705 -9888 7219
2 -558 5766 212 -9015 1510 -15203
1 -702 -4940 -2346 -2000 -12559 15766
2 2162 16798 898 -13815 7091 -17634
1 1608 -13378 -3816 10085 -9382 22359
2 7604 16766 1426 -8458 6848 -15428
1 9580 -18524 -5152 11159 -8681 19676
1 12228 -13004 -7142 5382 -1347 10931
2 6352 13838 -322 -7333 -9990 -9839
2 2284 15640 -1774 -8923 -7373 -4587
1 7976 -9542 -7178 5286 -4665 3553
2 -1146 9872 -1354 -5971 -7377 59
1 0 0 0 0 0 0
1 -202 -7664 -4678 3705 -6301 -3134
2 -942 8384 -1022 -2109 3495 2592
1 0 0 0 0 0 0
2 -150 9028 -282 1653 -1792 1052
1 1322 -7808 -3810 -3102 2322 -33
2 -666 8948 -2 4447 -1399 -738
2 0 0 0 0 0 0
1 0 0 0 0 0 0
1 0 0 0 0 0 0
2 -144 8004 1438 4232 -1754 -1834
2 0 0 0 0 0 0
1 1322 -7484 -2538 -1284 789 400
1 0 0 0 0 0 0
2 0 0 0 0 0 0

2 968 9422 894 1444 -251 273
1 1500 -8032 -2596 651 -2244 -911
1 2486 -8794 1350 3325 -14255 -5528
2 1622 7064 4006 -725 -8274 754
2 3408 10260 4044 -6396 -15358 4100
1 3560 -11186 842 6490 -20436 -11260
2 5168 14776 454 1001 -32701 6431
1 6464 -12772 -3474 3978 -9638 -14066
1 6880 -10834 -11116 -7148 -18500 -17968
2 -4224 12922 -4488 16220 -29876 1876
2 -9804 16618 -14646 29312 -2647 -5737
1 -4000 -8346 -18028 -26348 -1481 -3064
1 -4614 -5980 -12640 -32768 -9008 5279
2 -7724 13662 -6004 29584 2700 -26760
2 84 3314 1488 17048 3801 -14534
1 -1494 -5236 -4098 -22008 -6316 5831
2 -1282 7396 2718 -7200 -10107 -15721
1 -570 -5394 -2612 -2009 -12356 8793
1 270 -10222 -1934 5381 -8728 18421
2 -2268 12432 3908 -14018 1412 -18560
2 3784 16656 4732 -8688 7693 -19720
1 4846 -19206 -2762 3174 1106 26610
1 6206 -17120 -3320 2578 -12874 18309
2 12232 16254 1118 -5681 -939 -17104
2 9138 18692 -5066 -9276 -8161 -9517
1 0 0 0 0 0 0
2 2616 10426 -5116 -4830 -10661 -2545
1 8586 -8228 -7736 4523 -3906 1877
1 5034 -7020 -6074 468 1426 -2643
2 -884 8862 -2046 655 -10215 -119
1 378 -7580 -3414 -1375 -8231 -5941
2 -1264 8204 -688 2288 -1837 -396
2 -248 8372 -206 1683 5140 284
1 0 0 0 0 0 0
2 578 8474 440 2269 634 -325
1 588 -7130 -3370 -1973 -1799 444
2 0 0 0 0 0 0
1 0 0 0 0 0 0
1 0 0 0 0 0 0
2 0 0 0 0 0 0

1 1030 -7462 -3872 149 -375 53
2 158 8350 10 1 -222 -11
1 636 -7412 -2794 516 -3852 -411
2 0 7950 640 -309 -2475 -306
1 0 0 0 0 0 0
2 0 0 0 0 0 0
2 2060 8656 4568 -1813 -7097 -476
1 2932 -9526 102 3678 -7718 -2048
1 5734 -12402 3064 7761 -15639 -8194
2 10068 11916 9062 -6027 -28570 2215
2 5376 17848 -1698 8549 -32768 8385
1 15244 -15800 -2272 6259 -21233 -17049
1 -3228 -14496 -12352 -18896 -26832 -22551
2 -11402 21500 -6088 32767 -32768 -6826
1 -3006 -14132 -21976 -32768 614 -6362
2 -16120 18594 1526 17811 -4547 -32768
2 228 5046 756 13421 1632 -26283
1 512 -4990 -4582 -31675 -4379 2241
1 362 -4962 -2050 -6866 -17912 8077
1 0 0 0 0 0 0
2 -2698 6374 2558 -5533 6494 -12152
2 2392 8790 4594 -14345 -10613 -18817
1 2 -17368 -1200 9142 -6987 22364
2 -330 16558 3618 -15792 5963 -15987
1 15192 -21400 -3990 12221 -6313 22403
2 9744 22218 466 -13165 2453 -18162
1 10536 -19026 -11424 11760 -14841 5681
2 5232 20252 -5752 -8396 -4449 -7357
2 3212 11660 -5676 -9308 -7314 -2262
1 3912 -8208 -9420 6644 -3385 1932
2 -712 9574 -3028 -3844 -4289 766
1 1994 -6932 -6062 820 -2087 -321
2 0 0 0 0 0 0
1 0 0 0 0 0 0
2 1094 8216 910 5419 -7494 -217
1 528 -7728 -3102 -3869 -5294 -2200
2 -1314 7488 674 2827 -5010 -381
1 518 -7736 -3048 -2790 -2256 -595
2 0 0 0 0 0 0
1 0 0 0 0 0 0

2 8326 17970 2486 -4761 -26666 9819
1 5668 -15608 -6348 543 -28401 -22362
1 -8020 -10810 -12494 -19758 -17523 -12116
2 -7536 14746 -4326 23401 -32768 772
1 -11224 -11452 -18516 -32768 -19945 6479
2 -13268 17608 -9570 32767 -10694 -17454
2 -1242 7438 -3544 23640 3801 -25598
1 1770 -2280 -4008 -30328 -6334 14531
1 -88 -2870 -3146 -4384 1575 6140
2 -96 2394 -398 6400 2575 -11294
2 -3094 8528 4050 -9832 -4278 -15868
1 -2268 -9188 -2370 6552 -16365 13320
1 840 -11996 -1342 3423 -545 20749
2 0 0 0 0 0 0
1 8948 -16226 -2994 4138 -3940 21314
2 7442 17850 2744 -7264 5077 -18136
2 6030 18408 686 -10022 -3822 -15784
1 8996 -15922 -6144 5116 -10570 13491
2 3524 15428 -1962 -7580 -8645 -9004
1 6844 -9904 -7000 6337 -13341 4972
2 18824 16074 -7956 -2327 -17755 -3375
1 3974 -7314 -5998 3735 -17268 -3227
2 -3324 7884 -2288 -587 -6205 1605
1 -788 -7046 -5350 1089 -13904 -5538
2 -662 8250 -1222 -441 -933 2223
1 -488 -6746 -4818 1958 -2127 -2148
1 116 -9362 -4756 -87 1322 684
2 -1384 8226 -66 905 -1790 772
2 66 8494 420 2643 6093 9
1 1448 -6064 -3870 -558 7544 1354
2 0 0 0 0 0 0
1 1674 -8494 -2934 -2609 -1290 -1920
2 0 0 0 0 0 0
1 534 -7990 -3592 -3573 -2030 -702
2 0 0 0 0 0 0
1 0 0 0 0 0 0
1 0 0 0 0 0 0
2 -130 8222 -90 654 2201 -601
1 0 0 0 0 0 0
2 0 0 0 0 0 0

2 3532 15742 -794 2819 -30194 7526
1 5444 -12610 -6154 327 -24864 -18120
2 -5846 14190 -10502 24273 -32768 -3902
1 -2756 -10496 -12856 -17059 -20527 -12805
1 -5604 -8106 -9760 -23406 -5830 4240
2 -12082 13358 -3276 21539 -307 -18729
1 0 0 0 0 0 0
2 256 6360 -4072 19863 5197 -19564
1 94 1346 -7006 -12689 -7415 8571
2 516 560 -1440 8229 -852 -13069
1 -158 -2084 -2148 -3277 -1110 14083
2 0 0 0 0 0 0
1 4386 -5078 -2268 -2105 9070 15785
2 110 7684 378 -8448 8271 -14477
1 0 0 0 0 0 0
2 4554 8770 -438 -3275 3549 -15610
1 7294 -6946 -2272 3270 -7724 14896
2 0 0 0 0 0 0
2 8850 11476 -456 -3860 -1293 -11991
1 0 0 0 0 0 0
1 6320 -11910 -7618 11693 -5491 9680
2 6094 14262 -482 -7572 632 -8714
1 6012 -9702 -6120 9111 -12952 1787
2 5038 12080 -518 -7776 386 -4358
2 384 9760 -548 -4757 -12615 -2484
1 -232 -8610 -5382 6994 -16275 -4590
1 -588 -7486 -5464 5261 -266 -1052
2 -1502 8908 -662 -3982 -9005 -370
1 1352 -7094 -4714 1679 2430 844
2 -828 8850 -1596 -2263 -2144 655
2 0 0 0 0 0 0
1 496 -7796 -3160 -1711 -3596 -769
1 0 0 0 0 0 0
2 0 0 0 0 0 0
1 0 0 0 0 0 0
2 0 0 0 0 0 0
1 0 0 0 0 0 0
2 0 0 0 0 0 0
2 0 0 0 0 0 0
1 0 0 0 0 0 0

1 9204 -13002 -5632 1988 -30069 -18896
2 1146 14668 -3118 10312 -32768 4370
2 -8734 13558 -7758 24453 -29925 -10877
1 -3722 -11552 -12660 -16983 -25994 -13966
1 0 0 0 0 0 0
2 -9326 12100 -1916 16193 -5416 -26256
1 -286 -3314 -7206 -23047 -12337 7545
2 -3340 3798 -3302 9639 945 -22808
2 -1048 418 -1164 -247 -2376 -13924
1 -778 406 -3872 -10188 -8911 8105
1 0 0 0 0 0 0
2 -882 3224 960 -9202 9698 -10656
1 3824 -3894 926 -1427 5529 19440
2 4788 4284 472 -5400 15874 -12002
2 0 0 0 0 0 0
1 8042 -4480 -746 -518 -4533 13673
1 3784 -6044 -1430 4814 -10098 14687
2 0 0 0 0 0 0
1 6056 -8776 -3588 4331 -8879 11837
2 0 0 0 0 0 0
1 6550 -9990 -4986 4980 -5392 9265
2 4114 11154 -3640 -7618 -2751 -8144
1 7566 -10094 -6174 4332 -7210 6454
2 0 0 0 0 0 0
1 5406 -8418 -6080 5765 -4691 2660
2 2480 11294 -2148 -8740 -8543 -2786
1 1664 -8356 -5534 7714 -11725 -2721
2 -526 10464 -2746 -5306 -4754 744
1 320 -7726 -5084 4533 -7964 -2811
2 -342 9012 -1776 491 731 -438
2 0 0 0 0 0 0
1 188 -7438 -4398 -1117 509 307
1 812 -8042 -4172 -4985 422 828
2 -172 8748 44 5280 -3253 -1389
1 0 0 0 0 0 0
2 0 0 0 0 0 0
1 0 0 0 0 0 0
2 0 0 0 0 0 0
1 1348 -7246 -3478 -3438 1902 447
2 206 7880 122 1486 2395 -71

2 7016 11740 6782 -6214 -21389 4112
1 5894 -13584 584 8375 -17047 -11707
2 2380 18212 1620 9055 -32768 980
1 6860 -14788 -5096 156 -26425 -18268
2 -14654 15524 -6274 25847 -16589 -8613
1 -11772 -9750 -13494 -22469 -27804 -12976
1 0 0 0 0 0 0
2 -12228 18096 -3486 26128 -5050 -28502
2 2190 5338 -7132 19956 -11255 -24693
1 3182 -4238 -10536 -26957 -13467 11646
1 338 -188 -2424 -7813 -11025 6341
2 552 1176 134 994 2927 -9496
2 -1610 5724 2070 -11750 -2744 -14274
1 -596 -5534 -1520 5049 -4559 16736
1 5864 -5154 -26 797 12751 19317
2 4484 6838 446 -8498 19183 -11541
2 0 0 0 0 0 0
1 0 0 0 0 0 0
1 10484 -7486 -2758 1769 -1018 12637
1 9432 -8672 -3590 1748 -4383 11119
2 9106 9776 -1634 -4292 6549 -11327
2 0 0 0 0 0 0
2 6622 12534 -1884 -6876 -1105 -9871
1 5582 -10586 -6172 7006 -12413 7360
2 0 0 0 0 0 0
1 6462 -9606 -7460 4292 -22342 -2630
2 -4850 9610 -1974 -3402 -27360 -1695
1 360 -6358 -7334 7189 -8181 -3488
1 -1176 -7596 -8294 4864 -3044 -2600
2 -1894 9378 -2952 -3322 349 2954
2 -1022 8934 -1490 1297 597 -278
1 -334 -7364 -5596 -1901 986 850
2 80 8832 -592 5271 -1259 -1994
1 306 -7506 -4968 -4650 2602 1851
2 0 0 0 0 0 0
1 0 0 0 0 0 0
1 0 0 0 0 0 0
2 -772 8572 -42 3913 1988 -2122
2 0 0 0 0 0 0
1 1130 -6876 -3536 -1504 920 377

1 2884 -9946 1622 4758 -11363 -4080
1 6460 -10272 970 6912 -15751 -7824
1 9182 -14558 -6606 545 -29280 -17747
2 4068 18486 -1868 3224 -31030 7137
2 -6942 19556 -10890 26645 -32768 -5388
1 -4002 -17038 -16880 -21823 -29313 -12967
2 -11592 20672 -1544 26354 -3150 -24467
1 0 0 0 0 0 0
2 -3480 8284 1302 11537 5361 -22030
1 -1814 -7848 -4270 -23886 -8925 9686
2 -1208 4182 1836 527 2939 -14026
1 -16 -1794 -452 -8334 -9134 9610
2 2174 3966 574 -4980 10526 -12968
1 1286 -1692 832 1301 -1762 18126
1 6994 -3672 582 -3634 17191 18720
2 5892 2822 538 -72 3255 -12764
1 5094 -3436 1108 -2950 -15575 8976
2 0 0 0 0 0 0
2 6224 8656 -1818 -8139 3862 -11421
1 5970 -5932 -722 3281 -17403 10424
2 0 0 0 0 0 0
1 5636 -9902 -3242 7712 -8613 10719
1 10242 -12062 -8754 8925 3121 12829
2 0 0 0 0 0 0
1 6572 -12254 -6836 8357 -4779 6644
2 0 0 0 0 0 0
1 1072 -9832 -5640 10377 -16724 -1821
2 -1854 12372 -718 -8279 -13558 -560
2 -2318 9338 -1454 -5801 -1583 1318
1 -266 -8282 -5932 8616 -5885 -1901
2 -438 8608 -2108 -2440 1376 -40
1 810 -7250 -5392 1249 1182 421
2 730 9076 -232 3418 -93 -1717
1 1766 -7890 -2348 -4425 -1903 -573
2 572 8598 2102 5870 1406 -1723
1 0 0 0 0 0 0
2 0 0 0 0 0 0
1 0 0 0 0 0 0
2 0 0 0 0 0 0
2 0 0 0 0 0 0

1 1818 -8728 106 3276 -20602 -8114
2 -172 7698 4544 -1207 -10369 31
1 5730 -11586 -1182 6748 -18141 -13336
2 6632 10722 3960 -7146 -5781 3947
2 5876 16336 -1866 4308 -32768 6472
1 6354 -12900 -11622 -1580 -21944 -19912
2 0 0 0 0 0 0
1 -3044 -15032 -11060 -25836 -28044 -8744
1 -6134 -6022 -8616 -22620 1697 10016
2 -7870 12454 -5908 25913 -7086 -11173
2 -3628 6234 -2118 19147 -1568 -22687
1 -5236 -1624 -5446 -23092 -3758 7933
1 -2244 1970 -2170 -15666 -2304 5331
2 140 -1396 -1690 9490 -1755 -15297
2 262 378 -1094 -3570 6531 -8849
1 -1410 232 -1496 -3555 -5198 9043
2 418 5126 -262 -10143 -963 -15311
1 -1024 -4298 -1482 3226 -8753 16026
2 2910 8716 486 -9879 13290 -12909
1 1198 -7096 -1538 3632 -8304 18777
1 3344 -13480 -5532 6377 -13984 19809
2 5832 12670 900 -6255 -7909 -16669
1 9214 -16866 -7118 8570 -6872 17022
2 6070 15076 240 -10194 -2134 -12704
2 4136 16062 -3426 -10834 -14759 -8628
1 7706 -12604 -6206 6773 -11134 8271
2 1936 12616 -7164 -6941 -6871 -1444
1 4732 -8094 -7424 7818 -12691 -1267
2 -2220 9056 -3022 863 -2523 -169
1 918 -7538 -5246 3737 -2899 -1517
2 0 0 0 0 0 0
1 230 -7488 -4740 -886 -1594 -770
1 0 0 0 0 0 0
2 0 0 0 0 0 0
2 0 0 0 0 0 0
1 404 -7558 -3140 -1780 -6297 -1701
1 0 0 0 0 0 0
2 0 0 0 0 0 0
2 0 0 0 0 0 0
1 1384 -7616 -3050 -636 1726 712

2 5050 12446 2276 -7250 -6086 6018
1 7158 -12132 612 11501 -6083 -5123
2 3790 13062 -688 2202 -29825 9626
1 6718 -12896 -388 2443 -32768 -21014
1 -4914 -8824 -8158 -12540 -27307 -13927
2 -2938 11262 -4260 15351 -31491 1869
1 -2890 -6262 -10034 -18509 -14286 3749
2 -7878 8718 -6446 19183 -12675 -12337
1 -4868 -6468 -12270 -22814 -8465 14460
1 -1946 492 -3814 -23830 -7750 10404
1 -888 192 -80 -9201 -7087 10785
2 -5764 8614 -7824 16077 -4835 -22146
1 0 0 0 0 0 0
2 -2080 2994 -4500 14410 -68 -23456
2 -1230 -396 922 5271 5412 -15000
2 0 0 0 0 0 0
1 -24 -8288 -3812 10090 -4876 19818
2 -218 10650 1670 -17587 -641 -17686
1 5044 -15308 -4422 10590 -8049 20213
2 8580 16092 330 -13683 -899 -14859
1 9562 -15998 -4444 1037 4034 16905
2 5250 15526 -920 -10957 1907 -9985
1 9782 -13282 -5582 2071 -9817 6589
2 8520 15570 -3784 -9212 -1042 -5211
1 8456 -7550 -7118 4440 -4200 1649
2 1872 11438 -5320 -6932 -1683 443
2 0 0 0 0 0 0
1 2016 -7102 -5534 -932 -10609 -5871
2 -874 8796 -964 2984 -2542 -575
1 -230 -7394 -3596 -2874 -5296 -3904
1 -20 -6934 -3594 -896 -1045 -1370
2 0 0 0 0 0 0
1 0 0 0 0 0 0
2 0 0 0 0 0 0
1 0 0 0 0 0 0
2 0 0 0 0 0 0
1 0 0 0 0 0 0
2 0 0 0 0 0 0
2 0 0 0 0 0 0
1 2050 -7642 -4302 657 605 596

2 5748 14154 3406 -9059 -13314 7215
1 7644 -14662 -1508 11661 -16661 -14677
2 3400 17734 -5260 7570 -32768 8289
1 5546 -14122 -8660 -2747 -26725 -21210
1 -9916 -7596 -12048 -21692 -16894 -8758
2 -9352 13524 -6744 28155 -18467 -3799
1 -4028 -8402 -9648 -30944 -5746 4921
2 0 0 0 0 0 0
1 2364 1012 -3190 -26701 -4721 3092
2 616 2490 -2060 20824 376 -14501
2 -50 -2338 -182 5898 -2717 -10483
1 178 2550 -924 -12379 -4522 3218
1 0 0 0 0 0 0
2 -120 3342 10 -7736 -1058 -13968
2 0 0 0 0 0 0
1 0 0 0 0 0 0
1 4728 -7796 -3234 6616 -9417 15548
2 0 0 0 0 0 0
1 7878 -14606 -5722 7496 -6979 16423
2 5730 14790 1598 -10095 2654 -15369
2 7714 14916 -3806 -11294 -8595 -11361
1 6296 -13110 -8162 6827 -9668 9887
2 3964 13074 -5948 -10080 -6359 -3026
1 0 0 0 0 0 0
1 4442 -6812 -7946 5900 -3410 267
2 232 10468 -4600 -3128 -4865 -246
2 -892 8796 -920 3529 -2149 -883
1 0 0 0 0 0 0
1 90 -7342 -4438 -2851 -2008 -532
2 0 0 0 0 0 0
1 0 0 0 0 0 0
2 0 0 0 0 0 0
2 0 0 0 0 0 0
1 0 0 0 0 0 0
1 0 0 0 0 0 0
2 0 0 0 0 0 0
2 1144 7556 84 2752 -5955 -674
1 0 0 0 0 0 0
1 0 0 0 0 0 0
2 -354 7666 -138 -440 -1336 821

2 3286 8660 4958 -4122 -6854 895
1 1770 -9386 1308 6215 -7123 -3071
1 9862 -14236 1246 13282 -24178 -13321
2 12098 14678 6620 -8574 -21473 6376
1 4304 -14668 -5898 -2562 -27854 -20501
2 4058 18560 -740 6897 -32768 11077
2 -5286 15980 -3918 28772 -32768 -6041
1 592 -9794 -12520 -17586 -15356 -11814
2 -8418 10874 1620 23447 -5907 -30728
1 -11988 -17212 -17098 -32768 -17316 10992
1 -1908 -5818 -1688 -26619 -3281 17708
2 -676 1386 1568 12832 9500 -19073
2 1036 4386 -812 -3247 906 -12997
1 506 -2624 -844 -7121 1562 11362
1 3700 -5762 -794 3986 -18368 14009
2 1748 8512 556 -12487 -4596 -16005
2 7480 7656 -1210 -5368 4645 -13179
1 0 0 0 0 0 0
1 8312 -8316 -5878 9026 676 14548
2 0 0 0 0 0 0
2 8016 14044 -1034 -7505 7035 -12329
1 8302 -10770 -5188 5035 3295 13888
2 10228 13422 -3110 -7955 -794 -9884
1 8394 -10292 -6716 7237 1350 10822
1 5354 -8910 -5788 4490 292 6503
2 954 11646 -4428 -8866 -11959 -4388
2 1182 10426 -2584 -4040 6131 382
1 0 0 0 0 0 0
2 564 8882 -110 1755 -1845 -878
1 0 0 0 0 0 0
1 0 0 0 0 0 0
2 0 0 0 0 0 0
1 760 -7710 -4506 -112 -4818 -2052
2 0 0 0 0 0 0
1 870 -7534 -4092 -1512 -72 -509
2 0 0 0 0 0 0
1 852 -7590 -3812 -2636 2767 128
2 0 0 0 0 0 0
1 0 0 0 0 0 0
2 0 0 0 0 0 0

2 4568 11736 4346 -7505 -11109 5972
1 4130 -10838 -142 6984 -8834 -5642
1 9728 -12472 -2374 4318 -18713 -14487
2 4896 14292 -750 -2914 -27560 9683
2 0 0 0 0 0 0
1 5218 -12400 -9574 -8405 -23664 -19893
1 -3898 -7774 -7774 -19147 -24542 -8483
2 -4318 11480 -5784 22486 -6488 -2429
1 -8892 -7968 -8212 -20194 -10785 12989
2 -6116 7086 -4172 22388 -4867 -13962
2 -1086 1512 -3870 18571 -1304 -17678
1 -2374 -468 -3920 -19721 -3779 16668
2 576 -2122 -1364 6984 -2958 -13705
1 398 770 -2014 -10266 321 11153
1 2906 -3288 -1668 1294 -8366 14539
2 -56 4630 -192 -8036 1809 -16291
1 2654 -7488 -2946 7366 -1197 18680
2 5740 12312 -204 -11041 19656 -14572
1 8010 -8064 -4576 2655 -2826 13298
2 6054 9464 1320 -1472 -7870 -13759
2 6190 10780 588 -3491 1319 -12527
1 9400 -10726 -5014 1599 -1102 13185
2 0 0 0 0 0 0
1 0 0 0 0 0 0
2 7310 13320 -1984 -8543 -357 -7647
1 0 0 0 0 0 0
1 6794 -8234 -5180 6037 -4668 1245
2 6072 9706 -3912 -1895 -7672 -2365
2 1396 8698 -1780 2339 -1600 882
1 -300 -7148 -4732 3685 -19317 -5208
2 228 8244 -680 2244 -2423 619
1 972 -7984 -4518 -418 3076 724
1 0 0 0 0 0 0
2 0 0 0 0 0 0
2 862 8548 1362 5267 -6987 -1241
1 0 0 0 0 0 0
2 0 0 0 0 0 0
1 0 0 0 0 0 0
1 1400 -6756 -3528 -1277 1268 193
2 0 0 0 0 0 0

2 3892 16884 -2756 2272 -30454 9754
1 7634 -14618 -3808 5012 -29597 -19040
1 502 -11710 -13510 -12119 -8011 -12526
2 -5086 14720 -4826 23585 -32768 -2172
2 -11338 10756 -2536 17561 1155 -15456
1 0 0 0 0 0 0
2 -6102 6288 -876 13682 -381 -25217
1 -3132 -8512 -8806 -28952 -5087 4955
1 -1500 -1144 -1824 -19381 -2851 5839
2 -1894 264 384 4384 7419 -16495
2 -1138 3920 -222 -5427 5517 -13986
1 -234 -1588 -1312 -6724 -9357 10499
2 -636 8120 888 -10388 5712 -16585
1 466 -5548 -2520 1128 -8244 17083
2 5680 11092 668 -4757 9171 -14965
1 3542 -10378 -3374 3470 -2164 21417
1 11058 -15786 -3884 3285 5700 21031
2 7158 14588 468 -8969 -3269 -15684
1 13498 -13298 -3034 1801 -7516 10194
2 7516 14744 -1838 -10052 -9511 -10922
2 6488 13852 -3862 -10034 871 -2724
1 4918 -8592 -7036 6971 -15868 2138
2 -370 10888 -1972 -6475 -15118 315
1 4610 -6622 -7764 5967 -6680 160
1 34 -6992 -5514 2886 -4809 -1915
2 -1616 9306 -1820 -1476 -1948 1358
1 1106 -7370 -4736 -7 686 -756
2 0 0 0 0 0 0
2 0 0 0 0 0 0
1 1332 -7338 -3898 -2479 1687 -902
2 0 0 0 0 0 0
1 0 0 0 0 0 0
2 0 0 0 0 0 0
1 0 0 0 0 0 0
2 0 0 0 0 0 0
1 1016 -6938 -3478 -1263 203 60
2 544 7950 408 1158 1544 -71
1 0 0 0 0 0 0
2 406 7838 118 60 139 2
1 0 0 0 0 0 0

1 7702 -16774 -2830 1289 -32768 -25591
2 1410 16282 -622 4577 -32015 9905
2 -5590 13102 -3524 25218 -32768 -7348
1 -4792 -12460 -10932 -17033 -26101 -15294
2 -3986 12454 -2034 20823 8281 -22288
1 -8636 -6424 -8510 -20929 4842 7640
2 -2034 1784 -2878 13468 -4638 -23585
1 -3596 -5658 -9238 -24961 -6168 12857
2 -1060 -740 -1588 3379 -652 -14450
1 1324 -624 -4116 -18057 -2798 9979
2 230 4806 -394 -10668 9170 -11947
1 3836 -1354 -1786 -5344 -511 13089
2 1884 11656 -654 -11227 12860 -13311
1 2722 -4374 -1872 1563 -10394 13506
2 6444 8954 324 -2289 -2518 -15516
1 6376 -6684 -3468 2820 340 14479
2 4776 13500 2008 -7200 2692 -14376
1 0 0 0 0 0 0
2 7262 16768 114 -9809 1807 -11779
1 0 0 0 0 0 0
2 5876 14112 -936 -8236 -15691 -7171
1 10170 -10878 -5680 7962 9178 12356
2 -2504 10234 -2364 -3435 -8216 -733
1 7410 -7960 -5898 6215 -7306 2653
2 -540 8194 -1702 -361 -2155 129
1 898 -7294 -4790 4110 -17312 -4951
1 428 -7354 -4552 -531 -4658 -2104
2 -302 8250 -890 -129 -108 855
2 -430 8914 -436 2309 -1818 -144
1 436 -7706 -3778 -2602 -1460 -626
2 -572 9384 100 5321 1824 -1002
1 0 0 0 0 0 0
2 0 0 0 0 0 0
1 0 0 0 0 0 0
2 200 7422 716 3843 1547 -865
1 0 0 0 0 0 0
2 0 0 0 0 0 0
1 1326 -7218 -3370 -658 884 172
2 0 0 0 0 0 0
1 0 0 0 0 0 0

2 530 8754 -980 277 -1914 196
2 -424 8948 -134 1573 -4898 102
2 858 8110 1648 1114 -1566 1201
1 1224 -8148 -618 1077 -11950 -4351
2 2510 7996 4658 -2609 -11010 1859
1 2994 -9666 800 6538 -9462 -5028
2 4442 11958 4296 -5821 -16746 5830
1 5532 -11966 -404 8641 -9590 -9051
2 5672 18076 -598 5238 -32768 5902
1 6368 -14176 -4292 3443 -28614 -18827
2 -12498 12706 -5216 25287 -29080 -7183
1 -10576 -10518 -12888 -20944 -30992 -10816
2 0 0 0 0 0 0
1 -6732 -9858 -11984 -29310 -8579 6878
2 -2932 5370 110 12012 2724 -28117
1 -320 -2754 -4012 -25827 -4641 6783
2 -310 -300 -492 201 2008 -13666
1 -804 324 -2866 -9513 -13938 3070
2 -1684 6970 816 -13626 1730 -11638
1 0 0 0 0 0 0
2 3050 9230 -388 -10654 15488 -10843
1 3940 -6350 -1586 7587 1902 19444
2 6106 9332 6 -4474 -2427 -15310
1 4588 -7192 -3502 6704 -11894 16461
2 8484 14444 868 -7749 5951 -13663
1 7974 -12314 -4534 8562 -237 18253
2 0 0 0 0 0 0
1 13216 -11706 -5428 6191 -1236 11986
2 3200 13552 -3474 -9775 -8203 -2740
1 5948 -11168 -7614 9970 -8997 3711
2 -258 9978 -3120 -5677 -1052 -97
1 2388 -8202 -6476 8068 -9669 -859
2 1362 9510 -1976 -887 -2586 -869
1 804 -7768 -6004 2984 -3893 -1559
2 384 8774 -610 4059 -7223 -2661
1 0 0 0 0 0 0
2 -470 8172 266 3692 525 -772
1 0 0 0 0 0 0
1 0 0 0 0 0 0
1 0 0 0 0 0 0

2 1524 8664 2422 2960 -6079 -688
2 0 0 0 0 0 0
1 5988 -11074 -1164 3997 -16285 -11382
2 5056 11492 3194 -6679 -15138 4711
2 2402 15494 -1238 3159 -32600 7520
1 6028 -12144 -7824 -1575 -20915 -16576
2 -4966 12560 -7500 16729 -18816 2613
1 -2712 -9562 -12230 -16804 -13553 -9627
2 -7026 11916 -7386 22166 -9111 -7534
1 0 0 0 0 0 0
2 -5564 7788 -3816 19372 -5101 -18044
1 -2324 -4744 -7324 -23807 -9094 5692
2 -1650 1522 -3910 9887 -1914 -16802
1 -356 1614 -5010 -16479 -10140 4610
2 -928 1126 -1380 -613 439 -13037
1 -1038 1426 -2744 -6374 -8282 7736
2 -442 3862 826 -7406 10191 -13505
1 -694 -3246 -1506 677 -3634 18615
2 0 0 0 0 0 0
1 2894 -7052 -2386 792 1917 22523
2 5436 8376 -808 -5199 -3907 -14554
1 0 0 0 0 0 0
2 4438 13366 134 -9728 -13692 -13901
1 8270 -13202 -5240 9466 -16372 9201
2 6892 19256 -3322 -18504 6219 -7201
1 3548 -13718 -8842 18047 -19568 4550
2 7074 15062 -4926 -10126 -9392 -3894
1 6256 -9542 -8938 8983 -1753 3786
2 -2762 9648 -1960 -3465 -15513 607
1 6 -7702 -6682 6754 -9543 -2957
1 184 -7048 -5878 2229 -3111 -1320
2 -2194 8144 -1762 -1810 1773 2232
2 0 0 0 0 0 0
1 0 0 0 0 0 0
2 0 0 0 0 0 0
1 646 -8270 -4192 -6772 1586 457
2 -672 9728 466 8076 3755 -2169
1 0 0 0 0 0 0
1 0 0 0 0 0 0
1 902 -7150 -3250 -3699 1889 215

2 38 7512 -376 589 -643 -32
1 1404 -6690 -4104 1177 -1046 -44
2 0 0 0 0 0 0
1 1384 -8654 -2964 4536 -6274 -2488
2 -318 8508 522 -958 -8092 569
1 2410 -8560 -1080 7442 -8049 -4165
2 0 0 0 0 0 0
1 4450 -11390 -1162 6619 -10278 -6504
2 5826 11864 2192 -5697 -15621 7788
1 7848 -11520 -2764 3912 -17783 -14243
2 1214 13176 -3270 4544 -28218 8616
1 4678 -9776 -8368 -7346 -18546 -18566
2 -4102 13468 -8592 21016 -19207 -2469
1 -3980 -8290 -14084 -20639 -8164 -9536
1 -3460 -6498 -11218 -27155 -11718 -1269
2 -7820 15142 -9476 25982 -11643 -17568
2 -3310 3920 -2116 17085 -349 -24796
1 234 1148 -4018 -23784 -1024 -257
2 -718 1070 230 2525 2595 -16309
1 164 -1000 -2668 -9487 -11062 3369
2 0 0 0 0 0 0
1 1468 -3760 -1178 -1212 -12908 14537
2 2650 6786 874 -8840 15066 -10454
1 0 0 0 0 0 0
2 -308 10152 3212 -2710 -26279 -20392
1 6426 -9884 -2622 1639 -5666 15525
2 2630 18696 774 -16900 11947 -14376
1 5394 -11342 -1454 4874 -18047 14330
1 11090 -16582 -10248 11879 -3122 17384
2 10972 18572 -1552 -10706 -1110 -14847
2 24838 19388 -9518 -3619 -26345 -5403
1 6816 -10668 -9600 7789 -9963 5465
2 -3286 8190 -2194 -5083 -8764 4266
1 3392 -5924 -6636 6467 -9747 -71
2 -140 8790 -1758 -2720 890 3140
1 1324 -7534 -4974 2139 -7660 -1637
2 0 0 0 0 0 0
1 0 0 0 0 0 0
1 -252 -8450 -2840 -4484 -2367 -469
2 0 0 0 0 0 0

1 1182 -6918 -3732 -1117 -3762 -1455
1 0 0 0 0 0 0
2 0 0 0 0 0 0
1 4856 -6926 2270 3402 -14564 -7321
2 2784 7444 4614 -925 -15720 1220
2 5494 11932 3494 -1466 -24384 4928
1 7616 -11952 -966 6368 -18111 -11155
1 4396 -11594 -7160 -2065 -20091 -16063
2 0 0 0 0 0 0
2 0 0 0 0 0 0
1 -156 -9244 -9828 -12359 -21397 -12655
2 -7908 8426 -2650 17912 -598 -10355
1 -9992 -8188 -7180 -17636 -4980 3130
1 -6490 -6074 -10162 -21098 -10299 11601
2 -7550 5358 -5998 15836 -3847 -19268
1 -1462 -2044 -3924 -21788 -1691 13575
2 -1966 668 -918 9684 3352 -19189
1 -112 50 -846 -12189 -1861 9048
2 -2002 6 724 58 3872 -15341
1 398 -570 -992 1029 -16558 12081
2 234 3974 160 -10616 6 -16872
1 348 -7296 -3416 14288 -10484 19036
2 -1052 11848 1526 -21164 2528 -16554
1 6676 -23036 -8214 19476 7488 22867
2 12980 17476 5926 -12076 20598 -10538
1 7656 -10776 -7390 6467 -16354 6348
2 6322 15458 -1346 -7891 -6107 -10108
1 6716 -9606 -7882 8678 -1049 6272
2 0 0 0 0 0 0
1 2028 -7178 -7116 6477 -6657 -181
2 -2180 9872 -3744 -1573 -8058 -1764
1 1320 -7438 -6434 1237 -2953 -630
2 40 8274 -1890 3129 543 -88
1 0 0 0 0 0 0
2 0 0 0 0 0 0
2 -794 7896 10 1863 -1457 -265
1 970 -7628 -4388 -3500 -1150 -1776
2 0 0 0 0 0 0
2 0 0 0 0 0 0
1 0 0 0 0 0 0

2 428 8164 92 495 -42 -74
1 1150 -7280 -3854 561 -206 -218
2 0 0 0 0 0 0
1 0 0 0 0 0 0
2 0 0 0 0 0 0
1 0 0 0 0 0 0
2 0 0 0 0 0 0
1 0 0 0 0 0 0
1 0 0 0 0 0 0
2 0 0 0 0 0 0
1 0 0 0 0 0 0
2 0 0 0 0 0 0
1 3482 -10130 1088 888 -9570 -3285
2 5980 8470 6944 1506 -12477 -75
2 14060 17844 5502 1866 -32768 8141
1 10376 -17060 3874 5205 -26325 -16282
2 -5904 32767 -13074 32767 -32768 8242
1 17174 -21430 -23822 -14113 -20735 -32768
1 -19356 -12010 -15970 -32768 666 -11826
2 -18432 15688 9622 32767 5596 -16897
1 -7650 -10410 -4370 -29615 -8269 3724
2 -7386 7272 7482 14973 1083 -23566
1 -2568 -12390 -3484 -9390 -22487 11604
2 0 0 0 0 0 0
1 54 -13310 -5902 9248 -18197 17999
2 -2380 18224 2312 -20533 -7806 -23036
1 12636 -21134 -15254 21978 -9529 19295
2 12664 27482 -366 -24096 5158 -14256
2 3934 18422 -4844 -11116 -7569 -4539
1 6216 -15042 -12580 16280 -19274 2343
2 3694 10470 -4254 -2365 2531 -2882
1 4194 -8558 -9870 6616 -248 1722
1 1326 -6860 -6320 395 -2867 -1221
2 -116 8384 -1052 1908 -4442 -1163
2 0 0 0 0 0 0
1 0 0 0 0 0 0
1 0 0 0 0 0 0
2 0 0 0 0 0 0
1 454 -7700 -3844 -1083 547 48
2 -562 8162 654 1331 -796 -378

2 -166 8232 -122 171 -182 60
1 808 -7254 -3994 163 -268 -139
2 0 0 0 0 0 0
1 0 0 0 0 0 0
1 0 0 0 0 0 0
2 0 0 0 0 0 0
1 0 0 0 0 0 0
2 0 0 0 0 0 0
1 1802 -8136 -2972 -51 -2269 -1280
2 0 0 0 0 0 0
2 8468 8856 5782 1355 -19467 -264
1 6202 -10774 4852 3263 -24816 -10084
1 11754 -14980 -4572 4491 -13364 -19700
2 6632 16576 -3060 4263 -25003 12607
2 -2770 23900 -9908 25539 -32103 9054
1 4256 -21622 -16070 -17798 -32768 -27596
1 -13214 -14718 -13516 -32768 -479 3135
2 -14538 18300 -1186 32378 -2701 -13793
1 -5282 -9526 -1992 -28480 -1108 10671
2 -4590 7222 5030 21136 4818 -19138
2 -3128 3508 3900 8024 -5971 -18172
1 -1738 -4856 466 -16064 -12088 8991
1 -3154 -6878 -3070 3343 -21609 12461
2 -2974 5704 2264 -11510 -13376 -19119
1 -2220 -22966 -7502 22262 -9327 26710
2 -3804 26798 5200 -28899 266 -22743
1 17646 -13574 -10460 10129 -17561 11413
2 14440 17948 -1896 -11683 1001 -10414
2 2412 15810 -4458 -5649 -4251 -5265
1 7322 -10694 -12098 9858 -4324 5843
1 6532 -6630 -7062 2874 -2403 -374
2 4618 9252 -3416 -2269 -2128 -1106
1 1656 -7622 -4974 -825 -2385 -2931
2 0 0 0 0 0 0
2 -858 8134 -576 1632 -1956 559
1 0 0 0 0 0 0
1 1086 -6920 -3846 -1275 574 -335
2 0 0 0 0 0 0
1 0 0 0 0 0 0
2 0 0 0 0 0 0

1 0 0 0 0 0 0
1 0 0 0 0 0 0
2 -32 8180 -16 36 87 -30
2 0 0 0 0 0 0
1 0 0 0 0 0 0
1 1076 -7290 -3338 359 -1271 -298
2 0 0 0 0 0 0
1 0 0 0 0 0 0
2 0 0 0 0 0 0
2 0 0 0 0 0 0
1 0 0 0 0 0 0
1 0 0 0 0 0 0
2 0 0 0 0 0 0
2 0 0 0 0 0 0
1 0 0 0 0 0 0
1 9606 -12456 11312 7025 -32768 -16089
2 14514 8664 15802 -769 -32768 -1065
2 -1786 32767 -18034 32168 -32768 10496
1 15672 -23612 -22350 -10652 -32768 -32404
2 -25516 32767 -9142 32767 14088 -14163
1 -14126 -25074 -26156 -32768 13272 2105
2 -20730 24194 19364 29499 7450 -29183
1 -21476 -32768 -4280 -32768 -5918 20045
2 -14594 13478 10196 -8918 -24167 -32595
1 -7260 -17052 4912 -12447 -32768 23779
1 14158 -32768 -15216 27702 -4765 32767
2 0 0 0 0 0 0
1 8638 -16750 -11224 5406 -780 7597
2 3918 17744 -9178 -7091 -16751 -3832
2 2738 10036 -3872 303 -2702 1967
1 6138 -5768 -6140 2550 -7093 -503
1 540 -7242 -5548 1925 -4723 -1816
2 -1110 8614 -604 2712 1366 1335
2 0 0 0 0 0 0
1 -114 -7974 -3450 -2989 -831 -570
1 1594 -7334 -3252 -1826 1488 119
2 0 0 0 0 0 0
2 -346 7684 -148 1393 873 -900
1 0 0 0 0 0 0
2 0 0 0 0 0 0

1 1112 -8194 -984 158 -6233 -2578
2 2400 7878 3964 964 -9565 -1564
2 1886 8618 4186 -3444 -14742 1750
1 0 0 0 0 0 0
2 4234 12910 3186 -4132 -14717 6942
1 5334 -12198 408 9871 -6473 -5783
2 1026 14054 -6310 9522 -26945 10093
1 6204 -16360 -146 7119 -26746 -19958
2 -7498 11554 -7108 20556 -13164 -3223
1 358 -9810 -13056 -11089 -22902 -20851
1 -6810 -5874 -4414 -19024 -28724 -3271
2 -8474 8270 -2718 19322 -1529 -16834
1 -5566 -5416 -5696 -14197 -908 16808
2 -3428 5620 -2462 11776 880 -21653
2 -960 3008 -3494 7206 5190 -17234
1 -1602 -2124 -5370 -14692 -6197 16914
1 548 500 -2822 -8483 -910 14868
2 1010 896 -1638 2 1160 -15130
2 70 5752 -52 -13362 1877 -15987
1 1918 -3186 -2118 2938 -4409 20135
1 5018 -10374 -4116 8294 2811 25719
2 4968 14840 -538 -15359 10274 -12259
2 6042 15148 72 -9691 -5200 -10494
1 9320 -15076 -3384 9048 1336 18734
1 9056 -13322 -3790 4679 -9680 8645
2 2906 12010 -1340 -9321 -11124 -6390
1 0 0 0 0 0 0
2 2000 11750 -3984 -8997 -3154 -365
1 1356 -7270 -4418 299 -12686 -4840
2 98 9152 -2338 -1886 -5831 496
2 -422 8388 -1080 2779 -2994 363
1 -156 -6706 -4044 1719 -6161 -3485
1 186 -8000 -4340 2335 -1645 -564
2 0 0 0 0 0 0
2 0 0 0 0 0 0
1 0 0 0 0 0 0
2 0 0 0 0 0 0
1 736 -7792 -4174 -4463 286 1030
2 0 0 0 0 0 0
1 594 -7730 -3782 -4564 3624 1548

1 7354 -12056 594 5232 -27742 -12732
2 6790 12696 4262 -6732 -22949 3354
2 532 14722 -1050 5723 -29485 5200
1 5232 -12332 -6182 -4843 -20040 -16870
1 0 0 0 0 0 0
2 0 0 0 0 0 0
2 -9734 9488 -4028 24361 -12093 -16764
1 -11282 -7458 -9136 -16754 -11117 -1066
2 -6284 3990 -270 15887 5677 -22303
1 -6774 -7058 -9534 -23815 -3075 13928
2 -1792 928 614 7663 6385 -18381
1 -748 -3690 -2576 -21814 -22 13329
2 -1118 2804 -428 -5093 29 -16207
1 -664 -1014 -2088 -10439 -12059 10991
1 844 -2630 -2958 4223 -11972 16469
2 -2138 10478 1560 -19238 4958 -16791
2 6364 17230 2878 -14917 16383 -12325
1 3302 -14288 -4046 14624 -9877 24886
2 0 0 0 0 0 0
1 8386 -12056 -5300 10103 -18860 8789
1 6740 -10808 -7764 10916 -17939 1477
2 1728 14508 -2048 -10443 -10707 -6883
2 0 0 0 0 0 0
1 1748 -8460 -7836 10472 -666 1964
1 1120 -8000 -5988 4474 2069 1588
2 -420 9238 -2214 -4194 625 1343
1 780 -7516 -5194 77 -923 -354
2 -304 7614 -1362 -1645 1261 1910
1 444 -7660 -4108 -2878 -3217 -2158
2 1788 7640 958 2100 -3933 26
1 0 0 0 0 0 0
2 0 0 0 0 0 0
1 0 0 0 0 0 0
2 680 7650 1982 2786 1793 -1072
2 0 0 0 0 0 0
1 0 0 0 0 0 0
1 152 -8120 -2924 -683 -974 -1090
2 1142 8850 1480 1491 332 -889
1 0 0 0 0 0 0
2 0 0 0 0 0 0

2 1786 7752 5392 -1889 -15246 1276
1 3462 -10048 336 7479 -5771 -3236
2 5508 11718 3642 -9463 -10691 6362
1 5804 -11720 322 10367 -9584 -8255
2 3294 15490 554 -3145 -25196 9262
1 4908 -14902 -4152 7336 -20063 -16597
1 2596 -11272 -10520 -9106 -26124 -17325
2 732 11544 -5050 10723 -22320 4930
2 -9134 8668 -4846 20131 -18454 -6259
1 0 0 0 0 0 0
1 -6746 -2662 -5400 -18973 -4698 16527
2 0 0 0 0 0 0
1 -1978 182 -4588 -13862 -6123 13654
2 -682 4654 -3990 15640 3972 -18074
1 -1642 -334 -2456 -3190 -6520 12051
2 624 1228 -1782 6998 3200 -15582
2 692 4616 -288 -3705 6683 -16989
1 -286 -5212 -4186 6295 1452 17018
2 4604 8978 3002 -7732 21724 -9774
1 5260 -8668 -5532 3996 -748 18681
2 7450 12248 566 -6588 -5523 -15532
1 9828 -12176 -3044 6299 1961 19148
1 11102 -12738 -4022 6279 -2486 13936
2 0 0 0 0 0 0
1 11440 -11814 -4610 6294 1128 9146
2 4706 14502 -412 -11750 -1840 -6332
2 3984 12188 -3072 -6634 1447 -1325
1 2888 -8302 -6600 7161 -19328 -4464
1 944 -6616 -5960 4933 -6064 -3045
2 -1352 8896 -2902 -726 -5066 1058
1 94 -7340 -5096 1115 -2574 -1250
2 0 0 0 0 0 0
2 -690 9648 164 7585 -2439 -2192
1 828 -7898 -4336 -4332 218 953
2 0 0 0 0 0 0
1 1060 -8162 -3904 -7298 2373 1368
2 0 0 0 0 0 0
1 0 0 0 0 0 0
1 1786 -6766 -3166 -3057 210 221
2 786 7060 50 499 2544 -326

2 1534 8298 2804 391 -16790 -223
1 1884 -8880 -232 6719 -4813 -2653
2 2594 9802 1724 -3917 -7216 4796
1 2486 -10126 -1274 9086 -9175 -4164
1 3672 -10774 -1754 8537 -12097 -6917
2 3322 11676 702 -3361 -11985 6463
1 4374 -9380 -2650 4821 -16103 -10211
2 2762 11078 -1284 3136 -18312 6285
2 0 0 0 0 0 0
1 3554 -7276 -5254 -1779 -10636 -9244
2 -1446 7090 -5960 11969 -6654 -2710
1 4012 -4424 -7756 -6577 -6365 -7082
2 -2026 5782 -7900 13471 -5319 -5763
1 3128 -3532 -9544 -12754 -6949 -4320
1 2772 -2042 -9770 -16164 -6201 -1357
2 -4938 4590 -6456 12741 -5575 -14815
1 74 -346 -8252 -17924 -9347 3814
2 0 0 0 0 0 0
2 60 -2798 -4816 7962 1284 -11697
1 512 2758 -4652 -15431 -4597 6460
1 1584 2942 -1868 -8599 -4533 8030
2 1552 -2906 -3788 1738 4018 -8316
2 0 0 0 0 0 0
1 0 0 0 0 0 0
2 0 0 0 0 0 0
1 0 0 0 0 0 0
2 0 0 0 0 0 0
1 5222 -1314 -2536 -32 -2448 9340
1 4200 -3604 -2822 2262 -6854 9490
2 0 0 0 0 0 0
2 5386 10430 -1570 -9388 -4485 -10911
1 5672 -8100 -4786 7315 -5061 11107
2 3478 13004 -2736 -10784 -10642 -9510
1 8124 -12174 -5400 8914 153 12571
2 3826 13254 -4234 -9827 1276 -4212
1 5106 -10884 -5588 5209 -6868 7594
2 2194 11128 -1974 -6031 -2491 -2525
1 5296 -8822 -5370 5785 -9833 1547
1 2370 -7500 -5238 3457 -3064 426
2 0 0 0 0 0 0

2 2426 7930 3276 -5394 1075 3356
1 1468 -9002 -166 7184 -6167 -3284
2 4430 9940 5358 -8720 -8983 3179
1 3978 -10514 214 8226 -9629 -5236
1 8994 -11714 -1858 4980 -20641 -12751
2 6748 12200 3516 -6629 -15299 6002
2 3332 12250 -1068 3045 -23542 7161
1 0 0 0 0 0 0
1 -516 -7398 -6560 -12908 -10725 -8747
2 -4768 7712 -2482 14126 -15458 1654
1 0 0 0 0 0 0
2 -222 8384 -6700 19005 -8820 -4664
1 280 742 -6850 -16584 -1445 7034
2 0 0 0 0 0 0
1 2010 2636 -6268 -15209 -2462 6194
2 1282 354 -6048 14042 -2704 -11925
1 2510 3646 -4148 -10604 -5009 5332
2 2406 -1024 -5254 8375 -2052 -10901
1 2662 3362 -2854 -3923 -3291 7801
2 2594 -514 -3964 1368 1680 -10574
1 0 0 0 0 0 0
2 0 0 0 0 0 0
2 0 0 0 0 0 0
1 0 0 0 0 0 0
1 0 0 0 0 0 0
2 0 0 0 0 0 0
1 0 0 0 0 0 0
2 0 0 0 0 0 0
2 0 0 0 0 0 0
1 0 0 0 0 0 0
2 0 0 0 0 0 0
1 0 0 0 0 0 0
1 0 0 0 0 0 0
2 3766 9308 -1074 -4292 -6509 -6628
1 0 0 0 0 0 0
2 0 0 0 0 0 0
2 4714 10560 -2492 -4353 979 -3107
1 6880 -8078 -6788 3632 -4284 3180
1 0 0 0 0 0 0
2 2424 9280 -2824 3 -2751 -1766

1 -496 -11108 304 10121 -1471 5261
2 752 9130 5514 -9393 -656 -1450
1 0 0 0 0 0 0
1 0 0 0 0 0 0
2 1632 11360 3882 -11553 -3588 -827
2 0 0 0 0 0 0
2 5450 8564 6572 -5530 -18912 1361
1 7446 -10166 3812 4310 -32768 -13251
2 4908 5892 1924 1658 -30634 -803
1 2832 -6942 -3662 -4044 -25430 -11478
2 2498 5856 -1458 8911 -28145 -2930
1 1930 -4334 -7366 -8587 -15562 -5420
2 -4010 5844 -8178 12986 -17201 -8732
1 -1730 -2876 -9442 -10193 -11513 2752
1 -1062 -2854 -12758 -15908 -3188 10339
2 -2594 7952 -11430 17989 -3296 -14920
1 714 1192 -10340 -19149 -993 10196
2 -760 2410 -6838 15983 85 -17243
1 662 1700 -4328 -15204 -3240 7797
2 126 -860 -3028 8229 -315 -13628
2 756 -130 -2288 -1159 573 -12346
1 1306 1758 -1328 -7328 -3783 10511
1 0 0 0 0 0 0
2 0 0 0 0 0 0
1 0 0 0 0 0 0
2 5348 2366 -2848 -4350 4225 -8600
2 3990 4562 -2092 -6307 4064 -9752
1 7302 -2304 -2370 1218 600 12327
1 0 0 0 0 0 0
2 4092 8856 -1130 -6628 3399 -11381
2 4478 12478 1588 -7204 1921 -13133
1 4294 -11120 -3336 3964 -7925 13276
2 0 0 0 0 0 0
1 8956 -13118 -5176 4811 -2647 13668
2 0 0 0 0 0 0
1 10530 -9056 -8762 5984 -7796 2745
1 0 0 0 0 0 0
2 2820 11262 -4330 -1113 1604 2559
2 196 9740 -724 8250 -3697 424
1 1506 -8416 -4486 -2654 -5818 -5786

1 3110 -10776 506 9428 -9603 -5871
2 3610 9570 5214 -7594 -9166 3688
1 8990 -13664 -830 10500 -9587 -11024
2 7164 15324 3922 -6483 -26938 7001
2 -4682 15302 -5288 19669 -32768 3132
1 5088 -13418 -7126 1099 -25187 -21050
1 -4492 -7038 -7568 -14789 -19787 -11754
2 -8072 10140 -3632 20468 -14681 -10401
1 -2852 -4452 -8120 -18358 -9814 2606
2 -7652 5226 -3802 14437 -4274 -18675
2 -2856 706 -4880 9867 -1534 -17588
1 0 0 0 0 0 0
2 -760 -1808 -3356 1668 -575 -12013
1 638 2476 -5668 -15829 -5057 7499
1 236 834 -1432 -6731 -2966 10289
2 0 0 0 0 0 0
1 0 0 0 0 0 0
2 3106 3510 -3156 -7994 11728 -8680
1 6516 -2560 -1206 1752 4626 14328
2 5834 2248 -2924 -2241 3697 -9652
2 0 0 0 0 0 0
1 8378 -2866 -2458 1870 -1605 11085
2 0 0 0 0 0 0
1 0 0 0 0 0 0
2 0 0 0 0 0 0
1 0 0 0 0 0 0
1 3528 -9368 -4118 3541 -5195 8569
2 0 0 0 0 0 0
1 4022 -10348 -4290 7236 -4175 10957
2 0 0 0 0 0 0
1 4428 -10618 -6750 10213 -13380 4083
2 0 0 0 0 0 0
2 3158 10134 -4104 -3712 3418 -548
1 5482 -7540 -6878 5641 -3453 1444
2 0 0 0 0 0 0
1 3404 -7712 -5800 -197 -2484 -2594
2 0 0 0 0 0 0
1 504 -8290 -3344 -4951 -4607 -3981
1 0 0 0 0 0 0
2 0 0 0 0 0 0

1 6258 -12492 -1648 6007 -18659 -13511
2 4236 12372 2786 -4208 -18297 6629
2 2162 13914 -2076 4558 -21781 6644
1 3984 -11674 -6720 -1660 -18053 -15711
1 452 -7742 -10716 -13022 -12513 -8581
2 -1804 12316 -8290 20511 -23931 -4840
1 0 0 0 0 0 0
2 -8468 9116 -5124 20420 -3310 -14395
1 -3810 -4704 -4436 -19746 -3438 7082
2 -5536 6476 -1300 15303 -2135 -21449
2 472 826 -3398 9205 -1508 -18595
1 1384 -240 -7258 -16599 -4305 9194
2 1134 -2462 -3946 817 129 -11220
1 3722 3162 -5584 -12893 -6657 8335
2 0 0 0 0 0 0
1 3098 816 -2386 -6139 -2309 12685
1 3642 -2526 -2112 -1845 -8544 15831
2 4026 5424 -4998 -7028 2152 -8905
2 4248 3268 -3748 -3457 212 -8577
1 4390 -5058 -1404 203 -889 15229
1 7450 -5076 -1264 -809 -4656 9418
2 3432 5268 -2200 -7536 589 -9958
2 0 0 0 0 0 0
1 0 0 0 0 0 0
1 0 0 0 0 0 0
2 0 0 0 0 0 0
2 0 0 0 0 0 0
1 3058 -11400 -4246 10640 -14011 4816
2 2142 11716 -3584 -5410 -5906 -4018
1 4076 -9520 -6210 9856 -7011 3795
1 3340 -7730 -6928 2341 1995 1402
2 -1656 8380 -3694 -851 -8754 -2001
1 0 0 0 0 0 0
2 0 0 0 0 0 0
2 0 0 0 0 0 0
1 758 -8036 -3546 -4684 -2136 -3414
2 -730 8928 148 5012 1242 123
1 0 0 0 0 0 0
1 0 0 0 0 0 0
2 0 0 0 0 0 0

2 6896 15886 6048 -9230 -32768 4133
1 5088 -14886 -2284 8416 -23030 -18537
1 -2176 -10946 -5226 -3376 -16719 -15333
2 -5554 10872 -286 9364 -32768 4394
2 -4416 8440 -5568 16891 -13909 -6461
1 0 0 0 0 0 0
2 -5962 7840 -8744 19993 -12985 -15447
1 -1052 -4224 -12446 -20378 -502 4047
2 -4722 4072 -3732 13139 4043 -23548
1 784 -3778 -9706 -27039 -1080 6853
2 -722 1222 -1174 7611 9339 -17309
1 686 -28 -1140 -20819 -3322 5513
2 -418 2240 -6 -3090 6428 -14180
1 860 572 -842 -7283 -7263 8177
2 742 8246 -14 -13285 958 -16570
1 2606 -4440 -2242 5440 -14762 13685
1 548 -14362 -3770 12955 -8593 20960
2 2620 13624 4526 -13211 10390 -13836
1 6206 -16846 -1816 8568 5970 21136
2 5664 16164 5338 -6408 -4934 -14842
2 0 0 0 0 0 0
1 0 0 0 0 0 0
2 -34 18674 1372 -19321 -7414 -207
1 168 -17416 -4810 17264 -30961 -2725
2 2408 12278 -2350 -15662 13329 3935
1 348 -10478 -6678 17020 4816 -117
1 2232 -5176 -4830 1637 8863 1308
2 2920 7270 -1512 140 -1376 1547
1 1712 -6814 -5028 -7749 -3571 -4362
2 -220 9068 -594 10846 -7844 1301
1 -56 -13402 -5242 -16038 -336 -4247
2 -1374 14648 1022 16919 -2593 1297
1 308 -18674 -5378 -20784 2591 -3270
2 0 0 0 0 0 0
1 -582 -13924 -3796 -19752 6413 -1520
2 0 0 0 0 0 0
2 20 8982 1524 13569 5204 -2562
1 510 -8128 -2902 -13565 6027 -2237
1 274 -4276 -1434 -7232 -230 -627
2 592 4662 822 8261 1925 -3360

1 -458 -6088 -498 -251 -4280 -2840
2 -450 7240 2340 3125 -7514 -57
1 1976 -8504 2656 10708 -8038 -4413
2 0 0 0 0 0 0
1 4926 -16756 144 17290 -4880 -6493
2 1752 17280 7544 -19492 -6199 3236
2 7496 18896 7452 -12859 -21849 3097
1 7428 -20276 -3422 13373 -19661 -17026
2 -3236 15004 -554 11075 -32768 6795
1 -302 -13178 -7928 -5262 -24238 -20521
2 -5032 8004 -1220 20225 -9577 -4421
1 -4896 -5158 -4046 -13717 -8379 -3695
1 0 0 0 0 0 0
2 -2166 5160 -4314 16821 -6799 -14198
1 1852 -2734 -9536 -18205 -7662 8136
2 -758 2126 -6528 12568 -4066 -16225
1 0 0 0 0 0 0
2 1176 454 -8030 7876 -1272 -14274
2 1032 76 -6182 3731 464 -10720
1 2964 3898 -3946 -12462 -6160 6512
2 0 0 0 0 0 0
1 1656 1744 -1158 -4540 -1651 10620
1 3468 -1848 -2072 382 -672 14185
2 -810 4194 -162 -9061 8209 -9839
1 1160 -4250 -2696 6150 -11458 12667
2 2340 8084 -574 -10611 7064 -11060
2 6938 13236 1312 -11091 8239 -11904
1 2614 -11992 -3322 10066 -4270 16062
2 5492 15086 5926 -12777 -16926 -13194
1 0 0 0 0 0 0
2 -214 17150 1434 -15535 -6679 -1171
1 4198 -16784 -5552 13810 -20739 5243
2 1004 13386 794 -14035 2481 2241
1 634 -13348 -4370 17347 -17747 -3664
2 566 9932 -1252 -7115 -8338 551
1 -818 -8358 -6768 10040 3260 -600
2 -1516 7078 -2136 1330 -5175 -838
1 1464 -5710 -4848 -403 5645 1387
2 -1094 9378 -324 8712 3623 -1950
1 802 -7808 -4584 -7838 -2397 -1218

1 2036 -6702 -2996 9311 -4958 3183
2 990 7790 1750 -10847 -1022 -525
1 1762 -11530 -4152 15909 -10764 3177
2 66 13264 1170 -15393 -5338 1023
2 3740 15052 1584 -10965 -12996 632
1 0 0 0 0 0 0
2 1480 14544 440 3426 -32768 2846
1 6252 -12616 -2314 9176 -32046 -13723
2 -3062 11780 -5990 15887 -15428 2781
1 0 0 0 0 0 0
2 0 0 0 0 0 0
1 -3868 -6568 -11328 -16130 -15897 -6663
1 0 0 0 0 0 0
2 -6708 8242 -5896 23743 -3738 -12451
2 -2218 2264 -3692 16316 3162 -15120
1 -1644 -3078 -6246 -26521 -843 10865
2 -980 -648 -258 6030 -963 -14683
1 304 134 -2170 -16356 -6613 8973
2 -388 5296 -818 -7242 6065 -15043
1 1034 -2076 -1608 -1974 -5868 14520
1 1516 -7070 -2762 4489 -4067 18504
1 4544 -11824 -3226 5409 -605 17537
1 8494 -13734 146 5746 -11488 15243
2 2216 10434 1212 -10253 21805 -13543
2 5704 9978 4902 -1124 870 -14798
2 5220 11626 5560 -4992 -11645 -16549
1 4658 -16436 -2842 10216 -12550 8995
2 3002 17906 5136 -15052 -7697 -12619
1 1914 -13882 -4560 16198 -15977 3282
2 0 0 0 0 0 0
2 -220 12320 -922 -10202 -4149 190
1 150 -11362 -5630 14974 -9294 -154
1 1004 -6310 -5546 3624 -1504 658
2 398 7932 -2350 -2184 -4012 401
2 0 0 0 0 0 0
1 862 -6268 -5164 -5355 400 804
2 -946 11738 478 12285 3016 -1388
1 770 -10592 -4388 -12500 3094 327
2 -70 15948 2772 17640 4483 -2581
1 1488 -14772 -4530 -17417 5933 -1496

1 3372 -16210 4740 16850 -8782 2382
2 7996 17068 12832 -20990 -8798 -3710
1 8478 -19378 -1752 9823 -32768 -23915
2 8328 23998 5820 3411 -32768 1612
1 -10424 -9396 -7504 -15882 -32768 -12674
2 -13592 13238 -2096 31770 -31062 -15418
2 -7372 9076 -3078 22553 -6379 -24358
1 -4640 -12914 -15958 -26305 -7664 12287
1 2446 -7088 -6370 -30302 -3626 14475
2 -2630 2034 -668 9572 2123 -22436
1 1754 -166 -1894 -17878 -2095 6863
2 536 1440 -576 722 8607 -11232
2 0 0 0 0 0 0
1 0 0 0 0 0 0
1 1934 -5878 -1484 6834 -5366 17801
2 3000 8534 206 -10373 9976 -14524
1 5026 -10686 -2344 6144 4369 20655
2 4860 12710 2416 -7719 5375 -15759
1 2880 -14978 -3542 7923 -16706 15499
2 6342 14672 4024 -6278 -10995 -17920
1 4398 -15304 -2846 9200 -8881 11018
2 3326 17688 3652 -14705 -1278 -8963
2 2622 16292 1370 -14830 -13834 -5787
1 4594 -15892 -5378 12800 -20924 2727
1 -1008 -11134 -4020 13981 -13287 -4035
2 -1260 11662 -54 -10892 -5237 1961
1 -812 -7038 -6888 7712 4656 -501
2 318 8212 -2296 -2937 -1256 1758
1 0 0 0 0 0 0
2 -592 7944 -1514 5394 -1512 -396
1 956 -9316 -4628 -10916 -1895 -2077
2 -1164 11454 518 11931 1637 -1685
1 570 -14696 -4826 -17362 843 -1110
2 -560 16954 2470 16539 4014 -3836
1 950 -15292 -3988 -20339 6608 -1685
2 -1156 13828 2678 17247 6748 -3383
1 864 -9528 -2732 -16628 6074 -3080
2 -304 9884 1904 14853 11166 -622
1 708 -4006 -1790 -7829 112 -2825
2 1294 4822 470 8849 2851 -771

1 -998 -4982 -388 6209 -4456 1425
1 3022 -13328 -1476 22649 -13336 2092
2 4030 13686 6264 -18681 -23704 843
2 1960 24512 3096 -15315 -28454 12653
1 5326 -21750 -2732 26473 -13117 -2282
2 230 19866 -2862 12707 -32768 5347
1 6874 -16738 -5978 9378 -30453 -16645
2 -23354 7948 4664 18130 -26816 -24211
1 -24400 -11720 -7674 -20631 -32768 -12961
2 -6068 11294 -476 13333 8141 -30121
1 -3476 -13482 -9130 -30728 -9003 12589
2 -2186 2930 -74 6842 8976 -23431
1 598 -4710 -3352 -25303 1275 15124
1 1398 -174 -1694 -10943 -7511 8535
2 2246 740 -1452 -278 9896 -12127
1 0 0 0 0 0 0
2 756 5852 -224 -10489 412 -15929
2 4892 12108 -704 -8498 19853 -9633
1 5238 -8126 -2804 5962 -10089 17136
1 6236 -11902 -3856 7208 -7285 13369
2 5686 11156 1650 -2212 -12740 -17224
1 6186 -14778 -1678 8940 3296 15142
2 4426 14656 2686 -11367 4056 -12107
2 3956 20430 3848 -18821 -6504 -11549
1 5318 -17498 -5126 13499 -11420 10370
1 0 0 0 0 0 0
2 0 0 0 0 0 0
1 950 -9678 -6402 11182 -3176 1386
2 -34 10730 -2374 -8473 301 1671
1 1782 -5870 -5076 1384 2324 1033
2 670 7022 -2450 1674 -1155 892
2 -474 8834 -1338 8083 -840 688
1 1466 -6842 -4902 -7014 -281 -2342
1 618 -12556 -4830 -14442 2901 -3632
2 -852 14388 1516 15796 129 -1802
2 -1852 17630 3398 19756 2513 -4654
1 1246 -16552 -5056 -18634 4503 -4734
1 0 0 0 0 0 0
2 -1566 15452 2410 18858 12494 -1712
2 1258 9168 1310 18832 8563 742

2 -268 31408 1750 -3605 -32768 10383
1 9820 -26040 -7124 19346 -32768 -22374
2 -21264 16428 -2018 30566 -16876 -1219
1 -3030 -17294 -6226 -19536 -32768 -23725
1 0 0 0 0 0 0
2 -12698 16008 -474 32767 -9421 -19238
2 574 4040 142 21778 -2451 -19885
1 -2370 -8496 -3966 -24520 -3640 25151
1 4682 -3708 -2612 -9896 11151 13604
2 484 3296 -384 -4130 -1265 -11885
2 1116 10800 568 -14696 -3637 -14933
1 4118 -8696 -2632 -1176 -20108 11878
1 4028 -9088 -646 -1467 -3761 14735
2 4086 9972 1640 -5171 5532 -14428
1 6832 -12562 -1782 5396 -7284 16322
2 0 0 0 0 0 0
1 8622 -20612 -3094 14711 -7643 15311
2 8168 17414 4368 -13260 -4412 -14898
1 0 0 0 0 0 0
2 -668 23754 4956 -19465 -23817 -6469
1 210 -14392 -6150 13928 1553 4447
2 -2134 18278 474 -19010 -1225 5158
2 220 9598 -2242 -7245 4089 2435
1 2112 -7324 -5686 8222 -4613 1383
1 886 -4684 -5768 672 -3201 -341
2 250 6548 -2994 1760 -4366 -718
1 780 -8140 -4742 -9750 3860 -626
2 -1428 9366 -1094 8835 139 -1011
2 -774 16264 1864 17273 2223 -2579
1 1970 -15004 -4764 -17912 893 -4690
1 318 -17544 -4332 -21790 8734 -5683
2 -1522 17332 5196 21251 9924 -2342
2 -370 12280 2814 16122 11079 1629
1 442 -10446 -3546 -15824 5499 -6091
2 164 7808 1466 11488 -394 -1478
1 172 -6046 -2800 -7855 1314 -4026
1 -274 -4014 -2026 -2157 -1033 -602
2 -632 4550 1132 6216 -919 -2216
1 684 -4102 -2398 5234 -2202 3781
2 0 0 0 0 0 0

1 -5316 -9598 -8702 -27606 -2764 7094
2 -7290 9148 -388 24370 1093 -18746
1 -908 -4580 -4178 -24441 -2856 10533
2 -1076 3596 -380 14902 1581 -20360
2 -1736 248 660 1501 152 -15865
1 -224 -1342 -2458 -12684 -8710 9882
1 1726 -4288 -4278 1196 -10001 16741
2 304 6664 248 -12349 2121 -17836
2 1114 14438 2512 -17533 10923 -15701
1 2878 -14086 -4504 7395 -3433 25019
2 8898 14178 4612 -5711 -2586 -12124
1 6308 -16328 -3616 4011 -2137 19332
2 1548 14328 3006 -9454 -19626 -11382
1 7110 -13008 -290 7098 -25465 3356
2 4810 15254 786 -16735 4052 -2756
1 -2340 -13334 -8490 12325 -25976 -6348
2 1214 10810 -694 -8766 -4660 52
1 -1054 -10472 -3510 11331 -4967 -4376
2 344 8350 -1014 70 -4114 529
1 -126 -7974 -5894 7852 6217 -636
2 -702 8234 -688 5296 -4234 -361
1 1052 -6762 -4688 -960 1246 -351
1 214 -8532 -4586 -8569 -719 -34
2 -1036 9752 340 8410 -669 -2183
1 1100 -11500 -4762 -13207 3492 1149
2 -964 11998 1268 10210 4353 -2880
1 770 -12048 -3954 -16033 5154 1149
2 -8 11486 1366 11808 7396 -2487
2 842 8728 882 10744 4902 -824
1 1948 -8100 -3142 -12634 9261 -125
1 1374 -4902 -2446 -5221 406 -1309
2 858 5720 228 5170 474 4
1 0 0 0 0 0 0
2 0 0 0 0 0 0
1 1564 -6922 -3186 9635 -2978 1313
2 -16 7830 612 -9012 -3135 662
2 996 11234 922 -11737 -5206 1464
1 2020 -10774 -3588 14320 -9612 -1055
1 5474 -13518 -2146 13586 -18672 -9206
2 6046 13328 4028 -5844 -31236 2501

1 356 -8880 -4394 -8491 1821 1216
2 440 11900 2304 13431 -10727 -324
2 -494 11886 4056 14107 -2958 -3352
1 0 0 0 0 0 0
1 0 0 0 0 0 0
2 904 8424 3898 9248 2501 -2852
2 588 6634 2136 2615 1346 -1128
1 792 -7676 -2500 -9591 1411 -349
1 1032 -5292 -2416 -2472 2208 1155
2 0 0 0 0 0 0
2 -216 8484 444 -6953 2713 477
1 1142 -5074 -2818 5950 -516 2048
2 0 0 0 0 0 0
1 1200 -8048 -3892 13130 -1812 2514
2 424 9426 -228 -5277 1102 88
1 0 0 0 0 0 0
1 1144 -8564 -4916 4157 2228 1755
2 548 8708 -390 -519 -529 -399
2 0 0 0 0 0 0
1 1382 -7592 -4446 -1475 -922 100
1 1064 -7764 -4124 -4556 -825 -877
2 -298 8982 746 3900 -143 -92
1 894 -8812 -3770 -7233 -1247 -1631
2 68 12374 -2564 13070 354 -1340
1 0 0 0 0 0 0
2 0 0 0 0 0 0
1 1026 -6582 -3440 -4093 497 -593
2 -1146 5096 -68 4468 5458 -882
2 248 6792 -1584 -471 3315 -445
1 746 -6624 -3376 266 -1172 -940
2 0 0 0 0 0 0
1 0 0 0 0 0 0
1 -492 -7360 -4028 6596 -2506 436
2 -3134 10630 -11210 8911 2884 -6330
2 -3710 7470 -9436 18803 2941 -11179
1 0 0 0 0 0 0
1 1204 -7962 -4148 3995 -77 465
2 1364 88 -1800 16823 1135 -12833
2 558 -1860 -2908 7877 820 -7750
1 1454 -8000 -4248 -297 633 -113

1 3770 -12314 -11448 -4321 -19051 -18179
2 -1760 15836 -7198 13870 -23472 5050
1 -12060 -9126 -13016 -24151 -6951 -1445
2 -12802 12294 -9414 26564 -284 -177
1 -3632 -10966 -14370 -32704 -1915 3279
2 -8816 11902 -3766 25685 -4277 -18742
1 -1222 -5042 -3178 -28058 -4163 6448
2 -226 3840 532 17117 4800 -17648
1 -76 -2276 -2050 -13323 -11882 9755
2 -1206 2422 808 -124 -4008 -18132
1 1288 -4352 -2994 270 -7878 14821
2 -96 10572 2480 -14678 4703 -18415
1 5620 -11722 -3780 5366 -4596 20776
2 7148 16390 2432 -8703 21625 -13007
1 4398 -14964 -1772 8745 -13603 17421
2 7648 12396 3246 -3714 -18075 -12375
1 6656 -15608 -4366 10621 -7984 13042
2 2202 14782 3148 -13438 -30246 -7590
1 3966 -13670 -5644 10815 -8234 7668
2 -2076 16034 808 -19417 -4829 4727
1 2168 -9698 -5058 7994 -9264 1958
2 292 12032 -1772 -10293 5440 3396
1 1044 -6876 -4824 3666 -6845 -836
2 904 8228 -2388 -1273 -1612 -308
1 786 -6992 -4614 -2421 -1184 -814
2 0 0 0 0 0 0
1 1178 -9318 -4338 -8492 642 -1350
2 -446 11680 200 10665 4613 -522
2 0 0 0 0 0 0
1 1646 -11466 -4112 -12784 2244 -2606
1 0 0 0 0 0 0
2 2058 9656 3374 9780 6435 2873
1 924 -7554 -3358 -6261 1245 -2862
2 -28 7370 1500 7052 -5331 -1562
1 108 -6048 -2758 -2816 -659 -1117
2 -970 6822 700 2581 685 148
1 0 0 0 0 0 0
2 0 0 0 0 0 0
1 1876 -6700 -3232 8561 -509 3102
2 882 8058 -34 -7027 2760 -395

1 6878 -16144 -2580 11064 -32768 -21879
2 7648 15724 7342 -2809 -32768 3032
2 -8914 17202 -6444 22576 -31607 642
1 0 0 0 0 0 0
2 0 0 0 0 0 0
1 0 0 0 0 0 0
2 -6382 7216 2760 11377 7671 -27365
1 -3812 -7990 -6346 -28128 -1812 10974
2 -1542 3472 1218 3914 9003 -19497
1 -920 -4510 -3244 -21979 -5513 10436
2 -486 5024 278 -7747 3177 -16169
1 72 -3364 -3294 -9147 -9692 13208
2 -310 13066 2238 -18572 7701 -16034
1 4306 -8174 -3030 1956 -5233 20047
2 6148 17704 4292 -12294 15127 -14892
1 9192 -17182 -3588 6637 -5183 21651
2 3422 15804 5394 -7486 -16174 -13542
1 0 0 0 0 0 0
2 0 0 0 0 0 0
1 3320 -18786 -5978 17565 -25912 1468
2 0 0 0 0 0 0
1 -1752 -14834 -5356 17338 -5402 -2717
2 4432 8688 -1632 -5549 1686 -932
1 1188 -7572 -6506 7928 9107 1170
2 0 0 0 0 0 0
1 2398 -5618 -4962 -1257 535 -1211
1 524 -8760 -4506 -9401 -6023 -3671
2 -442 11138 198 10783 882 3109
1 264 -13084 -1790 -16760 -5123 -1280
2 202 13086 4950 16352 -1424 4008
1 1022 -11092 -1062 -12987 5288 1003
2 -1130 10774 3304 12135 450 1716
1 700 -8778 -1726 -8650 -1813 -382
2 -638 8160 2508 8013 1353 -689
2 114 6416 1018 3901 4134 -99
1 202 -6776 -2598 -5140 3324 2052
1 1880 -5268 -2940 297 991 947
2 1242 6376 242 -2129 1862 -418
2 1788 8058 206 -6627 1459 -702
1 1392 -6414 -3216 7643 -4980 -270

1 2586 -8666 -2666 6733 -6350 -3892
2 3068 9170 2812 -6140 -11598 680
2 3184 12184 2058 -4970 -23406 3767
1 2386 -10274 -1880 10283 -13456 -9210
1 0 0 0 0 0 0
2 -736 11716 -2448 3276 -18425 6201
2 0 0 0 0 0 0
1 3494 -11324 -6998 -3565 -22562 -15869
1 -1506 -5718 -8950 -13774 -15313 -9087
2 -3118 8550 -6666 16087 -11343 -3228
1 -6646 -5086 -9994 -15064 -6625 2258
2 0 0 0 0 0 0
1 -2922 -4774 -11268 -19981 -5884 10410
2 0 0 0 0 0 0
2 -1900 2860 -304 10207 3616 -17334
1 -3336 -4428 -8882 -21816 -8668 9995
2 -3908 -3974 9874 -7923 -1199 -14523
1 -18738 -1970 10808 -3202 -28843 13771
2 -19268 32767 25388 -32768 32767 -32768
1 -29822 -32768 -1506 32767 15854 32767
1 8294 -14380 5744 -1192 -32768 6368
2 3904 6942 12334 -3176 -32768 -17604
1 6038 -17202 -1288 3566 -15364 4879
2 2734 16918 2232 -7650 -7059 -6397
1 3590 -11426 -8420 16299 -11862 -5186
2 2696 13216 -4706 -10953 -10106 -2398
2 -376 8620 -2456 -3791 -6688 59
1 -718 -8378 -6682 9787 4752 722
1 1274 -6246 -4842 732 5243 894
2 320 8044 -818 2956 -5977 -1683
2 1354 6570 126 4776 769 183
1 698 -4954 -4180 -4894 -4059 -2391
2 1034 10428 1252 7127 5129 1436
1 0 0 0 0 0 0
1 2108 -13232 -1282 -12830 8692 1586
2 0 0 0 0 0 0
1 2188 -8784 -1984 -8818 1537 -2881
2 -478 7496 150 5640 2002 -463
1 1720 -7290 -2036 -4379 485 -2788
2 0 0 0 0 0 0

1 4112 -7708 -1960 -290 -1777 -2999
2 0 0 0 0 0 0
1 0 0 0 0 0 0
2 1516 5366 3188 -628 2892 -2607
1 -2354 -8142 -2808 8318 -6359 -4392
2 7300 8856 -396 -5759 -5783 -6383
1 -3680 -6934 -11268 6133 -5740 -1176
2 2990 10902 -6636 -1556 996 -1770
2 -1338 19876 4592 8392 -10923 -1313
1 3050 -16306 -3422 -9148 -1010 1128
2 17540 18626 19546 -12582 -16137 2925
1 12210 -26878 12146 14213 -15653 -15202
1 10040 -23414 -21634 -3206 -31207 -32768
2 1912 32767 -14008 24961 -32768 23397
2 -14768 12624 12528 28071 6830 -11005
1 -14232 -9868 -5938 -27910 -1429 -10842
1 -10766 -9946 -3396 -18246 4657 1162
2 -5700 7048 10474 6876 1258 -14522
2 0 0 0 0 0 0
1 -2160 -7674 -2782 -19339 -11072 6610
1 -4136 -16432 -6724 -11338 -17731 17987
2 -2292 18910 4564 -8184 3344 -24707
2 7820 26618 6382 -10145 29935 -27744
1 7170 -21734 -2794 1187 1788 32767
2 14942 18900 1776 -3041 -10828 -9322
1 21186 -17282 -6668 6923 -10966 17504
1 8988 -9492 -7656 7047 -19890 -301
2 5028 13086 -7600 -9175 -11215 -2125
2 2490 8716 -2540 -976 -3527 1506
1 2762 -8086 -6328 388 -3238 186
1 0 0 0 0 0 0
2 0 0 0 0 0 0
1 140 -6624 -3788 -2205 -2684 -477
2 0 0 0 0 0 0
1 708 -7036 -4326 950 -4504 -507
2 0 0 0 0 0 0
2 0 0 0 0 0 0
1 0 0 0 0 0 0
1 0 0 0 0 0 0
2 2890 8186 480 -1758 3639 1149

2 5116 9236 -1548 4122 970 -1299
1 0 0 0 0 0 0
2 0 0 0 0 0 0
1 -1162 -2918 -6458 -808 2308 -21
2 1234 2470 556 4282 -7306 -922
1 -764 -444 -3066 2982 4669 759
2 1810 11632 9934 430 -21290 666
1 10072 -14724 3240 7546 -14484 -9871
2 10122 32767 1574 -19577 -17192 12700
1 3172 -28816 -10012 7444 -25189 -29085
2 -8884 27594 -4656 18820 -32768 16500
1 5110 -23686 -15372 -10780 -15106 -27624
2 -15974 11506 4816 25052 -12690 -2981
1 -13194 -15252 -7820 -25677 2344 -8162
2 -8558 6404 10404 13112 10566 -14463
1 -11576 -7052 2972 -21837 2395 4973
2 -786 3092 6748 2488 11390 -14470
1 -4288 -7064 -1038 -16048 -4731 13419
2 -4256 10342 3432 -2285 4177 -19551
1 -1744 -5780 -3622 -12183 -14158 14388
2 1058 24542 5968 -7156 12092 -26974
1 -4216 -17634 -5922 7782 -13195 25836
2 9084 20394 5240 -6992 1952 -20676
1 18790 -26058 1170 318 29519 28722
2 10598 20110 -2018 -5551 -11024 -4120
1 7864 -16074 -4722 6926 -28890 -675
2 3262 11988 -3458 -6344 -6279 1259
1 8492 -8372 -9030 2436 -14354 -3714
2 -1158 7334 -802 -3713 -4387 3754
1 -1024 -5656 -3174 4049 -4352 -1267
2 -620 7836 -134 391 2856 3394
1 -1360 -7018 -4390 5244 11553 3247
2 0 0 0 0 0 0
1 810 -7660 -3884 2633 6848 1858
2 0 0 0 0 0 0
1 56 -8504 -4418 -2553 203 -271
1 -22 -8412 -4246 -5800 -2020 -1592
2 2732 8210 2582 1155 1371 1944
1 0 0 0 0 0 0
2 2386 7880 1920 2254 -5254 -46

2 8664 9146 10390 105 34 -216
1 984 -13190 4784 8234 -13141 -8265
2 8992 20194 11520 -12032 -21499 9723
1 8168 -18152 1922 15198 6234 -6322
2 5636 24788 -4724 10855 -32768 20355
1 8440 -24984 -7772 11565 -32768 -32242
2 -12652 11092 870 21272 69 5078
1 -12426 -12410 -10086 -17280 5566 -15845
1 -4732 -5882 -6132 -16575 4388 -7381
2 -5952 5108 1286 13980 796 -8823
2 618 1970 4748 5948 5727 -9665
1 -3322 -4742 1872 -17606 -10203 1881
2 0 0 0 0 0 0
1 -524 -2594 -290 -12348 -4355 8305
1 -104 -6640 -3824 -11017 -8518 10957
2 -1690 8004 1400 -3712 11525 -15246
1 1792 -16070 -1816 -3147 -11091 23088
2 -2898 21024 8044 -6962 2368 -25323
2 18720 25284 3638 -7427 3967 -21737
1 8296 -30134 4520 9799 9742 30590
2 8734 16046 -4830 -6677 -17288 -4841
1 11908 -10964 -2180 6061 -21077 5978
2 1742 10654 -3434 -6233 2694 2059
1 4650 -8500 -3698 657 -21908 -2443
2 580 8624 300 -1473 1296 2222
1 -3768 -7856 -4486 -207 2585 1535
1 216 -7542 -3810 -2071 4780 534
2 0 0 0 0 0 0
1 -850 -7392 -3912 -2257 -810 510
2 0 0 0 0 0 0
2 2676 7114 3660 -798 1365 2027
1 -1752 -7612 -3476 -2311 4218 1244
2 0 0 0 0 0 0
1 -1070 -7722 -3972 -1209 -123 -235
1 0 0 0 0 0 0
2 0 0 0 0 0 0
2 0 0 0 0 0 0
1 0 0 0 0 0 0
2 0 0 0 0 0 0
1 0 0 0 0 0 0

2 11130 11084 9792 -1637 -26278 -4878
1 7326 -12498 7314 6589 -24238 -6241
1 16654 -18616 -708 11640 -7635 -14513
2 17358 27104 -1796 -6004 -19021 16801
2 -4166 30106 -864 23276 -32768 13058
1 7268 -24518 -14124 -6900 -30687 -30752
2 -8824 13652 3554 22730 -7112 -529
1 -5556 -14956 -5890 -23042 -3441 -9481
1 -2208 -4578 -784 -16356 2165 -4948
2 -2566 4322 2322 12771 7308 -4134
1 -3492 -640 846 -11956 -12556 1810
2 -66 -446 1918 8576 -1473 -7830
1 0 0 0 0 0 0
2 268 -1776 994 1392 140 -9374
2 -1690 2908 1434 -3271 2676 -12961
1 794 -2154 -1082 -9655 -6669 10957
1 88 -5734 -3344 -5169 -11983 12427
2 -1754 7920 1380 -9271 -3369 -16979
1 6094 -18222 -7490 10962 -14793 25251
2 3744 28182 234 -25258 3814 -14939
2 15132 20340 -7634 -7302 5395 -8161
1 20056 -18718 -9362 12247 -7838 17359
2 8216 11614 -2472 -5900 1965 -1926
1 6522 -8860 -6206 -974 -8584 3581
2 -750 7706 -1622 -4657 -8244 2619
1 2724 -6318 -4762 835 -8355 -14
1 -524 -7440 -4680 4494 -2896 31
2 0 0 0 0 0 0
2 570 8590 -270 279 -306 280
1 72 -8074 -4674 1550 2667 779
1 0 0 0 0 0 0
2 0 0 0 0 0 0
1 0 0 0 0 0 0
2 0 0 0 0 0 0
2 0 0 0 0 0 0
1 0 0 0 0 0 0
1 0 0 0 0 0 0
2 0 0 0 0 0 0
2 0 0 0 0 0 0
1 0 0 0 0 0 0

1 13028 -22994 -3318 8917 -17730 -25568
2 11352 28660 194 -3039 -29070 19577
2 -9644 23696 932 24945 -32768 5778
1 3024 -21568 -14804 -13545 -32768 -29969
2 -3322 16168 -1646 24798 12521 -8121
1 -10434 -11636 -3734 -21986 -14148 1048
1 1702 -3892 5046 -14618 -4471 10863
2 1560 4390 3780 18194 312 -9767
2 4540 -532 1202 4997 51 -8261
1 -618 2820 -1052 1337 -10454 5797
1 -3274 492 -3482 204 7468 13976
2 0 0 0 0 0 0
2 -1418 5388 -64 -1449 7744 -12901
1 -2798 -8096 -4770 -6015 4490 19503
2 -3396 12950 4236 -5674 -10435 -22488
1 2088 -16370 -6158 -4568 -14921 22217
2 12100 29986 8294 -25610 30324 -21823
1 13402 -18726 -3320 9157 -8737 24988
1 10278 -15606 -10182 13126 -6074 7432
2 7954 22776 -1716 -14372 -11521 -8014
1 6848 -7344 -7920 5061 -1082 1314
2 3932 12260 -2218 -5093 -10480 -3517
1 -248 -7214 -5474 3463 -1868 -1110
2 -672 7720 -1838 -1559 673 1271
2 574 8242 -1046 1239 802 1743
1 0 0 0 0 0 0
2 1120 9134 2012 6571 -7794 -1004
1 0 0 0 0 0 0
1 0 0 0 0 0 0
2 -814 8084 2350 6568 -4944 -2726
2 0 0 0 0 0 0
1 124 -8140 -2836 -3624 -1190 715
2 1136 7890 1706 218 5169 298
1 0 0 0 0 0 0
1 0 0 0 0 0 0
2 1282 7994 984 -125 2595 -28
1 0 0 0 0 0 0
2 0 0 0 0 0 0
2 0 0 0 0 0 0
1 336 -7242 -3800 3223 -1192 -1279

2 5518 9300 2862 -4125 -7245 8765
1 4056 -11154 -2718 6349 -4937 -11218
2 5614 18016 -4706 4587 -25711 9056
1 7586 -14180 -6604 3361 -18672 -21482
2 -9172 18730 -7014 22853 -30934 -915
1 -2154 -15804 -14452 -19018 -32768 -17232
2 -10386 15814 -2828 24259 -4097 -13469
1 -8478 -11184 -10796 -21850 -3276 6958
1 -5042 -10724 -4398 -20832 -5228 14445
2 -4248 10082 512 17178 4397 -20023
1 -748 -3466 -732 -16523 -2474 14314
2 1314 3810 -492 9093 7946 -14410
2 3992 -426 -1712 4218 -586 -10693
1 3496 2062 170 -7050 -3491 10566
2 2468 14 -1206 -1521 152 -10852
1 0 0 0 0 0 0
1 0 0 0 0 0 0
2 1222 4176 -254 -6304 -1482 -12975
1 1268 -9732 -3190 5931 -16303 14423
2 -768 10924 1890 -14045 -5050 -16782
1 11282 -18702 -3136 12998 -4038 21975
2 9638 18588 3252 -15841 2537 -18380
2 5072 20392 -2138 -12672 -4295 -8545
1 6636 -17040 -13766 17776 -13876 8670
1 2286 -8268 -10974 9659 -11105 -38
2 1886 13116 -4710 -11224 -17311 -2650
2 -2728 9136 -3026 -1650 -12962 -1255
1 1746 -7068 -7032 19 2072 853
1 1442 -7330 -4864 -4326 -4083 -2419
2 -1456 8544 -1194 3081 2881 -1564
1 0 0 0 0 0 0
2 0 0 0 0 0 0
1 228 -8594 -3026 -4808 6904 1253
2 0 0 0 0 0 0
1 1388 -7856 -3668 -4223 2257 89
2 0 0 0 0 0 0
1 992 -7038 -3282 -3195 -612 -1175
2 58 8318 546 5995 2176 -805
2 362 6864 298 2611 575 -361
1 0 0 0 0 0 0

1 982 -7716 -3552 -268 75 501
2 172 8038 664 976 -1197 -600
2 1580 8480 1854 -1133 -4177 -761
1 1694 -8468 -2436 -594 -4319 -1923
2 6638 8796 2868 -4761 -13666 3514
1 2314 -11746 5816 8688 -18043 -10513
2 9528 19868 -6464 5341 -32768 9013
1 5952 -19762 514 18397 -7349 -16009
2 -19362 22444 -11162 30949 -19780 -5734
1 4466 -22952 -17826 -7938 -32768 -32768
2 -14446 20804 5924 26559 -7363 -32189
1 -15808 -24454 -17810 -32768 -20436 2447
2 -11862 24194 11810 5444 10432 -29368
1 -9752 -32768 -11036 -32768 -21806 21846
2 -1700 14440 8826 -5706 -3100 -27420
1 -4864 -27588 -8482 -5305 -20448 32051
2 1460 29744 7828 -31009 -1829 -14436
1 9928 -32768 -2584 12273 4864 32767
2 0 0 0 0 0 0
1 9242 -24634 -4536 19250 -31036 11992
2 -4198 18958 -1654 -10171 -23560 4223
1 7388 -13340 -9776 13100 732 6641
1 1104 -8034 -7010 5836 -14809 -2216
2 -2926 10934 -2972 -5466 -8242 5346
2 -4536 7600 -564 1883 -4271 -286
1 -900 -6344 -6026 -1134 -1598 -814
2 0 0 0 0 0 0
1 0 0 0 0 0 0
2 -398 10088 1644 4648 5906 -5685
1 2818 -8958 70 -3772 37 358
2 0 0 0 0 0 0
1 0 0 0 0 0 0
2 3272 8782 3124 3974 4389 -1800
1 0 0 0 0 0 0
2 1586 8400 1618 1415 1381 -340
1 0 0 0 0 0 0
2 0 0 0 0 0 0
1 678 -7618 -2742 531 -403 -439
2 0 0 0 0 0 0
1 0 0 0 0 0 0

2 0 0 0 0 0 0
1 0 0 0 0 0 0
1 498 -7758 -3298 2877 3074 1179
2 -1078 7982 -720 -2219 4591 87
1 4302 -9108 -720 3604 -15848 -4566
2 3438 8848 548 -2158 -1179 879
1 1706 -10832 1516 6470 -8547 -5343
2 3204 10094 1250 -2451 -11407 3450
2 5238 12630 -1016 174 -16751 7371
1 5630 -12182 174 8558 -15788 -10851
2 1378 20322 -10448 17631 -23885 5384
1 9304 -14314 -7008 -2206 -24596 -20886
1 -1778 -13694 -17642 -22337 -30894 -21871
2 -12248 16960 -5294 32021 -11498 -7919
2 -4092 7406 2690 20368 9252 -8073
1 -5932 -10076 -2820 -25380 4709 1376
1 -2680 -2202 634 -14347 -6779 1100
2 -104 1134 2522 11065 -8165 -9286
1 -4812 -5450 -4744 -16905 -8718 6483
2 0 0 0 0 0 0
1 -8320 -9740 334 -4179 -21050 19550
2 -9900 8128 8208 -16186 -8179 -24367
2 -272 32767 13758 -32768 13380 -32768
1 -44 -32768 -6546 27022 -2466 32767
2 6786 27540 -3666 -10529 -32768 -13152
1 11004 -21736 -10732 13939 -32768 6194
2 4396 10406 -1430 -3179 -12779 -3185
1 7028 -7268 -8010 516 2270 4260
2 -2354 8854 -908 -2920 -2524 3434
1 1942 -6526 -5036 -885 -5527 -1181
2 168 8826 -1512 -633 1699 3336
1 0 0 0 0 0 0
1 -434 -8174 -4800 -1660 -2228 -521
2 0 0 0 0 0 0
1 -278 -8246 -3450 -4405 7807 2625
2 -1158 9212 272 7326 2709 -1568
1 2344 -7154 -3710 -2157 -3206 -1000
2 0 0 0 0 0 0
2 0 0 0 0 0 0
1 -334 -7086 -3336 -826 -3106 -737

1 7794 -12006 8160 10286 -2146 -5421
2 3464 11520 -2798 -1601 -9409 8252
1 21264 -25460 7028 26384 -10066 -12878
2 -5194 29686 -11442 25926 -32768 9652
1 5072 -32768 -12666 -16477 -32768 -32768
2 0 0 0 0 0 0
2 1394 9210 2266 18982 9304 -13499
1 -6198 -23108 -6340 -32768 1154 3646
2 2016 772 6814 4606 2203 -8100
1 2796 -8154 2550 -18808 -4038 5757
1 3178 -3436 2392 -12062 -6943 6344
2 2622 -320 4108 2534 2225 -8036
2 0 0 0 0 0 0
1 -636 -3944 -2074 -7376 -9315 7338
1 -3052 -3274 -3428 5990 -17952 11889
2 -6382 4874 1266 -15320 -12792 -20071
1 -14652 -32768 -6262 32767 1758 32767
2 -15810 32767 20288 -32768 25945 -32768
2 -9762 22796 3460 -1692 -32768 -16579
1 3444 -25508 5158 10086 -32768 -5304
1 2710 -6480 -7376 10464 -10668 2120
2 914 9518 -5186 -5281 -23601 -1599
1 1792 -6478 -5964 2676 876 -791
2 -3442 7780 -3992 -218 2061 3156
1 2106 -7952 -2370 -4869 -14568 -5519
2 0 0 0 0 0 0
2 0 0 0 0 0 0
1 388 -8902 -2212 -10382 -8645 -1375
1 2000 -9026 -2370 -8763 6177 1918
2 0 0 0 0 0 0
1 1408 -7758 -2584 -6716 2823 899
2 0 0 0 0 0 0
1 1120 -6624 -3176 -3123 1605 1492
2 0 0 0 0 0 0
1 1814 -6928 -3388 330 1472 1050
2 468 7778 770 1555 1715 -379
1 2042 -6932 -4114 3466 1412 1200
2 0 0 0 0 0 0
2 1076 8202 432 -1171 -4600 -281
1 1402 -7952 -4212 5340 -1776 1637

2 1548 5070 8636 2196 -8152 -1826
1 2086 -6506 5346 2445 -11583 -7147
2 24054 23104 7466 -17990 -9168 11663
1 14988 -18526 -3114 17991 -4233 -10668
1 13946 -21950 -19378 -11453 -30542 -31819
2 -2644 32767 -2596 24138 -32768 9353
2 -8446 22106 4088 29962 -4441 -10266
1 -5048 -17130 -6460 -28098 -14956 -10159
1 -602 -8080 1328 -20996 -5377 205
2 840 5980 6140 19097 13578 -3569
1 96 406 3022 -13000 -3582 1249
2 1612 -2276 3134 10841 -7096 -4756
2 -144 -5440 3390 2479 -2180 -6679
1 -946 4076 5112 -4461 -3926 5292
2 766 530 3176 -771 4095 -9978
1 608 -2422 1992 -1494 814 13224
2 -11004 9986 2568 -2048 -1466 -13214
1 -1958 -8250 -9042 -6869 -4329 12633
2 426 6910 570 -16565 -18125 -32288
1 698 -2002 -3028 14638 -23423 14817
2 10596 32767 -6872 -32768 -19823 -20847
1 15892 -32768 -12806 32767 -8045 31819
2 164 14708 -3944 -4752 -6566 -3356
1 5610 -13700 -12766 15134 -13029 -433
2 1002 7618 -3004 2363 -859 815
1 3362 -8108 -8180 139 -765 1186
2 0 0 0 0 0 0
1 -38 -7134 -4334 -3836 4834 512
1 0 0 0 0 0 0
2 -1686 8328 680 1773 -1243 731
1 0 0 0 0 0 0
2 -1586 7976 1234 2736 6592 34
2 602 7650 970 1737 2598 -453
1 0 0 0 0 0 0
2 38 8274 410 941 428 -211
1 0 0 0 0 0 0
2 56 8476 -32 831 3278 -159
1 1018 -6750 -3722 1281 242 1686
1 0 0 0 0 0 0
2 0 0 0 0 0 0

2 -5082 22924 10162 29779 -4710 9728
1 -4798 -27320 -2756 -23702 -16279 -24692
2 -480 5244 5338 15421 385 11110
1 -2124 -6392 272 -13392 4978 -11811
2 -3328 -4482 6600 9538 -7169 -57
1 -4390 1746 6920 -10536 -1842 -3454
1 -1298 4516 6184 -3219 -81 1760
2 -864 -6752 4920 2111 -3303 -2336
2 -3058 -2462 2756 -4785 1917 -4214
1 -1954 2508 2394 6373 -2756 6261
2 -2340 4608 2512 -6849 3484 -10191
1 -2416 -4506 -930 9878 -5810 11481
2 -6184 14744 2930 -25591 -4199 -12784
1 -36 -15674 -7042 15807 -5706 18929
2 -15228 32767 -13570 -32768 204 -16357
1 18680 -23716 -15046 9203 9906 30639
2 13796 19914 -14788 -4608 -5822 -6624
1 18432 -12204 -11490 8673 -6080 8768
2 3770 8736 -5216 1787 8599 5005
1 4150 -6902 -8360 1299 -9532 -3237
2 0 0 0 0 0 0
1 0 0 0 0 0 0
2 0 0 0 0 0 0
1 0 0 0 0 0 0
2 -1764 6138 -170 2106 699 -726
1 676 -6540 -3742 -2860 1186 -1385
1 0 0 0 0 0 0
2 446 7182 -1040 -2553 4219 -1289
2 0 0 0 0 0 0
1 1162 -6910 -4072 3714 1008 2639
1 0 0 0 0 0 0
2 1246 9040 -1710 -1990 1810 -1711
2 1458 8712 -1568 -437 369 -1234
1 2102 -7678 -4298 2795 390 1937
2 0 0 0 0 0 0
1 2120 -7710 -4300 370 447 728
2 0 0 0 0 0 0
1 0 0 0 0 0 0
2 0 0 0 0 0 0
1 866 -7454 -3972 -2403 2796 675

2 0 0 0 0 0 0
1 0 0 0 0 0 0
1 0 0 0 0 0 0
2 -1026 8734 -3328 -1559 -5315 -1458
2 24580 21826 -5610 144 29389 5545
1 17186 -13326 -7744 264 25220 2111
1 10712 -26150 -1626 -418 -6342 -27781
2 7054 26032 5638 11545 -12042 27189
2 -638 24882 3184 17436 -17959 30373
1 -960 -21914 -3844 -14147 -10493 -31831
2 -4652 6664 1390 11826 1673 10391
1 -3304 -5762 -1950 -7886 11594 -14307
2 -4398 -4020 1324 8800 1228 4234
1 -5588 2110 -2170 -5992 -5214 -11863
2 -2364 -6458 360 4824 -3994 -1555
1 -2560 4924 46 -6292 -5019 -2386
2 0 0 0 0 0 0
1 -1516 6164 256 -3667 -3688 4556
2 -1488 -2760 -832 -1951 5253 -8421
1 0 0 0 0 0 0
2 -4608 4112 2560 -2157 -1877 -15536
1 -134 -3764 -2140 -5217 -8615 9237
2 -4664 11464 384 -13328 7573 -27157
1 -4694 -5708 -4928 2887 -14914 14895
2 16382 32767 5368 -29421 32767 -21371
1 10918 -32768 -9644 18994 11098 32767
2 9358 23740 -1390 1124 -21353 -12009
1 11538 -21438 -14010 14586 -8411 10482
1 5302 -6608 -6936 2025 -11740 -2164
2 -5254 7326 -1242 -1201 -24010 -2506
2 -248 9026 -1560 -3907 6283 2629
1 396 -7260 -6484 -1920 -4501 -2997
2 -42 8804 -614 -1598 3326 2439
1 660 -6648 -4486 -3577 -6481 -3046
2 0 0 0 0 0 0
1 -1058 -7608 -4302 -3366 -1641 865
2 196 8166 1786 4759 -5861 -1378
1 0 0 0 0 0 0
2 -154 8286 1396 2821 2115 -227
1 0 0 0 0 0 0

2 15202 26466 -4958 1990 -32768 16291
1 19928 -22586 -8954 10353 -10627 -19611
2 -3024 28680 712 24375 1571 7761
1 3184 -32768 -8878 -30529 -18390 -20843
2 -5544 9652 7270 23599 3501 7018
1 -4234 -14604 1186 -22993 12612 -8570
2 -576 -2038 4368 11431 -4379 3887
1 -4092 -2380 2540 -13095 -8105 -9417
2 -3272 -6338 3510 6945 -4590 -4565
1 -2534 1618 3338 -11825 -8231 1483
1 -3022 3966 1740 -2783 -7457 5390
2 0 0 0 0 0 0
2 -11644 6076 330 -6180 -3504 -18167
1 -6120 -4930 -3598 4767 -11378 12988
2 -5672 20608 6268 -14516 2192 -32768
1 -4560 -19974 -8154 8864 -4178 30781
1 26638 -32768 -5276 13643 6651 32767
2 15296 32767 -450 -24007 -3354 -16917
2 4698 23230 -6330 -8952 -8642 -6348
1 12152 -20128 -13638 12566 -13932 8981
1 5164 -6472 -7864 3443 2530 4544
2 -348 9774 -4018 -1671 -6189 -946
1 1038 -6008 -4272 3392 -6210 -3072
2 -744 8186 -604 657 -337 1783
1 0 0 0 0 0 0
2 -1140 7850 1506 1605 -4581 -397
1 -34 -8138 -972 -1915 -1381 -475
2 0 0 0 0 0 0
2 0 0 0 0 0 0
1 0 0 0 0 0 0
2 244 7926 1808 -35 1569 -558
1 0 0 0 0 0 0
2 0 0 0 0 0 0
1 0 0 0 0 0 0
2 0 0 0 0 0 0
1 0 0 0 0 0 0
1 0 0 0 0 0 0
2 0 0 0 0 0 0
1 0 0 0 0 0 0
2 0 0 0 0 0 0

2 24298 13656 6692 3329 -2308 7362
1 21090 -16320 3148 -107 -15644 -19279
2 4838 23822 3614 11533 -26536 19170
1 12068 -23942 -10262 963 -6001 -27280
2 214 20524 514 24226 -18299 11010
1 652 -21588 -5446 -16374 -23084 -24884
1 -2776 -5148 -2846 -18980 15358 -7722
2 -3782 6004 2724 16984 4319 6640
2 -2184 -1532 716 12385 -9185 213
1 0 0 0 0 0 0
1 -1958 5824 4162 -7415 -5266 -1035
2 -2774 -4682 1360 5705 -3290 -5571
2 0 0 0 0 0 0
1 0 0 0 0 0 0
2 -7008 2924 2676 -8143 9453 -15979
1 -3778 -2032 -168 7447 -2452 15178
2 -4816 18750 -1586 -5789 15013 -27626
1 -9578 -15892 -11150 8927 -7005 24278
2 11076 27374 9470 -13490 6538 -25059
1 13598 -28562 -842 7299 2817 32767
2 5480 30464 -2058 -13990 -11720 -14494
1 14112 -23556 -13970 16338 -30201 8600
2 4568 13308 -6108 -4618 -11260 -3717
1 8144 -8508 -10582 7938 964 5321
2 -508 7604 -3134 492 2398 28
1 3046 -6968 -6068 -1533 -4666 -2789
2 1798 8024 -1106 1549 2270 3159
1 966 -7782 -5080 -6215 -5085 -4322
2 -590 9926 2182 6082 -11657 759
1 0 0 0 0 0 0
1 0 0 0 0 0 0
2 -932 8364 2364 6606 -5751 -2133
2 0 0 0 0 0 0
1 328 -6348 -2776 -5394 2267 711
2 348 8066 1268 90 3823 -244
1 1026 -5680 -3056 1160 559 1351
2 0 0 0 0 0 0
1 1144 -6724 -3590 7393 -458 2264
2 946 8164 -44 -2173 -30 -1034
1 1136 -8732 -4138 9997 663 2641

1 -9496 -9012 -7986 -15622 -11405 -3463
2 -11022 8764 -6440 20725 -6509 2466
1 -1262 -7256 -8462 -17503 -2204 6097
2 -3476 6718 -4688 20027 -4267 -7337
1 346 -2280 -9640 -16315 -5091 9302
2 -518 -238 -5218 15786 -1571 -7831
1 2352 952 -7776 -14449 -4159 8307
2 -792 -1764 -4260 8766 -2457 -8482
1 336 2340 -3502 -11214 -3215 8252
2 -974 -2156 -1714 2716 4219 -8671
1 0 0 0 0 0 0
2 -526 720 134 -109 3969 -11609
1 0 0 0 0 0 0
2 -620 2848 1380 -5462 -7406 -14822
2 -2186 10726 2482 -20339 -8897 -17029
1 3362 -9134 -1908 4962 -8342 16478
1 15194 -20804 -5760 17622 -14617 18633
2 7332 25018 536 -25514 1351 -11469
1 8898 -17384 -5958 15345 -6457 9324
2 -1706 21096 -1010 -10174 -22622 -3701
1 -3598 -8840 -9988 6709 -26109 -7949
2 -3178 12872 -2040 -14244 1079 6083
1 -1640 -9108 -2794 5282 -10531 -6885
2 -792 10574 -2434 -6833 13086 2993
1 -1218 -6320 -5376 3632 1614 -1442
2 1420 8634 -1896 2253 200 1226
1 696 -6730 -5396 125 3156 1384
2 -1110 9090 -714 8502 -4791 -327
1 1190 -9554 -4172 -8302 2037 2479
2 -1212 11872 1214 11663 -1639 -957
1 0 0 0 0 0 0
2 0 0 0 0 0 0
1 1892 -8822 -3450 -6901 7068 2886
2 0 0 0 0 0 0
1 2142 -8040 -2762 -6475 6643 1415
2 574 7370 658 5426 1084 -1036
1 1516 -5750 -2514 -3123 -938 -916
2 504 5946 338 1342 -2793 -711
1 0 0 0 0 0 0
2 1036 7280 130 -4528 -778 305

2 -96 9086 254 -7374 -1281 1106
1 690 -7352 -5560 4993 -5551 -526
1 1062 -7124 -6286 2170 -1316 -507
2 0 0 0 0 0 0
2 884 9798 -182 -2240 -2495 -111
1 3068 -8096 -2820 428 -3954 -2110
2 4462 7960 6274 -37 -27545 -1789
1 4814 -10574 3118 5058 -26090 -11889
2 2422 9216 2940 -750 -5324 4012
1 3470 -10948 -1490 3346 -5305 -10169
1 3928 -10628 -5454 658 -8930 -12192
2 6808 10954 820 -241 -10732 4265
1 2814 -8584 -9348 -8089 -13930 -12451
2 0 0 0 0 0 0
1 -4034 -4792 -12278 -15025 -12212 -4780
2 -2282 10886 -7702 16494 -19250 -3914
1 -3582 -5388 -11442 -20168 5303 7814
2 -6566 11658 -6476 17762 176 -15128
2 -2602 8924 -2908 15165 6629 -16337
1 -138 -2678 -6842 -19063 -1428 6472
1 74 -2730 -4124 -16324 -4417 7643
2 -608 4064 1000 9513 7808 -14140
1 1884 -1664 -2352 -10996 -5716 11768
2 -322 2834 1386 1516 9001 -12879
1 620 -5774 -3268 -558 -8763 17328
2 234 6642 1036 -4433 3669 -16260
1 3216 -17496 -4504 3419 -1373 26579
2 6760 14528 5478 -10123 6883 -17508
1 12020 -15118 370 -267 3839 16426
2 0 0 0 0 0 0
1 7696 -10748 -3992 6510 -24682 4327
2 5916 17548 -2208 -14611 -7448 -7328
2 1224 13546 -3426 -6329 -13062 -2392
1 3310 -9764 -6118 6797 -19786 -2230
1 -466 -6922 -6086 4783 -7196 -2827
2 -1460 7940 -2468 866 -5943 -919
2 0 0 0 0 0 0
1 446 -6592 -5622 4011 -1068 -1836
2 0 0 0 0 0 0
1 388 -7942 -4972 -642 1394 -405

2 1986 7714 1840 1794 1108 -482
1 1522 -7482 -3294 -5056 1277 331
2 0 0 0 0 0 0
1 1778 -7022 -3048 -3178 11047 2883
1 0 0 0 0 0 0
2 0 0 0 0 0 0
1 0 0 0 0 0 0
2 0 0 0 0 0 0
1 1054 -7296 -5144 5632 -7640 -2414
2 -444 9088 -1458 -325 -10132 -1517
1 432 -7338 -5718 3072 -513 -723
2 -1540 7982 -1768 799 -1404 462
1 0 0 0 0 0 0
2 0 0 0 0 0 0
2 8178 10722 2208 2667 -3110 103
1 7826 -10204 -1412 -4670 -3063 -3300
1 17860 -14960 -18924 -20627 -24206 -30195
2 18050 26808 -24352 29481 -32768 12140
1 -15792 -22306 -30844 -32768 19810 -12612
2 -28006 28296 -4108 32767 26707 -8019
2 -22660 20082 22464 18081 -619 -31462
1 -25152 -31384 -1340 -32768 -25233 13711
1 -4282 -24968 -4168 2670 -25082 32767
2 -1068 22900 11528 -24264 -11691 -32729
1 12868 -32768 -6804 25669 -7208 28478
2 11126 32767 10870 -29057 -8772 -13960
1 870 -23764 -14346 20022 -30377 -247
2 2032 25080 410 -24078 -11963 -919
1 1728 -8722 -10826 7993 -4848 394
2 3280 15444 -4558 -12121 2147 2365
1 -330 -5224 -6942 635 -4430 -1533
2 -3662 8618 -3360 -197 -12119 -2085
1 0 0 0 0 0 0
2 0 0 0 0 0 0
2 -128 12144 718 11795 8130 -3581
1 782 -9066 -4514 -8207 924 1188
1 1682 -9672 -3512 -8931 8293 1537
2 0 0 0 0 0 0
1 1636 -7480 -2966 -7445 194 -2184
2 368 8754 2044 11157 3580 -2093

2 1150 8520 1792 2442 -1451 -332
2 4968 8716 3906 -2201 -21775 -1285
2 3678 12766 1998 -5119 -13459 7830
1 5862 -10760 -2044 9627 47 -4730
1 8732 -16126 -2708 14353 -10450 -14982
2 5076 16490 294 2746 -26313 9339
1 2854 -17836 -13500 -16571 -32768 -31677
2 -4792 14340 -6256 23525 -32768 90
2 -9870 11216 210 18138 -6824 -18263
1 -7010 -9736 -11174 -26842 -2473 277
2 -3932 6256 2308 8314 7079 -23146
1 -3526 -8982 -7142 -26688 -2196 7237
2 -2438 3022 2894 872 3647 -19028
1 -1008 -5710 -2016 -21226 -9385 9464
2 -1374 4814 1552 -11881 567 -17208
1 0 0 0 0 0 0
2 3054 15176 2672 -24280 9670 -13476
1 2772 -13246 -5242 11854 -15803 24323
1 17332 -20350 -10036 11696 -6987 16787
2 -3990 19842 -6976 -20453 -32768 -4309
1 5264 -11078 -7470 10558 -20732 -725
2 5864 17342 -3872 -8092 24669 -236
2 3304 11560 -1632 -9811 -5312 918
1 968 -8438 -6722 11088 1134 2861
2 0 0 0 0 0 0
1 2574 -7320 -6144 7364 4351 2448
2 -1792 8602 -2184 -4182 -775 2287
1 1570 -7148 -5376 2097 -4564 -2380
1 0 0 0 0 0 0
2 -868 8662 -1880 1186 1186 -873
1 0 0 0 0 0 0
2 -332 9816 -590 6243 511 -3855
2 -156 10878 244 9732 2242 -5933
1 0 0 0 0 0 0
1 1272 -7976 -3718 -3974 6379 910
2 -154 11716 1238 10508 10904 -4345
2 1680 7974 372 7859 10828 16
1 1516 -7604 -3418 -1795 -2377 -1610
1 980 -6302 -3110 -384 856 -248
1 1132 -6592 -3310 2494 -2517 -1260

2 9416 15542 2526 -12063 -12914 9299
1 3530 -11144 -1372 8703 -11759 -13453
1 9524 -17052 -7244 11484 -11431 -23287
2 -252 20510 -4084 5339 -32768 11367
2 -11840 11972 -1642 16460 -4071 -808
1 -13712 -16848 -5070 -18839 -32768 -20406
1 -7652 -9872 -5930 -17460 528 20003
2 -7958 11874 -4182 21318 -4552 -12699
1 -4216 -4510 -7150 -15578 565 19817
2 -4198 7772 -4152 17957 1295 -21302
2 -214 590 -1424 11474 4149 -17255
1 -346 -1040 -5548 -14440 -7718 14459
1 946 1058 -2162 -6763 325 11980
2 -128 38 -210 18 4754 -12598
1 1424 -1272 -2110 3914 -7690 14474
2 840 4518 -198 -11357 -1418 -15642
1 1348 -8928 -3654 14234 -2342 21547
2 2656 10952 1960 -17647 12816 -12033
1 11972 -13970 -3448 13937 -10051 16277
2 5676 16498 2600 -14782 2613 -12290
1 1612 -13932 -8044 13420 -12947 5508
2 2890 16230 3966 -8183 4879 -11402
1 3050 -11710 -8260 9076 -5982 6471
2 -16794 13068 -658 -10535 -21785 -11828
2 632 8686 -2532 -6021 -2927 -4901
1 2714 -8696 -7206 7845 3394 6215
2 0 0 0 0 0 0
1 2746 -7016 -5830 2445 -4377 145
1 1742 -7438 -4744 -4303 -4251 -2748
2 0 0 0 0 0 0
2 -862 10324 92 8166 5939 181
2 0 0 0 0 0 0
1 1178 -8722 -4504 -7718 -3540 -3955
1 0 0 0 0 0 0
1 104 -7886 -3752 -5706 1704 -2373
2 -450 9788 932 9781 1134 970
2 -994 7860 844 6867 600 -7
1 78 -6742 -3468 -2932 1041 -1055
1 228 -6290 -3428 -14 127 773
2 -40 6624 354 3594 1968 -1113

1 4186 -12760 -234 12134 -13764 -9219
2 7694 13566 3754 -10816 -13211 5549
2 2146 17516 120 21 -30176 9498
1 4334 -15350 -4164 10146 -19876 -17191
1 4416 -12780 -12358 -12692 -18619 -19585
2 0 0 0 0 0 0
1 -4930 -4682 -10268 -19998 -4827 -4918
2 -10122 8710 -1890 19803 -21326 -13271
1 0 0 0 0 0 0
2 -5490 9578 -1602 12116 70 -23076
2 -3912 5482 -1216 4918 7427 -20443
1 0 0 0 0 0 0
2 0 0 0 0 0 0
1 0 0 0 0 0 0
2 1820 12262 3842 -4237 20331 -17308
1 3106 -7822 -3656 -6630 -3907 20780
1 0 0 0 0 0 0
2 5798 12334 5580 -7293 -309 -19183
2 2672 18654 5358 -16594 -16373 -12217
1 0 0 0 0 0 0
1 3278 -17134 -7912 17497 -32768 -491
2 0 0 0 0 0 0
2 454 15010 -1236 -14394 1882 -53
1 1704 -13472 -10472 15814 2607 4505
1 1236 -5970 -8162 10062 -6712 -78
2 -380 8268 -3118 -4833 -8343 -212
1 1056 -4844 -6082 3886 -1451 -1032
2 -830 7666 -2878 2809 1963 115
1 1252 -9162 -5050 -6071 -4388 -1745
2 500 13874 640 11821 2026 -1922
2 2470 8452 6450 17901 -6440 -7222
1 930 -10782 734 -11524 -3407 -1234
2 1468 8080 5068 6686 2684 -667
1 2786 -9312 1260 -7503 -985 -618
1 856 -8194 -1338 -3724 -1494 -271
2 288 7828 2186 2744 -1952 632
1 754 -7154 -2890 -1796 157 377
1 0 0 0 0 0 0
2 -674 7548 862 -730 -691 848
2 -604 7766 196 -4111 1858 649

2 -10872 13684 -100 21501 -29937 -13370
1 -2544 -10704 -11386 -12689 -6695 -12148
1 -3260 -10346 -7076 -20558 -13664 -963
2 -8534 12522 1128 11217 8992 -20282
1 -3396 -10792 -5010 -22000 -10668 13165
2 -3236 8112 2060 7187 7591 -21142
2 -1504 4396 1160 2465 12271 -16526
1 -370 -6308 -2336 -17876 4289 20027
2 0 0 0 0 0 0
1 2830 -4796 138 -14182 7539 18885
2 3466 10422 484 -9066 7526 -18642
1 3990 -7362 -1652 -8475 -4650 18161
2 9436 14486 2416 -9282 3252 -14796
1 8308 -12452 194 725 -5332 15244
1 7844 -16144 -774 5861 -16706 13190
2 2726 17488 3880 -10171 -24298 -12343
2 276 15994 102 -15978 -15685 894
1 4472 -13148 -3566 12810 -21758 5425
2 -2384 15484 1318 -15343 -4173 5209
1 0 0 0 0 0 0
2 -128 10418 -2476 -8487 -4604 3087
1 -408 -8760 -6188 9579 3431 -734
1 756 -7804 -5328 903 1653 532
2 -2206 7756 -2798 167 -3421 -190
2 -1200 8970 -906 7763 2272 -3810
1 828 -6950 -4870 -5449 -2832 -285
1 242 -10828 -4534 -12394 1685 1561
2 -1436 12016 790 12241 7650 -4239
1 650 -12692 -3704 -15683 5508 1495
2 -940 15258 2594 14249 13933 -727
2 -332 13622 2676 14863 6375 67
1 692 -9564 -3420 -12747 6920 1790
1 1066 -6320 -2768 -7983 5630 382
2 -784 7866 1456 11630 867 -2086
1 1398 -4826 -2344 -1793 -1226 -527
2 350 4016 1590 5791 2095 -2560
1 1458 -5796 -2936 6224 -1927 737
2 0 0 0 0 0 0
2 1046 8114 932 -14874 -947 521
1 1902 -8438 -3360 12633 -2732 1673

1 6932 -15160 -7104 11222 -25113 -20646
2 -412 18330 -3110 4542 -32611 10675
2 -17974 8294 7540 23575 -32768 -18688
1 -5302 -10916 -13416 -14785 -31876 -20279
1 -6944 -7394 -13780 -24715 -7245 2766
2 -10028 13150 1098 6829 8268 -27594
2 -4094 7688 1040 4419 16756 -20583
1 -3760 -8360 -8308 -26528 -2294 11431
2 -1350 5752 1088 382 9793 -15382
1 278 -5318 -3522 -20271 -3566 12781
2 0 0 0 0 0 0
1 734 -3280 -2918 -10748 -8845 14109
2 3152 10760 2072 -12555 18628 -14308
1 2956 -7102 -3892 1146 -12411 19131
1 8438 -17476 -670 10566 -9285 21488
2 11060 15082 10034 -14069 -23932 -19505
2 6474 13304 -3884 -16580 -998 1950
1 10676 -14820 -6010 9041 -17620 9243
2 1118 13994 -5656 -6772 -13054 2170
1 32767 -11012 -17076 9295 -32768 -3507
2 -1860 9332 -2838 -4787 3982 3046
1 580 -6284 -7666 2897 5705 -1407
1 2656 -8058 -4884 -809 4578 -483
2 -678 8424 -1080 283 312 -1369
1 54 -7414 -3908 -3570 -5522 -1939
2 0 0 0 0 0 0
2 -324 9274 -228 4036 2590 -1387
1 392 -6738 -3934 -1621 -1254 -287
2 -226 9914 476 5818 3919 -1970
1 0 0 0 0 0 0
1 0 0 0 0 0 0
2 3044 9050 2450 5142 13881 1798
1 0 0 0 0 0 0
2 1056 7460 -426 5300 214 -466
2 -212 5262 210 2355 -631 561
1 2178 -6016 -3124 -2128 -2058 -1604
1 0 0 0 0 0 0
2 -86 7842 126 -3423 -1159 2050
2 -708 10602 552 -6310 -5003 2222
1 0 0 0 0 0 0

1 -106 -11062 2850 8904 -16916 -11579
2 7284 11298 3576 -11168 -5210 3784
2 6688 15228 -2066 -6050 -15071 8772
1 5524 -13794 -2936 9360 -16610 -15767
2 1830 16178 -3126 9957 -31508 6061
1 2924 -13230 -6632 -3420 -23786 -20191
2 0 0 0 0 0 0
1 -3558 -8584 -9652 -12809 -14097 -10691
2 -6936 10118 -2316 14063 -666 -18339
1 0 0 0 0 0 0
1 -4116 -3554 -4896 -20802 -2304 6697
2 -4086 5786 1192 7280 12079 -20430
1 -2412 -2282 -3250 -14362 -919 11553
2 -1896 3696 1720 2564 7669 -19397
2 0 0 0 0 0 0
1 -1018 -1756 -2884 -6343 -11980 14585
2 2580 18606 3954 -16032 18849 -18411
1 -742 -9250 -4916 8334 -10426 24192
2 4650 19558 4762 -15043 -8670 -16842
1 3194 -21074 -2366 16251 -5128 29785
1 5448 -19266 -7176 22239 -21984 9605
2 -2922 24470 -4682 -22029 -22546 -6764
2 980 16198 -6282 -5821 4967 -2940
1 1260 -12206 -7462 10638 -5444 1331
1 2164 -7582 -6042 -3457 9516 3860
2 344 7046 -3588 -1024 -2304 313
1 3146 -6508 -4204 -4219 5206 -1752
2 0 0 0 0 0 0
1 628 -9894 -4112 -6434 -4258 -7423
2 -114 12208 300 7839 -5708 932
2 -1548 11934 1772 14761 1744 -3120
1 -660 -10264 -2840 -10485 -7656 -5850
2 12 9180 1352 11790 7372 116
1 -436 -8026 -3282 -8035 980 -338
2 -260 7098 1126 6611 -2051 -750
1 448 -5318 -2766 -2562 2539 1810
1 0 0 0 0 0 0
2 -394 6078 366 1108 1818 -703
2 1086 6718 62 -4991 3645 159
1 642 -7946 -3994 10221 -2012 1406

2 5206 19262 -9382 6838 -23818 11164
1 6636 -13912 -10730 1392 -16339 -21251
1 1164 -13182 -11662 -14025 -15963 -16382
2 -12914 12956 236 23644 -29079 -8185
1 -5466 -10166 -8408 -23279 -6685 -2446
2 -7588 8776 -610 17126 3319 -13640
1 -3316 -5520 -4832 -22680 -5595 2100
2 -3634 2982 122 10070 4042 -15644
1 -1970 -536 -1156 -17131 -4354 6104
2 -1190 756 -856 4687 2362 -13357
2 0 0 0 0 0 0
1 250 966 112 -11248 -3373 10582
1 1998 -72 -158 -6376 -5299 13272
2 0 0 0 0 0 0
1 1196 -1900 -1588 3325 -18353 11210
2 -146 5456 858 -10695 2316 -12455
2 1352 16056 948 -18164 -1526 -15167
1 2578 -11576 -5440 18735 -13564 16319
2 10200 19782 -422 -15507 -9696 -10185
1 11120 -26238 -6104 25282 -10891 20830
1 6312 -15868 -6206 9490 -2709 9050
2 1546 17132 -2024 -14437 -7359 -1539
2 -1118 12386 -1876 -10284 -4907 583
1 3100 -9258 -5748 8801 -15951 -737
1 -712 -7084 -5940 5099 -8399 -2848
2 -58 9778 -2526 -7998 -178 2263
1 158 -7156 -5616 -2501 -1527 291
2 70 8668 -3158 -62 -853 1023
1 808 -8562 -4600 -8903 935 1711
2 296 10518 -528 10531 -638 -2854
1 1190 -10834 -4190 -12187 6185 1506
2 -534 14180 1706 16639 1862 -3937
2 0 0 0 0 0 0
1 0 0 0 0 0 0
1 1038 -6912 -3122 -7254 578 -1996
2 470 6870 908 9833 5354 -1749
1 744 -5478 -2946 -1317 625 -1188
2 478 4970 600 2485 1150 -1132
1 648 -5362 -3050 4349 -1987 -512
2 288 5554 280 -5555 -309 -503

2 3544 14840 -4510 10013 -32768 3895
1 5494 -10996 -9428 -6427 -14412 -20488
2 -9810 8966 -3798 18422 -7499 -7539
1 0 0 0 0 0 0
2 -586 7848 -4642 16730 3600 -6977
1 -2384 -4088 -8918 -19338 -800 -1121
2 -1804 4242 -1964 11920 1026 -10910
1 0 0 0 0 0 0
1 1668 374 -3110 -15194 -6518 5231
2 1076 1670 -1876 7382 7222 -10769
1 858 -90 -1456 -8156 -7340 8903
2 0 0 0 0 0 0
1 488 -2778 -2976 2180 -13256 14944
2 64 5004 374 -7468 6350 -16779
2 3236 16086 4636 -15330 13152 -19906
1 6470 -11492 -6362 12556 -9917 22616
1 14394 -15720 -8098 17564 -2053 14113
2 7218 18792 5628 -13302 -301 -12580
1 2820 -14984 -8228 17003 -25489 -4544
2 2004 16444 1266 -8910 -30287 -12096
2 -3720 11538 -106 -11224 2600 1704
1 -322 -8554 -5548 8193 2911 715
2 3988 9538 -2022 -7841 7861 2007
1 832 -6434 -4930 801 10515 3142
2 1950 8890 -538 3996 -10726 -2010
1 2502 -6766 -4556 -264 2183 -543
2 6 9234 2398 12201 -12932 -3482
1 0 0 0 0 0 0
2 3578 9340 3954 9877 5635 472
1 122 -10002 -4626 -8594 1435 -2026
2 3002 8792 3770 8591 39 -598
1 -106 -9464 -4044 -10668 -673 -1804
2 168 6912 1040 5608 -3013 -300
1 -386 -7492 -3490 -8462 -789 94
2 340 6276 102 1374 -856 989
1 -6 -5494 -3018 -3920 1764 3183
1 0 0 0 0 0 0
2 -294 7674 252 -2824 -3320 549
1 0 0 0 0 0 0
2 0 0 0 0 0 0

2 4398 10184 440 -11660 11131 -16064
1 1984 -6592 -3404 6632 -6615 20519
2 6512 14938 2658 -14147 -5161 -14252
1 10862 -14546 -3612 11307 -8867 21052
1 8920 -8452 -10866 9210 -21558 -604
2 0 0 0 0 0 0
1 1898 -6088 -8506 4489 4116 4823
2 4026 15808 -2362 -14004 -3628 -1731
1 3110 -6364 -4534 3590 4621 5837
2 3098 10916 -1668 -4937 -2970 -468
1 0 0 0 0 0 0
2 0 0 0 0 0 0
1 888 -8326 -5062 4006 -5791 -232
2 0 0 0 0 0 0
1 1214 -7806 -4588 160 1674 1080
2 -734 8904 210 6875 -1422 -3188
1 0 0 0 0 0 0
2 -676 9080 522 6394 6061 -3376
2 926 8706 640 4244 10784 -1251
1 0 0 0 0 0 0
2 0 0 0 0 0 0
1 0 0 0 0 0 0
1 0 0 0 0 0 0
2 1570 8056 362 1655 934 -407
1 756 -6620 -3522 591 -9905 -4330
2 496 7556 226 -394 -738 442
1 -20 -6756 -4014 2985 -3645 -1835
2 0 0 0 0 0 0
1 0 0 0 0 0 0
2 0 0 0 0 0 0
1 574 -7670 -4484 2693 -1246 -470
2 0 0 0 0 0 0
1 394 -7482 -4580 645 -838 -203
2 0 0 0 0 0 0
1 0 0 0 0 0 0
2 284 8140 -358 -1059 -877 -652
1 0 0 0 0 0 0
2 0 0 0 0 0 0
1 310 -7616 -3958 -3030 2973 1090
2 0 0 0 0 0 0

2 3426 9762 3084 -5584 -9488 1730
1 4594 -10468 -774 8785 -2689 -2998
2 3544 13872 2114 -4194 -24245 6290
2 1474 13734 -5146 6965 -15336 9695
1 8300 -13316 -2598 9772 1903 -7407
1 7948 -12010 -5864 2111 -19523 -21361
1 2830 -9604 -8042 -13691 -22817 -21092
2 0 0 0 0 0 0
2 -3202 7510 -3754 21225 -4184 -6653
1 -3860 -3650 -6458 -15831 -4824 1548
2 -1624 1694 -4012 15912 -1337 -11660
1 0 0 0 0 0 0
2 -1734 -248 -3708 9166 -3752 -12081
1 438 2420 -5638 -13657 -5216 5975
2 -2272 824 -3146 -1856 2033 -12493
1 0 0 0 0 0 0
2 1708 9672 424 -7603 24852 -16505
1 1082 -4892 -3250 -5244 2681 20874
2 5490 9116 1500 329 15404 -14220
1 2382 -6994 -3186 -4884 1128 18098
1 4600 -11640 -1220 -493 -12138 12915
2 5306 10746 2952 -335 -5052 -11271
1 8068 -15764 -3480 3988 -8700 13689
2 6272 13232 3512 -4933 -11765 -11495
2 0 0 0 0 0 0
1 7864 -10792 -5828 6325 -7257 6928
2 0 0 0 0 0 0
1 1468 -9122 -5484 7886 -19863 -4708
1 -1008 -7192 -5092 5612 -10279 -3121
2 -1670 9496 -180 -8368 -8050 2726
1 86 -7234 -4762 3154 1002 351
2 -980 8938 -1360 -5516 2884 3205
2 462 8518 -626 3644 2013 -1076
1 0 0 0 0 0 0
2 136 9610 68 9518 446 -3752
1 0 0 0 0 0 0
1 692 -8602 -3650 -6659 3234 747
2 0 0 0 0 0 0
2 5818 8810 4438 6436 19834 2990
1 0 0 0 0 0 0

1 0 0 0 0 0 0
2 -430 9092 -366 -2893 1985 -761
1 2178 -10386 2720 9201 -10094 -3906
2 4232 8846 -302 -3550 2913 -607
2 14162 13702 2698 -6921 -16007 6797
1 5472 -15102 972 13428 -13218 -9712
1 6020 -15858 -6680 5831 -20072 -19215
2 4872 18612 -3132 7466 -31582 12766
2 -5190 14940 -1400 17259 -22005 4362
1 3424 -14024 -8936 -9219 -12602 -20083
1 -2664 -7724 -6034 -17238 -8000 -11797
2 -5716 7220 1274 16732 -1054 -8335
1 -2708 -3202 -1226 -19053 -3372 1613
2 -776 4216 3326 11799 8797 -12356
1 -1482 -748 -2852 -13987 -6360 7814
2 2248 1188 1004 5350 -5303 -14165
2 -3156 7202 4822 -6641 5908 -14304
1 -3674 -6792 -1432 -5067 -7452 16068
1 1974 -19554 -868 208 -5230 25241
2 -604 18812 7688 -18204 16903 -19551
1 17836 -19538 -2340 5520 1249 22594
2 19236 21650 4348 -6604 3143 -18254
1 7568 -13892 -5308 6930 -8637 9229
2 11550 14950 -268 -4592 -1579 -6018
2 1588 9336 -1006 -4016 -10045 473
1 8038 -9584 -3538 2425 -3579 1492
1 2590 -7954 -4024 -1714 -12720 -6774
2 0 0 0 0 0 0
1 130 -6986 -3256 -879 -3849 -4548
2 -1496 9142 338 -1538 7933 6060
1 486 -7466 -3676 -1022 -2191 -2575
2 -510 9830 674 3110 5753 3061
1 48 -6814 -3576 -1272 -1416 -736
2 666 8298 1566 7180 -7440 -2461
2 -736 7924 2340 5877 -6864 -3790
1 0 0 0 0 0 0
2 1036 8132 1538 2122 7975 -982
1 794 -6878 -3592 1615 -5570 -829
2 2044 7430 1162 562 4581 -401
1 0 0 0 0 0 0

1 10328 -17114 -3352 7069 -11694 -14125
2 10662 18890 -1858 -1015 -15636 8798
2 4248 18802 -1428 9355 -13721 13834
1 9464 -19244 -9628 -3459 -17694 -24354
2 -3944 12130 1340 16102 -13890 9324
1 -6130 -14112 -4736 -20479 -17847 -13056
2 -2330 1588 508 12595 -3601 -365
1 -1684 -3530 -1752 -19664 -46 -1249
2 -1838 -1054 -148 6058 741 -3911
1 -2102 1708 -1024 -11652 -1352 3910
2 0 0 0 0 0 0
1 0 0 0 0 0 0
2 -552 2380 3048 -2856 6488 -9460
1 -348 -4486 -1278 -4850 1666 14611
2 692 13800 4590 -7285 7651 -17114
1 -914 -14082 -3278 -1867 -9158 19865
1 6784 -23362 -336 3789 14627 29991
2 10652 19318 4550 -5984 15778 -16431
2 6208 16270 548 -7506 -7573 -14064
1 9674 -17520 336 6132 -17727 14816
1 6648 -15184 -2802 8725 -17370 5770
2 802 15008 -1622 -8823 -1006 -6237
2 3516 10084 -1424 -5546 8051 -1154
1 5840 -6694 -5902 4292 -19413 -4782
1 596 -6168 -3718 -2631 8117 1556
2 -278 8354 -338 -379 -1026 1274
2 -1018 8366 308 4333 -673 2660
1 1882 -7006 -2372 -4045 -3822 -2324
2 0 0 0 0 0 0
1 0 0 0 0 0 0
1 690 -8728 -1908 -5371 -2438 -351
2 0 0 0 0 0 0
1 1052 -7538 -2484 -3263 -1116 81
2 -878 7806 2572 3676 367 306
2 0 0 0 0 0 0
1 966 -7268 -3266 -59 375 950
2 0 0 0 0 0 0
1 0 0 0 0 0 0
1 0 0 0 0 0 0
2 176 8124 80 -1368 4298 123

1 30 -8406 -2484 -1902 5668 2178
2 -318 8694 1852 285 -9982 -1953
1 1756 -7152 -1434 4877 -3133 -1062
2 0 0 0 0 0 0
2 6132 10272 4100 -6640 -14537 3052
1 7964 -11226 220 9289 -6768 -7690
2 2190 12082 -252 -3796 -8428 7801
1 0 0 0 0 0 0
2 5086 12106 -2406 5459 -15555 3718
1 6346 -10260 -5756 -1993 -15114 -15179
1 2614 -6088 -12446 -16007 -17835 -13226
2 16 11126 -7320 15646 -19425 -482
1 558 -6148 -9970 -20755 -5261 -227
2 0 0 0 0 0 0
2 -2260 7162 -3204 12919 876 -12582
1 830 -3886 -6994 -18125 -145 3487
1 -1016 -814 -2774 -12915 -9499 3958
2 -1794 3372 -1224 6773 6512 -11574
1 0 0 0 0 0 0
2 -952 2552 848 2172 19166 -9353
2 5182 1666 104 4345 14242 -7984
1 3718 -1726 162 -8301 6762 15175
2 0 0 0 0 0 0
1 0 0 0 0 0 0
2 3598 10580 1482 -8626 6445 -14786
1 5948 -9988 -2494 -2971 1501 16622
1 0 0 0 0 0 0
2 7142 14624 782 -9782 174 -15338
1 8744 -11414 -3838 4830 -18690 7418
2 6798 14842 -108 -7695 -6628 -10033
1 1932 -9338 -6814 9982 -21729 -2638
2 1138 11276 212 -4805 -16884 -5208
1 962 -8032 -6396 5339 -7036 -1267
2 1960 8592 -1172 -3761 -868 -223
2 0 0 0 0 0 0
1 658 -7328 -4804 2091 -4998 -646
1 404 -7512 -4768 -294 -543 574
2 0 0 0 0 0 0
2 0 0 0 0 0 0
1 628 -8226 -4604 -2758 -2143 -177

1 0 0 0 0 0 0
1 0 0 0 0 0 0
2 1160 8436 376 834 296 110
1 0 0 0 0 0 0
2 0 0 0 0 0 0
1 0 0 0 0 0 0
2 0 0 0 0 0 0
1 0 0 0 0 0 0
2 0 0 0 0 0 0
1 0 0 0 0 0 0
2 0 0 0 0 0 0
1 0 0 0 0 0 0
2 0 0 0 0 0 0
1 0 0 0 0 0 0
2 0 0 0 0 0 0
1 0 0 0 0 0 0
2 0 0 0 0 0 0
1 0 0 0 0 0 0
2 0 0 0 0 0 0
1 0 0 0 0 0 0
2 0 0 0 0 0 0
1 0 0 0 0 0 0
2 4092 9900 1580 1466 -2014 -296
1 10064 -15424 7004 4484 -32768 -20019
2 12624 11776 3106 3799 -32768 3402
1 10288 -18200 -11580 5508 294 -19100
2 2382 25158 -9474 17804 -32768 7879
1 1450 -23092 -14990 -19636 -21200 -21839
2 -14032 17452 4820 22886 165 -13109
1 -7422 -17588 -5990 -32768 -4203 -624
2 -3990 11300 5102 19606 11143 -15195
2 -1614 4418 5590 12781 3528 -16531
1 -2538 -9024 -206 -28272 -2127 5038
1 -1620 -4990 1196 -20467 -11365 7589
2 1172 374 4002 2378 -8114 -15443
1 -870 -600 818 -632 -25380 11918
2 -4548 6034 3446 -21656 -7668 -14960
1 978 -21778 -4684 28302 -16627 24733
2 7180 32767 7872 -32768 15936 -19336
2 6516 25220 -5836 -18647 -16791 -6935

1 -594 -6882 -6164 -340 -4145 -4422
2 970 7552 574 4318 666 -209
1 0 0 0 0 0 0
2 5070 7622 4484 -3476 -967 4992
1 6636 -11378 -228 9377 -8650 -9002
2 4384 13296 1678 -9113 -9082 9887
1 5988 -9814 -9326 1639 -5245 -12181
2 0 0 0 0 0 0
1 5486 -6988 -10676 -8061 -8982 -14810
2 1400 12302 -6604 12135 -26949 2587
1 2616 -6994 -12080 -14687 -7422 -13484
2 -3152 10256 -5666 15887 -5481 -2064
1 -1182 -4908 -7694 -21012 -5220 -3821
2 -1572 7196 -1816 14642 2175 -8500
1 0 0 0 0 0 0
2 1078 2976 -1236 8817 5225 -9013
1 258 116 -3910 -16695 -9056 3191
2 330 2262 -94 2139 5397 -8078
1 0 0 0 0 0 0
1 1440 -4814 -5578 2804 -14055 16796
2 138 5068 1938 -1863 15106 -9973
1 7450 -13294 -4638 12628 -11093 21736
1 8798 -19264 -5712 16836 -13216 14996
2 4938 10468 3678 -1242 19083 -13349
2 8816 11298 5720 -5883 -3995 -14958
2 7200 14144 2696 -11961 -5205 -9252
1 4702 -15102 -6652 9486 -13529 4729
2 3050 14186 -300 -13637 -6226 -4284
1 -202 -10752 -5272 9322 -16696 -4089
2 2166 9930 -522 -7735 -120 -1308
1 -952 -7422 -5944 8367 -981 -3658
2 1038 8292 -1284 -2034 -2904 -608
1 -128 -6872 -5888 1716 279 -2663
2 0 0 0 0 0 0
1 -306 -8716 -4934 -8067 -2304 -1120
2 640 10566 224 9491 792 -1453
1 -534 -10682 -4584 -13185 -3264 803
2 728 12224 1546 13262 5860 -86
1 0 0 0 0 0 0
2 0 0 0 0 0 0

2 4148 4096 5594 -1859 -6294 -1065
1 222 -9360 1284 3846 -6462 -1522
1 5376 -10810 446 5967 -12643 -6028
2 13330 12876 2244 -12913 -4675 5991
1 8088 -13678 -6200 1472 -23871 -19179
2 7792 18848 -5178 -199 -24371 10819
1 492 -11804 -8624 -8618 -9252 -15042
2 -1444 20238 -3346 15931 -30540 5165
2 -5940 11386 -1026 16280 -13185 -14557
1 0 0 0 0 0 0
1 0 0 0 0 0 0
2 -5452 10750 40 11012 4925 -18936
1 0 0 0 0 0 0
2 -1072 8848 612 9758 10421 -18563
2 634 2908 2684 2632 13921 -15750
1 -34 -3322 -2844 -14592 528 12960
2 3528 6890 2360 -1570 11984 -14992
1 0 0 0 0 0 0
1 0 0 0 0 0 0
2 4862 10788 2642 -5272 -1812 -16402
2 6480 17096 3014 -11484 -9183 -15926
1 3994 -11602 -1642 8242 -18571 18698
2 -454 20132 -856 -15261 -18893 -4212
1 13264 -18052 -2216 14147 -5418 14721
1 7580 -15730 -6918 13764 -11906 834
2 0 0 0 0 0 0
2 -4262 11598 -2362 -6404 -9656 6951
1 380 -10612 -5892 12317 -13154 -6233
1 -2668 -7740 -5604 7100 1723 -2566
2 -3902 8446 -2554 -2219 -2640 2879
2 -2644 8876 -1000 4157 1977 -4156
1 1076 -6072 -5442 618 223 333
2 -1464 10770 214 8071 9340 -5709
1 432 -7952 -3946 -6342 -6384 1464
1 2496 -9998 -2454 -8902 2036 4072
2 -992 11558 1702 8895 16431 -1816
2 396 10192 1132 8992 12060 1257
1 0 0 0 0 0 0
1 2282 -8620 -952 -5369 15083 3174
2 -394 8606 1088 9124 971 -712

2 2862 19942 -3152 -1499 -26918 13667
1 6340 -14472 -6538 3922 -8383 -18790
2 -4274 14650 -4280 14651 -30374 337
1 4340 -14964 -13114 -9012 -19671 -20082
2 -14258 12200 -454 11843 -6443 -20784
1 -18582 -10602 -6810 -21933 -32768 -1484
2 -4602 12194 1006 9878 10985 -23632
1 -1382 -9290 -6270 -23678 948 14759
2 -2560 3612 1356 5274 2247 -18682
1 -2914 -2494 -1954 -11766 -12734 10343
2 0 0 0 0 0 0
1 -642 -2878 -1050 -3387 -5858 14827
2 0 0 0 0 0 0
1 0 0 0 0 0 0
2 6546 9094 3154 -6590 -5243 -18077
1 4070 -8516 1998 -1348 -3823 20529
2 9696 16018 1994 -17487 1714 -12461
1 8126 -17452 -2346 6530 -2237 22307
2 3920 22352 1342 -21354 -8811 -5373
1 3346 -17600 -5544 13251 -31195 8882
1 1646 -15342 -11586 13713 -5790 7062
2 -2640 21962 -1614 -18973 15563 280
1 2902 -8830 -8638 6655 -4447 4899
2 3538 11764 -4460 -2394 -8050 -8220
2 578 8002 -2320 2491 -5809 -3936
1 1858 -6194 -5654 2452 -8851 -159
2 0 0 0 0 0 0
1 0 0 0 0 0 0
2 830 9722 2490 8148 -9335 -2133
1 1656 -8788 -2218 -4522 -5653 -1762
1 1362 -9074 -824 -5646 -1086 -821
2 0 0 0 0 0 0
2 1082 8030 3152 5424 2660 176
1 0 0 0 0 0 0
2 -476 7596 1782 1756 694 -331
1 588 -7880 -2290 -2783 147 -568
2 0 0 0 0 0 0
1 68 -7710 -3024 -796 -232 -17
2 0 0 0 0 0 0
1 176 -7078 -3306 396 2384 1647

1 0 0 0 0 0 0
2 0 0 0 0 0 0
2 2526 8508 2424 -1451 -17529 -460
1 2392 -8570 -1376 1316 -11579 -5499
1 3362 -8916 -1834 1073 -8535 -6488
2 2982 10052 812 -243 -9674 3045
1 9084 -10364 -4204 836 -8525 -11268
2 6114 13010 -3562 3526 -14540 4771
1 0 0 0 0 0 0
2 924 14388 -7734 12241 -15486 4879
1 6044 -10808 -11886 -11850 -1962 -12614
2 -3740 13872 -3570 21367 -23880 -9751
2 -5772 10612 -1180 14491 -2086 -20956
1 -800 -9188 -8660 -21820 -15545 -7966
2 -2068 4618 -758 9261 8622 -15910
1 -546 -4710 -4612 -21467 -9072 2283
2 600 -526 -258 3817 10431 -12416
1 1236 1088 -600 -14227 2660 9574
2 2260 70 -492 -424 10734 -11981
1 2554 578 -250 -8591 -791 9305
2 4866 3302 -478 -1094 7047 -12172
1 4194 -230 -196 -5861 1043 10690
1 5896 -2086 -40 -3038 -6764 11691
2 0 0 0 0 0 0
1 8596 -3680 -1672 -1388 -5822 12035
2 6826 6262 -2262 -7147 -5004 -9930
2 5282 9858 -2740 -11880 -5571 -8491
1 0 0 0 0 0 0
2 0 0 0 0 0 0
1 0 0 0 0 0 0
1 6196 -10820 -5888 11925 -8362 5902
2 3838 12012 -1974 -7743 -1958 -4470
2 2620 10452 -922 -5115 -1278 -1877
1 3790 -9296 -5352 7458 -7938 2921
1 2412 -8102 -5540 4793 -5264 1092
2 0 0 0 0 0 0
2 0 0 0 0 0 0
1 0 0 0 0 0 0
1 0 0 0 0 0 0
2 0 0 0 0 0 0

1 2108 -13088 -10274 -10769 -22782 -16822
2 -5142 13956 -3688 18848 -32768 -4214
2 -15180 15914 -5482 19846 1413 -20337
1 -8056 -8410 -12610 -20372 -13594 -1750
2 -4910 8726 722 15358 7039 -23070
1 -2374 -12732 -10358 -26372 -5444 6267
2 164 2618 -806 8362 -576 -15989
1 340 -5416 -3450 -21409 -2652 8259
1 312 -1630 460 -10603 -5247 11308
2 -2054 796 1786 -2854 1189 -13597
2 5496 4594 422 -5962 12252 -10028
1 3542 -1910 534 -5606 560 11732
2 -548 4960 1138 -8723 -19848 -14709
1 2866 -4134 76 943 -13456 13401
1 4616 -11752 -4710 11917 -14468 19802
2 3672 13638 224 -19430 3131 -12407
1 11708 -18054 -10898 15774 -6275 13796
2 5732 22902 316 -18672 6790 -10335
2 6650 16030 -3574 -11825 -12079 -7917
1 5944 -11142 -11056 11690 -5767 5247
1 1750 -7510 -10070 10224 -5991 1456
2 -614 11902 -4220 -9027 -10418 -618
1 2634 -6998 -6138 2529 -3167 318
2 -1348 9590 -2674 -1883 -2982 -674
1 942 -8032 -3854 -742 -10936 -3141
2 0 0 0 0 0 0
2 -148 9550 1122 6552 -5775 -2722
1 896 -8176 -3018 -3903 2273 322
1 0 0 0 0 0 0
2 -478 8542 1796 6358 -1749 -4118
2 -622 8126 1106 4582 12237 -968
1 0 0 0 0 0 0
2 1150 7792 236 2288 10031 1008
1 0 0 0 0 0 0
2 432 7438 60 38 -1415 490
1 0 0 0 0 0 0
1 0 0 0 0 0 0
2 0 0 0 0 0 0
1 0 0 0 0 0 0
2 0 0 0 0 0 0

1 6982 -13130 -5050 3451 -10670 -14600
2 1416 15244 -2168 6141 -18551 6534
2 -2568 14234 -2976 15314 -15957 2521
1 2826 -11564 -8974 -2786 -9579 -15802
2 0 0 0 0 0 0
1 340 -8160 -10086 -13120 -9401 -10641
1 -2514 -10404 -10034 -26993 -8693 -464
2 0 0 0 0 0 0
2 0 0 0 0 0 0
1 -712 -2370 -8010 -29474 -8831 5386
2 -1724 -530 -1782 2774 1548 -16808
1 804 1906 -970 -15469 -9722 7021
2 0 0 0 0 0 0
1 770 -2068 -950 -2796 -5396 14670
1 2090 -6318 -2268 -925 -1541 21092
2 0 0 0 0 0 0
2 5362 8058 84 -9311 3873 -13640
1 5932 -9864 -2448 -2603 -1219 21188
1 9130 -10854 -1354 -1887 -5600 12297
2 4280 10338 986 -12455 -3626 -14173
2 6738 12020 -534 -10823 -3209 -10411
1 0 0 0 0 0 0
2 2534 16798 -2260 -12049 -1334 -3731
1 2154 -12104 -3606 14219 -32768 -3029
2 996 10780 -1404 -4786 -9439 -4094
1 -306 -9730 -4430 8947 -21631 -5974
1 -1182 -8910 -5392 5110 3580 847
2 -882 8786 -936 -2497 -2700 -601
2 0 0 0 0 0 0
1 1184 -6810 -4746 1720 -1570 408
1 424 -7308 -4348 -1507 -2688 498
2 -274 8352 1286 3050 -9776 -2263
1 0 0 0 0 0 0
2 -500 8152 1686 2581 45 -1175
1 0 0 0 0 0 0
2 0 0 0 0 0 0
1 0 0 0 0 0 0
2 0 0 0 0 0 0
1 0 0 0 0 0 0
2 0 0 0 0 0 0

1 1248 -5850 1802 3540 -7123 -3131
2 -668 4184 6516 -666 -9610 2838
1 5002 -12332 300 10058 -7836 -5232
2 7202 10952 4906 -10667 -3620 4550
1 10188 -14908 -5176 6931 -20025 -15182
2 6038 19166 -270 -2811 -31399 7383
1 2182 -13746 -13432 -11558 -26917 -19995
2 -1478 15988 -5654 15896 -28220 4830
1 -6410 -11418 -9530 -21422 -7142 -2021
2 -7552 15172 -2180 22751 -16310 -11089
1 -3750 -11836 -10918 -27647 -6868 6762
2 0 0 0 0 0 0
1 384 1090 -1176 -21548 -14836 8013
2 582 2418 -1768 15733 -1157 -17942
1 1854 1514 -1972 -7754 -1862 9693
2 -190 -1586 -264 4763 2912 -13031
1 0 0 0 0 0 0
2 0 0 0 0 0 0
1 412 -6492 -2610 3311 -1586 17400
2 -82 7246 1786 -8783 4282 -17368
1 6552 -10370 -3750 5410 -11740 16337
2 6798 13466 878 -11871 260 -17925
1 12516 -13602 -6844 11131 -6388 16113
2 8296 16946 1104 -12048 -1922 -14552
1 5590 -13210 -9682 15924 -18741 3463
2 7468 16362 -594 -10140 -3906 -10104
1 2492 -9534 -7436 8482 -97 2131
2 -492 12372 -576 -8931 -25817 -3495
1 0 0 0 0 0 0
2 -2936 9718 -1914 -4383 -3443 2418
1 -102 -6910 -4974 2184 -5913 -2447
2 -526 8784 -868 1154 4639 1058
1 -200 -7776 -4598 -566 -3290 -436
2 936 9308 662 5714 -4666 -1800
1 1202 -7994 -3176 -4067 4067 1863
2 -918 7868 1116 4720 -3504 -2577
1 0 0 0 0 0 0
2 0 0 0 0 0 0
1 0 0 0 0 0 0
2 950 8106 1304 2082 2926 -702

1 1590 -8090 -2896 269 -3248 -1455
1 886 -8310 -602 3433 -9796 -3750
1 0 0 0 0 0 0
2 4652 10230 2600 -4550 -10435 3396
1 12296 -10338 -1200 6046 -6304 -8407
2 6128 14232 570 897 -26461 4968
1 9964 -12912 -8374 -435 -15945 -18620
2 -964 14810 -4844 13392 -21310 5634
2 -8556 12844 -3984 22926 -20271 -9997
1 3332 -15222 -11792 -20572 -14173 -17172
1 -2988 -8498 -7554 -27375 -5592 -2604
2 -5210 9526 -1434 19120 1596 -17822
1 -794 -992 -3478 -19620 -8734 1458
2 -1992 2176 -978 11135 1838 -16657
1 -472 316 -2652 -9223 -9855 6919
2 -250 42 -616 2136 2127 -13071
2 0 0 0 0 0 0
1 0 0 0 0 0 0
2 580 5620 420 -9260 1985 -15240
1 2026 -5344 -2270 -1119 -3105 18124
1 8146 -11050 -5116 7325 -8610 17652
2 4346 12978 -134 -17381 -900 -15818
1 9772 -15644 -6582 14468 -22437 12939
2 5334 20870 -3826 -18926 -5823 -8981
1 6360 -13008 -9946 13241 -11837 4350
2 1976 15828 -3234 -10171 -18060 -3658
1 1490 -8628 -8356 10851 -7067 -268
2 -2268 10984 -2628 -9274 -5166 4038
1 594 -7528 -6702 5408 -695 -315
2 -486 9878 -1566 -5488 4258 3375
1 1216 -6860 -5808 -448 -1460 -1001
2 64 8672 -1528 -148 466 595
1 768 -8078 -4784 -5602 -2351 -1366
2 -812 8972 -532 4498 -1044 -1186
1 0 0 0 0 0 0
2 -670 9890 184 7516 1381 -2386
2 40 10028 1208 9228 2148 -3012
1 680 -9206 -3664 -8073 3445 858
2 242 8184 1186 7405 2559 -2501
2 418 7046 736 3101 4084 -857

1 16960 -9394 -15920 -11121 11448 -8125
2 7488 18080 -13936 12072 12657 4625
1 10790 -21942 -13550 -16713 11962 -21531
2 5516 29262 -4738 27101 6425 12393
1 3456 -16422 -6634 -13782 8719 -20111
2 3136 18818 1306 22665 8599 18899
1 3102 -6106 1298 -2291 18901 -8280
2 1810 6638 1744 8891 11113 19075
2 -78 2706 1352 -3197 7252 11610
1 0 0 0 0 0 0
1 -1574 -6080 -1506 21401 4313 -11497
2 0 0 0 0 0 0
1 0 0 0 0 0 0
2 -3972 2902 1434 -19174 -10621 9164
2 -5390 14492 -214 -29987 -1013 10936
1 -4220 -12404 -11200 26680 6956 5386
2 -7614 24310 -7416 -30968 26618 3579
1 1924 -15838 -10922 13145 32767 26577
1 8402 -18566 -1212 -9248 5883 15645
2 6040 18020 -2850 -4474 13454 -13719
2 8246 14304 3030 4059 26178 -6513
1 6792 -13348 1448 -10400 9519 6825
1 3196 -9204 -18 -6260 4877 701
2 4280 8670 1622 4617 12660 1179
1 836 -7784 -2558 -3320 258 -990
2 1150 8820 270 4212 4146 1447
1 0 0 0 0 0 0
2 0 0 0 0 0 0
2 -1098 6848 -466 -2008 -7034 -745
1 0 0 0 0 0 0
1 772 -7518 -4034 4879 -2055 616
2 0 0 0 0 0 0
1 0 0 0 0 0 0
2 0 0 0 0 0 0
1 1526 -7802 -4190 2355 -605 1198
1 0 0 0 0 0 0
2 -204 8866 -1128 -3175 1724 439
2 76 8652 -858 -795 1515 -233
1 0 0 0 0 0 0
2 0 0 0 0 0 0

2 4010 22570 -12370 20384 587 1326
1 13574 -17262 -17950 -18562 6405 -12447
1 9558 -25210 -12082 -21649 5586 -23256
2 2608 30568 -3150 30413 10680 9674
1 2290 -15426 -4356 -15884 12407 -18302
2 56 13948 4296 20874 16473 19912
2 -824 4566 2088 6643 8838 19182
1 -766 -6700 1456 -4856 -1371 -17322
1 -3498 -6410 1706 3970 15579 -14561
2 -2210 2806 3098 -3101 4694 14445
2 -5896 1472 5716 -18500 7467 11256
1 -2570 -3984 -360 17189 18559 -11888
2 -6860 13080 356 -32768 10177 4956
1 -4556 -11900 -9344 27920 16443 -6975
2 -4048 22096 -5864 -30988 -81 -1701
1 -746 -17512 -15504 28543 24759 6880
2 -1392 21424 -6600 -15744 21282 -5898
1 5178 -17892 -11898 2922 22225 22513
2 16802 15632 4038 2023 32767 -3055
1 11470 -15614 -1560 -4994 21420 11550
2 3198 8830 2406 5912 7298 -1235
1 2952 -9568 -2096 -9359 15519 4227
1 1862 -7178 -2836 -7500 5571 -582
2 102 8856 290 5349 8070 1813
2 304 7108 156 3460 -1695 858
1 604 -5444 -2830 -1752 -4069 -2508
2 -1212 6800 -392 -529 -2591 -430
1 0 0 0 0 0 0
1 932 -7458 -4304 7694 -411 1036
2 0 0 0 0 0 0
2 0 0 0 0 0 0
1 0 0 0 0 0 0
1 1276 -8168 -4560 4136 -1732 664
2 0 0 0 0 0 0
1 0 0 0 0 0 0
2 -418 8828 -976 -1534 -1783 -246
1 830 -7342 -4368 339 -791 89
2 0 0 0 0 0 0
1 0 0 0 0 0 0
2 0 0 0 0 0 0

1 -10716 -9208 1950 15812 12828 -14012
2 -4934 5898 7264 -10759 -12599 16149
1 -1222 -12874 -3000 27786 24427 7656
2 -5664 10558 2798 -25641 14829 24539
2 -5958 22686 -5722 -32768 2523 11244
1 1672 -22214 -14718 29479 4523 16735
2 1714 22110 -4068 -19533 32767 -4348
1 15518 -20754 -12894 6652 1815 20649
1 10510 -14480 -4500 -7929 14456 13525
2 9756 14564 124 -540 23749 -9368
1 12990 -6472 -4136 -9842 21498 3327
2 5408 9952 5664 3220 32767 3487
2 2996 9306 1296 3760 6185 2615
1 3724 -6998 -2634 -7232 4727 -3725
1 0 0 0 0 0 0
2 -380 7468 394 2980 -4262 581
1 -868 -5748 -3070 2560 -6146 -2654
2 -810 7100 20 377 -3176 770
1 0 0 0 0 0 0
2 0 0 0 0 0 0
2 -788 8670 -314 -4165 2389 -575
1 1220 -8412 -4324 6987 10552 5856
1 3722 -8362 -3382 4773 -1916 2666
2 844 8872 -500 -2451 1831 -1641
1 0 0 0 0 0 0
2 1778 8832 -978 -629 -5225 -1648
1 1182 -7568 -4150 162 504 528
2 -768 8300 -956 -671 1312 609
1 0 0 0 0 0 0
2 0 0 0 0 0 0
1 1008 -7722 -3824 -2642 1542 -688
2 218 8740 -202 2499 -134 675
1 868 -7840 -3582 -4210 1946 -875
2 0 0 0 0 0 0
1 0 0 0 0 0 0
2 0 0 0 0 0 0
1 642 -7140 -3406 -2622 408 -188
2 0 0 0 0 0 0
1 950 -6946 -3426 -410 198 425
2 0 0 0 0 0 0

1 0 0 0 0 0 0
2 -58 8168 -478 -142 75 13
1 0 0 0 0 0 0
2 0 0 0 0 0 0
1 0 0 0 0 0 0
2 0 0 0 0 0 0
1 20678 -8554 -16054 -13172 10145 1292
2 9762 16338 -18486 8190 -140 -3411
1 14264 -18862 -20010 -24854 15590 -20550
2 4090 30168 -15668 31125 1784 10879
1 2710 -20782 -11870 -15084 12309 -24002
2 -1606 21458 -152 24412 17105 16564
1 -1978 -8592 -778 -7207 6091 -16647
2 -1958 6996 2628 10208 11055 18299
1 0 0 0 0 0 0
2 -1762 4426 2864 -2628 10121 15425
1 -3468 -8576 -100 24895 19819 -3144
2 -5348 972 7266 -14320 3971 11103
1 -2194 -13568 -13108 28670 -13784 -6119
2 -7282 10278 1914 -30250 3776 9854
2 -8328 22880 -8010 -32768 1256 2377
1 -182 -15922 -20028 27780 19710 12283
2 5758 17730 -6082 -16649 32767 -7131
1 18112 -14274 -13750 9901 15593 21118
2 9548 13774 -2262 561 9841 -8369
1 10092 -10196 -570 -6894 21238 11775
1 1070 -9482 -3220 -8115 13040 4136
2 -1186 10738 350 3485 14834 -2470
2 2688 8304 2042 5049 23922 3120
1 1612 -6646 -3698 -5745 8917 1254
1 256 -5558 -3294 -416 -1522 -1473
2 1688 7372 -152 3679 -1409 -379
1 0 0 0 0 0 0
2 -1032 6740 -100 -217 -6125 -957
2 -412 7576 -2218 -4103 -665 313
1 0 0 0 0 0 0
1 0 0 0 0 0 0
2 0 0 0 0 0 0
2 666 8386 -982 -648 83 -469
1 1694 -7416 -4310 1715 -585 1074

1 828 -7330 -3920 -314 -59 -1
2 30 8260 -54 532 -29 42
1 0 0 0 0 0 0
2 0 0 0 0 0 0
1 1090 -7372 -4624 445 1911 1222
2 908 8726 -1784 103 2212 -264
1 12768 -8964 -11566 -8021 13586 36
2 7204 16262 -12728 8031 11802 3085
1 14068 -18810 -19510 -20041 11417 -19697
2 5374 29608 -9974 25552 10310 10687
1 5198 -23416 -9622 -15064 9420 -28918
2 168 21466 4438 22241 14958 26958
1 -2002 -10048 -2080 -2109 7037 -23734
2 1010 6740 1560 776 5766 26502
2 -5524 8366 4402 -13904 -953 19325
1 -5096 -9478 -996 12094 18626 -15843
2 -5522 8804 4292 -24722 16255 17822
1 -5920 -9148 -734 22157 17869 -4534
1 -2972 -11902 -8870 24176 -9972 -4771
2 -3630 19690 1320 -28892 15261 -1430
1 -6432 -19486 -15164 28426 32767 10796
2 7320 26376 -1122 -9336 30058 -18378
2 12914 16938 -622 2109 7826 -11974
1 20214 -14132 -6978 674 29689 22071
2 6804 9950 2322 2689 13792 -307
1 4920 -9270 -4494 -5762 5473 5848
1 1450 -9262 -984 -8953 22198 7002
2 2544 9016 496 2652 11300 3325
2 -26 8492 558 3392 386 1683
1 2296 -6388 -3850 -4242 2702 209
1 -338 -5592 -3058 1208 -2463 -216
2 -1006 7530 364 2070 -1956 24
2 0 0 0 0 0 0
1 984 -7280 -4004 5060 259 1057
1 0 0 0 0 0 0
2 312 8208 -100 -3078 2506 -690
1 1752 -7596 -3914 1894 1788 1347
2 0 0 0 0 0 0
1 1584 -7366 -3920 1086 231 261
2 0 0 0 0 0 0

1 0 0 0 0 0 0
2 164 8334 8 1164 593 -333
2 0 0 0 0 0 0
1 0 0 0 0 0 0
2 0 0 0 0 0 0
1 0 0 0 0 0 0
1 0 0 0 0 0 0
2 0 0 0 0 0 0
1 0 0 0 0 0 0
2 0 0 0 0 0 0
2 0 0 0 0 0 0
2 11888 27854 -19986 6465 32767 689
1 0 0 0 0 0 0
1 28400 -11450 -14396 -7678 28679 3489
2 -1344 32767 -8872 32767 2619 21500
1 19188 -28802 -25130 -28461 4243 -32768
2 -1026 13092 376 14438 19677 28312
1 912 -17276 -8724 -16528 7893 -25170
2 -4956 8658 7294 -12705 10717 18456
1 -3660 -8966 2062 8743 24137 -13664
1 -4906 -9608 3532 22391 32767 638
2 -4486 3218 7034 -20572 17865 14442
1 -194 -15158 -5712 21453 -9368 5939
2 -8042 14138 8074 -27290 -8255 4740
1 -2414 -28230 -21040 32767 9644 15325
2 -17748 32767 -1342 -32768 32767 -3909
2 22650 27634 7706 7866 18965 -11733
1 18406 -24592 -2088 -1324 28832 28444
2 7936 9652 3964 3800 14559 -730
1 6406 -12518 112 -8742 13545 9314
1 2822 -9262 -618 -7668 11537 2412
2 340 9804 1628 4556 11417 4400
1 710 -7048 -2914 -3703 -1787 -2074
2 862 8382 250 6416 -2158 2067
1 614 -5966 -3028 -921 1113 -106
2 0 0 0 0 0 0
1 628 -6552 -3634 4529 -1912 378
2 -1412 6538 42 -3843 -489 838
1 570 -7992 -4142 8301 -1719 1381
2 -346 8740 -140 -7945 1790 222

1 9302 -9480 -8922 -6232 13419 181
2 3016 12468 -3810 7686 6836 240
2 7006 24160 -11254 22964 3047 1553
1 9120 -18814 -20652 -26901 -1369 -10475
2 2014 28996 -2746 30672 8065 6899
1 6938 -25532 -13230 -28997 2741 -16520
2 982 15356 4328 20972 18666 16958
1 3008 -17096 -4656 -20865 12258 -12897
1 2276 -6830 -1642 -3096 11920 -14544
2 204 5380 2926 -532 20106 19534
2 -2470 7784 4250 -20079 -1612 13968
1 -4226 -9714 516 15259 22366 -20085
1 -6506 -11674 -922 26427 17125 -7408
2 -8272 10554 10328 -27900 2393 22736
2 -10122 32767 -348 -32768 15778 4930
1 944 -25900 -15434 31602 32767 16865
1 12138 -19732 -9266 -4964 16667 26265
2 8008 24654 -10106 -7778 10663 -17327
1 11860 -16158 -4096 -6822 9564 12767
1 3784 -10730 -2922 -9358 11939 4752
2 4254 14348 -1288 1701 26004 -6436
2 3470 12140 2040 9694 24431 4318
2 1494 9328 580 8388 -2214 3143
1 0 0 0 0 0 0
2 -1302 6168 1302 6550 -9387 902
1 1306 -5512 -3124 -7054 -5264 -3287
1 -198 -4190 -2654 1683 -1918 -545
2 -1174 4968 226 716 -3835 115
2 -470 6304 286 -8705 -22 402
1 694 -6312 -3446 9915 -216 1900
1 798 -10316 -4678 14080 -723 2403
2 -956 11266 812 -15556 714 882
1 1378 -9734 -4432 9020 110 2381
2 10 11888 292 -11865 4329 386
2 982 10384 -52 -2738 -2336 -3307
1 1348 -8448 -4440 2768 -2188 1047
1 1376 -7148 -4482 1105 -411 140
2 104 8212 -840 -260 -1859 -1254
1 564 -7840 -3844 -2771 -23 -929
2 0 0 0 0 0 0

1 2126 -17116 -3490 -10203 7113 -25680
2 -1896 14520 4378 24673 7150 12058
2 -1192 5428 3926 17877 8435 10294
1 -378 -8176 -1516 -9118 -681 -20704
1 -1960 -2024 2218 1058 13001 -11479
2 -234 66 3384 6306 5324 10798
2 -2530 -2100 4956 -9275 192 13538
1 -6102 -2766 1908 18248 11056 -3894
2 -3128 4690 6734 -32768 471 20708
1 -1830 -9542 -7140 32767 12833 8437
2 -5474 32767 9920 -32768 7706 13215
1 -7486 -26596 -8894 32767 6509 21393
2 28216 16460 4632 1098 32767 3089
1 9764 -14228 -9980 6102 -9913 14019
1 9024 -12764 -5480 -9449 9876 8145
2 11192 8678 1952 5141 4654 -5631
2 1638 7842 2538 988 13642 2819
1 2938 -9464 -1878 -11009 19950 6136
1 2164 -6254 -3014 -6495 5047 -937
2 1342 8804 -358 272 4250 4391
2 -472 8080 -216 793 -8980 599
1 252 -5472 -3278 -150 -4550 -2899
1 0 0 0 0 0 0
2 -2288 7652 -46 -392 48 -801
2 -120 7834 -356 -1514 6688 -760
1 270 -7834 -4140 6725 2609 2884
1 0 0 0 0 0 0
2 2026 8556 -700 -1667 -353 -2112
2 0 0 0 0 0 0
2 534 8506 -836 -758 -78 285
1 1664 -8088 -4262 3766 -1462 1793
1 1640 -7650 -4304 1373 -699 541
2 0 0 0 0 0 0
1 0 0 0 0 0 0
1 1062 -7948 -4092 -2579 165 -1157
2 0 0 0 0 0 0
1 742 -8092 -3820 -4321 -1666 -1846
2 0 0 0 0 0 0
1 0 0 0 0 0 0
2 0 0 0 0 0 0

2 6010 23080 -5318 21423 4198 6847
1 11596 -16570 -11342 -15161 12626 -13383
2 4108 21876 -638 24193 8340 14333
1 10396 -17394 -8340 -11468 10164 -24335
1 2088 -11774 -4740 -9677 6849 -21787
2 690 10304 2724 15880 7154 17710
1 484 -4456 -278 537 13107 -15171
2 650 3782 1142 4378 8327 17382
1 -1366 -2142 -708 12022 7083 -10446
2 -1236 1094 1420 -5630 791 13194
2 -3078 1484 578 -19508 3339 13414
1 -3228 -3602 -4762 22667 10445 -7326
1 -4444 -7482 -5738 26270 4399 -4032
2 -5788 7318 -502 -26872 -261 10739
2 -5504 23580 454 -31332 7108 871
1 -3952 -14388 -9528 25050 13362 9577
1 21562 -19048 -9164 1413 32767 29307
2 5596 21948 -7584 -10649 21626 -11180
1 10490 -9550 -5164 -4396 4351 10324
2 4718 14314 -3088 -46 17237 -9442
1 5910 -8918 -2220 -5395 17688 4200
2 12382 6418 3114 3018 31739 3492
2 1472 7628 86 2089 718 1572
1 2384 -7892 -3618 -6005 3257 -2076
1 -64 -6036 -3546 -2970 -2847 -2314
2 -712 7506 130 -425 -2605 2556
2 0 0 0 0 0 0
1 -602 -5792 -3540 2277 -980 223
1 270 -7362 -4140 5398 1404 2786
2 0 0 0 0 0 0
2 0 0 0 0 0 0
1 0 0 0 0 0 0
1 1938 -7904 -4634 2658 -872 1558
2 0 0 0 0 0 0
2 582 8596 -650 -324 -310 -919
1 1758 -7584 -4402 979 -221 561
1 0 0 0 0 0 0
2 0 0 0 0 0 0
2 0 0 0 0 0 0
1 0 0 0 0 0 0

2 172 8418 578 683 487 -317
1 886 -7634 -3974 444 1865 782
2 0 0 0 0 0 0
2 0 0 0 0 0 0
1 0 0 0 0 0 0
1 0 0 0 0 0 0
1 0 0 0 0 0 0
2 0 0 0 0 0 0
2 0 0 0 0 0 0
1 0 0 0 0 0 0
2 0 0 0 0 0 0
1 0 0 0 0 0 0
2 812 8550 -1146 1123 3534 -23
1 2498 -7166 -5144 -2091 5549 1384
1 0 0 0 0 0 0
2 1000 9142 -2202 3150 4010 1075
1 0 0 0 0 0 0
2 0 0 0 0 0 0
2 988 8866 -2702 5365 2990 2627
1 0 0 0 0 0 0
2 0 0 0 0 0 0
1 0 0 0 0 0 0
1 0 0 0 0 0 0
2 0 0 0 0 0 0
1 10488 -6882 -8750 -7172 4369 -5876
2 5114 11282 -8016 9776 2721 2980
2 9548 11256 -4900 16551 4158 12170
1 12130 -7420 -6910 -11242 1322 -18361
1 3782 -5884 -4526 -7742 6631 -22962
2 3278 5554 -880 10566 2334 18921
2 -1824 1800 1306 3016 -5310 18210
1 -2122 -3202 -456 -1737 -1048 -20714
1 0 0 0 0 0 0
2 -3396 1954 3334 -8556 1001 19710
2 -7670 9148 194 -26975 6927 17321
1 -7038 -5580 -5086 23255 16097 -6080
1 -6124 -12192 -7006 26068 18648 9160
2 -2898 19202 -1874 -29683 16596 4371
1 13264 -13964 -11882 6561 32767 23740
2 2164 17600 -8644 -12538 6488 -7256

2 194 7914 1386 1627 84 783
1 290 -8278 -2230 1546 1779 34
1 756 -8278 -2702 599 1908 -1307
2 588 8016 1570 1074 -520 -52
1 0 0 0 0 0 0
2 0 0 0 0 0 0
2 0 0 0 0 0 0
1 160 -8040 -1696 -27 957 382
2 0 0 0 0 0 0
1 -2452 -8488 -1990 -122 6090 2911
2 1132 7756 -740 -988 3075 -307
1 1372 -10384 -3984 -4775 7003 6696
2 1940 11930 -5482 3622 3144 1175
1 806 -9318 -7764 -13784 27869 6063
1 12028 -11264 -10320 -15821 10824 -12934
2 2816 22468 -7542 25460 -1511 -2998
1 -64 -7936 -13342 -21930 5880 -17915
2 1084 18372 -6708 30632 12408 2947
2 1456 8040 -1014 21232 15785 12341
1 4032 -4280 -7410 -12201 20964 -15656
1 -1762 -20 -792 4697 11349 -12468
2 208 734 1246 3573 9648 17117
1 -1590 -1714 88 16659 11836 -8169
2 -2616 314 2538 -6373 59 12720
2 -3776 -734 3542 -15745 -304 9490
1 0 0 0 0 0 0
1 -2060 -8700 -6762 24903 4852 34
2 -4956 7244 2470 -31587 5900 6335
2 -8378 32767 -3858 -32768 32767 927
1 1694 -18970 -7916 22724 32767 19870
1 10186 -11462 -4828 -1050 5381 16388
2 10828 15966 -1910 9808 -11583 -18567
1 6918 -9844 -1288 -3786 9416 7676
2 6772 9072 -1536 1710 6294 -6374
2 0 0 0 0 0 0
1 3734 -9086 -368 -2417 11040 1789
1 192 -7948 -2050 -3186 2189 -1554
2 438 8094 130 -338 -2880 1237
2 0 0 0 0 0 0
1 -290 -7794 -3104 -2567 -195 -776

2 114 9358 -2088 2425 -1352 -656
1 3176 -6950 -6386 -4689 5918 1417
1 4900 -6352 -7168 -7456 8413 -973
2 1318 9894 -3678 6605 3454 -258
2 2424 12148 -6004 10716 6463 706
1 8672 -7516 -9120 -12167 1513 -5460
2 4978 15982 -6334 17972 6241 6811
1 9120 -6540 -11286 -15580 6932 -13479
1 5840 -3382 -6396 -10994 15995 -15860
2 2078 11622 -4624 19950 2226 10728
2 380 4640 -1462 13448 7039 14012
1 2810 -1030 -2666 358 12193 -15280
2 430 -602 -80 2740 5347 15233
1 -588 636 -466 9799 4293 -11438
2 0 0 0 0 0 0
1 -6192 2934 -112 13995 6773 -7506
1 0 0 0 0 0 0
2 0 0 0 0 0 0
1 -1122 -9074 -6042 22199 9070 3700
2 -3008 6162 2294 -26075 6076 4804
2 -5514 25402 -850 -31847 32767 1569
1 2384 -12724 -7170 13018 19910 17589
1 10716 -13364 -5014 1259 1335 15543
1 6776 -9474 -5478 -1817 7561 8214
2 6762 16952 -4622 1289 -13129 -18051
2 10524 10842 -3214 302 12060 -7427
1 4148 -9622 -346 -6163 19677 6261
2 4138 9624 -2062 -1326 -823 -2859
1 2374 -8216 -2864 -4626 -2340 -2686
2 1372 9134 -1078 305 1383 756
1 -748 -6758 -3196 -2093 -1396 -1700
2 0 0 0 0 0 0
2 0 0 0 0 0 0
1 0 0 0 0 0 0
1 0 0 0 0 0 0
2 0 0 0 0 0 0
2 0 0 0 0 0 0
1 0 0 0 0 0 0
1 1590 -7978 -3762 -393 742 1101
2 0 0 0 0 0 0

2 0 0 0 0 0 0
1 -1384 -9084 -8798 -3541 4589 2700
2 0 0 0 0 0 0
1 428 -7400 -12326 -16617 2768 2069
2 0 0 0 0 0 0
1 1334 -4718 -11302 -23737 -2552 2607
2 0 0 0 0 0 0
1 -182 -1680 -6152 -22142 -9351 5066
2 0 0 0 0 0 0
1 -854 1718 -2502 -11704 -8388 4904
2 0 0 0 0 0 0
1 -780 3966 -3006 -2964 -5231 144
2 0 0 0 0 0 0
1 -1258 6252 -4300 -75 -2760 -2124
1 -1646 6654 -3280 655 -4867 -3086
2 -934 7342 -280 -3864 3686 -777
2 86 9296 -136 -3227 7088 -120
1 -3908 5738 -3878 -30 -2619 -1245
2 0 0 0 0 0 0
1 0 0 0 0 0 0
2 -298 8056 2654 3559 11404 995
1 0 0 0 0 0 0
1 -7280 4334 -362 5585 -12371 -2820
2 918 7206 2600 4449 1232 555
2 0 0 0 0 0 0
1 -8356 5764 -3644 5399 -5661 1759
2 0 0 0 0 0 0
1 -6224 6076 -2270 2182 -13193 2789
2 0 0 0 0 0 0
1 -5708 7034 120 1150 -9161 3328
2 0 0 0 0 0 0
1 -5444 6750 2468 1482 -3558 1996
1 0 0 0 0 0 0
2 0 0 0 0 0 0
1 -3908 5836 1290 235 -3174 1315
2 -1848 8188 622 -43 -481 -337
1 -4188 6054 1972 -440 -21 495
2 0 0 0 0 0 0
2 0 0 0 0 0 0
1 -4774 6304 1050 1170 -2647 -2084

2 0 0 0 0 0 0
1 0 0 0 0 0 0
2 0 0 0 0 0 0
1 0 0 0 0 0 0
1 0 0 0 0 0 0
2 0 0 0 0 0 0
1 0 0 0 0 0 0
2 0 0 0 0 0 0
1 0 0 0 0 0 0
2 0 0 0 0 0 0
1 0 0 0 0 0 0
2 0 0 0 0 0 0
2 0 0 0 0 0 0
1 0 0 0 0 0 0
1 0 0 0 0 0 0
2 0 0 0 0 0 0
1 0 0 0 0 0 0
2 0 0 0 0 0 0
1 0 0 0 0 0 0
2 0 0 0 0 0 0
2 0 0 0 0 0 0
1 0 0 0 0 0 0
2 0 0 0 0 0 0
1 0 0 0 0 0 0
2 0 0 0 0 0 0
1 0 0 0 0 0 0
2 0 0 0 0 0 0
1 0 0 0 0 0 0
1 0 0 0 0 0 0
2 0 0 0 0 0 0
2 0 0 0 0 0 0
1 0 0 0 0 0 0
2 0 0 0 0 0 0
1 0 0 0 0 0 0
1 0 0 0 0 0 0
2 0 0 0 0 0 0
2 0 0 0 0 0 0
1 0 0 0 0 0 0
1 0 0 0 0 0 0
2 0 0 0 0 0 0

1 0 0 0 0 0 0
2 0 0 0 0 0 0
2 0 0 0 0 0 0
1 0 0 0 0 0 0
1 0 0 0 0 0 0
2 0 0 0 0 0 0
1 0 0 0 0 0 0
2 0 0 0 0 0 0
2 0 0 0 0 0 0
1 0 0 0 0 0 0
1 0 0 0 0 0 0
2 0 0 0 0 0 0
1 0 0 0 0 0 0
2 0 0 0 0 0 0
1 0 0 0 0 0 0
2 0 0 0 0 0 0
2 0 0 0 0 0 0
1 0 0 0 0 0 0
1 -4004 5764 -3424 346 -1532 -512
2 0 0 0 0 0 0
2 0 0 0 0 0 0
1 0 0 0 0 0 0
2 0 0 0 0 0 0
1 0 0 0 0 0 0
1 0 0 0 0 0 0
2 0 0 0 0 0 0
1 0 0 0 0 0 0
2 0 0 0 0 0 0
2 0 0 0 0 0 0
1 0 0 0 0 0 0
1 0 0 0 0 0 0
2 0 0 0 0 0 0
2 0 0 0 0 0 0
1 0 0 0 0 0 0
2 -1918 8604 154 423 -3546 1262
1 -3048 2394 -2956 6586 590 -2274
2 0 0 0 0 0 0
1 -3274 -12 -4016 13536 7066 -3263
1 -1828 -3904 -6544 18934 15117 1376
2 0 0 0 0 0 0

1 1716 -7908 -3024 2143 -893 -118
1 -866 -7704 -3216 1841 3479 1974
1 290 -7842 -3758 587 -430 771
2 0 0 0 0 0 0
2 0 0 0 0 0 0
1 0 0 0 0 0 0
1 0 0 0 0 0 0
2 0 0 0 0 0 0
1 0 0 0 0 0 0
2 0 0 0 0 0 0
1 0 0 0 0 0 0
2 0 0 0 0 0 0
1 0 0 0 0 0 0
2 0 0 0 0 0 0
1 0 0 0 0 0 0
2 0 0 0 0 0 0
1 0 0 0 0 0 0
2 0 0 0 0 0 0
1 0 0 0 0 0 0
2 0 0 0 0 0 0
1 988 -7992 -1708 -125 3700 -1586
2 2176 7906 240 -2443 2973 -138
1 2802 -7872 -1558 -408 44 -1685
2 0 0 0 0 0 0
1 0 0 0 0 0 0
2 0 0 0 0 0 0
2 0 0 0 0 0 0
1 0 0 0 0 0 0
1 0 0 0 0 0 0
2 2200 7486 1114 167 -1138 -145
2 0 0 0 0 0 0
1 0 0 0 0 0 0
2 0 0 0 0 0 0
1 0 0 0 0 0 0
1 0 0 0 0 0 0
2 0 0 0 0 0 0
1 0 0 0 0 0 0
2 0 0 0 0 0 0
2 0 0 0 0 0 0
2 0 0 0 0 0 0

2 1192 7442 508 409 -1967 -1313
1 0 0 0 0 0 0
2 0 0 0 0 0 0
2 0 0 0 0 0 0
1 0 0 0 0 0 0
1 0 0 0 0 0 0
2 0 0 0 0 0 0
1 0 0 0 0 0 0
1 0 0 0 0 0 0
2 0 0 0 0 0 0
1 0 0 0 0 0 0
2 0 0 0 0 0 0
2 0 0 0 0 0 0
1 0 0 0 0 0 0
2 0 0 0 0 0 0
1 0 0 0 0 0 0
1 0 0 0 0 0 0
2 0 0 0 0 0 0
2 0 0 0 0 0 0
1 0 0 0 0 0 0
2 1704 7610 -180 -975 1745 -384
1 0 0 0 0 0 0
2 0 0 0 0 0 0
1 0 0 0 0 0 0
2 0 0 0 0 0 0
1 0 0 0 0 0 0
2 0 0 0 0 0 0
1 0 0 0 0 0 0
1 0 0 0 0 0 0
2 -1204 9936 -1978 5593 6133 1157
1 0 0 0 0 0 0
2 -832 9784 -990 8136 7398 476
1 0 0 0 0 0 0
2 0 0 0 0 0 0
2 302 7436 192 3529 5203 -65
1 0 0 0 0 0 0
1 0 0 0 0 0 0
2 1180 7660 -52 165 2387 -1075
1 0 0 0 0 0 0
2 2336 7810 -460 -946 6782 111

2 3090 7644 -1494 437 -323 -314
2 2502 7442 -1096 113 -757 -154
2 0 0 0 0 0 0
1 0 0 0 0 0 0
2 2582 8030 -1282 666 2977 1219
1 0 0 0 0 0 0
2 0 0 0 0 0 0
1 0 0 0 0 0 0
2 1564 8194 -406 2858 3999 -1556
1 0 0 0 0 0 0
2 0 0 0 0 0 0
1 0 0 0 0 0 0
2 3318 7326 -630 -1864 -26 -2906
1 0 0 0 0 0 0
2 3318 7212 -1086 -4995 -13434 -1298
1 0 0 0 0 0 0
2 -108 7728 512 -6053 -19839 560
2 -3416 8964 2110 -5238 -10186 1734
1 0 0 0 0 0 0
1 0 0 0 0 0 0
2 -708 9124 -72 -2883 5502 305
1 1000 -7330 -3528 -275 2531 1835
2 942 8212 480 546 -1178 -2595
1 0 0 0 0 0 0
2 536 8140 950 1167 -1999 -2442
1 272 -8124 -3324 -1489 4987 2245
2 0 0 0 0 0 0
1 0 0 0 0 0 0
2 0 0 0 0 0 0
1 0 0 0 0 0 0
2 0 0 0 0 0 0
1 550 -7190 -5188 -63 2534 1267
2 0 0 0 0 0 0
1 0 0 0 0 0 0
2 0 0 0 0 0 0
1 0 0 0 0 0 0
2 0 0 0 0 0 0
1 0 0 0 0 0 0
1 0 0 0 0 0 0
1 314 -7108 -3726 -268 967 564

2 -278 7994 -108 -1124 52 356
1 0 0 0 0 0 0
2 0 0 0 0 0 0
1 -1258 -5186 -3650 1399 3938 1635
2 0 0 0 0 0 0
1 0 0 0 0 0 0
1 6812 -15812 -4824 -73 -11189 -6228
2 5164 17492 -1542 -390 -601 6628
1 21048 -20280 -1826 3252 -3619 -13184
2 7878 26966 -5830 18082 -22028 7476
1 4346 -16298 -10274 3458 -6679 -25331
2 4636 19826 -2898 10823 -5759 15162
1 -4956 -8076 -3506 -8735 -7010 -17575
2 -3616 7216 1498 11427 -284 10972
2 -10188 2928 9978 9836 2565 5452
1 -12848 -4280 5806 -9738 -4815 -7503
1 -9776 -2970 4982 -7391 12 5370
2 -9474 -522 9416 2022 3482 -5453
2 -7552 8104 3250 -2954 5364 -16969
1 -3542 -5154 -3116 -6028 -4231 14337
2 12826 32190 -6162 -10134 20615 -27502
2 17406 17376 -194 742 343 -11049
1 7054 -16128 -16124 10973 -9416 24737
1 16448 -13610 -9662 6108 -7765 11521
2 5524 6784 -452 -465 2615 -2720
1 6734 -5560 -4760 75 2267 4698
2 2970 4224 -316 396 4770 -955
1 0 0 0 0 0 0
1 1610 -7744 -4436 1051 167 236
2 0 0 0 0 0 0
1 438 -6762 -3820 925 -1968 455
2 226 8198 218 -2878 -11602 -496
1 1732 -8148 -4054 -903 4329 1813
2 -2052 9128 6 -1461 -397 -102
2 620 8166 -428 -643 3188 137
1 0 0 0 0 0 0
1 1572 -6990 -3868 1586 -406 28
2 132 8572 -180 484 218 -168
2 0 0 0 0 0 0
1 0 0 0 0 0 0

1 1512 -2274 -2286 -4664 2977 410
2 310 2516 -730 3886 -1302 -1486
1 1492 -9528 -4280 200 -197 -1223
2 2532 11376 458 -645 6963 1854
1 11686 -16330 -9178 -824 -2407 -5114
2 12640 21630 -2250 3387 -2850 4793
2 8972 23820 432 5845 -8480 17068
1 15998 -15698 -8672 -6110 -917 -17584
2 1282 14228 -278 3382 -10429 19720
1 3998 -10224 -8346 4559 4960 -19164
2 -9010 7740 2980 6630 -2817 15755
1 0 0 0 0 0 0
1 -17882 -2222 -938 -4727 4916 -8031
2 -17712 -2858 9398 6689 6889 5867
1 -8928 -5236 -642 -12766 -5535 7472
2 -9966 2752 4220 498 3641 -12480
2 -4816 23976 604 -2689 -5044 -30277
1 1466 -8316 -5514 -7147 -17934 15468
1 20404 -19144 -17034 15841 -5254 23450
2 13972 32028 -7558 -7833 3953 -20620
2 9662 14252 -5640 -2228 -15771 -5741
1 11916 -12318 -12222 11157 -6201 7076
1 5800 -7656 -8280 7439 -1845 3603
2 1112 7450 -2572 -5372 3947 787
1 1486 -2558 -3584 -2213 5607 1975
2 1848 4282 -2198 -1546 10490 1091
1 0 0 0 0 0 0
2 16 8396 762 -1163 2283 2120
2 890 8710 -722 -606 -11626 1978
1 1594 -7270 -5148 2123 -8057 -4085
1 -1380 -7786 -3960 -3375 541 776
2 -2744 8392 598 1610 -8118 -2399
1 0 0 0 0 0 0
2 -812 8220 586 1475 8914 -624
1 870 -5898 -3300 -1744 -4464 374
2 776 7354 -318 -355 4300 -2000
1 0 0 0 0 0 0
2 0 0 0 0 0 0
1 1210 -7426 -4028 3534 -14005 -5717
2 0 0 0 0 0 0

1 2114 -6562 -3022 -2146 2850 1157
2 40 7740 1052 2569 -7334 -1009
2 536 16900 -1014 285 -2351 -1839
1 5394 -15004 -5904 2556 -5522 -2979
2 15558 30676 -2494 4585 -4072 14076
1 11174 -23784 -7286 -647 14160 -1542
2 200 19276 -434 6277 -16493 19260
1 9908 -14742 -6982 7709 -2413 -18336
2 -4920 10200 1982 11112 -1979 13166
1 212 -8558 -3928 2218 -5737 -24671
1 -11538 -5986 -588 4150 6929 -14394
2 -12354 582 8638 8438 -366 13670
2 -14584 -1726 4740 3578 4292 -1287
1 -11378 400 1106 -2143 -1002 -3236
2 -7866 3280 1686 3542 2391 -14813
1 -4290 -1282 -2380 -4565 -7233 3701
2 1214 24726 -1032 -5758 -5140 -32768
1 4844 -12704 -12246 -2014 -18452 16614
2 22340 32767 -5976 -9220 6397 -16813
1 17128 -18756 -16450 13317 -955 20819
2 8192 15522 -4912 -1565 -478 -4273
1 14390 -13076 -9820 6901 5331 12006
1 4708 -7014 -6438 2704 -2691 2357
2 3934 7158 -1798 932 -1419 182
1 1798 -4140 -2754 -3162 10991 3146
2 1566 4290 -1796 1510 4084 2120
2 0 0 0 0 0 0
1 2028 -6920 -3530 -3380 6280 189
2 -36 8624 -602 -862 -10493 2627
1 1222 -7402 -4720 757 -8232 -4113
2 -2328 7194 290 -416 -5050 -3030
1 -1086 -7010 -3770 -1529 -1114 -122
1 0 0 0 0 0 0
2 -788 8510 618 -1834 13373 121
1 2370 -5738 -3248 259 -1972 354
2 1454 7838 -564 -1657 415 -2886
1 2184 -7410 -3854 3909 -2064 -436
2 1482 9586 -560 -1567 -227 -1728
1 0 0 0 0 0 0
2 -970 8152 -588 503 748 309

1 848 -4700 -3022 -1012 948 620
2 244 4912 -588 1893 -95 -1209
1 992 -2180 -1414 -3982 4532 943
2 0 0 0 0 0 0
1 2970 -9384 -5944 3146 2696 -44
2 590 11462 -652 -4247 4546 1523
1 352 -14990 -5972 3887 -3793 -282
2 4466 18534 -1188 768 -7060 669
2 12010 25658 -1722 8802 162 8563
1 9764 -20434 -3558 -3166 -5709 -7304
1 7536 -7770 -4568 1128 -5945 -16318
2 3252 13498 -1214 8621 -11254 13867
1 -1230 -5030 -3922 -2562 -3172 -16910
2 -5526 7324 2132 12658 -7735 10941
1 0 0 0 0 0 0
2 -8280 4974 4800 8863 3381 14071
1 -8412 -3978 928 -12853 4268 -3689
2 -10346 68 7134 5129 1979 1762
1 -4394 -2428 4046 -5626 -3286 3132
2 -8492 -532 5658 -952 3764 -10012
1 4932 -8744 -9864 6576 -10260 18165
2 890 25160 -250 -12589 8590 -31865
1 16320 -16942 -16218 8420 4358 22561
2 18818 30974 -6940 -6685 2751 -16571
1 11654 -7936 -5870 8449 -8049 5353
2 11222 12428 -3994 203 -3152 -4763
1 5204 -5362 -7142 6890 -10791 -1854
2 3196 5028 -2240 1748 3825 241
1 472 -5154 -4924 -770 3437 -12
2 1216 4646 -760 598 3068 2031
2 -196 8554 250 -3456 -5542 2852
1 0 0 0 0 0 0
1 854 -6528 -4170 -531 -812 216
2 -1618 8012 390 -2707 -11569 -970
1 0 0 0 0 0 0
2 0 0 0 0 0 0
1 0 0 0 0 0 0
2 1658 8184 -548 -242 2840 -2212
1 0 0 0 0 0 0
2 736 8714 -570 -705 736 -641

1 1212 -7366 -3942 -146 147 265
2 -4 8170 -10 -177 496 -150
1 0 0 0 0 0 0
2 0 0 0 0 0 0
1 0 0 0 0 0 0
2 0 0 0 0 0 0
1 0 0 0 0 0 0
2 0 0 0 0 0 0
1 0 0 0 0 0 0
2 0 0 0 0 0 0
1 0 0 0 0 0 0
2 0 0 0 0 0 0
1 0 0 0 0 0 0
2 0 0 0 0 0 0
1 0 0 0 0 0 0
2 0 0 0 0 0 0
1 0 0 0 0 0 0
2 0 0 0 0 0 0
1 0 0 0 0 0 0
2 0 0 0 0 0 0
1 1346 -8428 -4216 -1152 1161 622
2 4054 11730 -1134 -746 5005 -441
1 19306 -28436 -10330 -7524 5820 -7141
2 25042 30548 -2978 6998 -3263 9527
1 8490 -19050 -15496 -2093 -10131 -32768
2 3200 29150 -1614 10278 -20427 21048
1 -6702 -7998 -7200 -2717 14399 -18057
2 -10044 12784 5726 12780 -1724 16608
1 -12662 -6964 -416 1882 13345 -4870
2 -20696 -156 12462 6763 5483 11794
1 -13684 -4644 1892 -4325 -1645 7239
2 -12372 1402 7700 -541 4525 -10473
1 -1998 -8482 -7738 -6002 -10111 12331
2 -7484 12000 3296 -3622 -996 -20557
1 16022 -13876 -13928 8531 -11147 23622
2 15518 32767 -358 -11298 25920 -26646
1 19138 -14898 -14752 11482 -13931 6991
2 14044 23516 -7450 -5483 -8024 -10108
1 5376 -3156 -8638 3989 -4895 -610
2 5442 5304 -5552 1097 -20768 -843

2 162 8186 -50 740 1003 -326
1 4222 6588 -4254 -280 732 -341
1 -1210 8768 -724 -4327 8442 -2401
1 1518 8740 616 -5951 -5295 -432
2 308 8432 -10 685 924 -300
2 0 0 0 0 0 0
2 0 0 0 0 0 0
1 5172 5518 6906 -39 1966 2387
2 0 0 0 0 0 0
1 986 5040 2970 8433 -18654 -4891
1 0 0 0 0 0 0
2 0 0 0 0 0 0
1 1756 -2016 -9042 18812 -1839 2548
2 0 0 0 0 0 0
2 0 0 0 0 0 0
1 0 0 0 0 0 0
1 1654 -8318 -8064 21390 -4952 -5014
2 0 0 0 0 0 0
2 0 0 0 0 0 0
1 720 -13870 -9078 20040 -18543 -7002
1 -914 -9306 -4672 6462 -4531 -3436
2 0 0 0 0 0 0
2 0 0 0 0 0 0
1 -542 -7532 -5514 -677 7358 1753
2 0 0 0 0 0 0
1 0 0 0 0 0 0
2 0 0 0 0 0 0
1 0 0 0 0 0 0
2 0 0 0 0 0 0
1 0 0 0 0 0 0
1 0 0 0 0 0 0
2 0 0 0 0 0 0
2 0 0 0 0 0 0
1 0 0 0 0 0 0
1 2102 -6438 -3492 -573 42 -118
2 0 0 0 0 0 0
2 0 0 0 0 0 0
1 0 0 0 0 0 0
1 0 0 0 0 0 0
2 0 0 0 0 0 0

1 0 0 0 0 0 0
2 -112 4500 -646 1992 1153 -1446
2 1458 5282 936 2772 5173 -1044
1 0 0 0 0 0 0
2 -1428 17534 -554 -4483 -10510 -791
1 -622 -12782 -5854 5290 -11814 -5258
1 11252 -20970 -6282 -1532 -3192 -4644
2 12970 24876 -4214 7547 11526 6018
1 4660 -12848 -3870 4302 -7409 -15974
2 3952 12752 -56 7585 -11760 13599
1 -1836 -5930 -3956 -2033 -1463 -16114
2 -3026 5236 808 10038 -888 11533
1 -5472 -7552 -3428 -9713 -2580 -15484
2 -6324 6072 2502 7666 2482 10529
1 -8176 -3042 -274 -11107 1980 -4093
2 -8368 72 3216 4943 4745 3561
1 0 0 0 0 0 0
2 -6794 2268 2556 377 1658 -9326
1 6436 -11358 -6914 4482 -8057 18026
2 2232 21624 -1310 -15415 -7409 -29040
1 15994 -17058 -13214 11379 -1655 18970
2 19358 26896 -5660 -9247 5809 -13182
1 12446 -8430 -8272 4649 -3671 5354
2 8260 12504 -3978 -1541 83 -2608
2 2470 4142 -1856 2186 2425 938
1 4430 -3442 -5108 -48 73 -92
1 0 0 0 0 0 0
2 0 0 0 0 0 0
1 1094 -8994 -5416 -1500 3667 -963
2 -468 10600 -106 -2059 -3165 4304
1 0 0 0 0 0 0
2 -1128 7502 274 1866 -11309 -2888
1 -122 -7634 -4108 -2481 3892 2774
2 -2332 8982 758 2242 10159 -1720
1 2244 -6132 -3448 753 634 2419
2 2730 7726 -420 2166 -28 -1779
1 2520 -6872 -3624 3716 -3435 234
2 -354 7362 -146 -824 -5733 -1703
1 1138 -8318 -4386 2938 -1406 -547
2 186 8666 -200 -3237 6268 1171

1 1174 -12106 -4894 2580 -8457 -4438
2 2526 15750 -522 -3302 1949 3680
1 14864 -17800 -9246 1005 3044 -2887
2 12402 24536 -2986 1658 -10749 4956
1 11080 -20786 -13470 -55 -950 -19266
2 6466 26522 -92 5756 -11370 17358
1 -5746 -7170 -5806 -7347 -4763 -20873
2 -2862 5636 -1216 11106 -6094 11748
1 -8044 -4578 1162 -5041 8869 -9506
2 0 0 0 0 0 0
1 -9112 -642 2568 -978 4255 -1088
2 -16004 472 5218 4896 -6300 2837
1 -4732 -1762 -1380 -3419 -2791 3709
2 -7524 1452 2372 2622 2267 -9870
1 3764 -9442 -8060 -835 -17311 11753
2 -4330 18614 -224 -5879 -8253 -27346
1 10872 -12984 -18510 18192 -6367 17309
2 14192 32767 -4112 -13566 5064 -20399
2 7640 19040 -5038 -4626 -12609 -6768
1 14494 -14622 -12562 14560 -4165 8627
1 6208 -7106 -8588 5584 3408 3222
2 5080 7894 -3112 -1322 -2942 522
2 406 5030 -1868 3495 4829 3108
1 1870 -4014 -3952 -2874 11260 2295
2 0 0 0 0 0 0
1 1670 -7654 -4026 -3265 3175 -2205
1 -716 -6948 -3410 -2001 -10062 -4730
2 0 0 0 0 0 0
1 -364 -7922 -3812 -2363 1933 1135
2 -1474 7616 -428 -342 2271 -2001
1 0 0 0 0 0 0
2 852 8072 576 -1033 6845 -470
1 2200 -6966 -3038 -1264 7622 3671
2 1488 8244 -254 -2020 1417 -1460
2 0 0 0 0 0 0
1 2182 -6620 -3476 2020 -2211 569
1 562 -6684 -4384 2773 -7756 -1389
2 0 0 0 0 0 0
2 1204 8796 -32 235 -219 886
1 -206 -6954 -5186 2028 -4391 49

1 17046 -27112 -16382 -6088 8412 -3025
2 29620 29286 -3828 2586 397 10434
2 5800 26548 -2978 8004 -11726 20155
1 8300 -12200 -15988 -11690 -1071 -32384
1 -2192 -7860 -7216 -4535 10320 -18959
2 -6402 12268 1778 8470 -2870 17873
1 -5146 -9500 -3858 -116 17789 -3181
2 -10046 6824 4736 4657 19027 14555
1 -15390 -5030 4056 -8403 -506 3935
2 -15172 -1492 9278 3617 -493 -4861
2 -6118 7420 2024 -1688 6583 -15933
1 -2672 -4924 -1806 -7329 -6758 9677
1 9266 -6316 -9550 5175 -11996 17399
2 3868 25154 -486 -8065 18191 -24147
1 14444 -18674 -15254 16087 -6731 19408
2 15212 27484 -4184 -2538 -3470 -16057
2 9384 9010 -3740 762 396 -613
1 8148 -9348 -10168 8566 -6604 5404
1 6560 -4096 -5342 -303 5005 946
2 2720 4762 -1822 1236 1206 1899
1 0 0 0 0 0 0
2 0 0 0 0 0 0
1 0 0 0 0 0 0
2 -752 8218 -404 -1442 -5777 1911
2 -996 7828 -134 -2214 1363 -2017
1 -356 -5840 -3460 -2972 104 487
1 396 -7128 -3780 -184 1618 1337
2 724 9206 -272 -1506 3705 -702
2 0 0 0 0 0 0
1 3578 -5884 -3522 3641 2018 1342
1 2142 -8480 -4934 6205 -3980 81
2 0 0 0 0 0 0
2 0 0 0 0 0 0
1 1432 -7830 -4556 1031 2780 449
2 0 0 0 0 0 0
1 0 0 0 0 0 0
2 0 0 0 0 0 0
1 0 0 0 0 0 0
1 0 0 0 0 0 0
2 0 0 0 0 0 0

2 17108 18836 -1012 -285 26576 11517
1 8722 -18914 -4594 3380 16467 2401
2 11596 31794 -378 8756 -10802 20472
1 13202 -21290 -2842 4541 -8327 -17753
2 -3308 16684 2254 8117 -10259 16468
1 1166 -14494 -11318 8671 -3208 -23789
2 -4850 2136 -1146 1452 12924 12630
1 -9426 24 -9982 -1438 -935 -14034
2 -16266 146 6850 4769 6395 897
1 -11620 -6872 2372 -11124 589 -482
2 -7332 2076 6266 1869 5790 -12653
1 -5908 -4800 3448 -4660 -4919 6719
1 516 -14024 -8040 -1812 -7616 15676
2 -4518 20820 3374 -2183 -62 -25803
1 20042 -15760 -9844 8036 1851 20078
2 15716 30444 2670 -8718 5599 -17595
2 15138 15500 -2144 -1732 -6413 -6360
1 12128 -12896 -9034 9609 -2486 7285
1 5480 -4480 -5204 248 710 1368
2 2314 5782 -2472 1451 -5943 63
2 298 6962 -456 3602 2427 2649
1 1790 -5192 -4178 -1476 6945 659
2 0 0 0 0 0 0
1 0 0 0 0 0 0
1 0 0 0 0 0 0
2 0 0 0 0 0 0
2 -1322 8290 376 -121 3388 -985
1 0 0 0 0 0 0
2 0 0 0 0 0 0
1 0 0 0 0 0 0
1 2226 -7528 -3778 -1435 4283 3189
2 0 0 0 0 0 0
2 5108 9074 -848 846 -71 28
1 2832 -7002 -2984 314 -111 1302
1 1238 -6854 -4944 2747 -4217 -1032
2 584 8336 -294 -178 627 974
2 0 0 0 0 0 0
1 0 0 0 0 0 0
1 0 0 0 0 0 0
2 0 0 0 0 0 0

2 -298 11808 -46 -2882 -3068 1242
1 -434 -8876 -5084 3577 -7081 -2750
2 6752 16086 -2030 -2050 -1698 331
1 5558 -13864 -5734 4039 4691 1577
2 20376 25856 -1426 10907 -6768 11013
1 15842 -19660 -9944 -9697 8378 -6873
2 -66 19294 186 11459 -7590 17626
1 4674 -13088 -8458 -2043 2574 -18511
1 -3166 -4686 -4810 -2270 206 -20155
2 -7494 4554 3326 12194 -2486 13025
1 -9732 -3746 598 186 2964 -11263
2 -8482 3164 5594 3416 3112 8163
1 -9212 -2206 1350 -1186 715 1554
2 0 0 0 0 0 0
2 -7654 9036 3356 -1861 2735 -18050
1 -4136 -7582 -4876 -3248 -7314 9052
2 5902 24894 -3144 -9323 8537 -25132
1 6148 -9676 -12634 8646 -15037 16721
2 18942 23458 -64 -3823 7004 -14041
1 17852 -15240 -11444 12584 -1087 13221
1 4604 -6808 -8112 5236 -6231 3383
2 -2788 2366 2748 -3271 -32768 -6274
1 1886 -4718 -4442 -1162 9927 6638
2 382 6318 -2026 -1978 11814 4208
1 1960 -7474 -4264 714 3178 478
2 -64 9886 398 -1044 7834 4260
2 876 8344 -550 2801 -7427 1287
1 -8 -6486 -4398 598 1363 -1732
1 0 0 0 0 0 0
2 -2530 8680 636 5080 -5719 -3333
2 0 0 0 0 0 0
1 370 -7448 -4028 -2668 -3653 -1282
1 46 -6956 -3826 -1873 249 1166
2 824 7506 -2 1082 3497 -1939
1 0 0 0 0 0 0
2 0 0 0 0 0 0
2 1070 8310 104 -1355 644 -407
1 0 0 0 0 0 0
2 0 0 0 0 0 0
1 0 0 0 0 0 0

1 854 -6924 -3978 -210 -296 209
2 286 8030 -28 452 86 -186
1 0 0 0 0 0 0
2 0 0 0 0 0 0
2 0 0 0 0 0 0
1 178 -3092 -1836 -3120 1232 -463
2 1372 13808 536 -242 1822 399
1 3114 -11626 -4190 95 392 -1704
1 14878 -18676 -2646 810 4875 -3854
2 23420 21368 620 -1538 -4217 7276
2 7470 30506 4522 7465 -12988 19500
1 7918 -22310 -7266 9841 123 -18599
2 -2482 12172 3408 10035 -15630 13624
1 -512 -11754 -6824 601 -18080 -25141
2 -5010 5816 2310 7659 312 9771
1 -3792 -3046 -1362 -7533 -2112 -11548
1 -2412 -2054 1414 -5201 16244 -1302
2 -13104 -348 7966 6175 2322 7852
2 -8716 -400 5244 1893 2704 -9020
1 -7742 -1752 1392 -4437 -3003 1403
1 -804 -5156 -2934 -2383 -9484 10396
2 -4140 12984 1826 -2317 -1510 -23890
2 6630 25654 -2876 -13227 3832 -21347
1 4768 -11774 -13964 15879 -8984 22275
1 12328 -15454 -12386 4503 7668 22987
2 15572 23282 -6286 -6659 5169 -13356
2 13022 5384 -6060 434 -9327 4392
1 10122 -7148 -5588 313 -7792 3195
2 -1550 6230 -1986 1367 5946 5057
1 4864 -5314 -3336 -695 5586 1359
2 -906 9588 1136 1235 7785 6843
1 0 0 0 0 0 0
1 1642 -6226 -3624 -2585 252 -2372
2 0 0 0 0 0 0
2 -2878 6868 442 1432 -6176 -3387
1 0 0 0 0 0 0
2 -1130 8054 634 -501 8041 -1896
1 0 0 0 0 0 0
2 3372 9290 -356 -98 11593 -2280
1 0 0 0 0 0 0

1 1004 -2864 -2546 -1379 -992 -1393
2 -4 2570 -1038 1699 -1817 -854
1 0 0 0 0 0 0
2 -346 8858 390 -773 8019 1011
2 9010 16622 2322 -165 -8321 2119
1 7080 -14926 -4892 6394 -3347 -2476
2 14308 21380 4018 3533 -2517 9711
1 13250 -19314 -2834 3623 965 -6052
2 1920 14332 1104 4342 -17772 12290
1 1634 -11278 -4566 5106 -8008 -14009
1 2092 -3888 -2990 -2658 -836 -12192
2 -4464 5394 1242 10167 -5982 8352
2 -2856 5478 720 8628 11803 12314
1 -820 -4776 -3732 -5714 -2008 -13997
1 -2356 -3408 -1378 -7278 -165 -12369
2 -3852 1700 1704 6685 -7649 7744
2 -7486 -2384 3484 1704 -6337 -4155
1 -5874 -670 2520 -6174 -12010 -6689
1 -1168 -4310 -3984 393 -7280 16521
2 -7284 13100 4784 -11287 -962 -19857
1 2840 -16022 -13082 17447 -12818 24763
2 9226 32582 -1116 -14259 15653 -22434
2 14594 23654 -7148 -8436 7467 -9743
1 25042 -16304 -8672 9668 16135 20373
1 3672 -7240 -8676 7441 -11608 2466
2 6064 8166 -4118 2201 1590 -3685
2 2770 6640 -1118 5909 12759 1542
1 1818 -7280 -2626 -6690 20853 7848
2 692 7676 992 4109 1498 2117
1 2990 -8656 -4290 -5063 -1190 -2003
1 -560 -6160 -3272 -3159 142 -2674
2 -154 6326 -96 -1610 -7288 1678
1 1188 -6954 -3868 -180 2565 -1497
2 -1712 8336 342 -5722 -2959 1621
1 112 -6952 -3664 1003 -4877 -1718
2 0 0 0 0 0 0
2 232 8894 -140 -2194 3308 -1671
1 -64 -7002 -3902 1157 699 1839
1 0 0 0 0 0 0
2 2050 8684 -304 -488 281 -1807

2 178 8340 12 -704 -96 1057
2 0 0 0 0 0 0
1 -90 -6036 -3682 -1021 -1243 -183
2 0 0 0 0 0 0
1 -960 -4998 -1828 -7032 3798 1036
2 0 0 0 0 0 0
1 3518 -6358 -3104 -1380 2540 170
2 696 9402 -100 999 -1978 -45
2 7522 16696 -1640 303 774 338
1 5576 -12344 -3808 8449 -4621 -2881
1 13946 -22092 -6522 3902 1560 -8500
2 16086 24062 -3248 4314 -2353 9994
1 4594 -14896 -7288 -2802 -7023 -19273
2 2364 17792 -1288 7685 -12869 13874
1 -3384 -8068 -2954 -10528 -2897 -16856
2 -6708 5760 1028 12269 -1562 10078
1 -8746 -3174 2898 -9031 1721 -6523
2 -6586 3466 7422 11772 2388 8957
1 -7378 -1710 3820 -5519 370 2158
2 -11250 -1246 7300 1401 4711 -2327
1 -3672 -8212 -3534 -400 -8265 10973
2 -6448 8144 3242 -4070 2873 -16039
2 7744 32767 -3068 -14473 12754 -26909
1 11284 -12428 -13532 10222 -10062 18323
2 16566 26022 -4306 -7216 -3602 -11306
1 13832 -15962 -10542 14055 -1161 14881
1 6110 -9264 -8110 7922 -7690 2631
2 5930 9202 -1606 630 -32768 -3625
1 2786 -4198 -3902 -1884 6583 2447
2 1578 4540 -2156 -654 11332 4410
2 -1272 7100 -92 1315 4285 3824
1 2442 -6656 -2384 -2726 15532 2088
1 2536 -8308 -4746 -888 -5218 -5328
2 338 10174 82 2515 544 4053
1 -1122 -7328 -3504 -2958 -9819 -4231
2 -924 6946 456 3444 -7859 -4201
2 -1672 8390 962 2000 8697 -1090
1 0 0 0 0 0 0
1 120 -6158 -3528 -1801 -1081 1644
1 404 -7150 -3746 1389 2796 3291

1 466 -7530 -4256 1180 -164 -400
2 398 8614 -94 805 -922 -501
2 170 8246 26 1469 -37 -251
1 0 0 0 0 0 0
2 0 0 0 0 0 0
1 0 0 0 0 0 0
1 0 0 0 0 0 0
2 0 0 0 0 0 0
2 0 0 0 0 0 0
1 0 0 0 0 0 0
1 0 0 0 0 0 0
2 0 0 0 0 0 0
1 0 0 0 0 0 0
2 0 0 0 0 0 0
1 0 0 0 0 0 0
2 0 0 0 0 0 0
1 0 0 0 0 0 0
2 0 0 0 0 0 0
2 0 0 0 0 0 0
1 0 0 0 0 0 0
2 0 0 0 0 0 0
1 0 0 0 0 0 0
1 0 0 0 0 0 0
2 0 0 0 0 0 0
1 0 0 0 0 0 0
2 0 0 0 0 0 0
1 0 0 0 0 0 0
2 0 0 0 0 0 0
2 0 0 0 0 0 0
1 0 0 0 0 0 0
1 0 0 0 0 0 0
2 0 0 0 0 0 0
2 0 0 0 0 0 0
1 0 0 0 0 0 0
1 0 0 0 0 0 0
2 0 0 0 0 0 0
2 0 0 0 0 0 0
1 0 0 0 0 0 0
1 0 0 0 0 0 0
2 0 0 0 0 0 0

1 3696 -9726 -4982 -388 -7859 -17586
2 310 5868 -1110 10180 -7861 11055
2 0 0 0 0 0 0
1 0 0 0 0 0 0
2 0 0 0 0 0 0
1 0 0 0 0 0 0
2 -7912 -556 4724 2022 -1831 -6160
1 -6936 -746 -670 -3910 4034 -2557
2 -6556 14216 3820 -9614 -1608 -20480
1 -5738 -9074 -1414 -2322 -20651 6972
2 15002 31716 -2756 -13201 22718 -18296
2 12288 15292 -4026 -2475 -12135 -9433
1 4454 -13880 -9192 13227 5647 23904
1 12544 -11446 -8780 8979 -11481 10448
1 7418 -3756 -5524 5011 -4363 3390
2 -646 4658 -3332 -307 -3525 -1175
1 1480 -6554 -6146 1539 -772 1284
2 1056 7214 116 -39 16917 1939
1 0 0 0 0 0 0
2 1852 8934 -254 -968 7214 2280
1 522 -7054 -3924 -5498 9141 1281
2 0 0 0 0 0 0
1 1586 -8232 -3982 -4875 3483 -1309
2 -372 8306 32 848 495 671
2 0 0 0 0 0 0
1 0 0 0 0 0 0
1 -214 -6650 -3572 810 4305 3025
2 0 0 0 0 0 0
1 0 0 0 0 0 0
2 0 0 0 0 0 0
2 1934 8500 -262 609 410 -5
1 4554 -7302 -3514 2067 -8927 -1452
1 462 -7166 -5090 795 -13548 -5018
2 -310 8296 -324 139 427 777
1 -778 -6458 -4182 1226 4168 -51
2 0 0 0 0 0 0
1 0 0 0 0 0 0
2 0 0 0 0 0 0
1 -300 -7584 -4626 3600 687 -205
2 0 0 0 0 0 0

1 -26 -3722 -2464 -3216 -3340 -4093
2 62 6768 -260 -3815 907 -1399
1 1146 -9626 -4110 487 -7001 -4190
2 -1672 13196 -862 -932 -7231 -226
1 9626 -17614 -8042 -331 12180 3877
2 23752 23928 -6992 7699 5816 8357
1 0 0 0 0 0 0
2 4836 29142 992 9288 -8551 19545
1 4300 -12074 -6608 6938 -4716 -24755
2 678 8750 352 6479 -388 15203
1 -9398 -10794 -6432 3502 11786 -20135
2 -12782 9126 4876 2164 4792 20121
1 -20758 -2216 3868 -5810 -6033 -712
2 -20284 -2324 5936 2713 860 -6033
1 -6708 -6738 -614 -6780 -4641 13474
2 -10316 9902 3928 115 6740 -19301
1 7382 -11008 -9624 1814 -8872 19445
2 12706 27330 -1796 -3203 11511 -24063
1 15024 -18518 -14262 11168 -2888 16230
2 15314 23770 -4570 -2596 -949 -12311
1 11748 -13930 -9638 5701 -3310 5764
2 4764 11960 -2054 -1836 1981 -2040
1 4278 -7324 -5518 1796 -4881 -2329
2 2786 6574 -458 -1106 5168 818
1 340 -3392 -3478 -1580 2347 -2031
2 212 5856 -710 1701 1842 477
1 0 0 0 0 0 0
2 0 0 0 0 0 0
1 406 -7086 -4720 -1434 -7455 -2640
2 -56 7138 -548 -53 -5832 453
1 -1744 -7444 -3920 -1896 2157 3652
2 0 0 0 0 0 0
1 2192 -8150 -3636 -3779 11254 5315
2 0 0 0 0 0 0
1 3482 -6264 -2704 -564 -7954 -256
2 0 0 0 0 0 0
1 2026 -7196 -3902 3528 -2681 -154
2 1084 8674 -240 -1187 1513 -404
1 0 0 0 0 0 0
2 0 0 0 0 0 0

1 9166 -11024 -3712 -556 1392 -2237
2 9400 12110 368 -36 2814 2426
1 20496 -17422 -2310 2508 -6759 -16145
2 19716 18172 -568 1247 -1791 14634
2 9822 32767 -1308 6338 -13881 24193
1 7990 -28578 -14530 8029 1293 -29247
2 -6242 19234 5856 17597 -10839 23191
1 -2966 -20380 -4622 -5598 5342 -25593
1 -13324 738 5708 -9005 -8423 -12288
2 -8652 -4780 8144 7802 -2689 10953
2 -10378 -6322 6438 873 1483 288
1 -9288 3652 8612 -2619 -1430 1557
2 -5970 -562 4260 -4994 4695 -11601
1 -5592 -1278 1674 5605 -2860 10298
1 -6182 -16592 -4434 6629 -639 24139
2 -5298 15384 4204 -8682 8723 -20941
1 15048 -24524 -11974 3939 8429 32767
2 8828 28590 -6896 -19110 -1639 -25168
1 19312 -12948 -3724 -2408 -6461 12240
2 18580 18844 -7490 -3631 5443 -10318
2 4412 9440 -4238 -2156 -3202 -3613
1 8734 -8908 -4694 741 -4862 2481
2 726 9232 -1814 494 9074 777
1 2660 -7648 -4182 1291 -651 -243
1 0 0 0 0 0 0
2 332 8470 210 2555 7526 935
1 0 0 0 0 0 0
2 304 7474 86 1938 280 33
1 0 0 0 0 0 0
2 -312 7724 4 -443 410 -117
2 0 0 0 0 0 0
1 0 0 0 0 0 0
1 0 0 0 0 0 0
2 0 0 0 0 0 0
2 0 0 0 0 0 0
1 0 0 0 0 0 0
1 0 0 0 0 0 0
2 0 0 0 0 0 0
2 0 0 0 0 0 0
1 0 0 0 0 0 0

2 4216 16144 -6748 1627 -8242 -4132
1 6054 -10774 -8318 17 2272 888
1 15244 -23550 -18512 -6199 9270 -9326
2 28804 31198 -11926 13892 1981 18448
2 0 0 0 0 0 0
1 10310 -24128 -14802 2883 4496 -30344
2 -9714 9392 5764 6910 -75 21605
1 -9402 -10804 -5986 716 15701 -20151
2 -22378 3986 3548 -451 5566 5832
1 -21596 -3468 1520 -1463 5395 -5881
2 -9838 2854 2012 4010 3440 -12548
1 -9948 -3028 638 -3240 -3558 8754
2 -1952 7966 1522 3832 1434 -17413
1 -1132 -5224 -2434 -2439 -8039 11695
1 2598 -7236 -6564 -1946 -12885 11578
2 -322 10002 90 -1319 -2617 -19824
1 10816 -17436 -13188 8414 -5392 19518
2 10244 29122 700 -8580 -302 -18711
1 12314 -18138 -10662 8539 -2430 7503
2 6842 21228 -2418 -2740 -10244 -6232
2 964 11570 -2162 -3591 -8218 -827
1 2480 -11376 -7550 5793 -7753 -2080
1 1576 -5640 -3672 -1081 10811 2920
2 -1658 6670 -1642 -2429 6973 2043
1 1094 -3034 -2242 -4225 4691 77
2 0 0 0 0 0 0
1 332 -6224 -3658 -964 -1129 -1052
2 164 7640 612 2647 -207 1049
2 -328 9016 -134 591 -5438 2468
1 -150 -8638 -5214 3341 -6842 -2391
2 -1740 7488 340 2225 -4820 -1233
1 0 0 0 0 0 0
2 -950 8246 712 2105 6631 -425
1 1260 -8816 -3676 -7920 8495 3055
2 42 7488 146 719 2943 -1540
1 2200 -6106 -3084 -4707 -3126 -1289
1 1096 -6264 -3286 2100 -2587 -1150
2 0 0 0 0 0 0
2 0 0 0 0 0 0
1 1280 -6986 -3522 6587 -2667 -1224

1 214 -7886 -4068 4152 -1330 -588
2 -384 8256 320 4 529 -7
2 0 0 0 0 0 0
1 124 -7932 -4138 2938 -1320 -618
1 0 0 0 0 0 0
2 0 0 0 0 0 0
1 -604 -4790 -4344 -899 3559 2104
2 702 5720 466 1419 -5499 242
1 7418 -13276 -5446 -7209 5968 35
2 6960 14010 2110 2966 -5732 1586
1 14852 -16126 -858 -8496 -7554 -15502
2 12688 20784 -204 2307 -7438 12723
2 4288 20934 68 5993 -11676 19300
1 3984 -11450 -12756 -1800 8173 -21597
1 -1076 -15344 -10516 -7336 -11511 -27256
2 -6914 12028 2670 12163 -12350 15661
1 -6622 -3704 256 -10882 1979 -7212
2 -5126 346 570 4186 11241 11672
1 -3244 614 3206 -3259 4773 4692
2 -6374 -2314 1200 1702 -4012 -4818
1 -2710 -2250 -584 2633 -4226 9648
2 -3286 4044 892 -1039 3518 -12418
2 1514 17158 586 -7655 -10918 -25729
1 1050 -13024 -8000 13061 -24179 14264
1 7400 -13016 -14420 13265 17505 22170
2 7478 21054 -6250 -7672 5979 -19463
2 6184 14758 -5628 -5030 -2611 -6910
1 13804 -8444 -8562 9626 -2408 8432
1 5506 -8528 -7164 7594 -3873 851
2 4566 9628 -2770 -178 -2424 -1213
2 104 8084 -804 -586 1651 4055
1 1588 -7838 -4964 -34 2888 25
2 0 0 0 0 0 0
1 606 -7704 -4036 -4538 6900 942
1 968 -7184 -4072 -4259 419 -569
2 -1764 8374 268 1523 -3100 466
2 0 0 0 0 0 0
1 -212 -6826 -3620 -2294 -2213 96
2 900 6780 280 871 947 -1492
1 0 0 0 0 0 0

2 70 1744 210 626 1123 -2875
1 890 -1972 -2062 -1513 -1090 -1369
2 266 11238 92 -2175 -37 -155
1 308 -9370 -5352 2538 -1289 -1992
1 2796 -13458 -5040 2252 -1989 -917
2 3328 15826 -222 1251 -3557 -2599
1 12188 -17658 -3468 1665 7400 -2143
2 18468 22582 1260 2509 7280 9073
2 282 22494 1514 4577 -16490 18263
1 5226 -17034 -6670 6095 -6491 -17304
2 -3248 7878 1184 11360 -11177 10722
1 -952 -6420 -4288 -7570 -11994 -18051
2 -9182 4064 4718 9206 15451 11334
1 -10184 -6302 702 -12228 6761 -10811
1 -10856 -1804 3440 -7430 -1518 -2266
2 -14896 -1158 7416 6758 -4398 -1327
2 -7988 3838 3052 837 3075 -13220
1 -4648 -3566 -98 -5334 -5071 6017
2 5378 30212 -5312 -13739 -2802 -30666
1 7822 -9998 -10148 10497 -14086 16262
2 15648 27876 -974 -3051 7368 -14138
1 15176 -19804 -12908 17792 -383 16121
2 15936 12776 -1018 -2338 -8787 1056
1 6542 -11960 -8850 5694 1250 8269
2 -112 4994 -2138 -3930 6607 2735
1 -1918 -4678 -4716 791 -14905 -3626
2 0 0 0 0 0 0
1 2690 -3996 -3680 -2101 13681 1560
2 1096 11492 872 139 -3909 3378
1 1556 -9822 -5066 -2187 2455 -2955
2 -670 7558 484 4985 -15974 -2756
1 240 -7008 -4028 -4202 -6497 -3814
2 -3140 8174 860 2514 6726 -1142
1 -1154 -7834 -3996 -4088 2047 691
2 1304 8270 272 1594 10242 -156
1 412 -6922 -3716 -2543 1353 2140
2 776 7952 256 1741 1113 -2120
1 0 0 0 0 0 0
1 0 0 0 0 0 0
2 926 8002 240 42 1778 -575

1 -24 -3392 -3142 626 733 -740
2 -532 4374 -1852 3223 -2178 -1151
2 5254 8654 5140 1485 -10723 -936
1 1118 -10244 1004 1450 -8932 -4176
1 6928 -17608 2578 12686 -13236 -6599
2 10440 17594 6670 -9225 -15342 6178
2 9046 27038 -2840 -413 -9334 13793
1 12370 -22854 -9076 8575 -12234 -15185
2 -650 17470 -1406 12466 -16826 9970
1 -1458 -13390 -9230 -14266 -30990 -18472
2 -6456 8214 818 15806 -5954 2605
1 -3416 -6818 -4668 -19191 1048 1822
2 -7746 7494 3630 18188 8636 113
1 -5892 -8862 -1742 -22041 9481 5871
1 -5206 -6974 2658 -16304 3325 8207
2 -5620 7116 4908 14659 4627 -7376
2 0 0 0 0 0 0
1 -1534 -7290 3658 -5630 -4070 8449
2 2944 20510 2728 -10562 -1560 -26825
1 4624 -15964 -5546 2428 -11436 21044
2 9474 29640 -3428 -15804 -11185 -18491
1 19226 -17050 -10622 10903 -2662 21517
2 5500 18524 -4222 -9955 -8112 -4790
1 7636 -17698 -10920 9587 -7687 10046
1 3070 -7346 -3854 4159 -8371 2422
2 -2732 7808 -2778 -7818 6694 2526
2 2516 5714 -2092 -3111 5616 -74
1 1640 -4006 -3692 952 -545 1076
2 0 0 0 0 0 0
1 0 0 0 0 0 0
2 -234 9658 -656 3256 -6530 781
1 1328 -8458 -4550 300 -9208 -4048
1 -1046 -8604 -4218 -5969 4537 1037
2 0 0 0 0 0 0
1 0 0 0 0 0 0
2 -308 9250 1036 8120 7325 -85
2 -250 8024 672 6352 1044 -1202
1 128 -7420 -3710 -4620 -1771 -1646
2 -178 7518 544 2630 3130 -869
1 478 -7216 -3404 -3083 301 -58

1 -1012 -6740 166 4254 -7517 -3013
2 0 0 0 0 0 0
2 7472 12896 2980 -6849 174 5713
1 1522 -16148 -3526 7957 -11304 -3634
1 15548 -19918 -3472 12344 611 -9423
2 12962 28294 4648 -5799 -18971 9094
2 -1768 24664 -2672 14981 -27170 14102
1 6580 -19752 -13674 2368 -16198 -23636
2 -4014 8314 1330 19402 -11214 -893
1 188 -8924 -5224 -13489 -13671 -14499
1 0 0 0 0 0 0
2 0 0 0 0 0 0
1 -11124 -9760 -2978 -11825 1582 7414
2 -13122 6048 7324 9703 -4323 -9520
2 -2616 12220 5938 4082 4560 -21692
1 -1514 -11840 2452 -11917 -7123 19418
2 5166 22820 6552 -6163 19043 -27368
1 12112 -21198 -410 -8920 3187 27799
1 13876 -25466 -9582 18510 -12656 18720
2 14644 27466 4974 -14010 -6301 -20316
2 5314 20604 484 -13523 -10387 -6432
1 8474 -16478 -11476 19044 -24765 -1030
2 602 9562 -1226 -10921 -10755 -488
1 -350 -8674 -5426 10896 -6352 -4069
1 -344 -5524 -5870 4450 1072 -1649
2 -994 7524 -1662 -6266 -3693 2356
1 0 0 0 0 0 0
2 -1170 9372 -1688 -1 -2636 1578
2 -1164 8900 -706 7652 -1551 -3204
1 0 0 0 0 0 0
1 386 -10068 -2586 -7289 -49 2382
2 -1460 12218 2160 11969 7684 -3452
1 -28 -10176 -3184 -10140 2270 3792
2 -416 9878 1936 10308 83 -3933
1 -58 -9910 -3452 -10916 11229 5241
2 -234 9926 3716 7223 12343 -1618
2 536 8136 1556 7819 7284 -1372
1 1298 -7738 -3244 -8274 6604 2317
2 684 6090 636 3160 166 -1550
1 1012 -5978 -2860 -3502 383 1009

1 0 0 0 0 0 0
2 -182 5078 -104 -2378 -4139 -244
2 1754 4146 -500 1284 -6615 -885
1 1550 -2448 -2550 2308 -1834 -1880
2 11464 20228 -7790 2433 -20790 2963
1 5076 -14078 -9246 4217 -11348 -6719
2 -2212 25844 -12214 19860 -4395 11322
1 14920 -13618 -19898 -21069 1572 -14003
1 2044 -10244 -9556 -5921 6568 -14961
2 -682 15884 -534 13012 1726 11281
1 -1682 -4830 -2206 -3033 5455 -10727
2 -3552 2214 2364 7926 7555 7474
1 0 0 0 0 0 0
2 -6460 660 7816 2362 3722 8947
1 -8922 -1834 3316 -4405 -2830 4041
2 -10456 -398 7038 -5709 7753 -4320
1 -2986 -9448 -3818 -3116 -8785 11808
2 -6852 14370 3790 -4542 6051 -19053
2 6844 32688 -2876 -11445 25195 -24613
1 14590 -11788 -12754 9159 -1643 18594
2 12074 18752 -3170 550 -19636 -10305
1 11690 -13532 -14252 9574 -14902 7693
1 6156 -7246 -8848 9159 -6307 2674
2 2958 5616 -4190 -1445 -7481 1902
1 3280 -3670 -5812 2126 3961 2044
2 -1512 4606 -1882 -1066 9914 4448
1 1630 -7830 -3960 -2003 14259 2585
2 -152 8374 976 338 7179 5459
2 282 8240 -482 2968 -9417 1519
1 2194 -7394 -4436 -2768 -580 -3380
2 -2742 7046 826 1762 -6445 -3755
1 -560 -6696 -3784 -3462 -3279 -2216
1 138 -7226 -3894 -1629 275 -498
2 -1448 7764 828 -736 7903 -1239
2 0 0 0 0 0 0
1 0 0 0 0 0 0
2 13292 14592 -3046 -335 3955 -1127
1 680 -7556 -3894 584 6015 4605
2 -254 8804 -870 -469 1017 -63
1 5070 -6846 -3324 803 5270 2111

1 -40 -5658 -3148 -2196 1847 1784
2 -1330 7166 760 806 2331 758
1 496 -6872 -3442 -1510 1992 1481
2 2256 8256 634 3444 -7642 -1252
2 5086 16068 -5836 2439 -6842 -2781
1 13138 -12988 -3736 719 6271 -633
2 6298 28646 -1706 8262 4819 8996
1 16080 -25514 -7502 -3011 1753 -16175
1 5544 -12302 -8306 2616 -9256 -25165
2 2174 12302 -1544 5476 -19 22355
2 0 0 0 0 0 0
1 -6096 -6880 -4906 -2219 -1567 -18318
2 -13576 -220 11340 3078 1953 12829
1 -18090 -4184 2834 -6429 16965 -4873
2 -12042 -920 6432 -2205 2102 -6209
1 -10716 -2630 116 -6835 -1668 6548
1 -3006 -9982 -6384 -1274 -16106 14016
2 -6776 18946 4058 -6424 7463 -23210
2 4392 32767 -46 -12880 11821 -26207
1 11688 -24732 -15416 15308 -4447 26926
2 13646 20200 -7112 -4785 -12172 -8101
1 11468 -16710 -9274 8487 -7347 10736
2 498 10272 -4858 444 4710 5100
1 12400 -4170 -4130 442 -26008 -6294
1 1450 -4130 -3816 -1206 10266 1173
2 -940 6466 -316 3135 5542 5689
2 -860 10028 874 3083 -2043 4869
1 858 -9360 -5064 1663 2235 -2889
1 -602 -7054 -3590 -2978 -8549 -3898
2 0 0 0 0 0 0
2 -2120 8446 384 -1627 7349 -2319
1 0 0 0 0 0 0
2 578 8434 -86 -1345 6414 -3722
1 1234 -6634 -3232 -3674 3 1530
2 2266 8644 270 -674 4550 -3977
1 0 0 0 0 0 0
2 8792 9500 102 861 -61 2673
1 0 0 0 0 0 0
2 0 0 0 0 0 0
1 0 0 0 0 0 0

1 -932 -6268 -3030 -3283 -1288 -354
2 222 7354 1142 3413 -5588 -2412
1 8338 -9686 -4406 -453 -10851 -5725
2 2712 13732 -5972 609 -5303 448
2 20574 30382 -5770 3674 14522 13942
1 19852 -23194 -13204 4052 13443 -5387
2 -2592 21336 492 13436 -13360 18510
1 4678 -20094 -11706 -20 -5996 -24307
2 -2534 8554 2182 12558 -914 11760
1 -4120 -10428 -4130 -10112 3778 -15281
2 -15956 1780 9042 5174 3546 17458
1 -10256 -5250 6008 -10162 8775 -6728
2 -10326 -74 6586 2419 2795 -8469
1 -10412 -1370 7032 -3842 3727 3624
2 -7598 14898 3878 -4473 -3291 -23177
1 -4900 -11094 -2882 -631 -10561 12596
1 6826 -16470 -14110 13490 -8972 21447
2 6726 32767 970 -18566 16239 -29146
2 10086 19900 -6284 -7854 -14773 -10317
1 12794 -13244 -13218 12658 -5150 11649
1 8144 -6858 -8384 3676 -4958 2485
2 4330 9618 -3854 -90 -8458 442
2 774 9080 -744 5691 7179 3154
1 2212 -7030 -4608 -3914 12375 3048
2 0 0 0 0 0 0
1 1736 -6866 -3636 -4569 4513 -931
2 -536 6888 -158 3671 -1101 1151
1 0 0 0 0 0 0
1 -670 -8264 -4246 1178 1193 81
2 0 0 0 0 0 0
1 0 0 0 0 0 0
2 760 6798 210 -1867 555 -820
1 70 -6936 -3824 1904 3638 4592
2 910 7580 184 -5554 -349 -1284
2 914 9282 216 -8439 -2694 -1849
1 0 0 0 0 0 0
2 0 0 0 0 0 0
1 0 0 0 0 0 0
1 0 0 0 0 0 0
2 2560 9584 344 -648 -3197 287

1 14184 -10428 -6994 -7094 14120 -1448
2 -592 8468 -484 -641 -520 1020
1 10272 -12836 -10234 -12017 -17205 -29622
2 0 0 0 0 0 0
1 -5316 -9112 -10072 -19381 -3312 -20382
2 0 0 0 0 0 0
1 -2374 -5120 -5342 -24554 11155 8165
2 0 0 0 0 0 0
1 16326 6974 15878 -10269 29512 -5871
2 0 0 0 0 0 0
1 4584 1076 -5626 13249 -15221 -20064
2 0 0 0 0 0 0
1 -106 -566 -10390 -13024 6562 23857
2 0 0 0 0 0 0
2 0 0 0 0 0 0
1 19374 12532 17972 -1672 22013 1569
1 4956 -162 -5720 15880 -31890 -25391
2 0 0 0 0 0 0
1 6134 -550 -9284 -14414 17652 27953
2 0 0 0 0 0 0
2 0 0 0 0 0 0
1 21406 11988 18408 -6259 21866 602
2 -518 8938 -570 1652 -3997 -11
1 2480 4718 -6760 12180 -32178 -21271
2 -1116 7362 -914 744 1032 92
1 8938 1506 -5824 -12844 15611 22555
1 20018 11322 15364 1109 10079 -6753
2 156 8196 -894 544 1753 399
1 -9700 3282 -3600 6587 -19094 -14091
2 0 0 0 0 0 0
1 6800 2936 -224 -8268 4024 16575
2 -714 7516 -736 -824 3825 -220
1 21486 12046 8722 7305 14434 -3519
2 402 8546 -826 -155 900 -210
1 -4634 5666 -5110 6577 -21469 -16353
2 0 0 0 0 0 0
1 358 3854 -6894 -9059 7190 16674
2 0 0 0 0 0 0
1 12272 11872 9426 -9581 32767 3712
2 0 0 0 0 0 0

2 21454 -7564 1950 4968 24566 11630
1 3624 -6552 -3652 -21 -177 -1035
1 2996 -7014 -3764 766 -4298 -2543
2 2516 3658 -5008 5586 -32768 9535
2 -8916 -4502 -96 -9577 24615 -7497
1 2258 -6636 -3840 424 -2250 -904
1 3074 -6512 -3776 314 -66 313
2 17290 -8352 3396 -4803 32767 7054
1 0 0 0 0 0 0
2 790 -1074 -7152 938 -27575 7775
2 -19964 -5876 5162 -7118 10112 -5736
1 0 0 0 0 0 0
1 0 0 0 0 0 0
2 14982 -8084 186 -4330 32767 2320
1 0 0 0 0 0 0
2 2952 -1488 -5642 -2824 -24792 8484
1 0 0 0 0 0 0
2 -17584 -6978 10178 766 -20368 -5048
2 13584 -4952 -1916 -8752 32767 -4106
1 0 0 0 0 0 0
2 9640 -3426 -7054 -3961 -19825 7283
1 0 0 0 0 0 0
1 0 0 0 0 0 0
2 -13294 -4750 -1158 2943 -7161 892
2 9326 -3978 -2126 -2216 10327 -15344
1 0 0 0 0 0 0
1 0 0 0 0 0 0
2 13528 -3546 -8450 -3514 -9968 8008
1 0 0 0 0 0 0
1 0 0 0 0 0 0
2 -10264 -4740 -2550 3320 -10805 5965
2 1534 -2198 -5054 -2059 7438 -16740
1 0 0 0 0 0 0
2 18760 -5662 -7084 -2095 8939 9177
2 0 0 0 0 0 0
2 -3058 -3218 -4890 -1999 8447 -13369
1 0 0 0 0 0 0
1 0 0 0 0 0 0
1 0 0 0 0 0 0
2 15382 -7448 -3102 -1931 20417 3404

1 0 0 0 0 0 0
2 -72 8048 -966 -781 1443 -1234
2 142 8542 -1032 -911 2597 -648
1 0 0 0 0 0 0
1 3558 -6910 -3590 812 -2733 -984
2 1746 9970 -1450 281 -786 -52
1 13332 -12394 -9896 -8624 -15481 -13592
2 6404 18780 -6682 18125 -17643 2209
1 848 -4790 -6882 -18085 -32405 -23819
2 -11026 4744 -1774 27969 -11761 87
1 -12350 -4896 -6524 -20003 15920 6854
2 -10584 5324 -2134 15347 20545 -7696
2 7916 1012 2056 9986 18908 -12145
1 4510 -5138 -1090 -20900 17762 21682
2 12404 -272 -3664 1295 -18781 14025
1 16936 6074 6160 2330 5512 -14590
1 -3780 134 -8700 10201 -20269 -20610
1 2886 2452 -4514 -9186 5772 19385
1 19772 12302 6326 2051 8942 -5586
2 -16522 -5486 2336 7610 -20928 3769
2 8462 -1886 -2678 -4713 12818 -19416
2 18104 -3230 -8692 -5943 -11179 10154
2 -9404 -6926 756 9390 -32768 1322
1 -9584 3608 -7122 6209 -21510 -15552
1 4050 3524 -5248 -7735 6675 18528
2 3170 254 -6212 -7758 21339 -15009
1 19340 12384 2716 240 17479 -2211
2 14900 -6602 -8356 -2747 28738 11582
1 -4240 3722 -6290 6585 -25677 -16881
2 -1782 -2712 -7036 5318 -26314 5153
1 2112 3832 -7712 -7060 11742 16400
2 -5464 -2238 -4532 -5955 19608 -10016
1 14576 12378 5448 -4961 29943 799
2 13708 -5112 -2442 -2216 32767 9666
1 1292 3776 -4034 10442 -11947 -12255
2 880 -1262 -7274 1989 -20773 6756
1 -4574 3190 -8730 -5316 6718 12811
2 -11490 -3746 -3416 -3404 10241 -6882
2 11410 -8488 -1664 -2913 23235 2124
1 9692 9904 6730 -5011 24700 4691

1 2724 -6646 -3662 -270 -590 408
2 44 7924 -968 -639 2143 -1190
2 22 8376 -1068 -1468 2849 -240
1 3008 -6730 -3806 520 808 1154
1 3786 -6364 -4398 817 5130 2543
2 0 0 0 0 0 0
1 16480 -6974 -7786 -1686 9510 -4184
2 0 0 0 0 0 0
2 0 0 0 0 0 0
1 16698 -12194 -6684 -6591 15289 -16343
2 -908 8968 -1456 367 4162 -241
1 13284 -14328 -2424 750 19047 -19021
2 0 0 0 0 0 0
1 4706 -11498 388 7836 9701 -17381
1 -1378 -6452 1436 10318 8223 -10758
2 0 0 0 0 0 0
2 -684 7538 -708 813 261 -1024
1 0 0 0 0 0 0
2 0 0 0 0 0 0
1 -3694 -2850 -4308 16997 5421 4785
1 -74 -5772 -10168 17920 4324 14785
2 0 0 0 0 0 0
1 8138 -8554 -12884 12425 6436 22708
2 0 0 0 0 0 0
1 14226 -10120 -10246 5058 6432 22589
2 0 0 0 0 0 0
2 0 0 0 0 0 0
1 13328 -12220 -6206 -7480 15125 16527
2 0 0 0 0 0 0
1 7068 -9654 -1842 -11611 7300 7121
1 3550 -8132 -920 -10884 10977 4877
2 0 0 0 0 0 0
2 0 0 0 0 0 0
1 3612 -7010 -2286 -6328 7438 2179
1 3072 -5778 -2840 -1654 1784 1547
2 0 0 0 0 0 0
2 0 0 0 0 0 0
1 3210 -5750 -3794 2384 -4153 1405
2 0 0 0 0 0 0
1 0 0 0 0 0 0

2 10706 17030 -3062 7911 1706 15913
1 2270 -7328 -4646 129 255 2108
2 8028 17594 -32 9255 -688 20634
1 3886 -7346 -4452 -839 7557 3109
2 2610 10730 3362 7921 156 22097
1 4474 -6846 -3178 -2390 -1469 -2648
1 2846 -7474 -3294 -2186 -9996 -6525
2 202 2658 4986 -3006 -508 18798
1 0 0 0 0 0 0
2 0 0 0 0 0 0
1 986 -5114 -3500 3110 -3589 -1432
2 0 0 0 0 0 0
2 -5418 9532 -2116 -24379 8952 -2254
1 0 0 0 0 0 0
1 1466 -9468 -6358 5836 6171 3189
2 -1716 17342 -8306 -20223 15524 -11171
2 3720 21020 -4700 -2178 12484 -16757
1 3372 -8012 -5482 367 11774 2660
2 7940 16758 -56 7595 10114 -13436
1 3534 -6656 -3872 -3958 1870 -1856
2 2026 8598 380 6243 30 -9337
2 -182 7170 676 -590 14660 -2548
1 0 0 0 0 0 0
2 1760 7720 -1282 -2511 4822 -2019
1 2438 -6330 -3576 -2408 86 -1863
1 0 0 0 0 0 0
2 0 0 0 0 0 0
1 0 0 0 0 0 0
2 0 0 0 0 0 0
1 0 0 0 0 0 0
2 0 0 0 0 0 0
1 0 0 0 0 0 0
1 0 0 0 0 0 0
2 0 0 0 0 0 0
2 0 0 0 0 0 0
1 0 0 0 0 0 0
2 0 0 0 0 0 0
1 0 0 0 0 0 0
1 0 0 0 0 0 0
2 0 0 0 0 0 0

1 4010 -6314 -3104 -509 1152 822
2 -1624 8078 -1088 -1253 3285 280
2 3240 9626 -5600 -1148 9019 3232
1 8980 -6252 -4096 230 10283 1529
1 13416 -9534 -5710 -1539 7196 -8077
2 5370 16588 -8106 8789 5364 7076
2 5384 18910 -3484 16512 2131 12126
2 4914 16458 696 18853 1811 14969
1 13400 -13416 -3100 -2584 7265 -17292
1 10296 -14058 50 -2871 8457 -22448
1 4034 -9300 2504 1636 9205 -19760
2 2698 6814 3696 13178 5669 17138
1 -592 -4594 994 6789 11580 -9844
2 1142 2144 3148 -79 7933 15833
2 -1138 3220 2066 -16164 8267 13062
1 -1314 -5098 -1796 15564 13689 4164
2 -5362 10190 -1902 -26680 4540 6733
1 1574 -7482 -10636 18047 7572 16778
1 5786 -7296 -14192 17438 -1612 21873
1 11538 -13110 -15558 8180 2119 24572
2 -5988 14168 -7356 -26614 1692 -6112
2 -1364 21578 -8772 -19610 18394 -12787
2 4684 21296 198 839 23030 -13105
1 0 0 0 0 0 0
2 5612 12642 4420 8631 16387 -7049
1 5944 -12208 1762 -13939 18135 7118
2 984 8076 832 6699 4941 -2538
1 3232 -7984 -1238 -11068 7645 918
2 148 6710 284 2362 5175 -179
1 3328 -6502 -2574 -5217 4290 -236
2 0 0 0 0 0 0
1 2606 -5484 -2698 -494 -616 67
1 3838 -5634 -4088 3430 -5457 862
2 0 0 0 0 0 0
2 0 0 0 0 0 0
2 -774 8512 -2450 -2077 -871 415
1 3038 -6200 -5330 3927 -2115 1054
1 0 0 0 0 0 0
1 0 0 0 0 0 0
2 0 0 0 0 0 0

1 4152 -7890 -2530 1131 -12420 -3744
2 0 0 0 0 0 0
1 2240 -8470 346 5472 -25765 -9740
2 0 0 0 0 0 0
1 6934 -9812 -3518 5932 -14035 -14237
2 0 0 0 0 0 0
1 6330 -10496 -9888 -239 -20256 -20354
2 0 0 0 0 0 0
1 3182 -11636 -16990 -12002 -21096 -14743
2 0 0 0 0 0 0
1 0 0 0 0 0 0
2 -1006 8300 -596 698 -2134 125
1 -5472 -8934 -6644 -21439 -308 7900
2 0 0 0 0 0 0
1 0 0 0 0 0 0
2 0 0 0 0 0 0
1 0 0 0 0 0 0
2 0 0 0 0 0 0
1 3554 -8542 -626 -6897 -7962 16651
1 13658 -10094 2982 -2329 -13791 19082
2 0 0 0 0 0 0
2 0 0 0 0 0 0
1 16182 -13082 -762 4458 -10452 21059
1 13070 -11700 -4624 6882 -6006 14219
2 0 0 0 0 0 0
2 0 0 0 0 0 0
2 -962 7656 -1446 -2782 -1614 1222
1 8664 -8198 -4188 3051 -5193 5915
1 4406 -7232 -4356 3138 -8714 872
2 0 0 0 0 0 0
1 0 0 0 0 0 0
2 0 0 0 0 0 0
1 2772 -7324 -4678 -474 -4158 -2008
2 0 0 0 0 0 0
1 0 0 0 0 0 0
2 0 0 0 0 0 0
1 0 0 0 0 0 0
2 0 0 0 0 0 0
1 0 0 0 0 0 0
2 0 0 0 0 0 0

2 2572 9676 1658 -544 -9686 2418
1 3602 -7426 -3836 656 -2497 -968
1 3002 -7428 -3480 -674 -5245 -2499
2 5410 12384 1246 -293 -16763 7043
1 0 0 0 0 0 0
2 3462 15718 -1780 10270 -26283 7051
1 2398 -6266 -3488 2011 -574 -145
1 2576 -6188 -4156 4249 -3389 -407
2 0 0 0 0 0 0
2 -11660 10666 -3698 18528 -5880 -8863
1 1412 -7206 -5626 3496 1530 740
2 0 0 0 0 0 0
2 0 0 0 0 0 0
1 0 0 0 0 0 0
2 0 0 0 0 0 0
1 0 0 0 0 0 0
1 2344 -7616 -3904 -7259 679 -374
2 626 7718 894 -2523 -6895 -22201
2 7840 14006 -2230 -9624 -197 -18236
1 0 0 0 0 0 0
2 5542 18412 -5404 -17499 -7521 -15088
1 3320 -6806 -2736 -1758 -1716 -1522
2 5802 16828 -5358 -15069 -5059 -7843
1 3302 -5172 -3128 3381 -4188 -593
2 1318 12140 -3046 -8220 -6255 -3275
1 2278 -5396 -4870 7154 -4196 -378
2 -682 10130 -2164 -4299 -6521 -797
1 0 0 0 0 0 0
2 -450 9170 -1840 336 -5763 -171
1 3892 -7738 -4984 4441 4134 1288
2 0 0 0 0 0 0
1 3062 -7336 -4506 -8 -1164 -963
2 0 0 0 0 0 0
1 0 0 0 0 0 0
2 0 0 0 0 0 0
2 0 0 0 0 0 0
1 0 0 0 0 0 0
1 0 0 0 0 0 0
2 -156 7308 -320 1508 3735 -788
1 0 0 0 0 0 0

2 3758 9812 2742 5068 -22865 -1000
1 4266 -7962 -2472 1484 -25734 -9680
2 3602 12284 -698 4629 -16032 7559
1 6332 -7654 -2936 3519 -13048 -11687
2 -1088 15918 -3810 13810 -26243 8661
1 8382 -10656 -8942 3398 -15185 -20214
1 4238 -11790 -14390 -8130 -19319 -18424
2 -9340 14314 -4876 19068 -19524 -3301
2 -12506 10958 -2564 17618 -1083 -12493
1 0 0 0 0 0 0
1 -6346 -7270 -9698 -22984 -4419 1750
2 -9126 7382 208 13676 5142 -16858
1 -3460 -5566 -3316 -19227 2269 7099
2 0 0 0 0 0 0
1 -634 -6064 -1774 -14107 -5427 8952
2 908 3792 3562 4269 4458 -18745
2 744 6460 2118 -3582 -5486 -19193
1 512 -6956 -1602 -7375 -14458 12904
2 4898 12704 -548 -12140 -3474 -17165
1 7130 -10678 -978 -1375 -12831 19093
2 7302 19594 -7602 -17436 -7483 -13871
1 16404 -13892 -2612 3980 -9263 21153
2 3590 15216 -8670 -17096 -9883 -7279
1 13946 -11810 -6428 8116 -7872 16958
2 -38 12428 -4982 -13261 -10166 -1796
1 8366 -9074 -5938 8783 -10692 9523
1 5640 -7932 -5332 6366 -7436 3197
2 -290 11214 -3216 -7438 -9868 -87
1 4084 -7078 -4970 2252 -5287 -1542
2 -2270 8828 -2292 -489 -4954 467
2 0 0 0 0 0 0
1 0 0 0 0 0 0
1 0 0 0 0 0 0
2 -1144 9510 -182 6950 2332 -2394
2 0 0 0 0 0 0
1 0 0 0 0 0 0
2 -666 7438 -22 4681 3495 -2348
1 2026 -7024 -3584 -5403 879 -1004
1 2228 -5776 -3182 -2092 2271 1008
2 -158 6868 -572 678 3019 -840

2 -634 8382 -822 790 -1192 -281
1 2892 -7134 -3906 489 -1360 -61
2 -1296 8018 -180 2278 -3293 -1009
1 0 0 0 0 0 0
2 -2926 7950 540 3788 -4270 -1149
1 1394 -7912 -4894 -2627 -6863 -4001
1 12420 -3244 3496 -832 6638 5456
2 10348 11504 -6876 -3515 265 -5021
2 25794 32767 -7664 7505 -18481 22868
1 32767 -25222 4494 18407 -10014 -24926
2 0 0 0 0 0 0
1 12710 -29980 -10256 10017 8589 -29717
2 -26684 3344 20964 4622 6426 18369
1 -21788 -11894 -3864 7270 12978 -11159
1 -21012 -10960 -13790 -4593 -2347 20279
2 -21276 1642 8368 -7981 1625 -14986
1 866 -24916 -7674 -9702 -5957 29606
2 -9002 19658 6306 -13912 1154 -27700
1 20640 -32768 -7090 -10332 -10427 27520
2 7852 32767 -2252 -14545 4808 -28947
1 840 -11578 -1352 -1390 8907 -1102
2 8752 2606 -4798 6315 3498 867
2 -3684 5040 2458 6802 4268 4961
1 2416 -7272 -5310 723 11413 -2725
1 -1088 -6552 -4976 859 245 -2533
2 -3776 6314 1568 1277 -1628 1500
2 0 0 0 0 0 0
1 0 0 0 0 0 0
1 3274 -7042 -3466 -1101 -6834 1351
2 0 0 0 0 0 0
1 0 0 0 0 0 0
2 0 0 0 0 0 0
1 0 0 0 0 0 0
2 716 8708 -1430 129 1222 -917
2 316 8354 -1176 435 808 108
1 4294 -6746 -3280 -1016 1349 455
1 0 0 0 0 0 0
2 0 0 0 0 0 0
1 0 0 0 0 0 0
2 0 0 0 0 0 0

1 0 0 0 0 0 0
2 -1504 8222 -508 794 1798 -357
2 0 0 0 0 0 0
1 2050 -6882 -1990 1108 -5508 -2610
1 2106 -6808 -3702 2145 -443 -177
2 -1142 8094 -640 -442 3697 -121
2 0 0 0 0 0 0
1 0 0 0 0 0 0
2 0 0 0 0 0 0
2 0 0 0 0 0 0
1 0 0 0 0 0 0
2 0 0 0 0 0 0
2 0 0 0 0 0 0
1 0 0 0 0 0 0
2 0 0 0 0 0 0
1 0 0 0 0 0 0
1 0 0 0 0 0 0
1 0 0 0 0 0 0
1 0 0 0 0 0 0
2 0 0 0 0 0 0
2 0 0 0 0 0 0
1 0 0 0 0 0 0
1 0 0 0 0 0 0
2 0 0 0 0 0 0
1 2220 -7350 -4052 195 1666 2010
2 0 0 0 0 0 0
1 0 0 0 0 0 0
2 0 0 0 0 0 0
2 0 0 0 0 0 0
1 0 0 0 0 0 0
1 0 0 0 0 0 0
2 0 0 0 0 0 0
2 0 0 0 0 0 0
1 0 0 0 0 0 0
1 0 0 0 0 0 0
2 0 0 0 0 0 0
2 0 0 0 0 0 0
1 0 0 0 0 0 0
2 0 0 0 0 0 0
1 0 0 0 0 0 0

2 -672 8086 -586 386 216 16
1 0 0 0 0 0 0
2 0 0 0 0 0 0
1 3450 -7160 -3442 213 -3050 -1587
1 2088 -7232 -3194 -361 -7818 -3133
2 0 0 0 0 0 0
1 1918 -6578 -3668 1634 557 443
2 532 9962 -446 1749 -990 -453
2 2244 7156 8446 2693 -32768 -4282
1 0 0 0 0 0 0
2 4578 16444 790 1991 -19474 8754
1 3186 -7422 -4114 1405 1205 636
2 -3908 18526 -3826 23158 -32768 3033
1 2090 -7394 -4080 -718 -5768 -1139
1 1664 -6496 -3760 -1935 5487 3013
2 -11796 16470 -4510 25204 -5381 -10320
1 2512 -6468 -3878 -106 1199 1050
2 -10430 11680 1630 19328 11726 -14771
1 2096 -6984 -4422 -297 6999 1768
2 -3186 7474 2898 15305 8599 -15365
1 0 0 0 0 0 0
2 -880 3596 3980 7932 -3010 -17207
1 0 0 0 0 0 0
2 -396 6632 2472 -3355 -14057 -21703
2 3722 12538 204 -13131 6912 -14354
1 0 0 0 0 0 0
2 8564 18084 -4898 -17347 -2329 -16501
1 3142 -7086 -3092 -954 -468 -1691
2 7504 18640 -6108 -13359 4854 -8521
1 0 0 0 0 0 0
1 3212 -5098 -4284 4517 -1524 954
2 2998 10884 -2946 -5246 -3147 -5315
1 0 0 0 0 0 0
2 1230 8548 -2234 -4730 -10552 -2076
1 3518 -7264 -4430 3945 -58 1231
2 -1142 9370 -952 -2326 -15260 -32
2 -2504 8998 -732 2729 -8506 -2982
1 3038 -7240 -4450 1619 -715 213
1 0 0 0 0 0 0
2 0 0 0 0 0 0

2 -2916 8456 -978 -1941 4836 393
1 0 0 0 0 0 0
1 10752 -6040 -6224 195 9033 -102
2 2800 12618 -8990 1455 10981 3881
1 13588 -8720 -7128 -4129 9442 -8895
2 7228 18132 -7456 12867 2589 9631
1 14132 -14960 -4124 -4194 10057 -18125
2 7424 21114 -1444 17104 2374 16357
1 8816 -14358 748 -1240 6930 -23890
1 1546 -9192 1078 4874 7827 -18372
2 2426 12442 3822 16203 520 18351
2 194 4974 4234 4045 2671 18367
2 0 0 0 0 0 0
1 -3360 -6040 496 11093 10964 -6803
1 686 -9532 -7302 18739 17179 11859
2 -4748 10214 -922 -24231 7925 12188
1 -240 -7154 -15468 23325 -3692 15171
2 -10968 10012 -7332 -24828 -5099 -1695
2 -5102 20292 -11318 -22521 16853 -13095
1 11142 -11580 -18266 12188 6713 28389
1 14962 -15306 -6112 -8259 16963 20968
2 4652 21340 2286 -4130 22406 -11930
2 5804 12284 5186 5877 14431 -7795
1 5090 -13358 4644 -11099 14168 8860
1 2926 -8950 -1808 -7182 4106 3063
1 0 0 0 0 0 0
1 3066 -5810 -2684 -1401 279 -54
2 1194 9930 1322 4740 10172 -3090
2 1044 7758 326 4117 6551 -1612
2 326 6236 -454 -95 1155 -341
1 3166 -6114 -3584 2529 -2972 79
2 -1032 7580 -1466 -3578 -3639 -183
1 0 0 0 0 0 0
2 0 0 0 0 0 0
1 0 0 0 0 0 0
2 -422 8616 -1398 -2531 -267 1090
1 0 0 0 0 0 0
2 0 0 0 0 0 0
1 0 0 0 0 0 0
2 0 0 0 0 0 0

1 0 0 0 0 0 0
2 -650 8170 -606 501 222 -68
1 0 0 0 0 0 0
2 0 0 0 0 0 0
1 0 0 0 0 0 0
2 0 0 0 0 0 0
1 0 0 0 0 0 0
2 0 0 0 0 0 0
1 0 0 0 0 0 0
2 0 0 0 0 0 0
1 0 0 0 0 0 0
2 0 0 0 0 0 0
1 0 0 0 0 0 0
2 0 0 0 0 0 0
1 5092 -6338 -4726 -134 2957 -104
1 4094 -7932 4246 6818 -20218 -7634
2 0 0 0 0 0 0
2 228 9472 -746 1414 -1144 -341
1 20248 -14250 -3370 6664 -26135 -21046
2 -180 8256 -480 4092 -4889 -1398
1 9684 -24016 -22866 -11526 -27643 -32768
2 0 0 0 0 0 0
1 -9442 -19084 -12918 -30693 -10087 -5331
1 -1250 -15092 -4504 -27086 3347 8268
2 -1380 5704 -1546 -2542 -4070 -298
2 -2044 7762 -1152 -5379 13689 6238
1 -7650 -13808 882 -15829 -11605 13693
2 936 9684 -1776 -19 -2460 1385
1 3638 -12648 -1250 -9898 -18348 17563
2 -1864 7806 32 4914 -3111 -3427
1 14312 -17828 1820 -5970 2997 25100
2 1136 9740 1420 5433 -3547 -3500
1 15068 -20012 -3272 8624 -11000 20847
2 -898 7752 -222 2116 1900 -2884
1 10084 -10252 -3712 5304 -14173 7348
2 1728 6710 -1214 -1880 2595 -166
1 5916 -7318 -4520 5066 -6271 1953
2 -478 8174 -1336 -4481 -5106 721
1 0 0 0 0 0 0
2 -1432 9476 -1724 -3636 527 1897

1 4548 -6884 -5344 2779 2934 2461
2 -806 9074 -5280 -4065 12791 3009
1 12782 -7170 -8660 -1355 5817 -2354
2 962 15044 -10076 3799 11857 3911
1 15396 -14458 -6226 -8096 7497 -14886
2 7366 22662 -4436 16650 7651 12088
1 11808 -19508 -2448 -6239 10424 -23847
2 5364 22662 2580 22695 458 17041
1 5694 -16180 -1096 -5242 3353 -29311
2 1178 12610 5454 19585 1952 18507
1 -1778 -7284 2304 581 12168 -16903
2 -76 4178 2524 2993 9115 17729
1 -1936 -5872 -772 10279 21148 2687
2 -1984 5226 2486 -15991 13617 14303
1 -2248 -7814 -9948 20075 6693 15412
2 -9520 7392 -838 -23354 788 12265
2 -8456 17140 -4694 -30330 3893 -5422
1 1552 -11388 -15492 23739 -2828 23506
1 14818 -15038 -18460 8817 6740 28536
2 568 27238 -7322 -20380 23960 -15026
1 14302 -15818 -2108 -10294 22069 22277
2 8756 17900 2582 -1054 30316 -10891
1 3686 -12114 2722 -15049 23729 7683
2 5678 10498 3846 4527 19957 -5594
1 3028 -7558 -1772 -8029 7281 986
2 -600 8028 526 3847 4746 -1545
1 2548 -6576 -2858 -2691 -699 -1235
2 836 7494 22 1280 2765 519
1 2882 -5860 -3124 774 -1700 -203
2 0 0 0 0 0 0
1 3478 -5952 -4012 3886 -1779 1089
2 0 0 0 0 0 0
1 2736 -6794 -5000 4752 4059 3241
2 0 0 0 0 0 0
1 5140 -7302 -4282 1507 1701 991
2 -672 8730 -1342 -1111 -524 278
1 3062 -7114 -3886 -642 -6066 -2474
2 0 0 0 0 0 0
1 2608 -6296 -3668 -245 -2617 -1332
2 0 0 0 0 0 0

1 -20338 -7596 -6098 -21492 16175 4480
2 10120 -2018 3550 8744 28989 -6614
1 264 -3816 11268 -20583 22333 19906
1 7904 5080 9652 19821 -25569 -15725
2 7582 -150 -5154 1275 -29325 9946
1 -19160 -4392 -958 65 -10798 -4457
2 -18296 -8246 12048 -3364 -785 -3043
1 3686 7210 15166 -6746 32767 11718
2 18872 -9358 26 -5476 32767 7965
2 2338 -1484 -8778 553 -31522 4243
1 6456 4452 -6634 10919 -19747 -15124
2 -13306 -3818 1098 -9381 20570 -5392
1 -2322 1408 -7606 -7610 17610 20175
1 18444 14168 8276 -5326 24346 -1430
2 15366 -6804 -1580 -1213 30900 7143
1 -3706 5300 -4006 6554 -32768 -17715
2 1700 -1078 -10426 2784 -30796 3259
2 -17674 -6924 6488 -11122 7067 -5397
1 7932 4292 -682 -5939 12497 18731
2 18580 -6996 -3602 -4937 32767 13140
1 17106 12694 3542 10541 -5277 -2483
1 -14250 464 9308 3168 -32768 -20516
2 2100 -1002 -11066 387 -32768 743
2 -14724 -5550 6064 -11369 32767 1806
1 10906 6948 3878 -3114 25171 18915
1 0 0 0 0 0 0
2 12220 -6612 -4084 -486 32767 8371
2 548 -2076 -8840 3227 -29981 1139
1 -8328 1230 -4438 -693 -9517 -2223
1 6192 8858 9706 -5318 12557 9296
2 -3492 -2428 -3982 -6014 21196 -8455
2 10766 -7112 -3738 -1462 27350 7492
1 7402 5984 -444 14578 -12858 -7376
2 -1728 -2078 -9344 3506 -25832 3206
1 -13530 -556 -4376 596 -7001 -800
1 7372 6196 7088 -5254 -665 13832
2 -6100 -2782 -5148 -3072 17454 -7318
1 9804 8418 7452 15181 -15851 -5756
2 11996 -5998 -1850 -1002 26107 4772
2 234 -1958 -7216 -3660 -18032 7513

1 3606 -6478 -3688 533 -365 1765
2 234 8256 -1134 -716 -975 -801
1 4534 -6804 -3892 1465 -847 571
2 114 9106 -1356 -127 -1390 -442
1 6412 -8358 -1752 2773 -7762 -4445
2 6668 8398 3430 1473 -9090 -804
1 3644 -10476 1180 10102 -27344 -15672
2 5900 12602 2710 3702 -27253 5790
2 618 17230 -3086 14256 -29669 6973
1 11026 -11642 -7884 5391 -15975 -21198
2 -9342 17116 -5504 21642 -14911 -2682
1 6238 -14442 -16100 -9702 -22956 -21966
1 0 0 0 0 0 0
2 -12908 12074 -648 19907 1292 -12412
2 -6746 9956 934 14615 29 -21271
1 -3068 -10436 -6086 -24525 -1473 2750
2 -4088 7996 3414 6664 4465 -21878
1 206 -7500 -2748 -17780 -1539 5347
2 -514 5508 2868 1327 2697 -19790
1 0 0 0 0 0 0
2 2362 10740 1038 -7195 721 -17604
1 5680 -8378 1240 -4429 -9329 16556
2 7894 15962 -1100 -14238 -4947 -20062
1 12592 -12484 270 1443 -9524 24239
1 17220 -15310 -3112 6935 -6502 22442
2 7786 22172 -6832 -20582 -7172 -14388
1 12306 -11266 -3882 6890 -5503 12651
2 518 16112 -4888 -15203 -10516 -7835
1 5682 -8514 -4686 6281 -15104 2929
2 1352 12106 -2950 -6821 -8651 -4713
1 3974 -7070 -5402 4764 -4928 129
2 -824 8996 -2394 -1185 -9619 -1784
1 3548 -6884 -5266 877 -4465 -2089
2 -1018 8766 -1902 2605 -4542 -530
1 2774 -8066 -4774 -5291 -2927 -3274
2 0 0 0 0 0 0
2 0 0 0 0 0 0
1 0 0 0 0 0 0
1 1470 -7554 -2466 -4349 -2495 -1154
2 -1004 7960 844 5610 1391 -2206

2 -266 9056 -1180 339 -804 274
2 0 0 0 0 0 0
1 3648 -5610 -3174 -461 -204 2597
2 -1766 6692 -486 1247 -1225 -3538
1 30002 -12630 9748 8096 5733 -11192
2 29476 20608 -4464 5334 -7491 12623
2 13352 32767 -8632 9751 -8719 32699
1 32312 -26216 -7558 17412 7244 -27549
1 -624 -29708 -11722 4187 575 -28281
2 -9456 27650 10428 7097 -16007 26079
1 -32768 -2718 4320 1310 4435 -301
2 -25242 -9552 22242 -3266 4827 4032
2 -11774 14172 8292 -12509 6267 -21181
1 -5924 -17178 -8840 -1502 -3149 27264
2 1756 32767 878 -20370 22258 -21023
1 17440 -32768 -10340 -7296 442 29964
1 17364 -18766 -4394 -4912 4299 18600
2 13518 23006 -2456 -6577 5607 -13432
1 8828 -5412 -2380 -874 9563 -1690
2 6318 8838 -612 2586 20022 8544
2 -3622 8122 106 2856 -3579 2718
1 648 -6602 -5774 2102 3025 -3645
2 -3376 7084 188 659 2189 -92
1 2 -6700 -4542 945 -2781 -1799
2 0 0 0 0 0 0
1 0 0 0 0 0 0
1 0 0 0 0 0 0
2 0 0 0 0 0 0
2 0 0 0 0 0 0
1 0 0 0 0 0 0
2 624 7872 -1028 155 1513 -14
1 0 0 0 0 0 0
1 4042 -6384 -3036 1454 1446 -600
2 0 0 0 0 0 0
1 0 0 0 0 0 0
2 0 0 0 0 0 0
1 0 0 0 0 0 0
2 0 0 0 0 0 0
1 2332 -6740 -4214 1027 -526 37
1 0 0 0 0 0 0

1 0 0 0 0 0 0
2 2590 10198 -4974 -1898 15857 1842
1 0 0 0 0 0 0
2 7904 14980 -7176 5119 9521 7920
1 2006 -6854 -4284 -298 1126 2613
2 8440 19114 -4002 8605 7834 17923
1 3858 -7086 -4124 -642 7727 3986
2 5438 16894 1490 12247 -4842 19152
1 4534 -7250 -3530 -1772 -1812 -1607
2 2342 9574 2572 7917 8752 19758
2 1566 3710 2188 -4913 8657 15588
1 2824 -8580 -3710 -2120 -7946 -4496
2 0 0 0 0 0 0
1 1560 -6302 -3232 -236 -6100 -3201
1 1086 -5028 -3348 3053 -131 1045
2 -4950 2816 -740 -18467 -362 11907
1 1950 -6558 -4176 6338 2487 2673
2 0 0 0 0 0 0
1 3486 -9518 -5902 5172 6825 2505
2 -8364 11116 -7322 -22798 5496 -3898
1 2570 -7902 -4666 -2323 3295 -321
2 336 18736 -6904 -15300 20277 -10814
1 0 0 0 0 0 0
2 0 0 0 0 0 0
1 1422 -6878 -2788 -1753 -6064 -4894
2 838 14404 1638 790 14545 -11958
2 0 0 0 0 0 0
1 1572 -7318 -3398 -2102 -3002 -1984
1 0 0 0 0 0 0
2 622 7868 1044 2768 9001 -3526
1 0 0 0 0 0 0
2 698 6900 -804 -1012 2533 -1592
1 3828 -6204 -3548 2154 -4601 35
2 0 0 0 0 0 0
1 0 0 0 0 0 0
2 -732 8476 -1234 -5431 2783 2236
2 218 9060 -1108 -4087 -1028 1943
1 0 0 0 0 0 0
2 0 0 0 0 0 0
1 0 0 0 0 0 0

1 0 0 0 0 0 0
2 -1556 8482 82 -1843 3242 663
1 7262 -7292 -3408 1253 5199 1421
2 0 0 0 0 0 0
1 10850 -9190 -5774 -1848 3048 -5344
2 4684 14026 -6706 5992 3528 3665
2 5012 18290 -5644 13608 -481 9460
1 11720 -12236 -5364 -4387 5257 -13605
1 10690 -13418 -2272 -5316 8786 -19017
1 6860 -9650 2886 -1823 10002 -18996
2 4280 18000 -1338 18127 1391 13320
1 3250 -7638 3042 6406 10227 -14224
2 3942 9978 2338 15826 5327 15722
2 2992 5360 2554 1667 5161 16924
1 -1418 -6336 188 13100 15225 -2449
2 -226 5688 1722 -11432 6882 16274
2 -5238 7936 -962 -20229 4698 16660
1 -1528 -7796 -8072 24143 6052 8761
1 136 -9938 -16204 20173 -2413 17339
2 -12134 10146 -4528 -24152 -884 -375
1 11790 -10114 -13596 7408 9924 26422
2 -6200 15416 -8498 -21056 15120 -9822
1 16490 -13238 -6364 -4406 15206 20344
2 0 0 0 0 0 0
2 7760 17222 1786 3304 19997 -9171
1 9240 -10736 -356 -9761 13579 8765
1 3236 -8434 -260 -11064 3405 696
2 2846 11838 2644 7343 11540 -7185
1 1994 -7220 -2656 -5890 3614 -213
2 1226 8954 20 3951 12979 -3020
2 518 6720 -70 1608 1956 -2011
1 0 0 0 0 0 0
1 3770 -5030 -3210 -884 -3294 -259
2 0 0 0 0 0 0
2 0 0 0 0 0 0
1 0 0 0 0 0 0
1 0 0 0 0 0 0
2 0 0 0 0 0 0
1 0 0 0 0 0 0
2 0 0 0 0 0 0

2 -492 8086 -492 -226 -162 -1
1 3134 -6864 -4038 796 26 425
1 0 0 0 0 0 0
2 0 0 0 0 0 0
2 0 0 0 0 0 0
1 0 0 0 0 0 0
2 0 0 0 0 0 0
1 0 0 0 0 0 0
1 0 0 0 0 0 0
2 0 0 0 0 0 0
2 0 0 0 0 0 0
1 0 0 0 0 0 0
1 0 0 0 0 0 0
2 0 0 0 0 0 0
2 0 0 0 0 0 0
1 0 0 0 0 0 0
1 0 0 0 0 0 0
2 0 0 0 0 0 0
1 0 0 0 0 0 0
1 0 0 0 0 0 0
2 0 0 0 0 0 0
2 0 0 0 0 0 0
1 0 0 0 0 0 0
2 0 0 0 0 0 0
2 0 0 0 0 0 0
1 0 0 0 0 0 0
2 0 0 0 0 0 0
1 0 0 0 0 0 0
1 0 0 0 0 0 0
2 0 0 0 0 0 0
2 0 0 0 0 0 0
1 0 0 0 0 0 0
2 0 0 0 0 0 0
1 0 0 0 0 0 0
2 0 0 0 0 0 0
1 0 0 0 0 0 0
2 0 0 0 0 0 0
1 0 0 0 0 0 0
1 0 0 0 0 0 0
2 0 0 0 0 0 0

2 0 0 0 0 0 0
1 0 0 0 0 0 0
1 0 0 0 0 0 0
2 -286 8330 -1014 -1985 3655 690
2 5314 13596 -7464 -488 17198 5618
1 0 0 0 0 0 0
1 0 0 0 0 0 0
2 7974 18948 -6758 12403 5330 12527
1 4544 -7372 -4712 186 5036 3234
1 2622 -7018 -4470 -1117 1281 -598
2 5968 20076 -1102 11190 3964 21042
1 2382 -7054 -4066 -2127 -3489 -2940
2 3080 14140 1930 6144 6044 22822
2 -120 5826 2932 445 5001 18835
2 -1594 2812 2804 -12146 7208 16874
1 1348 -7428 -3772 -1608 -6925 -3308
2 0 0 0 0 0 0
1 648 -5768 -3518 -69 -4363 -515
1 0 0 0 0 0 0
2 -9324 7766 -676 -25020 5748 1559
1 1962 -8424 -5308 4318 3315 1558
2 -5226 16512 -8318 -25284 12486 -8989
1 0 0 0 0 0 0
2 1704 20386 -6038 -12014 15395 -14674
2 3684 17718 1670 -1433 17478 -14861
1 2894 -6850 -4106 -1797 4570 -836
1 0 0 0 0 0 0
2 1888 13010 1854 333 12367 -10301
1 0 0 0 0 0 0
2 0 0 0 0 0 0
1 2164 -6732 -3756 -295 -44 111
2 772 8848 374 1487 7197 -463
2 -190 7712 -246 676 -1218 -711
1 0 0 0 0 0 0
2 0 0 0 0 0 0
1 0 0 0 0 0 0
1 0 0 0 0 0 0
2 0 0 0 0 0 0
1 0 0 0 0 0 0
2 0 0 0 0 0 0

1 2706 -6832 -4176 -348 -272 359
2 -398 8258 -340 205 111 382
1 0 0 0 0 0 0
2 0 0 0 0 0 0
1 0 0 0 0 0 0
2 0 0 0 0 0 0
1 0 0 0 0 0 0
2 0 0 0 0 0 0
2 0 0 0 0 0 0
1 0 0 0 0 0 0
1 0 0 0 0 0 0
1 0 0 0 0 0 0
2 0 0 0 0 0 0
2 0 0 0 0 0 0
1 0 0 0 0 0 0
2 0 0 0 0 0 0
1 0 0 0 0 0 0
2 0 0 0 0 0 0
1 0 0 0 0 0 0
2 0 0 0 0 0 0
1 0 0 0 0 0 0
2 0 0 0 0 0 0
2 0 0 0 0 0 0
1 0 0 0 0 0 0
1 0 0 0 0 0 0
2 0 0 0 0 0 0
2 0 0 0 0 0 0
1 0 0 0 0 0 0
1 0 0 0 0 0 0
2 0 0 0 0 0 0
2 0 0 0 0 0 0
1 0 0 0 0 0 0
1 0 0 0 0 0 0
2 0 0 0 0 0 0
1 0 0 0 0 0 0
2 0 0 0 0 0 0
1 0 0 0 0 0 0
2 0 0 0 0 0 0
1 0 0 0 0 0 0
2 0 0 0 0 0 0

2 0 0 0 0 0 0
1 2826 -7088 -3580 84 -1481 -1484
2 0 0 0 0 0 0
1 0 0 0 0 0 0
2 0 0 0 0 0 0
1 0 0 0 0 0 0
1 4590 -8218 -534 3456 -10206 -5999
2 0 0 0 0 0 0
2 0 0 0 0 0 0
1 7238 -9804 580 7429 -18347 -12615
1 10756 -10750 -5744 4795 -14565 -19512
2 0 0 0 0 0 0
1 8786 -12420 -13600 -4221 -15421 -23384
2 0 0 0 0 0 0
1 -1868 -8642 -12864 -15434 -10578 -12881
2 0 0 0 0 0 0
2 0 0 0 0 0 0
1 -4056 -5890 -8940 -18607 -3543 -1707
1 -3630 -4428 -4078 -19218 -523 4079
2 0 0 0 0 0 0
1 -2552 -3292 -326 -16227 -3472 7115
2 0 0 0 0 0 0
2 -1388 8108 -324 -219 2853 -1102
1 0 0 0 0 0 0
1 6650 -9242 -1780 -3062 -11517 16734
2 212 8460 -868 597 1216 -981
1 11404 -10356 -2210 -1818 -7503 18522
2 -432 8500 -360 2848 -2633 -2016
2 158 7906 -376 727 660 233
1 14392 -12436 -2444 2328 -3635 17980
1 12252 -10284 -3222 4733 -4816 11081
2 -114 7668 -568 -1877 -1640 1925
2 0 0 0 0 0 0
1 6418 -8230 -3652 2818 -7145 4127
1 0 0 0 0 0 0
1 0 0 0 0 0 0
2 -868 8842 -662 -2251 -16 1669
1 2228 -7442 -4858 -282 -5141 -2461
2 0 0 0 0 0 0
2 0 0 0 0 0 0

2 -264 9068 -276 1326 3760 -538
2 0 0 0 0 0 0
1 5278 -7464 -5020 -2357 3882 -2202
2 0 0 0 0 0 0
2 7012 14720 -9160 8694 7895 5182
1 14058 -7664 -8250 -6412 10644 -5802
2 7146 19226 -7038 14976 2898 12823
1 15258 -11926 -5336 -4956 13186 -15476
2 4594 16438 124 18995 2601 15890
1 10748 -14164 -856 900 10316 -21103
2 3530 6730 5166 10230 4094 17282
1 2464 -9836 1496 5161 6948 -18227
2 -74 4108 3036 -3709 1725 17410
1 -748 -6236 294 10499 10178 -9064
1 -2190 -6076 -3006 19510 8391 -871
2 -4202 6740 2554 -16427 6152 18336
2 -9078 10190 -1558 -23654 -2822 9052
1 -7718 -11020 -8896 24727 4870 8836
1 1646 -10732 -17882 20520 4017 19097
2 -10676 15872 -7470 -26933 6562 -1054
2 0 0 0 0 0 0
1 13414 -13146 -12886 3030 13692 22188
2 4412 15624 1036 -300 18792 -12925
1 9510 -11868 -2248 -9234 12533 14387
1 5166 -9446 -2186 -8331 1293 4992
2 0 0 0 0 0 0
2 958 8190 1572 4562 5691 -3913
1 0 0 0 0 0 0
2 710 7302 -126 1924 5394 -1484
1 3756 -6912 -3146 -5421 5350 989
1 3088 -5716 -2998 -1817 532 343
2 608 6626 -1380 -2094 -1063 -945
1 4570 -5474 -4138 1852 -7657 -478
2 -1502 7782 -2814 -3170 -5922 144
1 1596 -5894 -5388 3197 -3093 250
2 -1826 8436 -2268 -2522 -1902 1224
2 -1362 8366 -1578 -1590 -767 996
1 2832 -6214 -4694 3045 5469 2251
1 3328 -7088 -4580 2836 2755 1630
1 3154 -7126 -4440 1151 -156 244

1 4364 -8078 574 4940 8514 -17377
2 2878 6716 2604 11329 3372 16062
1 558 -3822 452 6713 10885 -10889
2 1140 2298 2168 1413 8352 15072
2 -1132 2150 1744 -13172 5634 12928
1 0 0 0 0 0 0
1 -3368 -2616 -7806 18017 1828 6354
2 -4488 5690 -2454 -22973 3923 11551
2 -8322 11400 -7244 -25929 -2533 -2111
1 -2640 -3836 -11902 22100 -1950 14012
1 7872 -8990 -15822 17263 5117 22503
2 0 0 0 0 0 0
1 9822 -12192 -10454 2333 11626 22029
2 3396 21224 -5890 -8839 15554 -13277
1 11622 -9866 -1352 -8482 8362 11220
2 5910 16150 -1812 3000 18474 -10451
1 5762 -9318 -1118 -9556 10872 4821
2 3268 11112 -216 4412 13079 -6220
2 1084 6962 -172 1828 11393 -1779
1 4222 -6870 -3140 -6077 4165 224
1 3170 -6314 -3378 -3081 836 -606
2 946 6862 -768 -789 2399 -208
1 2886 -5998 -3236 -281 -1075 197
2 0 0 0 0 0 0
1 3222 -5940 -3410 2379 -752 1628
2 0 0 0 0 0 0
2 0 0 0 0 0 0
1 3482 -6620 -3852 4759 -328 2422
1 0 0 0 0 0 0
2 -704 9270 -1236 -3375 -1954 1253
1 3582 -7238 -4686 2447 321 1405
2 -750 8840 -1218 -581 -1616 319
1 3490 -6864 -4600 -16 403 292
2 0 0 0 0 0 0
1 0 0 0 0 0 0
2 0 0 0 0 0 0
1 0 0 0 0 0 0
2 0 0 0 0 0 0
1 0 0 0 0 0 0
2 0 0 0 0 0 0

1 1480 -6612 -4506 -1314 541 -1061
1 0 0 0 0 0 0
2 3280 13322 -5426 8965 3218 4876
1 11334 -8202 -5342 -2296 3173 -6109
1 13084 -11086 -7070 -6488 6789 -13488
2 5880 17242 -6106 15028 2016 10541
2 6722 17106 -2170 15935 1737 15646
1 11788 -12248 -2872 -4767 10978 -18322
1 5710 -11242 1566 432 7738 -20095
2 2882 8670 5926 14492 2106 21137
1 550 -4484 84 5927 10042 -14084
2 -2 3100 1832 -1573 8437 19494
1 -1098 -2012 -1274 11223 10322 -4896
2 0 0 0 0 0 0
1 -158 -3184 -3926 14090 10089 5439
2 0 0 0 0 0 0
1 -720 -3708 -8226 18186 58 12861
2 -6338 5868 -6106 -21035 1764 298
1 4930 -5264 -13846 14611 -5034 16787
2 -5564 12248 -10568 -19893 5455 -7472
1 11770 -9838 -11246 6248 7181 20748
2 1170 15956 -7060 -10220 12934 -12131
1 0 0 0 0 0 0
2 4128 15372 -252 -800 13795 -12315
1 5502 -9874 740 -6871 5202 6081
2 502 10150 672 1028 10284 -9652
1 4436 -8648 -1992 -7035 6531 3422
2 1152 8500 420 -661 13980 -3307
1 0 0 0 0 0 0
2 774 7914 -248 -668 11993 -1473
2 1620 7864 -1068 -1094 3617 -699
2 -168 7928 -1490 -1678 -2007 -115
1 3460 -6454 -2980 -4316 3370 593
1 3318 -6388 -3118 -1227 2133 271
2 162 8174 -1600 -786 -4553 -381
1 0 0 0 0 0 0
1 0 0 0 0 0 0
2 -1290 8204 -1552 -607 -2472 641
2 0 0 0 0 0 0
2 0 0 0 0 0 0

1 11248 -7118 -4996 -2283 4402 -4770
2 3612 11710 -6280 5249 5238 3302
1 13372 -9540 -5544 -3467 8486 -10464
2 4442 14424 -5816 9963 3922 7839
2 7428 15574 -4078 12326 393 13532
1 11538 -10860 -3222 -1771 7995 -16864
1 7640 -9956 -1066 839 7008 -18413
2 4814 11918 -92 13385 538 15630
2 3094 5406 1982 9017 3424 16864
1 3442 -6528 1180 589 11818 -15468
2 1532 1696 1626 -1372 7799 14724
1 -304 -3512 1320 4003 9395 -9524
1 -1432 8 214 10221 11448 1716
2 0 0 0 0 0 0
1 -1304 -1266 -5712 18318 5242 12333
2 -2612 2914 -3746 -17101 975 7069
1 5380 -1764 -10512 18118 -1902 17244
2 -4936 6930 -6580 -18632 604 104
1 10852 -5618 -11906 12580 2526 20134
2 -2190 9634 -8978 -17273 7524 -7200
1 11138 -7996 -8350 3023 4404 17258
2 0 0 0 0 0 0
2 5860 13838 -3688 -4094 15206 -8949
1 9730 -9380 -4362 -4117 6997 11613
2 0 0 0 0 0 0
1 6976 -8322 -1602 -6789 4287 4718
1 0 0 0 0 0 0
2 2886 8554 1052 3481 7182 -3975
2 966 9152 -692 2697 5826 -2097
1 0 0 0 0 0 0
2 272 8150 -744 2292 2575 -2219
1 3390 -6400 -3448 -2950 2071 1581
1 3388 -6692 -3536 -1921 -385 712
2 432 7502 -1288 412 1934 -771
2 0 0 0 0 0 0
1 0 0 0 0 0 0
2 0 0 0 0 0 0
1 0 0 0 0 0 0
1 0 0 0 0 0 0
2 0 0 0 0 0 0

1 12900 -8316 -5146 -2281 807 -8096
2 5056 14540 -9056 7398 4711 5356
2 5394 18540 -5290 14884 2819 10987
1 14642 -11412 -4432 -3907 8337 -14412
2 4742 15774 -1986 15978 1887 14404
1 10272 -12112 -2786 -2086 7637 -18629
1 6034 -8796 246 98 6231 -18867
2 3350 8828 1044 13252 2156 15267
1 2302 -4416 2784 3074 8338 -13340
2 2780 2482 2498 5327 2854 15651
2 0 0 0 0 0 0
1 -1136 -2778 720 5378 9163 -7454
2 -512 3150 -800 -14139 7689 10481
1 -1018 -1786 -720 11488 10689 4107
1 606 -2366 -7494 19901 3962 13128
2 -4838 5672 -4412 -19097 2690 6059
2 -6714 9502 -8242 -20602 2336 -4360
1 4566 -5694 -12788 18496 -2290 18810
2 -428 15074 -8742 -17454 12425 -11420
1 11748 -8878 -11900 8627 4780 21505
1 11090 -9518 -6090 -2330 8215 16418
2 3812 15828 -3740 -6400 13867 -12984
1 7608 -10278 -1120 -7524 9285 10057
2 2758 12570 378 -944 11671 -10502
1 5818 -9048 -800 -9280 8237 3289
2 884 9172 216 800 11911 -5109
1 2640 -7002 -2460 -6059 -121 -289
2 0 0 0 0 0 0
1 0 0 0 0 0 0
2 908 8046 -44 4050 2533 -1765
1 3202 -6554 -3382 -2337 3722 1378
2 24 6828 -1016 831 -1783 -1077
2 0 0 0 0 0 0
1 3462 -5792 -3736 262 -1174 669
2 0 0 0 0 0 0
1 0 0 0 0 0 0
2 0 0 0 0 0 0
1 0 0 0 0 0 0
1 0 0 0 0 0 0
2 0 0 0 0 0 0

2 1652 13572 -8474 6258 2449 2715
2 4200 17644 -6680 14933 2197 8447
2 3810 16320 -2930 16490 3895 12498
1 9158 -10962 -2538 -4805 6873 -18753
2 3298 9652 308 14467 4500 14472
1 7210 -8180 1410 -2179 7147 -18043
2 2832 3892 2380 9110 1991 14318
1 -134 -4594 1782 1771 5097 -15083
2 -274 656 2188 384 5029 12972
1 -1304 -1284 812 5644 10092 -6515
2 468 1528 102 -12458 9715 10800
1 384 -928 -1598 13944 13809 6476
1 2782 -2494 -8426 19016 3500 11210
2 -5360 5932 -3858 -19094 1915 8577
2 -11044 8002 -5506 -22509 -2087 -4134
1 6818 -5790 -12076 13033 3003 20082
1 12656 -8690 -10874 5819 1254 21966
2 -1642 16486 -10006 -22451 13588 -11186
2 6468 18190 -4968 -5451 14129 -11355
1 13306 -10812 -5956 -2334 9246 15809
2 4542 12792 866 170 17911 -7783
1 6650 -10034 -2184 -8371 9295 9052
2 424 9398 1320 2667 15744 -5690
1 3478 -7766 -940 -8546 6508 4623
2 1534 8920 -20 3537 12173 -1594
1 0 0 0 0 0 0
1 3520 -6772 -2774 -3028 2739 662
2 1000 7358 -722 1918 -356 -1873
1 3340 -5864 -3306 -109 -1471 -145
2 108 7436 -1454 -1046 501 -297
2 0 0 0 0 0 0
1 0 0 0 0 0 0
2 0 0 0 0 0 0
2 0 0 0 0 0 0
1 0 0 0 0 0 0
1 0 0 0 0 0 0
1 0 0 0 0 0 0
2 0 0 0 0 0 0
1 0 0 0 0 0 0
1 0 0 0 0 0 0

1 13002 -8500 -7556 -4645 5962 -9995
2 3358 15602 -8368 12898 4147 5394
1 11972 -12348 -4972 -4899 7910 -16433
2 4138 16682 -3792 15344 5993 11650
1 8386 -9494 -1570 -2432 7310 -17585
2 4066 10828 -460 14628 2391 13537
2 4448 5414 796 8899 3835 14721
1 5220 -6120 1546 -155 8146 -16045
2 2088 1724 894 2735 3994 13897
1 1930 -2694 2198 4087 8437 -11055
2 0 0 0 0 0 0
1 0 0 0 0 0 0
1 4808 -500 -3488 14103 13825 4678
2 -1004 1734 -1602 -12754 300 11598
1 0 0 0 0 0 0
2 -6520 3988 -3322 -17363 -1981 7346
2 -7072 8700 -5936 -21834 -794 -934
2 0 0 0 0 0 0
1 -596 -1716 -9614 18780 -10043 8618
2 0 0 0 0 0 0
1 0 0 0 0 0 0
2 0 0 0 0 0 0
1 0 0 0 0 0 0
1 0 0 0 0 0 0
1 7236 -10822 -1888 -9825 8264 6321
2 3112 11894 -628 1892 18889 -4627
1 5460 -8564 -1992 -10473 9935 1153
2 1542 8274 98 4109 10974 -1169
1 2672 -6554 -2560 -4276 398 -851
2 738 6890 -370 2942 -2372 16
2 -440 6976 -1164 -274 -2970 577
1 2772 -6232 -3128 -673 1690 1034
2 0 0 0 0 0 0
1 0 0 0 0 0 0
1 0 0 0 0 0 0
2 0 0 0 0 0 0
2 0 0 0 0 0 0
1 0 0 0 0 0 0
1 0 0 0 0 0 0
2 0 0 0 0 0 0

1 10606 -10226 -6744 -8506 6526 -12044
2 2012 14514 -7472 14055 6445 4918
1 10168 -10408 -3424 -7902 7212 -15767
2 4956 13122 -3460 15164 7101 10184
2 5084 7492 -826 10617 9959 15109
2 2522 2996 136 4089 4217 14263
2 1056 868 248 -2211 1762 12685
2 -8 -48 -774 -9045 -433 11512
2 -3378 2066 -3450 -15856 1116 13333
2 -5308 5170 -5814 -16996 -1641 4597
2 0 0 0 0 0 0
2 0 0 0 0 0 0
2 940 13640 -3820 -10621 20746 -5560
2 0 0 0 0 0 0
2 3712 12300 568 6317 11227 -4873
2 932 8664 644 3953 4906 -1486
2 -84 7844 -166 2339 5218 -568
2 -138 6902 -1246 -23 1024 21
2 0 0 0 0 0 0
1 7754 -6488 328 -5336 10290 -16344
2 0 0 0 0 0 0
2 0 0 0 0 0 0
1 4346 -2776 1012 1070 10437 -13670
1 -14 -582 332 4982 8078 -9155
1 0 0 0 0 0 0
1 74 2264 -3494 15775 5618 6211
1 0 0 0 0 0 0
1 7260 156 -7574 10769 -1734 12078
1 0 0 0 0 0 0
1 9010 -8836 -7438 3410 9669 16265
1 0 0 0 0 0 0
2 0 0 0 0 0 0
1 6976 -10750 -926 -10073 8809 7536
1 4318 -8484 152 -8637 4606 2281
1 3828 -6868 -1372 -5554 3391 1212
1 2712 -6782 -3064 -1680 1354 592
1 2984 -6454 -3444 -438 1329 1014
1 0 0 0 0 0 0
1 0 0 0 0 0 0
1 0 0 0 0 0 0

1 4066 -6886 -3736 -1102 -4 -428
1 0 0 0 0 0 0
1 11054 -6600 -8638 -1943 4540 -2824
2 3884 12804 -7316 4617 2941 3174
1 10774 -9872 -9150 -7692 4127 -11950
2 2346 16574 -7152 13537 1843 6740
1 9200 -9522 -7588 -8382 9107 -13587
2 1076 15592 -5786 17427 3290 8390
1 13014 -9736 -2376 -6929 11039 -16737
2 4576 12922 -140 20066 8088 11725
2 5720 4134 5598 12014 5259 16333
1 -62 -6758 2860 -3057 6794 -18814
1 1254 -4868 -198 5963 11996 -11310
1 -4006 -4084 -1130 10888 19477 6624
2 -1424 1194 4590 -2911 6813 13404
2 296 6046 -810 -19378 11613 13995
1 834 -4072 -10360 19918 1263 17083
2 -7142 8268 -3422 -22156 -1262 6918
2 -9306 12324 -7400 -25688 4554 -3305
1 7812 -7558 -14470 17779 1099 24215
1 16052 -11540 -11194 6061 7586 22536
2 4324 20824 -6826 -15312 27435 -9967
1 7270 -8776 -626 -8535 7944 12044
2 7228 13018 -756 -677 13529 -12197
1 4998 -8564 -2368 -6708 6763 6840
1 3352 -9018 -2540 -9373 6186 2864
1 2636 -7372 -1994 -6758 943 -146
1 2932 -6352 -2556 -2660 2335 394
2 3990 10388 692 39 14947 -5041
2 120 10070 480 1382 12397 -813
2 1032 9164 -138 3786 7710 -222
2 186 7238 -226 3633 -586 -565
1 3034 -6512 -3618 779 868 421
2 -612 7128 -1196 475 -2155 -209
1 0 0 0 0 0 0
2 0 0 0 0 0 0
2 0 0 0 0 0 0
1 0 0 0 0 0 0
2 0 0 0 0 0 0
2 0 0 0 0 0 0

2 -362 8276 -674 296 642 51
1 2728 -6852 -3728 301 -43 -23
2 1112 8944 -3882 -594 4908 -159
1 4780 -5798 -3900 246 5342 1815
2 3874 14346 -9302 6206 6804 5195
1 12362 -7540 -7744 -868 7010 -3714
2 2988 17810 -5148 17319 -1130 7016
1 12010 -11814 -6234 -6432 7673 -13752
2 4718 14944 -2448 17024 4738 11700
1 10708 -12206 -1600 -4377 8827 -17683
2 4906 9602 -150 14590 4211 14738
1 7066 -10836 1078 -816 5447 -20333
2 1754 4414 1552 6910 2408 15112
1 1764 -5720 1868 4478 8489 -14022
2 -516 2002 1164 -2513 3741 14683
2 -3250 3150 -764 -12814 2931 15052
1 0 0 0 0 0 0
1 840 -3204 -4392 17028 11716 4927
1 304 -3016 -10890 15573 647 11767
1 7146 -1250 -9950 12002 1271 20044
1 10586 -9632 -9146 2050 8400 21372
1 9992 -10998 -2374 -4043 5246 14907
1 7418 -10932 384 -6549 5317 7564
1 5272 -8998 -1156 -6874 2403 1809
1 0 0 0 0 0 0
2 -5956 7144 -4906 -18568 -1135 10278
2 0 0 0 0 0 0
2 -5086 15046 -6058 -19625 14760 -7943
2 4408 17242 -3924 -6259 11921 -11690
1 3208 -6586 -3282 -3953 1772 -452
2 8714 13146 -1428 -405 19522 -6064
2 -384 10606 682 288 10007 -3377
2 1758 8532 -806 3614 8968 -1371
2 -430 6864 -1038 1981 534 -2198
1 2752 -6238 -3272 -840 -87 -300
2 -122 7472 -1370 -755 -92 -670
1 0 0 0 0 0 0
2 0 0 0 0 0 0
1 0 0 0 0 0 0
2 0 0 0 0 0 0

2 -1444 8418 -1014 327 806 -470
1 2792 -6424 -3940 -504 129 115
2 802 10412 -7580 1050 6400 497
1 10320 -5684 -7526 -2077 9778 1167
1 13318 -8886 -8022 -6201 9224 -8670
2 1722 16644 -9802 12995 6132 3240
2 5750 19672 -4524 17255 8470 11591
1 12188 -13218 -4402 -5830 11089 -16226
1 8252 -12326 748 -4201 2984 -22049
2 4794 14022 2110 21339 2830 11847
1 5706 -6682 2246 1911 10503 -16750
2 2256 5866 2224 9978 6254 14442
1 1078 -3510 -630 9395 6279 -10239
2 -202 2006 1404 -387 5201 13283
1 32 -3750 -2926 16446 11663 -425
2 -1258 3348 -988 -12431 2960 12849
2 -6960 5170 -548 -20255 5106 13580
1 -4568 -6738 -9948 20000 1856 6040
2 -13728 13224 -2202 -28716 -7008 -5724
2 2022 32767 -9708 -20042 32767 -9791
1 -6678 -10894 -10026 21348 -6292 16919
1 12654 -25426 -17868 13785 23183 30822
1 12462 -11988 -840 -10436 11416 13332
2 8506 12712 2442 4866 13568 -11102
2 4008 9000 1956 1600 14339 -4332
1 5792 -9364 2396 -13320 25229 6899
2 978 8928 -650 512 9241 196
1 3686 -6630 -2634 -4551 2740 -1216
2 490 7702 -298 1353 304 368
1 2312 -6416 -3168 4 -1850 -1976
2 -584 7862 -220 -7 -5280 -4
1 0 0 0 0 0 0
2 -1182 7574 -444 -2439 -2592 156
1 0 0 0 0 0 0
2 0 0 0 0 0 0
1 0 0 0 0 0 0
2 0 0 0 0 0 0
1 0 0 0 0 0 0
1 3262 -7138 -4398 1022 -1212 465
2 -800 8544 -964 -675 -37 191

2 3882 20118 -490 19276 615 12457
1 10184 -14938 -3022 -8223 9240 -20068
1 5624 -10596 1764 -4321 8610 -21112
2 2946 12366 3376 19513 5849 15526
2 2206 4576 3894 9438 7665 15719
2 -768 1650 2950 -3855 3408 13925
1 2946 -6124 1894 2515 12634 -13474
2 -2222 5690 -656 -18947 6238 15045
1 -1462 -3816 -410 10237 8516 -6225
1 -1552 -5674 -4494 20862 12483 4590
2 -10916 7576 -1282 -24597 727 10531
2 -14494 18860 1620 -32768 17151 -9576
1 -3664 -9308 -11406 25902 632 12523
1 1496 -18174 -14622 25570 2556 23651
2 3658 32767 422 -8657 32767 -16732
1 19204 -21834 -6466 -6345 32767 28503
2 7118 17974 5702 9345 16070 -12160
1 9832 -11882 9444 -18253 15775 7100
2 3346 8510 786 3979 11462 -2093
1 504 -8308 -248 -6681 2119 75
2 190 6744 2006 1498 1237 -118
1 3636 -7344 -2920 -2106 5491 -1067
2 0 0 0 0 0 0
1 0 0 0 0 0 0
2 -626 7856 -244 -6596 -2555 1608
1 0 0 0 0 0 0
1 3038 -7292 -4072 6012 516 3768
2 0 0 0 0 0 0
2 -826 9644 -832 -4194 -2857 483
1 0 0 0 0 0 0
2 -708 8862 -1064 -392 -2461 -691
1 3534 -7234 -4518 1937 -1629 1027
2 0 0 0 0 0 0
1 3502 -6890 -4378 110 -696 -350
2 0 0 0 0 0 0
2 -496 8876 -304 4860 1212 -1267
2 0 0 0 0 0 0
1 3336 -7424 -4260 -1751 -1591 -2031
1 2856 -7438 -3988 -3521 -2562 -3256
1 0 0 0 0 0 0

2 23482 20576 -5830 3336 6501 4879
1 25902 -11656 4422 472 12420 -1753
1 22630 -21940 2528 12316 4582 -20086
2 11474 28062 -1428 13129 -7865 26153
1 -1182 -26292 -10144 9659 -6490 -29543
2 -6300 23552 5884 8435 -11993 28753
2 -12278 -3288 9228 6179 4481 9184
1 -11586 -1622 2876 835 6357 -8922
1 -10158 -1168 -2696 4411 -1155 6534
2 -8724 -3222 7682 -5499 -702 -5063
1 -3054 -11380 -6174 1166 -7127 17981
2 -6558 10430 3156 -15325 -1929 -13483
1 7938 -24746 -5644 -4889 16001 31575
2 2508 25898 -2490 -22333 20502 -14712
1 17958 -15750 978 -1936 -10909 12245
2 12454 21324 -4646 -2582 4746 -13396
2 21110 11764 2934 317 28447 4797
1 13668 -5132 2852 -249 6792 -3888
2 -630 9010 174 1648 -562 1447
1 3694 -7768 -3944 33 4144 -4354
2 -1190 7746 -578 612 1858 2507
2 0 0 0 0 0 0
2 -886 8302 -346 1638 -2646 -1642
1 1248 -7310 -4256 -1440 -6842 -6400
1 40 -6308 -4284 -1436 -4772 -2010
1 1950 -6182 -4014 -15 -1641 1392
1 0 0 0 0 0 0
2 0 0 0 0 0 0
1 0 0 0 0 0 0
2 0 0 0 0 0 0
1 5278 -6666 -3188 -71 1456 934
2 1566 8732 -934 -174 482 -162
1 0 0 0 0 0 0
2 0 0 0 0 0 0
1 0 0 0 0 0 0
2 0 0 0 0 0 0
1 0 0 0 0 0 0
2 0 0 0 0 0 0
1 0 0 0 0 0 0
2 0 0 0 0 0 0

2 6838 28892 -1174 12572 -13389 26956
2 -8926 17284 9996 10876 -17525 25612
1 -7936 -6314 -4496 2414 6440 -14142
2 -10772 -70 5168 3066 5198 10172
1 0 0 0 0 0 0
2 -6294 -3820 2218 903 -3299 -4015
1 -6100 -1530 -2480 -1227 -8313 6626
2 -5490 1588 3380 -5664 -4263 -10829
1 -1762 -17356 -5544 3667 -20773 18454
2 -9554 21040 4778 -26949 -6163 -16152
1 15598 -23092 -9526 1292 19037 32767
2 5210 28182 -4160 -17441 22496 -15018
1 17664 -14882 -6702 2432 -529 13997
2 7204 17394 -10772 -1173 967 -8626
1 20156 -8602 8238 -3076 21284 4902
2 616 6894 660 2710 4549 1224
2 -118 7080 -604 -120 -1054 3719
1 3104 -8016 -4164 -1272 2567 -2235
1 2440 -6606 -4148 -1345 -85 -3781
2 0 0 0 0 0 0
1 0 0 0 0 0 0
2 -2444 7814 -148 -103 -194 -1126
1 1018 -6740 -4200 -721 -654 1348
2 -690 8430 -312 -68 5857 -2658
1 2222 -7170 -4164 -696 1675 4061
2 2028 8520 -1068 426 2040 -1819
1 0 0 0 0 0 0
2 956 7890 -680 223 -1273 -1133
1 0 0 0 0 0 0
2 0 0 0 0 0 0
1 0 0 0 0 0 0
2 0 0 0 0 0 0
1 0 0 0 0 0 0
2 0 0 0 0 0 0
1 0 0 0 0 0 0
2 0 0 0 0 0 0
1 0 0 0 0 0 0
2 0 0 0 0 0 0
1 0 0 0 0 0 0
1 0 0 0 0 0 0

2 19394 16832 4602 -161 -12549 11794
1 17618 -13890 10382 12453 -12637 -14312
1 18228 -32404 -2872 18913 -3457 -22610
2 5392 32767 898 10640 -28370 25626
1 -9510 -20936 -5764 546 -14222 -30215
2 -12258 9248 11218 15173 -1891 20321
1 -16370 -688 202 -1748 12563 -2520
2 -14028 -5460 10402 2573 10250 5907
2 -7928 -1102 3210 -4542 -3425 -9125
1 -10734 -3534 -1276 1426 -6310 9057
2 -7188 12686 4532 -12248 -4332 -18245
1 182 -16952 -6118 -715 -6394 21131
2 1614 26872 -4472 -17784 15791 -17047
1 18834 -22920 -7192 -7213 16190 30106
2 7478 16926 -2824 -4357 4958 -11368
1 13910 -13854 -2908 675 -7386 13757
2 6140 9848 -1550 163 6579 -4588
1 16610 -7568 1934 -12082 32767 5401
1 5800 -5830 -2394 -1103 -3318 -5398
2 2274 8344 170 132 5433 711
2 -738 8068 -600 -517 475 2418
1 1104 -7112 -4292 1890 -4802 -5370
2 0 0 0 0 0 0
1 570 -6986 -4348 1157 -3233 -1695
2 0 0 0 0 0 0
1 0 0 0 0 0 0
2 0 0 0 0 0 0
1 0 0 0 0 0 0
2 0 0 0 0 0 0
1 0 0 0 0 0 0
2 0 0 0 0 0 0
1 0 0 0 0 0 0
2 0 0 0 0 0 0
1 4324 -6532 -2850 -568 1449 -1358
2 0 0 0 0 0 0
1 2928 -6888 -3772 1792 -3264 -2967
2 0 0 0 0 0 0
1 1998 -7130 -4090 1535 -2647 -2029
2 0 0 0 0 0 0
1 2188 -6852 -4048 306 164 -435

1 2654 -7050 -3760 -191 -98 521
2 0 0 0 0 0 0
2 0 0 0 0 0 0
1 0 0 0 0 0 0
2 0 0 0 0 0 0
1 3220 -7644 -3446 454 -3876 -693
1 17998 -13466 13978 10890 -4617 -8101
2 23052 20580 -146 -761 -3079 5688
1 28902 -32768 -572 23454 3816 -17430
2 9528 32767 -2638 10800 -27525 21012
1 -2652 -27210 -4264 -2460 -15677 -32768
2 -7532 19366 14106 24281 -18760 16887
1 -27796 -2588 -8334 4752 -5764 -6197
2 -21464 -11594 19182 1899 9576 7464
2 -9042 4546 4844 -8029 2865 -13202
1 -7126 -7642 -6366 -6140 -3239 16439
1 2684 -23834 -6390 -4438 -10096 22072
2 -8018 25922 4774 -14955 5925 -21140
1 14000 -27252 -6578 -6101 163 25879
2 6672 31240 -2824 -12728 10350 -18665
1 32767 -20336 21316 -10357 32767 32767
2 13772 11102 -18450 -2854 -566 -9866
2 -462 9558 -1246 2397 -1577 2638
1 3826 -5654 -1704 -818 8047 -3254
2 -1796 8368 202 1074 5913 5619
1 2034 -8454 -5744 3981 -837 -4992
1 0 0 0 0 0 0
2 0 0 0 0 0 0
1 0 0 0 0 0 0
2 0 0 0 0 0 0
1 0 0 0 0 0 0
2 138 8008 -1022 -2089 4993 -2465
2 0 0 0 0 0 0
1 0 0 0 0 0 0
1 4130 -6384 -3120 -3012 10566 791
2 3002 8988 -1982 -194 2659 275
1 2574 -6474 -3250 778 -1708 -2482
2 -420 8308 -806 -308 2815 961
1 2244 -6754 -3822 2606 -3879 -2537
2 0 0 0 0 0 0

2 16250 16300 8 1763 5997 6809
1 20484 -11760 6662 6295 4219 -8689
1 17246 -27976 2020 19894 1356 -16427
2 14364 32544 728 1573 -16581 23866
1 -8844 -19436 -4808 5220 -18481 -28786
2 -10702 19558 11984 13502 -24751 22870
1 -11146 -4226 -4342 5709 -3670 -8530
2 -13904 -4828 10838 4785 322 7745
2 -8168 -1864 2332 -4060 83 -4685
1 -10178 -3078 -4906 -1290 3463 9203
1 -1386 -13764 -5948 -4324 -13191 18753
2 -7138 8734 4036 -7584 -4012 -16589
2 3992 25884 -2876 -21214 20445 -16321
1 11768 -24448 -7750 -4522 10612 30924
1 14804 -17506 -4620 -590 -8640 16098
2 12750 19742 -4622 -5981 4948 -11972
1 5036 -8582 1728 3883 -11177 -4531
2 32062 27110 -8994 -3671 28354 5816
1 -316 -7276 -2836 457 886 -5693
2 446 8378 -674 2392 648 1494
2 0 0 0 0 0 0
1 0 0 0 0 0 0
1 -86 -6600 -4456 -594 -2142 -303
2 -2276 8178 170 608 -1908 478
2 0 0 0 0 0 0
1 0 0 0 0 0 0
1 2020 -7452 -4274 -1924 2977 5947
2 -1218 8302 -318 -1460 5198 -2736
2 0 0 0 0 0 0
1 5736 -8226 -2524 -3496 7456 7043
1 6194 -6380 -2250 -1471 5553 -311
2 2740 8164 -512 686 -646 -749
1 0 0 0 0 0 0
2 -650 7860 -226 -241 622 1484
1 0 0 0 0 0 0
2 0 0 0 0 0 0
1 1420 -7216 -4174 1073 -929 -237
2 0 0 0 0 0 0
1 0 0 0 0 0 0
2 0 0 0 0 0 0

1 16268 -31220 -2426 21805 -6305 -24594
2 3936 32014 3816 14387 -19798 24216
2 -10360 6962 10126 13429 -10005 16538
1 -9698 -12568 -3866 4754 8494 -17821
2 -10228 -2784 8468 2334 4388 6234
1 -13924 -2146 -3456 3928 -6571 -6769
2 -9962 -834 6300 -4591 7011 -6960
1 -10084 -3586 -4350 -2022 -972 9319
2 -6116 16190 5282 -12544 -4318 -22805
1 2248 -17594 -7932 -3681 -14864 21779
1 18380 -22986 -8046 -8409 13449 29071
2 9452 28758 -920 -14532 23529 -18585
2 6558 17334 -5198 -6973 -1433 -9025
1 10710 -15224 -6438 867 -2033 15516
2 748 8370 54 2936 7138 4049
1 710 -8972 -1556 -1920 515 -1931
2 -2126 7732 840 3283 2080 3762
1 1358 -7312 -3522 1822 -635 -6121
1 680 -7104 -4486 2668 -10231 -6489
2 -1294 7792 -360 2979 -6658 354
1 -370 -6992 -4446 -439 -2367 -292
1 784 -6776 -4238 -1814 2516 4503
2 -3308 7150 588 1350 -1147 -2841
2 -416 7806 -732 -1530 7703 -2900
1 2540 -7354 -4098 -1055 4343 6903
2 2026 8870 -1368 -1684 6181 -1953
1 0 0 0 0 0 0
2 1450 8806 -1186 -443 1489 -254
2 558 8124 -934 93 -472 -420
1 6080 -6608 -3080 -730 805 -1970
1 0 0 0 0 0 0
1 0 0 0 0 0 0
2 -492 8058 -604 -522 2656 1152
2 0 0 0 0 0 0
1 1566 -7052 -4310 448 -128 362
2 0 0 0 0 0 0
1 0 0 0 0 0 0
2 0 0 0 0 0 0
2 0 0 0 0 0 0
1 0 0 0 0 0 0

2 9380 10394 1846 684 -4004 769
1 11530 -7780 3382 3954 -416 -3998
1 24086 -21246 4084 11459 -10231 -21553
2 28208 27576 -390 1417 -15329 15017
2 -56 32767 6006 23796 -23994 21532
1 9242 -32768 -5824 11497 -7700 -32768
1 -15250 -10724 1546 3743 14022 -17239
1 -17950 -1054 -5938 3455 -3178 -1290
2 -8162 8822 12674 10109 6506 18404
2 -14102 -6964 12708 201 1900 4239
2 -10022 3614 6424 -10408 7234 -12063
1 -7952 -8878 -5152 -3773 -2822 18231
1 8610 -31666 -8722 -6329 -2437 29327
2 -10404 32767 8174 -21335 1049 -27137
2 4988 32767 -3766 -13402 7559 -21668
1 13650 -27732 -6896 -4511 447 26577
1 -4796 7414 -4634 2462 -23873 -6700
2 14604 6378 -4074 2415 20053 1820
2 -5106 5956 2472 5935 1346 4351
1 2576 -7432 -4698 2817 9685 -3149
2 -996 7252 -594 982 2870 4836
1 -630 -7662 -4752 1937 -5801 -5777
1 -418 -6772 -4888 -1697 30 660
2 -2794 7858 122 -330 -940 -1558
2 -1512 7994 -88 -172 4851 -3719
1 0 0 0 0 0 0
1 0 0 0 0 0 0
1 32767 -13904 12662 -8179 32767 15042
2 0 0 0 0 0 0
2 1902 8776 -1286 -1540 1554 -1908
1 4052 -6320 -2084 -995 -1933 -2163
2 1920 8888 -1858 -340 381 182
2 0 0 0 0 0 0
1 2080 -6272 -3854 2879 -1777 -2446
2 0 0 0 0 0 0
1 0 0 0 0 0 0
1 1570 -7296 -4406 173 1083 1075
2 0 0 0 0 0 0
2 0 0 0 0 0 0
1 0 0 0 0 0 0

1 2828 -7258 -3744 -105 910 644
2 0 0 0 0 0 0
1 5496 -7948 -1856 243 -3052 -1950
2 0 0 0 0 0 0
1 17296 -13966 9656 8231 -8227 -10006
2 22596 17148 3272 889 -44 6391
1 19714 -30938 -1918 17581 -3695 -23059
2 10180 32767 -646 5425 -15403 23261
2 -15968 17420 16180 19811 -30773 19217
1 -3516 -21298 -7354 6546 1357 -26468
1 -13724 -432 -8974 2494 8286 -4428
2 -16082 -5964 11288 3126 4215 11176
1 -11534 -6584 -10108 -5648 -7556 13962
2 -18166 878 8364 -6135 3901 -11744
2 -10424 28602 8180 -14751 -3435 -32304
1 8056 -32768 -10504 -12111 -6962 28984
2 18350 30048 -1686 -7945 10499 -20097
1 20600 -21074 2014 -7050 -6509 15580
2 8706 15496 -3192 -4715 4343 -5275
1 13404 -9252 -1388 1124 -226 7410
1 4144 -8048 -1172 -1569 5754 -1583
2 742 9610 -1074 191 5900 2588
2 -1498 7010 250 1919 7674 3203
1 2888 -7498 -3782 -770 1650 -4353
1 0 0 0 0 0 0
2 -548 8268 -610 1959 -1200 1161
1 732 -6746 -4338 -1176 -805 -885
2 -2490 7958 186 1796 -1735 -1858
1 0 0 0 0 0 0
2 0 0 0 0 0 0
2 980 8170 -740 1033 1737 -1683
1 2044 -7260 -4016 -2047 2365 4189
1 0 0 0 0 0 0
2 0 0 0 0 0 0
1 0 0 0 0 0 0
2 0 0 0 0 0 0
1 3716 -6366 -2722 990 1418 -345
2 0 0 0 0 0 0
1 2552 -6906 -3620 3736 -4300 -1912
2 0 0 0 0 0 0

2 558 8222 -546 414 599 -580
1 2524 -6800 -3654 -482 202 686
2 0 0 0 0 0 0
1 0 0 0 0 0 0
1 1302 -7702 -4506 -793 -2352 291
2 -3112 7442 540 -1307 4886 316
2 -158 8582 -256 696 737 -192
1 5364 -6308 -3578 -884 -525 615
1 0 0 0 0 0 0
2 1000 7902 802 -103 -3217 -762
1 0 0 0 0 0 0
2 -2506 8132 -4 -560 -996 -331
2 990 9838 -1058 1129 -4475 -1417
1 4302 -8626 -1810 1030 -2676 -1447
2 18876 17262 1370 194 -7558 6290
1 26488 -13846 14434 11478 -12130 -12355
1 21664 -32768 -4354 13473 -2892 -28430
2 4028 32767 -2288 20160 -27434 18653
2 -11686 17372 18482 26933 -20485 15721
1 -7832 -22512 -1926 148 -5519 -29773
1 -13124 -3976 -3696 4451 9975 -5910
2 -13214 -4038 13020 5065 5200 9095
2 -12832 -2356 7200 -5157 -1110 -7229
1 0 0 0 0 0 0
2 -5652 10640 4324 -12562 5188 -18268
1 -2018 -15934 -6376 -5488 -5999 23920
2 5358 32767 -512 -20720 19353 -21497
1 14536 -32768 -6184 -11009 -9055 31299
1 18524 -18682 -8922 8942 -10882 15352
2 14982 24252 -3016 -4598 1242 -13229
2 -552 10596 10 1423 9965 4162
1 1684 -6946 -7152 892 5944 -6337
2 -976 8228 114 345 7078 7098
1 3224 -8976 -6062 -1860 -667 -7824
2 -1712 7964 -536 1995 -4774 1665
1 -1652 -7040 -4078 -4634 -3673 -3628
2 -3404 7440 534 2489 765 -2550
1 334 -5918 -4156 -3640 1347 1619
2 -1866 7860 186 615 3839 -4939
1 0 0 0 0 0 0

1 0 0 0 0 0 0
2 -1526 7456 704 594 -877 -639
2 0 0 0 0 0 0
1 0 0 0 0 0 0
1 6124 -6430 -1720 -1890 255 -53
1 0 0 0 0 0 0
2 -1722 8724 554 -3911 -1601 3004
2 0 0 0 0 0 0
1 6432 -5396 -2236 -3076 4021 730
2 -1626 8758 156 276 -1668 1092
2 0 0 0 0 0 0
1 6574 -5218 -1456 -1210 151 -607
2 0 0 0 0 0 0
1 0 0 0 0 0 0
1 0 0 0 0 0 0
2 0 0 0 0 0 0
1 0 0 0 0 0 0
2 0 0 0 0 0 0
1 0 0 0 0 0 0
2 0 0 0 0 0 0
2 0 0 0 0 0 0
1 0 0 0 0 0 0
1 0 0 0 0 0 0
2 0 0 0 0 0 0
2 0 0 0 0 0 0
1 0 0 0 0 0 0
2 0 0 0 0 0 0
2 0 0 0 0 0 0
1 0 0 0 0 0 0
1 6848 -5618 -3000 472 -2091 -1324
1 278 -8192 -4260 -24 -15456 -7086
2 0 0 0 0 0 0
2 0 0 0 0 0 0
1 4780 -1858 -2590 5426 -9128 237
1 6012 -9878 -19442 4901 -32768 -17355
2 64 8580 -434 39 161 250
2 -182 7454 -316 471 4800 294
1 1198 -1296 -9260 -17065 -3086 -16140
1 -8454 -3798 -7520 -18240 2731 -8974
2 0 0 0 0 0 0

1 2872 -5634 -3222 -2377 3674 2320
2 14122 6386 -2810 12097 -8691 21200
1 3026 -5790 -3442 1997 1723 2365
2 -5302 17608 -1948 27996 -32768 20626
2 -10874 158 3114 9494 7888 -16146
1 0 0 0 0 0 0
1 0 0 0 0 0 0
2 18882 -3572 6822 -80 29003 -11446
2 9634 1410 -5722 -3994 -24722 17716
1 0 0 0 0 0 0
1 0 0 0 0 0 0
2 -28392 -11356 19204 4772 -17556 -2801
1 0 0 0 0 0 0
2 12452 -1648 -1584 -9309 13258 -22733
1 0 0 0 0 0 0
2 26638 -4968 -3944 -8046 -11060 7937
2 -420 -1750 -2568 12431 -32768 1897
1 0 0 0 0 0 0
1 0 0 0 0 0 0
2 -562 1000 -4504 -12987 32513 -10949
1 0 0 0 0 0 0
2 17502 -7192 -3990 369 28495 4972
2 2912 1220 -9738 6130 -31124 6312
1 0 0 0 0 0 0
1 0 0 0 0 0 0
2 -13350 -6210 5380 -11390 29755 -2206
1 0 0 0 0 0 0
2 17506 -7264 -730 -3664 31510 1424
1 0 0 0 0 0 0
2 4792 -1404 -4572 -4525 -27425 9662
1 0 0 0 0 0 0
2 -1884 -5378 16088 14103 -32768 -6981
1 0 0 0 0 0 0
2 -4504 282 944 -23093 28160 -4911
2 28896 -2140 -6386 -3916 32767 12598
1 0 0 0 0 0 0
1 0 0 0 0 0 0
2 2262 462 -7788 1855 -23923 12583
1 0 0 0 0 0 0
2 -21710 -11200 14242 1002 -13616 -3446

1 -6666 2434 -5828 -5690 4777 12238
2 13964 -5028 -2528 430 -10621 10007
1 5110 720 -3468 -13640 8949 21291
2 -590 -410 -3252 -1830 -12438 18467
1 15264 6198 10100 -9356 7277 7066
2 -12944 -3660 -7382 -917 -314 -741
1 10390 4326 3818 13298 882 -12143
2 -4650 -1656 -6560 8 4016 -16627
1 3534 -924 -4544 11464 -21005 -24285
2 9088 -1684 -4112 690 7466 -16092
1 -14596 2632 -4810 359 8040 -1749
2 17386 -4512 -4086 -1362 -4342 6792
2 -38 1818 -5866 -2409 -15584 17748
1 -4746 4214 -4994 -3524 8457 17231
2 -16166 -5268 -2464 695 -8842 1678
1 0 0 0 0 0 0
1 16270 9962 5938 1381 1737 -1316
2 -5504 -1506 -7196 -3467 4019 -15776
1 8710 3066 -4064 12821 -14271 -15991
2 10106 -1746 -5560 -897 11373 -12690
1 -14522 722 -2376 1842 -19153 -15617
2 18178 -3804 -2442 -2418 -5843 7876
1 -6462 3674 -5942 -1694 8335 9074
2 -964 -272 -7544 -1273 -15537 12018
1 2108 3902 -3558 -5840 8274 16918
2 -16556 -5650 916 1687 -16398 774
1 12452 7732 2224 -4487 16809 6489
2 -7458 -2984 -5538 -4715 5054 -9918
1 10096 5694 -612 9780 -9434 -10345
2 3116 1294 -7690 -3344 8337 -17352
1 1470 2898 -1628 2234 -29014 -20180
2 22484 -3036 -5310 2816 12046 2582
1 -12452 2040 -5026 -963 10158 4614
2 4824 282 -5638 -3621 -10606 15540
1 -1528 4024 -4346 -4076 13998 15768
2 -8234 -2248 -4264 3548 -15028 8818
1 6944 6162 4100 -5643 14093 14090
2 -9608 -3276 -4086 -3304 10165 -4808
1 12214 8472 4252 6821 -8524 -3657
2 -538 -46 -7286 -2853 4817 -17285

2 -306 8032 -660 492 6334 -1960
1 22068 -7692 -3990 588 16773 -2176
1 17044 -16042 -3426 2461 11487 -18913
2 112 7774 -1182 -1394 3993 -1095
1 8530 -15246 -1696 4740 8897 -22632
2 0 0 0 0 0 0
2 484 8682 -724 1465 -4989 627
1 738 -8084 604 8026 8910 -15900
2 -976 7636 -644 2175 -7960 241
1 -1224 -4110 -820 10351 7396 -7986
2 -1478 7316 -596 388 -5248 1017
1 0 0 0 0 0 0
2 0 0 0 0 0 0
1 -4646 -5128 -3392 18845 1049 6584
2 0 0 0 0 0 0
1 544 -7262 -13212 20304 1180 16355
2 -920 9492 -744 456 1886 437
2 0 0 0 0 0 0
1 10834 -12662 -15174 12903 11776 24405
2 0 0 0 0 0 0
1 0 0 0 0 0 0
1 9568 -10006 -1310 -10936 7829 8183
1 2586 -8836 -2504 -11760 12736 5451
2 0 0 0 0 0 0
2 0 0 0 0 0 0
1 3438 -6774 -2722 -7787 8242 3027
2 0 0 0 0 0 0
1 2560 -5338 -2850 -1713 2337 2175
1 0 0 0 0 0 0
2 0 0 0 0 0 0
1 3236 -6926 -4498 4858 -5538 2002
2 0 0 0 0 0 0
2 0 0 0 0 0 0
1 3538 -6862 -4998 2997 1294 2136
1 3652 -6688 -4492 1747 657 641
2 0 0 0 0 0 0
1 0 0 0 0 0 0
2 0 0 0 0 0 0
2 0 0 0 0 0 0
1 0 0 0 0 0 0

1 2920 -7012 -4400 -515 2494 1239
2 7080 14044 -2198 9688 7237 14183
2 6848 10912 152 5223 6328 18550
1 0 0 0 0 0 0
1 2930 -6610 -3770 -986 -2658 -1894
2 3966 6936 1298 -2628 5060 19104
1 0 0 0 0 0 0
2 0 0 0 0 0 0
1 1822 -6190 -4036 2110 -1002 667
2 0 0 0 0 0 0
1 0 0 0 0 0 0
2 -8556 1640 88 -16043 -3157 10098
2 -7608 7008 -2444 -21795 6156 2334
1 0 0 0 0 0 0
2 -4666 12632 -6758 -21549 8795 -3825
1 0 0 0 0 0 0
1 0 0 0 0 0 0
2 176 17644 -7834 -15316 16658 -7609
1 0 0 0 0 0 0
2 84 16926 270 -1731 29764 -10504
2 3158 13254 1638 4944 26229 -7405
1 0 0 0 0 0 0
1 0 0 0 0 0 0
2 996 9788 1998 7044 14028 -3550
2 622 7428 866 5619 2323 -1489
1 0 0 0 0 0 0
1 0 0 0 0 0 0
2 172 6568 -88 1933 -2658 -1683
2 0 0 0 0 0 0
1 0 0 0 0 0 0
2 0 0 0 0 0 0
1 0 0 0 0 0 0
2 0 0 0 0 0 0
1 0 0 0 0 0 0
1 0 0 0 0 0 0
2 0 0 0 0 0 0
1 0 0 0 0 0 0
2 0 0 0 0 0 0
1 0 0 0 0 0 0
2 0 0 0 0 0 0

2 4662 16090 -9134 10590 10579 5460
1 13948 -7346 -6642 -4261 9713 -6416
2 7208 17592 -4372 14791 9552 16310
1 14450 -12358 -3312 -4877 10862 -16369
1 9298 -12430 1474 1424 9107 -21045
2 4420 14164 674 13163 1884 19450
1 1988 -9442 758 8841 3739 -18538
2 858 7892 2582 5750 3738 20139
1 -1922 -6032 -746 10734 9704 -10469
2 -1430 4008 1718 -3477 3261 18038
2 -4302 4046 2064 -16041 4435 13786
1 -2824 -4866 -3804 14859 10472 2957
1 -3572 -6566 -9606 19412 4398 17471
2 -8522 9600 -324 -27582 6021 6057
2 -9638 18866 -7454 -29182 5617 -6889
1 3092 -10770 -17052 16556 -1155 23746
2 0 0 0 0 0 0
1 14758 -16170 -12464 1151 10181 22507
2 11988 13488 2102 1285 22345 -7405
1 9326 -11946 1350 -11153 18047 13445
2 144 9580 3980 3569 20424 -1500
1 3912 -8408 556 -12004 19006 4643
2 1978 8186 1278 5986 4342 -2688
1 3644 -7702 -1556 -7994 2497 -1393
1 2876 -6174 -2466 -3175 -515 -786
2 -254 6280 -680 1451 -1217 -1959
1 0 0 0 0 0 0
2 0 0 0 0 0 0
2 0 0 0 0 0 0
1 3918 -5664 -4742 3910 -2675 948
1 0 0 0 0 0 0
2 0 0 0 0 0 0
1 0 0 0 0 0 0
2 0 0 0 0 0 0
1 2996 -6920 -4464 880 -147 155
1 0 0 0 0 0 0
1 0 0 0 0 0 0
2 0 0 0 0 0 0
2 0 0 0 0 0 0
2 0 0 0 0 0 0

1 3006 -6782 -4066 1157 -1867 -969
2 0 0 0 0 0 0
2 0 0 0 0 0 0
1 0 0 0 0 0 0
1 0 0 0 0 0 0
2 0 0 0 0 0 0
1 0 0 0 0 0 0
1 0 0 0 0 0 0
2 0 0 0 0 0 0
2 0 0 0 0 0 0
2 1382 9836 -5226 54 6812 766
1 0 0 0 0 0 0
2 4296 20650 -10806 12532 13998 2718
1 0 0 0 0 0 0
1 3160 -7268 -4218 -353 5992 4082
2 5668 17350 -3630 19846 6543 17530
1 4516 -6590 -3708 -1656 4483 1327
2 3322 14170 -782 7557 5953 24727
2 -706 7956 520 1653 1553 19346
1 2670 -6838 -3650 -2437 -3716 -2848
1 1468 -6654 -3654 -875 -3478 -1737
2 -2070 3552 1856 -188 -2773 15217
2 -3178 1246 2328 -7872 -732 14372
1 0 0 0 0 0 0
1 0 0 0 0 0 0
2 -7536 3930 372 -20345 1287 13670
2 -7286 12688 -6422 -26198 4189 4435
1 2914 -7586 -4384 2794 4496 2947
1 4038 -7912 -4514 1968 1118 30
2 -1702 18094 -8648 -22008 16558 -1374
2 4712 13070 -7670 -5971 4206 -6721
1 0 0 0 0 0 0
2 2006 9394 -2350 -27 14602 -2978
1 1904 -5952 -3788 -430 -227 -1536
2 -162 8342 -670 -869 16592 -1049
1 0 0 0 0 0 0
1 0 0 0 0 0 0
2 -558 9200 -254 1218 10652 -356
2 -498 9108 -202 4206 3475 -1545
1 0 0 0 0 0 0

2 -234 7534 -484 94 1537 147
1 328 -6250 -4798 1135 -2312 -4373
2 -166 8140 -616 -1186 283 582
1 2634 -7842 -5796 1639 -4395 -8716
2 0 0 0 0 0 0
2 0 0 0 0 0 0
1 4858 -8242 -7768 -117 -8602 -14271
2 0 0 0 0 0 0
1 4664 -9640 -11128 -4414 -7580 -16223
1 0 0 0 0 0 0
1 0 0 0 0 0 0
2 -596 8176 -618 -252 -4529 323
1 0 0 0 0 0 0
2 0 0 0 0 0 0
2 -2810 8652 -482 -907 -436 959
2 -2284 8936 -508 807 4330 -157
1 0 0 0 0 0 0
1 0 0 0 0 0 0
2 -2080 8976 76 2805 5528 -2627
1 -2546 -5434 -2022 -14602 -6817 12282
1 0 0 0 0 0 0
2 0 0 0 0 0 0
1 10612 -9138 -302 -9180 -4033 16016
2 548 8314 -616 3663 2755 -1799
1 14272 -11770 106 -2674 -8693 19734
2 0 0 0 0 0 0
1 12874 -11566 -1364 3603 -11485 15087
2 494 6752 -746 438 65 857
1 8386 -11616 -4528 7952 -12150 8917
2 -262 6986 -1026 -4302 -3578 3374
2 -1760 9092 -596 -6311 -2222 5195
1 0 0 0 0 0 0
1 3630 -7412 -5392 7697 -8438 -755
2 -1934 9398 -852 -4657 305 2960
1 2682 -6926 -5616 2232 -7643 -2607
2 0 0 0 0 0 0
1 2082 -7540 -5258 -3886 -3070 -1467
2 0 0 0 0 0 0
1 0 0 0 0 0 0
2 -764 9182 -424 4665 2455 -2246

1 3510 -7032 -3794 7 296 384
2 -334 8738 -414 396 -2838 632
2 3676 9582 2204 1561 -13116 363
1 3490 -7016 -3686 -392 190 -227
1 2984 -6734 -3538 -941 -2642 -1277
2 2724 11990 1352 4653 -21838 3580
1 0 0 0 0 0 0
2 1184 15152 -2980 11251 -21779 9156
1 0 0 0 0 0 0
2 -5134 15720 -4116 19523 -26920 2571
1 0 0 0 0 0 0
2 -11712 11314 -3420 18173 -9226 -9170
2 -8392 8798 2 12943 -1099 -20176
1 0 0 0 0 0 0
1 0 0 0 0 0 0
2 -5832 4326 844 7747 1633 -19806
2 -3978 6976 2246 3030 2235 -22140
1 2510 -7164 -4982 -3630 18 -2295
1 0 0 0 0 0 0
2 0 0 0 0 0 0
1 0 0 0 0 0 0
2 6198 10376 1358 -2218 1933 -20379
1 4352 -6186 -2530 -1688 3204 694
2 7598 15112 -2404 -11033 -11996 -18724
2 4774 23852 -3904 -20086 -10410 -12280
1 4096 -6466 -2650 2984 -7248 -1735
1 2116 -6348 -3920 8739 -7877 -2117
2 6178 16664 -2822 -11479 -1781 -4338
1 0 0 0 0 0 0
2 502 11978 -868 -6844 -16108 -650
1 2962 -8600 -6120 7665 3221 215
2 -916 9974 -1610 -5486 -839 3913
1 2402 -7046 -5054 -136 -1275 -1173
2 0 0 0 0 0 0
1 0 0 0 0 0 0
2 -396 7536 -842 4366 -16194 -4225
1 2354 -8096 -4178 -5393 -1030 -1197
2 -3740 8726 -368 3647 -8830 -7700
1 2464 -7712 -3504 -7182 1778 -92
2 0 0 0 0 0 0

2 372 10134 -74 2128 -15782 2730
1 3666 -7566 -6084 3377 -6246 -8514
1 5116 -7996 -8472 -320 -11979 -13702
2 1228 12980 -2798 7579 -19156 5172
1 3636 -7122 -12014 -5277 -16688 -14785
2 -2838 11620 -4584 15036 -22297 2511
1 70 -9348 -16384 -15078 -8589 -6586
2 -10810 12502 -5472 17284 -12018 -4305
1 -3314 -9702 -12542 -24009 -2016 1117
2 0 0 0 0 0 0
2 -7470 5696 -10 9608 489 -20534
1 -1794 -4404 -6382 -20278 -835 3114
1 -2382 -4278 -2196 -14872 -5328 4952
2 -5018 4110 1270 3203 2227 -19211
2 0 0 0 0 0 0
1 0 0 0 0 0 0
2 0 0 0 0 0 0
1 0 0 0 0 0 0
2 5392 7708 -2278 -8140 -1362 -15930
1 8874 -4944 1494 -5437 -5623 14615
2 9546 10894 -5730 -10411 -4763 -11886
1 12492 -6788 478 2492 -12196 15652
1 0 0 0 0 0 0
2 4542 16360 -6604 -16175 -8000 -7837
2 3822 13626 -5032 -13736 -7104 -2736
1 9728 -9094 -4908 7904 -6356 9659
2 260 12824 -3418 -9841 -8908 873
1 5394 -7736 -5244 6182 -7059 4408
1 5282 -6620 -4708 5190 -8262 874
2 0 0 0 0 0 0
2 -1802 8674 -1362 -1511 -7359 1131
1 4292 -6578 -4692 3325 -6499 -985
1 3706 -6776 -4288 -1069 -2488 -1385
2 -1824 7686 -1370 1058 -3362 -1738
1 0 0 0 0 0 0
2 -672 8958 -532 3631 4298 -3315
1 0 0 0 0 0 0
2 0 0 0 0 0 0
2 0 0 0 0 0 0
1 0 0 0 0 0 0

2 -932 8278 -528 -490 779 207
2 0 0 0 0 0 0
1 2480 -6978 -4238 1122 -1300 -443
2 0 0 0 0 0 0
1 0 0 0 0 0 0
2 0 0 0 0 0 0
2 1586 9070 -1774 2290 -2559 -2
1 4270 -7158 -4272 -1520 -2379 -1778
1 4620 -6658 -4150 -2511 -4219 -4387
2 -672 9122 -2390 7202 -9626 -1227
1 0 0 0 0 0 0
2 -1682 7116 -2534 6460 -779 552
1 1582 -4874 -4702 1129 -1092 -1652
1 0 0 0 0 0 0
2 -2558 6126 -1374 2300 -607 -104
2 -3212 7008 -516 -2263 2857 800
1 0 0 0 0 0 0
2 0 0 0 0 0 0
1 24418 -9270 12338 9409 -829 -5910
2 15714 16332 -6826 -191 12630 4323
2 10046 25936 -8998 11047 -8023 22313
1 20486 -21902 -2048 17279 3984 -19272
2 -13200 15944 1490 10684 -2621 27390
1 -2324 -17924 -9032 6997 -9446 -26242
2 -16806 -5152 12012 2153 7833 5849
1 -16838 -1474 -3284 78 4928 -3837
2 -6954 2284 3794 -8137 32 -12551
1 -9194 -5622 -3396 634 -6013 13729
2 -5034 29732 1878 -18605 1332 -18614
1 5370 -23958 -9848 -1885 -1310 25934
2 6154 24700 -6236 -12762 14714 -14216
1 20300 -20396 -4208 -7902 8301 25080
1 11786 -10458 -1208 -2196 5234 11792
2 32767 22594 -13152 2052 19651 6508
2 -1442 9124 -612 3302 -1462 3660
1 2210 -8084 -890 241 5051 -529
1 3154 -7244 -4212 1934 -2520 -5198
2 -1590 8486 -462 1931 786 4835
1 4 -7176 -4434 468 -4935 -3704
1 1230 -6956 -4404 -395 857 895

1 1012 -7388 -4486 87 936 38
1 0 0 0 0 0 0
1 0 0 0 0 0 0
1 0 0 0 0 0 0
1 0 0 0 0 0 0
1 0 0 0 0 0 0
2 728 8052 -700 834 -122 77
2 0 0 0 0 0 0
2 0 0 0 0 0 0
2 0 0 0 0 0 0
1 0 0 0 0 0 0
2 0 0 0 0 0 0
1 0 0 0 0 0 0
2 0 0 0 0 0 0
2 0 0 0 0 0 0
1 0 0 0 0 0 0
1 2426 -7306 -5228 -1067 -590 -1637
2 0 0 0 0 0 0
1 0 0 0 0 0 0
2 0 0 0 0 0 0
2 0 0 0 0 0 0
1 0 0 0 0 0 0
1 4254 -6752 -9334 -5305 -228 -4838
2 0 0 0 0 0 0
2 0 0 0 0 0 0
1 3402 -6184 -8036 -7825 1977 -5887
2 0 0 0 0 0 0
1 0 0 0 0 0 0
1 4154 -1532 -6850 -4387 301 -4132
2 0 0 0 0 0 0
1 6744 -970 -9364 -6801 3349 -5012
2 0 0 0 0 0 0
1 3260 -484 -8122 -10569 -77 -6468
2 0 0 0 0 0 0
1 2460 -304 -5286 -16748 3945 -7136
2 0 0 0 0 0 0
2 0 0 0 0 0 0
1 0 0 0 0 0 0
2 0 0 0 0 0 0
2 0 0 0 0 0 0

1 1460 -6358 -13788 -1321 -18071 -3798
2 4240 9332 -1090 1479 152 3265
1 -2372 -7956 -3062 -2215 15553 2124
2 5584 10488 -532 1965 -3690 6941
1 2166 -6532 -4654 -3582 5857 -4914
2 7006 11242 -2930 2519 731 11056
1 -886 -7596 -4096 264 -7030 -1962
2 5164 12120 -5392 6413 -10879 14411
1 0 0 0 0 0 0
2 -3656 11848 -7012 19749 -10983 9748
1 0 0 0 0 0 0
2 -1818 3920 -2116 25414 12372 6999
1 0 0 0 0 0 0
2 -632 -836 5058 22042 11337 -3732
2 8926 -8310 17882 4233 4943 -2654
1 0 0 0 0 0 0
2 6600 -2310 7280 -18112 -4717 1962
1 2190 -7252 -5016 186 -222 154
1 0 0 0 0 0 0
2 4032 -776 -2622 -17812 -11735 1414
2 -910 2708 -9626 -10124 -12764 1793
1 0 0 0 0 0 0
2 -840 -944 -12922 2988 -1057 -1088
1 0 0 0 0 0 0
1 882 -7230 -4920 315 -910 -928
2 150 -1794 -9694 11068 2930 -9214
1 0 0 0 0 0 0
2 3356 -1506 -1888 12322 14330 -11346
1 0 0 0 0 0 0
2 10232 -984 6918 14713 16940 -6762
1 1102 -7218 -4836 -1021 679 2245
2 8754 -4646 8756 -3506 -15013 913
1 1786 -6936 -4616 -1942 3566 3199
2 7272 -2486 2788 -17574 10215 10138
1 1990 -6528 -4386 -963 -302 679
2 6880 -842 -830 -16420 -1486 593
1 0 0 0 0 0 0
2 446 2560 -7412 -12176 -24086 -2131
1 0 0 0 0 0 0
2 3000 288 -10624 -1693 363 660

1 746 -7082 -3864 -7 -2091 -437
2 -568 6886 -388 1538 5916 -2103
1 0 0 0 0 0 0
2 0 0 0 0 0 0
1 0 0 0 0 0 0
2 664 8568 -770 -3972 5247 -4439
1 0 0 0 0 0 0
2 0 0 0 0 0 0
1 0 0 0 0 0 0
1 0 0 0 0 0 0
2 1964 8452 -428 -1776 2171 -2274
1 1378 -9248 -8432 -10011 -9759 -2232
2 116 7912 -58 69 -5013 -186
2 0 0 0 0 0 0
1 0 0 0 0 0 0
2 -1726 8102 346 1218 1701 -1587
1 -2226 -7832 -10278 -16562 10962 -13
2 0 0 0 0 0 0
2 0 0 0 0 0 0
1 1938 -4098 -9910 -21392 7585 -3604
1 2486 8 -2898 -18999 -4060 -5834
2 -570 7762 192 855 533 10
2 0 0 0 0 0 0
1 1310 5222 796 -10326 2784 -2331
1 2214 6404 922 1146 4875 -1721
2 0 0 0 0 0 0
1 -906 4832 -7844 6812 2380 756
2 0 0 0 0 0 0
1 1232 6170 -8392 -4492 -2435 5696
2 0 0 0 0 0 0
2 0 0 0 0 0 0
1 7792 7894 852 -5535 -1323 2280
1 0 0 0 0 0 0
2 0 0 0 0 0 0
2 0 0 0 0 0 0
1 148 4682 -7698 9699 -4207 -6199
2 0 0 0 0 0 0
1 -4852 4010 -10460 -5873 -2487 6314
1 0 0 0 0 0 0
2 0 0 0 0 0 0

2 7526 12930 -3390 8781 -10300 8621
1 1418 -7854 -5002 4090 3543 1239
1 1982 -7394 -5352 1239 1655 1340
2 -3418 13382 -8114 17819 -12438 13926
1 0 0 0 0 0 0
2 -4036 10260 -4772 22641 19735 6653
1 502 -7026 -4362 730 -2576 -2685
2 2046 -62 1760 19620 8926 -2014
1 418 -7962 -4890 -542 -356 -614
2 10136 -8428 9992 -2003 6431 5154
1 914 -7378 -4170 -3583 160 2196
2 5012 -762 -4128 -12603 -8169 5362
1 824 -6650 -3734 -1436 -206 532
2 -4230 2874 -14362 12344 3716 -5811
1 0 0 0 0 0 0
2 15732 -8436 15820 11779 8881 -4227
1 728 -7742 -5128 1956 3290 1666
2 10210 -2562 3780 -14879 -3778 5594
1 2142 -7258 -4604 -1444 2796 1491
2 -4352 10746 -22676 -5534 -14533 2143
1 1204 -6388 -4030 843 -5675 -2721
2 2470 2016 -3664 17437 15420 -11833
1 156 -7456 -4640 1701 175 -1579
2 17920 -13930 21310 -368 9264 -1408
1 0 0 0 0 0 0
2 9616 -1176 -146 -16695 -17810 1127
1 0 0 0 0 0 0
2 -5278 6496 -19426 7911 -1740 -63
1 0 0 0 0 0 0
2 8642 -532 4004 18344 4266 -11265
1 0 0 0 0 0 0
2 12752 -8686 13292 -9383 10208 8865
1 0 0 0 0 0 0
2 4294 1034 -2850 -17192 -19944 2590
2 -5358 3738 -15592 8028 2899 -2851
1 0 0 0 0 0 0
2 8348 -1918 1608 16871 6444 -10836
2 13302 -10200 12798 -515 -2741 2436
1 370 -6600 -4150 1066 -3132 -1817
1 0 0 0 0 0 0

1 1142 -7006 -4032 1370 1173 1461
2 2174 8216 -574 -6365 6713 -4749
1 2970 -7296 -6344 2020 -4793 -1069
2 0 0 0 0 0 0
1 434 -6654 -4796 312 -495 -2305
2 0 0 0 0 0 0
1 0 0 0 0 0 0
2 216 8864 -392 3251 -11692 2294
1 0 0 0 0 0 0
2 112 6810 -912 2815 -6450 1658
1 -3456 -7216 -14990 -7555 -3613 496
2 2632 11718 -6368 -655 19376 1591
2 10544 20532 -9466 14139 9786 13401
1 3370 -14426 -19030 -25605 14515 680
1 350 -11710 -7678 -32768 15379 -14008
2 1016 22522 -4370 20089 5159 32767
2 0 0 0 0 0 0
1 -2738 -8106 2122 -27052 2568 -13808
2 -12954 -2724 10724 -9045 5673 -16817
1 -3204 -3450 13206 6073 -164 2922
2 12232 11986 -5626 -19627 -1914 -32768
1 3228 776 -1278 32767 -8219 14381
1 23678 10586 -32646 -2798 6552 -1274
2 32767 6446 -11748 5480 4056 17291
1 -920 -1644 -4752 -25771 3736 -17260
2 -4000 6714 296 13379 228 32582
1 -6054 -1344 11026 -12892 9783 -7229
2 -14498 -7404 8150 2420 15 2406
1 -4658 -700 4676 21660 -6726 10487
2 2072 3154 722 -11467 -8664 -32724
1 15294 7026 -26144 16848 -4125 15203
2 32767 10338 -16246 127 7820 -4071
1 4404 2630 -9510 -16896 6570 -17196
2 5478 7362 -4522 11511 -3625 29162
2 -13820 -4436 6868 8966 9796 18516
1 -10538 -1522 5930 -15845 13193 -4485
1 0 0 0 0 0 0
2 -8762 -5342 4564 -7470 -4859 -21469
1 8424 7246 -5886 23526 -14613 6948
2 17116 11308 -9376 -13319 -5110 -32768

1 1538 -968 -8106 2578 6263 310
2 1954 8026 38 -7190 -1507 -2623
2 2056 10410 -152 -8019 641 -716
1 3264 -1484 -10392 461 496 342
2 770 9404 -594 -1943 -2877 -1596
1 3032 -1562 -7962 -496 117 -228
1 0 0 0 0 0 0
2 1146 8158 -724 694 -1563 -718
1 0 0 0 0 0 0
2 0 0 0 0 0 0
1 0 0 0 0 0 0
2 650 8776 -14 3212 2706 321
1 0 0 0 0 0 0
2 0 0 0 0 0 0
1 0 0 0 0 0 0
2 0 0 0 0 0 0
1 0 0 0 0 0 0
2 852 7834 624 555 473 -239
1 0 0 0 0 0 0
2 0 0 0 0 0 0
1 0 0 0 0 0 0
2 0 0 0 0 0 0
1 0 0 0 0 0 0
2 3520 9008 192 -1378 -5022 3490
2 0 0 0 0 0 0
1 2972 -1934 -9222 545 545 422
1 0 0 0 0 0 0
2 0 0 0 0 0 0
2 584 7706 -282 1632 942 -608
1 0 0 0 0 0 0
1 1612 -3332 -5060 494 -1866 815
2 0 0 0 0 0 0
2 0 0 0 0 0 0
1 -666 -4970 -2900 3080 -3610 4345
2 0 0 0 0 0 0
1 562 -7064 -5218 10173 -3531 5694
2 0 0 0 0 0 0
1 1924 -10116 -9526 12787 -10230 -1963
2 0 0 0 0 0 0
1 -1800 -9430 -10718 8410 -3740 -6475

1 1542 -6896 -4082 1628 2528 -242
2 -644 9320 120 7399 948 -3592
2 1082 9214 746 5343 8338 -2602
1 1342 -6838 -4092 2394 1567 -1500
2 2660 7290 1052 2469 2008 -1204
1 666 -7496 -4266 3922 -5161 -2724
2 776 6462 688 -3804 -1910 58
1 -600 -7524 -4170 2210 -2791 779
2 -264 8216 492 -8484 -2646 1295
2 0 0 0 0 0 0
1 0 0 0 0 0 0
1 0 0 0 0 0 0
2 -134 9260 -420 -1906 -349 -243
1 0 0 0 0 0 0
2 0 0 0 0 0 0
1 640 -7164 -3520 101 -488 1052
2 -644 8674 450 4970 2160 -722
1 0 0 0 0 0 0
1 0 0 0 0 0 0
2 0 0 0 0 0 0
2 -2 8022 1004 3521 2102 -615
1 0 0 0 0 0 0
1 0 0 0 0 0 0
2 212 8116 972 297 1108 -14
1 0 0 0 0 0 0
2 1872 8606 -334 3 -2415 801
2 0 0 0 0 0 0
1 -1414 -9624 -2758 -942 -4107 -1631
2 818 7726 -142 -4574 5183 113
1 -1098 -7048 -1576 -515 -4524 2238
2 1098 9346 62 -172 1820 998
1 0 0 0 0 0 0
2 0 0 0 0 0 0
1 2804 -8442 -9472 761 8553 -2137
1 12928 -11346 -12648 -7925 10793 -4052
2 0 0 0 0 0 0
2 -1676 7304 -70 -2979 -1633 -1947
1 5936 -18236 -10366 -19830 4825 -9942
2 -238 10182 -762 -4664 8190 2155
1 3900 -13404 -6216 -17504 13948 -11204

1 2108 -4898 -9982 1022 -16573 -271
2 1030 8158 -26 -1395 1665 -944
1 684 -2576 -7622 -2844 9985 206
2 0 0 0 0 0 0
1 6 -5662 -3442 -969 -2633 -15804
2 3582 11280 -3564 -1768 2010 1462
2 5910 15380 -2628 5144 6807 9980
1 -5992 -10416 -5594 6840 8387 1726
2 3140 17130 -1098 10958 3631 13347
1 0 0 0 0 0 0
2 4348 12984 -600 6498 8764 17111
1 0 0 0 0 0 0
1 1158 -7082 -7308 5288 -8037 -1708
2 5158 7648 -902 -5023 10186 17658
2 0 0 0 0 0 0
1 -1758 -7058 -4606 4298 13894 981
2 0 0 0 0 0 0
1 2006 -7602 -4942 2888 11894 -370
2 0 0 0 0 0 0
2 -1194 1948 -810 -15948 4942 13999
1 -834 -8124 -4390 -1 713 -2664
1 0 0 0 0 0 0
2 -2758 4346 344 -18549 8374 10581
1 0 0 0 0 0 0
1 0 0 0 0 0 0
2 -8066 12462 -4390 -26183 17458 3185
2 -3200 21790 -5324 -14610 32082 -14153
1 352 -8436 -3870 -4076 9062 3016
1 1496 -7046 -3860 -2263 2090 195
2 344 26888 4546 8424 32767 -17903
1 0 0 0 0 0 0
2 698 18008 6880 18218 23254 -13535
2 -2080 8018 2552 8176 12331 -5623
1 1310 -7020 -3940 270 -5347 -5107
2 -1178 5482 648 281 10370 -1044
1 586 -6928 -3498 2479 -9075 -7283
2 -434 6268 -682 -4957 2967 -3355
1 658 -8242 -4242 4878 -10405 -10056
1 -254 -9188 -3900 4742 -14514 -13372
2 -1418 8634 -1700 -8867 2922 -3029

1 -3800 -7660 -9466 3237 5885 430
2 0 0 0 0 0 0
2 6996 6754 274 -4542 6395 17991
1 178 -3782 -6672 112 -2560 3223
2 -6908 10316 -4140 -4437 1557 1157
1 0 0 0 0 0 0
2 0 0 0 0 0 0
1 5126 -7454 -5614 1596 -15363 -5638
1 0 0 0 0 0 0
2 2736 8288 2860 -1014 -7723 -3368
2 -1196 9280 3078 -3401 -17545 -3108
1 -1852 -8168 -1700 4248 4687 -6309
1 -70 -8548 -3346 9974 2481 -7703
2 -1008 8218 798 -7255 3071 1316
2 -1110 7326 -350 -4555 -3060 -207
1 -1518 -7824 -4434 6685 3268 -4912
2 -816 7226 -2060 -1691 579 -97
1 2552 -5828 -7622 -1647 7370 2295
2 172 11162 -2214 1661 14371 2876
1 3506 -9674 -8136 -9746 1110 1787
1 5224 -13634 -7614 -17318 1101 -1208
2 2476 15564 692 5711 15573 13108
1 6742 -13048 -8400 -18396 -4295 -3898
2 1242 19588 640 13350 1294 12873
1 3572 -8600 -10570 -19123 8985 1838
2 1888 15492 -1036 12834 9122 17360
2 2602 10500 -2802 7455 10740 19014
1 3308 -4220 -8634 -15045 16474 -1300
2 1190 4468 -1446 5729 9583 18619
1 1388 -2732 -3302 -14023 14506 -8631
2 1124 2172 2204 6221 1527 15685
1 752 -2652 -394 -15085 533 -10001
1 2606 918 8704 -9883 15416 -10370
2 -1134 -2012 8562 -6132 3215 17930
1 904 -1180 7420 20845 12309 -10246
2 746 1814 8924 -29204 1629 15468
2 350 18340 -1466 -32768 1686 27447
1 -2274 -2446 -5790 16003 10126 -24936
1 -3682 -13136 -8634 14818 17480 -26801
2 -8608 17402 -11598 -23411 2636 15134

1 824 -7210 -5658 3464 -3814 -3173
2 -512 6680 -202 366 -3551 -1172
1 310 -8692 -5490 2841 7280 2410
2 952 7472 -800 -5910 1199 664
2 0 0 0 0 0 0
1 2242 -7082 -4956 -1496 5942 2545
2 1084 9500 -1394 -3555 -3263 2417
1 612 -6058 -4080 -538 -157 -1873
2 0 0 0 0 0 0
1 0 0 0 0 0 0
2 0 0 0 0 0 0
1 136 -7400 -4004 352 3790 2603
2 0 0 0 0 0 0
1 628 -7250 -3740 -485 929 2052
2 492 7240 -66 614 2642 -2670
2 268 8604 -46 -233 464 -1185
2 0 0 0 0 0 0
2 0 0 0 0 0 0
1 0 0 0 0 0 0
1 0 0 0 0 0 0
2 0 0 0 0 0 0
1 0 0 0 0 0 0
1 0 0 0 0 0 0
1 0 0 0 0 0 0
2 0 0 0 0 0 0
1 0 0 0 0 0 0
1 0 0 0 0 0 0
2 0 0 0 0 0 0
2 0 0 0 0 0 0
1 0 0 0 0 0 0
2 688 7426 4110 847 -10611 -416
1 1364 -6200 -4728 -1784 -2763 -3744
1 0 0 0 0 0 0
2 678 9494 1608 -5582 -2943 4350
2 1218 9756 1076 -4616 -8641 5940
1 0 0 0 0 0 0
2 3974 9900 5450 -2192 -18267 5840
1 0 0 0 0 0 0
2 7478 12796 1386 -1340 -24134 7683
1 2384 -8080 -5574 -4231 9615 7791

2 1148 10738 -1680 6834 -83 10508
2 -2724 14656 1830 15771 -19357 1968
1 734 -6988 -4602 -25 4367 2432
2 -4634 10028 3918 10545 8843 -12235
1 2000 -8020 -4200 -2574 -1653 249
2 1294 4896 2638 3447 19100 -777
1 1686 -8642 -1108 -3495 -12980 -1797
1 0 0 0 0 0 0
2 552 5512 514 -4566 -617 -4200
1 7382 -16234 -3310 5086 -14391 -22077
2 -578 9230 -196 -11931 6392 -3991
2 736 10508 -524 -8760 9241 477
1 3252 -14728 -5694 -7002 -30208 -26222
2 0 0 0 0 0 0
1 0 0 0 0 0 0
2 -2036 8822 -294 1545 -3539 -1457
1 -12538 -5350 -7050 -17722 -19574 16252
2 0 0 0 0 0 0
1 -7358 -3494 -1860 -10600 -9360 20790
1 -1710 -2252 1020 -9100 -10263 15069
2 -1686 8334 440 4275 -6367 1511
2 0 0 0 0 0 0
1 -268 -2160 3210 -989 -15342 8921
2 -1204 7996 -6 1336 -722 -607
1 -1220 -5860 1100 10279 -16756 4514
2 0 0 0 0 0 0
1 -1226 -16822 -3248 26763 -19349 3575
1 1234 -26512 -18732 27457 1723 12026
2 0 0 0 0 0 0
1 3600 -20884 -15644 22912 -12358 -1823
2 304 7792 -160 -1116 -8224 1828
2 0 0 0 0 0 0
1 58 -14430 -13156 15759 -3965 -13074
1 -8 -7316 -9264 4157 -296 -9286
2 368 8984 -1888 -6455 12374 981
1 -276 -7392 -6346 -4210 -5664 -3465
2 1812 9020 -952 3242 6836 1547
1 208 -9966 -4886 -10236 -11073 7263
2 -914 9760 16 8115 -4080 1024
1 962 -10718 -4348 -12506 1743 13347

1 1494 -7722 -4278 -1607 -12689 -3678
2 6350 16440 -334 2664 -30065 14491
2 -1642 12194 -8298 17382 -21735 10530
1 -1032 -7792 -3796 -1418 -831 1453
2 -5932 5022 -3108 21627 -11100 -1894
1 1064 -7540 -4528 -772 4657 1209
2 0 0 0 0 0 0
1 0 0 0 0 0 0
2 0 0 0 0 0 0
1 0 0 0 0 0 0
2 0 0 0 0 0 0
1 0 0 0 0 0 0
2 -484 16702 -130 -8699 -9579 -27067
1 0 0 0 0 0 0
2 7896 31204 3206 -9362 11232 -21027
2 8988 28292 2614 -15563 -6167 -21880
1 2770 -9042 -5062 1262 -2711 -3318
1 1200 -5704 -3034 2869 -4611 -3493
2 5602 15374 -2194 -10900 -756 -8959
1 -180 -5682 -3802 9090 1428 -6670
1 0 0 0 0 0 0
2 4744 8646 -2690 -3341 -8891 97
2 574 7578 -2374 3930 -13913 4001
1 638 -7266 -5548 -1924 385 1695
1 2366 -9086 -5500 -9734 2131 4102
2 0 0 0 0 0 0
1 0 0 0 0 0 0
2 -1956 15314 1434 17976 9173 -5877
2 0 0 0 0 0 0
1 1864 -8004 -3720 -7892 1207 3683
2 1204 5552 1998 9457 4737 -1292
1 1818 -5962 -3088 -4250 -780 2192
1 1914 -6322 -3220 314 502 1383
2 318 3596 1614 -363 -1398 -4664
2 62 7874 454 -13122 -595 -3013
1 2544 -7034 -3994 6144 -669 -406
1 2734 -7430 -4194 9465 -84 -1724
2 300 13650 -230 -18689 -625 -1894
2 2450 13316 -1254 -9238 -3510 -1427
1 2706 -8430 -5346 10442 -3261 -7036

1 1102 -7762 -4452 -1246 -2734 432
2 1176 8048 -410 401 6462 -1953
1 1140 -6586 -4438 -986 -522 2801
2 878 7518 -736 -1581 3438 -1221
1 0 0 0 0 0 0
2 380 8596 -872 -2670 1329 751
1 0 0 0 0 0 0
2 0 0 0 0 0 0
1 0 0 0 0 0 0
2 0 0 0 0 0 0
2 -248 8074 -1120 -304 243 247
1 0 0 0 0 0 0
2 0 0 0 0 0 0
1 0 0 0 0 0 0
1 0 0 0 0 0 0
2 850 8538 -1088 1867 -4036 2031
1 1776 -8390 -5424 3487 8150 4166
2 -8 8438 -382 3120 -8868 1158
1 2126 -7682 -4970 -77 7433 4103
2 0 0 0 0 0 0
1 388 -6454 -3502 -1584 -685 418
2 -30 7174 -2226 -1392 -3151 -928
2 2542 9100 -2974 -1854 978 -354
1 0 0 0 0 0 0
2 0 0 0 0 0 0
1 0 0 0 0 0 0
1 0 0 0 0 0 0
2 2106 7302 -3016 1490 -4082 336
1 0 0 0 0 0 0
2 436 7554 -3418 1967 -6639 -181
2 -1162 7312 -3716 1414 172 -208
1 0 0 0 0 0 0
1 0 0 0 0 0 0
2 1436 8548 -4214 1727 8588 -61
2 0 0 0 0 0 0
1 528 -7066 -7618 -6624 -4142 -3125
1 0 0 0 0 0 0
2 0 0 0 0 0 0
1 -1024 -5004 -4946 -4577 -651 -1723
2 -432 5794 -2826 3587 -2651 1157

2 -6106 5476 -11602 -10063 -23289 -13546
1 -6666 2808 -10876 9243 -6114 -4275
1 -4298 4824 -9400 1543 -12575 2658
2 0 0 0 0 0 0
2 -5864 3604 -5500 -1242 510 -1801
1 -2074 2324 -6458 7191 -2111 2315
2 -8548 5194 -5638 -150 -1850 -1122
1 -9120 -3450 -12484 2323 -2359 -726
1 -3868 228 -5758 -1186 3772 3637
2 0 0 0 0 0 0
2 0 0 0 0 0 0
1 0 0 0 0 0 0
1 -6752 524 -6432 561 -1339 -1391
2 0 0 0 0 0 0
1 0 0 0 0 0 0
2 -6856 2200 -3152 -2984 3913 3236
1 0 0 0 0 0 0
2 -5176 2050 638 -15887 20057 5279
2 -138 10218 -7132 -15757 9810 -7891
1 -6084 -1880 -7052 5430 542 537
2 5420 10194 -8140 2282 6890 918
1 -5124 -1230 -7670 1649 1234 1696
1 0 0 0 0 0 0
2 64 5940 -3114 2471 1855 811
2 986 6890 62 -5959 11899 11700
1 -4770 -1236 -7234 2996 3285 2315
2 -2444 10582 -2746 -4216 2532 -2429
1 -1916 -1884 -5594 4372 6842 830
1 0 0 0 0 0 0
2 5200 9146 1078 3080 -12014 908
2 244 7494 2116 -774 -22395 3089
1 0 0 0 0 0 0
2 -884 10598 2682 -8648 -12112 4524
1 2212 -6726 -2518 5629 -4580 -11981
2 3584 17018 844 -6316 -21201 9879
1 1100 -15812 -12236 7827 -17607 -26150
2 3444 18590 -678 11726 -32768 10165
1 -6440 -15460 -17898 -14506 -19645 -4973
2 -10312 11108 -4180 31020 -29585 -3048
1 -5202 -15770 -10834 -32768 9392 13304

2 550 9394 -3826 -13157 1506 -3250
1 -806 -7342 -7468 7762 5957 4195
2 3152 11142 -4868 -6116 304 -2524
1 -1180 -4968 -8602 288 -7896 3137
2 0 0 0 0 0 0
1 0 0 0 0 0 0
2 772 9088 -5444 12224 -5767 8259
1 -2086 -6558 -5954 -5997 -177 -11806
2 -608 6644 -1530 12413 -6987 8576
1 -1272 -5488 -5610 1176 1539 2679
2 0 0 0 0 0 0
1 6534 -5446 4298 6831 -19362 -6631
2 -94 15952 5410 -16512 -9321 9524
1 4910 -16878 -8052 12483 -470 -13351
1 -908 -16284 -14288 38 -27046 -20391
2 4644 32767 -796 -17562 -25990 26972
1 -14730 -11894 -12784 -32768 -23488 14983
2 -6290 22888 -4596 17101 -32768 18058
2 -12338 9324 1578 29077 -30667 -21666
1 154 -8924 852 -32768 5473 22457
1 856 2188 4126 -20760 -5085 3599
2 -12298 13620 4542 11023 7170 -29113
2 -3384 13216 5472 8470 4925 -27462
1 -4992 -8518 2444 7165 -15713 1432
2 -2974 24232 6740 -17073 -11317 -32768
1 -3032 -17718 -398 32767 -11365 4795
1 4490 -32768 -17830 32767 14725 14375
2 4070 32767 10826 -30763 10059 -28636
2 7220 25122 3480 -15409 -24895 -16764
1 8226 -18276 -16112 12549 -10048 4553
2 1250 14254 -3944 -13398 -11024 4868
1 -1892 -6746 -12430 8743 -7502 -6264
2 -798 8400 -6212 -333 -3855 4151
1 -2188 -1868 -6752 183 1008 -2335
2 -2552 9872 -748 15034 -1047 -1325
1 -752 -5332 -3890 -2785 -2076 -4386
2 -2816 14438 2260 20989 -1792 -9596
1 1042 -11082 -5562 -4190 -14817 -4133
2 -540 12254 4098 12168 15193 -14397
1 60 -10768 -3616 -1979 -6319 11886

2 -486 6192 -42 6400 -12716 -2436
1 -2010 -7300 -4752 -10813 -7550 5454
2 3012 6234 -78 -2518 7456 -1443
1 174 -4324 -3428 -4171 3248 5127
2 4260 7652 116 -7971 -3487 -2832
1 0 0 0 0 0 0
2 2948 11030 270 -9608 -6217 2115
1 0 0 0 0 0 0
1 0 0 0 0 0 0
2 0 0 0 0 0 0
2 -406 7988 -1348 -2767 -6188 2030
1 0 0 0 0 0 0
2 118 7370 -1712 -1915 -1177 2040
1 0 0 0 0 0 0
1 2168 -8520 -6384 303 -2324 -1335
2 -1784 10168 -718 275 -7 -86
1 1452 -7756 -5296 -4416 -4280 2455
2 -1692 9740 -226 5407 4522 -5608
2 -510 9364 882 8206 11666 -6844
1 0 0 0 0 0 0
1 2390 -6322 -3784 -1059 -161 611
2 992 7734 802 5125 4493 -3945
1 0 0 0 0 0 0
2 -688 7936 518 -1357 424 -2740
2 0 0 0 0 0 0
1 1626 -6370 -3916 4298 -1042 -1995
1 0 0 0 0 0 0
2 398 8810 206 -6409 -5206 2578
2 -2168 10688 230 -4673 -11997 4969
1 0 0 0 0 0 0
2 -2276 7884 -712 2452 -7888 -806
1 1318 -7032 -4320 -1856 888 730
1 5312 -6474 -5018 -3365 -1778 -5573
2 4506 5670 3536 1462 3616 -1122
1 7932 -15512 -11098 -8358 -424 -9083
2 14066 13882 7760 -1997 -12916 8206
1 5876 -17972 -11060 -16656 -4827 -12730
2 7832 23638 2394 2494 -19215 15283
2 1830 8290 -2190 9202 -11337 13726
1 -1576 -1746 -3230 -14735 -6482 -10830

1 1234 -10710 -7572 23549 -8484 3952
2 3868 17884 -956 -8983 15134 -15826
1 -2286 -15830 -9696 19416 -13707 912
2 -230 21930 448 -2429 8536 -15655
1 1132 -184 -9038 -2559 8522 1858
2 13000 10706 7554 5084 20245 2034
1 -2852 -9496 -2484 -2466 14079 -29
1 818 -7724 -2862 -4420 3175 -12384
1 0 0 0 0 0 0
2 10 7012 2094 57 -18465 2240
2 -3248 9068 1336 -1481 -8251 10186
2 -1126 7622 -248 -4060 2502 1633
1 -1346 -7848 -3226 6263 -2056 2693
2 0 0 0 0 0 0
2 -124 8988 -726 855 2070 -2101
1 0 0 0 0 0 0
1 876 -8658 -5842 -508 1695 4224
2 -300 9908 -354 4134 2698 -4653
2 2534 8900 1086 4893 10977 -265
1 404 -8078 -3896 -5552 1322 3372
2 466 7018 316 4003 -4162 -820
1 0 0 0 0 0 0
2 -854 6540 528 -867 -1014 634
1 0 0 0 0 0 0
1 -206 -6790 -2772 2206 -5739 -3064
2 -1374 8926 1130 -6181 -2585 3394
1 1502 -6432 -5734 9536 256 -1684
2 -3050 8410 1462 -8010 -9387 5168
2 -4638 8756 1964 -7569 -2011 413
1 1058 -6560 -5162 5250 2226 -1044
1 -666 -8814 -4566 3775 -584 -1212
2 -2214 7998 1520 -4932 -97 -2054
2 692 7722 1914 -4328 -519 -7884
1 0 0 0 0 0 0
1 0 0 0 0 0 0
2 -276 7322 2750 551 -585 -5738
1 -854 -8256 -546 -1401 403 3051
2 -2664 7106 5542 1884 7624 -90
2 0 0 0 0 0 0
1 -1010 -8570 -736 619 -686 95

1 -56 5410 -5998 134 15 2772
2 -1132 8838 454 5606 -6805 1793
2 0 0 0 0 0 0
1 -9908 2854 -5022 -545 -7683 3836
2 0 0 0 0 0 0
1 -6742 6440 -3764 7250 -24937 16218
2 122 5148 -742 4374 -2489 -1226
1 -694 4480 -2910 16354 -13243 14825
2 0 0 0 0 0 0
1 -1544 -14504 -14312 20394 -3875 -2731
1 2636 -5218 -13476 229 1854 226
2 634 10262 -3058 -3154 -1470 -2563
2 -292 6864 -1306 -4703 -3822 -1944
1 0 0 0 0 0 0
2 -3384 10380 -2894 -9608 -8451 2865
1 370 -3742 -9082 396 4515 -2593
1 -528 -2542 -6880 -1802 493 -1803
2 -6018 7536 -1376 -1183 4534 797
1 0 0 0 0 0 0
2 -4368 5352 236 939 -1758 -481
2 -3672 6518 642 -75 4021 1858
1 0 0 0 0 0 0
1 432 -2230 -7676 684 -2795 501
2 0 0 0 0 0 0
2 -1080 9114 790 2276 -3502 -2869
1 0 0 0 0 0 0
2 0 0 0 0 0 0
1 0 0 0 0 0 0
2 -1528 7732 1732 939 -8141 5564
1 1166 -1704 -6402 -186 192 294
2 0 0 0 0 0 0
1 1628 -3590 -9666 2167 1003 1290
1 490 -1800 -7018 -1649 -4352 883
2 -1478 8884 -12 -1388 -4842 1630
2 0 0 0 0 0 0
1 124 -1312 -8406 247 -1370 1516
1 0 0 0 0 0 0
2 1310 7772 -714 -222 5009 -1778
2 2314 7684 818 643 3382 -1470
1 182 -4400 -3454 -4211 -2744 1512

1 -1366 -8606 -1608 447 -693 -372
2 -3880 8280 1410 -534 2248 -8
1 0 0 0 0 0 0
2 -3574 8190 2332 838 702 815
1 -1104 -8456 -1676 -1941 5883 3192
2 -3324 8078 3008 2326 -3169 1019
1 -2056 -10750 -914 -1485 12062 4501
2 -3672 8354 2096 2338 -5549 1478
1 -2118 -7846 -1244 1263 3149 3071
2 382 7368 -850 1858 -1139 1705
1 0 0 0 0 0 0
2 -1516 4238 1040 3879 -4567 69
1 0 0 0 0 0 0
2 8552 4190 3716 2828 -3183 3468
1 2734 -15518 -8072 -6067 -1021 -16077
2 4128 30100 6272 2536 -18313 12523
1 9274 -18354 -18470 -6779 -5803 -9882
2 4700 24064 842 6289 -22761 15922
1 3082 -2030 -5866 -16536 -12640 -11978
2 -4678 10110 -1364 13075 -12939 15107
2 -6734 10774 1618 13399 -1462 13634
2 -3528 4016 3790 12091 -1920 9923
2 -13982 -21748 5198 2528 -1156 2416
1 -2778 -9126 -864 -15367 10992 -3573
1 2992 -4142 -1422 -7751 5348 -9654
2 -4418 20052 4778 -10139 19993 -30760
1 -2736 10384 3152 -4172 9717 -12426
1 -7456 2284 1514 12380 -3706 13746
2 1728 14950 1400 -379 7535 -20015
1 820 -12820 -5920 8649 -461 20523
1 0 0 0 0 0 0
2 -30 13438 1896 1517 3183 -19451
1 2698 -19202 -7116 11761 -6483 19759
2 -394 32767 1546 874 7828 -25652
1 17674 -30122 -32768 11840 7776 -8223
2 10726 11506 2478 1866 10448 -8326
1 -3134 -5198 -4486 -5798 -1446 -5160
1 1164 -5544 -2272 -7900 9752 -8815
2 -1240 4532 -756 1350 -1252 7538
2 1002 6572 710 -612 2792 13092

2 1290 7744 -286 580 849 -168
1 -706 -7770 -3410 311 -769 -673
2 422 8168 -382 -1694 801 431
1 -342 -7920 -3676 -560 -1567 303
2 -636 8562 52 -600 -3399 1288
1 0 0 0 0 0 0
2 0 0 0 0 0 0
1 702 -7664 -4374 -1161 2517 3812
1 942 -7580 -3718 -1849 -992 701
2 0 0 0 0 0 0
2 0 0 0 0 0 0
1 0 0 0 0 0 0
2 0 0 0 0 0 0
1 0 0 0 0 0 0
2 0 0 0 0 0 0
1 -460 -7490 -2952 3655 -1449 -2318
1 0 0 0 0 0 0
2 0 0 0 0 0 0
2 0 0 0 0 0 0
1 560 -7692 -3832 1469 -1889 -1473
2 -2254 7920 1178 -1337 -655 -1547
1 -892 -8194 -3350 1208 -1407 -1373
1 0 0 0 0 0 0
2 0 0 0 0 0 0
1 -386 -8142 -2884 -3524 -3026 1262
2 0 0 0 0 0 0
1 0 0 0 0 0 0
2 -1120 8464 -218 844 2670 2422
2 0 0 0 0 0 0
1 0 0 0 0 0 0
2 714 7852 12442 3182 -21574 2360
1 0 0 0 0 0 0
2 4238 16060 8376 -10083 -6430 10698
1 374 -7090 -4552 3188 6201 2395
2 -54 19984 2120 -2587 -28782 19483
1 628 -6548 -3788 1157 3076 827
2 -14586 4560 -958 5346 -12090 7264
1 0 0 0 0 0 0
2 -8872 -976 -2400 2407 2535 -8751
1 0 0 0 0 0 0

1 4918 -12350 -1278 3919 -8287 -14902
1 6702 -17218 -6450 -99 -19948 -26727
2 -1546 8086 810 652 1680 -465
1 0 0 0 0 0 0
2 -1874 8832 640 -451 -45 1267
1 -3446 -5796 -9236 -16476 -16045 -2913
2 0 0 0 0 0 0
1 -5126 -3924 -5134 -15187 -13803 6157
2 0 0 0 0 0 0
1 -438 198 -2252 -12409 -7897 13051
2 0 0 0 0 0 0
1 -1636 3828 -458 -10388 -9637 10123
1 0 0 0 0 0 0
2 0 0 0 0 0 0
1 -1072 -1066 2634 -484 -16395 14350
2 -1744 8094 -96 1713 -4536 -877
1 -466 -4718 448 6913 -16479 13662
2 0 0 0 0 0 0
1 -938 -11412 -8990 20947 -22825 3859
2 0 0 0 0 0 0
1 1386 -21258 -16304 21907 -11496 4214
2 -954 10482 248 711 -1565 -175
2 0 0 0 0 0 0
1 4146 -10688 -19064 12040 1721 5844
2 -1014 5830 -804 -4145 -459 1776
1 6466 -5486 -30182 -2621 8821 1508
1 6250 -27934 -25696 -30071 8054 -4495
1 -5446 -22796 -12110 -24297 20086 -10155
2 0 0 0 0 0 0
1 -7068 -14270 -3308 -9375 28274 -11959
2 0 0 0 0 0 0
2 -76 7960 206 1155 2601 -1187
2 0 0 0 0 0 0
2 0 0 0 0 0 0
1 -4926 -10830 5236 16396 32767 -13505
1 -13246 -14906 -2022 30565 11023 -5880
2 0 0 0 0 0 0
1 -12462 -21952 -15378 32767 15702 14725
2 -562 8530 582 -1035 4580 2345
2 0 0 0 0 0 0

1 -104 -8270 -3354 983 745 -1643
2 878 8090 -124 2893 161 -939
2 900 8018 72 331 1245 -727
1 -104 -7492 -3674 1030 495 -1165
1 0 0 0 0 0 0
2 670 8254 82 -1286 -1983 1058
2 -1706 9712 1878 -1267 -11044 1181
1 0 0 0 0 0 0
2 1856 10930 4070 -2528 -12332 1835
1 582 -7698 -3556 -2124 3318 4383
1 978 -7602 -2366 -1599 -315 3475
2 4744 19982 2370 281 -25634 11408
1 286 -7608 -1768 414 -1350 1074
2 2070 19416 -2462 16466 -22083 19807
2 0 0 0 0 0 0
1 0 0 0 0 0 0
1 0 0 0 0 0 0
2 -13114 6398 -4510 22072 -8875 -4118
1 -376 -8068 -3444 1266 -4922 -5034
2 -5082 7678 3214 20367 -4667 -16925
1 -852 -8070 -3340 -1169 -2472 -1710
2 -1296 8544 5400 10832 -3501 -22332
1 0 0 0 0 0 0
2 -1036 11090 4904 -3685 -21736 -26359
2 -820 27544 2316 -24430 -1220 -24378
1 0 0 0 0 0 0
1 1244 -9292 -3600 -3509 -5547 728
2 2182 32767 2280 -21141 -3333 -16389
1 504 -5134 -2216 936 -1199 1929
2 124 28312 -5514 -24594 -17797 -9267
1 958 -6126 -3808 7379 4928 -1066
2 3012 11526 -4330 -5632 5487 -1593
1 284 -8656 -4756 4753 1935 -2034
2 -78 6524 -3032 -72 -8862 2320
1 0 0 0 0 0 0
2 -740 6686 1738 8241 -4555 2964
1 0 0 0 0 0 0
2 -506 8770 3444 8058 -2105 -584
2 0 0 0 0 0 0
1 0 0 0 0 0 0

1 816 -6600 -5188 707 542 1187
2 44 9086 -1132 1570 4145 1736
1 1030 -6442 -4290 -633 6620 2767
2 160 6944 -1160 1982 1026 871
2 -542 7226 -1080 -1095 -5456 3631
1 0 0 0 0 0 0
1 0 0 0 0 0 0
2 0 0 0 0 0 0
2 494 8748 -1144 -693 273 -94
1 0 0 0 0 0 0
2 0 0 0 0 0 0
1 0 0 0 0 0 0
2 0 0 0 0 0 0
1 0 0 0 0 0 0
1 0 0 0 0 0 0
2 0 0 0 0 0 0
2 0 0 0 0 0 0
1 0 0 0 0 0 0
1 0 0 0 0 0 0
2 3084 12998 -5020 5687 -4639 5973
1 -488 -7392 -4076 643 5108 4270
2 4222 20650 -9154 14024 2289 3596
2 2002 26850 -5578 23666 13250 12969
1 770 -7152 -4218 995 8693 4684
1 0 0 0 0 0 0
2 -2202 13862 -3030 12554 15080 23925
1 -212 -8046 -3644 -361 -233 -122
2 -2828 5458 1960 2396 11606 23083
1 0 0 0 0 0 0
2 -2084 2972 4610 -13741 14689 20922
1 0 0 0 0 0 0
2 0 0 0 0 0 0
1 0 0 0 0 0 0
2 -5598 12326 -2904 -30060 22323 6440
1 0 0 0 0 0 0
2 -1284 18452 -4678 -18864 30738 -11326
1 -266 -7400 -3488 1284 -2073 -2895
2 2120 23956 2096 7161 32767 -16737
1 -366 -7682 -4230 1180 4507 -4221
2 1532 19250 4996 20825 14139 -9017

1 280 -7626 -2780 -178 -2285 714
2 -1002 7920 -826 1432 730 -823
1 0 0 0 0 0 0
1 3570 -9568 66 -585 -8500 -2268
1 10948 -12832 374 4720 -13563 -14429
2 -530 7852 -890 485 4049 -1372
2 0 0 0 0 0 0
2 -400 7874 -330 -114 7013 -3651
1 7946 -18724 -5968 -3518 -28211 -28580
2 398 8166 -180 -123 5312 -2129
1 1032 -14030 -10662 -15165 -31089 -14890
2 -590 8670 256 945 -1466 394
1 0 0 0 0 0 0
2 -1550 8708 1228 327 -3672 2505
1 -8886 -9422 1244 -15181 -25046 17504
2 -1984 7782 1022 -1101 -4862 3292
2 0 0 0 0 0 0
1 -1916 -9596 1898 -2536 -11986 22602
1 0 0 0 0 0 0
2 -1316 9142 -860 -199 -2593 694
1 -1656 -13358 -1416 19909 -28130 6441
2 0 0 0 0 0 0
1 -444 -25876 -11514 27331 -12429 1906
2 0 0 0 0 0 0
1 -1546 -29486 -18928 30763 -7726 -6316
2 0 0 0 0 0 0
1 -7838 -14462 -17100 17060 -6566 -6666
2 320 6194 -424 -2324 408 -1679
1 -5090 -3964 -11402 72 -4407 -2642
2 404 7338 -1508 -5760 3039 -819
1 -2394 -8368 -6626 -8887 1198 573
2 0 0 0 0 0 0
1 0 0 0 0 0 0
2 0 0 0 0 0 0
1 1074 -7032 894 -2058 4493 -686
2 -1138 9228 360 5691 -55 2772
1 926 -8786 -2796 1391 3489 60
2 0 0 0 0 0 0
1 0 0 0 0 0 0
2 0 0 0 0 0 0

1 -626 -7006 -4664 -252 -31 -8467
2 -36 8254 -1096 -494 497 -50
1 0 0 0 0 0 0
2 0 0 0 0 0 0
1 854 -6484 -4292 509 -8552 871
2 0 0 0 0 0 0
1 458 -8328 -2210 1520 -15891 -6161
2 0 0 0 0 0 0
1 1892 -9668 -5280 6444 -6675 -5399
2 0 0 0 0 0 0
1 11380 -12984 -4916 4540 -7816 -15828
2 0 0 0 0 0 0
1 5650 -18298 -7964 -10549 -32768 -26914
2 0 0 0 0 0 0
1 1462 -14718 -12344 -20699 -23087 -9237
2 0 0 0 0 0 0
1 -5728 -10226 -5384 -23398 -29879 1826
2 -696 8100 540 -798 -6301 2108
1 -5404 -8202 2054 -10801 -16135 22129
2 -1726 7536 968 -2121 -9116 2281
1 -764 -4924 3056 -3832 -19206 18510
2 -2000 9422 -654 -3887 -625 1673
1 -598 -3948 1204 7731 -20548 13522
2 -230 9562 -654 1135 3458 225
2 0 0 0 0 0 0
1 -3246 -10488 -3034 16814 -17860 1920
1 -2770 -22884 -14570 32767 -16216 -5975
2 0 0 0 0 0 0
1 2170 -27380 -20244 28821 -5066 -6067
2 74 8262 690 2352 -1847 -2391
1 -230 -10274 -18924 13166 -7151 -3540
2 522 5858 -70 -3254 4237 40
1 -4738 -6100 -9650 1361 -8101 -4036
2 0 0 0 0 0 0
1 -2080 -6140 -5136 -1275 -3324 -533
2 -1364 9306 -804 -1363 1090 424
1 2352 -8498 -2160 -5152 5368 2138
2 -672 8414 196 3970 4000 349
1 1306 -7940 -1806 -822 -3509 -679
2 -1174 8002 1176 5093 -5958 -2417

1 -484 -7216 -4134 213 -1010 -511
1 0 0 0 0 0 0
2 54 8554 828 3142 -1031 244
1 3838 -8548 48 -1543 -9858 -2926
2 -1034 8530 8350 -351 -12288 -786
1 9074 -10662 1790 7296 -2880 -9686
1 8986 -16324 -3894 9838 -17619 -22844
2 4552 14054 5074 -10648 -8476 2204
1 4070 -11220 -5106 -3252 -32768 -19677
2 1928 19170 3196 -2034 -24783 15618
2 1174 15316 -306 8428 -26151 19890
1 -3150 -5634 -8414 -12948 -19751 -6951
1 -9814 -5272 -5950 -9604 -25399 5422
2 -9520 5034 -4634 21303 -32768 -629
2 -4562 5942 -7206 10705 -2185 -14972
1 -7490 -2798 -5814 -2198 -24396 15340
2 -2362 5014 -1836 11303 -2382 -15566
1 -3920 -4622 -866 2976 -8374 18788
2 0 0 0 0 0 0
1 0 0 0 0 0 0
2 1036 7076 4410 -5242 -139 -23634
1 5582 -6782 -882 15341 -7316 17525
2 760 15872 1454 -13278 -2412 -22060
1 2350 -11250 -11090 23275 -11235 4611
2 5628 24722 -950 -17399 -1388 -17722
1 4608 -18962 -14348 24537 -939 6428
2 782 28114 -2684 -24177 -12346 -6563
1 4232 -18300 -15708 20157 -6980 -4662
2 -362 18230 -6600 -14847 -4852 -2914
1 -2736 -10116 -10312 10708 -4389 -5563
2 1972 8000 -5114 -2727 -1202 592
1 170 -5286 -7540 2717 3418 -977
1 0 0 0 0 0 0
2 0 0 0 0 0 0
1 10 -9384 -4224 -8179 486 678
2 0 0 0 0 0 0
2 -344 9924 2994 9475 4195 -4419
1 1372 -9930 -1216 -9036 -1515 6707
2 0 0 0 0 0 0
2 -18 8706 1402 5461 5616 -3065

1 750 -7280 -4094 -185 231 415
2 286 8174 -906 255 509 -153
1 884 -7342 -4006 -268 227 224
2 130 8252 -956 220 479 -169
1 0 0 0 0 0 0
2 0 0 0 0 0 0
1 0 0 0 0 0 0
2 0 0 0 0 0 0
1 0 0 0 0 0 0
2 0 0 0 0 0 0
1 0 0 0 0 0 0
2 0 0 0 0 0 0
1 0 0 0 0 0 0
2 0 0 0 0 0 0
1 0 0 0 0 0 0
2 0 0 0 0 0 0
1 0 0 0 0 0 0
2 0 0 0 0 0 0
1 0 0 0 0 0 0
2 0 0 0 0 0 0
1 0 0 0 0 0 0
2 0 0 0 0 0 0
1 0 0 0 0 0 0
2 0 0 0 0 0 0
1 0 0 0 0 0 0
2 0 0 0 0 0 0
1 0 0 0 0 0 0
2 0 0 0 0 0 0
1 0 0 0 0 0 0
2 0 0 0 0 0 0
1 0 0 0 0 0 0
2 0 0 0 0 0 0
1 0 0 0 0 0 0
2 0 0 0 0 0 0
1 0 0 0 0 0 0
2 0 0 0 0 0 0
1 0 0 0 0 0 0
2 0 0 0 0 0 0
1 0 0 0 0 0 0
2 0 0 0 0 0 0

2 510 7948 -1084 2422 432 -3721
1 -352 -7192 -4058 347 -326 -1415
2 0 0 0 0 0 0
2 0 0 0 0 0 0
1 0 0 0 0 0 0
1 348 -7420 -3360 -3740 -5659 1491
2 0 0 0 0 0 0
1 5038 -7866 1912 -223 -5178 -1543
2 2760 10528 4310 1414 -11761 3311
1 13780 -14460 -840 12165 -6985 -16583
2 4880 15472 -1694 -5008 -1679 15857
1 7392 -17874 -4484 -2202 -32768 -29507
2 1754 19586 818 10982 -24381 10192
1 -2364 -9704 -8102 -12874 -26061 -11424
2 1254 14292 60 22001 -29389 -1100
1 0 0 0 0 0 0
2 -13488 3112 4992 14776 -32768 -21446
1 -8164 -4950 -2206 -5341 -18465 13086
2 -6664 4274 1490 -3881 -3849 -18511
1 -2088 -5096 -1104 2820 -9886 22883
2 -430 3984 680 -10102 1159 -18408
1 3316 -1176 2348 4049 8285 18960
2 0 0 0 0 0 0
1 766 -3918 -3634 9008 -16312 12649
2 1634 2956 -838 -10385 2133 -15507
1 20498 2540 -21724 6314 6467 16573
1 21528 688 -17902 -9330 4513 -11153
1 2964 -11012 -3614 -9272 20364 -21126
2 11968 11574 -24422 -15036 415 -10823
2 8180 7380 -23154 12719 -2476 12774
2 4678 4890 8206 14147 18694 25726
1 -9164 -22192 -4706 19961 32767 -19053
2 -292 22866 2122 -13900 16724 32767
1 0 0 0 0 0 0
2 -14146 13852 2986 -22316 11279 17965
1 4932 -19900 -19582 19805 24070 32510
2 -3750 19420 -5744 -28269 19011 17
1 16530 -25240 -16116 -17005 29065 32767
2 -4748 32306 -3412 -17392 32767 -20021
1 -912 -24146 -12248 -18512 -13829 16013

1 454 -7420 -4356 857 -55 129
2 1392 8348 -1788 1011 44 35
2 1692 8078 -1852 1880 467 -7
1 322 -7400 -4140 -364 -82 365
1 0 0 0 0 0 0
1 0 0 0 0 0 0
2 1670 8002 -1910 2092 -141 396
1 0 0 0 0 0 0
2 0 0 0 0 0 0
2 0 0 0 0 0 0
1 -1012 -7260 -4792 -2237 -1857 238
2 0 0 0 0 0 0
1 -1060 -7490 -5288 -3486 1895 947
2 0 0 0 0 0 0
1 -1108 -6724 -4168 -4879 -2052 160
2 0 0 0 0 0 0
2 1350 7336 -2826 -1371 3377 -2071
1 798 -6192 -4082 -2642 -2564 -838
2 0 0 0 0 0 0
1 3630 -7394 -7688 -3115 -9950 -9018
1 5380 -7012 -21866 -9243 -1766 -8272
2 0 0 0 0 0 0
1 2272 -10382 -25736 -14518 12072 -9532
2 0 0 0 0 0 0
2 0 0 0 0 0 0
1 -1760 -14484 -12584 -18487 16617 -13821
1 -3532 -4756 4530 -14909 6761 -15296
2 0 0 0 0 0 0
2 0 0 0 0 0 0
1 -8094 -1550 12868 -592 -1288 -3186
1 282 -776 7056 11729 -2672 3673
2 0 0 0 0 0 0
1 -1130 -6712 -5532 21218 -13459 -1588
2 0 0 0 0 0 0
1 -7944 -8588 -13556 22539 -5865 -4887
2 822 7628 -1784 -3970 1023 -454
1 -3204 -4284 -27598 14577 3950 -1541
2 0 0 0 0 0 0
1 -5768 -1156 -32748 -8197 763 2009
2 0 0 0 0 0 0

2 764 7610 -1228 377 1036 -611
1 7458 -6626 -15904 -7970 -9580 -5806
2 0 0 0 0 0 0
1 -11288 -14930 -22410 -23705 -11227 1467
1 -10820 -16162 -8422 -28051 4885 17047
2 610 8508 -1306 616 3790 -524
2 608 8402 -1228 688 -92 503
1 424 -5384 1074 -18143 8937 7359
2 0 0 0 0 0 0
1 1856 -4664 10732 -2770 4992 262
2 0 0 0 0 0 0
1 0 0 0 0 0 0
1 -6186 -7970 -880 21066 -9247 -5516
2 0 0 0 0 0 0
1 300 -8510 -23904 30928 -812 9473
2 0 0 0 0 0 0
2 0 0 0 0 0 0
1 -2804 3772 -32768 -415 -2678 7048
2 0 0 0 0 0 0
1 -3570 -11376 -26256 -32768 17236 3457
2 118 7698 -1690 2757 -3999 800
1 -14442 -9394 10252 -31956 -5983 4772
2 1204 7858 -1066 2254 3975 570
1 32767 -14556 8434 -3645 20842 16866
2 1312 8090 -936 3289 -6185 808
1 7774 -4566 -138 19667 -854 -24326
2 430 6164 -2912 -177 -750 82
1 -30422 440 -21778 4532 -10697 -16184
2 0 0 0 0 0 0
1 10640 -1738 -8086 -9205 -11758 32526
2 1992 9346 -2036 619 729 401
1 32767 2856 23304 914 8946 -5831
2 0 0 0 0 0 0
1 -1804 -282 -8940 16582 2705 -17895
1 -20938 -1490 -14352 -2424 -9438 4881
2 0 0 0 0 0 0
1 18406 18 3292 -8587 4739 25710
2 0 0 0 0 0 0
1 21062 3298 15324 6666 1986 -8221
2 1446 9196 -2112 851 893 94

2 -10946 8590 -11886 24917 3746 22916
2 -4412 11798 -2298 28615 7093 -8398
1 2138 -12210 -4658 7182 -12359 -1020
2 18366 -2044 24234 8269 19119 4852
1 2140 -7674 -2570 -2456 -5497 -846
2 4582 3384 2278 -29542 2466 7315
1 0 0 0 0 0 0
2 -11066 -1762 -24816 -1271 -17691 -1548
2 4726 1174 -5592 20912 -3330 -18015
1 -1438 -7402 -4332 3222 1260 -2167
2 22170 -1298 25520 7088 18368 713
1 -624 -8402 -3720 234 994 -1665
1 -414 -8832 -1710 -4934 -3826 1263
2 7288 -238 2962 -26353 3460 7966
1 -916 -7354 -1998 -2445 -929 1491
2 -12490 2348 -26704 -826 -7302 3900
2 8420 1970 524 21578 -250 -18471
1 72 -6968 -3128 2384 3886 1454
2 22352 -4540 21980 -847 8326 5662
1 0 0 0 0 0 0
2 3268 198 -6082 -23202 2892 8916
2 -8830 -1702 -18526 5753 -7113 -2107
2 10136 3038 1728 20822 -314 -17567
1 0 0 0 0 0 0
2 16486 -6272 19592 -5641 1511 4268
1 0 0 0 0 0 0
1 538 -7798 -4092 2488 3696 -460
1 1180 -8328 -4190 -319 -238 -1079
1 182 -7824 -2900 -3984 -4626 -402
2 6322 2822 -10424 -23021 -1180 7654
1 -1076 -6972 -3026 75 -1947 -344
2 -4334 -2184 -15378 10194 -3189 -5968
1 -758 -7890 -3480 2902 3343 535
2 12480 2056 3508 20536 -1387 -15299
2 19214 -6792 22904 -2360 4710 4565
1 614 -8032 -3940 756 2587 891
1 0 0 0 0 0 0
2 6848 3314 -1486 -25804 4907 6744
1 0 0 0 0 0 0
1 -20 -7066 -4568 3023 2152 -541

2 776 8972 -2848 1993 -1628 -1107
1 -3676 -8356 -4640 -2111 7175 2402
2 7172 13800 -10110 11557 1385 548
1 1022 -9328 -13004 -12174 6402 1603
1 12358 -6902 -17510 -22754 735 -16920
2 17524 5340 -9694 24511 978 16964
2 -13210 6022 -11304 19757 5360 15796
2 2156 11288 -1988 24205 16281 -8848
1 -16664 -10578 -13922 -28041 3937 -5841
1 -3044 -10920 -236 -24489 9270 19529
1 21530 -7532 19018 544 3534 -3780
2 13214 -1516 28508 -8862 -9660 7003
1 -1156 1460 -15936 20111 471 -12958
2 -3976 7528 -25796 -17891 -2767 9278
2 -11728 -5482 -17168 10635 1407 -8983
1 -21392 9240 -13948 -5441 -14023 3171
2 15446 380 15164 12641 13942 -13537
1 23554 1542 7400 -4979 7056 18155
1 14628 218 9092 7547 5310 -8242
2 9044 -1584 11632 -17007 -2456 9087
1 -10960 4018 -19800 11244 7252 -9614
2 -7066 3600 -32682 -13732 5994 10544
2 232 -1170 -9890 15599 -775 -16695
1 -11784 4080 -7346 -8039 -13340 12906
2 30528 -2516 22568 3122 16111 2423
1 32376 -990 11876 -5066 16599 11053
1 6146 370 16 11735 4052 -11295
2 5496 1870 -1734 -16978 3851 8392
1 -11172 7838 -22666 6208 4991 -5245
2 -5742 -480 -23690 -4857 2597 4714
1 -5414 4602 -10618 -8636 -11371 9902
2 672 228 -8300 13671 -9248 -15777
2 28654 -3326 23546 6593 11776 -2478
1 29858 -1528 12430 -2777 13606 7957
2 5216 988 -502 -16617 5280 9815
2 -6790 840 -24146 -7475 -745 6233
1 5568 1228 -1922 10398 5259 -7779
1 -9772 9842 -19202 6521 2940 -5887
1 -5448 4976 -9758 -7227 -10386 9965
2 920 -404 -8162 14420 -8553 -15849

1 562 -7222 -4186 2124 396 690
2 1634 8200 -958 -4 783 -582
1 846 -7470 -4652 1937 589 479
2 1940 8212 -1098 353 655 -324
1 660 -7600 -4638 632 523 330
2 0 0 0 0 0 0
1 0 0 0 0 0 0
2 0 0 0 0 0 0
2 0 0 0 0 0 0
1 0 0 0 0 0 0
1 0 0 0 0 0 0
2 0 0 0 0 0 0
1 0 0 0 0 0 0
2 0 0 0 0 0 0
1 0 0 0 0 0 0
2 0 0 0 0 0 0
1 0 0 0 0 0 0
2 0 0 0 0 0 0
1 2360 -5938 -5422 2303 6678 3704
2 0 0 0 0 0 0
2 0 0 0 0 0 0
1 230 -7246 -5788 1937 2761 2064
1 1742 -7272 -7166 -3345 4370 2043
2 3402 7464 -1648 3314 -1809 1730
1 1450 -4542 -4578 -4223 2398 648
2 566 6446 -1106 488 -664 4
1 -2982 -7000 -1940 101 428 1360
2 0 0 0 0 0 0
1 5942 -7152 -16326 213 9312 4797
2 2434 8574 -3814 -1529 4721 -4120
1 10238 -24860 -22002 -17308 14203 -11748
2 2474 8484 -5506 3034 4406 -3285
1 2236 -20038 -11750 -14504 13511 -20626
2 0 0 0 0 0 0
1 -3494 -12778 -3614 -4727 22811 -20444
2 0 0 0 0 0 0
1 -5908 -6666 1426 8148 21238 -12643
2 -186 7832 -1764 739 3800 -2261
2 0 0 0 0 0 0
1 -9332 -3514 -1450 15437 7212 -2050

2 14526 15612 -5468 -145 10276 8117
1 -378 -7092 -3860 -1196 1753 1625
1 0 0 0 0 0 0
2 14184 31092 -1726 10917 4804 25424
1 -2368 -9416 -4152 723 8972 4137
2 1018 22024 74 7413 14058 28808
2 -3968 12692 1280 -6580 8014 25412
1 -1768 -7084 -2168 -691 5850 2367
1 0 0 0 0 0 0
2 -10514 7892 668 -17138 7935 12995
1 -1772 -8042 -2576 4185 521 1355
2 -1890 3656 -1498 -22305 13978 -6041
2 -3242 7064 -8978 -24088 4653 -8487
1 -1132 -8654 -2484 670 -1475 -1105
1 -1928 -9340 -1612 -1826 -6164 -2503
2 -2750 14880 -12844 -18674 7919 -21972
1 0 0 0 0 0 0
2 -1940 23124 -6596 -9006 10941 -20708
1 0 0 0 0 0 0
2 1062 28244 368 9521 27429 -11373
2 9692 400 4616 17290 25361 -4432
1 466 -5324 -1996 -5195 -8496 -3155
1 -1000 -6322 -3628 -512 -3339 -2042
2 1268 13614 784 5723 4935 2916
2 -1804 6874 -396 3649 -4571 2653
1 0 0 0 0 0 0
1 792 -7880 -3978 4651 4088 5689
1 2652 -6590 -8420 3862 13737 3384
2 730 6942 -5794 -479 -6316 2834
2 88 4142 -2334 2243 -9175 6392
2 -2200 5730 -1824 -8712 -10416 12379
1 -946 -5380 -3558 -315 12114 2549
1 -1660 -9424 -3226 -2785 11849 851
2 0 0 0 0 0 0
1 -1240 -10150 -2312 -4052 6742 50
2 252 7916 -8414 -6903 -1888 5186
1 42 -8824 -3178 -2996 203 -1006
2 4346 5188 -5022 625 2257 1357
1 -906 -7124 -2674 1121 -7180 -1184
2 -1862 3680 -1648 -1002 -3498 -6835

2 452 8216 -818 -257 2004 -259
1 1406 -7460 -3440 681 -1436 -24
1 0 0 0 0 0 0
2 0 0 0 0 0 0
1 1170 -8778 -192 3621 2473 -1321
2 640 8012 1610 -3721 -1365 -814
2 0 0 0 0 0 0
1 -262 -9634 682 5658 -1458 -2611
1 0 0 0 0 0 0
2 0 0 0 0 0 0
2 -350 7642 622 -306 -1516 -589
1 3228 -6878 -2886 1933 1843 -544
2 0 0 0 0 0 0
1 0 0 0 0 0 0
1 0 0 0 0 0 0
2 0 0 0 0 0 0
2 0 0 0 0 0 0
1 -534 -11694 5296 3924 1533 1569
1 0 0 0 0 0 0
2 0 0 0 0 0 0
2 4354 7980 -7204 -885 9618 34
1 104 -8714 -13286 -3688 -3657 2563
1 2790 -22628 -20008 -24926 8086 3966
2 9542 24932 -11508 16899 5235 7697
2 5894 32767 3094 29253 7004 23968
1 7180 -30256 -16428 -32768 15102 -5334
1 -1196 -22308 -7574 -23485 14320 -14957
2 -774 26162 1686 18955 13609 27426
2 -3850 10290 1928 3785 6257 24051
1 -2504 -12768 2450 -6504 11567 -18922
2 -8484 808 2712 -6778 16205 10244
1 -4858 -2328 1908 6627 15436 -7634
1 -8522 -1508 -3132 12413 -10131 -7643
2 -3990 -538 1690 -14470 -4892 6263
2 -1072 1858 -400 -24450 2920 -2487
1 4408 -4738 -8494 22085 8582 1439
1 2286 -12084 -15216 26479 4647 904
2 -864 14824 -6518 -30011 12872 -6819
2 0 0 0 0 0 0
1 -8188 -13474 -9482 18279 7063 11147

1 -992 -2858 -8116 49 -91 -645
2 4106 5330 -4934 1144 788 -400
1 -1034 -3432 -7738 543 -337 -851
2 3870 5454 -4966 1198 333 -823
1 0 0 0 0 0 0
2 0 0 0 0 0 0
1 0 0 0 0 0 0
2 0 0 0 0 0 0
1 0 0 0 0 0 0
2 0 0 0 0 0 0
1 0 0 0 0 0 0
2 0 0 0 0 0 0
1 0 0 0 0 0 0
2 0 0 0 0 0 0
1 0 0 0 0 0 0
2 0 0 0 0 0 0
1 1074 -9776 -5842 -1178 -3622 -1761
2 0 0 0 0 0 0
1 864 -5638 -2618 204 -7819 -5595
2 0 0 0 0 0 0
1 0 0 0 0 0 0
2 1142 6038 -7090 2822 1482 1178
2 0 0 0 0 0 0
2 0 0 0 0 0 0
1 0 0 0 0 0 0
1 -864 -5914 -6524 -4911 -6962 -3279
2 0 0 0 0 0 0
1 -5318 -3718 -5370 -2974 -2942 -2256
1 0 0 0 0 0 0
2 2438 6766 -3922 847 1663 133
1 -1094 -1534 -5418 -3074 562 3464
2 0 0 0 0 0 0
1 0 0 0 0 0 0
2 0 0 0 0 0 0
1 -3222 -4554 -6216 4861 -2663 626
2 0 0 0 0 0 0
1 0 0 0 0 0 0
2 0 0 0 0 0 0
1 -1610 -4284 -7920 1739 -1519 156
2 0 0 0 0 0 0

2 -4442 5712 5002 3145 -9644 4532
1 -6974 -4428 -6192 -1666 11184 -1382
1 -5194 -4880 -2438 -2128 3595 4422
2 -154 11986 1224 -6580 -6041 907
1 -1056 -8614 -4258 1949 9227 10385
2 1822 8756 -2630 -3574 -12118 5901
1 1150 -9040 -3296 -1391 10952 10314
2 1568 10712 -910 523 -8162 7800
2 0 0 0 0 0 0
1 0 0 0 0 0 0
2 3316 7160 -13722 12299 -5049 12896
1 400 -8416 -42 -469 5490 4782
2 814 -576 -18568 23156 108 12351
1 -1330 -7522 -2612 2423 -53 816
1 0 0 0 0 0 0
2 -4638 1828 -8058 24204 2390 4159
2 -5156 5460 -1432 15768 -9934 -8169
1 0 0 0 0 0 0
2 1512 4774 1974 5524 -10657 -13649
1 0 0 0 0 0 0
1 0 0 0 0 0 0
2 4032 5718 -1124 -5050 -12506 -16422
2 8088 11200 -3362 -12266 -4207 -15038
1 0 0 0 0 0 0
2 6982 13758 -5354 -13376 212 -9842
1 0 0 0 0 0 0
2 5030 13728 -4922 -14393 -2209 -6158
1 0 0 0 0 0 0
1 -772 -7018 -7146 -1991 -7333 344
2 4406 12572 -7418 -8356 -2250 -2530
1 -8094 -5908 2360 -13213 -32768 -3305
2 2694 7824 -5192 -1157 -9936 -670
1 -1648 -7010 -2124 2309 8046 9497
2 1496 8828 -2548 1269 -2776 471
1 -3582 -6122 -2422 1986 1291 4686
2 306 8242 -818 2370 318 724
2 0 0 0 0 0 0
1 -4376 -4982 -3098 2045 1092 688
2 0 0 0 0 0 0
1 0 0 0 0 0 0

2 0 0 0 0 0 0
1 486 -7874 -3252 168 -420 -437
2 0 0 0 0 0 0
1 0 0 0 0 0 0
2 -956 7728 -1966 2589 2364 -849
1 -254 -8228 -3308 -1436 78 2246
2 -1488 12466 -6988 8003 9949 177
1 -3556 -8836 -5884 -3393 -1911 3694
1 -8590 -9076 -10786 -10144 -43 10274
2 -1718 9654 -8484 17463 8188 1818
1 -580 -5078 -8380 -22009 19823 12345
2 1820 3596 -5274 21167 15889 7579
1 3656 1474 -4306 -28257 24199 -2394
2 2972 -942 -1834 19273 15309 11615
2 4486 -1300 -392 9195 6145 4605
1 1206 2584 -518 -13865 5626 -3252
1 6806 4934 -3544 -658 1048 647
2 8212 -2964 -1344 -1089 1775 -2074
2 7690 -5130 -1312 -829 1551 876
1 4186 7004 -2372 747 -885 -127
2 0 0 0 0 0 0
1 0 0 0 0 0 0
1 0 0 0 0 0 0
2 0 0 0 0 0 0
2 0 0 0 0 0 0
1 0 0 0 0 0 0
2 0 0 0 0 0 0
2 0 0 0 0 0 0
1 0 0 0 0 0 0
1 0 0 0 0 0 0
2 0 0 0 0 0 0
1 0 0 0 0 0 0
1 0 0 0 0 0 0
2 0 0 0 0 0 0
2 5654 -3724 -1682 -1743 -973 -1243
1 4156 5432 -1910 2868 -2724 68
1 3334 4056 -3872 8112 -6082 1021
2 4912 -2436 -2502 -5297 -3385 -5584
1 1092 1516 -4816 15756 -7012 3605
2 5354 -846 -3492 -9823 -7055 -10919

2 -1476 8752 1032 1998 -543 919
1 -286 -8372 -1362 -1469 -1238 -420
2 0 0 0 0 0 0
1 0 0 0 0 0 0
2 332 6638 572 2048 9593 1215
1 -2056 -6612 -1246 -2762 -1234 -1416
1 -1568 -6920 -2436 -4098 -6524 -2196
2 -862 8002 388 3237 6950 2871
2 -2054 8688 298 2288 530 1843
1 1734 -8732 -3748 -3832 238 -504
1 0 0 0 0 0 0
2 364 8004 -972 759 429 1601
2 0 0 0 0 0 0
2 -1790 7420 2598 -978 -12305 -1004
2 920 9154 3066 -4199 -18574 383
1 0 0 0 0 0 0
1 2806 -7184 3800 3209 -4700 -2550
1 8532 -12110 266 12682 -16201 -11057
1 -32768 -11882 1542 -1147 -32768 9942
2 952 11762 -3212 347 -20097 7528
2 -7584 3718 -5018 2289 324 1164
1 64 2676 3566 -916 -21752 5831
1 10836 -6726 -7374 -2066 2914 8363
2 -248 3624 -5364 8766 4216 -5588
2 2436 7378 -2256 4600 11868 -5241
1 2422 -8312 -5648 -3148 8158 1026
1 2122 -6204 -5338 -3547 -1077 -1382
2 810 8856 -2220 7226 11520 -3159
2 -170 8616 -2136 7382 2880 -774
1 0 0 0 0 0 0
2 40 6982 -1830 3485 3020 -1202
1 644 -5018 -5884 2820 -288 -1333
2 -416 6660 -2510 -364 -1588 -1536
1 0 0 0 0 0 0
2 0 0 0 0 0 0
1 0 0 0 0 0 0
1 0 0 0 0 0 0
2 0 0 0 0 0 0
1 1336 -7150 -4446 1344 -229 -558
2 224 7706 -4872 -1190 -2106 647

2 4504 2422 -2012 -6183 -3505 -11152
1 3478 -206 -3204 8121 -3496 349
1 7956 -1778 -8330 11834 636 -2042
2 7396 5078 -3170 -8312 -2606 -10508
2 7456 8244 -4428 -9684 -5862 -8974
1 -4350 -3966 -8700 11891 -148 -6393
1 -3242 -6706 -11442 11960 979 -2638
1 -410 -6090 -10528 8538 1396 -480
2 6736 11032 -3292 -10296 -449 -6719
2 4996 11594 -2986 -9041 -1370 -4673
2 4498 9874 -2244 -5365 -888 -3394
1 -2112 -7752 -10428 8540 1555 1538
1 0 0 0 0 0 0
2 0 0 0 0 0 0
2 3090 8196 -2350 -1959 -3637 -1213
1 0 0 0 0 0 0
2 0 0 0 0 0 0
1 -184 -6526 -5420 2074 3243 -1634
1 1380 -8622 -5956 -2414 -4630 -5464
2 0 0 0 0 0 0
1 -1736 -8124 -3304 -3274 6305 -1381
2 1496 8348 -1302 3566 2556 -609
2 0 0 0 0 0 0
1 162 -8172 -3956 -98 960 -565
1 0 0 0 0 0 0
2 0 0 0 0 0 0
2 0 0 0 0 0 0
1 2804 -7086 -3028 254 4087 3418
1 2956 -6280 -2004 1513 1737 1417
2 0 0 0 0 0 0
1 0 0 0 0 0 0
2 -250 7246 -2046 -1721 3175 -764
1 0 0 0 0 0 0
2 0 0 0 0 0 0
1 0 0 0 0 0 0
2 0 0 0 0 0 0
1 230 -8812 -2388 681 1452 2036
2 430 8760 -276 -2291 -954 -1059
2 0 0 0 0 0 0
1 -388 -9338 408 -4137 1600 3723

3 1186 -7364 -3912 340 198 836
2 678 8178 300 370 437 -118
2 0 0 0 0 0 0
3 0 0 0 0 0 0
3 5560 -6498 -6910 -1155 7450 3611
4 616 7474 -2852 295 -609 -131
2 0 0 0 0 0 0
1 406 -7030 -4704 249 -1021 174
3 13352 -10616 -13588 -3059 14075 -6365
1 3856 -6718 -5506 -773 10352 3275
4 0 0 0 0 0 0
2 0 0 0 0 0 0
4 0 0 0 0 0 0
2 864 7962 24 -70 4129 -187
1 10324 -10628 -8302 -4052 12635 58
3 10522 -22710 -12326 -10541 10727 -21413
2 222 7748 -62 555 5204 -737
4 408 7516 -3812 -661 4154 -1973
1 10788 -15934 -11874 -7781 14937 -15317
3 2648 -16886 -5916 -9690 7670 -23701
3 784 -7082 -762 -1549 12930 -17391
4 0 0 0 0 0 0
2 974 8670 256 -396 9935 71
1 6382 -11858 -8718 -3177 15652 -16351
1 5218 -7876 -6252 5896 17013 -12124
2 606 8650 -14 347 4840 576
4 -600 7448 -2842 -9 -271 -557
3 1084 -1652 1172 5879 12235 -14119
2 -2 8906 98 1360 3570 1114
1 1222 -4814 -1680 10057 8816 -13658
4 216 7780 -2860 -420 4570 -1214
3 0 0 0 0 0 0
2 0 0 0 0 0 0
1 0 0 0 0 0 0
4 0 0 0 0 0 0
3 -4720 -1294 -2942 17870 5166 -8589
1 -4066 -874 1848 10006 700 -13927
2 0 0 0 0 0 0
4 -502 8204 -2154 -182 951 98
3 2826 -2998 -10390 18521 20398 3822
2 0 0 0 0 0 0
3 0 0 0 0 0 0
1 -4730 -2498 46 17478 12689 -6154
4 0 0 0 0 0 0
2 0 0 0 0 0 0
3 948 -13402 -10014 10708 11597 19662
4 0 0 0 0 0 0
1 -6180 -7930 -8296 25662 15656 -1360
4 0 0 0 0 0 0
3 3090 -21288 -4918 -5663 23967 27293
1 -2240 -11848 -14744 24725 3353 5685
2 0 0 0 0 0 0
2 420 8434 436 -1529 -3528 354
3 0 0 0 0 0 0
4 0 0 0 0 0 0
1 -1344 -13758 -11518 15015 25012 17963
2 52 8326 198 164 -7765 859
4 128 7348 -2246 982 -6067 1858
3 -744 -11838 -372 -14212 13318 7629
1 6090 -17678 3202 -4924 32767 24229
2 0 0 0 0 0 0
3 1160 -5956 -1168 -1840 2047 825
4 -758 7072 -2690 -338 -2496 1573
1 4240 -10852 -990 -5772 17245 10808
2 742 7306 102 107 -3346 1225
4 0 0 0 0 0 0
3 328 -5996 -3292 7320 -3863 1278
1 2016 -9682 1276 -4206 11397 2358
4 0 0 0 0 0 0
3 4320 -9182 -7750 9904 -2066 -274
2 0 0 0 0 0 0
1 650 -7734 -3024 -2216 5235 2366
2 0 0 0 0 0 0
1 112 -7726 -3506 -1540 3280 70
3 -1358 -8398 -6394 6316 -1816 -2003
4 0 0 0 0 0 0
4 0 0 0 0 0 0
1 0 0 0 0 0 0
4 0 0 0 0 0 0
1 0 0 0 0 0 0

2 680 8320 378 521 526 287
3 1066 -7236 -4218 205 -200 118
1 936 -7152 -4396 -419 174 15
1 0 0 0 0 0 0
3 862 -7284 -4110 91 53 574
2 0 0 0 0 0 0
1 0 0 0 0 0 0
2 0 0 0 0 0 0
3 0 0 0 0 0 0
4 0 0 0 0 0 0
2 0 0 0 0 0 0
3 0 0 0 0 0 0
4 0 0 0 0 0 0
1 0 0 0 0 0 0
3 0 0 0 0 0 0
2 0 0 0 0 0 0
1 0 0 0 0 0 0
4 6214 12092 -9522 2394 7350 1646
4 13678 24062 -20004 26606 -29579 21698
2 0 0 0 0 0 0
1 0 0 0 0 0 0
3 994 -8086 -4004 -770 -1680 -19
3 0 0 0 0 0 0
1 0 0 0 0 0 0
2 0 0 0 0 0 0
4 -14840 22734 -1682 32767 -7411 -2188
3 526 -6762 -4766 1283 -2197 -890
4 -8266 11518 4828 19033 -3191 -23876
1 0 0 0 0 0 0
2 1870 10456 -2506 3264 9919 1794
3 0 0 0 0 0 0
2 0 0 0 0 0 0
1 0 0 0 0 0 0
4 26922 6372 8694 -409 18279 -21366
3 0 0 0 0 0 0
1 0 0 0 0 0 0
2 4052 13376 -5092 9796 7110 5963
4 15470 -3664 -816 -12672 -240 17432
3 1202 -6740 -3500 758 -2894 -1315
2 14304 7338 2220 14465 1895 27896
1 0 0 0 0 0 0
4 -12398 6302 -364 -6830 -11530 28693
3 76 -8042 -6786 1632 -2881 -437
1 0 0 0 0 0 0
2 1714 4750 1080 3995 -9779 26224
4 -23284 -3308 -7304 -4449 -2707 -20644
1 0 0 0 0 0 0
3 0 0 0 0 0 0
4 22924 7058 3858 8917 32767 -26578
2 -1126 506 -4020 -2261 -553 17058
3 164 -7408 -2966 -756 4870 471
1 0 0 0 0 0 0
2 -10080 1700 -14730 4639 -5302 2059
4 12126 -1148 9312 -4912 -20978 19746
3 0 0 0 0 0 0
1 0 0 0 0 0 0
2 6736 6470 1102 25527 14805 -19247
4 -12138 -5242 -6850 -2315 -27995 21743
1 0 0 0 0 0 0
2 18334 -14790 17986 -5163 5583 4392
3 0 0 0 0 0 0
4 -8656 1118 -4918 -6639 6724 -29732
3 780 -5752 -4490 -327 559 348
1 894 -7216 -3338 -1157 -2326 -773
2 -966 208 -5902 -14578 218 9475
4 32767 -2378 15850 2617 32767 -8002
3 0 0 0 0 0 0
2 -4650 2090 -14008 10712 -2766 -6468
4 2702 208 3372 -9073 -26635 24977
1 0 0 0 0 0 0
3 0 0 0 0 0 0
4 -32768 -4182 12030 -2975 1403 -1122
2 12326 -8724 19114 13389 10922 -5318
1 0 0 0 0 0 0
3 0 0 0 0 0 0
4 10240 1624 -386 -2466 7676 -24575
2 2482 -3600 9276 -19239 -20565 7740
1 0 0 0 0 0 0
4 16660 -4752 8632 -8714 -32768 13867
4 -3174 -7810 8666 5481 -32768 16876

1 0 0 0 0 0 0
2 3184 8530 1146 837 1042 688
3 0 0 0 0 0 0
4 -520 8274 -2374 2223 4783 -2775
3 0 0 0 0 0 0
1 0 0 0 0 0 0
2 530 8374 688 711 2588 597
4 1560 7750 -1480 1492 4651 -1088
3 0 0 0 0 0 0
1 0 0 0 0 0 0
2 20 8150 374 90 468 344
4 358 7616 -1976 -637 -1325 -20
3 0 0 0 0 0 0
1 0 0 0 0 0 0
4 0 0 0 0 0 0
2 0 0 0 0 0 0
3 0 0 0 0 0 0
4 -258 7830 -2988 -211 51 -72
1 0 0 0 0 0 0
2 0 0 0 0 0 0
3 0 0 0 0 0 0
4 0 0 0 0 0 0
2 0 0 0 0 0 0
1 0 0 0 0 0 0
3 0 0 0 0 0 0
1 0 0 0 0 0 0
4 0 0 0 0 0 0
2 0 0 0 0 0 0
3 0 0 0 0 0 0
4 0 0 0 0 0 0
2 0 0 0 0 0 0
1 0 0 0 0 0 0
1 0 0 0 0 0 0
4 0 0 0 0 0 0
2 0 0 0 0 0 0
3 0 0 0 0 0 0
1 0 0 0 0 0 0
4 0 0 0 0 0 0
2 0 0 0 0 0 0
3 0 0 0 0 0 0
1 0 0 0 0 0 0
4 0 0 0 0 0 0
2 0 0 0 0 0 0
3 0 0 0 0 0 0
3 0 0 0 0 0 0
2 0 0 0 0 0 0
1 0 0 0 0 0 0
4 0 0 0 0 0 0
2 0 0 0 0 0 0
2 0 0 0 0 0 0
2 0 0 0 0 0 0
2 0 0 0 0 0 0
2 0 0 0 0 0 0
4 0 0 0 0 0 0
1 0 0 0 0 0 0
1 0 0 0 0 0 0
3 0 0 0 0 0 0
1 0 0 0 0 0 0
1 0 0 0 0 0 0
1 0 0 0 0 0 0
4 0 0 0 0 0 0
4 0 0 0 0 0 0
3 0 0 0 0 0 0
3 0 0 0 0 0 0
3 0 0 0 0 0 0
4 0 0 0 0 0 0
3 0 0 0 0 0 0
3 0 0 0 0 0 0
1 0 0 0 0 0 0
2 0 0 0 0 0 0
4 0 0 0 0 0 0
4 0 0 0 0 0 0
1 0 0 0 0 0 0
2 0 0 0 0 0 0
4 0 0 0 0 0 0
3 0 0 0 0 0 0
2 0 0 0 0 0 0
4 0 0 0 0 0 0
1 0 0 0 0 0 0
3 0 0 0 0 0 0

1 0 0 0 0 0 0
3 0 0 0 0 0 0
2 0 0 0 0 0 0
4 0 0 0 0 0 0
4 0 0 0 0 0 0
1 0 0 0 0 0 0
3 0 0 0 0 0 0
2 0 0 0 0 0 0
3 0 0 0 0 0 0
2 0 0 0 0 0 0
4 0 0 0 0 0 0
1 0 0 0 0 0 0
1 0 0 0 0 0 0
3 4398 -6804 -7494 1845 5390 2907
4 0 0 0 0 0 0
2 0 0 0 0 0 0
4 0 0 0 0 0 0
1 0 0 0 0 0 0
2 624 9274 1256 1204 -1321 709
3 8922 -8562 -11410 -5919 12981 -2902
3 11204 -17020 -13294 -10036 14934 -13551
4 -634 8094 -2794 691 -2915 -438
2 0 0 0 0 0 0
1 0 0 0 0 0 0
3 6348 -19616 -9660 -10366 9584 -22654
4 0 0 0 0 0 0
1 0 0 0 0 0 0
2 1908 9308 -1798 -2293 12191 3146
1 0 0 0 0 0 0
3 1142 -9980 -2792 -5499 9366 -20985
2 0 0 0 0 0 0
4 0 0 0 0 0 0
4 0 0 0 0 0 0
3 -312 -3954 -644 613 9327 -18276
1 0 0 0 0 0 0
2 -216 7578 1074 1904 -2182 -1238
1 -3096 -7940 -4590 821 7175 4378
2 0 0 0 0 0 0
3 -2094 2954 -2 5709 16201 -12077
4 -380 8068 -2852 -1212 3712 -1658
2 912 6634 -196 791 576 -939
4 0 0 0 0 0 0
3 -1992 2718 -2318 9830 9067 -11446
1 20286 -11602 -9828 -10409 30573 7357
1 15026 -27942 -22452 -8152 24529 -22929
2 502 8744 -366 -2717 10704 -1898
4 0 0 0 0 0 0
3 -5142 1168 -4344 8762 5555 -8279
3 1692 658 -9786 14582 27406 2106
4 -1142 8278 -1656 -25 959 -637
2 0 0 0 0 0 0
1 5552 -20648 -15854 6702 25638 -23427
4 0 0 0 0 0 0
1 -3316 -18810 -5978 23497 15202 -22143
3 -1502 -1014 -6570 12218 10057 3566
2 -64 8990 1390 773 6538 -990
4 0 0 0 0 0 0
1 -6178 -19812 -5492 32767 31483 -8511
2 -92 7356 1318 451 5212 586
3 -172 -6370 -8954 10171 10635 13028
1 -6214 -14746 -8416 32414 1731 3181
4 0 0 0 0 0 0
3 476 -15064 -8436 3184 9889 20984
2 -2908 9080 2312 530 895 30
3 5358 -20826 -2188 -8580 22944 25924
1 -6462 -17426 -11214 20094 18839 18705
4 0 0 0 0 0 0
2 -1304 8738 2198 388 657 -458
4 0 0 0 0 0 0
1 11086 -22344 -11652 -2445 15592 26891
3 0 0 0 0 0 0
2 -1238 8192 1688 662 -7365 -432
1 9450 -16106 -970 -3754 12631 16834
3 6296 -8434 904 -5258 11066 5878
4 0 0 0 0 0 0
2 0 0 0 0 0 0
4 -938 7776 -2602 227 -6300 1608
3 -874 -6434 -3362 3737 351 1570
2 -758 8078 880 1250 -9162 480
1 4670 -11584 1924 -3643 22754 9634

3 544 -7172 -4482 124 155 112
4 -464 7706 -2298 -301 -70 -6
2 642 8218 380 152 633 -416
1 1250 -7004 -3426 -1121 1388 576
2 830 8196 364 164 158 -347
3 586 -7134 -4468 143 -430 27
1 1414 -7206 -3786 404 -169 41
4 0 0 0 0 0 0
3 0 0 0 0 0 0
2 0 0 0 0 0 0
1 0 0 0 0 0 0
4 0 0 0 0 0 0
3 838 -5792 -3524 1744 -1529 375
1 0 0 0 0 0 0
2 0 0 0 0 0 0
4 -42 5882 -1510 -1370 -2867 -1232
4 -2456 1062 2014 -1875 -7896 -2475
2 0 0 0 0 0 0
1 0 0 0 0 0 0
3 502 -1250 -676 1963 -5220 -1563
3 0 0 0 0 0 0
4 1500 4290 -2424 -2709 -3232 1148
2 90 1160 -762 2268 -3877 134
1 -158 -1252 -1690 -3086 1540 1861
2 310 12420 2056 4295 -3756 115
4 -8594 25800 -8314 -4384 -15047 2958
1 2204 -7844 -2390 -1072 -347 234
3 13122 -32388 10922 11326 -464 -6677
1 4022 -17296 -6464 4701 -15714 -6442
4 3476 30030 -8312 12349 -4541 8196
2 2638 15592 -24 1379 -10930 -2313
3 11986 -32738 3748 19132 -15635 -20060
1 15864 -25074 -9014 2093 8181 -9134
2 12632 24168 -4098 689 9895 8051
3 4100 -8154 -1994 389 -8273 -16180
4 3480 10052 -3918 12908 4225 17002
2 6580 12202 836 -3048 -3675 11184
3 -1466 -14776 -2476 -2244 -9646 -20612
4 -3802 11034 1624 7187 11662 25946
1 5150 -13198 -5148 -1389 -8022 -17977
1 0 0 0 0 0 0
3 -9870 -2176 4358 -5845 -17154 -13503
4 -8014 6298 4308 10728 -17309 9773
2 -1624 3614 1412 -4946 1500 13895
4 -7868 -978 7962 4911 7934 -599
1 -7062 -2272 -3278 -3936 5850 -13202
3 -6684 -2142 2290 -915 4920 -3449
2 -11150 4036 -6476 -1734 1395 8548
3 -9082 -1464 -1696 373 718 5827
1 -12932 -3630 5074 -4642 2248 541
4 -9372 2228 5146 -990 -11086 -10210
2 -6408 -1000 608 3439 2295 2141
3 -6950 3176 -2268 -2664 -1612 16321
4 338 1782 -2920 -7166 -12814 -18367
1 -7816 -3408 2252 -2585 -2595 9402
2 -9258 1154 78 2900 -2404 -6641
4 15382 30662 -14212 -29390 9639 -13773
3 17690 -29706 1280 -3949 22289 32767
2 -7352 25234 734 3631 -28 -22968
1 -5130 -21102 -8656 2249 -17878 15898
4 6884 23414 -13698 -17971 4811 -4276
1 24360 -24596 -23126 15694 -5023 18479
3 14298 -25242 3442 -6727 3290 23707
2 22422 26554 2494 -2141 1793 -12526
2 7044 14716 1042 89 2226 -2333
3 14840 -22454 1252 -12688 21839 18809
1 8804 -14306 -14202 7472 -5033 5099
4 7584 12724 -7776 -3654 7782 -7848
2 970 7570 144 -836 -1869 -182
4 782 5332 -984 2478 348 -596
1 3890 -6264 -4968 452 2926 2796
3 2390 -1396 -2136 1022 -9365 -6766
2 568 2228 -1162 -724 2454 1058
1 1848 -1822 -1954 -494 3827 -262
3 -1784 -3858 -4460 -924 1105 -658
4 0 0 0 0 0 0
1 220 -6160 -3758 -3480 4163 225
2 0 0 0 0 0 0
3 -1878 -9490 -5394 -1123 3845 2486
4 -2244 9604 -1220 -942 5578 159

3 728 -7182 -4038 378 -81 23
1 1012 -7028 -4368 -279 -88 -45
4 -282 8068 -1604 -303 58 2
2 656 8154 738 -47 420 -233
3 0 0 0 0 0 0
4 0 0 0 0 0 0
1 0 0 0 0 0 0
2 0 0 0 0 0 0
3 0 0 0 0 0 0
4 0 0 0 0 0 0
1 0 0 0 0 0 0
2 0 0 0 0 0 0
3 0 0 0 0 0 0
1 0 0 0 0 0 0
4 0 0 0 0 0 0
2 0 0 0 0 0 0
2 492 8218 948 1239 -2656 356
1 0 0 0 0 0 0
4 0 0 0 0 0 0
3 2786 -7754 -4978 27 4705 -11
2 338 8144 306 -187 -730 158
4 0 0 0 0 0 0
3 22 -8434 132 745 -3620 -4407
1 0 0 0 0 0 0
1 0 0 0 0 0 0
2 740 8306 1186 1163 -4045 -331
3 -4768 -9270 3946 6117 -6409 -2078
4 0 0 0 0 0 0
2 3140 7394 12556 1224 -18437 -1716
3 1186 -8960 -7448 8011 -3365 217
1 0 0 0 0 0 0
4 0 0 0 0 0 0
1 0 0 0 0 0 0
4 0 0 0 0 0 0
2 6372 18044 6176 -1849 -32768 7875
3 3982 -7350 -4896 -1242 1196 1054
2 5668 27232 -10546 13348 -32768 20428
1 -560 -6740 -3712 642 966 494
3 11832 -12840 21118 7208 -18421 -9441
2 -14020 22996 -10694 32767 -14793 603
4 264 7222 -2256 -1708 2594 -930
1 0 0 0 0 0 0
3 15420 -27644 1746 6662 -32768 -31105
2 -10988 18370 258 27627 4147 -15832
1 416 -8580 -2318 702 -730 468
4 0 0 0 0 0 0
2 862 19418 3900 19815 -8261 -15822
1 -1282 -7868 -2046 187 -6767 -2429
3 2764 -17674 -14168 -19749 -19096 -25636
4 -1974 10244 -2240 -493 5224 -698
4 922 7874 -674 1741 564 288
3 -10312 -10148 -332 -25170 -32768 -4159
2 836 5304 10370 11123 1387 -10905
4 -1222 7734 -1052 931 -2931 1075
1 2552 -8894 -5050 -493 -6357 -771
3 -3800 -9586 468 -11395 -6276 17881
3 0 0 0 0 0 0
4 0 0 0 0 0 0
2 -17576 22132 -5932 2740 -22425 -32768
1 -252 -8440 -3982 1448 -12171 -6184
1 0 0 0 0 0 0
4 0 0 0 0 0 0
3 2554 -12248 -1640 6780 -6803 20366
2 -6670 32767 9392 -20604 -252 -32768
3 7356 -19820 -10726 18993 -8089 23720
4 0 0 0 0 0 0
2 24068 29066 -6434 -2536 -13948 -14285
1 -8042 -7710 -5842 5232 -3433 -7365
3 10806 -22028 -9830 8183 -712 22434
4 0 0 0 0 0 0
2 11014 9184 -5448 -665 -15592 -1518
1 -2186 -5472 -7074 2113 2639 3227
3 11234 -11970 -9558 -2150 -19629 7427
4 -456 7964 -2124 -139 -445 289
1 0 0 0 0 0 0
2 -1872 10382 2162 6061 -1173 3956
3 5662 -5098 -8774 -4260 -11846 1190
4 0 0 0 0 0 0
1 0 0 0 0 0 0
2 -3840 7678 3970 3462 -305 2191

