7.302027 -3.501042 -4.890143 -6.960551 -3.780588 -0.632454 -7.703485 0.120409 0.379931 -3.284405 -4.224422 -5.305106
7.352665 -3.643017 -4.604056 -6.954599 -3.929007 -0.486277 -7.782095 0.012553 0.629053 -3.100417 -4.290756 -5.166707
7.352665 -3.643017 -4.604056 -6.954599 -3.929007 -0.486277 -7.782095 0.012553 0.629053 -3.100417 -4.290756 -5.166707
7.352665 -3.643017 -4.604056 -6.954599 -3.929007 -0.486277 -7.782095 0.012553 0.629053 -3.100417 -4.290756 -5.166707
7.352665 -3.643017 -4.604056 -6.954599 -3.929007 -0.486277 -7.782095 0.012553 0.629053 -3.100417 -4.290756 -5.166707
7.352665 -3.643017 -4.604056 -6.954599 -3.929007 -0.486277 -7.782095 0.012553 0.629053 -3.100417 -4.290756 -5.166707
7.352665 -3.643017 -4.604056 -6.954599 -3.929007 -0.486277 -7.782095 0.012553 0.629053 -3.100417 -4.290756 -5.166707
7.123577 -4.059567 -4.505614 -7.023163 -4.338220 -0.220675 -7.990896 -0.097747 0.887891 -2.805799 -4.090261 -5.339955
7.352665 -3.643017 -4.604056 -6.954599 -3.929007 -0.486277 -7.782095 0.012553 0.629053 -3.100417 -4.290756 -5.166707
7.338058 -3.511546 -4.817087 -6.949910 -3.808757 -0.607769 -7.703039 0.032506 0.415683 -3.305662 -4.225985 -5.303167
7.323584 -3.629145 -4.672756 -6.963315 -3.901516 -0.511942 -7.779060 0.081977 0.590488 -3.094664 -4.286744 -5.175881
7.352665 -3.643017 -4.604056 -6.954599 -3.929007 -0.486277 -7.782095 0.012553 0.629053 -3.100417 -4.290756 -5.166707
7.352665 -3.643017 -4.604056 -6.954599 -3.929007 -0.486277 -7.782095 0.012553 0.629053 -3.100417 -4.290756 -5.166707
7.352665 -3.643017 -4.604056 -6.954599 -3.929007 -0.486277 -7.782095 0.012553 0.629053 -3.100417 -4.290756 -5.166707
7.352665 -3.643017 -4.604056 -6.954599 -3.929007 -0.486277 -7.782095 0.012553 0.629053 -3.100417 -4.290756 -5.166707
7.352665 -3.643017 -4.604056 -6.954599 -3.929007 -0.486277 -7.782095 0.012553 0.629053 -3.100417 -4.290756 -5.166707
7.352665 -3.643017 -4.604056 -6.954599 -3.929007 -0.486277 -7.782095 0.012553 0.629053 -3.100417 -4.290756 -5.166707
7.190333 -3.567407 -4.831611 -7.058717 -3.634919 -0.633863 -7.656590 0.224246 0.383278 -3.102620 -4.308027 -5.117585
6.851394 -4.442070 -3.890991 -6.911278 -4.772654 0.091589 -8.042449 -0.477571 1.469954 -2.523435 -4.030414 -5.150948
7.352665 -3.643017 -4.604056 -6.954599 -3.929007 -0.486277 -7.782095 0.012553 0.629053 -3.100417 -4.290756 -5.166707
7.352665 -3.643017 -4.604056 -6.954599 -3.929007 -0.486277 -7.782095 0.012553 0.629053 -3.100417 -4.290756 -5.166707
7.352665 -3.643017 -4.604056 -6.954599 -3.929007 -0.486277 -7.782095 0.012553 0.629053 -3.100417 -4.290756 -5.166707
7.352665 -3.643017 -4.604056 -6.954599 -3.929007 -0.486277 -7.782095 0.012553 0.629053 -3.100417 -4.290756 -5.166707
7.352665 -3.643017 -4.604056 -6.954599 -3.929007 -0.486277 -7.782095 0.012553 0.629053 -3.100417 -4.290756 -5.166707
7.352665 -3.643017 -4.604056 -6.954599 -3.929007 -0.486277 -7.782095 0.012553 0.629053 -3.100417 -4.290756 -5.166707
7.352665 -3.643017 -4.604056 -6.954599 -3.929007 -0.486277 -7.782095 0.012553 0.629053 -3.100417 -4.290756 -5.166707
7.352665 -3.643017 -4.604056 -6.954599 -3.929007 -0.486277 -7.782095 0.012553 0.629053 -3.100417 -4.290756 -5.166707
7.294094 -3.618426 -4.736309 -6.971785 -3.876093 -0.537077 -7.775904 0.144092 0.556130 -3.090282 -4.282568 -5.185366
7.352665 -3.643017 -4.604056 -6.954599 -3.929007 -0.486277 -7.782095 0.012553 0.629053 -3.100417 -4.290756 -5.166707
7.352665 -3.643017 -4.604056 -6.954599 -3.929007 -0.486277 -7.782095 0.012553 0.629053 -3.100417 -4.290756 -5.166707
7.352665 -3.643017 -4.604056 -6.954599 -3.929007 -0.486277 -7.782095 0.012553 0.629053 -3.100417 -4.290756 -5.166707
7.352665 -3.643017 -4.604056 -6.954599 -3.929007 -0.486277 -7.782095 0.012553 0.629053 -3.100417 -4.290756 -5.166707
7.352665 -3.643017 -4.604056 -6.954599 -3.929007 -0.486277 -7.782095 0.012553 0.629053 -3.100417 -4.290756 -5.166707
7.352665 -3.643017 -4.604056 -6.954599 -3.929007 -0.486277 -7.782095 0.012553 0.629053 -3.100417 -4.290756 -5.166707
7.277858 -3.491724 -4.945316 -6.960234 -3.771787 -0.637049 -7.706107 0.182383 0.349846 -3.270753 -4.220373 -5.312433
7.352665 -3.643017 -4.604056 -6.954599 -3.929007 -0.486277 -7.782095 0.012553 0.629053 -3.100417 -4.290756 -5.166707
7.352665 -3.643017 -4.604056 -6.954599 -3.929007 -0.486277 -7.782095 0.012553 0.629053 -3.100417 -4.290756 -5.166707
6.866144 -4.303282 -3.793859 -6.835927 -4.600404 0.003351 -7.977347 -0.309005 1.639692 -2.628569 -3.920861 -4.807405
7.025463 -3.596540 -5.088887 -7.136817 -3.608794 -0.700532 -7.685704 0.484198 0.280123 -3.021456 -4.296259 -5.114734
7.204889 -3.846975 -4.805968 -7.309134 -3.828536 -0.625251 -7.864120 0.257251 0.526665 -2.980808 -4.471557 -4.994625
7.214861 -3.798027 -4.682293 -7.177908 -3.885531 -0.539003 -7.831748 0.149887 0.638992 -3.067700 -4.427975 -5.016394
7.352665 -3.643017 -4.604056 -6.954599 -3.929007 -0.486277 -7.782095 0.012553 0.629053 -3.100417 -4.290756 -5.166707
7.352665 -3.643017 -4.604056 -6.954599 -3.929007 -0.486277 -7.782095 0.012553 0.629053 -3.100417 -4.290756 -5.166707
7.352665 -3.643017 -4.604056 -6.954599 -3.929007 -0.486277 -7.782095 0.012553 0.629053 -3.100417 -4.290756 -5.166707
5.863105 -3.886848 -5.289266 -6.743352 -4.067303 -0.430451 -7.604538 0.341166 0.301466 -2.489090 -3.382126 -5.532387
7.352665 -3.643017 -4.604056 -6.954599 -3.929007 -0.486277 -7.782095 0.012553 0.629053 -3.100417 -4.290756 -5.166707
7.352665 -3.643017 -4.604056 -6.954599 -3.929007 -0.486277 -7.782095 0.012553 0.629053 -3.100417 -4.290756 -5.166707
7.352665 -3.643017 -4.604056 -6.954599 -3.929007 -0.486277 -7.782095 0.012553 0.629053 -3.100417 -4.290756 -5.166707
7.352665 -3.643017 -4.604056 -6.954599 -3.929007 -0.486277 -7.782095 0.012553 0.629053 -3.100417 -4.290756 -5.166707
7.352665 -3.643017 -4.604056 -6.954599 -3.929007 -0.486277 -7.782095 0.012553 0.629053 -3.100417 -4.290756 -5.166707
7.352665 -3.643017 -4.604056 -6.954599 -3.929007 -0.486277 -7.782095 0.012553 0.629053 -3.100417 -4.290756 -5.166707
7.308818 -3.623778 -4.704578 -6.967556 -3.888786 -0.524528 -7.777480 0.113080 0.573284 -3.092470 -4.284653 -5.180630
7.352665 -3.643017 -4.604056 -6.954599 -3.929007 -0.486277 -7.782095 0.012553 0.629053 -3.100417 -4.290756 -5.166707
7.352665 -3.643017 -4.604056 -6.954599 -3.929007 -0.486277 -7.782095 0.012553 0.629053 -3.100417 -4.290756 -5.166707
7.352665 -3.643017 -4.604056 -6.954599 -3.929007 -0.486277 -7.782095 0.012553 0.629053 -3.100417 -4.290756 -5.166707
7.352665 -3.643017 -4.604056 -6.954599 -3.929007 -0.486277 -7.782095 0.012553 0.629053 -3.100417 -4.290756 -5.166707
7.352665 -3.643017 -4.604056 -6.954599 -3.929007 -0.486277 -7.782095 0.012553 0.629053 -3.100417 -4.290756 -5.166707
7.352665 -3.643017 -4.604056 -6.954599 -3.929007 -0.486277 -7.782095 0.012553 0.629053 -3.100417 -4.290756 -5.166707
7.352665 -3.643017 -4.604056 -6.954599 -3.929007 -0.486277 -7.782095 0.012553 0.629053 -3.100417 -4.290756 -5.166707
7.352665 -3.643017 -4.604056 -6.954599 -3.929007 -0.486277 -7.782095 0.012553 0.629053 -3.100417 -4.290756 -5.166707
7.352665 -3.643017 -4.604056 -6.954599 -3.929007 -0.486277 -7.782095 0.012553 0.629053 -3.100417 -4.290756 -5.166707
7.352665 -3.643017 -4.604056 -6.954599 -3.929007 -0.486277 -7.782095 0.012553 0.629053 -3.100417 -4.290756 -5.166707
7.352665 -3.643017 -4.604056 -6.954599 -3.929007 -0.486277 -7.782095 0.012553 0.629053 -3.100417 -4.290756 -5.166707
7.352665 -3.643017 -4.604056 -6.954599 -3.929007 -0.486277 -7.782095 0.012553 0.629053 -3.100417 -4.290756 -5.166707
7.352665 -3.643017 -4.604056 -6.954599 -3.929007 -0.486277 -7.782095 0.012553 0.629053 -3.100417 -4.290756 -5.166707
7.352665 -3.643017 -4.604056 -6.954599 -3.929007 -0.486277 -7.782095 0.012553 0.629053 -3.100417 -4.290756 -5.166707
7.352665 -3.643017 -4.604056 -6.954599 -3.929007 -0.486277 -7.782095 0.012553 0.629053 -3.100417 -4.290756 -5.166707
7.352665 -3.643017 -4.604056 -6.954599 -3.929007 -0.486277 -7.782095 0.012553 0.629053 -3.100417 -4.290756 -5.166707
7.352665 -3.643017 -4.604056 -6.954599 -3.929007 -0.486277 -7.782095 0.012553 0.629053 -3.100417 -4.290756 -5.166707
7.352665 -3.643017 -4.604056 -6.954599 -3.929007 -0.486277 -7.782095 0.012553 0.629053 -3.100417 -4.290756 -5.166707
7.352665 -3.643017 -4.604056 -6.954599 -3.929007 -0.486277 -7.782095 0.012553 0.629053 -3.100417 -4.290756 -5.166707
7.352665 -3.643017 -4.604056 -6.954599 -3.929007 -0.486277 -7.782095 0.012553 0.629053 -3.100417 -4.290756 -5.166707
7.352665 -3.643017 -4.604056 -6.954599 -3.929007 -0.486277 -7.782095 0.012553 0.629053 -3.100417 -4.290756 -5.166707
7.352665 -3.643017 -4.604056 -6.954599 -3.929007 -0.486277 -7.782095 0.012553 0.629053 -3.100417 -4.290756 -5.166707
7.352665 -3.643017 -4.604056 -6.954599 -3.929007 -0.486277 -7.782095 0.012553 0.629053 -3.100417 -4.290756 -5.166707
7.352665 -3.643017 -4.604056 -6.954599 -3.929007 -0.486277 -7.782095 0.012553 0.629053 -3.100417 -4.290756 -5.166707
7.352665 -3.643017 -4.604056 -6.954599 -3.929007 -0.486277 -7.782095 0.012553 0.629053 -3.100417 -4.290756 -5.166707
7.352665 -3.643017 -4.604056 -6.954599 -3.929007 -0.486277 -7.782095 0.012553 0.629053 -3.100417 -4.290756 -5.166707
7.352665 -3.643017 -4.604056 -6.954599 -3.929007 -0.486277 -7.782095 0.012553 0.629053 -3.100417 -4.290756 -5.166707
7.352665 -3.643017 -4.604056 -6.954599 -3.929007 -0.486277 -7.782095 0.012553 0.629053 -3.100417 -4.290756 -5.166707
7.352665 -3.643017 -4.604056 -6.954599 -3.929007 -0.486277 -7.782095 0.012553 0.629053 -3.100417 -4.290756 -5.166707
6.397758 -3.384227 -5.575462 -6.913280 -3.426816 -0.953819 -7.503901 0.839330 0.024988 -2.893338 -3.980174 -5.254268
7.352665 -3.643017 -4.604056 -6.954599 -3.929007 -0.486277 -7.782095 0.012553 0.629053 -3.100417 -4.290756 -5.166707
7.352665 -3.643017 -4.604056 -6.954599 -3.929007 -0.486277 -7.782095 0.012553 0.629053 -3.100417 -4.290756 -5.166707
7.352665 -3.643017 -4.604056 -6.954599 -3.929007 -0.486277 -7.782095 0.012553 0.629053 -3.100417 -4.290756 -5.166707
7.352665 -3.643017 -4.604056 -6.954599 -3.929007 -0.486277 -7.782095 0.012553 0.629053 -3.100417 -4.290756 -5.166707
7.352665 -3.643017 -4.604056 -6.954599 -3.929007 -0.486277 -7.782095 0.012553 0.629053 -3.100417 -4.290756 -5.166707
7.352665 -3.643017 -4.604056 -6.954599 -3.929007 -0.486277 -7.782095 0.012553 0.629053 -3.100417 -4.290756 -5.166707
7.352665 -3.643017 -4.604056 -6.954599 -3.929007 -0.486277 -7.782095 0.012553 0.629053 -3.100417 -4.290756 -5.166707
7.352665 -3.643017 -4.604056 -6.954599 -3.929007 -0.486277 -7.782095 0.012553 0.629053 -3.100417 -4.290756 -5.166707
7.352665 -3.643017 -4.604056 -6.954599 -3.929007 -0.486277 -7.782095 0.012553 0.629053 -3.100417 -4.290756 -5.166707
7.352665 -3.643017 -4.604056 -6.954599 -3.929007 -0.486277 -7.782095 0.012553 0.629053 -3.100417 -4.290756 -5.166707
7.352665 -3.643017 -4.604056 -6.954599 -3.929007 -0.486277 -7.782095 0.012553 0.629053 -3.100417 -4.290756 -5.166707
7.352665 -3.643017 -4.604056 -6.954599 -3.929007 -0.486277 -7.782095 0.012553 0.629053 -3.100417 -4.290756 -5.166707
7.352665 -3.643017 -4.604056 -6.954599 -3.929007 -0.486277 -7.782095 0.012553 0.629053 -3.100417 -4.290756 -5.166707
7.352665 -3.643017 -4.604056 -6.954599 -3.929007 -0.486277 -7.782095 0.012553 0.629053 -3.100417 -4.290756 -5.166707
7.352665 -3.643017 -4.604056 -6.954599 -3.929007 -0.486277 -7.782095 0.012553 0.629053 -3.100417 -4.290756 -5.166707
6.972233 -3.974602 -4.996749 -7.407243 -3.905087 -0.595520 -7.765356 0.487832 0.459399 -2.891226 -4.467193 -4.916614
7.148727 -3.591169 -5.129730 -7.158075 -3.678288 -0.698757 -7.741886 0.404319 0.242497 -3.181793 -4.306504 -5.228230
7.352665 -3.643017 -4.604056 -6.954599 -3.929007 -0.486277 -7.782095 0.012553 0.629053 -3.100417 -4.290756 -5.166707
-6.723905 18.554750 -31.139200 -1.171267 5.491729 -19.165506 -4.101264 -18.819916 -37.934383 -28.508633 -7.730031 -13.908497
-12.996067 21.059546 -26.888342 3.759663 4.899322 -20.771626 0.576474 -21.846375 -35.840870 -26.714333 -0.526557 -15.972878
-10.463373 17.762333 -22.648674 3.537112 2.377443 -16.352455 -0.860408 -18.395569 -29.656811 -22.694300 -0.989477 -12.939694
-12.694678 20.182426 -27.731001 2.089866 5.343885 -20.352253 0.455396 -19.735857 -36.549744 -27.688519 0.568626 -16.549170
-7.621645 13.581839 -19.921543 0.519400 4.377415 -14.345937 0.040199 -12.041506 -23.897890 -17.818363 -0.954472 -11.489253
-7.227946 12.382570 -19.908539 -0.337986 2.796478 -12.298981 -0.704690 -11.387535 -24.433823 -19.750650 -1.669462 -10.466591
-8.608195 15.086488 -22.306995 0.466792 4.337199 -15.828456 0.272032 -13.987943 -27.170843 -21.113630 0.233071 -13.793189
-13.903289 21.494928 -27.346249 3.833827 5.402562 -20.580246 1.442605 -23.896238 -38.767338 -29.029530 -1.547786 -15.792449
-10.388773 17.835220 -22.061365 3.747703 3.337666 -17.004642 -0.522536 -18.577320 -29.750217 -22.064606 -1.436304 -12.752561
-11.560410 18.112904 -22.208588 4.763009 3.043237 -17.372936 -0.097052 -20.730112 -30.930958 -22.920132 -1.894722 -12.423455
-13.513512 17.136444 -24.460526 2.158391 4.809588 -18.834211 1.646713 -19.744530 -33.806599 -25.562832 0.479797 -13.735216
-10.535676 17.644932 -24.397652 1.772741 3.764674 -17.800821 -0.212331 -18.475496 -32.144199 -25.701801 0.900716 -15.794994
-10.586570 18.556349 -22.872082 3.583523 4.586687 -17.748343 0.180149 -19.590433 -30.920824 -23.608114 -1.636829 -13.661167
-12.009537 19.488632 -26.230560 2.561275 4.027128 -18.378624 -0.077290 -19.657028 -34.593773 -27.278318 -0.330539 -15.263874
-7.868726 17.835024 -23.209326 2.436485 4.147136 -15.993307 -0.154396 -18.465073 -30.238377 -24.786018 -2.065882 -14.571166
-13.069282 21.746553 -27.972288 3.432504 5.754734 -21.246124 0.688993 -22.378420 -37.420601 -27.901957 -1.597991 -16.036728
-12.729891 21.028547 -25.900688 4.742867 4.065451 -19.885798 -0.209064 -23.286537 -35.822144 -27.072134 -2.017184 -14.482783
-8.643165 15.212436 -22.616554 0.480468 3.473725 -15.188976 -0.044081 -14.967586 -28.703362 -23.508339 0.018985 -13.739015
-10.617590 21.593613 -27.455669 3.936497 3.204732 -19.234600 -1.078494 -22.888237 -36.631718 -28.636927 -2.929437 -15.874928
-12.411114 19.633341 -26.458797 2.609197 5.579625 -20.262941 0.859040 -19.494074 -34.611290 -25.901295 -0.357703 -15.634936
-13.493202 20.215117 -25.713326 4.005314 4.347764 -20.566032 -0.041393 -21.062605 -35.034149 -24.675510 -1.464659 -13.669226
-12.694072 23.732225 -28.452108 5.323263 3.817068 -21.029696 -0.884606 -26.490576 -39.754349 -31.410229 -3.013091 -16.814924
-11.285486 19.360693 -26.654024 2.355551 2.988887 -18.523355 -0.814129 -19.993639 -34.311310 -27.613056 0.583666 -16.085155
-14.959908 23.416069 -29.748068 4.672782 5.173423 -22.527340 0.332930 -24.793102 -40.247601 -29.733160 -2.379965 -16.390985
-20.662176 25.269390 -33.272285 4.795862 6.138926 -26.492649 1.317366 -26.023891 -46.469341 -30.744934 -0.413095 -16.404661
-12.305448 16.199215 -25.103210 0.955109 4.135175 -17.091278 0.913721 -16.548840 -33.074677 -25.420231 -1.128583 -12.314169
-13.269415 21.145060 -28.972490 3.070730 5.336476 -20.920187 0.393037 -20.768219 -37.788868 -28.065145 -1.487091 -15.924216
-17.205334 27.271307 -33.455227 7.065887 3.377519 -25.560596 -0.884540 -30.480194 -47.351269 -34.417343 -2.024874 -18.494644
-13.290656 18.575994 -28.494013 1.674721 3.540482 -18.882092 0.503539 -19.121986 -37.808628 -28.810688 -0.507375 -14.375628
-20.054871 23.650879 -30.929340 4.476616 5.368122 -24.438219 1.137601 -24.472208 -43.081188 -28.434214 -0.368250 -14.785757
-15.880073 22.071547 -27.245274 5.484725 5.168349 -22.446371 0.683908 -23.928717 -38.103111 -26.522970 -1.275066 -14.955235
-14.124237 18.804893 -26.009699 2.369107 4.700258 -19.589468 0.394525 -17.445913 -34.013863 -23.867975 0.012011 -13.587295
-11.524116 17.966753 -24.356783 3.136517 2.064871 -16.776375 -0.578886 -19.501738 -32.927269 -26.407669 -0.306848 -13.846858
-11.849854 17.515890 -25.392788 1.480786 5.041654 -19.592447 0.613231 -19.044794 -33.575928 -27.208023 0.440338 -15.784162
-10.994471 19.156254 -25.225292 2.696439 4.916650 -18.460608 0.415851 -19.496075 -33.044704 -24.788258 -1.905271 -13.922442
-9.952855 17.034788 -24.401154 1.305190 4.224146 -17.635616 -0.031419 -17.303886 -31.751217 -25.620819 0.069639 -14.867248
-10.232729 19.524714 -24.717171 4.047690 3.092948 -17.941761 -1.588300 -22.743097 -33.463413 -26.780907 -4.019762 -12.717255
-6.633580 16.787180 -23.445946 1.333265 3.773346 -15.680680 -1.484536 -16.228256 -29.687471 -22.276495 -3.513051 -12.547871
-9.493855 16.907637 -24.031685 1.549228 4.404706 -16.946302 -0.098071 -15.618686 -30.209568 -22.386349 -1.418363 -13.593293
-4.853217 17.080282 -22.029955 3.017710 0.951343 -13.614275 -3.367979 -19.991285 -28.266062 -25.435888 -4.822632 -12.414453
-5.543181 13.696507 -18.285042 2.177460 1.957525 -12.486622 -2.046482 -15.153669 -23.158857 -19.007290 -3.099596 -9.740578
-11.523809 20.947538 -27.412029 3.392363 4.255365 -19.576607 -0.394703 -20.898521 -36.106144 -27.507301 -2.137797 -15.752278
-9.393476 14.056273 -23.525717 -0.349085 3.836210 -15.473984 0.147340 -13.541537 -29.199766 -23.176941 -0.652009 -12.543491
-6.761489 11.711701 -19.816029 -0.942179 3.755755 -13.565866 -0.921211 -9.093783 -22.763647 -16.341822 -0.000289 -11.602258
-8.092084 17.617966 -23.342361 2.826288 3.299256 -15.748464 -0.079451 -21.042435 -32.182747 -27.332716 -2.466404 -13.875975
-6.780760 17.843395 -24.263229 2.612838 2.239580 -15.804173 -3.070490 -20.061493 -31.215412 -25.731886 -4.836571 -12.445909
-12.058407 18.255539 -25.703447 1.764113 4.439608 -18.848028 0.216837 -19.028458 -33.933731 -26.853294 -0.115848 -14.733385
-11.845999 21.995081 -28.044411 3.656276 5.387908 -20.647190 0.274487 -23.144524 -37.576492 -28.778679 -2.401569 -16.233681
-15.820516 22.890396 -28.458929 5.903521 5.075623 -23.052320 0.826088 -25.031483 -40.079483 -27.958944 -0.628403 -16.178265
-10.703367 19.887445 -26.213722 2.587770 4.733562 -18.947037 0.160231 -20.232418 -34.072807 -26.161182 -1.964665 -15.017514
-5.719067 10.298290 -16.673178 -0.819913 2.615441 -11.054797 -1.042038 -8.259355 -19.173792 -14.498220 -0.291436 -9.016362
-8.578258 10.638643 -18.732531 -1.573248 3.919564 -13.939745 -0.613773 -8.407566 -21.825821 -14.802142 0.680782 -9.384782
-5.925332 9.102424 -16.754103 -1.524071 4.507808 -11.648832 -0.083115 -7.269691 -18.655493 -13.377839 -1.453527 -8.769138
-20.433214 24.314220 -35.016457 2.765367 8.947343 -28.708559 3.347854 -27.077633 -48.233971 -35.598282 0.396981 -19.414959
-7.399973 10.892251 -19.447096 -1.694815 5.311368 -14.478540 0.591766 -10.703348 -22.895674 -18.187653 -0.954206 -10.983028
-31.135790 32.642628 -45.561409 4.927938 12.858863 -39.395180 4.605615 -35.211617 -63.745529 -42.745247 0.266086 -22.588316
-10.072568 13.942787 -22.221764 0.208573 5.982135 -16.709070 1.573443 -16.267447 -29.878878 -24.002083 -1.329455 -14.277357
-2.964601 7.642480 -18.869576 -3.895841 2.177355 -10.064278 -2.720138 -3.983191 -18.331251 -13.165196 -2.651031 -8.809620
-14.713816 20.197163 -27.705114 3.006607 6.244634 -22.208206 -0.112046 -20.638691 -36.258320 -24.571949 -2.273435 -14.327152
-21.450813 25.600666 -31.410051 6.819016 5.189315 -27.381210 0.529116 -27.957972 -44.405903 -28.580126 -1.145444 -15.308480
-20.720434 19.737932 -32.767387 0.283765 8.617650 -25.463095 3.918793 -20.480480 -43.776260 -28.600674 0.764662 -13.982770
-8.791602 12.820577 -19.660086 -0.263921 5.938305 -15.158831 1.015374 -12.041231 -24.581169 -18.809889 -1.280660 -11.438643
-11.815779 20.325626 -26.937656 3.668148 4.274616 -19.938745 -0.915192 -22.558416 -35.420731 -26.183090 -3.950326 -13.961037
-11.979928 21.671116 -27.180256 4.563263 4.472740 -20.224892 -0.446899 -25.544888 -36.430489 -28.982016 -4.674705 -15.053258
-18.354521 21.365913 -32.741043 2.029764 7.345923 -24.156929 1.669031 -21.655575 -42.940025 -28.918621 -2.252664 -15.365647
-29.137611 20.528387 -38.029087 -0.635302 12.133204 -31.701637 5.337739 -23.766005 -50.338562 -29.793478 -0.376138 -14.369952
-7.022723 11.337502 -18.759052 -0.650320 3.415274 -12.698176 -0.485635 -8.919520 -21.708071 -15.834146 -0.084543 -10.729838
-5.682589 7.963201 -18.430895 -3.290902 3.816945 -11.800619 -1.440124 -4.201670 -18.810183 -12.114804 -1.434683 -8.512057
-14.893934 19.386124 -26.440193 2.906656 5.580150 -20.789251 1.390561 -19.664810 -35.349518 -24.886530 -0.522799 -14.214471
-15.568716 24.499733 -31.362057 3.986031 6.133960 -24.689346 1.100225 -27.012993 -42.926079 -34.053570 -0.308947 -19.559900
-11.434577 12.454468 -25.255274 -1.987114 4.038502 -14.802181 -0.624751 -10.965969 -30.142332 -21.157482 -2.205320 -10.070127
-11.758716 15.419253 -27.559599 -1.138453 4.947085 -19.112703 -1.939960 -14.988878 -32.520916 -20.031500 -4.455267 -11.426086
-8.166301 12.722561 -21.491810 -1.259130 4.652688 -14.011250 -0.171788 -11.464126 -25.383091 -18.835489 -1.833190 -10.154697
-25.090956 19.094637 -32.925236 0.636828 9.282585 -27.355091 3.978125 -21.002867 -43.340775 -24.480639 1.234730 -11.915900
-7.411161 10.567326 -19.949409 -1.644917 3.399302 -12.833805 -1.540057 -6.638071 -21.628353 -14.507859 -1.164553 -9.710136
-7.400233 10.228441 -19.768473 -2.538607 5.397038 -13.768109 0.153284 -9.085866 -22.600128 -16.209469 -2.382587 -8.652983
-7.948988 15.091670 -21.998898 0.268130 5.520589 -16.034565 0.769393 -15.590123 -26.885078 -21.614910 -1.481021 -12.600946
-8.788379 11.142256 -19.916037 -1.605496 6.382619 -15.943382 1.369915 -12.025213 -23.867161 -17.897329 -0.612121 -11.207084
-14.227642 18.178232 -26.772497 1.604679 5.935761 -20.824390 0.947118 -16.545399 -34.198498 -23.235941 0.981372 -14.418778
-9.399014 11.396157 -25.419357 -3.705848 6.890664 -16.475086 -0.531732 -8.910810 -28.205793 -18.415777 -4.229609 -11.230828
-13.116061 15.735390 -24.285744 0.642878 7.122276 -19.205990 2.065749 -16.901789 -30.794962 -21.944754 -2.346901 -11.671633
-13.856746 14.441874 -26.536160 -1.856570 7.651570 -19.759134 1.821499 -14.300107 -33.509468 -23.087807 -1.981176 -12.182395
-18.615404 23.634418 -32.324673 3.182781 8.073492 -25.906145 2.237810 -24.652374 -43.018150 -30.002342 -1.875086 -16.027697
-19.717323 18.453472 -30.591248 0.692316 6.693551 -22.994751 1.634837 -17.250721 -38.874077 -25.770044 0.024691 -12.803999
-13.404764 15.292929 -26.882767 -1.408441 8.620264 -20.718449 2.053498 -17.575474 -35.199409 -26.226828 -2.741035 -14.405766
-12.398540 18.579271 -26.763378 1.381963 4.311460 -18.874395 -0.352470 -16.339861 -33.564037 -24.338676 -0.307161 -13.873646
-12.244222 20.570875 -30.208752 1.242180 7.350753 -22.329605 0.370677 -22.222401 -38.010696 -28.086781 -5.623257 -15.287756
-15.369204 20.873625 -30.284876 1.337856 7.906415 -22.190861 2.818158 -22.968966 -42.230217 -33.131912 -3.011223 -16.146563
-15.656446 21.068094 -28.035173 3.280145 7.116953 -22.218233 2.058040 -22.931303 -39.002880 -28.309839 -0.539409 -16.187899
-13.485042 19.239702 -26.251730 2.524943 5.621127 -20.882919 0.754984 -20.321461 -35.325459 -25.872093 0.494267 -15.468195
-18.385893 16.919682 -30.887442 -1.390831 11.038951 -25.765604 3.152411 -20.911293 -41.388634 -28.844610 -3.231719 -15.873566
-16.957157 23.701990 -28.250624 5.455674 5.593712 -24.139887 0.769336 -25.294075 -39.353069 -28.383738 -1.037821 -16.414995
-13.947046 16.011162 -28.708153 -1.826611 8.063082 -20.454527 1.600065 -15.125575 -35.965084 -25.877029 -2.543214 -13.872590
-13.041358 15.228744 -24.171282 0.652594 5.628659 -19.174091 0.894189 -13.489482 -30.135406 -19.980118 1.047886 -12.763174
-9.092940 8.918486 -22.708382 -5.394489 6.739118 -15.707683 -0.933991 -6.975520 -24.604277 -14.679180 -1.311372 -9.399991
-18.225838 24.787560 -31.242376 5.398485 5.784930 -25.481562 0.851458 -26.168751 -44.349270 -30.117067 -0.919016 -16.288824
-14.836514 27.221180 -33.392746 5.717219 5.265242 -24.962397 -0.171980 -29.402388 -45.445274 -35.063244 -2.948217 -19.505808
-14.705551 15.816029 -24.397736 1.472513 4.493453 -19.278082 -0.975934 -15.897580 -31.743258 -18.967760 -1.063874 -10.645626
-7.045642 14.133733 -22.809000 -1.438937 5.149534 -15.435345 -0.363091 -12.373973 -26.871002 -20.368858 -2.125043 -12.514206
-6.542233 14.277220 -21.499849 0.795670 1.494912 -13.352148 -2.219086 -13.348671 -25.177414 -20.838612 -1.474310 -12.493908
-11.398633 -15.990491 9.419455 1.765997 -16.830608 1.795701 -7.266290 -20.267811 -0.523119 -3.897216 -1.865160 -1.438181
-18.050364 -25.981310 13.929327 -0.316510 -26.623198 4.771529 -11.731030 -29.870756 1.146731 -3.931758 -4.175388 -1.175751
-25.432171 -33.375542 18.751534 2.553414 -33.170742 3.578089 -14.744627 -41.540989 -0.428699 -5.447806 -3.342227 -2.234766
-25.991726 -34.334450 18.524576 1.373822 -34.699471 6.516656 -12.406740 -41.873768 -1.007308 -6.128823 -4.276112 -2.368150
-24.254978 -35.031628 18.699062 -0.298449 -34.138798 5.640760 -15.307558 -39.773647 2.504873 -3.399484 -4.489723 -3.457879
-15.160793 -23.056637 12.483335 0.085344 -23.392393 5.271505 -9.769596 -27.955713 1.341708 -3.664808 -3.207135 -3.400156
-10.759194 -18.016804 9.854490 -0.561511 -19.980309 4.541647 -9.019910 -21.201118 1.959496 -3.660770 -3.325683 -2.138562
-9.591715 -16.998960 9.013299 -0.844236 -18.657568 3.488412 -9.803835 -19.010578 2.509939 -2.716330 -2.701666 -2.208904
-18.614046 -24.334307 14.194306 2.875455 -24.397659 3.324094 -9.269712 -32.136093 -2.231695 -5.846427 -3.319480 -1.774309
-28.576826 -34.523624 16.256689 -0.627115 -36.646015 10.447409 -9.578815 -41.393597 -4.975579 -9.771386 -6.813241 1.793950
-21.893694 -26.537157 15.428910 2.455924 -28.209269 5.872028 -8.913541 -35.311756 -3.379168 -7.172863 -4.952810 0.665200
-23.402863 -29.092775 16.321173 1.519365 -30.860662 5.507505 -11.046168 -36.836712 -1.750741 -6.830097 -4.746028 0.512305
-24.532080 -31.168234 18.307570 2.681770 -32.307888 5.726107 -12.152505 -41.111534 -2.128507 -6.895802 -4.999417 -0.260556
-21.541134 -29.426863 17.375971 1.651566 -29.398636 4.198468 -12.377011 -35.521206 0.013877 -5.252795 -4.568047 -1.809521
-11.058418 -18.238560 10.055505 -0.296904 -19.912947 4.770885 -8.824533 -22.342113 0.827693 -4.276846 -3.704287 -1.776000
-17.761593 -25.437000 13.948618 0.789772 -25.514441 3.512540 -11.564263 -31.008327 1.312263 -4.204717 -2.101665 -3.570297
-15.515883 -25.490044 12.968390 -0.792691 -24.014627 2.630129 -13.476241 -27.568035 4.018999 -1.263624 -1.502839 -5.246787
-13.237782 -22.123123 11.658895 -0.594235 -22.069227 3.642931 -11.157400 -24.288227 3.136468 -2.206247 -2.663187 -3.554043
-8.276099 -16.185673 7.728015 -1.774368 -17.624907 4.650522 -8.201904 -18.009624 2.189994 -3.232622 -2.271489 -3.361745
-15.419148 -25.880136 13.632265 -1.066327 -26.078598 4.651983 -12.933485 -27.603357 3.662004 -2.795144 -3.477387 -3.383754
-13.133721 -21.030338 11.793057 0.142779 -22.546225 3.951551 -10.266249 -25.205669 1.304439 -4.141613 -3.126767 -2.661231
-14.897446 -21.621784 11.447953 1.226866 -22.319845 5.401242 -8.764343 -27.788425 -0.821174 -5.493272 -3.750206 -2.425095
-19.499435 -25.967846 14.076317 1.275618 -26.539787 5.340831 -9.399269 -32.648216 -1.607589 -5.362159 -3.659645 -1.673942
-20.455296 -28.178301 15.867438 0.091876 -28.785873 4.155620 -12.715513 -34.041359 1.806441 -4.290547 -3.415245 -2.101151
-21.759066 -31.004211 16.734331 -1.144456 -31.451733 3.581243 -15.415625 -34.039623 4.198432 -2.868763 -3.184368 -2.269624
-17.025497 -24.832935 13.573018 -0.221700 -25.433493 4.126190 -11.834275 -28.638079 1.733394 -3.349249 -3.256846 -1.947005
-13.456679 -23.187140 12.756955 -0.149779 -22.873829 1.075433 -13.524056 -25.515423 3.501098 -2.533100 -1.479507 -4.110321
-18.067131 -23.489737 12.323477 1.214597 -25.010592 5.545877 -8.149616 -29.138231 -2.529335 -6.097515 -4.123615 -0.401783
-24.595098 -28.956430 14.654939 2.245433 -29.986116 7.539663 -7.819019 -36.496677 -5.210198 -8.456869 -5.030780 0.604458
-25.055933 -33.018311 18.453766 2.712121 -32.445835 5.114474 -11.918584 -41.327267 -0.895453 -6.796664 -4.230477 -2.704929
-28.176268 -35.649937 18.878000 0.331671 -34.227093 2.701643 -16.203451 -40.970417 1.719032 -3.536490 -3.011542 -1.305448
-32.331604 -36.362339 15.078067 -0.379086 -36.501381 12.005755 -6.622117 -42.958435 -8.844942 -10.569796 -6.876822 1.822681
-28.045429 -36.279690 18.544872 -0.295801 -35.734604 6.679538 -14.841771 -43.969463 0.810977 -6.467905 -4.553168 -1.541739
-18.768377 -29.489672 15.989087 -0.362546 -29.576073 4.054943 -14.281585 -33.240936 3.031347 -3.075239 -3.153696 -4.478566
-29.093256 -34.390675 15.443251 -2.232289 -31.808138 3.639983 -13.961811 -37.485306 0.422967 -2.225831 -2.763012 -0.876362
-15.331709 -26.183790 12.293628 -3.412199 -24.828749 -0.313712 -18.274410 -25.166559 8.153067 0.560935 0.157671 -4.783764
-21.808720 -30.797045 16.158747 -0.792785 -29.753487 2.800416 -14.700328 -33.256466 3.154178 -1.389375 -3.054608 -2.787660
-24.080002 -30.744921 17.848324 2.894416 -30.646086 4.576440 -11.324898 -39.766495 -2.294761 -6.233096 -4.023887 -1.945626
-44.936989 -53.887707 32.251076 5.825939 -55.128948 8.510345 -18.768269 -72.230232 -4.881222 -13.345111 -8.075170 -0.650356
-23.395166 -32.509094 17.656546 0.647945 -32.483131 4.265470 -14.659973 -38.466969 1.322991 -4.593596 -3.439444 -2.881472
-22.317499 -33.708038 18.480989 -1.026500 -33.791237 5.548728 -15.325539 -38.308746 3.687102 -4.210960 -3.782147 -4.028941
-24.408096 -34.452991 19.969978 1.720947 -34.931084 3.870211 -16.046322 -41.984322 1.676375 -5.439320 -3.713141 -3.271121
-23.244102 -28.898695 16.284235 2.312610 -27.689644 2.656095 -11.066485 -35.645145 -1.530053 -5.005268 -3.107786 -1.644011
-22.593479 -31.612907 17.472658 1.104416 -31.815235 5.331375 -13.571262 -38.531685 0.856923 -5.306994 -3.945293 -2.813521
-33.341133 -40.184334 23.072716 4.925097 -38.108223 4.418372 -14.191095 -52.400547 -4.302637 -7.742252 -4.467598 -1.569128
-24.304979 -30.724113 17.329802 1.641830 -30.724062 4.371734 -11.485753 -37.497601 -1.657668 -4.902233 -4.287270 -0.747210
-34.346859 -41.362751 24.964392 3.895847 -42.834511 6.002801 -14.447321 -55.458515 -4.263273 -11.029059 -5.900267 0.312993
-28.470249 -36.608875 21.813129 2.749999 -37.974842 6.943893 -13.365045 -47.523499 -2.142182 -8.344832 -6.119417 -0.583445
-22.695736 -32.117073 17.266838 0.023720 -33.445805 6.845420 -13.182437 -38.471519 0.728891 -5.583619 -4.666576 -3.577736
-29.348368 -35.947273 20.919605 3.739602 -35.249306 3.927402 -13.450116 -47.069199 -3.117878 -7.205148 -4.055804 -1.651876
-18.763298 -25.419497 14.908126 2.267522 -23.737854 -0.679090 -12.458961 -31.230833 0.387791 -2.986775 -0.841419 -3.670638
-25.715347 -31.718784 19.621788 4.583969 -31.875467 -0.152447 -14.333156 -42.088364 -2.431051 -6.512383 -1.925286 -2.259637
-21.729168 -27.488447 16.987112 2.837195 -28.136761 1.498612 -12.333909 -36.066502 -1.789344 -5.540188 -2.553092 -1.739751
-21.740614 -27.469500 14.922328 1.809964 -26.446243 -0.184264 -12.598722 -32.986340 -1.753476 -4.202510 -1.899816 -0.843685
-26.547785 -33.534409 20.329288 4.101365 -32.997162 0.442823 -15.308248 -43.464211 -1.194305 -5.838353 -1.374084 -3.045129
-15.210513 -24.081596 13.161962 -0.937021 -23.395679 0.806543 -14.467674 -26.941374 4.067684 -1.151536 -0.690727 -4.561323
-18.634348 -24.895626 14.877461 2.641095 -24.308588 -0.598820 -12.812156 -31.777298 -0.229091 -4.024553 -0.607014 -3.102296
-29.038427 -35.444862 21.150152 3.307814 -36.498909 3.534647 -13.886832 -46.104431 -2.531246 -7.728826 -3.946331 -1.167815
-19.524099 -26.979097 15.627967 1.843309 -27.787872 2.076255 -13.159586 -34.543934 -0.526514 -5.784127 -2.452735 -2.405981
-22.567327 -30.710411 18.409233 2.990499 -29.753204 0.053153 -15.204237 -38.067421 0.271001 -4.861681 -1.706678 -3.398819
-23.804789 -32.676723 19.337908 2.386467 -33.413372 4.190492 -13.957031 -40.838161 -1.157603 -6.936958 -4.672304 -1.907422
-25.087297 -31.414139 19.675146 4.170802 -32.255459 2.585152 -13.352904 -42.331745 -2.536467 -7.494614 -3.297356 -1.286814
-28.233786 -35.670464 21.238708 4.520132 -35.852589 3.810242 -13.681394 -47.027256 -3.463386 -8.018977 -4.213955 -1.895045
-26.440475 -33.378979 19.894646 3.852758 -34.004128 3.223247 -13.723728 -44.478703 -2.441150 -6.487031 -2.950767 -2.468969
-18.767935 -25.358252 14.968691 2.611366 -24.881182 0.200148 -12.082939 -31.897469 -1.406203 -4.444194 -2.161351 -1.899743
-26.676924 -33.794411 20.157888 3.465370 -33.481495 3.881378 -12.994890 -42.379227 -2.542544 -6.441961 -5.073809 -1.091221
-19.453484 -24.757460 15.166363 3.348542 -25.549631 1.650172 -10.695164 -32.629040 -2.084400 -5.760976 -2.416752 -1.514273
-24.156313 -29.946409 18.701029 4.342529 -30.650648 2.081499 -12.617234 -40.317726 -2.746398 -7.141885 -2.782554 -1.391760
-23.378857 -32.404327 19.035997 2.978844 -32.144154 3.160345 -14.822238 -40.484482 -0.833012 -5.185143 -3.787450 -2.640785
-21.236860 -28.228851 16.703085 2.664575 -28.615385 3.193405 -12.677270 -35.269947 -0.946315 -5.364635 -3.585355 -1.354520
-17.631044 -25.114870 14.113182 1.653480 -24.643644 1.843561 -12.440350 -30.708975 0.541256 -3.693407 -1.556159 -2.984384
-15.580931 -21.636646 12.007915 1.506495 -20.674833 -0.026585 -11.357008 -25.493233 0.611187 -2.768795 -0.744648 -2.171474
-22.145098 -26.861063 16.905602 4.617832 -26.950687 1.243941 -11.385053 -37.175381 -3.063544 -6.789955 -2.284261 -1.839278
-23.957298 -29.870819 18.330639 4.828176 -29.488855 0.997487 -12.750513 -39.291126 -2.559177 -6.198623 -2.547592 -2.209492
-26.741983 -33.151691 19.895285 4.015208 -33.160992 2.390275 -13.415682 -42.844810 -2.542033 -6.584537 -3.288850 -1.201918
-7.142109 -13.136328 6.349465 -1.098435 -14.644817 3.802996 -6.773758 -14.853686 1.260640 -3.234381 -2.031123 -2.473748
-10.623993 -17.520466 9.662544 1.557305 -17.771896 0.917701 -10.017922 -21.516966 0.827093 -3.095870 -1.178558 -3.701412
-6.901693 -13.232711 7.478763 0.078105 -13.991294 1.774313 -8.200377 -16.020937 1.896222 -2.620013 -1.091082 -3.489713
-13.123948 -22.030922 12.066256 0.276913 -21.991703 2.781495 -11.512294 -25.311308 2.129521 -2.873959 -2.438543 -4.189904
-9.289056 -16.631172 9.095242 -0.437825 -17.278709 1.500238 -9.784873 -18.893702 2.698098 -2.656332 -0.950693 -3.523587
-14.621814 -20.787861 12.203618 2.442905 -21.187798 1.428814 -10.493433 -26.091862 -0.237692 -4.121444 -1.706333 -1.922260
-14.637822 -21.629702 12.829926 1.758656 -21.687761 1.178200 -11.876964 -27.082062 0.713136 -3.950727 -1.459535 -2.585454
-12.102207 -23.668587 11.920110 -2.954818 -24.161846 3.568539 -14.034109 -22.674543 6.230666 -0.662649 -2.382849 -4.938079
-9.253121 -18.318075 7.573767 -1.921459 -17.858862 1.530510 -10.535126 -18.526827 3.655782 -1.202413 -0.520693 -5.522293
-14.653953 -21.438593 11.571611 1.382558 -21.070208 0.925060 -11.943568 -26.317162 0.982571 -3.114810 -0.859645 -3.450243
-17.646893 -28.369698 15.727659 0.058684 -27.105841 2.163833 -14.579969 -31.486494 3.403232 -2.758029 -2.786389 -4.715798
-16.979761 -22.764946 13.539398 2.195048 -22.156801 1.047979 -10.681051 -28.481674 -0.129415 -3.833049 -2.227459 -2.171334
-21.384066 -27.810886 16.364286 2.733528 -27.970860 2.877122 -11.482700 -35.592148 -1.851512 -5.348381 -3.983010 -0.880190
-19.697433 -25.038782 15.306647 3.658062 -23.636730 0.682261 -10.455965 -32.471268 -1.730407 -4.904394 -2.097766 -2.307955
-21.327452 -26.472027 15.659634 2.876045 -26.466658 2.556098 -10.129762 -34.225346 -2.599492 -5.186995 -3.540844 -0.552602
-17.915260 -24.193279 14.320656 1.925450 -23.476048 0.735407 -12.023078 -29.524826 0.579111 -3.297987 -1.567698 -2.318276
-23.343100 -28.671663 17.740396 4.591389 -28.692421 1.941225 -11.189719 -38.080414 -3.622227 -7.031980 -3.692987 -0.805057
-23.077314 -28.022602 16.909214 3.785885 -28.658237 2.874112 -10.883681 -37.665462 -2.729747 -6.329277 -3.150050 -0.994304
-23.146099 -30.727079 17.999058 2.524304 -30.984917 3.262041 -13.214617 -38.376450 -1.123240 -5.836048 -3.602572 -1.505600
-23.882425 -28.247793 17.465147 5.341877 -28.352728 1.741616 -10.383537 -39.355896 -4.189089 -7.753541 -2.772282 -1.251190
-14.918991 -23.084763 12.940829 0.043748 -22.211142 -1.150159 -14.725648 -25.759062 3.255305 -1.369631 0.189730 -3.678233
-21.950565 -29.440174 17.340664 2.920522 -29.131712 1.336077 -14.624830 -37.082657 -0.593503 -4.664072 -2.205517 -1.871290
-21.155430 -27.992720 15.217629 0.218495 -27.237167 2.387995 -12.136864 -31.603083 0.907799 -2.811826 -3.268097 -1.040756
-21.002363 -27.266508 16.333181 3.234654 -27.375675 1.148943 -12.355623 -35.221714 -0.977014 -5.521460 -2.179013 -2.408258
-27.800833 -31.996702 19.773849 6.518268 -31.349400 1.520335 -11.628429 -43.896229 -5.401594 -8.280634 -3.201933 -1.191510
-33.941650 1.095659 -3.682077 21.628897 -14.594172 -16.742060 -0.101096 -50.925800 -35.476337 -24.571800 6.208564 -4.285343
-34.248348 -11.206160 2.979695 14.781619 -12.676682 -14.102880 1.460893 -43.284420 -25.061882 -15.384681 8.170011 -5.418478
-31.470280 -9.782421 3.691843 18.579842 -18.346172 -7.271387 0.053474 -50.083942 -26.244307 -20.177654 3.343947 -3.782449
-36.469452 -5.725763 -1.344913 21.310944 -18.879179 -12.344891 -0.049749 -55.431087 -37.214165 -24.441776 3.658960 -2.464369
-34.962074 -2.010123 -3.149191 19.178234 -11.969539 -17.716003 2.574410 -49.612408 -34.664783 -23.569031 7.326266 -5.758600
-27.041201 -1.054617 -5.853028 14.053771 -11.848010 -9.591693 1.617023 -38.163750 -29.283720 -21.267515 5.700299 -6.678826
-37.180195 -0.850329 -4.936858 20.312538 -14.264191 -15.740771 3.136484 -50.073048 -37.677166 -24.593018 7.015516 -3.841957
-39.856503 -11.198814 4.037605 21.798040 -21.211779 -11.887786 -0.757342 -54.839565 -31.332150 -19.842098 6.326962 0.725851
-35.291927 -8.039648 -0.192044 18.612547 -17.700792 -9.704167 0.772621 -49.694801 -30.683701 -22.089897 5.026754 -4.375643
-37.643353 -10.203317 4.225232 21.837467 -22.249901 -10.425811 -0.822125 -54.549877 -30.114834 -20.634398 4.593460 1.166787
-41.875771 -8.554171 0.783504 22.584553 -18.316277 -16.019814 0.882329 -60.380596 -34.243134 -23.385336 7.379479 -5.474802
-40.281933 -1.218581 -5.258550 21.177423 -13.376943 -18.258385 2.535225 -53.325062 -39.042915 -23.478962 6.631016 -5.744798
-33.455536 -1.972759 -3.868769 19.168098 -13.773575 -12.348101 2.018095 -50.677666 -35.389317 -25.401716 5.087386 -7.455211
-38.473530 0.656898 -4.234113 25.237804 -17.834734 -17.448282 0.078271 -60.184658 -41.386284 -27.298632 4.479305 -4.111008
-22.352835 -3.458287 -1.228085 13.334388 -10.247997 -9.076691 -0.155047 -32.669266 -21.248806 -14.177698 2.907103 -3.108700
-23.145210 3.084053 -5.847027 14.408957 -8.698119 -12.372109 -1.080315 -35.031734 -26.778082 -17.789049 3.496652 -4.889400
-24.951704 -1.595445 -2.667016 14.763200 -11.835410 -12.169238 -0.866794 -37.375362 -23.979591 -17.621008 5.863207 -4.543216
-28.130749 -2.391403 -1.961086 18.080927 -13.231921 -12.487647 0.988067 -47.952393 -29.444773 -24.620777 4.853643 -7.192767
-36.981316 -2.460214 -1.695102 22.748457 -17.140409 -15.559195 -0.091645 -54.165676 -35.845802 -23.236898 5.346910 -2.505991
-32.943161 -4.075377 -0.352841 18.842962 -13.281656 -14.327014 2.560210 -46.612045 -31.110279 -20.670713 5.448818 -2.816231
-23.623587 2.057450 -5.250967 12.900095 -8.700947 -13.954380 -0.104795 -34.117329 -25.369102 -17.569473 6.486280 -6.118769
-35.646301 -3.464341 -2.227975 17.296688 -11.218352 -16.053173 3.046996 -45.894363 -32.768974 -20.545591 8.027705 -4.319314
-22.154430 -0.313647 -2.341096 13.598276 -8.713285 -10.341505 1.282323 -34.463665 -23.410814 -15.701976 2.771390 -3.884561
-15.517533 -0.557562 -2.431653 8.396317 -5.081482 -9.071515 -0.736992 -22.783606 -16.181017 -10.173104 3.129030 -4.813597
-15.233233 -1.416016 -1.964319 7.898204 -4.537356 -8.268159 0.101291 -21.229986 -15.392291 -9.390047 2.735716 -4.074035
-23.838686 -1.768669 -1.712266 14.117334 -8.643663 -11.298733 0.797804 -35.870060 -24.256495 -16.181751 3.182928 -4.751105
-41.324265 -6.710190 -0.292950 23.904633 -21.116941 -16.235708 0.145196 -59.944904 -40.858543 -25.469774 3.901792 -0.321081
-20.660046 -3.500551 -3.789219 6.646129 -4.857995 -12.572999 -0.308943 -23.897028 -16.998545 -8.540093 5.983272 -5.590197
-20.936947 -3.479496 -2.348186 11.528820 -12.364373 -7.684936 -2.039274 -29.495756 -20.716436 -11.527759 -0.375336 0.547362
-26.354490 -10.879449 1.120114 11.227735 -12.470103 -8.614647 -0.393506 -36.731964 -20.550232 -12.037172 4.716746 -5.964614
-15.975991 -7.352466 -1.696469 2.854612 -9.105195 -1.947302 -0.001339 -15.974523 -11.339936 -6.879857 1.493726 -0.024594
-20.236000 -1.907116 -3.107134 12.519974 -11.073018 -7.016928 1.078418 -33.337566 -23.248045 -18.918875 2.951783 -2.781393
-32.147133 -1.219729 -3.212474 17.435102 -12.821187 -14.393033 0.596142 -41.359665 -28.928804 -17.192026 5.605540 -0.679950
-37.577663 -1.246517 -7.297567 15.343004 -10.942736 -18.384171 1.317196 -43.366467 -33.834911 -18.648638 9.633712 -5.057363
-20.401575 -5.145537 -3.537118 8.322089 -9.278248 -4.688090 0.922844 -21.867105 -18.185917 -11.024233 2.640296 -1.039261
-15.742092 -2.653392 -0.746579 8.008268 -6.505851 -7.344573 -0.828274 -21.484173 -13.183691 -8.883217 4.020642 -3.840773
-19.424782 -3.832468 -2.315190 8.852317 -6.756054 -11.371487 -0.832657 -28.065994 -18.072176 -11.525150 5.086140 -7.651454
-11.469551 0.971240 -5.136071 5.059785 -2.940675 -7.716485 -0.257475 -18.698345 -14.582553 -12.588308 1.742380 -6.762817
-21.723335 0.350022 -5.115727 11.830444 -7.301840 -12.438901 -0.698376 -29.232353 -22.327316 -12.477308 3.748065 -3.864202
-19.408949 -0.286941 -3.658880 10.990380 -6.219359 -10.786503 0.667594 -28.280838 -20.464043 -12.145797 2.862175 -5.005304
-19.165440 0.549599 -5.187693 11.619428 -8.406334 -9.048453 0.441923 -32.038193 -23.583076 -18.638212 2.945050 -6.235428
-19.062588 -4.739188 -1.473984 8.120346 -7.851726 -7.383892 0.443810 -24.973295 -16.223978 -11.199372 5.060152 -3.064376
-23.158937 -5.127182 -1.510326 10.958557 -9.705036 -10.556625 -0.953552 -34.025970 -20.004751 -12.581242 2.885519 -5.638451
-19.433113 -5.940422 -2.327283 7.841181 -9.209638 -4.892306 -0.412956 -21.291731 -15.239141 -9.133650 2.912090 -1.645977
-17.182526 -8.343530 2.473342 8.434236 -11.512877 -4.569940 -2.258343 -26.330990 -12.241847 -8.925011 2.041833 -3.659772
-19.892717 -3.945553 -2.930889 7.553067 -6.404873 -7.407286 1.273720 -18.951637 -16.512205 -8.174946 4.093032 -0.951500
-25.391020 -12.137510 3.119935 10.903418 -14.342447 -7.666813 -2.164256 -35.903984 -17.109173 -11.423964 3.463585 -4.139360
-14.591539 -8.328622 3.050096 6.262962 -9.223820 -3.170555 -2.029941 -19.273693 -8.003295 -5.548568 3.064572 -2.016330
-20.285614 -2.000569 -6.298897 6.918939 -5.299362 -9.131609 1.719729 -20.494335 -19.695972 -9.758115 5.228126 -2.267058
-20.944431 -1.987556 -5.633518 7.305933 -5.566572 -9.961380 0.707516 -21.003555 -18.025118 -7.858260 3.080094 -0.983402
-31.509130 0.859073 -6.701029 17.727856 -11.605246 -14.601479 2.884867 -48.599667 -35.927315 -27.524572 6.370485 -9.051840
-35.780079 0.670548 -4.774063 19.716463 -11.397199 -15.040308 4.812656 -51.642361 -39.140579 -26.213160 4.615440 -4.982126
-24.919952 0.733164 -5.737060 12.902371 -8.541252 -12.258741 2.755963 -37.766560 -28.174822 -21.879808 5.594858 -7.567019
-35.126457 -13.046170 4.926775 18.859015 -18.429186 -7.575715 1.962313 -53.645061 -28.560474 -22.129173 2.297941 -2.639195
-38.424713 -8.514826 1.345761 19.847368 -17.341249 -12.938125 1.382294 -53.205288 -31.639572 -19.659954 6.495162 -3.037195
-29.672695 -5.184671 0.253317 16.818909 -13.890460 -9.079629 2.676639 -45.171021 -28.597303 -22.178871 4.698985 -4.311017
-36.946671 0.132752 -5.706007 22.981789 -16.385241 -14.530777 0.943301 -57.569595 -39.474804 -28.356720 3.560713 -6.531585
-37.469929 -4.802697 -0.112430 20.846155 -14.950197 -13.544896 3.779403 -54.186001 -36.111622 -23.478567 5.967946 -4.213934
-46.805473 -4.971990 -1.359490 27.500488 -19.832869 -16.844658 3.528047 -70.483223 -45.855347 -32.731346 6.311255 -5.596274
-29.501642 -5.858659 0.531609 16.479347 -13.882771 -11.017135 -0.342264 -42.046745 -24.500223 -16.408749 5.539898 -3.485778
-24.189812 -6.969088 -0.686713 10.842369 -11.597324 -6.528919 0.182791 -29.523506 -18.340147 -12.639977 4.206017 -2.915584
-32.681973 -0.974630 -4.112296 18.396761 -13.157257 -12.609962 1.678354 -46.604939 -31.714699 -20.636248 3.389219 -2.781846
-31.065855 -7.349623 -0.419686 16.162792 -13.560383 -9.552193 2.483472 -41.935932 -27.905481 -18.094948 4.189500 -2.488738
-24.847895 -6.735621 -2.454168 9.757005 -12.101381 -7.056615 -0.092196 -29.572876 -20.231455 -13.006437 5.078260 -1.885563
-30.239378 -0.812135 -5.488953 14.933950 -9.382229 -14.353766 2.363351 -41.849194 -30.624933 -19.990185 7.505692 -8.564464
-33.878002 -1.228452 -3.137473 21.244225 -15.285455 -12.815628 1.527817 -52.970730 -36.464275 -25.800049 3.650721 -4.267885
-24.764687 -8.952728 0.936308 9.585953 -11.220313 -4.715786 3.184124 -32.038429 -19.744976 -15.536503 2.999545 -2.321068
-34.681812 -4.639927 -1.002508 18.403103 -13.417749 -12.369871 3.757884 -52.798477 -34.041275 -26.892326 5.837091 -7.757065
-34.744953 -12.443652 4.745695 17.001638 -17.813583 -8.284243 1.569569 -51.084190 -27.933649 -21.001743 3.442947 -3.109290
-35.461391 -6.021058 0.803787 19.670855 -15.214927 -12.026497 3.604760 -51.282028 -32.370361 -22.488354 5.154573 -2.779525
-42.354103 -13.991060 3.988123 21.257862 -22.337763 -12.025301 -1.704880 -56.040627 -30.102854 -18.482098 7.914286 -2.077455
-30.143633 -7.654761 -0.001810 15.176693 -15.144511 -7.785392 1.027000 -41.414246 -25.454994 -18.188164 5.588566 -3.285816
-37.603790 -4.732955 -1.601463 20.163433 -13.540287 -13.918579 4.077941 -53.499302 -35.408474 -23.912395 5.671312 -5.582515
-29.738260 7.205492 -11.713181 17.707752 -10.783430 -15.308532 1.224780 -45.755512 -37.628944 -26.397917 4.133049 -7.244534
-30.238926 -9.371108 2.222524 16.306458 -15.706490 -7.711432 0.926003 -46.944607 -25.961838 -19.343193 1.226754 -2.970089
-39.553314 -4.314421 -1.572458 23.329716 -16.800085 -14.988781 3.374609 -58.272972 -37.885250 -26.162697 5.231067 -3.336038
-41.990849 -4.843931 -1.024558 21.696346 -15.130247 -17.086210 3.514712 -55.135635 -36.959949 -22.146347 7.533375 -2.712373
-27.827101 -0.251993 -2.962653 17.744432 -12.502608 -11.340596 -0.045831 -44.128155 -29.080515 -20.986326 3.631997 -4.549564
-39.659412 -4.130611 -1.930690 21.380630 -14.717607 -14.722459 4.778877 -55.626137 -38.209595 -24.545534 5.438272 -3.603304
-28.106886 -1.983129 -2.640584 15.622626 -11.322440 -11.594720 2.094763 -42.092606 -28.626703 -22.318785 5.415326 -5.860525
-34.857361 -0.932679 -5.625976 17.698881 -9.576752 -15.455152 4.888511 -51.116360 -38.395645 -27.477718 6.030622 -10.661206
-26.681932 -9.508234 3.005160 13.017621 -14.524978 -8.354137 -0.570810 -39.111237 -20.234522 -16.181170 5.663366 -4.825952
-39.132362 -8.953019 0.333765 17.589428 -14.382672 -13.260972 3.962644 -48.217636 -32.206997 -19.743006 7.509121 -1.592342
-37.684132 -0.179256 -4.201399 23.473742 -16.189878 -15.432104 1.838090 -58.007961 -39.005810 -27.811258 4.288494 -4.204997
-37.747780 0.067159 -4.127100 22.780840 -14.843718 -15.866996 1.454416 -55.992718 -38.686401 -26.735859 4.415320 -4.739677
-31.658680 -0.993174 -3.276818 18.755411 -13.779127 -12.723264 2.553126 -48.762554 -33.668762 -25.077484 5.733533 -6.070759
-32.577866 -11.767198 6.091162 16.308941 -17.058598 -9.813154 -0.648898 -44.731022 -22.938986 -16.174896 5.915753 -0.952142
-37.766300 -14.264941 7.175870 18.373774 -19.580864 -9.971869 1.586095 -53.182091 -27.518869 -21.764380 4.971873 -1.150909
-35.623272 -7.205286 0.458593 18.061029 -13.599350 -11.769688 2.296183 -50.843136 -31.673647 -21.259325 5.242116 -4.216928
-25.277628 -5.382079 0.629578 12.254745 -9.728909 -8.352675 3.527270 -35.042500 -22.750788 -16.296963 4.142656 -2.970083
-37.441044 -2.366870 -4.672794 19.195736 -12.310399 -16.449987 1.442693 -49.053524 -36.491776 -21.683420 5.617695 -5.185550
-34.390102 2.358333 -6.562359 20.351698 -12.399012 -15.983696 2.772063 -50.020485 -37.190136 -25.034657 3.512485 -4.297957
-36.058239 -4.281021 -1.067971 23.293344 -20.384691 -11.182917 0.488437 -59.594177 -35.752861 -27.633768 2.786368 -2.789965
-47.939545 -12.084322 4.197406 23.765726 -22.084915 -12.894536 4.121842 -65.735725 -39.883606 -26.071384 6.003664 -0.523296
-36.895721 -4.616437 -0.319451 22.239872 -17.522648 -14.467171 1.124579 -55.614620 -35.713428 -23.818235 3.836880 -2.695198
-31.404406 -3.819095 -2.867113 16.761833 -13.665269 -11.226026 2.682834 -47.006908 -31.372393 -24.780342 6.385301 -6.932016
-30.065763 -10.620887 5.019788 16.899267 -18.789310 -6.354864 -0.161867 -46.548130 -23.935093 -21.477257 4.123093 -1.622083
-38.370693 -13.477720 4.208373 15.928097 -18.689051 -9.815820 0.896930 -49.477531 -26.141701 -17.693157 6.586108 -1.295951
-30.621536 -3.716192 -3.729725 15.248561 -10.896322 -11.534512 2.220461 -39.344189 -28.224588 -18.085699 4.113729 -4.088027
-27.235056 1.358703 -8.907625 12.979346 -10.650737 -11.531757 2.908366 -37.705570 -32.160561 -23.325594 5.937063 -4.408318
-12.066470 -9.934264 -19.299486 -15.061240 2.280955 -9.125702 -6.033058 8.922064 -10.099138 3.152805 -3.631286 0.911405
-14.135976 -11.690849 -22.374754 -18.227421 2.915531 -9.792594 -7.909019 11.708562 -12.130158 4.268977 -4.867979 1.653874
-3.322483 -6.862730 -12.160405 -11.511686 -0.663375 -3.529736 -6.150921 5.966815 -4.296326 0.936563 -3.624792 -0.769850
-11.736955 -16.152731 -20.033932 -21.082729 -1.342048 -6.383079 -9.374985 8.647126 -8.488778 4.343097 -8.905976 3.937702
-20.217009 -17.207811 -28.349339 -23.622049 1.837544 -10.633759 -9.008637 15.237350 -14.865954 5.231683 -7.855547 4.985497
-17.075706 -16.472374 -21.988424 -20.806717 -0.414585 -7.828875 -9.047907 11.819357 -10.695534 6.282291 -6.974531 4.121398
-11.329540 -9.589556 -17.188892 -13.934278 -0.036327 -6.710325 -6.689573 8.351296 -7.791811 2.822024 -3.536503 0.591172
-13.009605 -13.261048 -19.216228 -17.326475 -0.385563 -7.779662 -8.229839 10.650931 -8.785176 4.844323 -4.817912 1.989222
-3.590932 -5.086722 -12.528120 -10.524107 0.669263 -5.735644 -6.407527 5.398191 -4.869422 0.284565 -3.056899 -1.835724
-0.707681 -3.952689 -10.534991 -9.127172 0.432138 -4.153968 -4.761550 3.373955 -4.810940 -2.243202 -3.423546 -1.818481
-0.304414 -4.892261 -10.244911 -9.929004 -0.744097 -3.373880 -6.164480 4.189783 -3.580536 -0.374901 -3.228963 -2.391365
-3.147237 -6.348080 -11.017425 -10.651657 -0.561566 -3.852707 -6.151133 4.226876 -4.331508 0.334611 -3.830375 -0.982663
-5.724468 -7.781112 -12.545318 -12.525700 -0.155358 -3.968495 -5.584599 5.192117 -5.488983 0.630651 -4.194555 0.125968
-1.802191 -5.618992 -13.272537 -11.045100 -0.351982 -4.793775 -7.470875 6.136141 -5.140664 -0.083365 -4.960226 -2.326396
-3.137886 -5.406116 -11.903418 -10.184350 -0.330848 -3.746410 -5.458271 5.761329 -4.863984 0.065514 -2.848966 -1.495310
-7.627374 -5.527287 -12.324976 -8.337762 -0.820021 -4.093510 -4.389965 3.320458 -6.466762 0.632824 -0.018956 -2.396057
-4.597930 -4.691599 -13.919256 -10.665821 2.179743 -5.695541 -4.818105 5.761702 -7.068449 -0.875092 -3.628148 -0.797495
-2.406497 -4.628376 -11.590896 -9.867729 0.439261 -4.324707 -5.538579 5.399084 -4.805655 -0.390230 -2.570525 -2.079369
-11.029092 -12.161620 -18.504229 -16.622297 0.050889 -6.783924 -6.908874 10.153066 -8.703855 3.255099 -5.513322 2.215349
-13.944975 -15.051069 -20.376095 -19.822962 -0.533080 -7.204637 -8.938199 10.202845 -9.977344 4.706509 -7.820466 4.324649
-6.227567 -10.637124 -15.104545 -16.395475 -0.361901 -4.478735 -7.867697 6.316284 -6.159994 1.377657 -6.204672 1.159566
-2.563104 -5.831252 -12.248673 -11.456835 0.172473 -4.285022 -5.958636 5.061271 -4.640728 -0.928243 -3.969976 -0.848168
-4.706895 -6.332655 -14.321330 -12.142422 1.041235 -5.092663 -6.294988 6.845676 -6.483484 0.839100 -3.934132 -0.637776
-10.106987 -14.636684 -19.440529 -20.709997 -0.335991 -6.418333 -9.077848 9.097859 -8.949880 3.224310 -8.653398 2.896314
-13.639805 -11.413995 -21.290808 -16.904476 1.836994 -8.122915 -6.465787 11.268996 -12.104232 3.198218 -5.090297 1.907698
-13.214753 -14.211184 -21.673405 -20.741997 0.907967 -7.817210 -8.238494 8.227635 -11.287066 1.458689 -9.488911 4.226321
-12.643012 -14.072891 -20.840082 -19.075180 0.245101 -7.376212 -5.651190 6.919328 -12.422058 -0.856131 -8.969689 4.841611
-7.758427 -7.889882 -16.460760 -13.496315 1.829784 -6.677867 -6.084352 8.499254 -8.329882 2.426939 -3.024691 -0.211224
-11.558922 -10.281796 -21.247057 -17.214037 2.648871 -9.385088 -7.840151 11.569580 -11.381829 3.077999 -4.195307 0.604561
-7.998004 -9.611275 -19.190193 -16.480549 2.502320 -8.790778 -8.113964 9.790395 -10.221910 1.252973 -5.867382 -0.558745
-9.983282 -10.565388 -17.114367 -15.726640 0.467664 -7.193723 -7.560601 9.226203 -6.809418 2.660127 -5.236672 1.284091
-5.140336 -6.033015 -14.512587 -11.737262 1.428538 -6.131432 -6.044454 6.883786 -6.712379 0.618529 -3.220127 -1.068115
-13.583053 -10.412066 -21.032707 -16.142914 2.350804 -8.943841 -6.201322 9.355882 -12.219339 2.453025 -5.810399 3.398317
-12.184682 -14.565747 -20.959332 -20.501360 0.382764 -7.200535 -9.132517 10.748121 -9.466854 4.187242 -7.758989 3.228238
-7.109572 -10.655573 -17.198311 -16.991629 1.024618 -7.186013 -8.621776 8.229650 -8.218953 1.641054 -6.536128 0.077017
-7.890708 -5.480740 -17.429552 -12.580711 3.535360 -8.289478 -6.018419 7.613577 -10.230874 0.366108 -3.730226 -0.889142
-9.732170 -13.763981 -19.832277 -20.298466 -0.060780 -6.257274 -8.627064 9.102370 -9.103567 2.460648 -8.775907 3.080496
-8.842195 -12.515990 -18.533939 -19.435093 0.967157 -7.012522 -8.926476 7.064493 -8.787168 0.790013 -8.257589 1.708203
-9.959683 -13.397492 -19.125484 -19.801569 0.805033 -6.918326 -9.154121 8.517891 -8.644561 2.649834 -7.355083 1.258517
-14.169045 -13.792541 -24.372549 -20.314016 1.308573 -10.298643 -9.684484 13.553303 -12.219778 4.711925 -5.963198 1.945228
-10.532267 -14.635283 -20.436741 -20.653296 -0.385204 -6.734705 -8.842216 10.529785 -9.217121 3.334527 -7.744162 2.563934
-13.190399 -11.256826 -22.823366 -18.389130 1.936554 -9.243908 -8.572113 12.417945 -11.554469 3.217030 -4.935504 1.387770
-8.960219 -9.219205 -15.420321 -13.515103 0.878396 -6.959768 -5.694957 7.323294 -7.137626 1.998802 -4.342197 0.921505
-9.519776 -10.317423 -19.281364 -16.335007 0.922422 -7.771406 -6.438738 9.304611 -9.825819 0.817933 -5.907226 0.650650
-12.047516 -13.674434 -20.096043 -18.942364 -0.134746 -5.835679 -7.705214 9.650516 -9.628910 3.405815 -7.684312 4.186572
-3.694534 -7.478168 -13.957735 -13.621144 1.318571 -5.453378 -6.055861 5.356947 -6.582668 -1.007781 -5.462181 -0.228692
-17.759771 -18.343437 -23.216574 -24.090797 -0.026085 -8.412329 -8.604087 8.675925 -11.871296 3.002784 -9.185334 4.565672
-9.406640 -10.388782 -18.636875 -16.685612 2.478551 -7.621907 -6.779428 8.709160 -9.635738 1.629667 -5.639545 1.105421
-7.240741 -8.441114 -17.078783 -14.650039 1.829553 -7.321286 -6.809233 9.586934 -8.015883 2.116589 -3.800653 -0.433526
-14.500784 -16.978079 -23.328468 -23.960386 0.803906 -9.015456 -10.423244 10.623956 -11.448700 4.636063 -9.160051 3.393905
-12.389605 -11.696948 -21.774921 -18.269533 1.999538 -9.033178 -8.630534 10.892088 -10.744481 4.262370 -5.691701 2.470081
-12.948840 -11.799159 -24.187065 -19.482100 3.221598 -9.881736 -8.451136 13.447325 -13.040998 2.988218 -6.418048 0.582521
-16.277575 -16.620186 -24.379198 -22.906345 0.687726 -8.192248 -9.015679 12.256920 -11.862651 4.241651 -8.348971 4.493122
-9.275624 -8.570924 -19.089466 -14.838755 2.031108 -7.311039 -7.148369 9.425513 -9.959421 1.575693 -5.151281 0.114189
-9.420067 -11.077180 -20.793617 -18.525913 2.075139 -8.511726 -8.052012 10.972242 -10.110339 1.117777 -7.309614 0.722091
-11.784107 -11.850386 -22.645735 -19.025116 2.831938 -9.463852 -7.342926 12.032469 -11.739684 1.476162 -6.909698 1.666852
-12.186533 -10.970873 -24.577980 -20.157402 4.575366 -10.228090 -7.709195 12.550085 -13.818042 1.765783 -7.419007 1.493578
-13.992564 -12.493375 -26.024714 -21.180651 4.312623 -11.419270 -9.462071 13.039242 -14.512674 3.127380 -8.118513 1.925151
-13.525663 -12.202659 -23.119770 -19.606352 2.669098 -8.958699 -7.404233 10.024071 -13.304483 1.889695 -7.512800 2.959136
-13.989826 -10.837698 -23.398062 -17.823614 3.273137 -10.695037 -6.943378 12.275488 -12.957763 2.158252 -5.341949 1.743634
-12.975285 -10.578598 -24.020975 -18.714458 4.358430 -10.626510 -7.736144 13.085874 -13.451408 2.809969 -5.684192 0.921923
-13.538583 -12.347610 -25.822363 -21.104685 3.700874 -10.640326 -8.708207 14.227535 -14.004433 2.588965 -7.074359 1.497666
-12.593065 -11.610070 -24.757639 -20.052685 3.965711 -10.451561 -7.455901 13.129806 -13.620581 1.426566 -6.804796 1.558897
-8.646769 -10.734410 -20.323977 -18.333776 3.131269 -8.194496 -7.684648 9.762102 -10.828144 1.163229 -6.912876 0.528013
-11.233275 -8.422980 -18.494358 -14.436352 2.305886 -8.900938 -7.068457 7.047119 -9.887840 2.234252 -4.259332 2.002359
-12.982403 -13.462899 -22.567860 -20.609667 2.358701 -9.220573 -9.010542 11.521205 -11.573153 3.442880 -7.358673 2.706580
-11.955257 -12.745739 -23.048975 -20.187983 2.387175 -9.197644 -8.086584 12.327250 -11.617910 1.862552 -7.577051 1.758159
-9.211023 -11.441854 -20.230261 -18.471033 1.268457 -7.510443 -8.165937 11.108986 -9.329457 1.802208 -6.758652 1.134738
-3.179993 -3.879829 -14.508620 -10.493834 1.563050 -5.757853 -5.793942 5.155427 -7.938589 -2.303166 -4.423577 -2.013622
-4.347875 -3.336178 -15.029716 -9.798141 2.148477 -6.553632 -4.543764 5.283647 -9.194863 -2.277288 -2.965870 -3.239425
-4.471319 -6.943292 -14.794472 -12.698413 0.277711 -5.477267 -7.636735 7.733765 -5.820374 0.869849 -4.422694 -1.609316
-7.267076 -5.688297 -17.182238 -12.212938 1.953178 -7.199172 -6.218244 8.058705 -8.980206 0.165304 -2.915653 -2.191994
-14.569207 -11.444862 -23.342852 -18.217810 2.656531 -9.754475 -6.941259 11.794703 -12.749495 1.176969 -6.346072 2.344240
-7.641421 -8.872678 -18.979300 -15.898844 1.986699 -7.112219 -7.400681 10.487758 -9.095564 1.402661 -5.285461 -0.376977
-8.715814 -5.930657 -18.248560 -12.834906 3.416652 -8.572834 -5.747765 8.472519 -10.561711 -0.246779 -3.479000 -1.508000
-8.928014 -9.789107 -20.173521 -17.232710 3.290618 -8.427705 -7.189626 10.526567 -10.696299 1.301143 -5.748821 0.119323
-9.948887 -11.657660 -21.205381 -18.725256 2.077033 -8.516290 -8.832971 12.042622 -10.185514 2.985601 -6.027809 0.286423
-7.999485 -8.993200 -18.769127 -16.326298 3.006048 -7.817000 -6.545797 8.928596 -10.192286 -0.117504 -5.539668 -0.164989
-9.953378 -10.546268 -20.605534 -17.526690 2.243294 -8.291467 -7.667255 11.684479 -10.103524 2.225109 -5.686048 0.541597
-8.747477 -9.049734 -20.360100 -16.410412 2.369735 -8.144905 -7.259130 11.290467 -10.408577 1.708107 -5.031957 -0.456511
-7.754169 -6.458354 -17.288435 -12.889219 2.317903 -7.285813 -6.435366 7.935945 -9.336200 0.982407 -3.931874 -0.471696
-12.462177 -11.000661 -21.784285 -17.967243 3.207414 -8.961974 -6.537236 11.457734 -12.063089 1.886908 -5.586788 1.619602
-8.661848 -8.842145 -20.370037 -16.775312 3.115160 -8.314487 -7.444948 9.849833 -10.701277 1.093726 -6.274105 0.586091
-10.682585 -10.214479 -21.645964 -18.118402 4.004222 -9.332161 -7.423525 10.905999 -11.798499 1.635332 -6.439620 1.036872
-12.137874 -12.805170 -24.758955 -21.442621 3.729563 -10.011392 -8.186479 12.802801 -13.392352 1.673810 -7.877656 1.471433
-5.105601 -6.314847 -16.663851 -13.367867 1.924115 -6.137265 -6.210853 7.267391 -8.582952 -1.293171 -5.297000 -1.117840
-8.630461 -9.747024 -19.398043 -17.141544 3.034590 -8.027687 -7.657886 9.357108 -9.854875 1.983562 -6.177148 0.664820
-13.683168 -14.339328 -24.655161 -22.430565 3.182870 -10.635500 -9.754059 12.164631 -12.896064 3.477555 -8.153776 2.343476
-9.025069 -10.845677 -20.606916 -18.059345 2.148167 -8.128607 -8.696909 10.938537 -9.776717 2.754034 -6.711591 0.885904
-9.474494 -11.170552 -20.759552 -18.380430 2.422016 -8.550989 -8.318909 11.441692 -10.219915 2.392990 -6.382186 0.372714
-6.447537 -10.663229 -17.574215 -17.070803 0.801156 -6.809714 -8.899345 9.133853 -7.445416 2.641355 -6.780240 1.044541
-5.308042 -6.262260 -15.467621 -12.638912 1.896863 -6.270341 -6.574441 7.696765 -7.274848 1.100373 -4.006836 -0.653554
-9.157636 -9.347744 -17.014194 -14.713611 2.012456 -7.221659 -7.087968 8.290317 -8.551669 3.254640 -4.865844 1.426448
-6.460881 -9.245227 -15.798944 -15.423068 1.271851 -6.060760 -6.829098 7.125465 -7.423552 0.095473 -5.882777 0.348632
-11.089690 -12.232653 -21.359650 -19.124277 1.769558 -8.198679 -8.372070 12.136246 -9.953803 3.013869 -6.175933 1.240649
-3.522412 -6.992960 -14.920937 -13.045953 0.085331 -5.728729 -7.865544 7.856122 -6.041536 0.924622 -4.789933 -2.018380
-9.654947 -9.082480 -19.116428 -15.890955 3.455123 -8.575660 -6.882320 8.674914 -10.644321 1.452787 -5.432621 0.812958
-9.162600 -8.201777 -20.855059 -15.877712 3.499648 -9.349705 -7.764687 10.244953 -11.664460 1.234456 -5.963923 -0.595888
-2.001216 -5.733710 -13.108566 -11.928317 0.984712 -4.906531 -6.862338 6.077891 -5.571819 0.255543 -5.048914 -0.973331
-11.649726 -11.450675 -21.460451 -18.308924 2.473328 -9.355295 -8.125161 11.945494 -10.683468 2.653158 -5.906981 1.162174
-0.153983 -8.555257 -0.435895 -6.014263 -8.220841 1.838515 -7.518910 -3.613839 3.853378 -0.154029 -1.707694 -3.806895
1.234090 -13.101172 0.749967 -8.221223 -11.617173 -0.254037 -14.133843 -4.742830 9.091558 1.278696 -1.433577 -6.116481
-1.054176 -13.489422 2.847564 -6.196523 -12.648066 1.435682 -11.950481 -6.860088 8.818945 1.836807 -1.349277 -5.783980
-3.382491 -19.748182 0.706428 -12.457383 -16.440849 -1.060940 -19.385256 -7.159388 12.297558 4.015638 -0.473400 -7.078595
-5.973496 -21.757446 3.748317 -10.871079 -18.542543 -0.189809 -19.529102 -10.745014 12.590737 4.511892 -0.037331 -7.846809
-7.247058 -21.032461 4.011051 -9.524668 -18.254507 2.778269 -15.300348 -11.356679 9.917433 3.873095 -1.545788 -6.551683
-2.576133 -18.659082 0.218460 -12.025325 -14.446827 -1.202189 -18.030125 -5.938614 10.804438 4.724122 -0.847395 -8.157132
-5.129103 -17.877707 1.071079 -10.200621 -14.463722 -0.047568 -15.622340 -7.394104 9.156084 4.153486 -0.600622 -6.665435
-2.437802 -18.055599 2.172302 -9.868343 -15.012648 -1.351769 -17.355854 -8.040525 11.697114 3.764909 0.853983 -8.890146
-3.523711 -17.640932 3.060969 -8.398046 -14.597417 -0.826648 -15.438966 -8.919312 10.393826 3.546945 0.406620 -8.022790
-2.009167 -14.789650 2.916826 -6.942793 -13.560253 0.446384 -13.511906 -8.774271 8.535262 2.025887 -0.016356 -7.945019
-0.867612 -18.663034 1.615129 -11.037508 -16.987791 1.917886 -17.267319 -7.191988 12.113093 2.589255 -2.242813 -7.224952
-3.172224 -17.324062 2.201756 -8.708397 -14.039127 -2.232380 -16.065994 -8.785410 9.974733 3.054103 1.183123 -8.640122
-3.255779 -16.793139 2.201676 -8.806502 -13.629201 -1.365549 -15.731710 -7.106225 10.741331 3.860546 0.142823 -6.797641
-2.495085 -16.295351 1.136080 -8.797750 -14.137419 0.732783 -13.803950 -6.813417 9.822200 2.677825 -0.710601 -6.572250
-3.380472 -20.032951 1.613844 -10.279451 -18.175913 2.129404 -17.000387 -9.904511 11.189078 2.801769 -0.433755 -9.279111
0.808662 -15.231073 -0.063430 -10.517920 -12.997050 -1.873159 -17.546602 -5.502457 10.162341 2.578037 -0.243972 -8.917250
0.631921 -12.816909 0.891505 -7.531223 -12.437222 1.337473 -12.982985 -6.250453 7.821203 1.170424 -1.213400 -7.486906
-1.937654 -14.735373 3.521238 -7.159066 -13.971573 1.935013 -12.955767 -7.605144 9.501355 1.975317 -2.004296 -4.677238
-0.717973 -14.388245 1.657839 -8.033834 -13.125180 0.661270 -13.760322 -6.621849 9.444621 2.190202 -0.441708 -7.247108
-4.641816 -24.444164 3.278295 -13.655080 -19.575575 -1.448375 -22.667074 -9.725684 15.950376 6.232296 -0.062538 -10.141546
-3.020694 -21.365515 0.159324 -14.203927 -16.795437 -1.666293 -21.276384 -6.383782 13.564145 5.563281 -0.602599 -8.619698
-0.845205 -16.009510 1.825748 -8.751594 -14.609293 0.592045 -15.453831 -7.657985 10.328459 2.393011 -0.115179 -8.558134
-3.532533 -16.205616 3.832838 -6.605668 -14.975543 2.252636 -11.890207 -9.356029 8.690003 1.961083 -1.717675 -5.550188
-0.817651 -13.899863 -0.429498 -9.092440 -11.295916 -0.887637 -13.668299 -4.187095 8.875338 2.392277 -1.177372 -5.222877
-4.230359 -20.899319 1.032642 -13.334763 -16.924133 -0.726337 -19.444838 -6.785173 13.159596 5.863853 -1.088815 -7.654748
-5.926502 -23.264776 2.760969 -11.948584 -18.569603 -1.316617 -20.748009 -9.983691 14.426926 4.696771 -0.073573 -7.461045
-1.369449 -16.191572 2.270259 -8.951726 -14.766814 1.445440 -15.447173 -7.463140 10.187653 2.279499 -1.284276 -6.072674
-6.692786 -22.540457 5.452578 -9.908118 -19.601147 0.833678 -18.260721 -13.007659 12.338186 4.457601 -0.743870 -8.042356
-6.016994 -20.266489 5.231471 -8.046105 -17.424601 0.776192 -16.056864 -11.054659 11.630276 3.391356 -0.938499 -6.145685
-3.178957 -16.701672 3.780096 -7.523626 -14.850555 0.844558 -14.347560 -9.375132 10.108024 2.673701 -0.434229 -7.367571
-4.930325 -18.309402 4.365241 -7.296949 -16.222748 0.354207 -15.098623 -10.306671 10.857635 2.709806 -0.411424 -6.106117
-3.023215 -17.303635 4.570084 -7.790584 -15.616950 1.007560 -15.069305 -9.052307 11.089960 2.837169 -1.421294 -5.735799
-4.763919 -17.818916 3.221530 -7.590353 -15.446784 0.440376 -14.457564 -9.363877 9.981183 2.921318 -0.953667 -5.560559
-4.006891 -20.040071 -0.470386 -12.509124 -15.706439 -1.610480 -19.156773 -6.470165 12.350314 4.414267 -1.029045 -5.812213
-3.986018 -16.061415 4.096529 -5.699182 -14.072280 -0.481164 -13.789435 -9.787788 9.024083 1.941033 0.004113 -5.307129
-3.217074 -18.194990 1.691575 -9.385921 -15.134387 -1.430271 -17.134342 -7.510132 10.926614 3.480176 -0.261221 -6.359982
-4.880152 -19.882149 4.928666 -8.716205 -16.989473 0.552083 -16.036919 -10.547230 11.908077 3.829066 -1.040936 -7.259960
-1.927014 -18.918068 2.331253 -10.821390 -16.632780 0.309522 -17.863722 -8.109456 12.716218 3.814054 -0.346852 -9.096278
-4.531609 -16.997679 3.661840 -6.695401 -14.670169 0.240475 -13.722353 -9.376706 9.332150 2.545616 -0.925215 -5.194674
-4.587747 -18.823996 4.388695 -7.943606 -16.203749 0.632013 -15.207428 -9.998180 11.264539 3.207174 -0.957761 -6.650856
-1.490422 -13.697923 3.336236 -5.801193 -12.741341 0.760175 -12.806548 -7.651000 8.588717 1.366350 -1.013953 -5.065124
-3.897377 -16.508831 3.556291 -7.223524 -14.307313 0.194040 -14.053967 -9.197615 9.156602 2.894845 0.035878 -6.928571
-2.971914 -15.745230 0.067080 -9.389344 -12.458633 -1.486209 -14.444966 -5.844129 9.543003 3.217331 0.131679 -6.561312
-3.870905 -17.044716 2.271975 -8.033213 -13.726748 -1.106529 -14.974525 -7.531198 9.954592 3.251109 -0.933744 -4.896100
-3.764588 -20.259174 4.743314 -9.198879 -17.061327 -0.456178 -17.922882 -10.489036 12.668240 3.703172 -0.280277 -8.413920
-1.274684 -14.129251 3.789613 -6.096088 -14.033887 1.734374 -12.664633 -8.444724 9.039723 1.349245 -0.871996 -6.504305
-1.472248 -15.635959 2.975031 -8.052949 -14.006404 0.371203 -14.978895 -7.571621 10.613696 2.584551 -0.514035 -6.800048
-5.024858 -18.845018 3.620659 -8.942543 -15.456574 -0.530885 -16.182060 -9.462529 10.903723 4.038702 -0.347327 -7.096092
-0.670538 -16.318745 2.351595 -8.751802 -14.819831 0.012986 -16.261642 -7.372904 11.203846 1.824929 -1.596380 -6.114873
-0.370592 -18.676300 1.396033 -11.852874 -16.589878 2.024540 -17.387762 -6.720990 10.923851 3.445174 -3.056807 -7.844023
-5.127042 -24.161890 3.104832 -13.284948 -20.303705 -0.666085 -23.030628 -10.882030 15.088792 5.188435 0.396460 -9.624264
2.066191 -9.076794 0.725423 -5.882836 -9.523228 2.005230 -9.422174 -3.923930 5.967943 0.322255 -2.493139 -4.687505
1.021868 -9.831779 0.989835 -5.322375 -10.180779 2.107199 -9.693925 -5.154483 6.031744 0.061609 -1.882475 -4.580977
-6.299367 -23.627514 3.552523 -11.681989 -18.941177 -0.711797 -19.656761 -10.863050 13.011242 5.410561 -0.491808 -8.783204
0.915530 -13.393130 -0.178070 -8.247848 -11.900626 0.485442 -13.589135 -4.931733 8.596913 1.326809 -1.266800 -6.806642
-6.399586 -27.578405 0.135210 -16.224165 -24.458307 5.332749 -19.750963 -10.763769 12.795126 4.174618 -3.175796 -8.737018
-5.748771 -21.170713 2.124202 -12.094180 -16.571144 -1.787578 -19.654648 -8.608851 12.132426 5.472548 -0.235931 -7.595182
-3.281176 -21.390587 4.209016 -10.952985 -20.881390 4.163565 -17.176863 -10.571064 11.849791 1.886483 -4.926638 -5.446656
-1.288699 -23.568718 -2.677003 -17.753075 -19.269411 -0.760365 -23.005226 -5.739739 14.362314 4.238692 -1.718545 -9.844979
-2.303146 -17.101217 0.269948 -11.312869 -14.407721 0.909370 -15.442440 -5.337559 9.562661 3.495953 -1.868153 -5.352822
-0.383411 -17.416273 -1.245024 -12.009009 -13.666982 -1.065692 -17.380426 -4.243434 10.702584 3.455253 -1.792858 -6.763646
-1.457553 -18.722305 3.678050 -9.480969 -18.665468 4.015424 -16.169817 -9.168534 10.886463 1.937104 -3.579502 -6.260073
-4.167682 -17.548096 1.697354 -8.638024 -14.938269 1.167948 -14.410114 -7.661785 9.667640 3.325366 -0.714016 -6.044099
-4.205398 -21.139805 1.231137 -13.071003 -17.118927 -0.215921 -19.988247 -7.331292 12.745017 5.153090 -1.353227 -7.030382
-8.272959 -26.718163 2.822160 -13.508328 -21.718138 -0.223892 -22.598654 -11.404902 13.726707 5.197378 -1.813912 -5.170208
0.487970 -20.761822 -0.110736 -15.132487 -17.613253 -0.501062 -22.241945 -5.676950 13.577641 4.787371 -2.082343 -10.274923
-2.839855 -23.168018 -2.990632 -17.272234 -18.179144 -0.955615 -22.791168 -4.588881 13.979055 4.902637 -2.617357 -6.837955
-3.180216 -22.696882 -2.337533 -15.829860 -18.494123 1.428902 -19.602692 -6.227838 12.434527 4.017628 -2.529444 -7.415573
-3.213389 -21.501371 2.903594 -12.064466 -18.906557 1.712025 -18.700691 -8.618974 13.401052 4.483908 -2.373559 -7.478182
-6.506086 -22.033699 2.598378 -10.983780 -18.853666 1.020336 -18.086853 -11.402687 10.649525 4.060138 0.243080 -9.984139
-0.092057 -17.840006 -2.091811 -13.471548 -14.448312 0.836616 -17.162958 -4.092396 9.271640 3.166454 -3.843305 -5.764868
1.485825 -10.749080 0.485308 -6.860693 -10.415577 1.804973 -11.080360 -4.286974 6.599579 0.348704 -2.741276 -4.200603
-1.378063 -17.262344 0.482863 -10.233071 -15.903300 4.178905 -13.241847 -6.850454 8.643159 1.556535 -3.201012 -5.402366
-1.029437 -17.785812 0.954017 -11.610990 -15.999092 1.966067 -17.179441 -6.514917 11.361243 2.915623 -2.620014 -6.283671
-2.764067 -22.412170 1.423369 -13.977951 -19.633047 1.001256 -21.556028 -8.321474 14.140125 4.484539 -1.076432 -9.140409
-0.920849 -18.838392 1.610659 -11.263797 -16.835886 1.786930 -16.840748 -7.004096 11.658652 2.862226 -2.538061 -6.758835
-2.991583 -18.610411 1.519932 -10.605106 -16.348131 1.536931 -16.200693 -7.005549 10.917919 3.512759 -1.577823 -6.466147
-5.223049 -22.117283 5.686502 -10.130908 -20.250645 3.567324 -16.283766 -11.510481 11.972446 3.252159 -3.747735 -5.421280
-3.320924 -18.104948 0.533261 -11.278708 -15.301231 0.203057 -16.099518 -6.523683 10.271998 3.824174 -0.819689 -7.189384
-1.454929 -20.518015 1.744192 -13.335628 -18.139700 1.128720 -19.981709 -6.964800 13.691092 4.369880 -2.323464 -7.932621
-0.177022 -18.528803 1.797890 -11.496993 -17.134222 3.239308 -16.953461 -7.157465 11.427980 2.606426 -3.548723 -6.445624
0.282181 -13.170147 2.821273 -6.193180 -13.149779 2.493774 -12.179049 -7.357857 8.291331 0.664212 -2.134333 -5.712509
-3.015179 -21.904581 -3.089913 -16.344368 -17.531393 -0.083250 -20.785223 -5.058399 12.387688 4.330382 -2.602272 -6.427240
1.006244 -15.368971 1.058206 -9.557692 -15.010552 4.413744 -12.745692 -6.264211 8.157557 0.571239 -4.336357 -4.907413
-4.377367 -22.261850 1.161270 -13.507672 -17.886299 -1.194375 -21.288563 -8.208382 13.430388 5.382553 -0.110557 -8.942056
-4.082754 -20.351290 0.209432 -12.469382 -16.009464 -0.524072 -18.532377 -6.228467 12.139229 4.336641 -1.730797 -5.304251
-10.906552 -26.633223 3.922768 -12.853652 -22.648771 2.594776 -20.003181 -12.969694 11.755517 5.620293 -1.809393 -5.524343
-7.352288 -25.594103 1.537633 -15.069772 -20.606421 -1.435319 -23.738968 -10.583681 14.292463 5.428797 0.139907 -7.397865
-7.021853 -22.990675 2.913375 -11.734317 -19.308943 1.001556 -19.978079 -12.290401 12.007314 4.701191 -0.455464 -7.493256
-4.942442 -22.038233 4.327508 -11.904838 -19.600790 1.670076 -19.858444 -10.203148 14.071575 4.406910 -2.139444 -6.420946
-6.406674 -21.471146 2.849571 -11.122333 -18.044420 0.819301 -18.545498 -10.068844 12.137039 4.793227 -0.821058 -6.764112
-1.585729 -20.764490 -0.146063 -13.492191 -17.768353 1.057696 -19.405231 -6.548627 12.949876 3.344222 -2.681579 -7.076371
-2.356629 -21.158794 2.033160 -13.380815 -18.155428 0.245858 -21.028023 -7.482497 14.005130 4.628503 -1.576249 -7.925948
-5.596219 -24.032068 0.619892 -15.621318 -18.696154 -1.434611 -22.223177 -7.077761 14.607909 6.662106 -1.060990 -7.571673
2.047471 -13.123249 -0.570099 -9.820865 -11.783655 1.122298 -13.445254 -3.673000 8.537126 0.934383 -2.425698 -5.742808
-7.188127 -22.450027 1.270776 -13.408196 -16.896152 -3.214320 -21.418333 -8.822517 13.141767 5.443446 1.018947 -6.278781
-6.478319 -19.406992 1.833913 -9.953778 -16.121727 -1.338174 -17.566448 -10.189633 9.940302 4.253331 1.928031 -9.437963
-8.713871 -23.295900 6.048219 -10.142233 -19.760933 0.323053 -19.430067 -14.093910 12.174282 4.635483 -0.912704 -6.283073
-1.673598 -15.501211 2.918440 -7.156226 -14.715320 1.717800 -14.253524 -8.269077 9.226878 1.198418 -2.071605 -4.763928
-15.756392 -21.001415 -7.193315 -13.591547 -11.385860 -5.072477 -14.151109 -3.564135 1.736624 8.866852 0.536496 -1.434352
-17.171850 -19.978796 -12.489257 -17.470728 -8.062627 -8.308222 -14.415910 1.588135 -2.434217 10.879939 -1.190493 0.484530
-18.576651 -25.899139 -14.322946 -21.926613 -11.288390 -5.187086 -15.128324 1.626172 -0.737531 9.812119 -4.257998 2.589867
-14.088945 -19.209387 -11.704119 -17.319967 -8.605667 -8.234520 -16.109482 2.556446 0.276667 9.415990 0.164353 -1.850433
-17.768908 -21.939623 -12.561694 -19.010820 -9.320527 -6.381499 -15.346853 1.501090 -1.843457 10.713355 -0.983079 -1.636412
-19.903654 -20.437761 -12.057242 -16.400373 -8.698020 -7.957669 -13.783011 1.095242 -4.220737 11.043288 -1.095145 1.397442
-21.422741 -24.804876 -17.225534 -23.155830 -9.717227 -9.036371 -17.744982 4.169498 -3.007743 12.626550 -3.013417 3.144041
-26.178062 -29.724115 -20.787395 -27.286119 -9.745832 -12.791393 -19.955956 4.834570 -2.380065 15.276448 -4.468651 6.046898
-18.187077 -29.118025 -16.697510 -26.604126 -13.016349 -4.988287 -18.970291 3.185966 -1.698501 11.562464 -5.695471 2.036209
-24.477627 -30.036064 -17.730684 -26.203835 -12.621333 -7.104126 -18.060909 5.155737 -3.397453 13.596414 -6.397114 1.911256
-15.590305 -23.434046 -13.806875 -20.883095 -10.925985 -7.240433 -18.710230 3.064084 0.254456 11.753779 -2.599202 -0.993184
-25.630306 -21.947140 -11.683745 -15.519416 -10.622936 -7.383270 -12.103829 -5.095473 -4.879835 9.645369 0.530211 2.690649
-24.257645 -21.181877 -10.790296 -14.033256 -8.276090 -9.050693 -10.511591 -2.961624 -4.130329 10.093484 1.585381 2.145418
-16.587349 -21.701536 -9.541369 -15.709970 -12.992534 -5.138785 -15.310990 -3.040862 1.929887 8.064599 -1.308802 1.944772
-8.187428 -13.231742 -6.227142 -9.928300 -6.777715 -5.988370 -12.081937 -2.722250 0.405635 5.767164 -0.304462 -2.720889
-14.578643 -19.398024 -11.434175 -16.798054 -9.617989 -7.326788 -15.335911 0.784301 2.270586 8.922192 -1.358306 0.689430
-20.953695 -22.165924 -14.083154 -17.517351 -8.194170 -8.332244 -12.970555 1.273473 -3.162291 9.988014 -1.224971 0.944334
-21.611942 -21.836290 -12.105297 -16.919231 -9.004933 -8.768558 -14.167748 0.012294 -3.878627 11.775100 0.312410 1.220099
-13.304331 -13.746773 -7.198920 -9.161531 -6.436607 -7.662933 -10.899668 -2.565337 -1.486286 6.169129 3.007286 -2.691850
-18.871206 -16.790375 -14.469083 -15.233400 -4.517776 -10.226694 -11.626321 2.841502 -6.400268 9.008946 0.890042 0.594581
-29.263208 -30.261847 -17.377241 -24.198511 -12.707538 -9.938550 -17.606312 0.202466 -3.634912 14.035427 -3.458683 6.956706
-18.564604 -19.758923 -13.834135 -17.586050 -7.799880 -9.260525 -14.379198 2.120112 -2.878442 10.382576 -0.116604 0.965295
-23.078978 -27.328613 -12.846426 -21.790529 -12.591801 -7.453514 -17.469599 0.272065 -1.282788 13.521506 -1.960475 1.157498
-27.128954 -26.070166 -15.771797 -20.812538 -9.502734 -10.388255 -14.856344 1.829592 -6.020564 12.332635 0.414272 1.726682
-20.998415 -19.839777 -12.291876 -15.510675 -7.489769 -9.666605 -12.745437 -0.696227 -5.250085 10.458080 0.301281 -0.014889
-15.911468 -20.499069 -16.509016 -21.064007 -6.787542 -9.488533 -16.087627 4.719778 -1.359988 10.224433 -1.905279 0.499000
-22.341658 -21.498770 -11.610983 -14.620168 -10.606475 -3.510516 -9.985095 -2.759959 -4.788537 7.039996 0.537080 -0.770706
-9.818710 -13.728601 -7.951562 -11.472464 -6.759068 -1.442697 -7.407601 -0.410283 -1.728146 3.938353 -2.260548 0.546306
-12.813025 -16.910606 -8.537782 -13.623292 -8.030264 -5.252177 -12.031105 -0.798868 -0.172183 7.394730 0.038151 -1.148217
-11.949203 -14.114093 -5.321972 -7.917387 -9.582573 -1.639552 -7.962989 -4.979640 -0.376601 3.311686 0.335345 -0.626685
-14.090558 -17.316740 -12.810473 -16.032284 -5.862526 -6.882111 -11.886868 3.044884 -3.923343 7.389833 -4.339997 3.710554
-21.143181 -23.256561 -12.321594 -17.948654 -10.397832 -6.390653 -13.147990 0.896850 -1.607490 10.324581 0.294677 -0.643857
-12.946237 -23.494797 -8.079397 -17.909220 -15.926780 -1.281848 -15.917389 -3.228815 6.688456 6.753425 -1.393524 -2.511147
-23.280289 -29.576172 -17.501326 -25.770979 -12.714025 -3.380112 -13.996978 3.638905 -3.771775 11.378012 -7.256848 5.436553
-25.515413 -26.381113 -19.222397 -22.432541 -9.985694 -9.302187 -14.763537 3.410515 -3.352928 12.085625 -1.362841 3.722479
-22.603916 -24.881435 -13.565486 -19.935690 -9.764321 -11.168817 -16.912987 -1.222803 -0.523534 11.178443 0.834816 -0.736348
-21.154093 -23.643764 -15.926586 -22.422092 -7.854717 -10.852291 -18.277180 3.009931 -2.419473 12.346826 0.623617 -0.366799
-20.185133 -22.957703 -14.650078 -19.376495 -9.881369 -7.552442 -14.588782 3.815653 -2.732208 10.111330 -2.159867 1.835267
-19.013706 -25.509554 -10.213804 -20.306618 -12.002619 -9.141788 -19.670547 -1.273083 1.584206 11.836442 0.424835 -2.294375
-26.814877 -24.459816 -17.543343 -21.876741 -6.784594 -11.685269 -15.132667 1.280783 -6.593046 12.662168 1.131539 0.772762
-19.220291 -19.129494 -8.874019 -13.337198 -10.279791 -5.074275 -10.951154 -2.059163 -1.956937 8.160049 1.582348 1.068605
-17.697617 -19.744627 -14.750230 -18.756283 -6.631797 -8.632815 -13.324344 4.438392 -3.514748 9.629421 -0.917198 -1.531307
-16.860779 -24.471306 -13.932019 -21.940353 -10.677918 -10.411256 -21.123726 0.367837 1.287863 12.074012 -1.182804 -1.118427
-14.970859 -15.748194 -9.046555 -11.914039 -7.957260 -3.951055 -8.962010 -0.202451 -3.068513 6.380096 -1.845583 1.513436
-29.171364 -27.400965 -12.372093 -17.770538 -15.514920 -6.425519 -15.039819 -3.656983 -5.219450 11.015058 1.225257 3.652680
-15.244048 -23.747227 -16.275383 -23.592077 -9.345512 -8.369586 -19.023972 4.744593 -0.231614 12.147013 -3.464156 -0.885326
-16.489727 -20.733479 -16.423178 -20.667145 -8.194493 -8.198534 -16.795109 4.998295 -2.304320 11.561980 -3.971303 2.606270
-14.498003 -19.652189 -14.364689 -19.007730 -7.328037 -8.028397 -14.930419 3.664379 -2.148915 9.632033 -1.085124 -2.359086
-20.267107 -27.935881 -15.430676 -25.479248 -14.165896 -4.887951 -19.179325 2.720007 0.550203 12.242590 -4.291343 2.122379
-23.603662 -28.601074 -11.260636 -22.227156 -14.898146 -6.430109 -19.120617 -0.692778 1.780997 13.237527 -1.407206 0.568279
-14.329157 -14.423073 -15.496490 -16.220013 -2.319894 -5.674353 -8.828971 5.434624 -6.557336 7.490167 -3.730193 2.415004
-16.018627 -17.788338 -9.121099 -12.834826 -8.318724 -7.398180 -12.799080 -1.577954 -2.716019 8.499953 2.204639 -1.640761
-27.590662 -25.220852 -7.547945 -13.067373 -14.607785 -5.954119 -11.615781 -6.400752 -5.449474 10.062046 0.558603 3.338145
-21.902100 -24.630461 -17.489885 -21.965544 -9.314975 -9.984207 -17.846027 4.699799 -2.138252 12.647142 0.499149 1.453179
-24.501614 -25.627600 -7.685305 -16.050901 -14.760644 -5.158082 -14.089385 -4.830847 -1.415691 10.533150 -1.097353 2.992200
-26.999905 -24.311771 -15.635013 -19.039276 -10.573771 -6.880824 -12.771809 1.103796 -6.930724 10.641922 0.765471 3.542023
-19.633999 -22.400814 -8.304319 -15.013227 -12.304702 -4.688332 -13.202611 -1.819483 -1.832350 9.655255 0.542126 0.821423
-23.235012 -26.149155 -16.062004 -21.417814 -12.672566 -9.034046 -18.292091 1.613833 -2.893954 12.464062 -1.472739 2.431771
-22.180437 -17.724756 -7.580172 -9.806709 -11.294958 -6.713567 -11.413779 -8.038316 -5.141968 5.984599 1.857568 1.442751
-20.929338 -19.074320 -13.338848 -14.163870 -9.581738 -4.524425 -9.197290 -1.025978 -7.303282 5.077226 -2.282113 1.720557
-23.488014 -25.444401 -14.015628 -20.208477 -11.967173 -6.019999 -15.139021 0.291761 -3.933335 10.823330 -2.645195 4.030002
-24.323219 -24.410944 -15.725270 -19.198128 -9.677174 -8.294236 -13.679290 2.548299 -6.233884 11.411313 -0.042138 2.886062
-22.632059 -25.274757 -16.284685 -21.941374 -10.986881 -8.143742 -16.863628 2.610223 -3.541461 12.557305 -2.251098 3.080620
-24.666077 -22.473295 -15.263221 -17.845493 -8.808863 -7.626841 -13.047904 0.885699 -6.877466 10.815851 -0.289013 2.708956
-21.524651 -19.555138 -10.225745 -13.586384 -9.099730 -8.234051 -11.569590 -1.999840 -3.199626 9.047073 2.213792 1.240844
-24.102835 -24.310312 -10.632977 -16.032366 -14.471676 -2.484084 -13.173643 -2.657500 -3.662235 8.948764 -2.018576 4.554740
-18.035772 -22.782139 -11.229583 -17.041000 -12.486878 -8.365479 -17.253025 -0.778136 1.106445 11.902603 1.970891 -1.790063
-15.542009 -17.841164 -12.571451 -15.205707 -7.084642 -8.676977 -12.943869 2.954648 -2.238433 9.942071 1.647471 -1.333961
-25.363276 -22.716997 -5.151190 -10.662124 -15.031329 -4.112598 -10.042967 -10.695601 -4.562419 7.557769 -0.318518 2.769154
-24.423126 -21.870636 -10.568006 -12.791066 -11.682428 -4.596386 -9.811702 -5.019987 -8.484799 8.042931 -0.191376 1.127993
-8.877364 -17.052029 -4.684394 -10.752558 -10.698192 -6.442728 -15.535775 -4.124121 3.605409 6.832731 2.366032 -6.287734
-21.867981 -20.220984 -11.965372 -14.342114 -10.601232 -9.019585 -14.442377 -2.571466 -5.578392 10.701653 1.542014 0.856173
-20.183138 -22.077438 -11.824392 -16.793129 -10.984602 -10.005448 -16.064447 -0.937394 1.265300 11.257157 -0.031315 3.156586
-23.272718 -23.480261 -13.270288 -19.691349 -10.387754 -8.883718 -16.340532 0.848867 -3.288327 12.732743 -2.054285 3.182430
-13.760269 -15.355347 -10.540240 -12.748870 -5.078562 -9.025860 -11.734524 0.533915 -2.976866 7.612577 2.762079 -3.130727
-18.150246 -19.615343 -8.695849 -13.101887 -10.001478 -6.604730 -12.672996 -3.839276 -2.322166 8.979080 0.872595 -0.795478
-18.647295 -18.498377 -13.031165 -15.066821 -7.219593 -8.976858 -12.591814 1.289994 -4.739573 10.078628 1.029407 0.105041
-15.388115 -18.009771 -9.114185 -13.045256 -8.165071 -9.596992 -14.690891 -1.926048 -1.054924 9.546467 2.470379 -2.259604
-23.038244 -17.698832 -9.261681 -10.635725 -8.903336 -6.333939 -8.434450 -4.198035 -6.631116 7.533050 1.962658 2.302953
-25.845488 -22.569944 -9.065845 -12.882803 -12.644099 -6.053587 -10.038842 -5.574856 -5.294664 8.851816 1.048710 2.486473
-19.863543 -22.284008 -10.183957 -15.948298 -10.260263 -7.767453 -13.706666 -0.774073 -1.010402 10.908710 1.966283 -1.240302
-22.540897 -21.138714 -7.173387 -12.108697 -10.846172 -8.844523 -13.212234 -6.070671 -2.698874 9.776311 1.484572 1.253938
-20.101866 -23.318565 -7.551661 -14.496603 -14.528251 -5.232121 -15.111558 -5.869505 0.109387 10.064010 1.470051 -0.892194
-20.819267 -18.307825 -9.370821 -11.157512 -9.432272 -7.360649 -9.997687 -3.930012 -2.971523 8.093720 2.164479 1.544900
-15.216604 -16.148705 -7.572371 -11.188953 -7.723285 -8.107048 -12.020475 -1.970923 -2.489970 8.515294 1.395969 -0.860214
-19.316303 -22.225876 -8.203018 -15.140992 -12.209373 -6.828707 -15.065248 -3.371827 -1.137344 10.499404 -0.509133 -0.149603
-18.485350 -18.411983 -8.499741 -12.439891 -9.582225 -9.180534 -13.878060 -4.419508 -1.300418 9.058673 2.700141 -0.392190
-22.816921 -18.448126 -10.558506 -10.884250 -7.251455 -10.263659 -10.403119 -1.060760 -4.885712 8.336806 1.885004 3.280460
-26.293102 -25.406729 -10.990408 -16.701965 -13.765530 -6.167806 -13.500542 -3.759931 -5.404393 11.425071 -0.660744 2.683777
-23.391123 -21.892651 -11.884983 -15.058369 -10.941141 -8.008546 -13.559144 -1.017867 -4.875701 10.938216 1.357256 3.448849
-21.908159 -23.763073 -7.379147 -15.535213 -12.210791 -7.009315 -14.368597 -2.033733 -0.480829 10.749445 -1.386842 1.912198
-28.993921 -21.518311 -11.191215 -13.463730 -7.981166 -8.296650 -6.555739 -5.176229 -9.367700 7.103872 1.468782 3.542351
-24.787556 -19.697918 -13.528654 -14.531591 -7.086265 -9.279714 -9.414538 0.956806 -6.469999 8.679828 0.611867 2.526746
-24.777216 -25.735453 -16.179100 -21.244289 -12.229922 -5.061633 -13.135148 1.057499 -3.523339 10.905829 -2.931001 6.347560
-19.356251 -22.187408 -15.521642 -20.333708 -8.145238 -12.498590 -18.110746 1.888594 -0.590332 12.576107 1.942062 -1.195462
-21.668798 -25.412437 -10.616990 -18.392395 -13.885662 -2.974322 -14.440119 -2.879055 -2.405828 10.677646 -1.625170 0.633705
-21.977459 -21.070284 -7.602736 -12.162166 -11.814157 -7.689025 -12.936767 -5.406301 -0.720305 9.926002 0.657359 3.569701
-25.262802 -23.953718 -12.671568 -16.995148 -11.482878 -5.937739 -12.773723 -0.320315 -5.254122 10.297549 0.593672 3.518070
-19.567242 -22.097679 -6.096863 -12.912030 -13.416179 -5.059391 -12.684514 -5.020508 0.130657 9.157228 1.110368 -0.663201
-20.834019 -16.849220 -10.742058 -12.171693 -9.430659 -3.654116 -8.447935 -1.085995 -4.770892 6.491753 0.362814 3.231679
-29.161833 -23.747396 -14.770645 -17.873861 -12.308342 -1.684950 -3.597403 -5.359186 -14.230390 0.575070 -9.353201 13.715824
-30.918472 -22.361961 -12.731124 -14.667586 -10.668901 -1.678889 0.742156 -9.872967 -16.033079 -3.858418 -6.976892 10.727521
-39.702991 -19.968203 -20.939981 -14.275316 -6.494432 -13.489054 -3.424953 -10.461746 -23.465788 1.261488 -5.479381 10.294389
-26.126215 -20.127647 -17.451387 -17.604912 -6.380358 -5.397879 -4.074960 -0.824167 -13.987877 2.456761 -7.129000 10.251982
-19.193209 -15.096325 -15.024532 -13.950768 -4.316345 -1.869323 -1.706797 0.129426 -11.735713 1.392457 -5.488797 7.018653
-38.214310 -29.173599 -15.604403 -18.792330 -15.104008 -0.225845 -0.884681 -10.222894 -20.364676 -0.307583 -10.403950 15.139588
-31.924847 -20.743410 -21.016743 -18.022388 -4.031820 -4.835590 1.893339 -3.762931 -22.199572 -2.000450 -8.904223 11.073354
-29.557106 -21.400932 -12.876438 -14.216260 -9.987959 -3.130198 -3.750837 -7.602721 -13.528583 1.495136 -3.540237 10.228159
-38.543873 -26.392481 -14.388968 -16.153646 -13.050222 -1.917248 1.873216 -14.781817 -20.634373 -2.820820 -8.285192 12.613131
-20.584446 -23.797089 -13.484430 -20.352228 -9.775183 0.454206 -4.107078 -1.796230 -9.987458 0.352282 -10.422970 7.779619
-35.736259 -24.141563 -18.490086 -18.417328 -9.421361 -4.896267 -0.712584 -5.241270 -19.307718 -0.283665 -8.075176 13.843142
-23.160892 -15.667418 -16.348274 -14.373780 -4.161167 -4.805413 -0.641856 -1.705901 -15.222852 0.311698 -4.909110 6.731014
-39.981403 -20.367790 -16.988840 -11.210268 -5.380967 -8.239171 4.260386 -14.441360 -25.155733 -4.703500 -3.279526 9.334218
-22.221846 -15.268545 -13.346701 -12.677974 -5.304235 -2.024957 -0.304250 -1.329746 -12.457711 1.592620 -4.088993 7.509149
-36.488350 -26.346676 -19.494055 -21.049597 -9.971951 -0.224409 3.844514 -6.173518 -21.970779 -1.702385 -10.160132 13.406791
-27.638132 -24.613068 -13.853925 -18.155987 -10.460820 -1.259829 -1.919229 -6.825224 -12.388721 -1.490163 -7.366935 9.989975
-25.183020 -20.841850 -12.376755 -15.100881 -10.568474 0.387325 -2.611822 -4.327464 -11.981919 2.037144 -6.211284 10.202892
-34.601528 -26.079109 -23.892576 -22.638000 -4.851802 -4.617449 2.375475 -2.623640 -24.414968 -2.123123 -8.986340 10.046266
-17.953884 -17.293167 -10.490039 -12.822126 -7.253818 0.637974 0.010362 -4.529831 -12.383184 -3.028087 -7.831927 7.435293
-32.176365 -22.106363 -12.372308 -13.902509 -10.723031 -2.604995 0.584056 -9.647420 -17.645561 -2.463141 -7.115746 12.117800
-18.713453 -18.437151 -13.122642 -16.350147 -6.366832 -2.753807 -4.043719 -2.070482 -8.895771 -0.719375 -7.514863 6.808103
-10.392768 -8.382749 -8.291904 -5.928176 -3.955515 -0.550411 0.787328 -3.522730 -10.280748 -3.214395 -2.271849 3.354135
-21.590708 -17.505810 -20.958414 -17.846487 -0.962762 -8.439500 -2.623453 -0.930353 -17.067467 -4.850595 -9.905726 7.624487
-26.521805 -16.181894 -13.991350 -10.650881 -7.718921 -3.077197 -0.255918 -5.308257 -15.738138 0.365651 -1.782821 9.429758
-24.862642 -19.963560 -11.165198 -13.656277 -9.146293 0.750628 1.828866 -7.919498 -13.860075 -3.757838 -7.262174 8.866013
-35.803322 -28.835688 -18.427340 -22.154263 -11.999037 -3.194264 -3.445260 -4.452999 -16.703672 2.586818 -9.382650 14.313014
-31.916412 -23.209337 -16.197371 -17.403233 -9.130451 -2.050263 0.712269 -6.066658 -18.082676 -0.711499 -7.846732 11.717628
-31.162561 -25.884708 -19.612183 -22.238794 -9.054643 -2.344839 -2.968576 -1.561953 -15.042053 1.918819 -9.739544 12.646167
-23.087984 -24.475967 -16.739206 -21.049557 -8.805567 -3.743725 -7.300653 -1.750317 -10.498087 1.073137 -10.326990 10.052090
-36.226387 -27.683769 -19.250900 -21.538208 -9.765250 -2.478454 1.208539 -5.985746 -20.200726 -1.107665 -9.094720 13.216635
-20.991205 -14.531836 -12.094292 -8.787108 -3.095301 -4.530605 1.785249 -8.651321 -16.541969 -6.057513 -5.007540 6.737969
-19.787769 -19.938705 -10.992001 -16.301453 -8.650446 0.402122 -2.347874 -2.985724 -8.196632 -0.095819 -7.030106 7.120464
-25.182592 -17.408794 -12.256122 -12.851579 -8.035912 -1.349735 0.312215 -5.671343 -13.554647 0.218425 -4.263817 7.692950
-30.928047 -23.488480 -12.274056 -15.417204 -10.023436 -3.770867 -1.671560 -8.403985 -15.122011 -2.552641 -6.734391 10.555498
-25.649519 -25.727917 -11.961190 -19.131725 -11.543982 -1.967613 -5.865011 -3.650284 -8.450890 1.673040 -8.662076 9.387439
-29.734499 -26.752573 -17.159199 -21.897259 -9.695448 -1.527461 -3.092195 -2.833315 -14.863970 0.203158 -10.542398 13.133452
-40.468021 -28.428907 -15.353492 -17.052975 -13.676135 -1.027585 2.937455 -13.547412 -22.792336 -4.116575 -9.154740 14.047334
-27.040676 -17.576115 -17.379662 -14.957311 -3.023283 -4.637484 2.506217 -2.758986 -18.262527 -1.909823 -6.328184 7.680690
-22.650900 -17.699409 -18.719109 -17.150904 -2.500844 -6.332499 -2.738023 -0.353239 -16.719225 -0.414705 -8.009162 8.280336
-26.855019 -22.129198 -15.374089 -17.227079 -7.986281 -2.236279 -0.295955 -4.883449 -14.636926 -2.229431 -8.362483 10.102820
-38.435455 -27.954351 -17.421207 -19.595209 -11.641738 0.269967 2.250487 -8.262087 -22.430119 -1.593628 -9.505409 13.973050
-35.791332 -23.721046 -19.813467 -18.858774 -6.207178 -6.963005 -0.081563 -3.929495 -20.394499 0.139495 -7.017829 11.202828
-39.502316 -26.332174 -13.195581 -14.148314 -13.797029 1.903658 4.708204 -16.026215 -23.608767 -4.860167 -6.507357 12.117685
-18.231451 -20.245607 -9.936407 -15.318315 -10.528836 0.738935 -5.525775 -3.746820 -5.458702 -0.365762 -8.014585 7.882127
-13.718827 -10.204782 -8.292097 -6.256814 -5.801846 0.676326 2.081089 -6.478987 -13.372115 -5.142103 -3.330179 5.500879
-24.039602 -22.337616 -10.246568 -15.603144 -11.947351 1.149475 -2.262151 -5.885601 -10.358049 0.298209 -7.573905 8.766521
-31.936932 -22.728958 -17.016155 -17.531107 -8.785129 -4.246024 -1.932911 -3.954681 -16.775145 2.833530 -6.987805 10.811087
-19.746971 -16.829794 -11.073462 -13.122559 -7.633455 -2.551866 -2.483663 -4.088532 -8.720359 -1.062183 -6.000381 7.419393
-30.513065 -29.170277 -13.606547 -21.352898 -14.712735 1.070426 -3.461240 -6.505082 -11.917888 1.355762 -9.555003 10.822982
-23.953262 -19.402901 -12.462526 -14.871512 -7.681735 -0.178136 1.518428 -6.359200 -13.724052 -2.614230 -6.550236 6.711020
-24.039055 -20.214809 -5.136369 -9.759281 -13.932007 2.236770 -6.716608 -11.151002 -6.035319 0.994891 -0.822207 3.554653
-25.780478 -18.339611 -7.771526 -8.623017 -12.759629 2.238399 0.602758 -10.429558 -14.905593 -1.229765 -5.015929 9.108760
-23.946060 -13.960301 -11.276971 -8.309392 -6.753208 -3.241600 -0.630389 -5.418083 -13.998425 1.606770 -2.164814 7.957927
-23.395508 -13.625587 -13.503734 -10.191220 -6.753976 -1.830009 -0.734437 -3.517762 -14.514845 1.053820 -3.379221 8.513304
-25.790253 -17.435120 -11.026499 -10.667186 -10.443879 -4.106543 -7.611807 -4.563014 -9.461155 3.518795 -1.436661 9.345010
-28.847746 -15.414476 -10.059017 -6.546524 -10.373667 0.446140 2.519201 -11.654825 -19.311771 -2.707416 -2.654754 9.935470
-23.790277 -13.767518 -15.873853 -11.768847 -5.933943 -1.818739 -0.732542 -2.754252 -15.999375 -0.139784 -4.594703 9.127790
-25.663754 -17.238649 -8.300686 -7.929280 -11.296365 1.444475 0.124110 -9.713868 -14.731413 -0.730382 -3.593686 8.836360
-25.865376 -18.511055 -12.702283 -12.355420 -10.565936 3.838611 1.939260 -7.792725 -17.214275 -2.276862 -7.093858 11.003833
-31.098587 -18.130251 -9.905413 -7.082047 -13.591479 1.554494 1.976443 -13.999249 -19.460541 -3.865309 -2.913573 10.428086
-23.819014 -13.635903 -11.502813 -8.663260 -6.959510 -0.845806 2.102750 -6.802472 -15.427199 -1.002075 -2.921914 7.617691
-25.798080 -15.142817 -9.867635 -7.514948 -9.435824 0.472333 3.396309 -10.926250 -16.279381 -4.057003 -3.000669 7.695586
-24.979050 -13.008233 -8.523660 -5.464147 -8.274135 -1.017407 1.948120 -9.309422 -15.204336 -0.742566 -0.825032 6.944063
-29.568953 -22.054562 -6.715569 -8.439878 -15.161944 3.555886 1.102040 -14.910284 -17.649500 -3.265463 -6.540290 10.688551
-30.192913 -19.313854 -9.398563 -9.081377 -12.711576 0.836580 1.335205 -11.762820 -17.128031 -1.535098 -3.398601 9.474188
-26.298512 -15.979371 -8.780837 -7.340074 -11.702785 2.581166 2.759669 -12.481709 -17.299284 -3.376767 -4.187666 9.310243
-20.304811 -12.337081 -9.862397 -7.111007 -6.809060 -1.160257 -0.019974 -5.509515 -13.376831 -0.540760 -2.159058 7.756460
-32.746811 -21.384966 -9.838851 -9.597696 -14.605529 2.888700 2.992529 -15.188730 -19.871517 -3.517501 -4.046910 10.328569
-29.333387 -22.153889 -11.192405 -12.553208 -14.407090 4.109876 1.428092 -11.141169 -17.375912 -2.605736 -7.077448 11.896111
-20.904892 -14.781722 -6.702578 -7.180717 -10.047624 1.277248 0.671876 -9.760933 -12.370924 -1.454898 -4.139780 7.193395
-27.649048 -14.102310 -15.389431 -9.489692 -5.350688 -6.520766 -1.537688 -3.860459 -17.228069 2.211930 -0.915525 7.792542
-26.728657 -20.019876 -10.516156 -11.559877 -12.008404 -1.355761 -4.924227 -5.540625 -10.308144 4.511153 -2.152260 8.107830
-23.286066 -12.949695 -10.473053 -7.447061 -6.727420 -0.984469 1.041941 -6.121122 -14.500226 -0.540362 -1.713683 6.859383
-27.924156 -14.387924 -12.869414 -8.455714 -8.536323 -3.766953 -1.442494 -6.911867 -16.251617 0.332804 -2.429238 9.273194
-28.598759 -16.881392 -8.198371 -6.600907 -12.192712 -2.980730 -4.297183 -11.350447 -13.986865 1.909535 -0.860290 8.638444
-24.163010 -15.772007 -8.869842 -8.159144 -10.261123 -2.214453 -2.793576 -8.132229 -12.359018 0.505045 -1.205092 7.988211
-23.711227 -20.233526 -11.688655 -13.683911 -12.776258 1.465261 -4.965501 -4.987110 -9.547351 2.539714 -6.572958 10.297696
-30.547148 -23.361380 -9.586668 -11.980103 -15.588049 1.373158 -1.908451 -11.418654 -14.847048 0.349725 -5.300801 10.903091
-31.013706 -25.743542 -10.306750 -13.619090 -17.589497 4.309073 -2.910795 -10.110706 -15.652100 0.672307 -7.861736 12.634885
-28.583778 -19.818922 -8.221435 -9.256811 -13.571001 -0.886572 -6.056082 -8.531582 -10.782782 1.601583 -1.002228 7.608834
-37.956093 -28.752754 -10.149692 -14.298266 -20.991936 1.189617 -7.871746 -15.068199 -13.969265 2.122188 -5.908192 14.144252
-32.523006 -18.886019 -7.885941 -6.199458 -13.974601 0.155583 0.979945 -14.697437 -19.093788 -1.890519 -1.211783 9.692107
-34.756794 -14.601418 -13.361362 -6.333222 -11.156424 -3.611903 1.558572 -13.960463 -22.044092 -2.781743 -2.692063 11.202744
-40.953430 -30.142921 -7.631182 -13.030025 -19.841507 -1.538581 -5.613345 -15.886569 -16.598557 0.420435 -4.046460 12.653405
-31.303589 -19.543627 -6.496237 -5.040144 -15.186624 3.462499 3.537205 -17.345554 -19.870783 -4.483827 -3.812033 10.484129
-35.477547 -24.643732 -10.013213 -13.408119 -16.079674 -2.199553 -6.041647 -11.753849 -12.042337 4.113957 -2.974883 10.470157
-30.874796 -17.626209 -14.100754 -10.921780 -7.956672 -6.373999 -5.353295 -3.474164 -14.329777 1.427808 -2.076041 8.226609
-32.169399 -22.505133 -6.787822 -9.589380 -16.069147 -0.259549 -6.966539 -12.707259 -11.618344 1.396810 -1.974061 9.791651
-30.177723 -22.530153 -7.923964 -10.966697 -15.754985 1.315320 -6.143945 -11.807130 -10.750004 2.351620 -2.630510 9.476247
-33.855888 -18.152285 -9.961958 -6.697943 -13.821111 -3.549205 -4.604589 -12.995814 -17.272934 1.219475 -0.376066 10.552370
-23.194782 -14.629011 -9.698603 -8.568587 -9.975564 -0.206435 -1.840660 -7.226283 -11.995030 0.600114 -2.567219 8.435035
-26.794849 -16.853792 -8.971296 -8.287663 -9.641139 -0.871814 -0.304747 -9.955365 -14.395866 -0.370092 -1.138512 7.253922
-21.456163 -15.337657 -9.646370 -10.267568 -9.043286 -1.649087 -4.513685 -4.735739 -8.510461 2.805957 -2.697679 7.612145
-29.125765 -20.885893 -5.792775 -8.724218 -16.854446 3.134627 -0.144835 -15.876594 -15.649415 -3.035615 -5.404749 10.583683
-24.544874 -16.837198 -2.225321 -3.302977 -14.302464 3.116924 0.723987 -16.459904 -14.088120 -3.363489 -3.544372 7.871510
-22.440714 -13.183580 -7.524781 -5.778039 -9.629128 -0.735248 -2.925000 -9.232570 -10.730472 0.885781 0.171327 6.118649
-27.772694 -13.729085 -9.845790 -5.316101 -9.531116 -2.691914 -0.606169 -9.929152 -16.592600 -0.465044 0.824711 8.604400
-28.180656 -19.560204 -10.944152 -11.755772 -13.575694 1.674486 -0.334246 -10.036159 -15.190330 -0.550000 -4.700513 10.778905
-28.888685 -17.874653 -7.523138 -7.104159 -12.471129 -1.540188 -3.518106 -10.992629 -12.192058 2.043473 -0.087822 8.103289
-23.204376 -13.802186 -11.260509 -8.817902 -7.232350 -0.699064 0.585549 -5.510304 -14.808680 0.033536 -2.583342 7.851291
-13.299329 -3.045914 -22.655045 -11.956715 8.980723 -14.666020 0.183159 -0.570800 -21.077026 -10.818271 -5.759459 -1.586853
-12.695319 1.845000 -22.189777 -8.734379 10.011032 -17.019196 2.422186 -7.418112 -25.069529 -16.385450 -4.902534 -6.503479
-13.324922 -1.729149 -22.855635 -11.600513 9.788051 -15.706328 -0.380766 -0.967711 -22.457312 -8.819347 -3.981087 -4.904872
-16.762428 -3.269355 -25.969372 -13.632232 10.995582 -17.640869 1.844677 -3.636684 -26.553722 -12.859055 -6.307246 -4.322184
-11.728822 0.760604 -20.321220 -9.209743 8.726973 -14.875750 -0.117448 -2.060149 -20.276253 -9.220277 -2.571114 -5.433797
-15.406538 -3.507490 -18.174631 -9.087297 6.352668 -12.219777 2.704553 -3.889297 -20.036482 -8.771902 -3.187319 -2.072695
-10.490311 -0.676148 -19.325354 -9.713408 8.215112 -13.826621 -0.758167 -0.584147 -18.304913 -7.419780 -2.793167 -5.057231
-25.748228 2.745412 -31.007521 -9.685299 10.633224 -21.810392 4.077759 -8.263435 -35.443886 -16.047979 -2.542592 -3.504231
-11.324611 -0.342522 -21.561550 -10.226112 8.866372 -14.695981 -1.388963 -1.471917 -21.125425 -9.004591 -4.213591 -5.810313
-15.666555 -2.141307 -24.689688 -12.365929 10.154871 -16.752520 0.023225 -1.426631 -23.824430 -9.531603 -3.720862 -5.194059
-12.777124 1.078271 -20.624464 -8.183695 8.376994 -14.531305 1.260651 -3.957075 -22.144081 -10.456590 -2.569274 -5.390582
-15.674989 -0.775266 -23.807684 -10.578251 10.361253 -17.305803 2.492275 -4.916119 -25.890045 -13.953844 -4.585264 -4.917386
-10.722635 -1.169234 -20.045628 -10.167872 7.828789 -12.894200 -1.519815 0.398859 -18.524151 -6.786640 -3.468460 -4.342565
-11.027741 0.692144 -20.741152 -9.174791 9.006021 -15.345981 0.956873 -4.080451 -21.729185 -12.054042 -3.730070 -6.260187
-10.197200 1.950099 -19.487392 -7.795007 8.059039 -13.824726 -0.226602 -2.811388 -19.503096 -9.488766 -3.600393 -4.767527
-12.177365 2.485230 -21.466137 -8.066951 9.155798 -16.296061 2.250202 -7.280427 -24.679585 -15.886039 -4.087135 -6.774268
-10.360301 0.144785 -18.243532 -8.065350 6.670844 -12.096543 -0.688236 -1.319402 -18.099798 -8.058777 -2.180134 -5.119568
-14.139161 -0.092127 -22.426252 -9.813538 9.717664 -16.337513 1.184556 -4.887130 -24.280283 -12.653846 -4.080520 -5.929984
-12.170442 -1.277242 -20.193283 -10.045561 8.503373 -14.331698 -0.631339 -0.743979 -19.326889 -7.301104 -2.627828 -5.191979
-16.398586 -0.928106 -23.216156 -10.171402 9.944340 -17.030462 3.293636 -5.887417 -26.800270 -13.241383 -3.582033 -5.394971
-13.643085 -1.877636 -23.411051 -11.794524 9.857730 -16.041491 -1.074319 0.681834 -22.264540 -7.953434 -4.330609 -4.286761
-14.523972 -0.646107 -21.174820 -9.334910 8.244892 -14.636117 1.403827 -4.050406 -22.530888 -10.762622 -2.654037 -4.442849
-10.150428 0.850734 -19.612556 -8.656981 7.735357 -13.203431 -0.318693 -1.276170 -19.369860 -8.812558 -2.589183 -5.244709
-18.356750 -0.858593 -24.387316 -10.312130 10.006516 -17.572569 2.509575 -5.805908 -26.619122 -11.370065 -3.088886 -5.283951
-14.953012 -0.941745 -24.082649 -11.398825 9.408942 -16.231924 -0.263306 0.555370 -23.280781 -8.473697 -3.361429 -3.949222
-13.511624 -0.478881 -20.570587 -9.442032 9.120747 -15.540001 1.206522 -3.652812 -21.630796 -10.250587 -2.241588 -6.067338
-13.480589 -0.498869 -23.440239 -11.027820 10.088706 -16.441351 0.826842 -2.641666 -23.834305 -11.843678 -4.973049 -4.414786
-22.973417 1.896707 -28.520348 -9.991690 12.775446 -22.869509 5.851058 -10.881073 -34.945198 -19.863338 -4.363033 -7.381526
-13.921970 -1.693683 -23.430201 -11.995661 9.805970 -15.860078 -0.944876 -0.355266 -22.141361 -8.017135 -3.900510 -4.608032
-17.092812 0.607723 -25.434435 -10.191850 10.976225 -18.930525 3.301038 -8.147205 -29.987368 -16.662333 -5.115646 -6.675269
-12.626017 -3.058929 -24.381697 -13.541623 10.100666 -15.712410 -1.055129 1.237567 -22.033535 -8.845330 -6.074671 -3.242573
-12.102676 0.478915 -22.031860 -8.346743 8.785752 -15.850949 2.037629 -4.855377 -23.530546 -15.071396 -4.227565 -5.017068
-5.672307 -1.201178 -16.915590 -9.987087 5.899356 -9.799520 -2.175070 1.895284 -13.331902 -7.094373 -3.993062 -3.506541
-14.566630 -4.142253 -26.535439 -14.242926 9.802011 -16.024412 0.179581 -0.784192 -24.889088 -12.818829 -7.499652 -1.330455
-3.784637 -1.090427 -15.106571 -9.199578 5.086076 -8.476116 -2.544233 1.110923 -11.534264 -6.089548 -4.188869 -3.987505
-10.999931 1.395505 -20.001993 -7.915071 8.115616 -14.806334 1.477722 -6.134541 -21.637539 -13.830768 -3.506658 -5.910870
-30.072247 -2.092969 -33.164814 -13.719395 12.872163 -24.184982 -0.063064 -3.104291 -34.288002 -10.157867 -1.154906 -4.618261
-13.518767 -1.977863 -24.438801 -12.629655 10.600315 -17.246181 0.749176 -2.946838 -25.772322 -12.159362 -4.890759 -5.732419
-23.395342 -2.996743 -28.236158 -14.412449 10.920047 -21.747601 -0.881513 -3.163538 -24.793629 -9.039030 -1.351195 -2.711869
-12.469839 0.595305 -21.776384 -9.781820 8.473939 -14.999102 0.131919 -2.403667 -21.820498 -11.072553 -3.316894 -4.548694
-20.213606 -6.201680 -30.068382 -15.440182 10.753594 -19.277098 2.024931 -2.331638 -29.525301 -14.464902 -8.351521 -0.470469
-13.894353 -1.680840 -23.836863 -11.537782 10.408211 -16.965063 1.650876 -3.063172 -24.814032 -12.298254 -5.120086 -4.629682
-12.517788 -0.913052 -21.431572 -10.269163 9.249598 -15.094396 0.741743 -1.119915 -21.550037 -9.400007 -3.375293 -4.537393
-14.902227 -1.822650 -23.122616 -11.279153 9.879006 -16.617599 2.521064 -4.177013 -25.432541 -12.997392 -4.791163 -5.039803
-12.165181 -1.301239 -21.013767 -10.258012 8.532024 -13.954565 -0.012670 -0.589188 -20.046761 -8.689342 -4.081291 -3.365472
-11.128343 0.037622 -24.117636 -11.821683 9.753483 -15.746856 0.036312 -2.183408 -23.307493 -13.311223 -5.314319 -5.434991
-10.020829 -5.034874 -21.714348 -14.377163 8.096017 -12.432942 -3.469488 4.150255 -17.176321 -4.962361 -5.895524 -2.451909
-17.259369 -4.583115 -29.974352 -14.318444 12.138973 -20.031279 2.800150 -4.207214 -31.154575 -16.611965 -9.036413 -2.980939
-13.400995 -1.287943 -22.020466 -10.831352 9.276878 -15.225696 -0.179436 -1.194555 -21.670967 -8.851492 -3.210623 -5.235792
-11.789295 1.309783 -20.721100 -8.598514 9.144566 -15.758126 1.018649 -5.253474 -22.766096 -13.346953 -3.641960 -6.728653
-11.381213 -0.477809 -21.276983 -10.479387 9.490802 -15.241420 -0.147810 -1.727154 -20.759464 -9.408316 -3.995934 -4.786562
-12.235335 -1.120690 -20.587151 -10.062248 8.272643 -13.750716 0.929469 -2.963269 -20.912050 -11.468428 -3.723841 -4.095244
-10.144386 0.849166 -20.589428 -9.152493 8.357408 -14.028215 -0.427318 -1.760006 -20.447437 -9.613951 -3.694565 -5.274152
-13.558253 -0.877683 -20.898739 -9.330822 8.153633 -13.709354 1.593138 -4.324877 -22.753141 -11.587003 -3.883716 -4.362077
-11.402438 1.750843 -19.979460 -8.258571 8.243754 -15.194619 -0.626910 -2.661527 -20.404728 -9.724678 -2.080837 -6.988706
-17.379841 -1.306188 -22.894032 -9.986028 9.718387 -16.743664 2.996842 -6.179580 -25.831947 -11.956553 -3.404191 -5.515180
-14.590634 -1.337019 -22.976000 -10.652168 9.161322 -15.346026 0.258532 -0.642303 -22.867720 -8.599201 -3.364254 -4.731051
-17.369207 1.359117 -23.792856 -8.587960 9.782112 -18.058817 2.678444 -7.106890 -28.176605 -14.528936 -2.471316 -7.926411
-13.039495 -0.671402 -22.458059 -10.599692 8.934242 -15.630404 -1.273484 -0.798833 -22.114161 -8.736498 -2.462235 -7.154389
-18.046135 -4.460184 -26.186291 -12.318741 10.199067 -17.713367 3.305004 -4.575029 -28.135908 -14.828670 -6.782831 -1.264917
-10.937817 -1.247495 -20.213316 -10.241043 8.516944 -13.924109 -0.708580 -0.537612 -18.979528 -7.826162 -3.668347 -4.745187
-18.584003 0.602706 -24.783436 -9.723095 10.760650 -19.461203 3.110857 -5.648357 -28.923918 -13.264551 -1.802192 -7.502662
-9.884906 -0.006078 -17.109438 -7.499084 5.622958 -10.257026 -0.341780 -2.246839 -17.045414 -8.052036 -2.188287 -4.489559
-8.559808 3.352169 -20.177811 -7.998967 7.447712 -13.951408 -0.006773 -3.608096 -19.590923 -11.997840 -2.781634 -6.381088
-13.494355 -1.932287 -21.360455 -10.758484 8.304915 -13.691351 -0.978120 0.766176 -20.513823 -6.711392 -2.852086 -4.074321
-8.140831 -1.519927 -19.494255 -10.145189 7.601891 -13.596093 -1.755450 -0.897527 -17.302742 -8.616954 -4.014703 -5.235694
-11.744674 2.846338 -21.851833 -7.949209 8.856361 -15.733636 0.445287 -4.936589 -23.622187 -12.951583 -3.858545 -6.983634
-8.088441 -1.414534 -20.083603 -10.811061 7.808574 -12.611096 -0.870087 0.065102 -18.076372 -10.340302 -5.180570 -4.003472
-10.124838 -1.234331 -17.713146 -8.733090 6.640551 -11.137733 -1.078778 0.075724 -15.661007 -5.618540 -2.970443 -3.017466
-15.260849 -4.578012 -24.742083 -12.430396 7.963039 -15.039703 2.019858 -4.315687 -25.414856 -12.080406 -5.186266 -4.651561
-12.446175 -0.678379 -23.048393 -11.294489 9.360201 -15.267748 -0.824627 -0.420930 -21.355925 -9.462720 -5.118119 -3.466848
-14.379416 0.680704 -23.446302 -9.568856 9.303738 -15.348423 2.680640 -7.036771 -26.031454 -15.755700 -5.649928 -4.677416
-10.535241 -0.828232 -20.227993 -10.423885 8.194791 -13.510494 -1.558976 0.497715 -18.285440 -7.255524 -3.720307 -3.984071
-13.316340 -1.189795 -24.482950 -11.855248 8.982999 -15.092886 1.344296 -3.440539 -24.533821 -14.925957 -5.772548 -2.990056
-4.489070 -0.497565 -14.387820 -7.976529 4.213463 -8.082172 -3.186644 1.158639 -11.156026 -4.859504 -2.501943 -4.893766
-24.205397 2.046710 -27.785246 -8.467301 11.511802 -21.398499 6.687607 -12.745450 -35.675655 -20.488655 -3.097370 -7.081978
-7.892961 1.162721 -17.451395 -7.740499 6.499230 -11.722018 -1.378243 -1.294125 -16.012175 -7.452775 -2.546947 -5.251178
-18.173174 -6.224681 -25.876152 -13.637848 10.031271 -17.215418 2.549749 -3.753656 -26.942341 -13.112592 -7.327073 -1.296545
-12.613390 -0.837796 -22.547581 -10.901533 9.566158 -15.401475 -0.081799 -0.773519 -21.696344 -9.933420 -4.772481 -3.778169
-16.382765 1.985747 -18.816002 -5.549811 7.947031 -15.506016 4.296703 -8.130619 -23.620684 -11.964041 0.168903 -6.674587
-13.441478 0.523208 -20.539185 -8.892742 8.811990 -15.482880 0.455433 -2.998776 -21.510185 -9.520838 -1.915185 -6.079825
-23.122103 -4.387573 -23.971527 -9.878337 8.476398 -18.132374 3.958394 -7.018045 -29.054668 -12.184941 -3.709513 -2.347110
-17.962194 0.614930 -26.957571 -11.211658 11.686891 -20.035385 2.135148 -4.399195 -29.425241 -13.697628 -3.631095 -6.333309
-20.457233 0.391768 -24.669174 -8.824544 11.318985 -20.209072 4.572592 -7.401177 -29.260027 -14.538971 -2.071282 -5.666013
-15.360102 2.509771 -23.413177 -8.074376 10.008173 -18.081945 1.582949 -4.953796 -25.471525 -12.175521 -2.975199 -6.608966
-16.743223 0.404472 -24.842484 -9.995698 10.562786 -18.630648 2.736354 -5.691594 -27.857775 -14.055365 -3.243603 -5.960120
-7.950267 0.763660 -18.212111 -8.612801 7.057827 -12.247374 -1.646456 -1.415205 -17.226465 -8.133210 -3.396649 -5.892040
-19.253082 -1.762092 -27.605347 -12.861138 11.617457 -19.420916 2.427847 -5.055270 -29.582945 -14.088801 -5.500168 -4.618798
-8.532736 0.685847 -19.222448 -8.350449 7.561722 -13.160605 0.008558 -2.133876 -18.579302 -11.565819 -4.592810 -3.945350
-6.858798 -0.454856 -17.294596 -7.919285 6.619943 -12.149379 -0.219222 -2.911057 -16.532990 -10.008497 -3.857247 -5.490536
-9.620812 -0.826915 -20.638290 -10.721313 8.564488 -13.522334 -1.143460 0.004251 -18.582224 -8.375148 -4.812956 -4.154833
-12.193465 -0.930441 -18.782885 -7.688315 6.253900 -12.258434 1.746771 -3.892881 -19.937569 -9.767211 -1.613659 -4.033880
-12.265637 3.329596 -21.468178 -6.605805 7.680147 -14.884686 1.169160 -6.289684 -24.212374 -13.400731 -2.733895 -7.916988
-19.172901 -2.575785 -26.220549 -11.574163 10.164999 -17.687981 2.097934 -4.205304 -27.404848 -13.207306 -4.377695 -3.307412
-12.583066 -1.572943 -21.677559 -11.184717 8.468473 -14.750687 -1.244217 0.622163 -19.947046 -7.581202 -2.739041 -5.353850
-19.149504 -2.193174 -25.977339 -10.301207 9.622827 -18.062910 3.578680 -5.393263 -28.121302 -13.041185 -3.854264 -2.743496
-12.010152 0.464683 -21.331392 -9.729749 9.243966 -15.394075 0.505985 -2.064368 -21.384674 -10.142466 -3.629673 -5.198375
-22.206097 -3.337856 -24.782394 -10.809576 8.316560 -15.490726 3.662862 -5.944446 -28.569401 -12.210278 -3.284194 -1.976110
-8.864305 1.211983 -18.298103 -7.562584 6.906964 -12.460114 0.088511 -3.637164 -18.916643 -10.278466 -2.790702 -6.512656
-17.868397 2.929297 -23.766411 -7.780279 10.342417 -18.842270 3.424820 -7.951369 -29.074120 -14.749135 -1.145865 -8.557755
-15.664264 -18.256382 -0.613866 -6.946940 -15.839396 9.316981 -1.148848 -14.455973 -6.124426 -4.072848 -5.089934 2.520578
-5.739035 -10.298815 0.873938 -3.974669 -10.331627 5.499301 -2.493090 -8.642459 -1.778105 -3.670749 -3.604529 0.558751
-6.082847 -9.788781 1.284884 -2.799957 -10.314578 5.781928 -3.126213 -9.667620 -1.240255 -3.004115 -2.597700 -0.770503
-17.115076 -21.626522 0.776750 -6.872431 -19.297007 11.756297 -0.836475 -20.605211 -6.247996 -6.812953 -5.928867 0.577669
-9.422724 -14.603222 0.849251 -5.686070 -14.083718 7.444929 -3.789787 -11.938040 -1.488015 -3.278191 -4.276558 0.202857
-2.559596 -9.083342 0.247128 -4.554822 -9.361618 4.825365 -3.960333 -6.799800 0.295771 -3.199934 -3.626301 -0.672951
-8.354157 -16.333107 1.278764 -5.936130 -16.570652 9.102517 -4.197766 -13.273963 -1.102303 -4.041104 -4.608289 -1.852512
-11.144390 -16.598597 0.007470 -6.762021 -15.505995 9.527054 -1.385391 -14.456259 -4.113564 -5.859399 -4.449619 -0.451009
-9.374537 -11.943484 -0.510438 -4.360209 -10.944799 6.079159 -2.644339 -9.154490 -3.242278 -2.605383 -2.767581 0.250694
-11.166519 -15.903563 1.045499 -6.100887 -15.295705 8.316331 -1.836311 -14.446383 -3.776876 -5.933507 -4.490243 0.154932
-8.945248 -15.428477 1.034122 -5.330309 -15.650350 9.158322 -2.929182 -13.697558 -2.588038 -4.802862 -4.570083 -1.273093
-9.032151 -13.208123 0.936072 -4.437677 -12.388590 7.176138 -1.273406 -12.020116 -4.386935 -5.399852 -4.575847 1.431427
-13.347680 -15.724471 -0.621558 -4.873520 -14.603865 8.550614 -0.138226 -14.995676 -6.914167 -5.597740 -3.833472 1.228184
-7.268251 -15.165590 1.986939 -6.152689 -15.373756 8.582927 -4.100543 -12.114636 -0.354928 -3.979866 -5.513076 -0.734597
-5.044926 -10.393282 0.164172 -3.893496 -10.580197 5.877025 -2.791866 -8.256570 -1.448207 -2.950484 -3.514822 -0.961219
-12.065250 -19.186462 0.393836 -8.372246 -17.504221 9.931643 -2.579293 -15.040908 -3.043719 -5.123776 -5.346451 -0.902417
-4.608972 -13.091027 0.945803 -5.813648 -13.518148 6.973306 -4.990588 -9.695620 1.038541 -2.393450 -3.838126 -2.481104
-15.577736 -18.536186 -1.176271 -7.175650 -15.349371 9.292544 0.544839 -15.358649 -8.146553 -6.354903 -5.499163 2.242036
-1.223374 -8.372407 1.016622 -3.275010 -9.918819 4.625367 -4.875175 -7.392581 0.873748 -2.750427 -3.379861 -2.067927
-4.693712 -10.649050 0.786761 -4.367400 -10.289258 5.104201 -3.357999 -7.730701 -0.184865 -2.788269 -3.078389 -0.739811
-3.963839 -8.088448 0.007702 -3.072895 -7.887850 2.974539 -3.125762 -6.085323 -0.843940 -1.830806 -2.401485 -0.362772
-16.456610 -22.528738 1.338075 -8.193033 -20.523026 12.415474 -1.552701 -19.232424 -6.073390 -7.303621 -7.655079 2.267749
-4.582555 -11.468475 2.213314 -3.309067 -13.001554 6.510756 -4.382391 -10.956368 0.108765 -3.505771 -3.793409 -2.150373
-7.152480 -10.645381 -3.435203 -6.728492 -8.649855 4.901816 -1.603174 -5.601982 -3.748397 -3.243843 -4.039761 1.773459
0.844948 -8.129137 -0.024019 -4.640436 -8.998715 3.486737 -6.623656 -5.373564 2.605467 -1.653300 -3.011319 -3.386984
-6.925467 -13.201506 0.980342 -5.740524 -13.210923 7.498393 -3.312986 -10.112366 -1.094652 -3.792399 -4.985374 0.266141
-2.677916 -10.048916 -0.394643 -4.883010 -10.240082 4.910768 -4.910115 -6.954721 0.875809 -1.650859 -2.249519 -3.122945
-11.637385 -15.569522 -0.129607 -6.650620 -14.084300 8.194628 -0.722733 -13.055527 -4.696705 -5.488057 -4.972574 0.819617
-11.857229 -16.010239 -0.313258 -6.317960 -14.161671 8.228682 -1.057523 -11.858566 -4.748729 -4.078384 -4.907362 1.314016
-16.012142 -20.876852 -1.968689 -9.486856 -18.475325 10.975275 -2.370878 -14.649652 -6.585956 -5.309353 -7.845406 4.013327
-19.068300 -21.889395 -1.430805 -8.265715 -19.631950 10.663448 -3.506018 -17.068533 -5.785742 -3.989581 -6.581391 4.236881
-4.401259 -9.105983 -0.229953 -4.485885 -8.800467 5.033531 -2.391353 -6.486251 -1.280456 -2.929580 -3.711271 0.223642
-17.211559 -18.421225 -2.400300 -7.216358 -15.853222 9.316478 -1.059439 -14.133304 -8.495293 -5.207981 -6.105222 4.921862
-10.477677 -17.208578 0.252114 -7.522450 -16.054588 9.638890 -2.264460 -13.473189 -3.244992 -5.568945 -5.421731 0.212546
-12.259337 -17.430824 -0.815588 -7.449460 -16.298124 9.657420 -1.761978 -13.624298 -6.176023 -6.502599 -5.014576 1.735697
-2.848759 -8.538795 -2.432240 -5.840939 -7.736269 4.525670 -2.209736 -4.602384 -2.387504 -3.574727 -3.641256 0.000966
-8.626065 -14.470458 0.085386 -6.593232 -13.350330 6.797450 -3.070613 -9.515169 -1.567644 -2.179094 -4.294832 0.281804
-7.911736 -9.605020 -2.463214 -5.035599 -8.055025 5.119880 0.544411 -7.441450 -5.618252 -4.658460 -3.131309 1.017977
-6.487992 -12.285260 1.687002 -3.804991 -13.037871 6.993320 -3.829065 -11.059484 -0.952428 -3.236072 -3.876627 -0.763644
-15.210094 -21.311512 1.246996 -6.999249 -20.225330 11.746208 -2.500197 -19.701557 -4.745421 -6.386192 -5.545394 -0.673111
-13.748960 -13.459209 -1.430269 -4.567013 -11.053773 5.299981 0.047387 -12.024613 -7.800123 -4.433972 -1.622546 0.470283
-10.705026 -16.772776 0.426710 -7.346777 -15.943467 9.210931 -2.440820 -12.631944 -2.967471 -4.652148 -5.646229 0.951778
-10.862320 -16.034203 1.107579 -5.757874 -15.301064 9.205605 -1.855993 -13.555617 -3.705074 -4.991005 -5.211343 0.837573
-5.533813 -12.375355 1.522846 -4.413513 -13.160844 7.585987 -3.596735 -11.556477 -1.370615 -4.772536 -4.150630 -1.261279
-11.031553 -14.410959 0.522377 -4.846622 -13.251812 7.950338 -2.372574 -12.150151 -3.789014 -3.511340 -4.482624 1.524320
-7.834004 -12.956961 1.073147 -5.051094 -12.864962 7.220934 -2.474953 -10.659078 -2.322701 -4.581335 -4.629284 1.107669
-10.568070 -15.601739 -0.401810 -6.981221 -14.307669 7.939561 -3.060657 -10.643868 -2.392238 -2.276818 -4.535686 0.519986
-0.919360 -7.290188 -1.901990 -4.418623 -7.052247 3.859598 -3.274830 -4.678805 -1.143695 -3.430661 -3.818069 -0.741100
-8.134799 -13.913406 1.089503 -4.550631 -13.593384 7.359876 -3.262773 -11.746320 -1.822036 -3.343602 -4.170183 -0.797203
-10.673150 -19.334751 0.916164 -7.433047 -18.789022 11.127357 -3.559032 -16.122730 -2.383536 -5.724310 -5.698095 -1.619582
-33.240047 -11.705526 -15.430117 -6.371535 -2.575705 -4.419627 12.346745 -16.877821 -29.691082 -11.696734 -2.973985 5.191528
-31.769176 -15.438084 -14.541033 -7.334480 -4.252438 -2.112559 12.341519 -20.594202 -28.904703 -16.202719 -5.618378 5.577184
-30.964310 -10.485168 -12.873687 -4.731346 -2.369784 -4.429908 11.604983 -17.274204 -27.848410 -10.576036 -1.300859 2.864631
-28.984734 -13.258026 -12.360210 -7.326530 -4.931962 0.097411 11.505408 -18.710340 -25.454330 -11.969056 -3.981787 3.357649
-32.975189 -11.562933 -13.630763 -4.679240 -2.953703 -4.493054 9.324263 -14.715315 -26.920340 -7.358670 0.263565 4.621510
-28.194775 -11.862762 -11.477154 -6.039078 -4.019198 -1.413467 10.794776 -16.598736 -23.543739 -9.723533 -2.345531 2.361230
-22.974224 -5.730430 -13.918128 -4.614923 1.788092 -8.053327 8.076103 -11.071803 -23.605433 -9.635534 -1.383898 0.213906
-34.300175 -12.382494 -14.925162 -5.657215 -2.840925 -4.457911 12.517934 -19.305620 -31.623705 -12.651845 -2.614484 5.789324
-34.137501 -8.612754 -15.285151 -4.941909 0.080000 -7.892653 8.715627 -15.414916 -28.690315 -8.750577 1.314218 1.427230
-27.042528 -11.736354 -11.407776 -5.686090 -4.261813 -1.146214 10.324594 -18.768667 -23.648050 -11.147344 -2.457888 0.834955
-20.117426 -4.806933 -12.184043 -3.710237 0.789789 -6.029083 7.425994 -10.975051 -21.148302 -8.953867 -1.197847 0.945281
-22.271093 -4.072424 -12.693401 -2.837539 0.767424 -7.705306 8.698078 -15.757291 -24.663591 -13.111335 -1.310933 -0.976506
-14.492381 -5.041053 -8.053704 -3.181640 -1.534555 -2.743242 4.995328 -9.654181 -14.094174 -6.469741 -0.254572 -1.063419
-16.090897 -7.065861 -6.840763 -2.785764 -2.788831 -1.654111 5.678691 -11.393377 -14.989385 -9.008622 -1.586873 1.068937
-34.107441 -11.054203 -15.823888 -4.815307 -1.815878 -6.624256 13.311249 -20.101227 -33.506611 -15.008124 -1.839745 3.463237
-12.493950 -5.508470 -8.849596 -3.680440 -0.578881 -3.431124 4.624135 -9.390365 -13.823287 -8.388695 -1.042561 -0.343666
-34.552570 -6.452008 -16.618439 -3.187607 -0.190387 -8.607869 12.248438 -21.563606 -34.877003 -13.538912 -1.134795 1.032727
-40.225349 -14.717390 -19.000484 -7.945000 -1.848055 -6.875298 14.809465 -20.794775 -37.308968 -14.262670 -3.630115 7.323010
-32.745567 -10.251929 -15.844291 -4.845815 -2.072303 -6.333851 10.655663 -15.865670 -30.244789 -11.824054 -2.724039 6.357476
-33.971092 -14.771796 -14.081543 -7.448622 -5.569964 -0.441245 13.029257 -20.025547 -28.156214 -10.221574 -2.595713 3.496268
-29.083076 -12.180387 -12.641285 -6.045230 -4.128345 -2.040123 9.656321 -14.916975 -24.397333 -7.544096 0.352587 1.426835
-37.118931 -22.085247 -11.942438 -10.359535 -10.634735 3.479954 11.872118 -19.661564 -25.753605 -7.747389 -4.199657 6.093372
-19.883986 -6.642633 -11.818049 -4.984940 -0.162983 -4.959050 6.303014 -9.552090 -18.702351 -7.638619 -0.218134 0.672933
-16.398283 -6.658935 -9.825701 -4.728647 -2.589033 -2.258244 4.673044 -9.585468 -15.191796 -7.826631 -1.673790 0.405527
-29.810804 -10.700111 -12.797613 -4.411454 -2.891594 -4.269900 10.604702 -17.456944 -26.407469 -10.058137 0.107232 0.931480
-22.490278 -6.903284 -10.285050 -2.193431 -3.836714 -2.711187 8.892695 -21.646959 -24.165802 -16.105171 -2.260766 -2.118885
-21.979290 -6.118077 -13.435971 -4.579115 1.054996 -6.292377 7.348389 -10.155000 -21.480114 -7.298120 -0.045730 0.137903
-29.705229 -10.943713 -14.261045 -5.563345 -2.128830 -4.350827 11.085088 -17.032707 -27.174500 -10.663382 -1.813834 2.484970
-22.329941 -7.926170 -9.589207 -2.691382 -3.138966 -3.346519 7.185864 -13.995739 -19.649082 -8.112132 1.695441 0.069970
-29.184114 -12.923729 -11.688567 -6.262695 -4.484043 -1.213018 11.526496 -19.415640 -25.485716 -13.170784 -3.788185 2.584559
-11.898623 -5.262217 -11.589851 -7.041100 0.070426 -3.941890 2.371665 -4.201934 -12.377920 -4.552269 -0.851540 -1.681157
-31.664522 -13.154305 -12.865198 -6.239954 -4.154912 -2.930704 10.782414 -15.360648 -25.233742 -8.836196 -1.380676 3.647727
-20.985031 -3.286095 -12.283498 -1.533853 0.800644 -7.455572 7.645593 -14.146091 -23.432549 -10.305897 0.573212 -1.707073
-27.834848 -12.584762 -11.950772 -6.789787 -4.782324 -0.361393 10.535174 -16.274033 -23.161240 -9.480135 -2.031481 2.715115
-20.114925 -6.289732 -10.246609 -3.439021 -1.049088 -4.330922 7.379117 -12.376097 -19.779099 -9.336112 -1.200006 0.528881
-21.968349 -5.963117 -12.632441 -4.283014 -0.355156 -5.149674 8.670377 -12.851359 -22.833422 -11.543317 -2.177855 1.367844
-23.325686 -5.579885 -11.356325 -2.373577 -0.833467 -5.519584 7.570742 -13.514287 -22.517967 -8.094110 1.256004 -0.297278
-32.605877 -15.054664 -8.393983 -3.159618 -8.260990 1.801093 11.280306 -25.920622 -26.693441 -13.426199 -2.174071 3.047986
-25.875357 -8.003973 -13.200469 -4.643766 -0.230935 -6.142314 10.134153 -14.506901 -25.395016 -10.592640 -1.425598 0.913388
-15.388702 -4.516166 -9.417693 -2.905932 -2.239867 -3.683336 4.830881 -11.427629 -16.230049 -9.081383 0.647865 -1.640474
-31.151848 -11.700508 -14.237966 -5.892361 -2.641192 -4.412815 11.716199 -19.189663 -28.095318 -12.289021 -1.167593 1.588223
-37.476284 -18.586166 -19.299829 -9.969969 -5.078295 -2.398674 12.979424 -19.694359 -32.890205 -13.027530 -3.910245 5.835773
-44.043190 -10.740289 -17.032581 -3.465548 -3.146651 -9.445730 12.790095 -24.845909 -36.748455 -13.139953 -1.356250 5.919557
-28.160185 -11.816865 -16.175728 -7.729627 -1.004916 -4.520301 10.443494 -14.739837 -27.238440 -12.480219 -2.687076 2.421491
-37.095226 -11.284573 -22.546331 -8.789933 2.388115 -11.854487 11.490419 -13.560517 -35.538143 -12.708116 -3.855662 4.927920
-30.580818 -13.371278 -14.651706 -7.964308 -4.188098 -3.316875 11.015366 -17.865417 -26.196062 -11.571466 -0.959646 0.994672
-32.129414 -10.900637 -11.812656 -3.268006 -3.905978 -3.894017 11.747140 -21.483492 -28.235071 -11.871942 0.119734 1.356415
-39.118698 -19.438990 -14.509977 -9.229744 -7.268257 0.088848 13.983526 -20.446951 -31.948311 -12.571163 -6.199356 9.579782
-28.105679 -7.953486 -12.623729 -3.858925 -0.811970 -4.979850 9.016119 -14.530516 -25.758795 -8.659906 -0.066832 1.356265
-36.303490 -16.378351 -23.830746 -14.440092 0.636597 -8.558797 11.072654 -10.498623 -33.869549 -9.703189 -7.171698 6.351557
-34.698959 -14.032948 -11.330794 -4.650568 -5.118974 -2.466480 10.688629 -18.380974 -28.287138 -8.899858 -0.028677 3.603919
-37.940388 -18.125883 -18.001743 -10.918774 -4.681967 -1.667450 13.185952 -16.563757 -30.711512 -9.582376 -4.069759 7.261896
-28.912983 -10.321026 -9.372466 -2.171654 -4.462181 -2.697845 10.383709 -19.289152 -25.151436 -10.516323 -0.443693 2.925285
-39.140270 -21.185791 -20.560575 -14.307187 -4.534725 -3.001301 12.284187 -12.491819 -30.425148 -8.880556 -6.213385 8.375291
-23.251593 -7.201746 -10.786932 -3.785370 -1.007158 -4.055182 7.814455 -11.657920 -21.496452 -7.219722 0.354543 0.704740
-28.232168 -10.277246 -11.081039 -3.678180 -3.800392 -3.569074 11.258644 -21.568954 -26.023561 -13.472531 -0.893310 0.026149
-27.940054 -5.935753 -10.872396 -0.369442 -2.098345 -5.973790 9.084456 -19.813988 -26.171209 -11.556158 1.234122 0.249735
-13.907106 -5.792933 -11.782676 -5.422204 0.422673 -4.307047 5.646782 -9.066519 -17.536913 -10.493843 -2.074510 -0.028086
-22.534826 -5.680980 -10.279468 -1.463634 -2.278471 -4.461215 8.248377 -15.921290 -22.698767 -10.234878 0.599886 -0.280847
-32.495972 -15.827135 -12.203934 -5.334532 -8.030643 0.613118 11.321897 -21.140450 -25.616495 -11.300992 -2.081866 4.324008
-20.846684 -5.328467 -11.663600 -3.114957 -0.058152 -5.518821 8.631489 -14.194150 -22.560005 -11.184398 -0.913482 -0.290621
-18.736822 -7.213666 -10.196979 -3.629499 -1.648451 -3.083866 7.755680 -14.302300 -19.539677 -11.754063 -2.253373 0.246408
-31.968079 -12.303263 -12.185241 -4.718857 -4.270647 -2.457154 12.410664 -20.710423 -28.233360 -11.868624 -1.854416 2.683481
-27.744587 -11.271500 -11.688664 -4.591150 -2.948822 -3.874599 11.104616 -19.346457 -25.967527 -14.161150 -2.182415 0.728857
-28.823641 -10.516896 -11.364712 -4.679319 -2.488097 -2.931861 8.699670 -15.184920 -24.415474 -7.617457 -0.377325 3.118252
-32.753395 -14.400311 -13.471093 -7.109093 -4.567194 -2.617911 12.149372 -18.956873 -27.576611 -12.959619 -4.639323 4.740430
-27.436964 -5.630652 -12.676716 -1.884083 0.462137 -8.924880 9.646080 -15.795989 -26.348064 -10.432942 0.151817 0.066009
-34.364128 -16.420696 -12.478495 -6.250578 -9.077098 1.520101 12.299065 -20.879187 -29.848427 -12.420052 -4.800847 7.965271
-21.466936 -2.192113 -12.612770 -1.964273 1.421286 -7.775404 6.169309 -12.620275 -23.180332 -9.265893 0.344609 -1.083888
-34.174671 -16.620636 -16.164188 -9.089213 -5.846967 -0.979089 13.240683 -19.281725 -33.238068 -14.429351 -6.453808 8.002566
-22.005508 -5.121857 -11.358042 -2.118203 -1.522817 -4.982884 8.644591 -17.176355 -23.558592 -12.717664 -0.909358 0.554223
-31.216534 -10.930496 -20.109980 -10.060116 1.481473 -9.284928 11.443774 -14.608245 -30.619970 -13.492474 -2.537011 0.447984
-31.164251 -12.179346 -9.354975 -2.935077 -5.319038 -2.086242 10.314259 -20.397461 -25.068636 -9.590149 0.282441 1.742131
-30.071154 -14.500894 -16.405861 -9.478320 -3.875702 -2.277662 11.413106 -16.240240 -27.700535 -13.168255 -4.427894 3.967107
-21.603062 -4.953294 -12.200043 -3.338032 0.706570 -7.263097 6.840744 -11.798296 -21.050823 -8.109225 0.285896 -0.566238
-19.032625 -9.812396 -13.407016 -7.964194 -1.611420 -2.973365 6.703087 -9.088744 -19.691071 -8.873229 -2.502456 2.290311
-28.735733 -9.776193 -12.938958 -4.811901 -0.768118 -5.953856 9.995110 -13.067317 -26.176031 -9.250614 -1.668000 2.904921
-35.203060 -14.123137 -15.547821 -7.082884 -3.435810 -3.256029 13.923100 -20.806826 -32.429512 -12.924109 -3.750492 5.802997
-30.733965 -10.497145 -14.554291 -5.421477 -2.381467 -4.699823 11.828291 -17.861797 -29.121479 -12.270777 -2.190604 2.880063
-34.864342 -16.434408 -13.880761 -8.061832 -4.929045 -0.834124 13.068954 -18.736967 -28.471996 -10.660889 -4.700810 6.751362
-28.732582 -10.341040 -15.620625 -6.775521 -1.181404 -5.305769 10.090787 -14.081607 -26.027006 -9.947615 -0.609124 1.359641
-31.485144 -12.472658 -14.551182 -6.251351 -3.768815 -2.206934 11.265185 -17.151571 -29.428509 -11.742985 -3.174290 6.514328
-20.452305 -7.073948 -9.940056 -3.154625 -0.904294 -4.670057 6.552861 -10.461533 -18.645933 -7.216438 -0.678691 0.983004
-12.524800 -2.275699 -7.356459 -0.966394 -1.382483 -4.321279 3.481460 -10.752194 -13.858876 -9.063758 0.327390 -2.827833
-32.657372 -12.373103 -13.029449 -5.056892 -3.396510 -3.457642 11.840539 -19.482248 -28.800220 -11.324002 -0.819000 1.998664
-35.979988 -17.426603 -14.056584 -7.511448 -6.869262 -0.550442 12.679184 -21.402130 -28.749165 -12.349895 -2.134644 5.198547
-32.612274 -12.069996 -14.453928 -5.735367 -3.042098 -3.997617 12.356217 -18.385138 -29.754004 -12.084382 -2.042865 3.456687
-27.475256 -6.266848 -19.696188 -7.855991 4.987609 -12.603134 10.417705 -13.209324 -30.229467 -13.431279 -2.609379 -1.327639
-30.204758 -11.175191 -12.819546 -5.342270 -2.406350 -3.898683 8.043253 -13.558667 -23.557924 -6.265687 0.798419 3.374519
-33.801922 -12.772696 -14.510856 -6.380379 -2.995741 -3.512228 12.483893 -19.928669 -30.037683 -12.298979 -2.900759 4.661068
-27.721653 -7.858556 -12.171261 -4.287110 -0.917409 -4.873454 7.961838 -13.773129 -24.762720 -8.262809 0.348680 1.092628
-33.166355 -13.617911 -15.326245 -7.403828 -3.773408 -2.680072 12.834838 -19.928288 -30.017252 -12.901477 -1.569575 1.357221
-26.756111 -8.419689 -10.380620 -3.097137 -1.544404 -4.453427 8.534266 -15.283825 -23.636539 -8.621801 0.469588 1.441858
-15.181488 -3.968263 -10.371920 -2.939110 -0.081727 -5.201177 5.574304 -10.678885 -17.678961 -11.166833 -1.892006 -0.148287
-33.249332 -12.183238 -12.687650 -4.237886 -4.431457 -3.022947 12.362618 -20.105000 -29.997797 -11.957328 -1.495296 4.114572
-32.332966 -11.602198 -14.274556 -5.518384 -2.917927 -3.818788 12.969054 -19.506786 -31.936094 -15.046588 -3.721417 3.267704
-29.642282 -9.828529 -9.399966 -2.053003 -4.458166 -2.484437 7.488860 -17.295792 -23.600870 -7.997204 1.073303 2.912844
-16.445536 -3.936102 -12.337225 -3.801478 -0.896550 -5.654412 5.522864 -12.406680 -19.534845 -12.518939 -0.022322 -1.998719
-32.142513 -8.719033 -14.035032 -2.404085 -1.438359 -7.180768 11.774345 -20.433199 -31.733553 -13.868384 -0.216013 2.159116
-39.586262 -18.322210 -20.012619 -10.655541 -3.616177 -3.992591 14.535054 -20.350946 -34.708328 -14.193301 -3.357645 4.489165
-19.812006 -22.121437 -0.548789 -8.559047 -20.351095 10.520504 -4.468148 -18.241634 -6.349931 -5.360698 -6.722129 4.530150
-16.215528 -18.878128 0.797159 -5.760171 -17.525536 10.208705 -1.478709 -17.229752 -7.059057 -6.439653 -6.699080 3.804858
-11.546702 -17.120960 2.123471 -5.584447 -17.004845 10.212757 -2.116893 -15.650546 -3.882845 -6.148928 -6.553206 1.651520
-14.203965 -20.804663 2.380615 -6.979434 -19.665558 11.453053 -2.708872 -18.223892 -3.728346 -6.052340 -7.354850 1.339267
-17.227009 -20.501972 -0.497940 -7.773322 -18.122271 11.455966 -0.607781 -16.551937 -7.881399 -5.976569 -7.421727 4.205834
-15.209157 -20.149227 0.489136 -6.787629 -18.744717 11.710061 -2.154905 -17.453175 -6.642818 -6.554596 -7.717292 3.334371
-16.173588 -18.781542 -0.741424 -6.854434 -17.199602 10.704932 -1.847165 -15.926648 -6.871344 -5.690296 -6.548332 3.846809
-15.788760 -19.764889 1.712438 -5.787327 -18.870405 10.874856 -2.288240 -17.774988 -6.001982 -6.210520 -6.868780 3.113604
-14.429676 -17.545177 0.519566 -5.660059 -16.087664 9.287193 -1.752270 -14.812564 -5.941525 -4.945067 -6.119027 3.483838
-18.468378 -25.609243 2.802127 -9.600131 -25.467663 12.872181 -7.588286 -21.228252 -1.496213 -3.486523 -7.553658 1.184936
-17.492048 -19.470203 -0.505003 -6.927727 -17.735245 10.131619 -3.421047 -15.903438 -5.088609 -3.483421 -4.902031 2.697731
-14.138573 -19.458500 0.308549 -7.086216 -18.318256 10.944205 -3.631989 -15.508512 -4.556937 -5.051750 -7.288891 3.205587
-12.223907 -17.350885 1.611990 -6.096908 -16.808607 10.113969 -1.744956 -15.149619 -4.143161 -5.524030 -6.095260 1.848766
-20.656696 -24.530499 2.995382 -7.013999 -24.193789 11.937792 -5.550745 -22.869629 -4.380861 -5.386754 -6.897545 3.003097
-20.209021 -21.932467 -1.052804 -8.331863 -19.350317 11.524674 -2.426962 -17.855446 -7.497384 -4.595540 -6.148335 3.860481
-19.093054 -22.582727 -1.212848 -9.084408 -19.679527 11.697270 -2.672323 -17.297564 -6.744071 -4.813626 -7.855557 4.275993
-15.242799 -18.229534 0.033370 -5.850475 -17.313778 10.512213 -1.997467 -15.871682 -6.812443 -6.127670 -5.754260 2.925366
-15.735875 -21.588793 -1.255639 -10.101952 -20.328333 10.931222 -5.476839 -14.427178 -3.177874 -2.630285 -8.172732 3.631713
-17.889915 -22.216022 -0.587761 -9.147141 -19.468748 11.858927 -4.137120 -17.166220 -4.905927 -3.451136 -5.972484 1.923373
-16.273621 -24.293934 -0.133299 -10.061895 -22.259771 11.231600 -5.765272 -17.387613 -4.214598 -5.279152 -9.145317 3.398686
-15.185689 -19.847807 0.751604 -6.821966 -18.310555 10.907383 -1.336062 -17.262264 -6.146936 -6.255995 -6.237953 1.680961
-18.715549 -22.353376 2.590720 -6.229694 -19.825178 11.387678 -0.208068 -21.369175 -8.064219 -8.364732 -7.472213 3.080324
-10.754562 -14.323560 -1.214297 -4.866302 -13.547780 7.879717 -1.245576 -13.025224 -5.947097 -5.525380 -2.369210 -1.647728
-15.596883 -20.745222 1.700919 -6.703582 -19.419060 11.437757 -2.070525 -18.174099 -6.284572 -6.674894 -7.533398 2.914690
-12.458371 -15.469398 -0.095131 -5.673784 -14.503006 7.873761 -3.374042 -12.121034 -3.514505 -3.167889 -4.186966 1.428650
-13.494729 -18.342182 2.058094 -4.919576 -16.874887 8.752835 -3.338414 -17.001036 -4.653903 -5.007215 -5.529864 1.591740
-14.451133 -15.465014 -0.189373 -4.882162 -14.626845 8.618467 -1.674047 -13.880915 -5.961228 -4.336205 -3.994207 2.760751
-17.275417 -26.088760 3.805280 -9.305598 -26.501047 13.601676 -7.879574 -21.638313 -1.150692 -4.545846 -8.642524 1.436769
-17.157225 -17.878223 0.253785 -5.507753 -15.989923 9.468613 -1.200952 -16.465242 -7.203068 -5.056905 -4.866568 3.057510
-19.665863 -27.610289 2.255321 -10.459706 -26.602255 13.307149 -6.794795 -21.052731 -3.263636 -4.451534 -9.368611 3.052062
-11.342090 -17.071453 -0.125293 -7.261469 -16.301943 9.803463 -3.688236 -12.852960 -3.365541 -3.925728 -5.304976 0.991304
-15.026753 -16.300053 1.270886 -5.111056 -15.560080 7.454327 -2.525439 -15.007602 -4.293470 -3.962242 -4.722015 2.649068
-15.597733 -22.474161 1.351446 -7.980591 -21.298923 12.956933 -2.314709 -19.351440 -5.283864 -7.135481 -7.488420 1.071838
-14.570382 -19.827919 1.537818 -7.392246 -18.837564 10.688618 -1.574951 -17.804897 -4.393103 -6.812635 -6.601698 1.132066
-12.189926 -19.947495 4.409114 -6.447641 -21.072298 9.841754 -7.700174 -18.706398 -0.086325 -4.976379 -5.995263 0.543597
-16.727892 -22.594297 0.260323 -9.529309 -21.822336 12.004690 -5.683109 -17.673082 -2.725012 -3.269469 -6.437100 1.414627
-12.411521 -16.568117 0.167548 -5.787352 -15.804362 9.351111 -2.423582 -13.784492 -4.887303 -4.783752 -6.193202 3.189546
-12.818532 -18.386267 0.318249 -6.915803 -16.855335 9.998356 -2.092933 -14.592717 -3.968003 -4.665029 -5.877269 0.842022
-13.123703 -17.959145 1.080770 -5.715289 -17.605782 10.488922 -3.493396 -15.911323 -4.065975 -4.773530 -5.714888 1.790322
-14.313210 -22.618368 4.899681 -6.546764 -22.249138 11.658311 -4.160491 -20.982422 -2.160904 -6.466463 -7.121189 -0.267112
-15.075500 -19.558369 1.646954 -7.230471 -18.086109 8.202914 -5.709646 -16.244131 -2.108828 -3.674717 -5.538984 2.988080
-18.879335 -28.208784 3.287531 -11.029457 -27.908634 13.792299 -8.787457 -21.515549 -0.270695 -2.623356 -7.713130 0.710333
-17.233320 -19.386135 0.630144 -6.217711 -18.357321 10.473924 -3.491363 -17.514290 -5.133128 -4.253978 -5.076087 2.473331
-18.455912 -24.735582 0.536997 -9.714697 -23.327374 12.454816 -6.209235 -18.652918 -2.866301 -2.830992 -7.670212 2.739526
-13.062242 -18.784418 0.940486 -7.351623 -18.250101 10.512169 -3.951844 -15.075861 -2.945151 -4.054771 -6.429617 1.998413
-11.604224 -19.117113 2.298751 -6.559634 -18.790251 10.480195 -5.876942 -15.921752 -1.228514 -3.743115 -5.902498 0.310283
-14.375918 -20.318981 2.604798 -6.018057 -20.531162 11.653536 -4.796523 -18.885681 -3.469591 -5.389569 -6.538610 1.963925
-13.062621 -19.152290 1.143457 -6.705978 -18.121754 10.895996 -3.090102 -16.032333 -4.569785 -5.564597 -7.493744 2.790496
-15.693386 -19.322315 -0.765242 -6.904131 -17.466627 10.724249 -1.409643 -15.763582 -7.678077 -6.391392 -7.853114 5.108641
-13.750669 -18.660599 0.651174 -6.382713 -17.394718 9.794054 -2.742237 -15.601406 -5.270959 -5.502811 -6.600865 2.879780
-13.246451 -4.199048 -9.241679 -1.568067 -6.159547 -10.839386 -7.531519 -10.405386 -8.116700 -3.260455 8.206285 -7.055287
-40.747810 -21.112808 -15.593204 -9.432624 -8.235857 -12.456701 -0.721341 -14.863277 -20.222435 1.547336 10.769319 -1.780090
-15.200624 -10.301540 -5.467301 -5.197556 -7.484805 -8.967931 -8.287442 -9.190015 -2.814014 -0.337618 8.110848 -5.164867
-24.789520 -7.843165 -14.632563 -6.648078 -0.223270 -15.005129 -1.675296 -7.072865 -14.243404 0.069140 11.332442 -5.114205
-23.220890 -4.424188 -14.157624 -3.270531 -1.335941 -14.925733 -1.509422 -10.002654 -15.837204 -2.692543 11.129283 -6.225366
-14.674867 -8.087360 -5.301750 -2.663571 -3.307138 -11.854978 -5.065704 -9.705942 -5.481514 -1.769904 7.806371 -6.104290
-12.250419 -10.722873 -3.928746 -5.283812 -6.445086 -6.822873 -8.223209 -8.271282 -1.261426 0.240850 6.391085 -5.895019
-11.395644 -7.840425 -8.425915 -6.565455 -3.480708 -9.703333 -7.043482 -4.522941 -3.424617 1.139094 6.792851 -7.171326
-18.707584 -10.429486 -4.195502 0.321527 -9.512689 -5.324293 -3.151597 -17.857744 -11.412212 -5.484784 6.883956 -7.525487
-16.362240 -9.547038 -8.723714 -5.088734 -4.691910 -7.637080 -4.144786 -7.616915 -8.278078 -0.542140 7.343462 -5.699439
-12.398729 -10.005151 -5.035657 -4.268625 -7.343781 -2.601977 -3.664296 -7.376072 -4.884466 -1.962747 3.309671 -3.481540
-10.905550 -6.676554 -5.955298 -4.433381 -3.436452 -8.807790 -5.680828 -4.991049 -2.879169 0.464470 6.718174 -4.592445
-16.464407 -3.239820 -7.193618 1.219368 -5.079524 -5.606677 1.710838 -14.448112 -15.888894 -8.564926 5.378448 -3.590718
-11.120436 -4.040704 -3.765791 -0.135091 -3.603705 -6.119898 -2.517838 -8.615710 -6.209163 -2.370253 5.725749 -3.757309
-8.025441 -7.053102 -8.525094 -6.431052 -5.499762 -7.517138 -8.066534 -5.092117 -2.860347 -1.818493 6.882192 -9.023317
-9.675108 -3.666562 -6.056338 -1.997009 -3.049111 -7.059980 -3.501657 -6.636487 -5.499150 -2.538461 5.876318 -5.458787
-25.243961 -6.419060 -7.459750 2.570051 -8.659408 -9.547341 -2.283481 -18.974560 -16.404011 -7.389958 10.206442 -1.383458
-18.678360 -6.492076 -11.818644 -5.796233 -1.659982 -12.755077 -2.577381 -7.211257 -10.917480 -2.440987 8.597423 -5.363197
-25.468224 -9.541703 -9.464750 -2.559696 -6.812056 -12.013468 -4.807668 -11.703765 -11.149460 -0.095172 10.775043 -1.266793
-20.566252 -7.260658 -6.455146 -0.208215 -4.439247 -9.191828 -0.734490 -12.440947 -12.264158 -2.660363 8.702581 -3.506680
-22.753752 -12.572732 -5.487456 -2.328377 -8.468935 -4.223452 -1.850366 -15.599170 -12.206825 -2.718266 5.468516 -2.799098
-21.960474 -7.088951 -8.759620 -0.753164 -3.406120 -11.744539 -1.292206 -13.920943 -13.846664 -2.577688 9.032045 -5.154858
-14.977448 -9.616499 -8.118698 -5.812850 -4.842286 -6.651371 -3.826820 -6.440370 -5.957623 -0.074480 7.631212 -6.019806
-21.861229 -4.033983 -8.555347 0.384040 -2.036261 -11.427438 0.981010 -11.989909 -16.350790 -4.396708 8.219803 -1.728019
-27.060154 -7.648300 -12.446502 -2.192897 -4.419641 -11.624391 0.249750 -13.116290 -18.976240 -5.078625 10.363567 -0.922241
-18.191404 -7.548965 -8.805816 -4.070848 -3.007665 -11.471597 -3.093770 -7.566196 -8.731688 -0.431723 9.331664 -4.458679
-20.639120 -8.968584 -11.008703 -3.850392 -5.889144 -8.593204 -2.830044 -9.785336 -11.791800 -1.156749 8.826278 -5.202074
-18.514730 -6.991465 -8.927697 -3.755193 -3.559516 -10.360587 -2.992038 -7.509083 -9.109395 -1.133740 9.967400 -4.173019
-11.404041 -7.793177 -2.364604 -0.479773 -8.097432 -6.127394 -6.101307 -12.115610 -3.527982 -2.615646 6.314721 -6.329234
-20.342752 -9.072697 -5.994172 -1.733724 -5.129807 -9.892976 -3.014193 -11.017056 -9.121053 -0.809234 9.445515 -3.521315
-15.126406 -12.228369 -7.899133 -7.783820 -4.584223 -9.903090 -7.550963 -4.542738 -4.100875 1.487837 5.424325 -3.491167
-13.997414 -10.974393 -10.376314 -9.793490 -4.784476 -8.510063 -7.180173 -3.408120 -3.734053 0.257230 5.160158 -3.949035
-24.611835 -11.552673 -5.831892 -0.862943 -8.535570 -5.831416 -1.309436 -14.867205 -13.305512 -2.454614 7.557878 -0.207918
-22.564240 -9.208101 -7.911517 -1.881578 -4.572360 -10.013370 -1.680010 -12.424837 -12.976388 -2.485442 9.550010 -4.474339
-16.614883 -1.596163 -9.782109 -0.502157 -4.340790 -8.882300 -1.287896 -12.137596 -14.480557 -7.788937 7.794508 -4.989390
-13.160506 -6.939167 -5.290727 -2.387306 -5.307134 -7.263997 -4.131438 -8.531485 -5.267141 -1.821873 7.878524 -5.437285
-31.834839 -17.565411 -17.252625 -11.574939 -3.503316 -11.907190 -2.031981 -4.782449 -16.665720 1.040857 2.268213 5.938868
-12.937761 -4.876292 -4.405457 0.017785 -3.651987 -7.081942 -2.792335 -9.776655 -7.111437 -2.569926 6.432653 -4.831969
-17.234531 -3.317943 -12.035909 -4.045273 -1.120585 -14.160799 -3.647914 -9.365065 -11.241719 -3.519340 9.888719 -8.929813
-26.441610 -10.249399 -12.537618 -6.100338 -3.208588 -13.795244 -2.885349 -8.385770 -13.763893 -0.346353 11.257782 -2.814136
-20.746660 -3.051704 -12.551988 -3.058169 -2.489680 -14.433202 -2.879471 -10.830587 -14.261009 -5.337931 10.771571 -6.302681
-16.071730 -9.741997 -7.570653 -5.791772 -4.629912 -11.142673 -6.976686 -7.271241 -3.643141 1.023446 9.306833 -6.310799
-25.802126 -9.435966 -12.106496 -3.984199 -4.292824 -8.795964 -0.246015 -10.409753 -18.395609 -1.954095 7.323050 -2.584666
-21.314436 -11.576540 -3.493652 -0.489272 -10.559815 -1.689175 0.058407 -16.883644 -12.250544 -5.125402 4.849939 -1.954147
-21.590372 -6.113233 -6.750791 1.454654 -5.617185 -10.137068 -1.702571 -16.485191 -12.984209 -4.787637 9.197143 -5.026092
-23.388062 -10.277834 -4.050707 0.713055 -7.530003 -9.116567 -2.473350 -18.949844 -12.395340 -4.349377 9.512862 -4.264335
-15.722157 -14.869431 -2.700340 -5.497667 -11.209302 -6.539606 -10.606259 -11.312383 -1.450859 0.884194 7.048999 -5.164793
-17.360720 -6.580463 -8.920987 -3.795045 -1.293462 -11.342343 -2.314328 -9.924223 -10.936462 -3.028540 9.310543 -7.919041
-14.267818 -10.093358 -7.577295 -6.452919 -7.144585 -6.718075 -7.677501 -7.113417 -4.086725 0.102654 7.084061 -5.310274
-19.749273 -5.229966 -9.501654 -1.664464 -3.415976 -10.826679 -2.041004 -12.087658 -12.976817 -3.526351 9.781596 -6.171285
-19.401478 -14.241018 0.464852 0.405168 -13.852015 -6.589125 -8.091156 -19.841702 -5.277677 -2.882636 7.077814 -4.316350
-14.583257 -5.472699 -7.090975 -1.515283 -4.813854 -9.001915 -3.853357 -10.412536 -8.566697 -3.502266 8.240362 -6.213654
-15.526415 -14.708411 -9.650247 -10.326007 -8.540394 -8.425616 -11.531290 -4.886989 -1.657125 2.878804 6.755207 -4.165631
-12.132668 -2.269616 -5.051090 1.173885 -3.267689 -8.793155 -2.324765 -11.665227 -9.759179 -5.895026 6.368759 -6.016519
-22.963890 -6.854561 -8.024567 -0.712895 -2.635852 -10.474972 -0.579422 -14.429557 -15.192807 -4.945959 5.396627 -1.785486
-20.298563 -5.602695 -9.689355 -2.546563 -2.241578 -10.955943 -1.219774 -8.290377 -12.648744 -1.750836 8.603495 -3.729982
-21.365128 -4.336714 -9.031167 0.954046 -4.233380 -12.991212 -4.173407 -13.781559 -13.969695 -4.372198 9.780971 -5.179858
-13.096441 -5.464208 -6.506158 -2.992253 -2.526650 -7.142473 -2.156545 -6.375745 -7.578681 -2.205250 5.844255 -3.931259
-12.580774 -7.939753 -2.879588 -2.087246 -5.021111 -7.227649 -4.889989 -8.419739 -3.855333 -0.205413 5.546929 -3.592334
-14.370254 -4.773415 -6.529523 -1.189609 -3.407207 -8.399020 -2.088568 -9.995900 -9.485994 -3.705985 7.178101 -5.175385
-17.103174 -7.215417 -1.585769 1.853335 -5.502064 -8.390240 -3.403809 -15.034121 -7.802933 -3.784001 7.544994 -3.564845
-20.773054 -6.634106 -15.032824 -6.243554 -1.821782 -11.024176 -1.232895 -6.469287 -14.778316 -2.360044 7.809051 -3.011547
-18.362415 -8.070670 -4.590710 -0.521096 -4.196725 -8.231126 -1.012126 -11.404036 -9.950423 -2.761196 4.441865 -1.015674
-24.418800 -4.235776 -11.275112 -0.103879 -4.134480 -10.818618 0.664760 -13.895048 -18.809410 -5.476075 8.010832 -1.928866
-11.482177 -6.919059 -6.064514 -3.911077 -5.481321 -5.430174 -4.887309 -6.066236 -4.954258 -0.899039 5.855692 -4.898620
-14.316071 -3.531874 -8.396112 -1.280651 -3.867890 -7.981277 -2.779883 -10.365280 -10.758908 -5.188501 7.595529 -6.741915
-17.137316 -3.938292 -11.233121 -2.083294 -3.117353 -12.349263 -4.482062 -8.532285 -12.673160 -3.133828 7.601159 -5.158689
-16.431389 -6.694688 -9.307077 -2.908877 -4.672155 -9.295269 -4.039532 -8.902545 -9.841273 -1.505516 8.552698 -6.365060
-28.241894 -12.844433 -10.518109 -6.158063 -6.191581 -7.318988 0.699878 -12.013413 -14.892009 -1.615203 7.279805 -2.260020
-21.641281 -3.114810 -13.558649 -1.918929 -1.108170 -13.543570 -0.198341 -11.533124 -17.728516 -5.294879 9.331160 -6.328976
-20.085436 -6.957170 -11.482258 -2.845767 -3.170311 -10.128364 -1.187792 -7.402185 -12.741115 -2.143085 6.039882 -2.727778
-20.409666 -8.663892 -12.138178 -5.520525 -3.362573 -12.665114 -3.851924 -9.130326 -10.882820 -1.078827 11.175896 -8.618070
-11.773059 -8.330131 -4.810080 -4.451260 -5.034550 -7.874369 -6.485011 -6.660811 -2.922018 -0.015804 7.323359 -5.380877
-19.715326 -4.736188 -3.574522 5.286828 -9.290304 -13.711771 -5.528979 -21.143108 -11.789062 -5.550783 10.258133 -4.920302
-17.284367 -10.879717 -2.208345 -0.943168 -8.347733 -6.437345 -6.366718 -13.138347 -5.508511 -1.279701 6.611501 -2.520556
-17.026676 -5.854929 -9.439969 -3.835574 -3.263834 -11.987955 -4.356097 -8.887513 -8.663424 -1.786692 10.391435 -7.337370
-18.304451 -1.967318 -7.627933 1.945295 -0.620135 -9.850607 3.303540 -15.372854 -18.079496 -8.820509 4.757815 -4.775844
-21.491749 -8.456167 -8.453907 -2.826060 -3.266560 -10.760802 -1.610561 -10.489589 -11.350174 -1.250092 9.834255 -4.897113
-14.974205 -0.668363 -8.684065 1.914523 -5.485044 -8.541386 -1.944578 -14.306952 -14.082127 -9.216685 6.493998 -3.987539
-20.859034 -6.381351 -8.931053 -0.618250 -4.900390 -10.258817 -1.653951 -14.105535 -14.129510 -4.707931 10.195289 -6.892755
-11.550072 -9.476780 -4.275556 -3.116837 -9.411586 -6.204248 -8.048045 -9.658953 -3.337773 -1.191133 6.704889 -6.922301
-17.745880 -7.546281 -6.654443 -1.198921 -5.514410 -9.566209 -3.428063 -11.191171 -9.481480 -1.947881 9.427081 -5.498711
-25.469786 -3.262756 -9.091609 2.715990 -6.027738 -12.250510 -1.822872 -17.344740 -17.571972 -6.557686 10.001027 -1.448211
-19.790693 -4.520649 -8.736094 -0.353849 -2.825317 -10.836946 -0.479731 -14.445718 -15.009850 -5.911207 9.433052 -6.773718
-16.014210 -13.156909 -5.432472 -5.457520 -8.757391 -7.640974 -7.985110 -10.250820 -3.981888 0.256141 7.096510 -6.615106
-23.815912 -3.470674 -11.795697 0.355372 -2.662686 -14.388864 -0.253009 -15.461204 -19.202166 -6.548463 9.922672 -6.241408
-18.746332 -13.371068 -6.564130 -6.409511 -7.463793 -10.356008 -8.256095 -8.355705 -3.276752 1.900736 8.742411 -3.848813
-22.162197 -7.263846 -7.440805 -0.239279 -4.144547 -8.411816 1.200221 -11.974236 -15.668653 -4.265189 6.748433 -0.713551
-22.385628 -7.119495 -9.077080 -0.456172 -5.543835 -11.974707 -4.020563 -12.457170 -11.354767 -1.542753 10.508528 -4.233777
-25.928516 -2.371346 -16.629856 -2.027559 0.990044 -14.087589 3.453660 -13.551035 -24.669077 -8.416887 8.747447 -4.805237
-13.360318 -2.258193 -11.383558 -3.834504 -2.021208 -11.476237 -5.212377 -7.420492 -9.161880 -3.725044 8.212659 -8.702271
-33.287601 -13.653830 -9.630228 -1.651913 -6.091954 -10.314042 1.686194 -17.832954 -19.326374 -2.243314 10.178429 -3.625849
-20.461500 -9.989070 -11.531454 -6.667938 -6.265534 -9.791283 -6.284591 -6.022363 -8.480230 0.518130 9.400767 -2.470396
-29.961254 -14.942993 -10.876876 -2.221742 -10.920768 -3.764221 1.552367 -18.240217 -20.583525 -4.039543 6.291010 -1.726482
-19.850760 -8.443868 -11.375706 -4.335226 -5.106305 -9.794424 -3.759675 -8.566456 -10.724140 -1.656722 10.198761 -5.202426
-29.165577 -12.998260 -7.579044 0.464332 -9.154614 -5.534221 1.062821 -19.836384 -17.874435 -4.461799 8.732949 -3.138761
-30.519426 -9.087773 -13.644045 -3.090245 -4.214291 -13.296102 0.762409 -14.102643 -18.784252 -4.022442 9.819132 -0.728376
-32.301086 -15.107104 -8.718109 -0.882290 -9.909044 -7.099826 0.478907 -19.268003 -18.868296 -3.162600 9.134003 -2.911773
-26.886724 -9.699987 -10.183328 -1.988216 -6.266082 -11.851982 -2.765707 -13.280601 -13.631478 -1.910517 11.090158 -2.194239
-18.367702 -9.977343 -9.965021 -6.952031 -4.003691 -10.864868 -5.589333 -6.425901 -7.006040 0.931135 9.209161 -5.473367
