10.1698 0.168671 0.808472 -7.03764 -8.33368 -10.7746 -16.2069 -0.164981 -4.97695 -9.94865 0.870683 -7.07006
10.3026 0.373275 0.676612 -7.12062 -8.29782 -11.099 -16.4524 -0.211308 -5.21251 -10.2131 1.14577 -7.15486
10.3026 0.373275 0.676612 -7.12062 -8.29782 -11.099 -16.4524 -0.211308 -5.21251 -10.2131 1.14577 -7.15486
10.3026 0.373275 0.676612 -7.12062 -8.29782 -11.099 -16.4524 -0.211308 -5.21251 -10.2131 1.14577 -7.15486
10.3026 0.373275 0.676612 -7.12062 -8.29782 -11.099 -16.4524 -0.211308 -5.21251 -10.2131 1.14577 -7.15486
10.3026 0.373275 0.676612 -7.12062 -8.29782 -11.099 -16.4524 -0.211308 -5.21251 -10.2131 1.14577 -7.15486
10.3026 0.373275 0.676612 -7.12062 -8.29782 -11.099 -16.4524 -0.211308 -5.21251 -10.2131 1.14577 -7.15486
9.61751 -0.426864 1.33412 -6.42507 -8.62042 -9.61269 -15.3939 -0.852486 -4.42656 -9.75713 0.798205 -6.85929
10.3026 0.373275 0.676612 -7.12062 -8.29782 -11.099 -16.4524 -0.211308 -5.21251 -10.2131 1.14577 -7.15486
10.0729 0.129241 0.869512 -6.9553 -8.21105 -10.5858 -16.0088 -0.345251 -5.01341 -9.99302 0.957408 -7.02687
10.4161 0.334339 0.637635 -7.24685 -8.42881 -11.2851 -16.6692 -0.0220739 -5.18946 -10.1634 1.06838 -7.21718
10.3026 0.373275 0.676612 -7.12062 -8.29782 -11.099 -16.4524 -0.211308 -5.21251 -10.2131 1.14577 -7.15486
10.3026 0.373275 0.676612 -7.12062 -8.29782 -11.099 -16.4524 -0.211308 -5.21251 -10.2131 1.14577 -7.15486
10.3026 0.373275 0.676612 -7.12062 -8.29782 -11.099 -16.4524 -0.211308 -5.21251 -10.2131 1.14577 -7.15486
10.3026 0.373275 0.676612 -7.12062 -8.29782 -11.099 -16.4524 -0.211308 -5.21251 -10.2131 1.14577 -7.15486
10.3026 0.373275 0.676612 -7.12062 -8.29782 -11.099 -16.4524 -0.211308 -5.21251 -10.2131 1.14577 -7.15486
10.3026 0.373275 0.676612 -7.12062 -8.29782 -11.099 -16.4524 -0.211308 -5.21251 -10.2131 1.14577 -7.15486
10.3089 0.630133 0.536147 -7.15391 -8.18019 -11.5156 -16.6432 0.0283689 -5.53911 -10.2575 1.08201 -7.0608
8.97405 -0.999625 1.63187 -6.34659 -8.80443 -8.77562 -14.8537 -1.35376 -4.13717 -9.61395 1.05604 -6.79615
10.3026 0.373275 0.676612 -7.12062 -8.29782 -11.099 -16.4524 -0.211308 -5.21251 -10.2131 1.14577 -7.15486
10.3026 0.373275 0.676612 -7.12062 -8.29782 -11.099 -16.4524 -0.211308 -5.21251 -10.2131 1.14577 -7.15486
10.3026 0.373275 0.676612 -7.12062 -8.29782 -11.099 -16.4524 -0.211308 -5.21251 -10.2131 1.14577 -7.15486
10.3026 0.373275 0.676612 -7.12062 -8.29782 -11.099 -16.4524 -0.211308 -5.21251 -10.2131 1.14577 -7.15486
10.3026 0.373275 0.676612 -7.12062 -8.29782 -11.099 -16.4524 -0.211308 -5.21251 -10.2131 1.14577 -7.15486
10.3026 0.373275 0.676612 -7.12062 -8.29782 -11.099 -16.4524 -0.211308 -5.21251 -10.2131 1.14577 -7.15486
10.3026 0.373275 0.676612 -7.12062 -8.29782 -11.099 -16.4524 -0.211308 -5.21251 -10.2131 1.14577 -7.15486
10.3026 0.373275 0.676612 -7.12062 -8.29782 -11.099 -16.4524 -0.211308 -5.21251 -10.2131 1.14577 -7.15486
10.3496 0.406474 0.639015 -7.17409 -8.38963 -11.2576 -16.6172 -0.0327011 -5.24104 -10.1569 1.06538 -7.19574
10.3026 0.373275 0.676612 -7.12062 -8.29782 -11.099 -16.4524 -0.211308 -5.21251 -10.2131 1.14577 -7.15486
10.3026 0.373275 0.676612 -7.12062 -8.29782 -11.099 -16.4524 -0.211308 -5.21251 -10.2131 1.14577 -7.15486
10.3026 0.373275 0.676612 -7.12062 -8.29782 -11.099 -16.4524 -0.211308 -5.21251 -10.2131 1.14577 -7.15486
10.3026 0.373275 0.676612 -7.12062 -8.29782 -11.099 -16.4524 -0.211308 -5.21251 -10.2131 1.14577 -7.15486
10.3026 0.373275 0.676612 -7.12062 -8.29782 -11.099 -16.4524 -0.211308 -5.21251 -10.2131 1.14577 -7.15486
10.3026 0.373275 0.676612 -7.12062 -8.29782 -11.099 -16.4524 -0.211308 -5.21251 -10.2131 1.14577 -7.15486
10.0991 0.166343 0.810352 -6.97666 -8.2487 -10.6673 -16.0579 -0.195301 -4.93476 -9.88015 0.871254 -7.01822
10.3026 0.373275 0.676612 -7.12062 -8.29782 -11.099 -16.4524 -0.211308 -5.21251 -10.2131 1.14577 -7.15486
10.3026 0.373275 0.676612 -7.12062 -8.29782 -11.099 -16.4524 -0.211308 -5.21251 -10.2131 1.14577 -7.15486
9.78935 -0.310406 1.14563 -6.88971 -8.83571 -11.247 -16.7426 -0.69467 -4.47296 -10.4138 0.982674 -6.3844
9.79344 1.36025 0.109944 -6.69611 -8.10172 -12.2198 -16.9999 0.51467 -6.25342 -10.1871 0.950147 -6.94
10.3326 -0.0267734 0.64423 -7.45104 -7.7102 -11.3939 -16.285 -0.0135556 -5.33367 -10.2314 1.19322 -6.82401
10.1354 0.662531 0.555335 -7.04728 -8.16696 -11.6154 -16.5756 0.0718332 -5.78147 -10.1372 1.31252 -7.02025
10.3026 0.373275 0.676612 -7.12062 -8.29782 -11.099 -16.4524 -0.211308 -5.21251 -10.2131 1.14577 -7.15486
10.3026 0.373275 0.676612 -7.12062 -8.29782 -11.099 -16.4524 -0.211308 -5.21251 -10.2131 1.14577 -7.15486
10.3026 0.373275 0.676612 -7.12062 -8.29782 -11.099 -16.4524 -0.211308 -5.21251 -10.2131 1.14577 -7.15486
7.97815 -0.723719 1.80454 -4.94104 -8.15047 -7.65042 -13.2987 -1.1493 -4.00032 -8.59589 -0.0763118 -6.09166
10.3026 0.373275 0.676612 -7.12062 -8.29782 -11.099 -16.4524 -0.211308 -5.21251 -10.2131 1.14577 -7.15486
10.3026 0.373275 0.676612 -7.12062 -8.29782 -11.099 -16.4524 -0.211308 -5.21251 -10.2131 1.14577 -7.15486
10.3026 0.373275 0.676612 -7.12062 -8.29782 -11.099 -16.4524 -0.211308 -5.21251 -10.2131 1.14577 -7.15486
10.3026 0.373275 0.676612 -7.12062 -8.29782 -11.099 -16.4524 -0.211308 -5.21251 -10.2131 1.14577 -7.15486
10.3026 0.373275 0.676612 -7.12062 -8.29782 -11.099 -16.4524 -0.211308 -5.21251 -10.2131 1.14577 -7.15486
10.3026 0.373275 0.676612 -7.12062 -8.29782 -11.099 -16.4524 -0.211308 -5.21251 -10.2131 1.14577 -7.15486
10.3295 0.417411 0.642568 -7.16135 -8.3938 -11.2499 -16.6147 -0.0337086 -5.23421 -10.1565 1.04995 -7.18397
10.3026 0.373275 0.676612 -7.12062 -8.29782 -11.099 -16.4524 -0.211308 -5.21251 -10.2131 1.14577 -7.15486
10.3026 0.373275 0.676612 -7.12062 -8.29782 -11.099 -16.4524 -0.211308 -5.21251 -10.2131 1.14577 -7.15486
10.3026 0.373275 0.676612 -7.12062 -8.29782 -11.099 -16.4524 -0.211308 -5.21251 -10.2131 1.14577 -7.15486
10.3026 0.373275 0.676612 -7.12062 -8.29782 -11.099 -16.4524 -0.211308 -5.21251 -10.2131 1.14577 -7.15486
10.3026 0.373275 0.676612 -7.12062 -8.29782 -11.099 -16.4524 -0.211308 -5.21251 -10.2131 1.14577 -7.15486
10.3026 0.373275 0.676612 -7.12062 -8.29782 -11.099 -16.4524 -0.211308 -5.21251 -10.2131 1.14577 -7.15486
10.3026 0.373275 0.676612 -7.12062 -8.29782 -11.099 -16.4524 -0.211308 -5.21251 -10.2131 1.14577 -7.15486
10.3026 0.373275 0.676612 -7.12062 -8.29782 -11.099 -16.4524 -0.211308 -5.21251 -10.2131 1.14577 -7.15486
10.3026 0.373275 0.676612 -7.12062 -8.29782 -11.099 -16.4524 -0.211308 -5.21251 -10.2131 1.14577 -7.15486
10.3026 0.373275 0.676612 -7.12062 -8.29782 -11.099 -16.4524 -0.211308 -5.21251 -10.2131 1.14577 -7.15486
10.3026 0.373275 0.676612 -7.12062 -8.29782 -11.099 -16.4524 -0.211308 -5.21251 -10.2131 1.14577 -7.15486
10.3026 0.373275 0.676612 -7.12062 -8.29782 -11.099 -16.4524 -0.211308 -5.21251 -10.2131 1.14577 -7.15486
10.3026 0.373275 0.676612 -7.12062 -8.29782 -11.099 -16.4524 -0.211308 -5.21251 -10.2131 1.14577 -7.15486
10.3026 0.373275 0.676612 -7.12062 -8.29782 -11.099 -16.4524 -0.211308 -5.21251 -10.2131 1.14577 -7.15486
10.3026 0.373275 0.676612 -7.12062 -8.29782 -11.099 -16.4524 -0.211308 -5.21251 -10.2131 1.14577 -7.15486
10.3026 0.373275 0.676612 -7.12062 -8.29782 -11.099 -16.4524 -0.211308 -5.21251 -10.2131 1.14577 -7.15486
10.3026 0.373275 0.676612 -7.12062 -8.29782 -11.099 -16.4524 -0.211308 -5.21251 -10.2131 1.14577 -7.15486
10.3026 0.373275 0.676612 -7.12062 -8.29782 -11.099 -16.4524 -0.211308 -5.21251 -10.2131 1.14577 -7.15486
10.3026 0.373275 0.676612 -7.12062 -8.29782 -11.099 -16.4524 -0.211308 -5.21251 -10.2131 1.14577 -7.15486
10.3026 0.373275 0.676612 -7.12062 -8.29782 -11.099 -16.4524 -0.211308 -5.21251 -10.2131 1.14577 -7.15486
10.3026 0.373275 0.676612 -7.12062 -8.29782 -11.099 -16.4524 -0.211308 -5.21251 -10.2131 1.14577 -7.15486
10.3026 0.373275 0.676612 -7.12062 -8.29782 -11.099 -16.4524 -0.211308 -5.21251 -10.2131 1.14577 -7.15486
10.3026 0.373275 0.676612 -7.12062 -8.29782 -11.099 -16.4524 -0.211308 -5.21251 -10.2131 1.14577 -7.15486
10.3026 0.373275 0.676612 -7.12062 -8.29782 -11.099 -16.4524 -0.211308 -5.21251 -10.2131 1.14577 -7.15486
10.3026 0.373275 0.676612 -7.12062 -8.29782 -11.099 -16.4524 -0.211308 -5.21251 -10.2131 1.14577 -7.15486
10.3026 0.373275 0.676612 -7.12062 -8.29782 -11.099 -16.4524 -0.211308 -5.21251 -10.2131 1.14577 -7.15486
10.3026 0.373275 0.676612 -7.12062 -8.29782 -11.099 -16.4524 -0.211308 -5.21251 -10.2131 1.14577 -7.15486
10.3026 0.373275 0.676612 -7.12062 -8.29782 -11.099 -16.4524 -0.211308 -5.21251 -10.2131 1.14577 -7.15486
10.3026 0.373275 0.676612 -7.12062 -8.29782 -11.099 -16.4524 -0.211308 -5.21251 -10.2131 1.14577 -7.15486
9.23044 1.48083 0.1027 -6.41013 -7.72601 -11.3899 -16.0493 0.557333 -5.96714 -9.48481 0.669397 -6.77754
10.3026 0.373275 0.676612 -7.12062 -8.29782 -11.099 -16.4524 -0.211308 -5.21251 -10.2131 1.14577 -7.15486
10.3026 0.373275 0.676612 -7.12062 -8.29782 -11.099 -16.4524 -0.211308 -5.21251 -10.2131 1.14577 -7.15486
10.3026 0.373275 0.676612 -7.12062 -8.29782 -11.099 -16.4524 -0.211308 -5.21251 -10.2131 1.14577 -7.15486
10.3026 0.373275 0.676612 -7.12062 -8.29782 -11.099 -16.4524 -0.211308 -5.21251 -10.2131 1.14577 -7.15486
10.3026 0.373275 0.676612 -7.12062 -8.29782 -11.099 -16.4524 -0.211308 -5.21251 -10.2131 1.14577 -7.15486
10.3026 0.373275 0.676612 -7.12062 -8.29782 -11.099 -16.4524 -0.211308 -5.21251 -10.2131 1.14577 -7.15486
10.3026 0.373275 0.676612 -7.12062 -8.29782 -11.099 -16.4524 -0.211308 -5.21251 -10.2131 1.14577 -7.15486
10.3026 0.373275 0.676612 -7.12062 -8.29782 -11.099 -16.4524 -0.211308 -5.21251 -10.2131 1.14577 -7.15486
10.3026 0.373275 0.676612 -7.12062 -8.29782 -11.099 -16.4524 -0.211308 -5.21251 -10.2131 1.14577 -7.15486
10.3026 0.373275 0.676612 -7.12062 -8.29782 -11.099 -16.4524 -0.211308 -5.21251 -10.2131 1.14577 -7.15486
10.3026 0.373275 0.676612 -7.12062 -8.29782 -11.099 -16.4524 -0.211308 -5.21251 -10.2131 1.14577 -7.15486
10.3026 0.373275 0.676612 -7.12062 -8.29782 -11.099 -16.4524 -0.211308 -5.21251 -10.2131 1.14577 -7.15486
10.3026 0.373275 0.676612 -7.12062 -8.29782 -11.099 -16.4524 -0.211308 -5.21251 -10.2131 1.14577 -7.15486
10.3026 0.373275 0.676612 -7.12062 -8.29782 -11.099 -16.4524 -0.211308 -5.21251 -10.2131 1.14577 -7.15486
10.3026 0.373275 0.676612 -7.12062 -8.29782 -11.099 -16.4524 -0.211308 -5.21251 -10.2131 1.14577 -7.15486
9.85945 0.779571 0.155766 -7.07837 -7.53021 -11.6501 -16.0752 0.625686 -5.44564 -9.53821 0.881775 -6.62517
9.74214 0.623932 0.419961 -6.88679 -7.56387 -11.2193 -15.7722 0.365132 -5.7394 -9.55187 1.10958 -6.72716
10.3026 0.373275 0.676612 -7.12062 -8.29782 -11.099 -16.4524 -0.211308 -5.21251 -10.2131 1.14577 -7.15486
-11.6898 17.748 -16.1537 0.572512 0.689613 -22.7481 -12.2908 -3.04078 -27.9452 -11.5178 3.17124 -8.4875
-13.7825 17.1684 -14.9286 2.26147 2.15863 -24.4435 -11.1358 -4.40372 -31.5962 -12.6695 2.35062 -8.39539
-13.1054 16.2017 -14.2156 2.91682 0.175906 -20.4032 -10.0023 -4.75148 -27.4821 -11.2517 2.78178 -8.37522
-10.4379 16.7493 -14.1019 1.10085 1.53573 -22.3265 -11.6904 -3.25186 -28.5745 -12.2138 2.79529 -8.92548
-13.1185 15.3429 -14.026 2.51645 1.52658 -21.0046 -9.74093 -5.47751 -28.6065 -11.8471 3.86069 -9.22546
-9.78176 11.0527 -10.3174 2.07572 0.0621956 -15.267 -8.2438 -3.38528 -19.0178 -9.0588 1.95147 -5.47117
-10.7289 12.6292 -12.8956 1.10561 -0.925313 -16.2693 -8.73691 -2.22534 -19.2767 -7.01636 0.952876 -4.16315
-15.8712 14.217 -12.6681 5.71982 -2.09768 -17.4548 -7.68232 -5.91274 -24.1255 -8.88201 0.751369 -6.2579
-10.852 14.0997 -11.434 2.40111 -1.74221 -17.509 -9.75927 -3.27144 -22.1518 -9.76765 1.7709 -5.78376
-11.6888 16.0677 -14.889 0.911956 1.4033 -21.4772 -10.4227 -3.41533 -27.1247 -11.697 2.65399 -6.81209
-7.19338 12.4396 -13.5461 -1.50862 1.57291 -17.0586 -10.0993 -1.98577 -18.8211 -8.96707 2.31057 -6.28088
-14.737 15.313 -15.2672 3.05664 1.29097 -20.0039 -8.70537 -6.43027 -27.7752 -11.3646 3.38601 -9.11462
-8.85334 10.0715 -8.37098 2.47097 -1.70729 -13.6341 -8.37556 -4.34982 -18.4486 -9.62751 3.58591 -6.70373
-1.30798 10.7996 -6.25499 -0.296998 -1.96585 -17.5601 -13.7365 1.67779 -17.6029 -9.34044 0.941739 -6.83593
-13.2257 13.6571 -10.76 4.66432 2.56691 -21.0628 -9.0002 -4.85816 -29.0414 -11.9303 1.1448 -8.58863
-12.4044 12.8418 -10.6628 3.58478 -0.222608 -17.7364 -8.48829 -6.68353 -25.4654 -11.4844 3.84387 -8.68502
-9.53133 16.2467 -11.9545 1.82824 1.60328 -22.8343 -12.2994 -2.67267 -29.4265 -12.9052 1.46874 -8.81922
-10.9827 14.4276 -12.488 2.28599 -0.584126 -18.1979 -9.80082 -3.70239 -23.3165 -10.1609 2.44954 -7.07589
-13.1 14.9539 -12.8557 3.10459 -0.0111503 -19.6036 -9.14064 -5.57359 -26.7533 -11.0718 2.92722 -8.12973
-10.9532 16.4042 -14.6361 0.757641 2.26904 -23.3418 -11.7778 -2.91028 -29.6435 -11.7343 2.09275 -9.14995
-12.3423 14.0369 -13.7268 1.40238 2.81335 -20.1407 -8.73278 -3.31362 -26.3031 -9.73184 1.20024 -7.10633
-10.347 12.7534 -10.9863 2.12904 -0.508412 -16.252 -8.53771 -3.95727 -21.879 -9.80466 3.05148 -6.81452
-12.6852 10.6901 -10.3126 3.71032 -0.236894 -15.6971 -7.16914 -5.99338 -20.7764 -10.0226 3.35749 -6.61943
-14.1108 15.5606 -14.3081 2.66522 0.279088 -20.4116 -9.40892 -5.73829 -27.3461 -11.6953 3.40195 -8.25857
-14.4415 13.6994 -15.0735 1.24563 0.715095 -19.3504 -8.80677 -7.63642 -26.3136 -12.2221 6.14645 -8.95465
-15.7359 16.0307 -15.0495 3.63811 -1.47429 -20.5368 -9.61683 -6.1453 -26.9201 -10.4371 2.79962 -7.93253
-11.2428 14.1764 -12.545 2.25342 -0.429741 -18.122 -9.5478 -3.87669 -23.5807 -10.2616 3.37974 -7.25141
-13.5183 17.6363 -16.1092 1.76073 0.131602 -22.1406 -11.2047 -4.17057 -28.342 -11.6732 2.51712 -8.03028
-7.0383 13.2971 -12.265 -0.550939 0.773718 -18.7467 -11.44 -2.63063 -22.2522 -11.4015 4.30117 -8.22439
-8.67744 12.3075 -9.76151 2.18313 -0.676556 -15.8253 -9.35194 -3.47789 -20.8596 -10.1466 3.47336 -7.28643
-11.9284 16.3834 -13.9731 2.15149 1.2634 -22.3424 -10.9636 -3.48305 -28.8252 -11.6411 2.13722 -8.41083
-7.93109 15.425 -11.6547 1.02058 0.333435 -20.4633 -12.0039 -0.817848 -24.5847 -10.2976 1.41695 -7.69237
-10.6668 13.1655 -11.841 1.38125 0.363182 -18.5404 -9.38544 -6.07404 -24.4123 -12.2844 3.5739 -7.89387
-10.2 12.9163 -9.48141 3.55859 1.4256 -19.7344 -9.71005 -3.81859 -25.4535 -11.7761 1.81612 -8.14563
-8.4588 15.1133 -13.1252 -0.204236 2.40972 -21.916 -11.7444 -3.7806 -27.7025 -13.2002 3.70308 -9.72558
-8.83805 13.2462 -11.5779 0.342689 1.41688 -20.4294 -10.7045 -4.57352 -24.9395 -12.9203 3.72742 -8.78627
-9.65862 11.2458 -9.34205 2.61831 0.904394 -17.2856 -8.34535 -5.04377 -23.138 -10.8077 2.65249 -8.16625
-9.2693 14.6537 -11.9077 1.77555 1.4726 -20.5219 -10.8284 -4.21374 -26.7237 -12.4793 3.33597 -9.88606
-12.219 14.7329 -13.252 1.63921 0.613841 -20.1815 -9.73718 -4.53659 -26.1475 -10.9192 2.98464 -7.6684
-14.2053 15.9136 -15.6231 2.01922 2.5611 -22.3785 -9.84907 -4.30779 -29.3124 -10.4684 2.08517 -9.21566
-14.8724 17.9395 -15.3582 3.56322 0.125223 -23.0932 -11.2118 -4.46838 -30.2752 -11.5329 1.9587 -7.80954
-9.86613 16.3519 -13.8538 1.12487 -0.911377 -20.9494 -12.5568 -1.02616 -24.3563 -10.354 1.45782 -6.64281
-10.0548 15.0431 -12.0728 1.75999 0.415945 -21.001 -10.9266 -2.3106 -25.5443 -10.6459 0.736993 -6.60698
-9.09055 11.6328 -9.81795 3.50626 1.30797 -18.6488 -9.86151 -2.24393 -23.9736 -10.1492 0.370892 -6.29131
-13.3955 17.2032 -13.9488 3.04671 -0.980002 -22.4455 -11.5356 -3.20179 -27.7833 -11.0733 1.15223 -6.6673
-9.70044 13.8181 -9.61141 2.64749 -0.264267 -22.1641 -12.6661 -2.57653 -26.1866 -12.5109 -0.0102702 -6.04197
-9.17264 16.5588 -12.2322 2.13647 0.375275 -21.9394 -12.5206 -1.12188 -27.2209 -10.8611 0.950504 -7.99864
-11.9331 17.7967 -14.8933 1.61056 0.497961 -24.3797 -12.7336 -1.83069 -28.9682 -11.7172 1.4098 -7.34835
-10.0864 14.8341 -11.4594 2.9698 -1.10346 -21.5916 -12.3573 -1.64803 -26.1821 -10.8334 -0.788056 -5.59625
-14.7509 15.9568 -13.4711 4.54923 -0.934503 -20.3333 -9.40991 -4.26802 -26.7903 -9.98664 0.57836 -7.31796
-12.7135 17.0847 -14.9138 2.58415 -0.0927782 -21.2875 -10.9636 -3.51352 -27.3981 -10.7312 2.14705 -8.0743
-16.0374 16.8718 -15.3511 4.03257 -0.979256 -21.4299 -9.96225 -5.76648 -28.3743 -11.0781 2.04174 -7.94692
-14.1677 16.3864 -13.2037 3.65527 0.632727 -22.3501 -10.6048 -4.01889 -28.9685 -11.5363 -0.240911 -6.1724
-11.7116 16.6801 -12.3684 3.3925 0.963615 -22.1505 -11.4389 -2.25114 -28.8397 -10.9428 0.578887 -8.27362
-12.7448 17.2498 -15.5736 1.87144 -0.0747692 -23.115 -12.0497 -1.72024 -28.1334 -9.6974 1.73104 -7.38576
-8.74793 14.6943 -10.0665 2.43946 -0.935989 -22.1307 -13.3109 -1.28723 -27.9981 -12.0279 0.585721 -6.57221
-8.33292 14.7143 -10.5746 1.32458 0.826203 -20.7223 -11.6105 -2.71831 -25.9067 -12.413 2.58164 -8.27266
-18.3564 20.7332 -18.9693 3.84498 -1.86507 -26.0383 -12.8167 -4.41019 -32.2487 -11.8858 0.665094 -6.72216
-3.89182 10.7148 -7.38718 0.505073 -2.28427 -13.9537 -10.5732 -1.04369 -16.024 -8.83304 1.22654 -5.56714
-14.3683 15.1036 -13.3134 4.21149 -1.47533 -19.4933 -9.65282 -3.83188 -24.0392 -9.33214 0.916678 -5.80677
-12.2192 15.0135 -11.2731 3.48396 0.716687 -21.3398 -10.5845 -4.16895 -28.1621 -11.7872 1.24155 -7.51171
-13.5372 17.6465 -16.8619 1.58797 0.529462 -22.5112 -11.5029 -3.35943 -28.2895 -11.1846 2.23505 -7.82314
-13.8895 19.0795 -16.7321 2.02572 -0.166779 -24.3178 -12.7166 -2.95188 -30.1613 -11.4621 1.46633 -7.79494
-15.3006 17.8938 -16.8135 2.13397 0.580107 -23.7257 -11.4003 -5.21898 -30.8113 -12.5565 1.88535 -7.79892
-19.5473 18.1866 -17.1886 5.8762 -1.75403 -23.8149 -10.4483 -5.35849 -30.3193 -10.0338 0.164531 -6.7348
-20.5675 17.3486 -16.311 5.96508 -1.35316 -23.4959 -9.45973 -5.80961 -30.8206 -10.523 -0.683322 -5.31945
-15.4252 16.4456 -15.9743 2.16496 0.301752 -23.3481 -10.8959 -5.0301 -29.23 -11.5637 2.57351 -6.91361
-12.0672 16.3063 -13.9201 2.73419 -1.50198 -21.2359 -11.7666 -2.15739 -24.5547 -9.52811 0.898281 -6.75112
-13.1298 15.9691 -13.2141 2.28795 1.0609 -23.5028 -11.2833 -3.60223 -28.9874 -12.1607 0.871056 -6.85039
-6.89225 11.0701 -7.69773 1.7236 -1.55556 -20.3296 -12.9154 -0.593923 -23.2471 -11.0165 0.550359 -4.30495
-5.37856 -18.7049 8.83464 -3.90358 -17.6172 1.20005 -9.21109 -12.9219 2.25499 -6.60075 -3.14871 -5.20196
-4.82092 -16.8379 8.05904 -3.51006 -15.5452 -0.658835 -9.26203 -10.161 0.368218 -5.63103 -4.02389 -5.39007
-11.4169 -22.4988 9.80639 -3.3269 -18.9825 -1.52589 -8.9826 -13.2773 -5.39723 -6.28781 0.0961231 -7.74099
-12.3614 -28.4799 8.78785 -5.11717 -17.1757 -1.05151 -6.86552 -18.6564 -0.393518 -7.44465 -1.70156 -6.66371
-12.8382 -17.0464 8.90305 2.88012 -17.2691 -2.36815 -8.06708 -12.7954 -6.82835 -6.31068 -2.20022 -6.82271
-5.21328 -18.7927 7.44279 -4.80556 -15.5059 -2.41262 -8.79623 -10.8796 -0.262203 -5.39626 -0.806228 -5.74778
-11.4594 -21.401 10.4996 -1.00516 -18.2285 -0.514025 -8.3792 -13.9567 -5.29669 -7.72309 -1.97168 -6.08177
-7.16278 -14.6341 5.58595 0.300984 -15.0967 -0.396428 -6.96086 -10.4508 1.3349 -3.13212 -3.9554 -4.73719
-0.716491 -8.59896 7.00906 -0.842483 -13.842 0.403341 -9.75431 -8.09432 -4.38489 -8.10901 0.337997 -7.4115
-12.4307 -21.113 10.5286 -0.391535 -19.7 0.785452 -8.668 -15.4475 -7.87486 -8.65199 -0.954834 -8.71723
-5.90728 -15.5432 9.85953 -0.328257 -16.7848 -0.57835 -9.83718 -10.8699 -1.77887 -6.89487 -2.55023 -5.41591
-7.10379 -20.144 10.0232 -3.45095 -18.2302 -0.412315 -9.98531 -12.9971 0.253719 -6.80722 -3.35335 -5.20439
-5.23754 -12.57 8.40514 1.13785 -14.1383 -0.47815 -8.20321 -9.07272 -2.79249 -6.88319 -2.51407 -4.71107
-8.58577 -20.1104 6.95318 -3.66827 -16.6056 -1.03583 -7.57012 -12.8815 -0.167111 -5.06215 -1.56677 -6.6008
-4.82245 -12.0255 8.12699 1.21001 -14.8534 -0.136548 -9.08552 -9.06388 -2.36539 -6.41876 -2.6702 -5.68657
-8.08603 -21.9541 6.57553 -4.42005 -17.34 2.32909 -7.02627 -14.5797 0.119414 -6.1731 -0.482458 -8.20923
-6.61435 -11.8873 8.02654 1.72709 -13.3298 -2.31343 -8.18554 -8.15447 -3.55397 -5.09531 -2.44348 -4.43908
-9.27628 -15.4373 10.4266 2.36876 -18.757 0.305338 -9.25921 -13.5578 -7.71883 -9.2584 0.145283 -8.8748
-3.60688 -11.3642 8.10132 1.33122 -17.3882 -4.60504 -12.4559 -9.77657 -2.12234 -8.31342 0.112639 -6.03477
-7.12958 -17.8322 11.032 1.28922 -20.1706 -1.41586 -11.3977 -12.5754 -0.912639 -8.18028 -1.99961 -7.07051
2.555 -6.1689 5.68799 -3.08817 -14.3178 -3.00066 -12.8905 -6.28382 -4.08371 -9.41734 1.47182 -7.67457
-8.34921 -15.2443 8.39241 1.50949 -17.2524 -0.44399 -8.00436 -12.6657 -3.88277 -7.94947 -0.474013 -6.93953
-9.42897 -23.1737 10.7093 -3.84012 -18.4513 -0.351526 -9.08225 -12.96 -1.9765 -6.39564 -3.24774 -5.91232
-0.0135346 -14.6667 8.85946 -4.00093 -14.3638 0.0150545 -10.164 -9.03808 1.76895 -7.16166 -2.9291 -5.06535
-8.32218 -21.8444 5.80834 -4.92564 -18.7533 3.11192 -7.7246 -14.7824 1.10478 -5.66621 -1.0637 -8.32387
-11.8073 -22.0844 10.2627 -1.73935 -20.0004 0.573846 -8.77894 -15.3202 -5.68098 -7.58418 -1.01857 -8.06632
-13.5025 -24.6805 7.44319 -2.84977 -20.4837 1.08455 -7.32079 -17.8393 -1.46901 -5.73526 0.315067 -7.90431
-14.4408 -23.3796 8.86829 -0.846366 -17.8084 -2.3921 -6.91532 -13.9934 -3.68208 -4.27875 -1.83738 -6.64824
-6.01827 -20.3613 7.47264 -4.6627 -16.815 -0.47626 -8.93011 -14.4517 -0.551626 -7.63298 -0.0627065 -7.70171
-12.9759 -25.8987 5.61617 -3.46939 -13.9736 -0.960241 -5.25102 -16.5606 0.740487 -5.33995 -3.49165 -4.52196
-16.1288 -22.7784 7.57285 -0.714042 -13.644 -4.66485 -4.36326 -13.1302 -7.8425 -4.12709 -0.384787 -5.64526
-6.1711 -13.7898 9.74333 1.3097 -15.6594 -1.37115 -9.5377 -9.53281 -4.67115 -7.19289 -2.17768 -6.30319
-14.5108 -20.8213 8.34183 1.05736 -19.2105 1.58299 -6.4626 -16.1273 -4.71408 -6.59662 -2.35157 -6.60161
-7.15409 -14.9041 8.92763 1.90785 -16.7798 -0.811204 -9.33637 -10.229 -0.155774 -5.37374 -4.26936 -5.42158
-10.9383 -22.3379 8.72765 -2.75847 -17.9775 1.82887 -6.94458 -14.3925 -4.42481 -7.42512 0.0854625 -7.61576
-3.72266 -16.314 7.48628 -2.43835 -15.2726 -0.364212 -8.86004 -10.3322 3.23674 -5.23425 -3.90108 -4.19308
-5.62812 -12.3131 8.49747 1.95416 -15.4848 -0.863009 -9.46826 -10.0384 -1.54902 -6.80778 -3.73003 -5.0993
-10.722 -16.2001 7.67858 1.96297 -15.6307 0.943568 -5.82743 -12.9267 -5.40635 -6.50348 -0.806819 -7.07834
-7.43119 -15.3626 8.72182 -0.166876 -16.5053 0.171053 -8.42272 -11.8298 -5.89754 -7.72374 -0.0560834 -7.01044
-15.8763 -21.3691 8.3887 2.18593 -19.7117 0.154085 -6.63363 -16.73 -4.10685 -6.56498 -2.78567 -6.10313
-3.42202 -12.9926 7.36994 -1.9085 -13.5758 -1.52007 -9.29944 -9.01815 -2.43124 -5.98791 -1.66732 -5.97278
-3.75159 -16.0708 6.25436 -3.86352 -13.551 -1.40665 -8.68643 -10.6013 0.373766 -5.70205 -2.25921 -5.90052
-6.31836 -16.2037 9.97405 -2.63795 -15.775 -2.00677 -9.94041 -9.61525 -7.46194 -7.10564 0.070005 -7.2761
-6.90029 -13.2245 7.0551 -0.314686 -13.1381 -2.84331 -7.57586 -9.94063 -3.62935 -5.47995 -2.37418 -4.7031
-6.47749 -16.2139 5.15229 -1.85517 -12.5053 -2.1763 -7.0692 -12.5336 0.148634 -5.23954 -2.62775 -5.48881
-1.45903 -13.6247 6.90339 -3.44653 -12.9833 -1.46884 -9.30802 -9.39526 -1.22021 -6.7435 -1.45953 -6.94952
-9.40788 -17.6034 9.26221 -0.764165 -17.3837 -0.0700196 -8.68428 -13.0938 -6.91182 -7.68054 -0.483405 -8.0396
-6.97449 -15.5697 7.41735 -1.99524 -14.8726 -0.848058 -8.19357 -11.2306 -5.31798 -6.61853 -0.0714943 -7.70503
-5.43207 -18.4741 7.61874 -3.18864 -12.8697 -2.72284 -8.19172 -13.0893 -0.930134 -7.29482 -2.25142 -5.44399
-8.67246 -17.3481 8.63568 -1.4797 -16.3045 0.783841 -7.85696 -12.2136 -7.2062 -7.87314 -0.0436436 -8.01661
-10.3542 -18.8776 4.71639 -1.18453 -9.02379 -6.01533 -5.12597 -12.7637 -3.35865 -6.69827 -2.18995 -2.70484
-10.3827 -19.6463 4.00037 -0.846477 -13.2321 -0.854426 -4.75184 -14.3127 1.47801 -3.27062 -3.39456 -5.51998
-9.7491 -20.7575 8.68173 -1.89505 -17.2233 0.302902 -8.30108 -14.8874 -3.43034 -7.48438 -1.6341 -8.2695
-6.3148 -16.5238 8.42907 -3.03865 -10.665 -5.11866 -7.81782 -9.40601 -5.67918 -6.55015 -2.04324 -4.95417
-9.05193 -17.803 4.88457 -1.28829 -11.3157 -3.72926 -5.83485 -12.3633 -0.690517 -4.40018 -3.75993 -3.88214
-7.56923 -17.6472 6.61683 -1.69196 -11.6418 -4.73527 -7.37292 -12.8347 -2.11723 -6.43521 -2.40361 -5.48982
-10.1229 -22.4242 11.3905 -3.60373 -19.6807 -0.258235 -10.084 -14.9142 -10.2288 -10.0054 2.35121 -10.6247
-4.48496 -17.3189 7.63084 -4.24302 -15.1625 -1.33715 -9.77909 -11.1709 -1.77954 -7.00959 -1.08291 -6.91017
-3.54509 -13.9419 7.70794 -2.05445 -14.0237 0.418276 -8.54509 -10.0246 -3.39899 -7.03041 -0.221624 -7.30343
-8.00556 -15.6953 8.04345 0.0204019 -16.7727 4.14599 -7.04186 -13.4962 -6.28028 -8.75975 0.654749 -8.69441
-6.0247 -18.2954 9.73292 -3.36401 -16.9173 -0.0377958 -9.71627 -11.7039 -5.27391 -7.94523 0.37598 -8.31114
-5.40043 -20.2143 8.41751 -4.03971 -14.0923 -1.93667 -8.72923 -13.2611 -0.757633 -7.38776 -1.84148 -6.89347
-5.68087 -16.3092 5.68059 -1.98102 -11.3349 -2.83816 -7.01276 -11.9168 0.281127 -5.78293 -2.92346 -4.61231
-5.39825 -17.3692 8.1672 -3.12762 -14.49 -0.555567 -8.34714 -11.845 -3.45088 -7.51229 -0.385246 -7.5737
-10.4144 -16.9394 8.12553 0.735011 -18.4989 4.25044 -7.11319 -15.8614 -9.12014 -9.43869 2.35397 -10.6799
-7.74112 -16.8449 9.49732 -2.40152 -16.2004 -2.22941 -9.49322 -11.4001 -9.07614 -8.08285 1.3609 -8.07869
-4.783 -16.0663 9.03538 -2.64881 -16.5766 -0.267728 -9.79242 -11.2989 -3.19285 -7.53724 -0.427109 -6.74625
-7.58804 -17.8412 6.78878 -2.31385 -13.0154 -1.2665 -7.09685 -13.5863 -1.76782 -7.05914 -2.53095 -5.56695
-8.21014 -13.8292 8.3308 1.10854 -16.5642 2.32797 -7.94206 -13.3867 -9.61271 -9.81615 2.40043 -9.40449
-10.8018 -15.3418 7.13725 0.583114 -14.0127 -0.158015 -5.80457 -12.8557 -12.3325 -9.19642 2.8201 -8.83143
-27.5265 -3.65485 -6.00219 11.9213 -8.27821 -12.0213 -0.712916 -17.4721 -21.1283 -6.50679 -0.289439 -8.37419
-34.3605 -7.49652 0.534571 16.92 -16.7504 -14.4554 -5.56212 -23.6826 -29.6939 -13.7238 5.24175 -10.3221
-19.552 0.79959 -2.20302 11.3515 -5.26968 -10.1141 -2.38617 -13.2315 -21.7967 -8.94265 1.3771 -7.84109
-10.6494 -3.1722 -3.77761 3.9237 -4.86065 -4.95378 -2.38916 -8.83039 -6.82734 -3.9906 -0.184061 -5.5965
-19.7591 2.1451 -3.28338 11.5816 -5.02753 -11.7532 -2.70172 -11.863 -21.4144 -7.59837 0.656466 -7.92152
-16.8433 0.919834 -1.96709 10.3925 -6.74596 -10.7437 -4.29235 -11.6225 -16.9356 -6.96508 0.889269 -8.00509
-13.6048 4.88048 -1.13453 9.74991 -5.81132 -10.4901 -5.88363 -8.53724 -21.2369 -9.65342 2.21689 -6.79011
-21.7024 -1.00299 0.630023 13.8705 -7.6196 -11.4445 -3.37379 -13.0045 -23.3744 -8.85561 1.19019 -7.98664
-31.5706 -2.34487 -5.59996 15.4323 -7.78588 -13.2809 -0.41134 -20.1089 -30.5506 -10.4345 1.93086 -10.3855
-17.6071 -1.14901 3.11962 12.9406 -10.4789 -11.4646 -7.00909 -10.6556 -19.2764 -8.5411 0.990608 -8.12502
-19.0763 1.48014 -3.96116 10.9294 -5.97407 -10.0437 -3.09994 -11.6664 -18.252 -6.77245 2.14725 -8.73183
-18.8678 -4.56054 1.27865 12.8188 -7.9386 -10.1486 -4.95016 -11.9109 -19.113 -11.6067 1.17762 -5.58155
-21.7288 3.05759 -1.23816 15.1764 -7.07125 -13.5948 -4.66688 -11.8508 -23.736 -8.75547 0.751717 -8.98645
-16.8358 1.43027 -1.30312 10.5732 -5.38364 -10.6255 -3.48851 -11.2504 -20.8298 -8.5411 2.6922 -8.41511
-20.1153 1.2597 -0.266231 14.475 -8.95418 -11.8892 -5.69163 -12.361 -20.3637 -9.12964 0.895315 -7.8211
-16.1836 -0.874349 0.852354 12.5542 -9.71381 -13.6471 -9.67405 -10.5252 -16.3058 -10.3543 1.52641 -5.57921
-28.1638 -2.9591 -5.23494 13.6605 -9.67115 -15.1704 -2.72167 -16.6723 -21.1637 -5.26248 -1.70179 -7.89518
-25.1513 1.84882 -4.38896 15.2699 -6.54343 -12.5838 -2.04427 -14.3895 -25.1846 -8.27997 0.972508 -9.97865
-24.0542 -4.08587 -7.14697 9.91695 -6.19677 -11.5045 -0.0282589 -17.2962 -14.5524 -4.49423 -1.1166 -9.16346
-20.8193 0.815026 -0.836356 14.2211 -7.95534 -14.4194 -5.23009 -11.2599 -20.112 -7.25158 -0.230521 -8.64457
-18.3117 -3.71675 4.30614 13.8573 -17.2934 -16.8757 -14.5261 -12.5606 -14.0911 -9.67098 -0.199172 -6.78536
-18.2971 2.7763 -0.604272 13.2402 -8.69408 -12.5209 -6.70417 -9.12598 -20.6225 -7.26583 0.345911 -6.46726
-25.9852 -3.66658 -4.29513 13.491 -9.70717 -13.3721 -2.73215 -15.9404 -18.0775 -3.9565 -2.16826 -8.27368
-22.0448 0.148522 -0.0270393 14.3903 -8.86497 -13.7263 -5.30417 -13.5266 -21.5301 -8.53478 -0.479286 -8.20938
-18.779 -0.789713 1.15483 13.9715 -10.9628 -11.5783 -7.32601 -11.6826 -17.4205 -7.95286 0.500551 -8.30382
-24.2727 -4.30737 1.87549 15.3487 -10.2171 -13.0526 -4.68599 -14.3154 -20.316 -7.4996 -1.72827 -9.03579
-23.1967 3.30798 -3.03924 15.1958 -9.73037 -16.4142 -7.0874 -11.6913 -20.8706 -5.52347 -1.51361 -8.60177
-31.4854 -0.69411 -7.43954 15.4282 -5.76798 -15.6311 -0.279317 -19.1259 -30.5729 -9.51314 1.50672 -10.6209
-18.6537 4.34712 -2.05915 13.367 -4.87632 -10.8486 -3.11127 -10.1879 -21.935 -7.96064 -0.249394 -8.88234
-27.6722 -2.59892 -5.37526 12.9547 -6.1779 -12.9595 -0.116941 -16.5526 -25.3345 -7.3611 0.254766 -8.95646
-20.4383 2.24701 -4.74529 11.3102 -5.04254 -12.3856 -2.56772 -13.2906 -20.8893 -7.41379 0.803748 -8.92648
-17.8616 4.20056 -3.02452 11.7783 -6.16663 -11.3566 -4.30149 -11.2041 -20.3805 -8.3496 1.31998 -8.41908
-19.4043 -0.215268 -0.565883 13.1654 -6.20764 -8.97861 -2.28957 -11.7014 -20.0479 -7.60183 -0.278817 -7.87325
-23.2095 -0.560707 -4.11598 12.8523 -5.40515 -11.5738 -0.865986 -14.6001 -21.1245 -6.93666 -0.0982056 -9.28392
-20.3818 -3.47873 -2.96731 10.3451 -4.3753 -7.46669 0.562514 -14.1722 -20.9339 -8.34009 3.30657 -10.6063
-28.1715 -0.458357 -4.4912 16.4778 -8.04392 -11.9157 -1.30656 -16.1695 -23.2748 -6.58642 -1.50517 -9.93429
-15.759 -7.69881 -2.24233 6.41812 -4.41905 -6.4869 -0.243253 -13.8517 -9.92296 -5.90254 1.10948 -9.04289
-18.3679 0.514025 -1.94535 11.8809 -4.19995 -8.65516 -1.40736 -12.6983 -21.0091 -9.43335 2.66124 -9.92521
-15.0868 1.20939 -1.45337 9.80018 -4.1738 -9.06875 -2.78005 -11.4329 -20.8153 -9.96995 4.05469 -9.53476
-24.5672 -1.73556 -3.8881 13.0933 -5.4804 -10.2635 -0.8341 -16.7284 -25.142 -9.61912 2.76661 -10.9018
-17.3212 -1.76857 -7.75618 6.23848 -2.56611 -9.53697 -1.28948 -11.6356 -12.1766 -4.91433 0.986033 -7.54508
-21.8813 -0.0655381 -0.953907 14.3459 -6.96214 -9.97345 -2.78218 -14.1105 -22.9713 -9.41525 1.64523 -9.63754
-22.2562 1.39834 0.0415638 16.1166 -10.457 -14.303 -7.19179 -12.6037 -22.2936 -8.8612 0.360225 -8.51992
-20.8226 -0.810416 -1.09406 13.2196 -8.06293 -10.0181 -3.50503 -14.5165 -20.1794 -8.67177 1.47542 -9.55444
-19.0273 1.49087 -1.79502 12.3271 -7.4809 -9.15949 -3.80006 -13.8727 -21.8913 -9.94181 4.37465 -10.7467
-23.3616 -0.813499 -2.06484 13.1443 -7.77086 -10.0567 -2.79859 -15.1683 -23.637 -8.50843 0.881106 -8.9554
-24.2871 -0.865353 -5.45467 12.0425 -7.21607 -12.1924 -2.12909 -16.0027 -22.5906 -7.4199 1.25055 -9.58132
-20.3775 1.7939 -1.61767 13.4615 -8.95097 -9.04693 -4.29907 -14.3991 -23.3676 -10.2789 4.20721 -10.6395
-21.0676 3.73469 -1.57906 14.7294 -7.96571 -14.3703 -5.97424 -11.934 -23.9253 -9.00448 0.51161 -7.82051
-20.6024 -1.65238 -3.88791 10.4251 -5.87758 -10.4047 -1.82144 -15.225 -19.9888 -8.07186 2.31422 -9.84766
-20.635 -0.465717 -1.30896 13.1764 -7.62362 -9.88606 -3.41049 -14.4228 -20.8966 -8.99525 2.57122 -10.4309
-25.5532 -1.7826 -5.0106 13.6525 -7.30361 -11.458 -1.30575 -15.9512 -21.3158 -6.27488 -0.11728 -9.74097
-19.6734 1.04827 -1.51335 12.834 -6.13812 -10.8818 -3.24504 -12.5474 -20.2804 -8.0993 0.700661 -8.88965
-18.0096 0.412131 -2.23953 9.94659 -6.42011 -10.4268 -3.5744 -11.5056 -19.498 -7.20095 0.125896 -6.28053
-20.9153 3.33684 -4.60789 11.7241 -4.59045 -12.8854 -2.54849 -10.542 -22.32 -6.07398 -0.0316396 -7.31096
-18.8104 -2.05744 3.48442 13.1695 -14.1782 -14.6005 -10.8247 -10.8258 -17.4217 -8.15488 -1.56719 -3.86645
-19.425 1.69938 0.164228 13.9466 -7.37384 -11.8354 -4.79393 -10.8086 -21.2023 -7.95561 -0.00850476 -7.98671
-21.9189 3.1524 -0.890916 14.1951 -7.82258 -12.5404 -5.07111 -12.3395 -26.3618 -9.55279 0.583764 -7.67465
-22.9971 -2.61177 -2.14636 12.6575 -5.18917 -10.6124 -0.735943 -14.6144 -22.7381 -8.06226 0.996799 -9.98843
-21.5984 -0.715647 -3.96732 12.0726 -4.85329 -9.84918 -0.92326 -14.9774 -22.65 -9.07804 2.84283 -10.9652
-23.1175 -4.81012 -1.413 12.7949 -6.22479 -7.92055 -0.212853 -16.6789 -21.6945 -9.01566 2.25135 -11.1494
-23.1135 -1.15449 -5.49631 11.582 -5.69302 -10.356 -0.697421 -16.0706 -22.4043 -8.21975 2.96428 -11.4882
-25.0326 2.25017 -3.40463 14.6478 -7.08801 -12.0829 -2.92768 -14.7269 -27.3103 -9.10595 -0.0806158 -8.96372
-21.7248 -0.112126 0.238765 13.9614 -8.07973 -11.5801 -4.35659 -13.4152 -23.3781 -9.15966 0.990146 -8.30775
-22.3481 -1.22841 -4.71816 11.6343 -3.24392 -9.28276 0.48995 -16.1024 -24.8401 -10.262 4.8446 -12.3726
-22.502 0.871172 -3.78254 12.6777 -5.40854 -12.3467 -2.08958 -13.3707 -23.5865 -7.38405 0.166979 -8.63258
-24.5183 0.18388 -3.77451 13.9528 -5.61304 -12.851 -1.64723 -14.0814 -22.8717 -6.32009 -1.29609 -8.71769
-23.6958 -1.25479 -2.29856 13.7927 -6.87443 -10.0533 -1.79114 -15.6651 -23.6817 -9.008 2.25184 -10.4502
-17.5092 1.10635 0.776958 13.2938 -10.8087 -10.1441 -7.23779 -12.3801 -19.8284 -9.9115 3.09108 -9.62976
-25.8143 -1.59795 -3.1776 14.5617 -5.86127 -11.7056 -1.18394 -16.0694 -25.1002 -8.48484 0.545053 -9.98763
-30.6997 3.59882 -29.4117 -2.02839 22.0871 -39.7454 -4.25242 -7.71476 -52.2629 -14.7055 6.18011 -13.8423
-29.473 -5.5657 -20.6072 -0.524488 21.9667 -30.3976 2.94357 -12.001 -41.1438 -12.8085 1.44456 -12.095
-23.3991 -1.47316 -21.3744 -0.60533 17.6052 -30.3662 -2.5749 -5.02362 -38.1302 -11.1381 3.14898 -10.0776
-29.5314 -3.8476 -17.6276 1.17405 22.361 -31.5499 2.35555 -12.2483 -43.4263 -17.9047 1.10848 -11.3591
-21.5518 2.22312 -14.642 3.05793 16.1506 -24.7786 -0.430781 -9.61114 -34.388 -14.378 -0.29039 -10.2845
-23.0714 -2.00012 -12.2622 4.03451 15.5414 -25.7155 -0.271188 -11.289 -33.6741 -14.868 0.988634 -9.76431
-29.4047 1.79992 -19.1475 4.71781 20.1411 -31.1966 1.00743 -12.9626 -42.8266 -16.2033 0.395339 -12.4142
-35.6606 -7.47122 -25.2325 -0.537445 22.7745 -32.7327 3.18054 -14.5501 -41.8083 -14.8461 1.08054 -8.20704
-34.6705 -7.61488 -20.5941 2.17706 23.5039 -31.1259 4.38183 -17.672 -42.6198 -19.736 1.75219 -11.0369
-34.3228 -5.34174 -23.4887 2.02 22.2603 -34.623 1.6672 -13.2677 -44.0221 -14.5315 0.983048 -10.255
-25.6346 -6.34972 -18.802 -0.222545 16.5021 -28.7321 -2.51805 -8.25249 -31.392 -13.8426 -0.461126 -3.05379
-32.577 -7.63317 -21.4113 0.433451 20.0026 -33.4499 0.363823 -9.97063 -38.9866 -14.0726 -2.26236 -3.10331
-29.5181 -3.22109 -21.0042 0.444231 21.5057 -30.5203 1.64053 -14.5082 -42.0603 -18.5808 3.01308 -10.9103
-24.8451 -0.487218 -19.0254 0.0816604 18.9555 -32.5723 -2.46587 -5.76455 -40.712 -14.9146 -0.279873 -7.50084
-27.0602 -1.27444 -18.5101 -0.62516 19.5087 -28.6863 1.76277 -12.1254 -40.8604 -16.4369 4.21997 -12.3305
-33.0895 -9.65249 -19.4233 -0.0755237 24.5179 -30.3696 5.2681 -17.659 -40.7576 -19.1708 2.22341 -11.462
-34.4406 -7.75137 -23.5057 1.32673 21.5388 -36.2046 0.405464 -12.064 -43.1141 -14.5873 1.14942 -8.08841
-21.4563 1.84651 -15.7694 3.30882 13.882 -26.7649 -3.36957 -6.43512 -33.4881 -13.0159 -1.03977 -6.21301
-33.8491 -7.15662 -23.1022 -2.41546 25.2108 -33.6068 4.70645 -13.405 -47.032 -15.4792 3.93724 -15.6123
-29.8239 -7.0227 -20.773 -0.375028 22.8563 -34.367 0.660492 -10.6986 -40.9938 -13.3436 1.28047 -12.4065
-35.1707 -11.421 -20.7718 0.510508 23.6854 -32.6155 4.09083 -15.6984 -42.5427 -17.7635 0.754145 -9.21932
-35.738 -5.14921 -23.4319 1.18783 25.6226 -34.1147 3.33252 -16.4 -48.4581 -19.8866 1.92228 -13.6785
-27.2007 -5.56868 -17.5542 -0.348614 21.7212 -29.7506 2.74442 -10.0242 -41.147 -13.0789 0.911617 -13.3807
-32.0873 -5.12199 -23.5554 -0.144161 23.9364 -36.0245 1.22073 -10.6445 -46.0021 -14.1377 1.43926 -13.3896
-43.1028 -12.6702 -38.0448 -12.8401 31.5693 -52.0326 0.0567127 -8.24628 -62.2952 -15.3799 3.29459 -7.90832
-26.6282 -1.60461 -19.4279 0.989783 18.16 -31.9447 -1.30852 -7.55186 -37.3159 -11.365 -0.625761 -7.39204
-26.5397 -3.88824 -20.995 -1.74598 20.5097 -33.7682 -1.5232 -6.17652 -39.1124 -10.4005 0.364108 -11.3823
-43.801 -12.5319 -29.4286 -1.55671 27.8268 -42.9446 4.44162 -12.9112 -52.1324 -11.4261 0.585784 -14.4509
-33.3924 -8.06142 -24.6677 0.207756 23.9683 -35.4724 0.727846 -11.088 -42.861 -15.5689 0.274208 -10.0252
-35.3548 -6.46986 -29.2734 -2.17467 18.9731 -39.5571 -2.38947 -4.62984 -44.3086 -5.84853 -0.853442 -6.34176
-27.993 1.7208 -22.07 0.0264874 19.0308 -32.719 -0.985887 -8.60891 -42.2629 -10.937 -0.324309 -10.6807
-30.5932 -2.74887 -24.0442 -1.23378 17.4843 -31.4201 0.296468 -10.1291 -36.6887 -8.19242 -1.89749 -4.30657
-25.2816 -2.21989 -21.513 -0.534501 18.5702 -31.2174 -2.3745 -6.73825 -37.5001 -12.2734 0.808941 -8.30457
-26.7072 -6.08389 -18.6907 -0.808081 19.8603 -33.2559 -1.21917 -9.29823 -37.6918 -14.1676 0.585023 -8.06215
-18.6486 4.06964 -18.0627 -3.30044 16.7774 -27.9269 -3.15457 -5.37302 -39.0782 -13.1543 3.77508 -11.2601
-23.2108 -1.02806 -16.4761 1.05711 18.4773 -29.4868 -0.95292 -8.83916 -38.2945 -13.8982 2.32387 -13.0574
-32.0284 -1.08005 -25.5618 -2.02509 20.8583 -35.349 0.243972 -9.19093 -46.5415 -12.0377 2.17894 -9.27053
-25.9667 0.363285 -19.5367 0.183807 19.3609 -28.5495 -0.879583 -10.4608 -38.1013 -15.7243 1.22963 -9.18434
-26.9354 -6.40357 -19.4249 -1.02463 21.3673 -27.843 2.10485 -11.8822 -36.5539 -13.8064 1.62309 -10.8293
-23.1554 -0.0406903 -17.3778 0.515787 17.8426 -28.923 -0.0546054 -7.18302 -37.5648 -11.4853 1.85061 -9.85312
-18.8612 -3.42248 -14.7116 -1.89725 16.5771 -26.2412 -1.67465 -7.74635 -31.8822 -13.2328 3.09326 -8.3036
-26.5944 -0.38866 -22.6791 -3.36916 20.9879 -32.2897 -0.596708 -8.58675 -42.2197 -12.3024 3.08267 -11.1075
-19.2967 0.998547 -14.388 1.77421 14.799 -25.4496 -1.99849 -5.15753 -33.3502 -11.5322 -0.203975 -8.11974
-17.3731 -0.0645302 -15.436 -1.49068 15.863 -23.2762 -2.01869 -6.1241 -33.0513 -12.0304 4.42079 -13.8969
-21.773 -1.43733 -19.9817 -2.7687 14.9902 -26.2205 -2.05447 -4.09098 -30.011 -6.21669 0.220069 -5.93929
-24.8194 -0.592717 -19.3979 -0.515364 20.2268 -29.1021 -0.187399 -8.49655 -40.9978 -14.8371 1.95501 -12.6448
-21.2132 -1.53233 -13.4354 2.22948 14.739 -27.0793 -2.89917 -8.48614 -33.8435 -13.9723 2.05676 -9.44345
-27.653 -4.00385 -20.52 -2.99375 21.5146 -30.1673 3.43465 -13.3689 -41.0446 -15.7612 4.97947 -12.0633
-36.5603 -7.56874 -20.8902 3.96841 20.643 -32.1743 3.47481 -15.2471 -40.4148 -14.6192 0.833375 -8.70805
-23.4197 -2.70513 -20.2927 -3.266 19.7641 -30.0736 -1.18694 -5.45186 -39.3006 -11.7597 1.45505 -9.91313
-14.3308 2.32177 -10.0103 2.61167 11.6119 -20.5515 -2.77742 -6.44589 -27.9931 -11.6889 1.96156 -10.3289
-11.7249 0.590466 -7.88045 -0.0679923 9.20652 -19.2955 -4.0718 -2.22732 -26.1208 -7.68536 1.87236 -8.8754
-19.4896 -0.191577 -14.58 -1.85565 15.9414 -22.6719 0.881154 -11.2221 -31.6693 -14.3304 3.4196 -10.0684
-32.0733 -3.51894 -24.6565 0.845419 21.6248 -38.0535 -1.55735 -8.52646 -45.1034 -14.3501 -0.0481573 -7.69761
-20.2942 1.11839 -10.5498 2.89325 13.3937 -21.4533 -0.197072 -8.60847 -33.2826 -13.1705 0.398623 -9.17698
-60.2272 -17.6048 -35.9185 -3.74071 36.219 -52.3104 9.09122 -23.7748 -71.5571 -21.8167 2.3141 -11.5708
-27.74 -0.305854 -16.388 1.71595 17.797 -28.5877 1.83609 -13.6416 -38.7799 -17.0141 0.199098 -7.23411
-13.5254 -4.15888 -12.611 -3.39907 13.7727 -22.2233 -2.39096 -3.55687 -24.7303 -8.54565 1.91649 -7.61318
-31.8273 -8.76565 -22.4693 -1.81764 21.8875 -32.0584 1.08693 -12.4548 -43.6278 -16.9756 4.48299 -9.29175
-38.9658 -12.3478 -28.0626 -3.43811 27.5401 -39.2548 2.13852 -13.8227 -50.8619 -17.7026 3.41549 -10.6637
-49.8048 -25.4153 -34.2542 -7.5819 32.0541 -47.4024 5.39196 -19.7017 -50.3007 -14.4195 0.981323 -6.91706
-20.1386 5.78767 -18.0635 0.659476 14.8185 -27.7585 -3.83711 -6.69192 -35.8171 -12.8575 0.543946 -7.75279
-23.4643 2.12487 -20.4336 0.506601 17.781 -32.2673 -3.73454 -4.90637 -40.5066 -11.0395 1.79718 -11.4493
-33.7146 6.13178 -29.2178 2.15089 20.7039 -40.1778 -3.58732 -12.2906 -50.647 -14.7339 1.6171 -11.6277
-40.3591 -10.0381 -29.8912 -2.33537 26.9314 -43.1394 0.79481 -10.7127 -53.6022 -14.1915 3.48217 -13.7477
-44.8663 -12.9633 -30.7667 -3.21442 25.4965 -45.3118 0.181311 -13.9957 -47.902 -14.32 -2.81523 -4.40107
-24.5826 -1.49826 -11.5288 3.62337 16.0833 -23.4608 1.566 -11.0619 -36.0229 -14.0559 0.0476992 -10.4689
-15.1598 -7.62781 -12.9976 -5.24772 14.6613 -24.0303 -2.33366 -5.57777 -25.3261 -11.4105 1.98411 -5.97356
-24.5483 -5.77163 -23.0734 -7.39685 21.3349 -32.405 -1.74171 -4.52878 -40.6109 -10.7462 4.7943 -11.2441
-31.4767 -7.24371 -25.2666 -2.67454 25.5222 -40.2627 -0.601612 -8.96708 -47.1254 -13.5494 3.3843 -14.9559
-25.5721 -8.40837 -17.4615 -1.00326 16.2382 -29.0646 0.265505 -6.43345 -29.1982 -7.70994 -3.3186 -4.34327
-26.3707 -7.54621 -25.8091 -6.42803 18.9191 -33.7662 -3.8712 -2.77614 -36.291 -8.51184 1.11692 -5.39635
-20.29 -3.99954 -13.5672 0.989008 14.9905 -23.103 1.30156 -7.66328 -27.46 -9.39334 -0.52187 -7.99637
-26.9254 -14.6707 -25.3696 -11.7274 20.2958 -36.3299 -3.9314 -2.86293 -39.1628 -9.14418 5.31435 -8.89885
-15.1529 0.43404 -14.872 -1.88783 15.4069 -26.2414 -3.78533 -4.43406 -31.1851 -11.8051 1.97101 -10.6869
-19.8469 -8.79881 -10.8654 0.652854 14.6672 -20.075 1.90023 -11.0835 -25.0837 -12.8689 1.72824 -7.44457
-21.2834 2.82325 -14.7235 4.57695 13.6011 -26.9709 -3.6383 -10.2379 -34.186 -16.1869 2.37155 -8.27656
-17.1062 1.15174 -10.5881 2.71713 12.3832 -21.3633 -2.80602 -8.86483 -29.2152 -14.7539 1.67711 -8.30172
-19.888 -5.73707 -16.3911 -5.39043 18.641 -26.8266 0.23454 -6.71129 -34.1464 -11.7865 4.41284 -10.4199
-24.8635 -2.89798 -21.0684 -2.82121 21.3298 -32.0358 -0.648008 -6.20501 -41.9147 -11.3012 3.91874 -14.325
-30.2231 0.801212 -28.6679 -4.87525 23.2139 -37.9247 -1.82968 -10.1406 -48.3091 -15.9663 4.51589 -9.92196
-47.1247 -20.4866 -24.774 2.53942 21.499 -35.1891 5.98032 -22.2916 -39.3604 -14.9008 -2.56749 -0.850742
-29.0355 -2.3752 -22.8102 -2.27929 21.2197 -31.8456 0.179571 -8.05362 -47.0905 -12.5658 5.23263 -14.7892
-28.9465 -5.6899 -28.7473 -6.7218 19.1286 -38.6206 -4.43037 -2.6774 -38.1298 -6.43875 -3.41826 -2.3047
-31.1167 -0.790562 -21.8615 2.50786 20.6971 -30.107 1.4293 -15.3381 -42.3832 -18.2135 2.68811 -11.6217
-25.7613 -5.74661 -23.0211 -3.35511 21.2619 -33.8993 -1.5599 -8.34991 -36.2759 -13.1454 0.331778 -7.00794
-44.0801 -10.8399 -29.0373 1.06978 25.8463 -39.7006 5.51807 -18.73 -50.3378 -15.5679 0.824881 -8.85417
-41.3958 -9.64734 -25.0575 0.0899436 25.4846 -38.0314 5.91531 -16.8686 -44.0683 -13.3074 -3.48634 -6.04889
-28.5588 1.43809 -22.741 -1.66266 20.8332 -30.3653 0.851476 -11.8208 -42.4056 -13.7062 0.281104 -10.5206
-22.0718 -2.26635 -15.3626 -0.71157 16.4924 -25.6569 0.322732 -8.24141 -34.5481 -10.7133 3.61854 -11.2576
-32.4336 -5.18377 -22.2914 0.631646 21.4724 -32.0951 1.70285 -10.7703 -43.703 -13.8891 1.29532 -9.35798
-28.4135 -9.43797 -22.4835 -5.42669 24.0679 -35.8812 -0.442824 -10.6027 -45.0106 -17.5341 5.62647 -12.6216
-27.0881 -2.26245 -19.1102 -0.505461 20.4073 -29.3023 1.99819 -10.576 -35.9109 -12.0164 -1.39226 -10.1193
-22.9668 -4.06499 -13.4852 -0.152898 17.4042 -25.2421 0.534252 -10.617 -34.5578 -15.4084 1.40714 -7.29432
-17.5245 -6.07685 -10.6144 -2.10547 13.7037 -21.7675 -1.49109 -8.3758 -26.4521 -13.0238 1.32711 -5.41799
-37.1092 -4.69602 -26.7085 -2.19167 22.3144 -43.5899 -0.250693 -9.74084 -53.3258 -13.0526 2.3361 -7.22812
-29.4978 -0.616473 -24.6723 -0.820257 20.7551 -34.7088 -1.14129 -9.53526 -44.7145 -13.8782 2.25939 -9.64784
-27.2551 -11.3513 -18.7989 -1.54907 18.0384 -29.2678 -0.0746398 -12.5981 -30.7999 -14.6084 1.15224 -4.5492
-27.345 -3.7546 -21.8632 -0.940226 20.1783 -31.9467 -0.915897 -10.4452 -37.3216 -15.0763 -0.0962085 -6.04169
-25.9198 -7.01313 -16.8685 0.916957 19.1974 -28.318 0.376169 -10.6468 -34.303 -15.6336 -0.325728 -8.33683
-14.4057 -13.4457 -7.13982 -4.02475 -16.9037 13.4475 -1.73915 -19.2931 -2.2258 -8.27947 0.933275 -5.80024
-24.0293 -28.3297 -5.65234 -6.93796 -25.1136 21.0607 0.627063 -29.663 1.10573 -7.67467 -2.97209 -5.4848
-32.6484 -33.6564 -13.106 -9.26949 -33.1242 32.1203 3.08058 -41.0725 -1.22571 -9.80135 0.828 -11.2794
-39.1012 -39.9458 -20.3028 -12.1388 -33.3421 33.252 7.09837 -45.9182 0.00745338 -7.50035 0.829325 -10.2834
-36.4085 -41.1338 -14.0057 -13.8934 -36.5034 35.0435 4.02166 -43.9888 -1.1654 -8.34811 3.86279 -14.7041
-20.66 -26.6525 -8.65275 -7.8933 -24.9734 20.5105 -0.0346639 -27.0247 4.02495 -3.88056 -2.73761 -6.32307
-14.1446 -17.2762 -1.13268 -4.80804 -21.1203 17.401 -2.26464 -20.4501 -2.27772 -8.24343 -1.45101 -7.49811
-17.0164 -20.0872 -2.74468 -4.82891 -22.6463 19.0332 -1.60468 -23.1441 1.3427 -6.85752 -2.75052 -7.44703
-24.6142 -30.1502 -14.7058 -10.6843 -25.7778 18.8025 -0.8871 -32.053 4.68859 -6.77041 -0.0636446 -3.91117
-20.4507 -23.176 -4.34018 -4.72734 -22.6979 20.1247 0.415938 -26.0885 -0.982349 -8.84863 -1.8955 -6.91036
-22.1552 -24.877 -5.27187 -4.67729 -24.5297 23.2082 1.10954 -27.753 -1.42789 -8.12444 -1.16129 -10.411
-21.6198 -24.5977 -6.93547 -3.02106 -22.9647 17.4976 0.57382 -27.1765 2.78439 -6.46854 -2.27476 -5.83887
-22.993 -31.3341 -3.83975 -9.73289 -27.3489 24.5477 0.853181 -29.834 1.28037 -8.13833 -1.14873 -9.14029
-25.6321 -29.1308 -9.41158 -7.00553 -27.7227 21.917 0.034548 -31.4766 2.21073 -7.09813 -3.46704 -2.84861
-14.7555 -20.8518 -4.30007 -6.58941 -20.1536 16.8282 -1.58618 -19.8611 3.13905 -3.80514 -3.47181 -5.15819
-27.4821 -31.775 -12.8254 -9.38618 -29.3392 24.2832 1.02541 -33.016 4.16261 -4.34186 -1.60525 -6.68855
-27.4673 -30.6348 -11.9823 -8.17357 -28.5222 25.42 2.00886 -33.1754 0.859122 -6.96688 -1.28114 -6.14187
-20.352 -23.4813 -9.52428 -6.11779 -22.8829 19.26 0.295016 -26.5612 2.26636 -6.154 -1.49115 -5.06846
-13.5778 -21.7019 -3.38179 -7.54765 -21.1764 12.5984 -5.16784 -18.739 8.01235 -0.97162 -4.94624 -3.98292
-23.5706 -27.7631 -10.2975 -5.4267 -24.2273 18.4114 0.445438 -29.2974 4.28288 -5.8807 -3.06027 -3.95904
-17.6932 -20.3745 -1.99358 -4.63288 -21.6525 20.2605 0.0510092 -24.0792 -2.7073 -8.51701 -0.850857 -8.70596
-22.8318 -26.1082 -5.3577 -6.31327 -25.1441 23.006 0.779894 -29.4535 -0.973184 -9.7417 -4.02744 -4.73464
-23.0492 -28.2243 -5.89349 -9.28667 -27.0418 24.6365 0.302061 -30.0237 0.787 -6.72921 -1.51909 -8.42792
-31.7815 -37.5219 -9.94158 -10.9115 -33.7225 28.2301 1.66631 -38.2331 2.23464 -7.81414 0.804006 -9.55655
-24.329 -28.539 -10.9185 -8.85699 -26.7127 20.3379 -1.14567 -30.8834 3.46246 -7.87075 -0.964707 -4.36118
-25.0771 -30.4881 -7.5843 -8.16233 -25.6664 22.4625 2.21728 -31.1746 1.13571 -7.05395 -1.19888 -5.87276
-24.3057 -26.9158 -1.45729 -3.30658 -25.0915 21.4502 1.07678 -29.2681 -2.88365 -9.93739 -2.74051 -8.85228
-22.9404 -23.8963 -12.4933 -8.68987 -23.6298 21.1732 0.725085 -29.6776 -0.116609 -7.94501 0.814992 -6.42276
-25.9472 -26.3854 -11.2207 -6.50965 -26.4956 25.3321 1.3072 -32.6988 0.33875 -9.19722 -0.964487 -8.04439
-28.6832 -31.4938 -9.651 -7.6977 -30.6078 26.7645 0.943369 -34.8693 3.34341 -7.47354 -1.38325 -9.65471
-32.9256 -40.613 -12.4087 -11.3813 -33.3643 24.281 2.2079 -40.0498 5.69691 -4.36499 1.54723 -11.6579
-28.0648 -26.1399 -11.8588 -5.35928 -27.0428 25.4016 0.676212 -33.4296 -0.978187 -10.1761 -1.66373 -8.6413
-30.3582 -36.5307 -9.78557 -8.50706 -31.2512 25.5219 2.3788 -35.0756 5.86801 -4.59693 -2.8369 -7.30538
-33.4651 -36.6605 -15.8126 -13.2429 -33.1339 31.2913 3.19081 -40.0793 0.118927 -6.91739 1.9343 -11.3665
-27.4281 -33.922 -4.66043 -8.65354 -28.3119 21.617 -0.689786 -31.5907 3.73312 -3.77319 -1.06831 -8.66767
-24.7689 -30.6268 -8.31782 -11.0387 -28.7904 24.3218 0.28733 -30.9462 2.72037 -6.03885 -0.103545 -8.9004
-35.2229 -38.9712 -11.0782 -11.692 -36.2501 30.3881 -0.214334 -38.2454 4.87634 -3.96428 -5.78407 -8.99216
-33.357 -35.7853 -13.6323 -9.87442 -31.3254 29.438 4.44669 -38.5164 2.89692 -6.32083 -2.67674 -8.1963
-35.4769 -37.6962 -5.45546 -5.43931 -37.505 30.6359 -0.342814 -39.5082 2.14896 -7.20638 -5.31452 -14.6661
-38.1437 -37.3727 -15.5748 -12.0808 -38.6412 35.801 1.95808 -44.2929 1.48523 -7.74743 -1.25265 -12.9742
-17.5251 -26.2991 1.60912 -4.788 -26.6132 20.0021 -4.19526 -24.5409 1.78106 -6.45137 -1.01743 -13.6607
-32.5532 -33.0942 -13.7961 -9.18129 -32.1419 31.9444 3.2804 -39.9148 -1.68354 -11.046 -0.611277 -9.5978
-29.4656 -32.8161 -2.58312 -3.44228 -29.588 25.9186 2.09323 -35.132 -3.33185 -9.79023 0.199628 -15.3443
-30.8497 -30.9753 -11.8354 -7.3381 -31.7377 31.435 2.40033 -37.7888 -1.80622 -10.9128 -1.38635 -10.6731
-29.0556 -31.5583 -10.5032 -8.52387 -30.8748 29.5483 1.23902 -37.3604 -1.25926 -10.8955 -0.110305 -10.1722
-26.9546 -29.5197 -8.95065 -7.13256 -25.7581 26.2198 4.34795 -33.1593 -3.90727 -9.95829 0.233774 -10.2216
-36.2231 -37.2184 0.179373 -2.36612 -40.8635 32.7776 -3.51026 -39.6908 -3.49236 -10.2058 -3.41001 -21.3078
-28.3223 -32.5008 -3.97466 -5.33764 -30.1403 29.1043 2.07744 -35.2964 -3.86367 -10.9099 1.736 -17.2031
-33.7686 -33.1398 -11.968 -10.2827 -36.1947 35.7162 1.76669 -41.0584 -2.03569 -10.3929 0.0653267 -14.7783
-34.8917 -35.331 -11.7145 -7.16267 -30.5294 32.3077 7.00655 -41.8001 -6.30816 -12.0695 3.14348 -13.8021
-22.8469 -29.073 -5.40891 -8.35953 -27.2729 23.6076 0.498767 -30.9224 1.79168 -7.78333 0.698192 -9.90034
-28.9028 -29.3546 -11.7811 -7.52914 -29.5559 27.3041 2.2221 -36.1288 -2.15804 -9.11191 1.45226 -9.02505
-28.489 -33.0384 -9.69975 -8.57265 -29.3581 27.9028 3.51256 -36.1568 0.114261 -8.4407 1.01717 -11.1689
-30.221 -34.1326 -11.879 -7.5843 -24.7102 23.3841 5.91016 -35.9681 -1.6706 -7.9047 3.41025 -10.8859
-27.1669 -30.2468 -12.6802 -9.0782 -30.7387 25.1734 -0.170195 -33.9598 4.31436 -6.17031 -2.66448 -7.23004
-18.7889 -25.3355 -1.45168 -4.81231 -25.4463 20.7721 -1.39753 -26.2443 0.618748 -7.85715 -0.916914 -11.0611
-20.8091 -25.6087 -5.26375 -6.03574 -25.1941 23.4233 1.02793 -30.0852 -1.02993 -8.98211 1.71282 -11.1999
-30.9967 -30.2551 -13.5268 -9.48967 -32.2899 29.2092 0.568675 -36.3193 1.6763 -8.38433 -3.42676 -6.99314
-19.9263 -27.0087 -2.76841 -6.5321 -28.2553 22.6882 -3.48358 -28.1069 2.4797 -6.93337 -2.02377 -10.3134
-28.5141 -31.8466 -8.62458 -9.0888 -30.4372 27.2501 2.20812 -34.5 1.19468 -7.42709 -0.568015 -9.71677
-26.0867 -31.5716 -8.49776 -9.21335 -26.4119 25.4264 3.40106 -32.6542 -1.66425 -8.54136 1.26091 -7.73305
-27.1163 -34.0312 -2.16309 -7.08413 -31.882 28.8519 0.359097 -34.3392 -3.85688 -11.5469 2.15775 -16.6186
-36.7422 -40.3277 -17.4032 -14.6064 -33.6786 33.2209 5.6628 -44.1717 -2.02761 -8.75459 4.30629 -10.1534
-28.3784 -32.7044 -11.1024 -10.281 -29.9672 30.1465 3.64981 -36.0115 -0.87409 -8.60496 0.0023613 -10.8836
-24.5215 -27.7875 -4.63014 -5.51161 -23.7711 23.2984 2.97507 -29.1701 -1.0258 -8.6967 -1.66927 -9.25112
-34.2878 -36.7077 -11.1563 -8.2735 -29.9825 28.2966 5.49789 -38.2507 -1.507 -7.35554 1.06391 -11.2423
-22.3098 -24.3625 -4.04525 -5.88729 -24.8078 24.3654 1.05562 -29.5142 -3.80952 -10.3317 1.16429 -12.4129
-28.1988 -29.6506 -9.12531 -8.18221 -31.3748 28.8215 0.921926 -35.558 1.13355 -9.0337 -2.10142 -10.1502
-33.18 -37.6389 -11.2197 -11.2475 -33.2701 34.6585 4.69158 -41.6826 -2.96375 -10.7482 1.70742 -15.0246
-26.8297 -29.972 -8.85146 -8.21048 -28.2026 26.627 2.1764 -34.6799 0.0982084 -8.44917 2.03363 -11.2588
-20.0205 -24.881 -4.65401 -7.12476 -25.545 23.5856 -0.39833 -28.0383 -0.538029 -7.86685 0.771237 -12.0817
-20.4379 -21.7884 -2.31585 -3.3724 -22.2597 20.7062 0.864836 -25.421 -2.47974 -8.20138 -1.18796 -10.6427
-21.5426 -25.9155 -2.07364 -3.86106 -25.9817 22.0689 -0.926825 -27.526 0.431192 -8.11299 -2.66027 -10.2447
-23.3509 -28.3882 -8.23891 -8.33158 -26.2551 23.7866 1.21026 -31.5314 0.0816996 -8.02191 1.71597 -9.39725
-27.3622 -30.1433 -12.8102 -9.96952 -30.3248 25.3244 -0.448857 -33.4005 2.89099 -6.60608 -1.70237 -6.23695
-10.0692 -15.6051 1.34481 -2.05135 -16.6232 12.619 -2.3134 -16.2109 -0.697843 -6.64875 -0.465445 -7.11812
-19.3367 -22.9268 -9.05137 -7.20588 -19.4531 18.2441 2.09348 -25.9977 1.12433 -6.27912 -0.67257 -5.00276
-12.5447 -19.7789 -2.6996 -5.06057 -18.7919 15.0499 -1.68858 -19.2952 4.03142 -4.59117 -2.9101 -6.16867
-21.9036 -25.6073 -10.7682 -8.08913 -22.5086 19.2108 1.01349 -27.79 1.20145 -6.30915 0.628226 -5.08695
-19.9391 -21.5898 -11.1464 -8.01682 -20.1938 17.6271 0.827652 -24.7606 1.77191 -5.1079 0.424876 -5.41685
-18.5148 -20.9948 -2.60422 -4.66668 -22.4674 20.164 -0.514898 -24.0571 -1.12386 -7.51358 -2.05438 -9.13401
-18.5408 -22.2326 -1.0607 -4.13155 -24.2294 21.253 -1.66343 -24.5338 -1.32956 -8.27734 -2.7392 -10.6362
-18.1819 -25.3021 -1.44561 -6.33801 -25.0596 21.3677 -1.44195 -26.0838 1.08053 -8.09576 -0.998138 -10.0241
-20.2281 -22.9287 -5.62486 -4.05891 -21.7069 17.1416 0.00915372 -23.607 3.832 -4.5753 -2.86444 -7.09039
-22.4533 -28.3145 -2.75597 -6.07733 -26.194 22.0591 -0.464687 -28.4656 2.44981 -6.57525 -4.12088 -9.16375
-22.0003 -26.1192 -4.45246 -6.48429 -25.7956 22.0932 0.307381 -27.4994 1.65235 -6.71672 0.229119 -9.96037
-22.4315 -24.811 -5.50759 -6.11852 -24.5799 24.6918 2.20709 -29.8461 -3.13819 -10.0918 2.1947 -11.0079
-18.0443 -22.8888 -5.33127 -6.32309 -24.2929 21.5468 -1.00507 -26.8053 0.0503562 -7.92923 2.18616 -10.7222
-29.3543 -32.9615 -1.57786 -5.56572 -29.2804 30.0191 2.37274 -35.1257 -8.88038 -13.4495 2.52622 -16.1491
-20.0221 -24.9068 -7.65144 -7.13895 -22.6556 22.8804 1.95056 -29.7084 -2.11333 -9.51759 3.24835 -10.6987
-24.2855 -29.8435 -6.60378 -8.01111 -25.9509 25.5771 2.29905 -32.5196 0.12916 -8.70727 0.787562 -10.9425
-17.8558 -24.0923 -4.03368 -6.19045 -23.5206 21.3872 -0.869958 -27.4387 0.527617 -8.3396 0.816666 -9.50184
-23.1995 -28.2785 -5.54942 -7.26476 -25.8076 23.7751 2.04637 -29.9786 1.59974 -6.85117 1.04791 -12.4683
-23.475 -28.4872 -7.94501 -8.5224 -27.9228 22.004 -2.10778 -29.798 4.68312 -7.05909 -2.88078 -5.14389
-30.4714 -35.9091 -14.8297 -11.5002 -26.7804 22.0358 2.76824 -37.081 4.13976 -6.83856 -0.41489 -4.07049
-18.2115 -22.956 -2.46958 -5.39193 -23.8708 21.8572 -0.512756 -25.2922 -1.85197 -8.85289 0.152458 -10.6647
-21.8472 -27.8889 -3.18362 -6.00613 -26.7667 23.3572 -0.229639 -29.24 1.74748 -9.05739 -2.19331 -8.69728
-24.9029 -25.3021 -13.0268 -8.03448 -22.2552 21.9125 3.57383 -29.7395 -1.37146 -6.43529 0.460022 -4.92991
-24.0182 -27.3905 -2.5207 -5.37417 -26.5618 24.4746 1.05803 -29.5276 -1.04167 -9.22544 -1.37575 -11.0673
-31.9502 -35.3841 -15.2149 -10.7801 -30.6574 27.8442 2.57669 -38.5558 1.72636 -7.50372 -1.0469 -6.70835
-59.6535 -39.0213 -25.5788 2.80605 7.22535 -7.84354 25.083 -37.6048 -29.78 -4.3988 3.16979 -9.07906
-61.2431 -42.1806 -24.1249 3.8197 -9.29289 14.0424 26.1105 -53.5557 -25.2647 -11.671 8.44986 -18.6659
-43.6183 -31.4583 -18.1309 0.746289 -2.06152 4.70168 18.3383 -32.0164 -17.4648 -5.17644 3.95776 -6.76716
-71.946 -40.2673 -36.8227 6.04759 -2.58672 -5.59349 21.829 -44.6762 -19.49 -1.52179 -2.92349 -1.94624
-44.4333 -36.9454 -17.0991 -1.63482 -0.876846 6.57837 21.7132 -32.6905 -17.1671 -5.42885 3.852 -8.66058
-57.6746 -36.3706 -22.5052 2.91786 -1.4947 3.61701 21.8429 -40.4894 -22.751 -7.39299 -0.552486 -7.28893
-58.6494 -33.344 -22.7387 7.87203 5.41747 -3.83377 23.8828 -37.5092 -32.4609 -9.31369 3.9672 -10.3176
-51.3195 -36.2213 -16.5566 3.49174 3.18911 -1.80855 21.5933 -28.8949 -28.9614 -6.70301 3.22927 -5.71992
-72.4816 -44.9035 -27.7631 4.28381 -6.73164 3.10987 25.0175 -50.2919 -26.4287 -4.28131 0.23299 -7.81555
-58.7005 -38.225 -25.0171 -1.62755 3.51928 1.10386 25.8454 -35.2707 -36.2825 -8.5279 7.64976 -7.34996
-63.605 -37.5073 -23.3963 6.49957 -1.16567 3.6202 26.4124 -43.642 -28.9228 -8.47447 5.8144 -14.1403
-65.5988 -40.969 -20.4973 5.44821 -4.06248 -0.386906 22.6555 -43.8892 -26.3306 -6.12196 1.93001 -8.71064
-75.4215 -44.9835 -29.0702 4.4233 -6.10263 3.24631 25.1222 -51.7789 -27.1559 -4.67129 -2.3916 -6.93315
-72.9964 -37.3869 -28.8124 6.28655 0.53317 3.27216 29.4702 -49.2496 -37.8077 -12.4571 6.59278 -13.3796
-46.9744 -30.1075 -19.3471 4.59913 3.13206 -1.59828 17.9122 -33.762 -21.5 -9.59189 1.11004 -5.30958
-55.9945 -30.1945 -21.5797 7.13175 0.463892 -3.11218 19.4015 -36.5262 -24.0392 -6.92103 -1.13621 -4.57418
-39.3374 -24.9522 -15.9027 4.95731 -3.21241 -0.136752 12.2327 -29.2382 -16.0405 -8.7183 -0.00823904 -2.41314
-46.483 -29.624 -18.882 5.97479 4.3471 -1.88621 19.6158 -33.3399 -22.583 -8.4903 0.535402 -7.77166
-60.259 -35.7839 -29.399 0.441485 5.3059 -3.93518 23.1673 -38.3923 -30.9553 -6.68195 -0.104463 -1.94504
-64.5154 -39.4805 -29.1755 2.96201 -2.61767 4.37176 23.9285 -47.9084 -27.5606 -9.53493 4.58961 -5.52097
-48.0087 -27.3489 -20.1625 3.03059 4.14253 -0.179109 19.6294 -35.4193 -26.3757 -11.2293 0.88322 -5.93628
-57.2134 -36.503 -22.4653 3.21258 5.19197 -2.12355 24.3452 -37.8554 -31.8646 -10.978 4.36207 -5.43792
-42.0784 -20.0963 -21.7546 3.86725 1.38877 2.84918 16.5158 -32.3863 -23.2701 -10.1554 2.89731 -7.95507
-34.7444 -21.6338 -13.51 2.64777 -3.89321 5.70642 14.3963 -29.7203 -17.8286 -8.79825 5.21848 -10.5293
-34.0435 -19.0564 -17.0925 2.00169 3.43076 -0.338875 14.3233 -27.2077 -18.9663 -8.8103 4.0114 -6.14151
-55.0535 -24.5121 -21.6054 7.75018 -6.06803 9.67882 20.7633 -42.1886 -31.2531 -13.2236 3.17785 -13.3114
-80.8969 -44.7672 -40.4732 4.49913 1.83706 -1.76537 32.0802 -47.5759 -43.8124 -4.87971 6.07115 -13.3638
-39.2526 -24.3002 -13.5485 3.29377 -7.3243 6.13912 13.057 -31.0234 -14.7974 -5.67595 2.30952 -7.17496
-38.0688 -21.7454 -13.4918 4.78153 -0.243179 1.67976 14.6815 -25.5267 -21.2316 -7.57968 4.57988 -6.87035
-48.8509 -31.0862 -22.0236 2.06685 -7.27872 7.75767 16.3283 -36.1417 -14.5301 -4.84987 2.19794 -5.60186
-26.0943 -20.9878 -12.5106 -2.51164 -2.31183 3.78834 9.89726 -20.0657 -10.0719 -4.32111 2.90061 -2.25546
-38.8219 -28.2796 -22.2937 -1.39701 -3.6333 3.82984 10.4486 -31.7028 -9.92531 -10.2835 -0.676197 0.8765
-46.2971 -35.2661 -16.7467 -2.45044 7.60072 -6.27823 21.1084 -26.3936 -31.2966 -7.25179 9.49153 -11.145
-65.1251 -45.8685 -28.2016 -3.11468 -4.72822 4.67607 25.413 -51.5808 -24.584 -7.92813 5.53383 -7.06621
-40.237 -23.0301 -14.6985 5.19856 1.52598 -1.50171 16.9519 -22.7386 -23.3437 -5.78071 1.23123 -6.8521
-35.6029 -23.368 -13.1396 1.31203 -3.30472 7.10743 14.9301 -30.336 -17.4247 -10.0677 4.80464 -10.4604
-40.1216 -26.2604 -17.1231 0.911485 -5.62624 9.37345 16.3542 -35.3239 -17.4403 -8.42813 6.74878 -10.4933
-30.9859 -18.0931 -7.37466 7.94187 3.78396 -7.66985 11.6352 -21.8029 -18.2776 -8.8892 3.23194 -9.49976
-45.5601 -29.8664 -20.0244 4.53717 -2.35443 0.788135 15.5782 -34.2855 -15.2068 -5.22236 1.43273 -5.8093
-39.8071 -24.6614 -15.66 2.22244 -0.87405 4.06029 17.6938 -34.3238 -23.1098 -12.8869 8.59471 -11.5273
-48.753 -36.5619 -21.3588 2.31647 1.89778 1.77351 18.783 -37.9482 -18.4162 -11.2964 0.868168 -3.86355
-30.0499 -16.2123 -11.0153 5.50352 -3.22859 1.33641 10.4734 -22.1144 -14.3816 -5.10665 1.59411 -6.84136
-44.7209 -30.8862 -18.8446 1.46172 -4.41187 7.95334 18.1925 -36.7008 -18.0644 -8.30933 6.31304 -8.88916
-38.9778 -23.3055 -12.271 4.63108 1.22761 1.96088 17.2413 -27.0776 -21.0149 -9.22052 2.9466 -7.28504
-39.879 -27.3939 -19.7654 0.0173541 -1.74955 2.42065 16.0125 -27.7949 -13.4845 -3.22743 0.9632 -4.54698
-35.1825 -20.2407 -11.1797 3.37484 0.815518 2.27362 15.0094 -24.0928 -20.6833 -9.36092 2.58356 -5.42628
-44.2691 -31.8677 -21.1525 -0.959155 -6.31026 6.59633 16.9562 -33.5936 -12.36 -2.41309 2.8361 -6.06476
-37.5764 -20.4438 -11.308 3.59972 -2.74024 5.21038 15.4278 -28.7188 -23.362 -11.8184 4.54416 -9.56558
-30.1016 -21.8244 -16.0125 -3.0742 -2.62605 4.35621 11.7806 -20.2715 -15.1525 -2.50754 4.78624 -4.72899
-30.8951 -17.1851 -9.37388 3.93626 -2.92334 2.50677 10.856 -21.2851 -17.909 -6.97276 4.64135 -5.75081
-68.0968 -40.6043 -27.9413 5.76999 3.65461 5.09002 30.003 -50.8839 -35.8493 -16.3284 6.21802 -14.002
-59.8561 -31.3587 -23.912 4.15596 4.78212 3.41162 27.6988 -43.7639 -40.1992 -17.2227 8.36099 -12.3435
-49.6302 -30.0814 -19.5632 7.16292 1.65849 2.59564 20.424 -38.6035 -25.3899 -12.3641 4.40161 -12.5647
-55.4665 -38.0633 -30.9875 -2.90218 -2.18063 6.51602 22.919 -41.7 -24.6674 -9.02403 8.87625 -7.99822
-57.8513 -30.4459 -35.4951 -2.90352 -3.06347 -0.715031 19.6574 -36.1036 -28.1401 -0.459301 8.67298 -9.61907
-51.4614 -28.9788 -25.5808 5.51283 1.93514 1.76895 19.4747 -38.8736 -23.9046 -9.72294 2.09765 -9.50591
-81.5834 -47.123 -37.488 6.94454 4.8833 -6.44236 31.5294 -55.0746 -36.8915 -6.96945 4.83557 -13.3675
-54.0584 -23.1103 -21.4643 6.50443 3.9033 -2.34943 22.3202 -37.1648 -39.3324 -11.682 7.59591 -13.5726
-69.7882 -36.9555 -34.0737 3.8125 3.67541 0.905446 30.1877 -48.8986 -37.9316 -9.58331 6.13918 -14.1361
-54.9634 -34.1287 -21.6903 4.39909 4.34307 -4.50389 22.897 -39.3954 -28.1776 -8.48137 7.69723 -13.508
-37.9818 -20.4533 -16.2307 0.313958 -4.5463 3.64078 13.857 -24.1236 -17.6634 -2.83711 1.32126 -7.34146
-53.5055 -38.4567 -25.2102 0.826203 0.353149 0.785164 21.1112 -39.7245 -21.2423 -7.55529 4.84961 -4.67533
-49.526 -26.6856 -21.7804 2.66137 2.89246 -0.61695 20.4031 -33.175 -28.7038 -8.59163 3.61521 -8.58668
-41.4846 -30.9016 -24.4282 -1.12937 -4.16927 2.78969 15.0661 -29.6542 -10.6422 -1.32075 -0.595355 -2.42218
-47.8777 -23.0507 -18.787 8.18526 2.86642 1.04145 20.2984 -34.2318 -28.4915 -10.3087 3.99602 -12.5885
-58.0288 -26.9404 -24.724 9.87353 1.2692 -0.922889 23.2817 -42.9114 -34.0539 -9.98236 5.27407 -16.2627
-45.3939 -23.7579 -25.6245 1.74341 -2.36796 6.34355 16.3626 -35.6331 -20.7921 -10.0571 3.09879 -7.49876
-51.804 -30.6767 -26.6752 -0.119816 0.415559 4.91659 21.8349 -40.0537 -26.9015 -10.2578 3.91993 -8.00689
-72.8769 -43.8651 -42.8627 -4.18462 -2.57091 1.90105 26.0212 -51.4874 -28.2484 -3.63622 1.68496 -3.66471
-73.7733 -42.3694 -37.0137 3.81023 4.18917 -1.13139 28.8718 -49.7754 -35.7838 -8.82965 3.04792 -7.26748
-62.0004 -24.6682 -24.8484 11.3944 -3.94501 -1.09689 21.4536 -42.7364 -42.987 -10.92 10.6525 -19.4527
-59.7636 -35.6587 -27.622 5.4699 6.68844 -3.85452 26.5265 -41.2394 -31.8895 -7.58107 7.11555 -18.5566
-68.4221 -37.1189 -35.9226 3.03568 -0.185019 5.35438 27.9909 -51.7526 -32.1295 -10.2013 4.52904 -14.412
-73.4813 -47.8741 -31.7729 5.73835 9.61225 -14.171 26.5404 -47.0284 -33.4553 -8.12499 0.235342 -6.18723
-60.6007 -38.5687 -25.4663 4.2706 5.42966 3.30503 29.7264 -44.3106 -35.2733 -11.8144 8.23712 -15.5795
-50.2058 -28.0437 -24.5978 3.98386 -1.01166 4.43873 20.5612 -37.8823 -26.547 -8.58387 2.20891 -9.67504
-69.3776 -39.7545 -33.4465 5.58959 -0.67256 2.97753 26.5664 -50.7428 -30.3015 -11.1323 3.63494 -10.3515
-53.6522 -34.7144 -24.6546 1.17314 3.77858 -1.12883 22.7149 -39.4888 -26.3475 -7.89094 5.63801 -9.01545
-63.3883 -34.5122 -30.3498 4.67374 -0.0264192 2.14895 24.3292 -47.3659 -31.3155 -11.1945 5.47466 -8.7069
-41.8717 -22.4655 -12.1719 6.96096 0.0874316 3.86206 17.605 -29.0766 -25.3608 -11.1173 0.85423 -11.3369
-59.7932 -33.3668 -25.2811 4.93849 2.18271 5.45053 25.655 -44.4723 -31.8408 -14.0801 4.23125 -11.2715
-60.1268 -39.2564 -28.3644 1.81789 4.58059 -6.1501 23.1609 -41.2511 -24.8858 -5.02486 2.39329 -5.88005
-76.0605 -40.9207 -35.7376 6.96977 6.53887 -1.6637 29.9008 -55.9487 -36.8078 -14.5006 2.8251 -10.1832
-63.8927 -34.6441 -34.5785 0.241649 8.15269 -5.28325 27.4146 -42.1247 -41.6488 -9.29411 11.0047 -15.347
-69.7049 -34.1725 -32.6473 7.44093 10.6514 -11.6553 27.9873 -46.4449 -47.6714 -12.0644 5.4255 -13.4449
-48.721 -22.819 -18.3408 11.2628 7.25292 -10.9334 17.928 -31.5373 -33.4599 -8.79116 5.03278 -14.8781
-47.7721 -21.9992 -15.2083 11.6453 -2.50538 1.19828 18.5012 -35.848 -27.9522 -10.2542 2.85332 -13.4176
-47.6588 -27.7978 -19.6409 6.29199 5.17478 -1.05978 20.4307 -34.9037 -26.9841 -12.1622 4.40783 -12.2508
-54.007 -21.7829 -22.6615 12.4352 4.10816 -5.60446 20.8431 -36.6997 -35.4751 -8.42555 4.8569 -16.826
-41.1988 -21.1473 -17.504 5.99754 5.61263 -2.08405 17.3857 -29.623 -23.9719 -8.97865 1.86265 -8.55404
-61.7898 -36.7775 -27.6959 2.82834 -1.98103 -2.96416 20.899 -37.1753 -24.5875 0.770699 -4.09612 -2.45388
-58.9421 -32.0634 -21.3197 6.72112 -1.63838 -1.01201 22.0398 -35.9812 -30.6951 -2.99771 5.51988 -16.8172
-75.3749 -33.8407 -43.9598 4.05983 3.99792 -4.67898 26.7267 -49.0739 -40.4267 -7.32185 1.08274 -7.70786
-84.4702 -50.8908 -46.0953 -1.79446 8.08917 -2.67904 34.8438 -59.5976 -46.2072 -13.97 9.04375 -10.0427
-66.7182 -42.8376 -33.2087 -0.438553 -8.88016 14.0375 25.377 -49.834 -23.5709 -7.49736 5.67857 -11.8685
-51.2406 -26.3208 -17.5546 8.83869 2.48363 0.646422 21.4963 -35.5437 -33.2605 -14.4889 4.34026 -12.9347
-42.3687 -26.3872 -17.0828 2.81354 -1.48531 4.53222 17.1055 -29.3867 -22.7741 -7.81444 1.3994 -9.02646
-50.8944 -28.1044 -18.7246 7.11993 -3.23647 7.30361 20.7436 -39.7512 -25.2356 -10.6946 3.50509 -13.0091
-52.8547 -30.7682 -23.6363 2.25612 -3.28981 0.233781 19.1991 -34.3545 -22.2156 -1.54457 -3.61506 -4.09906
-51.3159 -31.7537 -23.1948 2.6642 1.72402 -4.42975 14.3652 -35.9798 -24.3283 -13.4389 -0.555985 1.11004
-19.1199 -6.19744 -18.1205 -7.57598 1.1091 -30.4402 -11.247 11.5536 -27.4454 5.52805 -0.480666 -4.64182
-15.2289 -6.29611 -17.3469 -9.17561 -0.952925 -26.4656 -11.6074 12.4585 -19.5704 6.38896 -1.68998 -3.20105
-4.40374 4.02379 -10.0946 -4.81702 -2.57212 -19.5102 -13.197 8.52718 -18.1237 -1.87707 -0.0292659 -3.13808
-19.263 -7.59906 -27.8147 -18.0258 1.28915 -38.2844 -17.6527 16.2226 -31.9915 6.39266 2.21349 -5.40588
-20.813 -10.5967 -27.6809 -18.9461 -1.30394 -35.9293 -16.3687 16.799 -30.1884 9.57625 3.06755 -7.64929
-15.8895 -7.36569 -19.449 -11.4096 -0.480661 -29.8416 -13.4445 14.3222 -24.1657 6.68222 0.826997 -5.4369
-17.5343 -6.79837 -19.8394 -10.5436 -3.43745 -31.9979 -14.9126 14.8113 -25.7649 8.89803 1.37263 -7.41688
-17.3643 -7.25528 -18.3247 -11.4467 -0.411135 -30.191 -12.204 14.7709 -31.5508 7.24143 4.069 -10.0033
-4.14559 -0.380205 -5.85151 -4.75444 -2.56089 -17.3614 -9.9986 7.73309 -14.3182 0.492322 1.87735 -3.86757
-1.30798 2.87159 -7.51511 -3.81875 -0.091484 -16.8883 -10.1654 6.46869 -14.6411 -2.4716 1.6996 -4.16796
-1.50672 2.11502 -8.30097 -6.51107 -0.488923 -18.0973 -11.3038 8.42134 -16.1324 -1.31448 1.61608 -5.5618
-6.18887 0.525507 -10.0753 -5.55501 -2.0417 -18.5112 -10.2534 9.06709 -14.9438 2.63248 -0.114293 -4.21544
-9.12601 -0.73725 -13.6572 -8.1487 -1.822 -23.2093 -12.3654 11.2449 -18.7846 3.40552 0.140076 -3.92142
-3.82258 1.05595 -10.3332 -6.78523 -0.24112 -22.7272 -12.419 11.1549 -18.6085 -0.451869 0.399617 -5.36428
-3.8105 4.18659 -9.43166 -3.77625 -3.7725 -18.574 -13.1919 7.65495 -16.7757 -1.87647 1.478 -4.78283
-13.1388 -3.18889 -4.74142 -0.745038 -3.34773 -16.3691 -6.85732 4.99398 -17.3162 0.627885 -1.26791 -3.83527
-4.83449 6.1038 -13.3905 -5.66101 0.112932 -25.6586 -14.5031 10.3452 -24.209 -1.15355 2.83274 -9.1128
-0.648752 3.54475 -9.99804 -7.50373 -1.08051 -21.6532 -14.2091 10.9251 -18.1512 -0.884526 1.97472 -8.02199
-10.5831 -1.55526 -19.4663 -12.1205 2.2631 -27.389 -13.7959 11.8092 -21.5391 1.86033 0.560427 -3.84875
-13.8445 -4.11371 -21.6008 -14.2024 -0.440217 -33.8069 -16.8638 16.6436 -28.6271 4.65188 2.63713 -6.08003
-11.3236 -2.54128 -11.9251 -6.31494 -0.486061 -21.7369 -9.70517 8.02027 -19.7515 3.32965 0.565622 -4.49218
-3.4298 3.20705 -7.92794 -2.67722 0.408089 -17.5716 -9.59304 4.98757 -15.7897 -2.71888 1.12295 -2.87075
-4.78482 0.554438 -12.4982 -8.75842 -0.768593 -24.0197 -13.5514 12.3715 -19.1734 1.91896 2.5749 -7.51861
-12.9378 -2.6403 -22.0872 -15.025 0.698973 -33.7214 -16.9554 14.9225 -28.265 3.59907 2.01731 -4.85992
-15.4174 -6.21524 -21.7458 -12.7946 1.43464 -28.2649 -12.9624 13.8008 -23.2228 5.34976 -0.38687 -4.2627
-11.2836 -1.78036 -17.4497 -12.0333 1.16195 -31.208 -15.2265 12.6569 -26.1461 2.6995 0.906203 -5.19042
-14.2264 -6.4683 -22.0305 -11.9355 5.6317 -36.1139 -16.3433 7.98041 -29.9254 -7.13055 2.3001 3.36504
-7.06762 -0.16812 -12.5991 -8.28871 0.505467 -23.5684 -11.9371 12.2624 -20.1906 2.58147 -0.124887 -6.05689
-14.406 -6.54341 -21.3433 -13.0322 2.42021 -29.6523 -14.069 14.436 -23.0486 4.54422 -1.42911 -4.54649
-11.3032 -2.283 -14.2503 -7.63737 5.52268 -26.6469 -10.4556 10.6633 -23.994 1.42473 -1.63828 -6.77898
-12.3873 1.56837 -23.5008 -14.9065 2.66742 -39.6988 -19.6116 17.8221 -35.2424 3.01372 3.3365 -11.391
-5.39873 -0.601472 -7.82626 -5.08166 -1.35375 -19.3869 -10.8059 9.54854 -14.6627 1.54002 -0.64413 -4.24744
-11.1392 -1.72597 -19.8013 -12.381 -0.164678 -28.5147 -14.4262 14.4914 -23.2305 4.90132 0.602979 -5.62933
-14.6299 -3.93361 -23.1174 -15.8955 -0.377641 -35.9137 -17.9976 17.2239 -30.291 5.26426 2.56239 -6.37297
-7.86601 -2.22866 -11.3488 -6.9206 3.20166 -21.6093 -9.89243 9.46469 -18.5537 0.522562 -1.66941 -3.53244
-8.49738 -0.00787939 -12.2971 -6.62291 2.12753 -25.1487 -11.7297 11.1102 -21.4762 1.3376 -1.61474 -5.9245
-11.8598 -4.19061 -23.5508 -17.6789 -1.09304 -33.3165 -17.9198 16.2229 -27.2307 3.52443 3.26556 -4.40628
-12.3657 -2.71681 -15.4182 -8.92593 1.55752 -27.6088 -12.0964 10.7507 -23.2023 3.4968 -1.42029 -4.51878
-13.1886 -2.76763 -14.6174 -9.42038 0.622294 -30.6764 -13.8658 13.244 -26.737 3.94502 -0.261292 -7.29186
-16.4733 -7.33765 -22.3414 -13.5202 0.972639 -31.5358 -14.4429 15.1591 -26.9685 6.47263 0.896432 -5.92982
-13.2038 -3.94157 -22.5971 -15.8801 -0.742605 -33.987 -17.9641 16.5454 -27.7445 4.56067 2.54024 -5.39035
-10.5562 -4.54414 -17.4093 -11.6324 0.038947 -24.1056 -12.1308 11.761 -19.7962 3.96494 1.63169 -3.70306
-6.6759 0.962592 -12.1524 -8.38879 -0.144007 -24.8601 -12.9358 11.6533 -21.8439 1.14969 2.5179 -6.13926
-8.97509 -0.421208 -17.5181 -11.8901 1.36782 -30.8411 -15.3384 15.1612 -27.2033 2.70978 3.01457 -9.40729
-12.8801 -2.55948 -23.4587 -16.0599 1.89333 -32.7781 -15.776 15.1446 -28.7229 4.40205 2.2102 -5.94028
-6.7016 0.676962 -10.164 -5.98085 2.86958 -21.8542 -9.75821 6.36681 -18.8258 -1.22538 -1.23031 -2.94177
-17.3978 -7.26856 -19.66 -11.7684 2.00234 -33.8434 -15.1867 10.5633 -28.6802 0.715612 1.87523 -1.56145
-10.8531 -2.82674 -14.6247 -7.42332 1.01638 -24.7507 -11.6687 10.5206 -20.9523 1.96988 -0.878055 -2.4007
-6.96287 -1.35543 -13.5463 -9.25086 2.22594 -24.6014 -12.3722 12.4697 -21.6038 1.32675 0.397248 -6.0974
-17.0562 -4.22971 -20.0123 -10.8466 -1.16784 -32.9876 -15.7908 13.6141 -26.6493 4.94804 -0.754768 -2.68604
-18.414 -9.68743 -18.0549 -11.3139 1.92808 -30.5235 -10.8878 12.3194 -28.6465 6.26439 1.49825 -6.72078
-11.5593 -1.05697 -18.4836 -11.659 2.31613 -32.3485 -15.1656 15.5863 -29.3144 3.50651 1.68113 -9.50262
-17.5278 -6.56191 -22.3067 -14.4411 0.532836 -31.3602 -13.2088 13.9698 -29.7263 7.81396 2.71016 -7.45274
-9.81462 -1.86815 -17.3439 -11.3442 0.330324 -28.1896 -14.659 15.2177 -24.5079 2.90223 -0.414367 -4.73061
-8.3984 1.46249 -18.531 -13.6314 1.88836 -33.8076 -17.7354 16.7885 -31.3913 1.45657 2.90817 -10.526
-6.79392 1.69054 -19.3685 -15.4381 2.89542 -35.111 -18.7871 18.374 -33.0951 0.4625 3.25414 -11.1938
-6.49454 1.21825 -17.6922 -14.1367 0.808759 -32.7474 -18.3876 17.4509 -28.5516 1.66756 1.8533 -8.44926
-10.1907 -1.926 -17.3587 -12.3556 4.09401 -32.5545 -14.5322 15.2082 -30.8227 1.9363 1.94664 -9.40425
-18.021 -8.53692 -21.3758 -12.9149 3.70538 -32.4737 -11.6594 12.6973 -27.7391 6.31302 -0.510589 -6.31448
-10.6215 -3.34574 -21.6246 -16.927 3.24074 -37.4381 -18.2422 18.8852 -34.512 1.23427 3.3888 -9.61219
-8.63746 -0.814412 -19.2166 -13.9631 3.59532 -33.6565 -16.4072 16.5277 -31.1401 1.86219 3.56324 -10.5141
-9.19002 -0.422104 -20.528 -14.3945 3.25462 -35.0979 -17.7857 17.037 -31.5163 1.54853 2.28228 -9.32426
-6.9954 -0.876444 -17.9742 -12.6729 5.25617 -27.947 -12.9098 12.133 -26.5046 -0.910844 3.10706 -6.96291
-8.06061 2.49285 -13.552 -7.74961 1.5476 -28.8015 -14.3025 13.241 -26.1721 1.13454 -0.127588 -7.9364
-12.7477 -1.065 -16.7528 -9.20495 4.02612 -30.8032 -12.551 11.5748 -28.4253 2.03577 0.533026 -6.83058
-10.0769 -0.392013 -20.5272 -13.6946 1.33037 -33.3497 -17.2956 17.0951 -28.8702 3.29811 1.1797 -7.04897
-8.69008 0.489895 -18.3277 -13.7915 4.28431 -33.2687 -15.9735 16.3038 -32.6207 0.541322 3.26669 -10.6475
-7.04084 2.17099 -18.243 -12.9124 4.36977 -30.814 -15.189 13.43 -28.3741 0.194239 3.27157 -9.53238
-3.75366 5.31685 -10.2688 -3.82967 0.503844 -21.2017 -11.8925 7.95268 -19.5295 -2.05299 0.119272 -4.47489
-5.9766 4.17697 -12.8899 -5.16198 4.97545 -22.1232 -9.37336 8.11332 -23.1994 -1.98089 1.03808 -7.59479
-7.30896 2.34951 -16.3617 -11.1979 0.194493 -30.7696 -17.3373 15.3189 -26.8827 1.91473 1.44126 -9.44708
-6.16007 1.71199 -12.5873 -8.35386 0.917268 -26.5422 -14.0269 12.2665 -23.0602 0.504261 0.6625 -7.81254
-9.71912 -0.998046 -24.1102 -17.1147 3.75242 -36.5109 -17.8349 16.1092 -30.9867 1.37165 4.67182 -8.80246
-7.07895 2.49338 -14.3886 -8.66534 5.20382 -27.0813 -11.6955 10.6283 -26.5857 -0.568314 1.83291 -9.64761
-7.11557 1.93122 -14.1818 -8.92992 3.15867 -26.975 -12.9662 12.2139 -24.8239 0.562091 0.513888 -8.12639
-9.11661 2.41278 -15.0821 -7.88359 4.42987 -29.3823 -13.437 11.7025 -28.1805 -1.04336 -0.447229 -6.6036
-8.83009 -1.67811 -17.2109 -12.0959 2.95203 -29.2126 -14.7782 15.086 -26.235 1.943 1.40029 -8.12205
-8.88742 -0.442936 -15.7381 -11.3275 2.43964 -30.8168 -14.9852 13.3054 -28.0877 0.450663 1.30639 -6.20738
-7.44293 1.13638 -16.3193 -11.7679 2.64872 -30.3613 -15.5884 14.9522 -28.4336 0.97528 1.66033 -8.85334
-10.1679 0.52272 -15.6924 -8.81038 4.6309 -28.7224 -11.7934 11.1034 -29.5737 0.0618992 2.07497 -7.61217
-7.48204 3.8414 -14.4465 -7.89549 2.61873 -27.645 -13.5363 11.5991 -26.8644 -0.52243 0.897041 -6.78203
-7.79591 2.50377 -15.705 -9.7331 -0.0576175 -29.7766 -15.8015 13.3827 -26.759 0.764084 1.73481 -6.28406
-5.22437 3.05383 -14.7661 -9.80712 3.41924 -27.6082 -13.5392 12.6677 -26.0861 -0.739872 1.60848 -7.42473
-8.45487 1.54201 -17.0998 -11.9369 2.31292 -32.9419 -16.4026 15.9497 -30.4159 1.53613 1.4494 -8.95968
-9.42274 -0.896123 -16.5142 -10.482 6.26981 -29.6183 -12.2637 11.6416 -27.7375 0.365089 1.53759 -9.00859
-8.9986 2.74463 -14.3933 -6.77564 5.3501 -26.5968 -10.3974 9.11175 -26.8673 -1.13766 0.875439 -6.52181
-9.44723 4.28975 -13.1389 -6.36734 2.13722 -28.7713 -14.0586 10.1003 -27.4506 -1.13301 -1.21428 -4.26056
-12.6668 -0.237533 -17.9755 -10.2129 3.91133 -32.3385 -14.1558 13.8893 -29.4366 2.78851 -0.518021 -7.96589
-7.96574 2.08998 -16.2059 -10.3144 2.95712 -29.282 -14.473 13.4709 -27.2406 1.01687 1.44204 -8.54251
-7.47257 1.91035 -13.9924 -8.21883 5.00708 -26.007 -11.3084 10.6592 -24.9952 -0.431529 1.24997 -8.43768
-8.25562 -0.341069 -13.7265 -8.84472 4.90253 -25.6621 -10.9887 9.76014 -24.0785 -0.263889 1.15816 -6.99234
-6.07002 3.88703 -11.6323 -6.49443 1.58114 -23.7975 -12.1329 9.49228 -23.9838 -0.969362 1.27792 -7.14377
-7.45627 2.07898 -15.4768 -10.172 -0.382595 -29.3974 -16.044 15.1278 -25.2977 2.45246 0.60851 -7.59278
-7.33817 2.16585 -12.7463 -5.62848 1.73453 -25.267 -12.0705 9.68172 -23.0518 -0.29171 1.49061 -5.48942
-7.58551 0.169557 -15.8011 -10.3503 3.44537 -27.3878 -13.6564 12.7926 -24.6212 0.398093 1.5234 -6.64599
-4.58671 1.28105 -11.5207 -7.92767 -0.524929 -23.4251 -13.6033 11.3728 -21.6222 0.309962 2.79362 -8.54167
-6.33098 2.10066 -11.7657 -7.14423 1.83424 -23.1281 -11.0583 10.376 -20.8896 1.3206 0.218803 -6.90535
-7.23405 3.35523 -11.6243 -5.09305 6.45924 -23.4387 -8.52359 7.14169 -25.2781 -2.71647 1.13396 -8.23675
-1.67131 5.01569 -7.55055 -4.58217 0.426925 -20.8361 -12.1603 8.50455 -18.9551 -2.41527 0.446652 -6.51212
-9.18831 0.71391 -19.3613 -13.2878 3.98712 -32.6993 -16.1293 14.7192 -29.7806 0.858125 1.71484 -8.27449
-2.89884 -13.4885 1.1197 -5.60889 -14.4701 -2.99727 -11.1899 -8.46385 5.67614 -5.96872 -3.91092 2.199
-8.73916 -18.2543 -0.895772 -3.35845 -19.6618 2.41138 -8.99415 -16.1169 9.72813 -4.31373 -2.30579 -2.13057
-10.3446 -19.9126 -0.574456 -4.02716 -19.0364 5.65483 -6.46862 -16.7344 9.90942 -2.86273 -4.63285 -2.65399
-14.7164 -30.5773 0.411164 -5.78505 -26.534 2.56637 -10.8624 -24.518 11.433 -7.34318 -2.97465 0.479806
-16.3019 -29.4646 0.678281 -4.77413 -28.4502 4.29754 -10.5732 -24.3915 13.6234 -5.7113 -5.19492 -0.911706
-16.2857 -28.4742 -4.92958 -6.91179 -24.7088 4.66852 -8.48546 -23.4701 14.3146 -1.81526 -5.58089 -0.297992
-15.73 -29.236 -3.08088 -5.55422 -23.8861 2.1783 -8.64576 -22.3953 14.3597 -1.9351 -7.07635 1.25925
-10.9222 -23.8623 0.554239 -4.85376 -23.3406 3.17938 -10.2221 -19.7395 12.0082 -5.33073 -4.22047 0.147273
-12.1643 -28.6721 -1.26631 -6.98876 -24.2247 0.711494 -10.3023 -21.571 15.4389 -0.92231 -5.24999 -2.71096
-11.274 -26.4616 -1.14345 -6.75555 -21.7806 1.73318 -8.21956 -20.1095 13.4436 -1.01257 -4.38824 -3.55764
-13.3206 -25.4306 -0.595858 -6.34272 -22.0116 6.01603 -6.00382 -20.8867 10.5397 -1.64075 -3.45873 -5.56933
-14.863 -23.2044 -5.59784 -4.6938 -23.5066 3.03365 -9.95133 -19.6487 12.1298 -1.46373 -5.11419 -0.554632
-16.8935 -29.0709 -3.28223 -4.96269 -23.547 3.14014 -6.69868 -22.9277 14.1065 0.143324 -7.27838 -2.33248
-11.3655 -24.1258 2.99077 -1.55044 -22.2724 -1.84936 -10.6445 -18.4674 11.6281 -3.72416 -4.77458 -2.904
-9.4792 -20.2484 0.124533 -2.60371 -19.0588 -1.23163 -10.3712 -14.5315 11.4735 -2.15581 -6.05181 -0.219109
-14.9289 -26.2079 -3.0401 -4.14808 -25.2789 1.49852 -11.0318 -21.11 15.4094 -1.16805 -9.03339 0.49709
-9.15501 -21.6464 1.54895 -3.63848 -19.9168 3.40198 -7.01751 -18.4559 9.62739 -4.3748 -3.12128 -4.0044
-8.59586 -21.5572 1.64039 -5.46927 -18.6658 4.14292 -6.77902 -17.0982 9.45172 -3.15231 -3.61547 -4.07018
-9.9238 -21.5241 -1.24429 -4.96398 -17.8002 3.6663 -6.2525 -17.8266 9.93036 -3.73508 -2.47405 -1.88786
-10.4645 -25.0759 0.865465 -5.94802 -19.7995 1.72278 -7.00048 -19.1707 10.5669 -2.76329 -2.3208 -4.90252
-15.4497 -32.7926 -2.29009 -6.47315 -28.8378 -0.0686275 -12.776 -25.6758 17.0814 -2.82817 -4.5182 -1.13397
-13.4801 -29.0469 0.13259 -3.50074 -26.9384 -1.78293 -13.3543 -21.8738 16.2056 -3.88061 -6.19972 0.799703
-16.9235 -29.4146 -4.54746 -6.10032 -25.704 2.53692 -8.89882 -23.9074 16.083 -0.118187 -8.01175 -0.754652
-8.87232 -20.545 0.752358 -3.75129 -18.5753 2.82425 -7.80635 -15.6178 10.16 -2.63722 -4.85399 -1.58056
-12.1191 -20.9584 0.373979 -0.585365 -19.0205 -0.324999 -8.77647 -15.6452 8.93401 -3.65738 -5.27939 -0.394167
-11.651 -29.1052 1.44596 -5.22403 -28.4238 -3.0222 -15.5567 -21.7388 16.486 -3.64873 -6.50135 0.0665984
-13.9928 -31.425 1.24349 -3.82006 -30.0888 -2.28876 -15.9419 -23.562 17.8145 -4.27703 -6.0448 0.706197
-16.6494 -29.1696 -3.50085 -4.65538 -25.886 1.47122 -9.7589 -23.8922 15.5661 -2.18151 -7.23785 1.04021
-13.078 -24.8852 -1.73724 -5.33966 -24.7305 2.46828 -9.86316 -20.7265 13.6652 -1.14702 -5.82946 -2.00946
-14.3303 -26.5994 -2.47134 -5.02728 -24.6616 2.81386 -8.98301 -22.5468 14.1178 -1.82543 -4.67726 -2.5358
-14.4742 -30.8642 1.41536 -7.6945 -24.9107 2.69217 -7.71584 -24.8685 10.4064 -4.17465 1.2768 -9.46007
-12.6158 -25.1469 -2.04171 -5.30962 -22.8445 1.32742 -9.34693 -20.6229 13.5137 -2.08045 -3.12868 -2.22425
-11.1606 -24.1896 -1.14007 -5.25881 -21.648 1.65242 -9.02974 -19.741 12.8783 -2.74904 -3.46983 -1.61337
-13.9571 -22.8233 -5.18388 -4.31247 -21.6001 3.35762 -7.69761 -20.1126 12.0266 -1.58712 -4.4919 -0.921906
-10.3375 -20.3486 1.09805 -1.18507 -20.2832 0.541042 -10.2185 -16.9299 8.64724 -5.83728 -2.0408 -2.02842
-13.9676 -22.5301 -0.885697 -1.99559 -22.9044 3.7645 -8.29879 -18.8888 10.6797 -1.56879 -6.3488 -3.55983
-15.276 -19.8388 -3.1772 -1.47389 -21.6397 3.71422 -8.0043 -17.9448 8.26444 -2.44081 -3.68419 -2.5977
-11.4411 -26.6552 0.82011 -4.55791 -24.4033 -2.15036 -11.9691 -19.5255 15.1221 -1.26126 -5.39351 -2.12085
-14.8759 -28.0725 1.02327 -3.7721 -24.3039 2.5 -8.93886 -20.7531 12.5459 -0.897578 -7.20505 -2.99036
-14.089 -24.9632 -2.05151 -2.93565 -22.9919 1.02771 -9.14604 -19.872 13.2668 -0.929308 -6.54143 -1.62082
-13.1183 -25.8427 -1.82373 -3.94535 -24.4557 0.309044 -10.5318 -20.9345 14.8677 -1.16966 -6.05969 -1.7651
-9.97199 -21.4137 0.174301 -2.61126 -20.2963 0.641999 -9.21782 -18.1613 10.8847 -4.60803 -3.35113 -2.04894
-14.3501 -27.4324 -2.06351 -7.23004 -21.1532 5.05954 -5.13495 -21.7151 11.3347 -0.74939 -3.63407 -4.58767
-9.50843 -21.1458 0.380138 -2.82665 -21.1392 -0.65372 -10.9852 -16.4013 12.0166 -2.80604 -5.17252 -0.339921
-14.7698 -26.1523 0.401246 -1.54851 -23.1387 -1.20972 -9.91117 -20.098 13.3093 -2.34244 -6.03473 -1.49302
-13.9648 -28.5557 -1.71743 -5.48946 -23.5057 1.04891 -8.80406 -22.2284 14.4392 -1.717 -4.34009 -2.64035
-14.7723 -26.4431 -4.19055 -7.75168 -21.0114 7.35035 -4.44602 -22.1491 11.1469 -1.54563 -3.12371 -3.15228
-11.3176 -22.4269 -1.55649 -4.57294 -20.8001 3.85714 -7.44878 -19.7892 11.5728 -3.483 -3.62614 -2.25715
-12.7886 -30.0704 0.748523 -5.97781 -23.6743 0.54128 -8.6699 -23.3486 13.746 -3.64866 -2.58812 -4.49227
-13.3414 -22.0722 -1.76423 -3.7649 -25.2222 3.93204 -11.2581 -20.213 11.5094 -3.81403 -3.87781 -2.29573
-20.792 -29.1545 -9.78421 -7.39916 -25.02 6.05626 -5.79291 -24.8139 14.5424 2.36368 -8.70034 0.302641
-14.4346 -31.2001 4.9766 -3.27655 -32.9177 -1.08837 -16.6868 -23.4945 15.398 -7.83649 -8.23671 2.61856
-6.05102 -13.2857 -1.32246 -3.89481 -13.3348 4.62354 -4.7166 -11.6575 5.4409 -3.95317 -2.3711 -1.90439
-5.42844 -17.3551 1.9966 -3.42946 -17.0695 2.61364 -7.92804 -14.6408 8.5163 -5.4017 -2.83753 -2.53242
-19.9 -32.431 -4.93531 -5.74492 -29.1603 2.25825 -10.5712 -26.0926 17.4295 0.439735 -10.1154 -0.135676
-11.4955 -23.2952 1.14116 -2.00353 -22.8824 -1.49664 -11.6696 -17.0204 13.1561 -1.49248 -7.03606 -1.56668
-22.8845 -28.4999 -13.042 -6.3074 -27.8751 0.219113 -14.5663 -23.141 14.8399 -1.00866 -9.65529 4.89347
-18.911 -35.1849 -2.21808 -6.54529 -27.465 4.15883 -8.40462 -27.9152 15.81 -3.3485 -5.72646 -1.09732
-13.6212 -21.9056 -11.055 -11.7658 -22.0291 -4.73539 -15.8386 -15.6272 9.39303 -6.18809 -6.07937 5.87214
-16.1329 -25.0298 -9.99234 -7.49649 -22.7536 -3.29535 -14.8132 -18.1258 12.5893 -1.69047 -5.97875 3.35163
-20.3942 -27.0444 -9.63392 -6.69553 -22.8551 4.58894 -4.88243 -22.9368 13.4514 3.21887 -7.47527 0.835899
-18.0693 -24.5832 -6.10366 -2.77482 -21.0274 -0.451751 -8.30937 -18.0251 10.9814 0.84929 -6.78127 0.0760375
-14.6795 -19.8353 -8.16105 -6.46574 -19.7108 0.663172 -9.65097 -16.6314 7.65172 -3.42496 -3.28152 0.659725
-15.2101 -26.5213 -4.71458 -5.49656 -21.998 2.97974 -6.97405 -21.7228 13.2563 -0.876507 -5.20554 -1.42576
-18.1219 -30.5293 -3.33463 -5.22839 -26.8687 3.71752 -8.64991 -24.3708 15.4367 -1.99572 -7.71807 0.145611
-13.8966 -26.0521 -3.42233 -4.28704 -25.0686 1.25414 -11.8643 -20.698 13.6489 -3.526 -5.4637 0.690339
-11.9475 -25.4086 -1.54922 -5.03761 -24.5378 2.38539 -10.5519 -21.1097 13.9604 -3.44198 -5.9691 -0.425014
-12.1166 -23.1823 -0.651622 -3.00916 -25.5086 0.214418 -14.5584 -18.682 12.4946 -6.98567 -6.75558 3.19336
-16.3639 -24.5277 -7.92569 -5.89543 -23.2802 -0.997983 -12.7432 -19.0274 13.1297 -1.16421 -6.53594 3.08976
-18.1784 -28.6821 -5.75498 -4.43042 -26.952 0.452622 -10.8751 -23.3865 16.3554 0.192994 -9.25902 0.334689
-15.7113 -29.3647 2.79456 -4.60683 -27.1306 4.29238 -9.75086 -21.7407 10.5311 -6.83338 -5.67464 0.112366
-19.3123 -21.3352 -9.84884 -4.21629 -18.9535 1.47126 -7.40347 -17.7105 7.32111 -1.89679 -5.54987 1.52074
-6.70942 -13.8932 -0.906495 -2.873 -14.7524 2.11269 -7.2928 -11.8376 6.2455 -4.6103 -3.89834 -0.268104
-10.545 -20.4468 -3.83025 -5.17874 -21.4312 0.775273 -11.5916 -16.5069 12.4863 -1.90381 -6.28356 0.671223
-15.8469 -23.9053 -6.92744 -6.64159 -19.7406 4.9875 -4.26423 -20.5915 10.6424 0.0852218 -3.81123 -0.158872
-11.8759 -26.2311 2.39711 -3.94767 -27.1676 1.70934 -13.0156 -20.8303 13.5469 -6.29854 -6.86331 1.28379
-16.8368 -25.5037 -5.79526 -4.82204 -23.3241 -0.503197 -12.1774 -18.9747 13.9125 -0.658378 -9.28756 2.39218
-14.8745 -22.8473 -5.12479 -3.19842 -25.0762 -0.366643 -12.774 -18.7789 13.6994 -1.60758 -8.84896 3.00854
-12.6309 -25.6841 -5.37144 -7.85685 -22.9364 3.75213 -9.68429 -20.7819 13.4409 -1.89651 -5.49472 -0.486726
-14.5374 -25.2595 -3.49069 -4.02314 -24.3873 0.410302 -10.3332 -20.4142 13.9094 -0.94061 -8.253 0.993967
-13.2896 -26.2047 -2.84344 -5.03525 -23.5222 2.06695 -9.31864 -21.6137 13.2882 -2.78242 -5.41901 -0.643471
-13.3535 -23.9608 -3.17806 -4.98752 -19.8151 2.95834 -6.87139 -18.7711 11.6339 -1.44547 -6.73388 0.433926
-9.03565 -20.7163 -0.666987 -4.22533 -20.561 1.00434 -9.53527 -16.6792 12.475 -1.89332 -6.20563 -1.48254
-14.2483 -23.0732 -6.80394 -5.11664 -22.5113 -3.65222 -15.1211 -16.6786 11.9944 -3.57327 -5.82086 4.68089
-9.80751 -15.1627 -6.70691 -6.06029 -16.4371 0.386326 -9.54696 -12.6776 7.03817 -3.64199 -3.96202 0.454038
-13.9036 -28.0958 2.26868 -3.41814 -27.906 1.9268 -12.8937 -21.7895 13.4267 -7.82103 -7.75538 2.90337
-14.5739 -24.9224 -2.98303 -3.12092 -25.6812 -2.1816 -13.8241 -18.7939 15.3407 -1.10738 -8.72275 1.42345
-13.5668 -25.1329 2.0351 -2.28341 -25.7774 1.79525 -11.9278 -19.6065 10.9109 -7.42697 -6.29417 3.44952
-17.1647 -31.3909 -0.27363 -6.508 -30.918 -1.24888 -14.9055 -24.0524 11.6626 -6.61522 -4.88667 4.40438
-16.9194 -31.0584 1.89894 -7.06229 -27.3892 5.36741 -9.29405 -22.2051 10.1831 -5.84908 -5.53412 -0.0926203
-10.192 -22.5279 -1.02933 -5.18612 -21.0654 0.161757 -9.56869 -17.1787 11.7069 -2.6676 -4.35596 0.151839
-15.8705 -27.8184 -0.994637 -4.83075 -25.8795 3.95538 -9.47561 -22.7857 13.1924 -4.74078 -6.62434 1.80567
-14.9166 -23.2981 -6.65556 -4.84105 -21.3269 -0.729722 -11.1674 -18.4371 11.4992 -2.71921 -4.56358 1.90992
-16.3239 -29.6569 -1.66484 -5.4107 -25.954 5.77973 -8.49353 -24.3564 14.0013 -4.70676 -7.1963 0.317226
-12.1264 -26.6476 -0.938602 -4.8066 -24.9613 -0.939895 -13.0057 -19.9544 12.3479 -4.43058 -3.90586 0.981016
-8.15715 -15.4921 -3.32097 -4.90981 -17.0462 -0.473523 -10.7538 -12.4075 7.8028 -4.16829 -3.97523 -0.301316
-12.3852 -30.7158 7.60952 -3.59147 -31.6804 -6.58859 -19.1582 -20.2945 14.7791 -6.92668 -7.8434 2.96218
-11.6546 -27.3259 5.43181 -4.77234 -25.9292 -0.635273 -13.0248 -18.4143 11.587 -6.04949 -7.20998 -0.0166859
-14.8475 -34.9202 8.90653 -5.66442 -31.7376 -2.9576 -16.8862 -23.0224 11.4355 -10.2791 -5.08208 0.123964
-7.26007 -15.2641 -1.19663 -2.11512 -18.2279 -0.746114 -11.048 -12.5669 8.31717 -4.17044 -3.05965 -1.80628
-28.4229 -16.8176 -11.9392 -0.669971 -13.7908 -17.1338 -4.03057 -6.22289 -5.99892 14.7356 -5.41696 -1.57101
-31.0353 -19.0075 -15.5394 -0.470266 -8.66795 -18.0844 -0.395733 -6.91079 -6.01333 13.9717 -6.90177 -0.611418
-32.6659 -20.9188 -23.2472 -5.15295 -11.467 -21.0379 -9.2266 -4.58318 -3.77945 12.2024 -8.19576 4.36417
-26.4572 -18.4828 -18.3844 -8.17522 -9.8894 -15.5285 -5.42205 -1.96932 -6.58982 10.6128 -3.10898 1.65636
-30.4679 -19.1184 -23.505 -7.66953 -11.2846 -10.7203 -1.80996 -6.46266 -4.65941 15.4103 -4.30226 -1.06714
-32.6341 -23.8491 -20.1781 -7.07242 -11.6749 -16.1297 -2.2128 -5.45285 -4.05974 16.4596 -5.29002 -0.325513
-32.729 -22.8877 -22.2612 -10.0094 -13.163 -20.2734 -7.12094 -2.56978 -8.61734 14.5828 -2.861 0.872581
-39.1507 -20.6404 -26.0293 -4.60511 -12.0884 -27.1993 -8.6447 -5.94195 -10.2533 16.0968 -9.79203 4.0636
-34.9482 -25.887 -17.9528 -8.14239 -8.68093 -24.9722 -4.46297 -1.44329 -16.8464 12.5123 -0.978069 -1.8214
-53.6386 -30.1786 -22.0704 -2.5876 -14.4106 -37.8893 -2.97078 -4.67881 -27.823 22.771 -0.896217 -8.58458
-30.0273 -18.8345 -19.4972 -7.24907 -9.62666 -14.2121 -2.68855 -2.38026 -8.90976 13.3198 -1.74013 -2.60668
-40.2959 -30.2774 -18.257 -3.82642 -9.99561 -25.499 -3.25284 -9.40955 -11.5699 10.2976 -3.2925 3.13011
-36.3868 -20.3986 -18.6756 -0.401466 -14.3274 -18.6572 -3.16637 -9.62094 -5.86994 15.704 -8.71984 2.5858
-31.3547 -16.5975 -21.4054 -4.45458 -13.4095 -4.95495 -1.18814 -13.7099 -5.25916 8.43349 -2.40702 2.62347
-21.2158 -17.5816 -9.26949 -1.65102 -11.8984 -8.81877 -1.41876 -8.72396 1.66898 11.0829 -6.16453 -1.92515
-33.6777 -16.1765 -19.0079 -0.0838635 -9.10401 -18.8643 -1.65103 -8.03847 -12.173 11.7432 -3.54371 0.683625
-26.8081 -16.9123 -20.4738 -7.60069 -11.6943 -16.1473 -5.02974 -3.6684 -6.37142 14.7203 -1.90401 -1.31923
-31.7427 -26.1636 -18.9361 -7.12006 -11.6637 -18.4816 -2.73673 -3.85501 -4.62911 16.8715 -4.60392 -3.14395
-24.4705 -23.3932 -11.8771 -4.74283 -7.54223 -11.9949 1.19755 -9.59616 -3.74138 9.30784 1.7281 -8.33559
-27.9339 -22.2712 -18.4957 -6.72644 -7.82675 -13.523 -0.20131 -5.69804 -4.3889 13.6775 -2.91473 -3.26962
-34.1434 -19.4865 -19.5051 -2.29944 -11.7654 -22.5779 -5.88515 -6.12814 -8.48738 14.6004 -5.89386 1.58111
-30.3674 -21.7162 -17.1884 -4.0587 -9.68184 -15.8802 -2.21681 -7.47228 -4.60674 12.1432 -4.89577 0.753845
-39.9193 -23.1286 -21.0676 -1.54138 -12.0219 -22.3571 -2.70126 -9.0413 -9.79593 15.9107 -6.84268 0.756095
-35.5681 -21.4428 -27.4701 -12.5251 -9.65818 -15.8892 -2.45156 -2.95644 -16.2131 14.7517 1.0165 -2.36325
-32.9549 -25.1937 -19.0493 -4.00639 -11.1757 -12.1889 -0.945732 -12.4836 0.0858269 11.9092 -5.75121 2.03162
-25.8394 -14.9715 -13.3764 -1.8055 -12.7818 -25.8545 -11.0349 0.639782 -9.5889 12.473 -3.07453 0.175808
-31.9775 -22.5478 -17.5653 -6.93363 -10.3127 -9.75052 1.51468 -5.94237 -8.5278 13.2049 -1.70679 -2.60774
-19.9983 -11.6742 -15.9913 -4.65711 -8.24999 -5.76293 -1.0167 -7.24829 -5.5807 7.35887 -0.869454 0.435319
-29.0356 -20.0502 -17.9806 -4.62857 -12.6327 -14.0153 -1.85364 -7.80294 -3.0033 15.6595 -4.60373 -1.64305
-26.1533 -16.7876 -14.4374 -0.370307 -14.3082 -8.45843 -3.0162 -11.9659 -0.583003 9.36911 -2.72928 -0.500642
-30.6623 -12.0881 -22.9273 -4.49173 -6.04128 -23.3174 -5.91022 -1.6283 -15.792 9.558 -2.64757 1.77979
-35.6884 -24.9357 -27.3082 -12.8612 -12.7534 -21.7012 -5.97822 -3.72178 -11.3116 20.721 1.06374 -7.30677
-33.9936 -23.7563 -19.635 -1.05118 -16.6426 -13.8763 -5.49074 -17.3314 3.59803 10.0135 -9.43971 5.78826
-39.9728 -22.8545 -30.186 -6.89294 -12.3145 -25.5368 -8.67671 -7.3176 -9.06325 15.7607 -4.20757 2.64795
-31.012 -17.7219 -24.9778 -9.68487 -13.1966 -23.5244 -10.5977 -1.42843 -10.9873 14.3139 -2.01911 2.12695
-33.0445 -19.1426 -18.8127 -1.91557 -12.7322 -18.3464 -3.4885 -7.36275 -5.76861 14.8575 -7.29345 0.509196
-37.6851 -30.5358 -19.5439 -8.89646 -14.7586 -22.2723 -6.50085 -4.02753 -6.60054 15.262 -3.03712 0.291587
-36.1223 -20.3682 -24.3189 -10.3002 -15.2571 -23.5261 -8.88756 0.818132 -16.8756 18.8445 1.141 -6.0287
-35.1829 -22.3325 -18.0659 -8.34634 -12.2728 -15.2002 -2.36726 -1.7698 -11.4029 13.8839 -3.33915 -0.749215
-39.3999 -27.2224 -25.7248 -7.816 -13.5502 -21.4502 -3.09344 -7.13659 -7.07878 19.6144 -5.02684 -0.677632
-36.526 -21.3281 -23.6734 -7.33282 -12.2134 -12.2048 -0.461424 -7.03018 -6.25724 16.2815 -4.27812 -0.295196
-29.9719 -23.5507 -19.9706 -9.12349 -6.69915 -15.4732 -1.24214 -3.72112 -8.50199 13.2017 -0.812497 -3.69488
-36.6372 -26.7467 -21.2654 -4.29801 -14.576 -16.9774 -2.15929 -10.2066 -2.91775 16.4965 -6.66771 -0.385434
-25.234 -19.0064 -16.8127 -5.41892 -9.03836 -6.89881 0.201145 -9.28873 -1.16422 10.8332 -5.34891 -0.422239
-28.7029 -19.5187 -21.47 -11.3566 -8.45878 -19.0721 -5.82412 1.63364 -14.0925 13.5182 2.28355 -4.45042
-31.9545 -22.1384 -17.1026 -2.48226 -13.671 -19.419 -5.62011 -7.70144 -2.68825 14.7138 -6.71798 0.463021
-30.4577 -17.4567 -22.4568 -7.86439 -9.52258 -19.9896 -5.92103 -0.362735 -10.4864 14.9782 -3.76682 -0.119226
-32.1406 -21.3753 -20.5578 -3.91679 -9.99355 -10.4708 1.78221 -11.5173 -3.32919 13.4858 -6.83199 -0.0204815
-32.0688 -23.0873 -25.2938 -11.5395 -10.1412 -23.3766 -8.08608 -0.404766 -11.7132 12.9175 -1.10479 1.44789
-36.8456 -32.2077 -25.7036 -13.9725 -13.3352 -22.0581 -5.3027 -4.13328 -9.31128 18.5209 0.0771864 -4.29843
-21.8567 -10.7368 -14.087 -5.12158 -3.52349 -20.0211 -4.11241 2.49938 -17.9578 9.94911 -0.698444 -2.95864
-25.6152 -19.7069 -13.6052 -2.87633 -6.62027 -14.6847 0.673779 -7.43247 -4.01632 12.1301 -1.46387 -4.8074
-35.7653 -26.1894 -24.7232 -8.13818 -12.518 -9.36011 1.51647 -11.1421 -3.73758 15.9022 -2.73184 -1.17213
-27.2836 -22.4356 -17.9758 -8.23909 -14.4595 -26.8366 -12.4647 2.27554 -10.1867 14.3323 0.178873 -2.03069
-29.3956 -19.0977 -18.1076 -4.17889 -16.7284 -18.0446 -8.68268 -6.95551 -2.99226 13.5909 -3.1074 1.91385
-25.4599 -17.2674 -17.0056 -7.46839 -8.25109 -13.0991 -2.67602 -1.98626 -11.0245 9.46087 -0.563341 -0.959399
-29.64 -19.367 -22.4387 -7.59513 -8.67636 -10.6445 -0.00825971 -5.36668 -7.08379 13.9204 0.1876 -4.22899
-34.2228 -21.1096 -23.8981 -7.72352 -15.0472 -16.2354 -5.67031 -6.41834 -8.22709 15.8101 -2.58683 -0.292302
-32.5729 -20.3024 -18.0345 -5.35005 -12.7783 -8.98108 0.00269173 -11.1175 -5.69795 11.4534 -2.80685 2.4945
-32.7403 -20.5235 -19.2317 -4.04355 -8.10212 -14.5886 0.315553 -4.59857 -12.3131 10.1876 -3.44163 0.104011
-30.4281 -22.2936 -19.2231 -6.95986 -13.6439 -17.1045 -5.88608 -5.61247 -6.66951 11.8817 -2.36408 1.96078
-33.9085 -21.2782 -22.919 -7.24789 -12.7523 -15.2409 -2.43327 -4.98579 -11.0541 14.8896 -1.87006 -1.66268
-35.6821 -22.4982 -24.5707 -8.608 -13.5154 -23.7166 -7.76006 -2.00466 -12.0311 16.2704 -3.30628 2.25778
-38.1332 -26.1467 -24.8324 -9.10641 -9.53618 -18.7383 0.514974 -5.62521 -15.904 13.8263 2.98035 -4.39295
-28.3699 -19.3558 -17.2684 -4.87666 -11.1814 -11.0892 -2.14134 -6.43291 -4.7418 10.4788 -1.82235 -0.873943
-36.3647 -25.4701 -21.5897 -8.56756 -14.562 -19.0063 -4.15681 -4.00245 -12.1093 14.7634 2.42198 -5.86372
-23.8396 -19.8731 -16.2795 -5.93996 -13.8557 -18.8425 -9.8744 -1.10027 -4.04296 14.4071 -2.22684 -4.43065
-26.2174 -22.0808 -17.2936 -7.50458 -13.5888 -20.0199 -7.98653 -1.98359 -4.73788 16.2598 0.637337 -6.97935
-34.8443 -25.6435 -23.3085 -8.00814 -15.9449 -17.5168 -5.24844 -8.27595 -1.80752 18.8245 -4.30548 -0.864002
-40.1459 -26.6517 -26.632 -7.66706 -11.0279 -17.1726 0.32133 -4.17518 -11.0441 17.6608 -1.28967 -3.36632
-25.1378 -18.3884 -16.9328 -3.91322 -9.61344 -12.6725 -1.15633 -8.00145 -2.02705 13.0773 -0.26833 -5.86112
-29.3844 -21.9814 -18.146 -5.05238 -8.29973 -12.5728 1.57333 -7.54465 -4.86599 14.0151 -1.23897 -3.91812
-26.6318 -15.7081 -13.5168 -0.47012 -8.85839 -20.4997 -4.8433 -5.63128 -12.0917 9.32768 1.65271 -3.24189
-29.2482 -19.035 -21.0187 -12.3729 -10.4337 -28.4917 -11.1084 4.61509 -18.9583 14.2038 1.88642 -4.08601
-27.8792 -19.6923 -15.7858 -2.76054 -9.74099 -10.4502 1.51749 -8.90648 -3.33334 12.8167 -1.88683 -3.75256
-34.9361 -23.1251 -22.3149 -4.89558 -12.9464 -10.9876 1.04759 -13.1156 -2.53211 16.8411 -5.39644 -1.21991
-36.2986 -20.648 -21.9962 -3.52828 -10.6159 -17.596 -0.00359243 -8.88793 -9.09135 16.9362 -3.73077 -1.44557
-25.7937 -17.5771 -9.15055 0.246855 -7.68776 -17.5987 -0.945377 -5.6945 -9.60872 10.7348 -0.456154 -5.68872
-28.787 -22.1716 -17.708 -6.10192 -10.6936 -12.9038 -0.356039 -7.67897 -3.80441 14.3131 -2.01327 -1.91522
-31.8048 -18.9627 -17.3607 -1.64277 -10.3448 -20.6367 -2.87566 -4.22097 -7.11783 16.8094 -6.314 -1.52257
-27.5848 -22.6206 -14.0095 -5.2604 -9.85997 -19.063 -2.80927 -2.90871 -7.36194 15.1747 0.0938869 -6.9478
-31.2775 -22.8275 -18.9064 -6.75576 -13.0062 -13.3041 -2.09104 -7.05666 -5.1475 15.9032 -0.990352 -3.10929
-33.3158 -23.5832 -20.9191 -6.51542 -15.3578 -14.4135 -2.70822 -9.98306 -2.5837 17.8016 -3.49385 -2.80814
-26.1755 -16.0019 -10.301 -0.587807 -12.3574 -20.516 -6.55378 -4.37364 -7.23345 12.1312 -2.16252 -1.6372
-32.0585 -22.6704 -19.003 -4.57009 -8.73123 -11.4073 2.34748 -9.14819 -4.82072 14.5937 -1.74069 -5.28535
-31.562 -24.2589 -19.1336 -6.68657 -10.9888 -18.5102 -1.98982 -4.77497 -6.41552 17.3366 -1.95538 -3.64273
-25.3124 -19.0583 -12.659 -4.05321 -10.7749 -16.4625 -2.72866 -6.80797 -5.74207 12.031 0.330494 -3.96821
-26.8477 -17.1021 -13.2748 -1.68397 -10.7956 -18.458 -3.82629 -3.31653 -6.26122 13.574 -3.51531 -1.96631
-34.2572 -24.5781 -23.8081 -7.94218 -11.2468 -16.2332 -1.05892 -7.09636 -5.73022 18.009 -2.64054 -2.84274
-30.9502 -22.3497 -20.4118 -9.20903 -13.4285 -15.4352 -3.97475 -6.03012 -7.51869 14.6572 2.71285 -5.12561
-35.884 -28.8113 -24.0907 -11.2653 -10.2651 -16.6273 -0.832094 -7.36112 -4.56795 17.4449 -1.67266 -2.79284
-27.7498 -25.1241 -12.5116 -4.72833 -14.0828 -21.8424 -7.21379 -5.38141 -3.75094 12.3607 -0.203212 -1.88275
-28.9764 -19.1912 -24.6568 -8.83846 -7.28138 -21.6889 -6.88876 -0.757886 -11.4178 11.7268 -0.711673 1.19446
-28.6033 -19.4526 -21.4388 -8.95771 -17.0849 -23.0309 -13.4859 -2.81095 -3.8673 14.1524 -3.02532 2.84066
-31.4602 -22.036 -18.3156 -6.17146 -13.7219 -25.1255 -7.86027 -2.29298 -8.76103 16.4977 -0.818184 -3.94535
-34.6495 -23.6692 -20.7328 -5.15386 -9.54697 -11.0107 2.94489 -8.96573 -7.77841 13.1613 -1.3072 -1.50936
-32.3444 -19.559 -16.1855 -2.23356 -16.5616 -22.1547 -6.82789 -6.19592 -5.8821 17.4618 -3.80069 -1.76155
-24.9097 -15.922 -17.2635 -6.3679 -7.0135 -14.3775 -2.34011 -2.69468 -10.4788 9.98381 0.515702 -2.50842
-35.5392 -24.4538 -25.7231 -7.43318 -14.2291 -17.3247 -4.36236 -6.8866 -2.72225 20.0038 -5.39814 -3.18543
-30.7207 -19.374 -19.4012 -5.80544 -10.4775 -17.4058 -4.64832 -1.50897 -10.1643 12.3058 -1.22767 -2.26374
-22.2412 -16.6483 -9.02899 -3.33275 -12.9485 -10.3208 -3.68012 -12.3468 -11.5488 0.527522 11.4197 -11.2667
-14.9725 -10.6316 -5.3093 -2.11597 -10.7255 -7.79055 -5.12849 -8.79893 -13.6811 -3.73451 11.8323 -12.3354
-17.4811 -14.9255 -8.81419 -3.26217 -6.26405 -10.8009 -0.832117 -11.5992 -10.2168 0.124661 10.6719 -12.2405
-29.9224 -23.2283 -12.4442 -0.562223 -5.13644 -16.7871 2.22097 -16.9314 -14.9373 -0.664883 8.56491 -8.19796
-30.2646 -29.0976 -11.7019 -8.02 -19.2594 -14.3197 -4.68055 -19.2128 -9.54073 1.98997 18.2139 -17.3695
-13.7132 -13.2652 -1.43118 -2.77315 -16.3442 -1.67448 -6.70783 -15.6876 -11.4976 -8.77506 13.511 -14.94
-23.4057 -15.3779 -3.27075 0.66443 -16.7819 0.231561 -4.0322 -23.4429 -18.6892 -13.1708 16.6248 -17.4362
-17.8339 -9.40539 -5.72349 2.22252 -7.9915 -6.96216 -1.98249 -14.731 -16.8668 -7.55711 11.8641 -12.5076
-21.7093 -12.3258 -8.80067 -0.284358 -9.74741 -5.27953 -0.743523 -15.0353 -16.379 -5.19654 12.4385 -14.136
-25.2101 -18.278 -13.7508 -5.23713 -10.0063 -6.22446 0.660699 -14.4624 -13.5233 0.97269 13.6296 -14.3859
-14.983 -15.9657 -6.08782 -6.03035 -10.8002 -8.8116 -4.4958 -15.8606 -12.5846 -6.9765 17.4163 -16.9121
-9.48772 -7.8465 -4.70037 -1.98198 -5.38304 -6.63312 -2.6569 -7.43219 -8.51035 -2.45634 8.13916 -9.85884
-15.4571 -11.931 -5.33265 -1.6971 -9.74772 -7.73935 -3.49871 -14.599 -14.1218 -7.24584 14.4622 -14.0336
-20.5598 -7.32083 -9.60437 3.32881 -4.56958 -11.8087 -0.0484372 -10.5413 -15.0746 -1.98248 6.58996 -7.6987
-16.9914 -13.3943 -9.8342 -6.50062 -9.06845 -11.5996 -4.69493 -7.41924 -16.2802 -0.385 14.7375 -13.1418
-10.8814 -9.80107 -3.33837 -1.97375 -7.40779 -9.00744 -4.12048 -8.16424 -9.69159 -3.19095 8.95785 -7.98139
-11.5288 -10.7257 -7.00025 -5.55521 -6.85368 -6.71647 -3.50879 -8.02179 -10.9881 -2.03777 10.1489 -8.16749
-18.361 -8.40182 -8.22729 -0.18687 -10.8381 -7.80236 -4.04998 -15.8488 -11.9534 -5.42495 13.2243 -12.1542
-23.4902 -9.40495 -10.9803 0.138759 -10.3454 -9.04826 -2.48851 -19.0399 -17.4537 -6.61349 14.9876 -12.9341
-16.9109 -11.4461 -7.36971 -0.362256 -7.80641 -6.86077 -1.40945 -16.1299 -12.9986 -5.74187 13.0729 -14.8407
-16.7381 -16.2562 -6.52134 -5.58031 -11.5928 -9.28013 -4.46141 -13.4444 -11.1638 -3.19857 15.3783 -14.7427
-9.32895 -3.63701 -1.20106 0.796472 -13.353 -11.1529 -11.2822 -10.2041 -14.0976 -8.3796 11.5729 -11.2769
-13.3275 -9.83053 -5.19721 -0.907793 -8.37815 -4.18966 -2.1576 -13.6182 -10.5809 -6.3948 10.992 -11.7172
-14.7674 -9.57961 -7.26429 -1.74584 -11.1236 -2.49916 -3.39916 -14.3568 -10.3149 -5.87873 12.8009 -11.5347
-7.78835 -8.88205 -3.30259 -3.05126 -4.32069 -8.50983 -3.58122 -6.51758 -8.11252 -3.6928 8.29898 -8.02349
-26.8178 -11.7372 -11.8305 1.2824 -8.56877 -4.18023 2.03517 -20.9713 -16.5703 -7.96279 12.2035 -11.6364
-14.0939 -14.1663 -6.02077 -4.12099 -10.4313 -4.77374 -2.33508 -12.8022 -7.67776 -3.54786 11.1332 -11.6364
-13.8557 -7.73885 -4.69391 1.57959 -9.02413 -2.60559 -2.3322 -14.7293 -12.2489 -7.68902 10.3135 -12.7161
-13.1322 -8.87456 -4.58363 -0.337186 -10.4824 -2.27881 -3.04148 -13.7682 -11.4842 -7.7329 11.2641 -12.2693
-11.8189 -12.5677 -4.46764 -3.45421 -6.98717 -5.37294 -2.16771 -12.0962 -11.0917 -5.56776 13.0879 -13.8343
-21.4383 -12.9713 -10.2502 -0.675838 -7.9681 -11.2443 -1.80871 -18.4983 -18.0245 -8.05 17.9117 -17.4306
-15.1226 -7.43877 -2.78575 2.99214 -10.0646 -4.73583 -4.20858 -12.6769 -16.5724 -8.06394 9.2725 -11.7977
-14.4441 -7.61355 -2.64952 1.5001 -10.175 -1.47337 -3.36888 -14.5163 -15.6257 -9.54927 10.2844 -11.963
-16.121 -12.5484 -0.295396 0.712424 -11.9397 0.0870376 -3.50521 -17.4829 -16.5139 -11.7666 11.7573 -13.1105
-12.6579 -4.59199 -4.63052 1.58803 -8.39978 -5.37994 -4.17214 -12.612 -13.9031 -8.27845 11.2972 -12.1876
-12.1262 -8.95963 -3.06182 -1.99443 -9.23372 -4.41302 -4.34446 -8.34356 -13.6069 -5.41325 9.58574 -9.32119
-17.2862 -14.9787 -9.20488 -6.58222 -11.2683 -10.5319 -5.1831 -12.2381 -13.1588 -1.89155 16.2733 -14.9217
-14.0127 -12.6752 -6.28735 -4.45018 -7.41507 -13.6395 -4.65976 -8.05337 -12.759 -1.81275 13.0589 -12.6196
-15.2232 -10.9294 -5.50643 -1.89599 -11.0101 -1.06265 -2.18759 -16.7475 -14.0767 -9.02996 13.9404 -13.4864
-16.8848 -15.3905 -5.0262 -2.81587 -12.6686 -1.37976 -2.60274 -16.6138 -13.1839 -7.4901 14.6886 -15.478
-14.8592 -0.429879 -8.14696 1.93043 -8.31646 -5.04251 -4.36016 -14.5169 -15.3593 -10.3004 9.79161 -10.0655
-9.76883 -8.13058 -2.44451 -1.02381 -9.44565 -2.11423 -3.97065 -11.4749 -12.3152 -7.60948 10.3932 -11.3243
-33.6257 -18.5097 -4.71571 2.20686 -9.07165 -11.9665 -0.653146 -22.8494 -34.7947 -13.3956 14.3286 -14.0657
-20.6577 -13.4705 -5.9319 0.705693 -12.6567 -2.47843 -1.81439 -18.4527 -14.7413 -7.63987 12.9804 -15.0996
-14.7051 -7.91929 -3.08584 0.650232 -8.89057 -5.22685 -3.59415 -13.1051 -19.5929 -9.55017 12.3891 -12.0037
-12.2185 -7.36064 -3.84076 0.497758 -8.53831 -5.91266 -4.15647 -11.4656 -14.0726 -7.38512 11.5802 -11.9647
-13.498 -11.1984 -1.57177 -0.278841 -10.9896 -0.539839 -3.43709 -15.0738 -14.1766 -9.53417 11.6398 -12.903
-16.1799 -10.8738 -1.93435 1.32964 -11.1991 -1.7752 -3.34385 -17.573 -18.5653 -12.2014 13.5108 -15.0545
-32.7914 -26.9223 -1.34641 0.928312 -16.7572 4.0043 2.54342 -27.9969 -25.5545 -13.7069 16.0164 -17.6856
-9.21575 -9.01135 -4.33316 -2.19729 -7.92694 -3.74328 -3.51497 -15.606 -8.61274 -8.98903 12.0507 -13.9721
-10.2826 -1.79157 -5.65057 2.17545 -5.28577 -11.9406 -6.6519 -2.83973 -14.0773 -4.01085 5.43781 -4.06291
-6.17136 -4.27389 -4.39879 -4.1954 -9.06644 -8.00456 -8.21429 -3.91381 -9.82677 -2.50227 8.64914 -9.44083
-14.3219 -7.15089 -6.13687 0.458603 -2.04341 -8.828 0.0647665 -16.7516 -17.5648 -12.9742 12.0439 -11.6506
-9.58608 -11.5589 -3.15707 -3.93569 -10.1783 -4.8224 -5.34421 -16.4387 -11.008 -11.5031 13.6161 -13.2752
-11.007 -8.407 -3.59546 -1.39993 -10.145 -5.42867 -5.01971 -12.7057 -11.5276 -7.19671 11.8757 -12.0369
-13.7203 -9.5213 -6.6486 -2.58802 -8.1916 -8.83598 -4.79754 -16.2029 -16.728 -11.0044 17.3452 -17.5373
-13.2216 -2.33974 -4.29186 3.32994 -4.48327 -7.49179 -2.47281 -13.1874 -18.8876 -10.7496 9.95569 -11.5001
-16.5968 -12.7013 -4.25371 -1.46585 -11.2907 -5.66124 -3.41927 -17.2354 -16.0872 -9.39751 15.791 -17.3008
-14.2827 -4.52988 -5.26906 3.92107 -3.61012 -9.04475 -1.48693 -16.4329 -16.8662 -11.2714 10.4856 -14.6599
-21.1385 -9.01886 -7.02875 1.82377 -9.39216 -5.1429 -1.97151 -18.9838 -20.9552 -10.8503 14.7933 -15.5807
-19.0252 -17.6795 -3.95974 -2.27923 -11.8474 -10.6147 -4.11103 -21.05 -14.6918 -12.1259 16.048 -12.612
-20.8194 -11.8251 -3.87971 0.749164 -12.6158 -2.96579 -3.66477 -18.3798 -19.663 -10.6079 14.9588 -15.0774
-24.4652 -16.0069 -2.14799 2.65025 -13.3761 -2.54544 -1.20078 -19.0258 -19.5466 -8.50468 9.03346 -12.226
-25.2166 -8.24943 -9.97715 2.982 -5.61645 -12.5186 -0.301271 -24.0903 -29.0969 -15.7178 19.0514 -19.7205
-22.2037 -2.42924 -9.1367 2.53971 -7.46324 -7.98405 -2.65593 -17.6729 -23.103 -11.4694 13.9308 -11.5686
-10.096 -10.4382 0.254764 -0.08378 -7.09884 -2.15812 -2.13866 -11.3733 -10.7037 -7.30446 6.39024 -8.95758
-15.4833 -1.49163 -7.65699 2.04398 -5.55183 -8.07638 -3.22409 -12.9688 -15.2961 -7.88714 8.82169 -8.7935
-6.45582 -9.74994 -0.0108117 -4.613 -13.1355 -7.31863 -9.7649 -8.90012 -11.4461 -6.56252 10.7177 -11.5842
-10.0884 -6.78158 -0.666664 -0.0509546 -14.8967 -10.6083 -11.7555 -14.5708 -11.5032 -12.0279 12.1166 -11.1326
-14.2753 -11.9391 -3.59714 -1.80955 -13.3394 -4.01279 -4.95232 -19.075 -11.4221 -10.6758 14.7795 -15.6531
-7.51897 -2.18745 -3.08826 1.16215 -4.61732 -6.79388 -3.41472 -8.40397 -13.441 -6.55153 7.50694 -10.8029
-12.856 -14.8533 -4.00773 -4.54568 -11.6968 -5.30861 -4.4704 -17.0266 -11.3588 -9.66083 14.178 -14.0598
-4.67464 -0.365439 -0.737694 0.82084 -9.41112 -5.90302 -8.3336 -8.84912 -12.3552 -9.5891 7.21101 -8.93253
-11.2995 -10.7067 -3.65007 -3.24094 -10.8195 -5.85723 -5.76277 -17.0958 -13.2893 -12.0487 15.7211 -16.6154
-11.0536 -4.67101 -3.07379 1.51837 -9.88017 -1.70993 -4.43422 -14.0237 -8.70633 -8.9436 7.3269 -8.74164
-9.31044 -11.7591 -2.4674 -4.49772 -16.7794 -9.43103 -12.0483 -16.4015 -11.1416 -11.4179 14.6777 -15.3558
-4.76232 -5.12394 -0.817648 0.437124 -11.942 -9.7275 -11.7756 -9.99345 -8.62204 -8.94425 8.65341 -13.0876
-19.6451 -22.4963 -13.5896 -6.721 -10.0902 -5.15707 -3.92678 -20.7297 -5.44288 -10.0255 10.8393 -3.384
-9.33692 -4.64357 -9.56661 0.284122 -2.64346 -11.771 -7.0726 -7.25611 -12.9364 -7.20825 7.76242 -10.1445
-13.715 -7.61443 -17.0097 -4.36098 -6.60458 -5.24243 -5.59724 -13.6218 -8.96724 -10.0108 7.64647 -3.87278
-6.93513 -6.38927 -4.06013 -0.985972 -6.53596 -10.8264 -8.97326 -5.05015 -11.1576 -5.6975 9.09152 -10.9021
-12.9626 -17.1704 -9.07202 -4.06885 -3.45177 -7.59637 -4.96003 -14.9749 -9.50027 -13.193 9.36899 -1.98643
-6.74261 -5.04437 -10.241 -4.7782 -5.45616 -3.82609 -4.53659 -8.4316 -6.74887 -5.24127 6.12754 -4.57285
-14.8366 -6.39189 -5.95187 2.34843 -3.86157 -8.45923 -0.555758 -15.7946 -13.2154 -8.2501 9.1039 -11.5449
-10.5781 0.197392 -5.17434 3.43955 -1.48012 -11.5342 -3.22648 -10.4537 -17.206 -9.26221 7.51668 -9.3312
-6.99288 -4.70189 -6.1255 -5.05087 -8.31129 -6.18219 -6.30003 -4.82629 -11.9864 -2.84257 8.18396 -8.50916
-13.5663 -5.29319 -5.10149 1.99805 -3.51039 -7.58731 -1.87421 -9.99289 -14.4095 -5.6879 7.90022 -8.63484
-9.95736 -5.7488 -13.3091 -3.76642 -2.50479 -7.09101 -5.58707 -9.29876 -9.1103 -8.57703 4.94516 -3.35367
-7.8987 -8.85208 -4.91534 -1.94863 -6.09108 -13.6594 -9.26187 -4.95567 -8.62279 -3.68964 7.4443 -8.6945
-12.3352 -16.0566 -1.85371 -5.31843 -10.1513 0.938643 -0.897934 -13.6404 -9.00815 -6.61432 9.19796 -8.24633
-14.2404 -6.40543 -4.74796 2.37279 1.18197 -9.83836 1.07434 -7.80153 -16.1598 -4.88806 6.48205 -8.98708
-14.6389 -16.3887 -1.10519 -3.8738 -9.80531 -10.3305 -4.74621 -10.1785 -16.7751 -6.28267 13.7726 -11.0531
-19.8415 -22.4327 -3.60617 -6.59501 -9.2078 -8.97655 -0.494952 -15.6006 -17.1448 -6.0195 15.2076 -11.93
-16.1096 -11.4715 -7.78945 -2.51736 -8.33948 -11.1944 -3.69091 -18.383 -10.4165 -6.9489 13.3326 -12.8528
-10.5596 -2.87824 -4.8592 0.717021 -2.00856 -12.3685 -3.52072 -10.7781 -12.3007 -7.94536 6.4557 -6.66409
-11.4926 -5.61753 -4.85696 -0.206361 -7.52323 -3.78592 -3.25081 -10.052 -16.5116 -6.84538 10.5447 -12.936
-19.3499 -16.0577 -9.88963 -3.67536 -4.04527 -12.0056 -2.26806 -19.9433 -15.1341 -13.2799 11.2588 -5.11819
-19.6076 -13.2661 -3.09343 -0.705091 -15.4175 -6.1408 -6.61088 -17.862 -24.5362 -10.9206 18.0458 -17.4653
-19.2543 -11.1881 -7.71351 -0.000599325 -11.8429 -2.36995 -2.85794 -23.7879 -16.5426 -13.6352 17.0363 -18.7067
-10.4315 -4.79543 -3.14613 0.491825 -10.0292 -3.0568 -5.5588 -10.1535 -13.6986 -7.93393 7.17413 -10.4906
-28.0157 -18.2321 -25.2723 -6.98731 -5.09687 -18.4089 -9.41707 -11.7749 -8.86834 -5.22818 -2.69372 15.9713
-37.7115 -25.9581 -31.9434 -11.2744 -6.70894 -18.9491 -8.85199 -17.6497 -8.19644 -4.27778 -7.90129 21.2675
-46.6375 -28.2783 -31.232 -3.5257 -5.67632 -21.1335 -4.61239 -22.7784 -14.3647 -5.50675 -7.87438 19.8769
-28.4838 -18.5381 -22.4285 -6.12928 -9.07243 -16.1297 -9.59811 -13.4008 -10.9738 -7.75772 0.178242 15.6274
-18.995 -12.0416 -14.4591 -5.90985 -11.564 -16.7367 -13.2082 -7.66945 -8.52125 -5.6789 1.15946 10.9743
-33.1468 -17.0408 -24.7491 -2.73074 -11.652 -17.7868 -11.2989 -16.1477 -11.9202 -8.49695 0.792638 15.118
-35.0935 -17.3116 -18.5311 0.650107 -10.8083 -16.2706 -6.45051 -18.1992 -16.2887 -9.22048 0.850472 13.1364
-27.739 -19.5027 -8.98002 -3.97127 -13.5643 -13.8318 -8.09775 -11.4674 -14.7083 -5.63085 -3.33052 13.3016
-36.4475 -19.2765 -30.5733 -5.63555 -7.54696 -14.5633 -6.75552 -16.5347 -5.30448 3.81288 -7.22658 11.5442
-23.9235 -14.5513 -22.2614 -8.5767 -6.35423 -15.673 -10.3799 -8.07959 -3.94642 -0.663224 -6.6301 12.9866
-34.5475 -23.3893 -27.0738 -6.58843 -7.38688 -20.4073 -9.72298 -14.7473 -7.75656 -3.97679 -5.58318 18.8845
-25.4666 -17.4984 -19.7988 -8.16575 -10.5424 -11.9585 -9.97909 -13.0192 -3.57104 -3.79798 -4.97733 15.014
-32.4354 -20.5512 -21.1065 -5.942 -7.0056 -15.2734 -7.0224 -20.7827 -11.5906 -6.15486 -0.0413936 9.5979
-18.6889 -12.4855 -8.83437 -3.43653 -10.6635 -18.2058 -12.2988 -5.43689 -10.8558 -4.6976 -0.768852 9.61027
-28.5607 -18.8019 -21.4337 -3.99502 -10.5801 -17.1059 -12.587 -14.5086 -5.26501 -7.20462 -3.54458 16.4694
-31.0364 -24.121 -27.3174 -10.878 -7.18966 -16.5891 -9.28284 -14.5034 -3.31657 -2.04771 -7.3483 17.006
-23.7127 -15.7734 -16.6571 -4.79757 -12.7831 -15.6796 -11.4534 -9.62626 -8.32699 -4.86324 -0.958212 12.8271
-39.82 -22.6031 -32.4551 -10.1912 -9.12645 -15.9433 -7.59254 -14.1186 -6.0449 4.03726 -9.30383 14.4209
-23.9979 -18.5382 -19.8791 -8.33893 -3.92476 -12.4335 -5.81863 -9.96335 -4.50324 -1.91719 -6.78537 11.924
-32.1997 -25.4753 -24.5877 -6.52637 -6.72195 -16.2819 -8.98796 -17.71 -7.04853 -8.2632 -4.23083 18.1201
-23.6091 -20.3559 -20.0251 -8.65459 -8.18263 -10.6028 -7.25568 -12.8469 -1.61694 -2.81909 -4.89262 14.0229
-13.0854 -15.4528 -8.99259 -5.67721 -4.0445 -7.26506 -5.0186 -7.30072 -5.12502 -5.59612 -0.985567 6.41787
-28.993 -22.7383 -18.7531 -3.5163 -1.80871 -19.5024 -6.46102 -12.907 -8.57508 -6.46382 -6.43011 14.5802
-27.6987 -28.2008 -11.977 -2.76428 -12.2098 -16.1645 -10.4902 -17.0284 -8.00029 -12.4296 -0.772977 16.4453
-30.2473 -24.0045 -26.2815 -12.4816 -6.7696 -12.5668 -6.33639 -14.7758 -4.32248 -1.53598 -6.60309 15.8169
-30.8345 -22.1517 -23.1481 -6.72144 -10.7657 -22.2357 -15.1731 -13.807 -8.56019 -9.6551 -2.44097 19.99
-27.3409 -13.4389 -17.4606 -0.982771 -7.89525 -13.987 -6.38054 -13.2041 -9.85151 -3.52923 -1.24706 10.4519
-31.7786 -19.685 -27.4359 -10.4784 -8.1772 -21.909 -13.6873 -9.68329 -8.35464 -1.69217 -6.94548 18.7823
-28.2627 -18.7546 -24.978 -8.06645 -1.98386 -18.9458 -7.2088 -10.4669 -9.24448 -4.80585 -4.76001 15.6336
-35.5086 -26.3261 -30.0296 -8.63695 -11.7983 -11.8313 -8.02368 -20.2098 -2.92353 -2.60994 -5.52515 16.6167
-20.0629 -16.2555 -14.7876 -5.3077 0.634067 -13.3654 -4.13582 -8.06489 -7.79692 -3.87231 -5.12507 9.14366
-23.1285 -16.7757 -19.5989 -7.31988 -6.18891 -17.1106 -10.5673 -8.96097 -4.43718 -3.73755 -5.59 14.5907
-27.2294 -17.1412 -20.3732 -6.27637 -12.4241 -10.4826 -8.65763 -13.1435 -4.04764 -1.02482 -5.19328 12.5819
-36.8022 -30.3601 -26.2676 -8.0493 -6.87782 -11.7742 -2.58878 -22.054 -6.02234 -6.97218 -6.16961 16.0243
-26.6431 -23.3009 -19.4969 -5.12119 -8.35698 -12.2571 -6.86331 -16.0621 -2.58537 -4.97544 -3.73272 13.5208
-24.9218 -18.9784 -21.606 -7.63895 -6.20914 -17.381 -10.6767 -11.2863 -7.15145 -5.53846 -1.03574 14.4532
-33.8359 -20.0522 -26.2115 -6.56696 -12.0153 -18.9263 -14.3806 -14.9988 -11.5945 -9.70797 -3.0515 19.2588
-30.0978 -17.2605 -14.8113 1.56073 -12.8286 -9.13199 -5.41873 -16.5445 -7.66099 -4.26336 -3.62819 9.49697
-21.4019 -8.75481 -22.0171 -7.91739 -4.48255 -19.0761 -11.8603 -4.95799 -11.8437 -4.20993 -3.05266 12.7833
-34.1995 -25.5708 -27.4117 -7.51051 -7.03075 -18.4234 -9.92886 -17.4809 -5.83462 -5.85534 -6.50174 19.17
-33.0054 -22.7538 -19.77 -2.5804 -14.4917 -16.2226 -10.9198 -17.4727 -5.73896 -6.84254 -3.75858 16.9341
-29.1893 -19.4288 -17.319 -0.973677 -12.5843 -17.5958 -12.7422 -14.1551 -6.91201 -6.47016 -3.0562 15.1415
-33.8291 -25.3176 -24.3927 -8.21387 -12.1209 -21.7236 -13.6051 -15.1405 -7.48821 -5.86085 -2.32785 20.3906
-20.6357 -17.7595 -19.2625 -8.10649 -6.21843 -14.702 -9.87531 -9.42732 -3.77772 -4.70638 -3.64237 13.9786
-13.9624 -17.5629 -11.8687 -8.55896 -3.35809 -10.264 -6.89315 -9.00781 -5.68136 -7.76515 0.0775953 6.47795
-25.0545 -19.6204 -21.6859 -7.0675 -9.45265 -14.2659 -11.0967 -13.7418 -1.68046 -5.05291 -5.09781 15.9727
-30.2099 -19.9689 -19.3332 -3.45875 -14.4201 -14.8502 -10.2715 -15.0674 -7.44613 -5.7614 -2.42477 15.4663
-22.8895 -17.7723 -17.6252 -5.81077 -6.98109 -17.2342 -10.2166 -9.1045 -5.94069 -3.93562 -4.84039 13.648
-33.8514 -21.9468 -27.8857 -5.67849 -9.5857 -16.0255 -9.62233 -17.9253 -4.99437 -4.39093 -5.51194 16.5269
-30.3081 -18.6183 -25.2823 -6.27816 -8.6328 -12.5329 -7.20556 -13.6637 -3.24057 1.46926 -6.69583 12.7912
-25.1247 -22.3887 -13.7239 -5.03828 -14.7668 -11.0379 -7.89572 -11.3813 -1.50398 -1.02247 -7.04713 11.9309
-29.2372 -21.8683 -17.6561 -4.65644 -14.318 -13.77 -8.84647 -13.1383 -3.09364 -1.255 -5.25549 14.3701
-25.1782 -19.0062 -13.1621 -2.65438 -14.0504 -16.8296 -10.8051 -9.28083 -2.93643 0.868978 -4.69528 11.8216
-25.4338 -18.6995 -17.0788 -6.7347 -10.8526 -19.0286 -11.8151 -6.97165 -7.27043 -1.70265 -3.31944 13.6425
-21.4324 -21.9544 -10.4493 -7.8504 -10.7774 -15.8192 -9.77739 -8.10125 -7.4949 -2.93051 -3.65363 11.7631
-22.6606 -17.5681 -8.69597 -3.55475 -15.8444 -11.4018 -11.0718 -10.4873 -5.81676 -4.28704 -3.58841 10.8362
-27.5548 -22.6327 -16.0838 -4.95849 -11.4204 -20.1838 -12.0884 -12.3053 -8.18946 -6.89342 -1.71906 16.5601
-22.4112 -16.1904 -11.4275 -1.78642 -15.1785 -19.651 -15.2934 -7.06953 -4.34402 -1.67899 -3.57986 12.4568
-25.4365 -19.4031 -17.1644 -4.09261 -14.7012 -14.3235 -11.8534 -12.3186 -2.85693 -4.62736 -4.83664 15.2897
-36.891 -28.5165 -24.292 -6.39464 -9.76877 -21.2047 -9.93683 -17.3545 -9.03525 -7.21686 -4.80303 20.5815
-23.8985 -16.587 -15.7258 -3.81142 -12.3667 -20.1091 -13.6581 -5.5825 -6.8093 -1.41876 -3.54921 13.0488
-29.0549 -23.8911 -20.3595 -7.90157 -9.94573 -13.4636 -7.99913 -13.1133 -2.81909 -0.244657 -7.64063 14.1556
-21.9478 -17.416 -13.3819 -4.49343 -12.2592 -12.6094 -8.97802 -8.49178 -3.65343 -0.678702 -2.65497 11.0568
-36.2539 -23.173 -28.3804 -5.98396 -14.3677 -14.4461 -9.38858 -19.2633 -5.88779 -4.59171 -4.54555 17.7502
-28.9305 -20.4061 -19.46 -3.77051 -11.6028 -18.8496 -10.2385 -10.704 -4.16132 0.485042 -5.1356 13.4257
-32.3106 -25.1133 -21.9115 -5.84087 -13.271 -16.234 -10.1973 -17.0065 -6.70123 -7.54954 -3.10136 18.5595
-22.6438 -21.9124 -12.0539 -2.72164 -11.9668 -15.2782 -10.7724 -11.3996 -1.82598 -4.69044 -3.45824 13.4628
-35.2984 -28.4523 -21.7461 -4.71425 -14.0181 -16.0917 -8.83389 -19.3659 -1.05997 -1.85161 -8.87185 16.9715
-27.6502 -22.9004 -23.2882 -7.32246 -11.4533 -17.8011 -11.8695 -11.4286 -4.06049 -3.26672 -4.33576 17.0664
-20.3952 -15.673 -12.79 -1.61712 -10.4343 -14.3259 -10.0378 -8.75311 -3.30982 -2.93049 -3.27923 11.6242
-24.8797 -18.1399 -13.0037 -6.10444 -11.9713 -14.4365 -8.30267 -6.9832 -5.22 2.30933 -7.1552 11.1521
-22.6843 -18.5184 -10.3731 -5.25864 -14.0833 -15.8331 -11.7819 -6.5715 -4.89047 -0.335948 -5.52977 11.929
-25.5853 -20.0359 -11.9055 -2.0271 -13.4946 -14.3368 -8.61252 -11.476 -2.20992 -0.742414 -4.81874 11.3634
-17.3034 -13.5108 -6.38355 -4.08089 -9.67216 -20.2499 -14.2347 -3.74301 -13.8686 -6.96902 -1.7682 9.50014
-25.3261 -19.407 -10.1874 -3.3777 -9.66617 -12.604 -5.0413 -11.8455 -7.65597 -2.05506 -3.98484 9.92838
-25.1932 -22.6372 -11.3422 -2.52933 -14.8227 -18.7207 -14.048 -13.9757 -2.03083 -7.15582 -4.01674 16.0995
-18.4111 -15.3003 -8.00278 -4.68223 -10.8906 -10.3745 -8.04558 -6.64746 -6.39346 -1.88312 -3.0434 8.67589
-25.0133 -20.5636 -18.5891 -5.12896 -13.1514 -16.2372 -12.1949 -11.1885 -2.19936 -2.41122 -4.77621 15.2243
-21.1372 -14.6402 -12.443 -4.54294 -11.9569 -18.6029 -12.8397 -3.83443 -11.8015 -2.86268 -1.2991 9.81636
-27.0831 -19.5199 -16.3715 -5.13418 -13.9199 -14.3141 -7.85865 -11.8344 -6.03458 0.317353 -5.4197 11.8423
-21.0968 -19.7337 -6.81574 -4.20608 -16.7835 -13.5092 -12.7409 -11.0799 -7.44713 -5.8977 -2.84058 11.2473
-24.2735 -20.7908 -12.4114 -6.27775 -16.3992 -20.1917 -15.9944 -7.31641 -5.68405 -0.740027 -4.39687 13.0116
-23.9204 -24.8081 -15.2573 -10.8302 -9.2332 -18.5208 -11.3421 -8.20257 -10.3707 -4.13949 0.328414 11.8837
-29.4756 -21.6411 -14.7637 -5.86143 -14.4809 -15.9182 -8.68998 -13.7848 -6.94449 -1.4772 -5.01095 14.0829
-19.8805 -21.0447 -6.89071 -3.56151 -14.6881 -16.4357 -14.8969 -10.0268 -4.81892 -8.05129 -3.174 12.9527
-28.2414 -22.4924 -12.2989 -6.55702 -14.6268 -12.0466 -7.95451 -11.1237 -7.58777 -1.46621 -6.30463 14.5292
-27.7418 -23.3879 -12.5231 -6.74937 -10.4588 -23.2482 -9.81814 -9.82055 -9.73529 -1.58901 -5.09727 11.3152
-21.8497 -20.1545 -10.793 -6.31667 -13.2559 -16.9418 -11.6557 -9.48981 -4.88959 -1.57129 -3.89791 10.6348
-23.2445 -21.1838 -9.50101 -6.47894 -16.8167 -14.3357 -12.3816 -9.0314 -3.69847 -1.32401 -5.38373 12.378
-26.1099 -22.2484 -15.5251 -8.37303 -11.887 -14.1967 -7.86354 -9.36514 -8.05257 0.313611 -2.88125 11.0784
-21.7029 -20.0639 -9.96753 -4.77286 -16.629 -14.255 -13.6817 -12.0333 -2.79165 -5.81468 -3.10101 14.1803
-24.3217 -21.0973 -11.8737 -1.20632 -16.3369 -16.3204 -14.2272 -12.2557 -0.0407213 -4.55307 -3.97484 14.4691
-19.4045 -18.2781 -8.5728 -4.39599 -15.0706 -14.5036 -13.1663 -9.36031 -3.5782 -4.97687 -3.01573 12.8195
-20.7922 -15.6826 -21.6129 -9.43957 -10.4252 -15.1716 -13.0258 -8.18038 -3.67294 -2.45498 -3.5025 13.2425
-19.401 -20.6922 -9.8569 -2.19007 -15.9389 -11.0244 -11.4198 -12.3737 2.11318 -4.04805 -4.91633 12.3529
-25.95 -20.0366 -13.0437 -4.51707 -15.0565 -12.4542 -9.39526 -11.8981 -1.84692 -0.927009 -6.22926 12.873
-19.9537 -20.4172 -9.29757 -5.34851 -18.5831 -14.8802 -15.7399 -9.44801 -1.61543 -4.57284 -3.38552 12.7255
-25.1737 -18.1929 -22.499 -8.96325 -12.2491 -12.617 -10.5736 -11.6912 -3.96959 -2.741 -4.53338 15.2885
-20.6993 -18.3047 -5.76696 -1.62284 -17.2857 -16.3545 -14.0978 -6.6578 -4.72393 -3.07232 -5.30506 11.9048
-20.8974 -17.1875 -10.1288 -3.25299 -15.8535 -20.4659 -16.9344 -6.59566 -3.63057 -4.02936 -4.47886 13.6798
-3.62551 9.74187 -9.19502 -2.63003 4.07363 -20.217 -10.3611 1.22387 -23.4609 -7.92397 1.93944 -11.0232
-2.5396 7.96621 -10.7094 -4.07035 2.03642 -19.4027 -11.0986 3.862 -19.2034 -4.34339 2.21108 -9.17187
-3.01461 9.20591 -11.9873 -4.08671 3.48664 -24.0579 -13.0032 6.68495 -25.7145 -6.10485 3.66736 -11.8816
-6.11783 10.5806 -9.82289 0.646439 1.0524 -23.6768 -14.5454 0.675149 -26.0525 -11.4355 1.61944 -8.03795
-10.0962 14.7806 -14.3665 1.24211 2.57604 -20.8778 -10.6487 -2.30243 -26.2737 -10.8315 2.1454 -10.0286
-1.95222 8.68993 -7.89252 -1.99623 3.44451 -17.8186 -9.63495 1.84392 -20.037 -6.98855 1.34078 -8.89913
-6.08016 11.6879 -8.202 1.29795 1.11664 -19.6022 -11.5354 -1.45938 -23.9551 -11.4401 1.73307 -7.81834
-5.95972 10.2155 -8.888 1.51859 0.438203 -19.8949 -12.474 0.569818 -22.5988 -9.74033 2.05405 -8.45849
-6.95007 8.99098 -9.59754 -0.878122 -2.55282 -24.9947 -16.8018 0.290965 -23.6911 -11.2502 1.05938 -1.9084
-8.24851 12.1688 -13.1258 -0.306344 2.01811 -24.0665 -11.2965 3.53112 -28.0405 -5.94982 2.14453 -8.43851
-12.821 6.44316 -10.8186 3.27705 1.25717 -26.3364 -13.7822 -3.57938 -25.8986 -13.5014 2.68389 -3.2866
-16.4208 15.4949 -11.0302 5.6478 -2.42315 -29.0646 -15.3329 -3.96507 -31.9871 -12.1048 -0.66529 -4.83863
-7.98791 7.78053 -5.86767 2.84446 2.63025 -10.7691 -5.03754 -5.13839 -19.265 -10.5309 -1.54367 -5.7803
-4.46169 11.2514 -10.6166 -0.40328 1.42364 -19.486 -11.853 2.14154 -23.7742 -9.63536 2.05095 -6.85908
-7.06534 12.0152 -8.93764 2.3288 2.28915 -20.4199 -11.1052 -1.90717 -26.1305 -12.1355 2.37873 -9.88998
-13.7253 12.7648 -14.0472 3.16914 2.40029 -26.6611 -11.4466 0.856745 -31.9667 -6.74592 1.33986 -8.67485
-9.89441 12.2061 -12.63 2.42399 4.18525 -22.526 -10.5297 -0.66403 -29.0491 -10.7643 1.71807 -9.13976
-10.2604 12.5141 -8.99769 3.77993 1.53655 -19.3791 -9.70059 -3.95296 -26.2097 -11.534 1.97242 -9.26782
-4.9429 8.7317 -5.76151 1.11994 1.32129 -16.3215 -9.8587 -2.80232 -19.6637 -10.576 0.146242 -7.82175
-8.44432 13.6664 -10.3961 2.14215 2.51444 -20.3613 -10.5348 -2.71332 -28.3132 -12.31 2.85147 -9.64151
-11.6262 13.7976 -13.1033 2.23358 5.32228 -22.3286 -9.29482 -3.78834 -30.5941 -12.2331 3.2211 -11.4215
-13.2965 14.0494 -13.7708 4.21876 3.86973 -25.5595 -11.9343 -2.39161 -33.258 -12.0746 2.27754 -11.0434
-15.2302 15.7699 -12.9186 5.98656 1.84937 -23.4607 -10.6633 -4.45829 -32.349 -12.0194 0.147797 -9.25831
-10.3514 13.4373 -12.5355 1.98694 4.38257 -23.2518 -10.1292 -2.29147 -29.9169 -10.5606 3.10118 -11.8806
-14.9784 13.1226 -9.84601 5.74841 -0.306466 -22.3825 -9.59342 -5.6443 -28.616 -11.5603 2.71931 -7.11715
-14.4608 10.1363 -10.8007 6.09271 1.51433 -22.5709 -9.36372 -4.29779 -27.2037 -10.479 2.69553 -7.42194
-17.2837 13.2769 -14.1584 6.801 6.13866 -23.8414 -7.97697 -7.01172 -34.6346 -14.7958 1.78165 -11.5015
-10.0469 17.2578 -13.6635 1.06592 1.64887 -25.3961 -13.5181 -2.03837 -31.1638 -13.5751 1.65274 -7.66225
-7.33398 11.5986 -10.3508 0.0333323 2.32518 -21.5444 -11.4844 -2.74932 -25.7317 -12.146 4.56533 -9.17138
-9.50007 14.1512 -11.4159 1.3404 1.6245 -20.9521 -10.6574 -3.48737 -27.0126 -12.4619 3.57731 -7.94338
-3.80145 -11.0529 7.21358 1.53002 -19.2486 -1.06774 -13.7081 -10.4774 1.89667 -7.70705 -3.73105 -6.54227
2.09334 -6.24147 6.54275 -1.81453 -12.4961 -4.83747 -13.1197 -4.99076 -1.87789 -8.5713 -2.40549 -4.96991
-6.07183 -14.7904 7.32444 0.591351 -19.9488 2.77373 -11.1218 -12.8993 3.16402 -7.87152 -4.603 -5.09487
-12.3282 -13.559 10.1179 5.99984 -20.0532 -15.7434 -15.9224 -9.18319 -4.31266 -4.38395 -4.76023 -4.96007
-4.45191 -17.1199 11.1349 0.394732 -22.9199 -4.38001 -16.7344 -12.0073 3.96601 -8.47791 -3.90345 -4.71769
-4.45628 -18.1099 12.346 -0.171449 -24.9231 -10.4501 -19.8412 -11.087 1.93262 -8.0198 -1.98629 -7.98332
-2.46991 -9.01286 5.71997 -0.572559 -15.3673 0.577646 -10.1206 -8.25119 -0.126065 -7.00481 -3.11736 -5.40542
-12.8262 -19.7933 9.35191 -0.225796 -24.8303 0.764266 -11.1408 -15.6402 -0.421569 -8.30973 -2.25727 -3.99816
-5.91557 -13.9147 6.89417 1.099 -17.1051 -1.45433 -9.62851 -10.2234 1.75499 -4.89103 -3.92667 -5.59748
-4.80501 -13.5943 6.244 -2.01763 -19.9598 2.55508 -11.2276 -13.5197 -0.961082 -11.4657 -0.0288746 -4.95405
-7.06896 -8.56828 7.45793 4.15955 -18.9105 -13.1479 -17.4781 -8.95354 -3.7036 -7.60155 -2.3712 -2.29251
-6.36494 -16.7569 10.9579 0.841099 -22.7991 -10.5336 -16.7883 -10.1658 1.35326 -5.7059 -2.82447 -6.46055
-6.82381 -15.2706 6.43815 -2.16276 -25.0305 0.395627 -14.7593 -14.8985 -1.76337 -14.3407 -1.97197 -4.69175
-4.07553 -14.1503 10.9982 1.77801 -19.8117 -6.06691 -15.6787 -9.914 1.0169 -7.76521 -5.50378 -5.14762
-5.17446 -10.9016 5.95764 -0.441405 -23.1479 -6.37412 -18.45 -11.2464 -2.69006 -11.9866 -1.81732 -2.21152
-3.77621 -10.2687 5.46793 0.680494 -17.7385 -5.52848 -14.6741 -9.42108 -1.98797 -9.98095 -0.800034 -3.38103
-5.66625 -17.5021 7.71981 -0.337609 -20.9198 -1.21445 -12.0874 -13.443 4.26449 -5.19356 -3.21018 -7.47762
-5.9516 -19.9887 9.597 -1.12526 -20.0768 -1.00537 -10.8447 -12.6177 3.64658 -6.02226 -2.7142 -6.76128
-8.14975 -16.0107 7.79409 1.5633 -25.0526 1.48175 -15.4418 -16.13 0.724237 -10.4352 -1.62238 -7.76631
-4.48291 -19.2493 9.82305 -1.99379 -28.2111 -2.26424 -19.7157 -16.0819 5.6052 -11.3205 -1.54488 -5.7755
-7.19299 -14.841 5.84946 -2.06805 -17.0521 4.03724 -7.33746 -13.5404 -3.77443 -8.27067 0.84563 -7.34371
-3.05789 -13.3202 10.7479 0.87431 -21.1659 -7.28989 -17.7941 -10.3903 0.375993 -10.2255 -2.31896 -3.08074
-3.89167 -17.4225 11.5151 0.385863 -22.2319 -9.11293 -18.6856 -11.2234 2.76428 -9.93604 -2.64922 -4.6088
-2.15442 -11.666 7.85552 -0.818605 -21.9568 -3.07909 -17.3294 -12.1306 0.726862 -11.0846 -2.62445 -4.00914
-2.12629 -12.9217 11.1556 0.256808 -23.7356 -9.74904 -20.7412 -9.22527 0.919692 -9.23762 -3.77554 -6.38566
-10.5957 -18.149 7.99879 0.21641 -25.4951 4.11778 -13.4814 -17.6764 1.28057 -11.1376 -3.04444 -4.65743
-1.49673 -11.5572 8.96922 0.0781053 -20.9936 -8.18472 -19.1781 -10.0814 1.29114 -11.0022 -2.98257 -2.23596
-4.94554 -19.277 10.2923 -0.18025 -25.319 -6.56099 -17.7042 -14.2258 6.47421 -7.64232 -4.13875 -6.431
-4.92708 -17.1304 10.4217 -0.754166 -24.1543 -0.817404 -15.4966 -13.7562 2.82178 -9.69552 -1.75565 -4.94911
-6.5617 -14.809 10.9864 1.70717 -21.5695 -12.5785 -17.4047 -9.26994 -0.503587 -7.10036 -2.60868 -4.77655
-16.5518 -0.220918 -5.01951 8.90962 -4.73051 -8.38182 -1.35292 -10.6993 -13.8883 -5.23745 1.18032 -10.6659
-22.964 -2.39718 -4.12548 11.7574 -7.11523 -11.2038 -1.75302 -16.6973 -18.8765 -6.76403 2.96183 -10.6399
-26.3512 -8.28658 -5.57838 15.8166 -1.91995 -16.3447 -2.34906 -15.8748 -19.7965 -13.5366 1.16099 -4.84267
-18.8543 -1.76651 -2.36203 14.0874 -7.60839 -12.5447 -7.16869 -11.8532 -14.5225 -9.88651 -0.305146 -6.31051
-21.9815 -0.710048 0.688651 16.2483 -11.7272 -22.9418 -11.0327 -10.5038 -19.2722 -6.02949 -2.23146 -11.3162
-21.606 -11.6044 -8.62905 4.16947 -10.9692 -4.97387 -0.305437 -11.8394 -8.66168 2.94399 3.03913 -12.1866
-19.8836 -6.41977 -2.01028 13.5728 -6.08179 -12.876 -4.33183 -14.1172 -15.0171 -8.73262 0.602228 -8.24999
-20.9967 0.843333 -7.04307 11.1088 -6.2846 -7.87402 -0.985775 -13.6952 -19.5167 -6.64189 3.60849 -11.2665
-22.8976 -2.73933 -3.34822 13.8811 -4.95339 -11.8811 -0.763986 -13.8115 -17.4019 -7.12905 -0.13842 -7.72651
-22.8803 2.43125 -6.67194 13.4178 -1.77462 -15.5251 -3.43252 -12.9291 -28.2523 -14.1679 3.35325 -7.02027
-22.4892 4.8873 -4.56098 14.4379 -3.49614 -13.9823 -2.18161 -12.7762 -26.1657 -9.80871 1.33996 -9.09163
-17.4249 -3.10558 -4.08885 7.96792 -5.95476 -5.00311 -0.0644699 -11.9484 -12.2085 -2.60081 -0.348289 -8.50739
-21.7058 1.25975 -8.13035 11.229 -3.61872 -7.06517 1.09379 -15.0324 -20.8148 -7.31157 2.91114 -12.5719
-17.3746 3.46293 -5.50156 11.1351 -0.00183798 -10.951 -0.770494 -12.5942 -21.6335 -10.5741 2.36341 -11.6196
-14.3208 -2.16686 -2.55687 8.16368 -4.1916 -7.87498 -4.07378 -8.54408 -14.1446 -9.65474 -1.3879 -1.49369
-12.4899 2.56843 -2.39991 8.83664 -3.01822 -9.18417 -3.66566 -9.35321 -18.6814 -10.9288 3.38623 -8.47643
-17.5202 2.16745 -4.56262 11.8332 -0.312812 -12.703 -2.81079 -8.59011 -22.9479 -11.322 0.458928 -6.17184
-23.7374 -3.62915 -2.91997 14.6719 -6.24818 -16.1798 -5.77602 -11.8515 -21.6357 -11.6601 -0.319605 -3.02515
-28.2622 -5.59497 -6.86455 13.8596 -0.264726 -14.8464 1.20525 -14.1854 -23.8022 -10.8822 -1.64968 -2.68848
-24.833 -3.03087 -5.89538 13.7052 -0.45258 -12.4158 0.795323 -14.0863 -25.6069 -12.8007 2.72754 -7.42906
-27.4018 -0.121111 -2.61439 17.9386 -9.61737 -18.0003 -7.82914 -15.4285 -26.1974 -11.7365 2.09841 -8.23438
-16.0256 -4.30387 0.200828 11.4617 -5.66333 -12.1424 -6.0467 -9.56742 -13.7533 -10.1272 -1.57172 -2.4593
-23.1121 3.25452 -7.36607 12.2564 -5.18319 -16.1883 -6.49242 -11.6663 -26.738 -13.4221 1.59044 -1.93056
-24.2433 0.737363 -5.98502 13.4474 -2.09693 -9.35892 1.85899 -16.9902 -26.7375 -10.9875 4.63492 -12.9494
-30.9798 -6.24581 -7.44584 14.8679 -4.21015 -19.0826 -4.09639 -19.2197 -29.7118 -16.8186 4.974 -5.69018
-19.2603 -2.92978 -3.25024 10.8377 -10.5946 -18.3212 -12.499 -11.442 -18.86 -14.1416 1.82336 -1.61219
-19.8188 -12.691 -4.41102 8.32648 -3.1775 -5.36348 -1.54205 -14.959 -10.8795 -13.5399 0.12594 -1.91086
-16.3732 -1.94198 -4.35108 11.9326 -1.8417 -8.40869 -2.824 -12.3975 -17.3812 -13.1709 0.931098 -7.3729
-21.1537 0.848574 -5.61343 12.4251 0.649377 -11.4718 0.484845 -13.3209 -26.1382 -13.0888 3.34281 -10.4024
-24.4765 1.00203 -3.88368 13.639 -7.1575 -17.2293 -3.87862 -16.2157 -24.2169 -8.86281 3.11575 -9.58867
