8.094750 -5.811120 -4.762520 -5.730423 -2.382981 0.145939 -5.140461 -2.573618 -2.534001 -6.032348 -1.671934 -5.304176
8.355880 -4.925877 -4.325377 -5.280157 -2.565311 0.138022 -5.170381 -2.201417 -2.004486 -5.216517 -1.113219 -5.011423
8.355880 -4.925877 -4.325377 -5.280157 -2.565311 0.138022 -5.170381 -2.201417 -2.004486 -5.216517 -1.113219 -5.011423
8.355880 -4.925877 -4.325377 -5.280157 -2.565311 0.138022 -5.170381 -2.201417 -2.004486 -5.216517 -1.113219 -5.011423
8.355880 -4.925877 -4.325377 -5.280157 -2.565311 0.138022 -5.170381 -2.201417 -2.004486 -5.216517 -1.113219 -5.011423
8.355880 -4.925877 -4.325377 -5.280157 -2.565311 0.138022 -5.170381 -2.201417 -2.004486 -5.216517 -1.113219 -5.011423
8.355880 -4.925877 -4.325377 -5.280157 -2.565311 0.138022 -5.170381 -2.201417 -2.004486 -5.216517 -1.113219 -5.011423
7.731707 -7.625878 -2.683499 -5.826266 -4.414115 1.565271 -5.127363 -3.881067 -1.633764 -6.568159 -1.805780 -5.533997
8.355880 -4.925877 -4.325377 -5.280157 -2.565311 0.138022 -5.170381 -2.201417 -2.004486 -5.216517 -1.113219 -5.011423
8.080221 -5.773029 -4.766347 -5.696842 -2.345070 0.110982 -5.132313 -2.539709 -2.539102 -5.986788 -1.697655 -5.280480
8.355880 -4.925877 -4.325377 -5.280157 -2.565311 0.138022 -5.170381 -2.201417 -2.004486 -5.216517 -1.113219 -5.011423
8.355880 -4.925877 -4.325377 -5.280157 -2.565311 0.138022 -5.170381 -2.201417 -2.004486 -5.216517 -1.113219 -5.011423
8.355880 -4.925877 -4.325377 -5.280157 -2.565311 0.138022 -5.170381 -2.201417 -2.004486 -5.216517 -1.113219 -5.011423
8.355880 -4.925877 -4.325377 -5.280157 -2.565311 0.138022 -5.170381 -2.201417 -2.004486 -5.216517 -1.113219 -5.011423
8.355880 -4.925877 -4.325377 -5.280157 -2.565311 0.138022 -5.170381 -2.201417 -2.004486 -5.216517 -1.113219 -5.011423
8.355880 -4.925877 -4.325377 -5.280157 -2.565311 0.138022 -5.170381 -2.201417 -2.004486 -5.216517 -1.113219 -5.011423
8.355880 -4.925877 -4.325377 -5.280157 -2.565311 0.138022 -5.170381 -2.201417 -2.004486 -5.216517 -1.113219 -5.011423
8.283919 -4.769694 -4.461012 -5.198089 -2.316888 -0.015234 -5.108968 -2.083858 -2.175092 -5.278656 -1.242202 -4.986515
7.225229 -6.584011 -2.445625 -5.012097 -3.830968 0.842234 -4.926287 -4.022845 -1.274557 -5.745714 -0.636113 -5.207997
8.355880 -4.925877 -4.325377 -5.280157 -2.565311 0.138022 -5.170381 -2.201417 -2.004486 -5.216517 -1.113219 -5.011423
8.355880 -4.925877 -4.325377 -5.280157 -2.565311 0.138022 -5.170381 -2.201417 -2.004486 -5.216517 -1.113219 -5.011423
8.355880 -4.925877 -4.325377 -5.280157 -2.565311 0.138022 -5.170381 -2.201417 -2.004486 -5.216517 -1.113219 -5.011423
8.355880 -4.925877 -4.325377 -5.280157 -2.565311 0.138022 -5.170381 -2.201417 -2.004486 -5.216517 -1.113219 -5.011423
8.355880 -4.925877 -4.325377 -5.280157 -2.565311 0.138022 -5.170381 -2.201417 -2.004486 -5.216517 -1.113219 -5.011423
8.355880 -4.925877 -4.325377 -5.280157 -2.565311 0.138022 -5.170381 -2.201417 -2.004486 -5.216517 -1.113219 -5.011423
8.355880 -4.925877 -4.325377 -5.280157 -2.565311 0.138022 -5.170381 -2.201417 -2.004486 -5.216517 -1.113219 -5.011423
8.355880 -4.925877 -4.325377 -5.280157 -2.565311 0.138022 -5.170381 -2.201417 -2.004486 -5.216517 -1.113219 -5.011423
8.355880 -4.925877 -4.325377 -5.280157 -2.565311 0.138022 -5.170381 -2.201417 -2.004486 -5.216517 -1.113219 -5.011423
8.355880 -4.925877 -4.325377 -5.280157 -2.565311 0.138022 -5.170381 -2.201417 -2.004486 -5.216517 -1.113219 -5.011423
8.355880 -4.925877 -4.325377 -5.280157 -2.565311 0.138022 -5.170381 -2.201417 -2.004486 -5.216517 -1.113219 -5.011423
8.355880 -4.925877 -4.325377 -5.280157 -2.565311 0.138022 -5.170381 -2.201417 -2.004486 -5.216517 -1.113219 -5.011423
8.355880 -4.925877 -4.325377 -5.280157 -2.565311 0.138022 -5.170381 -2.201417 -2.004486 -5.216517 -1.113219 -5.011423
8.355880 -4.925877 -4.325377 -5.280157 -2.565311 0.138022 -5.170381 -2.201417 -2.004486 -5.216517 -1.113219 -5.011423
8.355880 -4.925877 -4.325377 -5.280157 -2.565311 0.138022 -5.170381 -2.201417 -2.004486 -5.216517 -1.113219 -5.011423
8.093246 -5.715626 -4.762095 -5.680354 -2.359627 0.114013 -5.116426 -2.533714 -2.513397 -5.959745 -1.631880 -5.278333
8.355880 -4.925877 -4.325377 -5.280157 -2.565311 0.138022 -5.170381 -2.201417 -2.004486 -5.216517 -1.113219 -5.011423
8.355880 -4.925877 -4.325377 -5.280157 -2.565311 0.138022 -5.170381 -2.201417 -2.004486 -5.216517 -1.113219 -5.011423
6.590125 -8.414070 -4.838678 -7.549010 -4.787516 1.732664 -5.752963 -4.215904 -1.240040 -6.352685 1.040852 -5.043630
7.470687 -4.493360 -4.295959 -4.946486 -1.899526 0.002059 -4.534403 -1.974991 -2.167443 -5.225906 -1.092330 -4.587920
8.293965 -4.920633 -4.289302 -5.286697 -2.547275 0.132977 -5.134108 -2.116270 -1.953835 -5.152210 -1.119104 -4.929032
8.208918 -4.948162 -4.206131 -5.228272 -2.466610 0.188308 -4.994799 -2.233579 -1.903870 -5.151773 -1.191526 -4.818738
8.355880 -4.925877 -4.325377 -5.280157 -2.565311 0.138022 -5.170381 -2.201417 -2.004486 -5.216517 -1.113219 -5.011423
8.355880 -4.925877 -4.325377 -5.280157 -2.565311 0.138022 -5.170381 -2.201417 -2.004486 -5.216517 -1.113219 -5.011423
8.355880 -4.925877 -4.325377 -5.280157 -2.565311 0.138022 -5.170381 -2.201417 -2.004486 -5.216517 -1.113219 -5.011423
6.525889 -8.445406 -2.684587 -5.841410 -4.349853 1.698649 -4.628648 -3.944573 -1.970493 -6.922348 -2.503710 -5.458643
8.355880 -4.925877 -4.325377 -5.280157 -2.565311 0.138022 -5.170381 -2.201417 -2.004486 -5.216517 -1.113219 -5.011423
8.355880 -4.925877 -4.325377 -5.280157 -2.565311 0.138022 -5.170381 -2.201417 -2.004486 -5.216517 -1.113219 -5.011423
8.355880 -4.925877 -4.325377 -5.280157 -2.565311 0.138022 -5.170381 -2.201417 -2.004486 -5.216517 -1.113219 -5.011423
8.355880 -4.925877 -4.325377 -5.280157 -2.565311 0.138022 -5.170381 -2.201417 -2.004486 -5.216517 -1.113219 -5.011423
8.355880 -4.925877 -4.325377 -5.280157 -2.565311 0.138022 -5.170381 -2.201417 -2.004486 -5.216517 -1.113219 -5.011423
8.355880 -4.925877 -4.325377 -5.280157 -2.565311 0.138022 -5.170381 -2.201417 -2.004486 -5.216517 -1.113219 -5.011423
8.355880 -4.925877 -4.325377 -5.280157 -2.565311 0.138022 -5.170381 -2.201417 -2.004486 -5.216517 -1.113219 -5.011423
8.355880 -4.925877 -4.325377 -5.280157 -2.565311 0.138022 -5.170381 -2.201417 -2.004486 -5.216517 -1.113219 -5.011423
8.355880 -4.925877 -4.325377 -5.280157 -2.565311 0.138022 -5.170381 -2.201417 -2.004486 -5.216517 -1.113219 -5.011423
8.355880 -4.925877 -4.325377 -5.280157 -2.565311 0.138022 -5.170381 -2.201417 -2.004486 -5.216517 -1.113219 -5.011423
8.355880 -4.925877 -4.325377 -5.280157 -2.565311 0.138022 -5.170381 -2.201417 -2.004486 -5.216517 -1.113219 -5.011423
8.355880 -4.925877 -4.325377 -5.280157 -2.565311 0.138022 -5.170381 -2.201417 -2.004486 -5.216517 -1.113219 -5.011423
8.355880 -4.925877 -4.325377 -5.280157 -2.565311 0.138022 -5.170381 -2.201417 -2.004486 -5.216517 -1.113219 -5.011423
8.355880 -4.925877 -4.325377 -5.280157 -2.565311 0.138022 -5.170381 -2.201417 -2.004486 -5.216517 -1.113219 -5.011423
8.355880 -4.925877 -4.325377 -5.280157 -2.565311 0.138022 -5.170381 -2.201417 -2.004486 -5.216517 -1.113219 -5.011423
8.355880 -4.925877 -4.325377 -5.280157 -2.565311 0.138022 -5.170381 -2.201417 -2.004486 -5.216517 -1.113219 -5.011423
8.355880 -4.925877 -4.325377 -5.280157 -2.565311 0.138022 -5.170381 -2.201417 -2.004486 -5.216517 -1.113219 -5.011423
8.355880 -4.925877 -4.325377 -5.280157 -2.565311 0.138022 -5.170381 -2.201417 -2.004486 -5.216517 -1.113219 -5.011423
8.355880 -4.925877 -4.325377 -5.280157 -2.565311 0.138022 -5.170381 -2.201417 -2.004486 -5.216517 -1.113219 -5.011423
8.355880 -4.925877 -4.325377 -5.280157 -2.565311 0.138022 -5.170381 -2.201417 -2.004486 -5.216517 -1.113219 -5.011423
8.355880 -4.925877 -4.325377 -5.280157 -2.565311 0.138022 -5.170381 -2.201417 -2.004486 -5.216517 -1.113219 -5.011423
8.355880 -4.925877 -4.325377 -5.280157 -2.565311 0.138022 -5.170381 -2.201417 -2.004486 -5.216517 -1.113219 -5.011423
8.355880 -4.925877 -4.325377 -5.280157 -2.565311 0.138022 -5.170381 -2.201417 -2.004486 -5.216517 -1.113219 -5.011423
8.355880 -4.925877 -4.325377 -5.280157 -2.565311 0.138022 -5.170381 -2.201417 -2.004486 -5.216517 -1.113219 -5.011423
8.355880 -4.925877 -4.325377 -5.280157 -2.565311 0.138022 -5.170381 -2.201417 -2.004486 -5.216517 -1.113219 -5.011423
8.355880 -4.925877 -4.325377 -5.280157 -2.565311 0.138022 -5.170381 -2.201417 -2.004486 -5.216517 -1.113219 -5.011423
8.355880 -4.925877 -4.325377 -5.280157 -2.565311 0.138022 -5.170381 -2.201417 -2.004486 -5.216517 -1.113219 -5.011423
8.355880 -4.925877 -4.325377 -5.280157 -2.565311 0.138022 -5.170381 -2.201417 -2.004486 -5.216517 -1.113219 -5.011423
8.355880 -4.925877 -4.325377 -5.280157 -2.565311 0.138022 -5.170381 -2.201417 -2.004486 -5.216517 -1.113219 -5.011423
8.355880 -4.925877 -4.325377 -5.280157 -2.565311 0.138022 -5.170381 -2.201417 -2.004486 -5.216517 -1.113219 -5.011423
8.355880 -4.925877 -4.325377 -5.280157 -2.565311 0.138022 -5.170381 -2.201417 -2.004486 -5.216517 -1.113219 -5.011423
8.355880 -4.925877 -4.325377 -5.280157 -2.565311 0.138022 -5.170381 -2.201417 -2.004486 -5.216517 -1.113219 -5.011423
8.355880 -4.925877 -4.325377 -5.280157 -2.565311 0.138022 -5.170381 -2.201417 -2.004486 -5.216517 -1.113219 -5.011423
8.355880 -4.925877 -4.325377 -5.280157 -2.565311 0.138022 -5.170381 -2.201417 -2.004486 -5.216517 -1.113219 -5.011423
8.355880 -4.925877 -4.325377 -5.280157 -2.565311 0.138022 -5.170381 -2.201417 -2.004486 -5.216517 -1.113219 -5.011423
8.355880 -4.925877 -4.325377 -5.280157 -2.565311 0.138022 -5.170381 -2.201417 -2.004486 -5.216517 -1.113219 -5.011423
8.186970 -5.986951 -4.859672 -5.755707 -2.177786 0.161105 -4.973254 -2.460794 -2.735294 -6.208679 -2.116762 -5.292481
8.355880 -4.925877 -4.325377 -5.280157 -2.565311 0.138022 -5.170381 -2.201417 -2.004486 -5.216517 -1.113219 -5.011423
8.355880 -4.925877 -4.325377 -5.280157 -2.565311 0.138022 -5.170381 -2.201417 -2.004486 -5.216517 -1.113219 -5.011423
8.355880 -4.925877 -4.325377 -5.280157 -2.565311 0.138022 -5.170381 -2.201417 -2.004486 -5.216517 -1.113219 -5.011423
8.355880 -4.925877 -4.325377 -5.280157 -2.565311 0.138022 -5.170381 -2.201417 -2.004486 -5.216517 -1.113219 -5.011423
8.355880 -4.925877 -4.325377 -5.280157 -2.565311 0.138022 -5.170381 -2.201417 -2.004486 -5.216517 -1.113219 -5.011423
8.355880 -4.925877 -4.325377 -5.280157 -2.565311 0.138022 -5.170381 -2.201417 -2.004486 -5.216517 -1.113219 -5.011423
8.355880 -4.925877 -4.325377 -5.280157 -2.565311 0.138022 -5.170381 -2.201417 -2.004486 -5.216517 -1.113219 -5.011423
8.355880 -4.925877 -4.325377 -5.280157 -2.565311 0.138022 -5.170381 -2.201417 -2.004486 -5.216517 -1.113219 -5.011423
8.355880 -4.925877 -4.325377 -5.280157 -2.565311 0.138022 -5.170381 -2.201417 -2.004486 -5.216517 -1.113219 -5.011423
8.355880 -4.925877 -4.325377 -5.280157 -2.565311 0.138022 -5.170381 -2.201417 -2.004486 -5.216517 -1.113219 -5.011423
8.355880 -4.925877 -4.325377 -5.280157 -2.565311 0.138022 -5.170381 -2.201417 -2.004486 -5.216517 -1.113219 -5.011423
8.355880 -4.925877 -4.325377 -5.280157 -2.565311 0.138022 -5.170381 -2.201417 -2.004486 -5.216517 -1.113219 -5.011423
8.355880 -4.925877 -4.325377 -5.280157 -2.565311 0.138022 -5.170381 -2.201417 -2.004486 -5.216517 -1.113219 -5.011423
8.355880 -4.925877 -4.325377 -5.280157 -2.565311 0.138022 -5.170381 -2.201417 -2.004486 -5.216517 -1.113219 -5.011423
8.355880 -4.925877 -4.325377 -5.280157 -2.565311 0.138022 -5.170381 -2.201417 -2.004486 -5.216517 -1.113219 -5.011423
9.029346 -6.130706 -4.721077 -6.259728 -3.121060 0.129038 -5.952632 -2.433699 -1.445213 -5.153538 -1.953748 -4.862589
8.148869 -5.803601 -5.216930 -5.918202 -2.449228 -0.142015 -5.451894 -2.176348 -2.789007 -5.885347 -1.708761 -5.423764
8.355880 -4.925877 -4.325377 -5.280157 -2.565311 0.138022 -5.170381 -2.201417 -2.004486 -5.216517 -1.113219 -5.011423
-33.377331 28.919691 -57.061031 4.340479 6.113338 -48.878681 -22.005730 9.976894 -63.696590 -22.380749 -4.066923 -20.804049
-31.951069 26.910484 -48.903336 8.214170 1.251266 -51.234020 -25.976957 9.510576 -55.932716 -15.015367 -3.295588 -23.161196
-26.105383 21.750189 -44.994835 4.335120 0.323441 -42.414356 -23.395256 10.491538 -48.369553 -12.518387 0.295289 -18.666161
-32.925606 23.885429 -46.087444 6.890469 4.752390 -43.879822 -16.813274 2.772460 -51.875381 -14.723397 -5.310213 -13.878096
-21.110794 20.347965 -36.327156 4.728521 3.674887 -35.062733 -15.124569 2.205182 -41.468010 -15.108516 0.729862 -18.375290
-22.783222 17.065399 -32.628670 5.859947 -0.021842 -33.698818 -16.941931 4.941547 -36.393223 -8.278363 -0.864830 -14.163366
-20.495703 18.864544 -38.853062 3.777031 -0.530753 -37.349487 -20.702400 9.123749 -42.293903 -12.237460 0.133400 -20.672798
-26.076660 18.115005 -42.937157 1.269922 7.191284 -37.641529 -15.051462 3.002732 -43.256752 -13.988708 -2.143640 -10.094187
-21.839802 19.794357 -41.558235 3.365625 2.198256 -38.092987 -19.097157 5.441800 -45.052830 -15.307473 3.167609 -18.908781
-25.746908 16.764246 -41.787407 1.716472 1.561644 -40.414909 -22.410860 8.632855 -40.272850 -9.472595 -1.563856 -12.345325
-24.764055 18.256533 -38.918152 1.756877 4.437139 -33.798344 -12.772065 -1.123093 -39.262520 -14.479498 0.872597 -11.340792
-29.841385 21.995089 -46.608410 2.024103 -0.806994 -45.520393 -26.122156 7.480384 -46.384102 -13.499142 0.573119 -19.290285
-20.975296 19.235453 -35.563801 5.359959 0.340227 -35.509853 -18.899597 7.781640 -41.796379 -12.253556 -0.402695 -17.675041
-31.637024 21.416546 -46.155846 5.947740 -2.442834 -45.735649 -25.782417 10.601652 -50.333214 -11.947184 -1.273256 -18.720333
-19.251425 16.892359 -38.689907 2.166525 1.734682 -33.228443 -17.509386 8.031133 -40.722282 -12.298337 -1.020835 -16.940483
-24.211790 22.171402 -42.994263 2.507640 3.323923 -38.601177 -16.847544 3.429669 -44.956982 -15.307008 0.026576 -17.314535
-26.816196 20.458019 -45.051720 0.635988 4.430100 -41.922752 -20.210804 5.925718 -42.767174 -12.303924 -3.220522 -12.286387
-23.445532 19.363611 -36.716862 3.340168 4.732638 -34.376194 -13.804533 1.180131 -40.627499 -15.909279 0.651718 -15.091836
-32.113201 25.279785 -52.665928 4.510946 0.325891 -50.459087 -27.608240 13.134668 -55.846924 -13.476270 -1.809718 -18.855589
-28.960693 25.050777 -42.173691 9.005834 3.047144 -45.516182 -20.425714 4.838826 -50.468540 -15.176432 -3.737046 -21.602633
-30.760324 25.513004 -46.520748 6.747648 4.378826 -46.204803 -20.300375 5.401836 -54.080383 -17.855036 -1.692024 -19.128174
-34.072826 26.617867 -50.387287 6.277086 7.430798 -48.739124 -19.040730 2.782837 -56.976475 -21.033419 -2.447659 -18.821180
-35.501076 25.385185 -48.317360 8.772846 0.388458 -49.389442 -25.366982 10.049623 -56.862701 -16.152044 -3.886994 -21.953417
-31.287441 27.379951 -50.243103 5.504905 6.092575 -48.860107 -20.627537 4.263268 -54.809933 -18.580120 -3.108399 -18.688910
-49.570923 34.865868 -72.420578 5.889133 0.304142 -70.956291 -39.360249 18.017944 -77.038673 -18.487049 -7.876821 -21.722982
-26.752390 22.020233 -44.763325 4.695117 0.727790 -42.160484 -20.566011 7.200203 -47.380405 -13.883224 1.037569 -19.594824
-28.615374 20.390270 -44.762665 3.312239 0.475671 -43.792973 -23.642416 9.681293 -44.015301 -8.832974 -3.481357 -13.808725
-40.920837 28.259888 -60.910458 5.959907 0.692032 -61.057617 -32.468510 13.886562 -63.862595 -12.728965 -5.024950 -18.017666
-37.954494 28.900188 -52.506168 7.350510 3.465955 -51.087296 -22.461971 5.824373 -60.984051 -19.543459 -3.697581 -19.647827
-42.213417 33.877880 -63.578869 5.319713 7.550114 -60.457623 -26.257517 6.690413 -68.933037 -22.954554 -5.125195 -19.589998
-29.995285 23.622946 -45.040604 5.736387 0.144225 -47.076279 -26.035936 11.316710 -48.519463 -10.769128 -6.085280 -16.558762
-28.568277 22.558655 -47.321091 5.675699 3.066998 -45.734623 -21.701956 7.519610 -50.890873 -13.692577 -2.008926 -19.200096
-35.993641 24.886341 -53.906982 6.126760 -2.094561 -52.718761 -30.499500 13.133837 -59.075294 -15.412771 -0.197899 -22.314636
-27.539085 19.386616 -42.149529 4.791585 4.668686 -39.048340 -15.721815 3.165746 -44.070599 -14.364431 -0.978765 -15.829709
-27.395620 22.527887 -42.563629 4.694441 3.769091 -41.054050 -18.941448 6.977850 -47.674377 -15.152604 -3.401155 -16.323244
-29.077682 23.834948 -44.256298 6.935622 3.039891 -43.521057 -18.830429 4.894600 -51.104053 -16.874010 -2.020852 -20.288994
-39.352383 30.109570 -64.937233 3.580456 10.612659 -56.866894 -24.315641 6.428532 -68.564789 -27.150967 -4.430089 -22.206957
-25.969728 27.270006 -53.988914 1.179424 6.269128 -47.350185 -21.817965 6.187956 -54.851036 -20.784378 -4.904502 -21.529179
-23.476543 22.162243 -37.975136 5.735213 2.414706 -39.752419 -18.937418 6.127813 -45.148506 -15.693493 -1.114101 -19.667749
-29.533531 25.630472 -49.171032 7.699758 -2.208494 -49.667244 -29.535479 13.396863 -56.728207 -15.227362 0.432033 -26.664862
-23.758289 21.996899 -42.633904 4.755494 2.693110 -39.144855 -20.138716 7.201589 -47.751442 -16.372543 1.965732 -20.245163
-35.904919 30.077637 -53.587997 9.518039 3.443363 -53.599758 -25.865568 9.622834 -63.242939 -20.201649 -5.210857 -26.679312
-23.949984 18.549316 -37.434090 3.416032 8.459940 -34.056492 -10.476564 -2.795485 -41.282921 -19.185808 0.917410 -13.686691
-18.717447 17.387177 -32.597260 3.215406 1.905406 -32.167683 -15.134476 4.366523 -36.711525 -12.266797 -0.755349 -15.657748
-23.640320 22.991489 -46.674107 1.953474 2.212517 -40.814476 -20.690363 8.345974 -48.617935 -16.954201 0.591592 -19.991158
-32.796619 25.813065 -51.589073 4.808212 3.365643 -51.415951 -27.568106 10.504074 -54.892231 -15.314288 -4.753421 -17.472672
-30.741831 25.609257 -46.028809 6.481569 4.299509 -44.448212 -18.649820 4.031947 -53.466084 -18.707874 -1.301730 -19.030077
-31.608601 25.850058 -50.160191 5.572605 7.154058 -48.391499 -19.042778 2.935617 -52.537258 -17.964392 -4.815620 -19.216772
-33.209892 29.124144 -54.981312 4.726128 9.621848 -49.011890 -18.249620 2.841110 -61.443050 -25.848301 -3.487801 -21.699297
-31.747723 28.597195 -49.859871 6.242704 3.970952 -48.947601 -21.926676 4.034105 -55.289845 -18.344297 -0.876379 -22.172277
-10.220166 10.979816 -22.565714 2.510868 0.289527 -21.953005 -12.059648 2.227341 -24.598009 -8.195892 1.961988 -14.339054
-19.586479 13.250688 -28.488443 5.164485 -1.878510 -29.971298 -17.414461 5.339692 -32.246311 -6.275208 -1.159176 -14.229213
-12.322804 12.487627 -25.949963 3.520142 -0.788274 -26.502951 -15.920325 5.293032 -29.534374 -8.550125 -1.445817 -17.053053
-37.980209 29.435276 -54.435997 6.581171 8.363147 -50.799255 -18.749907 1.277799 -65.045387 -28.172697 -2.158414 -22.411354
-15.013690 13.387632 -23.218328 4.603861 2.800599 -24.402372 -8.637135 -3.446094 -27.017332 -10.286716 -0.247945 -14.277924
-57.094929 39.837784 -77.290375 10.792680 13.702488 -75.696510 -28.310709 3.438090 -88.866844 -32.276516 -11.636226 -23.967363
-28.446417 21.333584 -39.508801 6.449627 7.797471 -38.046383 -10.940885 -4.089762 -46.634972 -20.053921 -2.988321 -17.733053
-14.689482 15.516552 -34.204918 0.420402 0.813805 -29.432377 -17.137781 9.199530 -33.916828 -10.677173 0.507560 -16.525234
-31.915878 23.891762 -48.793331 7.462058 1.038087 -48.765762 -26.877972 10.923950 -55.612949 -13.323892 -6.631349 -19.562218
-41.209164 33.145081 -58.432690 8.590108 6.598063 -60.043079 -24.725832 0.744651 -65.271271 -19.196569 -9.892415 -21.477919
-50.391090 38.850525 -69.289734 10.741437 2.883278 -68.993164 -32.354748 9.313799 -77.887344 -21.840853 -2.673421 -29.437653
-18.738922 18.463425 -33.223175 4.532283 3.353547 -32.225399 -15.738618 5.579631 -39.326332 -14.173700 -3.774193 -15.145877
-25.533049 23.208694 -42.349003 3.928308 2.912332 -40.837482 -18.862207 5.693768 -43.619694 -12.616994 -1.628987 -15.882949
-29.683573 27.091061 -53.081543 3.245856 7.789243 -47.408676 -22.202532 7.218499 -56.254631 -20.516657 -4.092059 -17.886145
-39.641033 27.152136 -60.230598 3.869381 1.734300 -58.481457 -30.375275 13.395425 -61.218094 -12.997360 -5.320762 -15.269675
-49.079353 31.551840 -67.036972 5.996480 8.995373 -64.641388 -25.857140 1.659639 -67.083275 -19.395548 -10.023735 -17.729612
-20.328188 17.271824 -30.717890 5.446867 -1.707405 -32.863049 -18.226751 3.641758 -34.995678 -9.707174 0.007500 -19.844822
-20.079945 17.348694 -36.915443 1.714174 0.745184 -31.673204 -17.683451 8.468843 -38.477325 -11.629663 0.245159 -15.660175
-36.781300 27.687265 -51.557739 6.065868 2.016067 -52.579243 -24.472061 2.912454 -54.261303 -15.161976 -6.012482 -19.881327
-35.183640 27.487675 -48.699368 8.153820 4.184587 -49.443974 -23.153482 6.506279 -54.923046 -16.098288 -4.377800 -18.706413
-32.741188 24.186352 -49.296566 4.724295 0.940986 -47.250900 -22.610165 8.032664 -50.486153 -14.151864 0.705831 -18.405125
-30.489290 28.005562 -52.899918 3.282482 4.161810 -48.878670 -22.951826 8.819657 -54.479713 -16.879406 -4.618405 -19.031958
-16.714588 16.780455 -34.822250 2.500608 1.810390 -32.014458 -17.344351 6.950853 -37.006840 -13.124020 1.426806 -16.289635
-49.920021 33.699032 -64.880379 6.286262 4.778114 -61.204735 -25.481684 2.102010 -68.810318 -20.019430 -9.093127 -17.916517
-18.015392 16.472900 -35.117634 2.595372 -2.142448 -32.940552 -21.970764 11.593458 -38.352890 -10.489461 -0.155459 -18.226597
-13.792582 15.313382 -30.872458 2.479405 2.811034 -27.742010 -13.780993 3.226087 -33.950577 -13.317739 1.526415 -17.411055
-20.342590 19.226023 -39.170994 0.719050 9.797376 -32.332203 -9.859567 -3.687495 -40.029900 -19.787741 0.594876 -15.448080
-12.368938 13.501337 -27.047255 1.311985 6.948267 -23.812239 -7.322430 -2.467047 -29.259289 -15.333656 -0.481477 -13.335673
-31.417294 25.920332 -47.295986 6.409154 5.957477 -46.573368 -17.261108 0.008106 -51.450104 -16.025698 -4.942466 -17.914764
-24.509066 21.363504 -40.327343 6.021250 -4.175985 -42.749378 -26.455622 11.085464 -45.323841 -9.744905 -2.543731 -24.113277
-24.521168 22.007025 -45.469677 2.540719 1.709779 -41.871128 -22.250639 9.284097 -47.318085 -13.849040 -1.786405 -17.732777
-29.853586 25.999269 -46.917038 6.619676 3.100991 -47.794235 -23.776123 6.774124 -52.761433 -17.932428 -0.639798 -23.301552
-40.752449 32.236603 -56.711929 7.872873 0.964098 -59.360867 -30.198103 6.381787 -64.267220 -17.963213 -6.297604 -24.584267
-42.142250 30.346523 -59.452808 6.326808 0.925039 -57.005260 -28.345613 9.807115 -63.324638 -19.423521 -3.439563 -20.605251
-24.567553 21.207388 -42.187168 3.852630 5.885337 -39.099945 -17.787746 4.594739 -46.647217 -16.557875 -2.386536 -16.375757
-31.175102 27.608116 -50.162991 4.926297 -0.221296 -48.946663 -28.456093 13.197353 -55.369465 -17.379797 -1.329417 -20.578300
-36.432964 29.582155 -55.030346 9.866981 6.215231 -55.599518 -25.977482 8.704446 -63.946415 -20.467672 -7.553482 -23.402527
-43.043358 32.322224 -61.936733 7.369062 0.242911 -60.780365 -30.517836 10.037097 -65.874504 -18.026218 -2.389307 -25.069971
-30.670475 25.110708 -46.473026 6.701385 5.019565 -48.800911 -22.026970 5.762289 -52.077301 -17.411430 -6.655016 -19.572868
-29.972969 23.361994 -43.686836 6.133165 -0.612252 -45.883137 -22.085295 1.802499 -46.218506 -12.887794 -1.116454 -22.566126
-21.863049 22.472681 -42.664078 5.717053 6.406031 -41.919182 -20.877264 4.978524 -51.044239 -21.417730 -2.882184 -25.975340
-33.722111 29.462318 -52.321072 6.085961 6.307086 -49.720242 -20.567017 3.424937 -59.366058 -21.675581 -6.312556 -20.368898
-28.844870 23.285727 -41.442757 7.036338 3.459190 -41.759201 -16.745592 4.201878 -45.435963 -13.125468 -3.757905 -15.057470
-23.796053 19.602407 -38.803928 4.004204 7.420759 -36.326008 -12.485977 -3.501229 -43.007610 -19.680918 -0.828247 -18.911219
-18.850380 16.743032 -34.581360 1.426925 8.081739 -29.548143 -8.601668 -1.780334 -34.863335 -17.482304 0.637910 -15.584444
-45.128792 29.831133 -62.495773 8.421546 11.362174 -60.692081 -21.568647 -0.489267 -67.691887 -23.452372 -10.388657 -21.270569
-36.960854 31.545767 -56.718403 8.401088 -0.025049 -57.620441 -30.072254 12.275728 -64.535492 -17.484182 -4.886224 -26.034658
-25.841377 23.811541 -42.562569 6.554787 5.471809 -41.453579 -16.931520 5.781761 -47.175491 -16.240396 -1.139736 -19.875231
-24.668261 24.571213 -42.466393 3.537706 5.699605 -40.320206 -16.339903 2.330282 -46.250713 -18.656553 -0.742271 -17.711769
-22.500971 21.937027 -39.595177 3.854941 0.138636 -38.114147 -21.709980 9.194506 -44.623318 -15.458819 1.263496 -20.229677
-14.754948 -27.127405 8.064561 -5.332034 -17.639990 6.781134 -1.407554 -18.935713 0.837725 -13.264438 -1.529890 -3.677851
-34.598885 -45.881836 26.778036 1.970613 -35.633183 1.707409 -10.954700 -37.745018 3.590329 -11.191973 -6.615903 -8.251723
-45.464291 -54.632999 30.926777 3.833507 -41.936905 -3.812416 -12.466727 -47.225418 6.992014 -9.887783 -8.185036 -7.627597
-42.479946 -51.664391 31.047367 5.113691 -41.009075 1.181755 -10.781816 -44.108685 0.555202 -13.105629 -8.800695 -9.492202
-42.772583 -53.878334 33.403164 3.935726 -43.187759 1.697453 -10.023265 -48.142204 2.760242 -15.315355 -6.364779 -11.815324
-17.203325 -35.788795 16.420485 -6.692351 -26.178091 5.620707 -6.228938 -26.359009 4.591055 -12.560092 -3.296956 -5.054110
-18.385441 -27.922215 16.819902 1.382354 -20.697262 4.528457 -2.618920 -25.807772 -1.326957 -13.739305 -4.384187 -8.086683
-23.888319 -34.730083 18.441851 -0.715542 -25.597980 4.491408 -5.785980 -28.151304 3.075197 -12.047373 -3.037390 -6.463085
-24.105707 -42.877205 16.568218 -6.124314 -28.446007 10.614069 -2.107826 -29.709963 1.059002 -19.409037 -2.392384 -3.385012
-45.700291 -57.418896 32.571953 5.212162 -42.742973 4.788557 -7.263933 -49.935070 -2.597085 -20.131592 -9.476351 -10.100968
-36.901852 -44.608391 27.539789 6.219550 -34.364441 4.304780 -3.534660 -41.452213 -5.523386 -19.288273 -7.349474 -11.044137
-34.362907 -46.375904 22.051832 0.001837 -33.987778 7.361990 -3.529921 -37.629883 -1.554819 -18.751289 -9.662060 -6.547002
-34.383984 -48.262913 27.250509 -0.263357 -38.605415 4.486799 -9.470894 -40.165211 2.504355 -14.912639 -5.045355 -9.461738
-34.240818 -47.564522 25.690107 -0.409751 -38.291637 -0.345696 -12.832191 -38.351856 6.247072 -8.175357 -6.508836 -7.903346
-18.151257 -32.823895 17.442780 -2.334417 -25.133709 7.787256 -3.307403 -26.578308 -1.534761 -15.720405 -3.662653 -8.184328
-26.908522 -42.519466 22.171442 -2.187716 -32.282200 2.002893 -9.388366 -32.273766 3.685708 -10.379164 -4.322188 -6.970861
-26.143356 -37.456669 22.780024 1.319839 -31.624922 -0.984207 -10.053534 -32.226223 2.642451 -7.383162 -4.720675 -8.588260
-22.573669 -39.839096 18.817368 -5.009753 -28.928419 7.044349 -6.059678 -28.838224 2.397274 -14.999331 -2.381134 -6.404120
-18.910730 -34.124947 14.121147 -5.071390 -24.961441 6.914460 -4.080897 -23.812481 1.811683 -13.063247 -1.332144 -6.405509
-32.408710 -41.555378 26.434822 4.013889 -33.278694 -1.822094 -11.065862 -37.188122 1.523658 -11.544434 -7.483662 -9.453506
-24.820612 -34.341228 18.545086 -0.239980 -25.988785 8.145407 -2.540852 -28.925461 -1.924761 -17.399925 -4.273614 -8.837009
-26.608238 -35.203590 19.853500 2.406928 -27.951775 5.073612 -3.376923 -32.441978 -3.124852 -15.780898 -6.456317 -10.041427
-29.117846 -40.374630 22.984510 1.806096 -32.290951 5.600219 -6.288058 -34.387993 -2.759231 -14.815660 -7.490565 -8.915566
-40.615482 -50.968197 30.079565 5.060690 -40.622120 -0.147555 -9.565054 -43.149994 1.765001 -11.119762 -7.262402 -9.026805
-36.865585 -50.018913 28.111408 2.914081 -35.796909 5.514130 -3.069896 -40.484364 -0.782572 -18.690289 -6.087040 -6.642033
-22.524553 -36.895992 17.222801 -4.189501 -29.822350 2.404948 -9.624523 -27.291990 6.070020 -6.873193 -4.182380 -5.053764
-27.867390 -40.586838 19.037430 -2.856295 -30.072779 3.919125 -8.379550 -32.921795 5.107042 -11.347062 -3.966670 -6.913906
-29.203806 -42.157146 19.104525 -1.799916 -30.703747 5.512874 -6.687423 -34.007565 0.255028 -15.335999 -6.742705 -7.182688
-39.701439 -51.172752 22.386976 0.732403 -34.854839 8.512306 -0.806185 -42.404015 -2.684059 -23.515766 -10.977505 -6.311892
-41.176003 -51.144676 30.323523 4.175426 -39.347595 2.167648 -6.769537 -46.593307 -0.422025 -18.854437 -8.772552 -11.753524
-43.126331 -55.137375 31.799526 3.292787 -44.490486 -1.558936 -14.199718 -44.090160 3.661563 -10.276987 -5.318928 -8.002181
-48.514984 -59.137798 24.939310 3.045625 -40.014069 11.104421 2.695480 -50.228397 -8.626840 -30.288076 -13.207819 -8.804426
-52.059368 -66.200386 39.598633 4.598398 -52.220634 -0.574303 -14.049332 -56.469189 4.145277 -15.168155 -6.790937 -11.890861
-37.140217 -48.799736 28.755236 4.934471 -36.807808 2.687835 -7.812864 -41.065269 -0.893523 -14.477771 -7.210728 -9.123712
-39.139915 -49.018078 25.857407 1.657261 -39.030819 -6.533523 -15.603076 -41.740879 8.744743 -2.580453 -7.152020 -6.319602
-36.416302 -56.507668 28.940855 -3.352928 -41.550049 4.406046 -11.788162 -40.768913 9.934127 -13.291862 -2.675889 -6.576919
-39.278423 -51.383354 28.648842 2.511054 -39.436707 1.221213 -9.446923 -42.295921 5.180471 -9.618052 -4.553693 -7.367702
-41.912079 -48.793156 29.037502 3.848907 -39.703026 -2.222152 -13.052795 -44.384342 4.357794 -10.078999 -7.917716 -8.988382
-59.186077 -74.894272 43.821564 2.705004 -59.758698 -0.505102 -18.771271 -66.157593 11.490878 -15.862389 -8.896853 -13.747028
-50.454468 -64.568451 37.347809 5.876240 -48.239052 2.256154 -10.027152 -53.560101 1.410216 -15.820598 -8.591624 -9.261920
-38.297150 -48.792511 30.295839 3.631479 -40.223106 -0.617832 -10.583877 -45.236649 1.359137 -12.841993 -4.764088 -11.387897
-33.597881 -44.429127 25.311272 3.210125 -33.584507 3.846500 -4.107553 -39.999447 -0.620564 -16.605801 -6.535573 -9.264574
-44.306984 -48.152706 29.836720 6.289865 -42.097855 -7.190886 -15.991920 -44.109219 5.893174 -3.903996 -5.173617 -10.662477
-37.664513 -46.445538 27.768879 5.252234 -36.822338 2.384195 -4.970122 -43.327354 -1.662796 -16.774740 -7.607519 -11.603568
-60.116734 -68.437355 36.605904 2.277090 -55.804562 -4.113469 -15.667784 -63.340588 10.165973 -12.849978 -8.656199 -10.963120
-43.794987 -54.465672 30.859907 3.773412 -42.535091 1.785044 -11.336040 -45.800808 2.339477 -14.998524 -6.808057 -10.578224
-51.477226 -61.325081 35.333340 5.840656 -46.864330 0.306463 -10.551136 -53.220173 1.424511 -16.886690 -4.623795 -10.797530
-42.139423 -52.495712 32.377872 4.525780 -43.077358 -2.030290 -12.085883 -45.743824 4.185790 -11.045027 -6.304022 -10.936322
-41.313919 -51.751019 29.615421 5.372818 -36.693493 3.753109 -6.592585 -43.521465 -1.604657 -16.855169 -7.570433 -8.177253
-45.161957 -53.506657 33.702038 6.744447 -43.576923 3.871688 -5.571886 -49.312851 -3.025263 -19.562923 -7.900517 -14.092418
-30.825768 -43.828766 23.290550 -0.545076 -32.095577 3.460488 -6.627157 -36.663631 4.885799 -12.989419 -2.817050 -6.670612
-41.633686 -54.593922 28.203938 1.702142 -38.919353 6.377805 -3.266118 -46.979759 0.353847 -20.725927 -5.952416 -7.590687
-32.386845 -43.647751 24.529491 1.294564 -33.789928 1.414593 -8.798810 -37.337860 2.500433 -11.640204 -4.809764 -7.814864
-41.368698 -55.742023 26.987812 0.781666 -39.033669 4.421183 -6.284784 -45.362579 1.956012 -17.284805 -5.140257 -7.236556
-46.908726 -56.127190 32.454601 6.209619 -44.932583 4.804001 -6.555419 -48.768078 -5.270729 -19.889563 -9.112160 -11.647375
-41.117352 -49.709255 30.659859 6.178275 -39.797729 5.177106 -5.136070 -45.591846 -7.069868 -21.483398 -5.532339 -13.066029
-39.212387 -49.194382 27.404995 4.190249 -35.963490 4.853597 -4.622042 -43.768074 -2.398490 -18.364492 -7.427283 -8.664572
-49.948555 -64.034737 33.668900 2.347466 -47.470005 0.040007 -13.551177 -51.928223 4.692742 -14.394097 -9.602608 -6.122797
-48.032692 -60.021790 31.534389 2.478454 -45.546158 2.265903 -11.120122 -49.146255 2.584666 -15.061193 -8.637981 -7.337788
-41.116821 -55.382248 32.411961 0.536599 -44.990406 3.160200 -11.459868 -46.183708 5.735026 -15.363434 -3.643441 -11.981904
-43.027161 -59.162891 30.664026 -1.283080 -44.429974 8.992545 -5.935131 -47.353970 3.902844 -21.058277 -4.884644 -9.300128
-51.974182 -65.822884 37.980026 3.810932 -50.959152 1.156957 -12.101867 -55.068493 5.405519 -15.114547 -6.518796 -10.459632
-43.635456 -62.478275 30.792097 -2.983074 -48.202774 3.960012 -13.109923 -49.244457 8.454526 -14.755573 -6.989506 -9.211068
-47.798416 -55.081348 33.852329 8.404461 -43.611191 3.687883 -6.282063 -49.518307 -6.297679 -19.573343 -9.895005 -12.448775
-35.450554 -46.332539 26.143595 2.183226 -35.603703 5.887231 -5.180956 -39.852810 -1.067630 -17.007145 -4.685457 -10.338241
-45.262535 -55.162666 29.497923 2.429454 -41.672527 3.377178 -7.326208 -47.578327 3.420036 -16.197426 -8.589098 -8.196331
-40.273613 -59.914246 25.572145 -3.763701 -40.746998 12.080870 -3.019555 -44.138645 -0.020563 -24.290257 -5.998488 -6.728962
-40.782291 -50.957603 29.103321 4.192415 -38.634819 4.517922 -6.363054 -44.078396 -2.913389 -18.435038 -7.169712 -9.117735
-43.308262 -54.788063 33.108631 5.341657 -42.374588 4.333634 -6.571297 -47.534355 -2.628355 -19.792242 -7.009473 -12.035577
-43.578156 -58.043922 33.852386 2.096212 -44.489136 8.726323 -5.145814 -49.174732 -2.086979 -23.864019 -7.986295 -11.278715
-26.283838 -37.398201 22.569073 2.037451 -28.925911 3.913805 -5.808774 -32.316261 -0.804051 -13.220631 -4.018069 -8.075748
-27.988546 -38.612438 17.437044 -2.671461 -28.395065 7.963755 -4.310627 -30.522049 0.739059 -16.331003 -1.791584 -8.199988
-32.216541 -43.030663 25.089787 3.020850 -32.346237 4.926390 -2.609980 -38.951584 -2.024330 -17.854460 -4.594103 -9.819794
-35.062023 -46.264336 24.137001 2.392653 -33.373100 7.631242 -0.824023 -40.548359 -3.302236 -21.816370 -8.271826 -7.930507
-43.179348 -54.050735 29.321251 2.982549 -41.762272 4.751191 -6.587738 -44.129494 -1.691736 -17.709690 -8.598110 -7.966610
-12.202413 -25.098349 11.555065 -3.461626 -17.630106 5.535422 -3.197537 -19.509228 0.658515 -12.103837 -1.040228 -5.540869
-12.918157 -26.852499 11.389549 -4.282574 -19.160189 6.282199 -4.483714 -19.190758 1.442565 -11.033185 -2.443740 -5.788046
-12.790504 -26.327579 12.714960 -3.380633 -19.349314 3.538613 -5.282607 -18.694429 2.877171 -7.852178 -1.188219 -4.439962
-16.942202 -24.400024 14.058690 0.308735 -20.916435 3.156352 -5.372678 -22.039345 0.246997 -8.851922 -3.874542 -7.314785
-16.628588 -30.181646 12.852503 -3.662588 -21.139284 5.254568 -3.456521 -21.871384 2.214269 -10.748029 -1.422819 -4.839125
-23.553766 -32.428272 14.987884 -0.334002 -23.586432 7.770663 -2.010409 -26.683216 -3.387934 -16.560637 -4.135789 -7.556252
-26.150192 -34.970169 20.807072 1.599436 -28.052258 3.048496 -7.335851 -31.356146 0.455695 -11.824016 -2.366199 -9.700354
-28.340706 -34.630615 21.624601 2.865777 -29.154438 -0.164893 -8.244662 -31.921583 1.778384 -9.592725 -2.656982 -9.022396
-24.080467 -37.726490 17.085669 -2.603923 -27.049814 5.977068 -3.480731 -28.647797 0.325824 -14.246196 -2.045243 -7.122571
-32.993996 -41.433121 23.036263 2.225138 -33.279942 3.749367 -7.285751 -36.208599 0.242239 -12.450788 -3.905707 -9.798613
-33.117474 -39.359486 23.310322 3.346333 -32.264336 1.183558 -4.509255 -37.546768 0.331442 -14.007798 -3.986688 -9.998586
-26.886953 -32.266888 19.104183 3.215130 -25.881798 0.057351 -4.975346 -29.564476 0.476525 -10.968888 -3.342118 -7.914034
-34.690914 -43.437996 26.167061 5.563972 -34.550003 2.284908 -6.097109 -36.662193 -2.422606 -11.986592 -6.442735 -8.810759
-26.951796 -33.372913 20.278419 4.423446 -26.012814 4.475992 -1.815288 -31.707632 -4.713182 -15.798576 -5.695009 -10.163787
-38.520271 -51.394180 28.494791 2.012679 -39.410763 6.746830 -4.687588 -41.281212 -1.773458 -19.312325 -4.601815 -9.520725
-28.979223 -40.176907 23.570210 1.737689 -30.989120 -0.211886 -9.146593 -33.966301 3.438043 -9.767279 -4.263919 -7.102414
-38.564716 -47.658936 26.141014 4.137412 -34.642307 5.545995 -2.503577 -41.917004 -2.907456 -20.142239 -7.634810 -8.038149
-38.982384 -47.247738 27.826359 5.815108 -36.353420 3.260513 -5.576847 -40.206791 -3.084991 -16.125351 -9.147503 -9.396077
-44.748993 -56.019444 32.167152 3.693103 -43.239529 3.191669 -8.894647 -46.446697 0.572600 -17.190641 -7.900990 -8.753295
-30.639437 -46.259411 19.391987 -3.324528 -32.259975 3.153797 -7.984746 -34.468620 4.103172 -12.763446 -8.142483 -4.254797
-32.134949 -44.811184 25.062830 -0.111047 -33.735966 2.194803 -8.747796 -37.708263 4.870054 -12.262108 -3.388793 -7.473293
-40.461632 -48.732742 28.229622 4.187767 -37.104092 3.438049 -6.177168 -42.505142 -0.557430 -16.638529 -6.851517 -8.275198
-41.702366 -48.758274 29.309288 6.918209 -37.225445 3.831988 -4.354106 -43.731869 -7.407261 -19.775881 -7.282968 -9.781880
-37.469456 -51.318611 28.736225 1.587881 -38.761093 6.833399 -5.292767 -43.481945 -0.878868 -19.300695 -5.302279 -10.894258
-41.120712 -52.099094 24.896614 1.198627 -36.969223 8.042522 -0.955343 -45.275654 -1.003365 -21.650345 -8.833836 -6.254712
-56.237354 -7.961861 -17.666061 27.727047 -15.791224 -39.421059 -9.956751 -16.891010 -47.430393 -4.188100 -0.317437 -10.252961
-45.629726 -9.201820 -12.508162 22.992844 -9.286786 -34.254745 -6.598337 -24.670547 -29.942642 -3.585071 1.974577 -9.861705
-45.646076 -2.402109 -12.611432 27.089729 -15.836411 -33.332298 -10.052278 -12.238851 -43.525578 -5.237195 -1.938323 -15.062704
-59.571686 -11.107840 -11.732799 32.131073 -18.389418 -39.236706 -8.987332 -19.729631 -45.986034 -3.136019 -7.752572 -9.570285
-47.556160 -5.220108 -13.371541 23.620667 -13.275128 -33.621769 -9.195844 -18.116081 -37.294937 -2.846718 -0.865128 -10.341335
-47.127941 -5.456008 -14.557734 22.697735 -10.633997 -24.084930 1.569019 -19.241533 -42.122692 -12.197883 -0.755831 -11.499972
-56.663334 -7.312269 -12.300068 32.455673 -16.425516 -36.529480 -4.448009 -21.985773 -50.937557 -6.049391 -2.636317 -14.454444
-49.666195 -9.093248 -8.721965 28.401461 -17.509541 -28.934771 -5.613090 -19.485329 -41.732338 -3.146538 -3.241655 -12.283402
-56.611923 -5.342512 -13.085124 32.919243 -13.976860 -35.806450 -3.870432 -24.019093 -48.440514 -7.995940 -1.220105 -17.049994
-58.726707 -10.562315 -9.183224 33.725174 -19.426800 -37.535358 -7.237527 -22.181881 -48.005661 -3.256326 -4.467772 -14.401807
-49.589592 -10.015859 -11.348819 26.871262 -9.614152 -37.803589 -2.678813 -27.643394 -35.800144 -1.774750 -2.142457 -9.040419
-54.933640 -10.485976 -15.471704 24.843582 -3.357463 -34.043854 3.059680 -33.947006 -37.939342 -7.580982 -7.629121 -5.498887
-53.685501 -9.122588 -13.064342 27.785040 -12.099282 -30.626965 -0.998870 -24.937893 -43.259602 -7.424077 -1.241566 -10.050973
-59.485718 -6.178144 -27.542278 26.577028 -8.650933 -40.033020 -3.719307 -20.590908 -49.440136 -4.607879 -2.819447 -5.158824
-26.220215 1.471868 -12.534411 15.746554 -6.719466 -20.587254 -2.777944 -9.416091 -29.029253 -6.562974 1.022710 -12.060592
-32.805271 4.335635 -17.313822 20.525311 -9.710304 -25.155634 -7.022319 -5.576949 -38.775978 -4.974653 -0.540976 -15.569714
-34.370327 -4.282402 -17.630014 12.358915 -7.407252 -24.488958 -7.789036 -9.638378 -28.093393 -4.693892 4.385662 -4.377555
-44.472984 -5.880969 -11.609177 22.099739 -13.790861 -29.372557 -7.137264 -16.641886 -36.114971 -5.831017 1.522745 -11.650185
-49.022469 -10.143698 -13.434492 25.562431 -6.730824 -26.696978 3.893168 -27.026825 -45.130028 -15.229827 0.274213 -10.146825
-53.446793 -14.231771 -9.813156 26.934631 -13.777629 -26.438881 2.565540 -26.980919 -45.002281 -13.845143 3.527945 -13.939047
-31.942368 -3.035130 -16.184420 14.160756 -5.272547 -21.948236 -4.305329 -11.340616 -33.939045 -12.996536 5.486912 -11.696917
-40.895672 -4.859738 -13.893298 19.045681 -9.763567 -31.575867 -9.395488 -14.807220 -32.113247 -0.431295 -0.518920 -6.100414
-26.648830 -6.915668 -7.992951 14.291660 -4.356458 -14.706478 3.319123 -15.072111 -26.253319 -11.562689 1.083635 -7.833535
-15.983362 -3.204731 -6.187220 9.872150 -4.023946 -12.403714 -0.033514 -9.530756 -18.832693 -7.393389 2.404374 -9.470103
-13.946117 0.100508 -11.483114 9.127830 -3.781310 -15.668562 -4.648429 -5.273302 -22.006775 -8.120994 2.947130 -13.091647
-32.907402 -2.822309 -15.514910 18.140236 -11.627663 -22.786833 -5.554685 -7.165269 -35.000546 -7.079725 4.244223 -13.501642
-69.341423 -16.251093 -8.259989 35.221085 -24.835819 -46.211006 -14.732023 -26.504200 -42.153561 7.293089 -9.156491 -7.222972
-24.397734 -6.173945 -8.006811 11.765364 -5.041838 -16.926357 0.292177 -13.740544 -19.798351 -4.284782 1.942704 -5.373322
-33.865669 -0.779157 -13.794330 19.060417 -5.895365 -23.701105 -3.887715 -11.180061 -31.749659 -1.909465 -4.390646 -8.529636
-34.037010 -7.820089 -2.938450 20.813820 -10.987092 -20.851992 -2.880320 -16.955359 -26.307810 -2.063271 -0.602412 -9.525850
-24.679541 -8.363628 -10.792701 11.782327 -12.263357 -13.054538 -5.575569 -0.097031 -26.490942 -3.759608 2.351003 -8.005704
-33.429710 -1.075199 -18.531218 13.671727 -2.662541 -19.161800 2.638451 -15.556425 -36.709805 -19.866753 3.437460 -13.014414
-44.736313 -2.641067 -14.920547 24.858458 -14.793211 -34.807507 -11.759949 -12.161804 -41.100571 -2.583097 -1.520771 -13.768438
-53.902309 -14.075843 -10.402286 25.205803 -4.347656 -26.151302 8.639845 -36.017307 -39.696693 -11.384872 -3.235114 -6.130879
-27.140776 -2.554857 -11.315823 13.416500 -10.322295 -17.853281 -5.498811 -5.201835 -24.782492 -0.594561 -0.798023 -8.068377
-14.987546 -1.525998 -11.946611 9.180154 -5.767086 -14.831516 -4.205775 -3.708032 -21.645615 -6.791992 2.369874 -12.099426
-23.019835 -1.316560 -10.198227 14.135601 -2.959504 -19.606100 -1.329317 -14.765623 -23.756788 -6.321498 2.444681 -11.360600
-20.238230 0.710548 -17.569921 6.728542 -1.071725 -17.278639 -0.964263 -12.523415 -24.134392 -12.289514 5.968761 -10.055769
-27.766329 2.306113 -12.961539 17.096468 -8.431188 -24.944517 -8.025591 -5.692283 -30.390610 -1.704937 -0.008583 -10.849312
-20.804724 3.098213 -15.729237 12.591267 -1.481874 -20.743156 -2.033328 -7.758533 -29.216619 -9.521824 2.063995 -12.154598
-27.728483 1.690750 -14.802519 15.202464 -8.930633 -23.687042 -6.700467 -8.203234 -29.433388 -5.177195 3.901841 -12.957166
-26.109560 -6.015480 -8.670044 13.203724 -6.335366 -17.395014 -3.277981 -10.962035 -22.452759 -2.990490 3.653036 -8.055274
-30.381258 -1.129255 -11.408770 19.593138 -5.299081 -26.377476 -4.724696 -12.327492 -31.461235 -3.937829 -1.911394 -9.186894
-26.616760 0.673066 -15.835084 12.491645 -6.408237 -21.681313 -7.604907 -5.257744 -28.777473 -6.725842 2.024744 -11.368897
-24.804535 -4.750498 -3.040691 14.645335 -12.217130 -15.161064 -3.713855 -10.580875 -19.628979 -1.984595 2.338042 -10.650646
-21.576361 -1.352067 -12.410839 10.039718 -5.896178 -18.912371 -5.811520 -5.142733 -21.829149 -3.070822 2.216124 -7.309734
-34.911167 -7.539362 -3.629797 20.900078 -11.610213 -20.900129 -2.709701 -18.974051 -26.494637 -2.714591 1.704255 -12.283039
-17.483423 -4.603661 -3.290808 11.481494 -10.499427 -10.570153 -3.926256 -5.638434 -16.543566 -3.342646 2.560368 -11.690739
-28.559862 -1.878279 -14.272580 14.940651 -6.827886 -19.469763 -4.269087 -10.611965 -29.715807 -6.983335 3.252542 -13.055176
-20.954899 -5.176068 -14.055584 8.902896 -1.661967 -16.131744 -2.100792 -9.016754 -21.282963 -5.624866 0.870857 -3.973712
-44.152241 4.445856 -21.976831 23.109083 -10.955619 -33.285702 -6.443457 -12.665055 -48.899940 -9.001468 -0.655579 -17.260592
-42.872089 -3.822565 -15.028484 23.775902 -3.975258 -24.696920 4.238677 -21.080790 -44.334259 -14.628862 -3.001897 -10.511548
-38.536102 -8.956450 -8.908640 19.384272 -7.986347 -20.830509 0.016829 -17.806625 -34.611500 -12.793742 -1.137929 -9.423535
-45.606659 -0.114213 -19.949411 22.761625 -17.876638 -35.936275 -15.874650 -7.898009 -39.775349 1.414530 3.972992 -15.666309
-54.308376 -3.908027 -16.389036 30.643749 -20.355068 -45.018650 -18.957407 -14.212433 -41.255882 6.238841 0.027752 -14.156786
-40.132961 -3.734245 -14.306425 22.569996 -11.567636 -28.035194 -5.357349 -13.188736 -40.071213 -7.311540 1.988254 -14.864909
-58.448566 -4.064768 -8.631660 36.075962 -18.838360 -44.786442 -13.718540 -24.345600 -44.682251 1.281621 -2.237600 -18.837858
-43.319008 -3.885011 -9.097200 27.207407 -11.851273 -29.800585 -6.828210 -14.813316 -39.273708 -4.968282 -3.306989 -14.532594
-65.516739 -18.274223 -8.242867 35.419441 -21.799915 -34.286308 -3.768319 -28.100552 -51.282482 -7.650861 -1.339210 -12.913240
-47.137356 -9.592597 -5.938494 29.025803 -18.569105 -31.772545 -9.767443 -19.035728 -37.022381 -1.955264 3.069151 -16.261070
-42.276867 -2.194685 -20.141613 21.763268 -11.646549 -25.452883 -3.278846 -14.029745 -43.353107 -11.361163 4.431982 -18.721720
-44.616196 -1.753625 -13.199059 24.917530 -13.826014 -34.424965 -10.458309 -12.077087 -41.181889 -4.271693 -1.080330 -12.616084
-41.885612 0.973251 -19.978727 21.187193 -11.805805 -33.700775 -11.151294 -9.644703 -40.781654 -2.310726 -2.322230 -10.821731
-36.457821 -10.359461 -12.054895 14.313316 -14.935106 -22.864643 -6.794928 -9.100087 -27.366409 -2.668060 3.097955 -3.858428
-41.623825 -1.874896 -13.199200 22.196247 -11.780926 -31.816204 -6.469740 -20.978117 -34.777264 -5.031597 2.390929 -17.102060
-45.646893 -3.934277 -14.972445 27.598406 -7.692819 -28.495335 1.854250 -19.649485 -47.988216 -11.849257 -3.826960 -13.517671
-25.355568 -10.227839 -11.048091 9.396060 -10.742351 -11.843965 -0.890674 -9.248198 -22.573309 -6.619730 3.427231 -4.902999
-45.181225 -5.984481 -16.313658 23.060610 -8.077081 -29.844086 -2.534592 -20.892464 -42.833874 -12.975406 2.881015 -13.346477
-39.884605 -4.144380 -21.112110 20.475851 -11.469622 -29.047150 -9.019851 -5.604682 -41.758896 -4.673322 1.766029 -9.802225
-50.245884 -11.335823 -5.957778 28.556816 -13.298381 -27.178352 -3.041699 -22.561438 -41.075516 -9.876880 -3.443365 -12.739216
-54.099781 -13.320873 -6.291757 32.509964 -21.621506 -33.869759 -7.982624 -20.736885 -43.776199 -4.622589 2.723403 -17.696850
-48.532757 -3.877687 -8.829056 31.013313 -21.878073 -34.528404 -13.691593 -13.363242 -42.755692 0.402528 0.105177 -20.123320
-52.501507 -17.048805 -1.020977 28.922018 -17.150465 -26.859137 -3.326376 -25.446373 -39.570988 -7.120708 -1.875798 -9.595176
-52.619614 -2.709307 -14.200006 32.455448 -11.122850 -34.200287 -4.644970 -20.277992 -52.051720 -11.514317 -3.887797 -17.691210
-42.546356 -9.732340 -7.729384 24.535351 -20.525808 -29.458918 -12.071734 -13.190181 -32.628754 1.642822 3.408424 -12.622027
-49.626804 -6.947144 -11.685396 28.025616 -11.553690 -32.708851 -5.425440 -20.583338 -41.533073 -5.314950 -2.740857 -11.540511
-62.625526 -13.092290 -10.324675 34.286171 -18.802860 -38.071800 -7.740804 -27.937346 -45.465786 -4.239056 1.059744 -15.902179
-38.418659 -6.465836 -9.882628 21.521755 -7.154802 -24.123230 -0.027830 -19.526947 -35.291862 -10.883585 -0.021189 -11.642026
-50.390789 -9.478072 -17.328836 25.447943 -8.953545 -29.679403 -1.168496 -20.181538 -44.662384 -11.146562 -0.219818 -8.325306
-40.139732 -9.807362 -10.084862 19.779293 -16.167345 -22.587030 -6.289510 -14.562681 -33.323662 -7.073452 1.157417 -12.346248
-47.332611 -6.830879 -13.371053 25.979893 -12.698784 -30.216845 -5.547466 -17.829918 -42.055553 -6.126234 -0.761070 -12.538938
-38.889931 0.906669 -15.627621 21.545307 -16.738295 -33.155777 -16.078547 -4.800583 -37.700565 0.588348 4.594731 -16.856268
-41.622368 1.420542 -24.179617 21.633055 -7.531909 -32.872486 -6.203681 -13.871974 -48.177547 -14.603901 7.138748 -20.978188
-58.112637 -14.022635 -8.525465 31.984861 -20.822123 -34.692406 -7.881338 -22.861382 -45.452625 -2.682742 0.231989 -12.583560
-52.580280 -7.861172 -12.226086 30.904032 -13.779521 -32.448376 -4.332817 -20.951021 -47.277256 -9.381655 -0.391912 -14.680796
-50.557720 -10.121549 -6.679779 26.806473 -14.136328 -32.863792 -7.903949 -20.539078 -35.798599 -2.101917 -4.192092 -8.186770
-41.270493 -17.254589 -2.454448 22.339241 -16.045969 -21.156012 -4.098267 -21.145477 -29.167004 -8.656156 4.490129 -11.300587
-44.507416 -13.074207 -10.185225 18.498011 -16.821455 -28.245277 -12.005143 -14.718026 -30.950424 -2.149415 3.757565 -6.567391
-50.335114 -9.935537 -6.550821 30.118858 -13.904312 -30.188148 -3.033527 -22.834808 -41.445953 -6.005253 -0.962901 -13.848789
-32.467785 -11.306485 -7.325910 15.392047 -8.096454 -15.138827 0.591556 -17.444765 -28.144716 -13.826562 3.696002 -9.358630
-54.166965 -4.346297 -18.954847 28.280151 -11.962516 -33.973122 -3.315889 -18.420815 -47.506252 -6.537835 -2.873098 -11.992096
-61.178127 -3.052727 -17.650042 31.928667 -19.009182 -48.066910 -17.087616 -23.531057 -46.986427 1.651503 -4.803716 -16.383291
-62.980576 -12.736073 -9.777308 36.465858 -18.931366 -39.086880 -6.368388 -26.866796 -50.169079 -7.333682 -0.430551 -17.402325
-68.029114 -17.084536 -8.341424 37.177509 -18.854500 -37.487381 -6.992116 -29.357010 -53.140465 -11.234872 -3.516495 -13.516001
-55.511887 -10.626836 -8.533947 31.153341 -15.080940 -34.984264 -2.153235 -28.421925 -41.672173 -4.596629 -3.622038 -13.020115
-45.713604 -17.298540 -3.731558 20.398491 -13.230601 -14.556368 7.335179 -26.496851 -33.566025 -14.218816 -0.617751 -8.019880
-51.812668 -14.351425 -5.518668 26.426344 -18.463503 -26.472792 -7.614078 -17.731455 -40.909172 -8.715296 1.749915 -13.598589
-47.915661 -18.986099 -6.860539 22.605509 -11.127106 -23.197838 1.069473 -24.507669 -34.055496 -9.430825 -0.564566 -3.890109
-46.258842 3.006835 -19.492397 24.480574 -11.035002 -34.597744 -5.845006 -15.824621 -41.504520 -3.189356 -2.837244 -11.144116
-36.532902 -3.523193 -19.630302 14.462204 -1.651565 -21.544811 0.449918 -15.315118 -38.585949 -18.183092 2.994380 -7.341214
-11.309773 -1.759749 -21.100201 -0.797191 -11.113598 -16.316797 -17.025576 13.172122 -21.779001 -1.205190 0.872241 -10.042190
-12.049365 -6.350366 -23.299467 -4.888844 -15.051840 -15.179425 -20.427290 15.757551 -19.123730 1.681712 1.276381 -6.205728
-5.379161 -6.000744 -16.858335 -5.490527 -7.627539 -9.808598 -13.488860 9.471292 -12.206511 -0.382535 -1.128737 -2.876333
-21.479252 -1.010042 -34.824986 -1.327094 -14.853436 -30.222660 -28.962610 20.383543 -30.346174 3.402992 -1.385791 -6.579935
-21.314547 2.692418 -32.739204 -0.914679 -9.905948 -24.748173 -18.988401 14.848430 -31.413759 -0.825113 -6.053327 -5.519876
-13.811751 -5.706211 -22.179628 -1.639807 -14.416306 -15.322312 -18.006458 15.874483 -23.321875 0.259423 -0.178670 -6.827306
-13.308372 -3.262088 -18.691780 0.044180 -12.632638 -15.221755 -15.678274 11.406778 -19.439194 1.515674 -1.776647 -5.943579
-11.693957 -1.222318 -20.416893 -0.242653 -12.396358 -16.220135 -17.110859 12.781123 -22.158541 0.104871 -0.806005 -8.655518
-3.654196 -6.068309 -14.103531 -3.660549 -3.884560 -4.543408 -5.921814 6.454278 -13.565131 -7.217899 -0.528455 -6.577270
-5.188278 -2.465529 -18.278559 -3.364997 -7.441853 -12.587267 -15.526697 11.328276 -15.938264 -1.960230 0.578414 -6.466001
-4.031237 -5.469108 -14.315128 -3.305808 -7.678946 -9.402815 -13.056540 9.377826 -11.084321 0.617932 -0.452550 -3.399027
-6.089329 -6.652566 -13.180435 -2.364797 -7.943864 -9.417738 -12.172295 9.014050 -11.015037 1.396066 -0.630000 -2.861457
-11.200765 -4.667586 -19.141174 -1.482358 -12.669895 -15.922416 -19.528658 14.003757 -18.519426 1.206570 -0.954032 -5.904562
-2.938160 -4.814568 -18.405746 -5.261108 -7.075123 -8.007979 -12.327208 10.985620 -14.047448 -3.435886 -0.869069 -8.955681
-4.636237 -9.049328 -15.072582 -6.238862 -8.283154 -6.685554 -10.962093 8.391944 -10.967779 -0.707350 0.413735 -2.026422
-4.698519 -8.900981 -17.345186 -3.610613 -12.530287 -9.246799 -16.100185 11.382488 -16.915802 -1.112980 1.295451 -9.018025
-5.064408 -2.497709 -17.261200 -1.992554 -6.422346 -14.568936 -17.532936 11.653511 -14.967382 0.357896 -4.279797 -5.537558
-4.209021 -2.363967 -17.336351 -2.566153 -6.489144 -12.895849 -15.571717 10.856794 -14.531220 -0.207089 0.518851 -6.176937
-8.586566 -7.165385 -24.414442 -7.915857 -11.358126 -12.934914 -17.641966 14.468259 -17.525953 -0.627997 -2.467534 -5.632017
-17.968826 0.269364 -30.860991 -1.856391 -12.666526 -24.002878 -22.139986 15.994973 -28.078541 -0.230382 3.091633 -7.936700
-8.400271 -1.867327 -18.796654 -0.378659 -10.861913 -15.155942 -17.328625 13.379313 -19.216236 0.077626 0.819621 -8.349295
-5.639269 -1.816591 -19.116823 -3.759312 -6.948137 -14.043040 -16.381403 10.747699 -17.641808 -3.180847 1.777743 -7.186170
-7.126052 -4.726946 -21.704939 -2.994029 -11.245533 -14.000005 -18.833950 14.573995 -19.798460 -0.198696 2.625992 -7.975475
-14.872190 0.153836 -30.014738 -1.431598 -13.332854 -22.859673 -23.487997 18.684156 -27.612074 0.604649 1.718021 -10.233573
-10.355106 -7.611925 -23.115007 -6.039717 -13.192330 -15.498486 -19.556641 15.003743 -17.568361 1.259857 -1.412055 -4.287367
-12.896924 -1.879099 -26.518698 -1.742808 -12.070082 -22.391253 -23.840996 17.056885 -24.305012 1.407022 -0.385150 -8.833637
-12.665570 5.282341 -28.742611 -2.169340 -2.715043 -23.521311 -18.165855 8.401781 -25.294640 -5.823531 1.309220 -8.640459
-6.759150 -3.697101 -18.072306 -1.718379 -9.787004 -14.065391 -17.047350 12.687001 -16.766363 0.957536 -1.798805 -6.308322
-11.188871 -0.123600 -21.281630 -1.896569 -11.670807 -17.176727 -17.901291 13.417251 -17.693050 1.605951 -1.057203 -5.521895
-5.245257 2.877067 -17.809404 -0.962946 -5.415359 -13.699728 -12.816003 10.038921 -16.522625 -2.414199 -0.105425 -9.083061
-12.158219 2.671999 -26.255564 -1.902758 -8.350477 -20.743471 -20.205355 14.953269 -24.987774 -1.759642 -2.431235 -8.293850
-6.678494 -3.661537 -16.880156 -3.498401 -7.161466 -9.034857 -10.906863 9.772106 -13.710704 -1.121776 1.514171 -4.412541
-12.697118 -2.870175 -24.885536 -2.297021 -11.133320 -18.302095 -18.591719 15.122775 -22.821234 0.404180 -1.226947 -5.496374
-17.703205 -0.601107 -34.432533 -3.081281 -14.099185 -25.320621 -25.904352 20.409172 -30.958927 0.774444 1.426746 -7.979130
-2.394183 -2.235607 -16.633076 -4.587886 -4.180819 -9.383178 -10.722692 9.170994 -12.316169 -2.363831 -1.151293 -5.817970
-8.357244 -4.468524 -21.143976 -5.147135 -8.130732 -13.960914 -15.529966 12.316900 -14.921195 0.341780 -1.161213 -4.354816
-11.964127 -4.301186 -24.789679 -3.392684 -11.146303 -18.689939 -20.492540 15.621320 -21.550106 1.230519 -0.174247 -4.839218
-10.775524 1.403684 -20.706816 -1.700276 -7.810044 -18.919971 -18.649530 12.525743 -19.510160 -1.623441 -2.202085 -6.145756
-10.935585 -0.873922 -22.557354 0.639528 -10.911522 -18.600864 -19.154181 15.447553 -24.170349 -0.330271 0.474461 -10.165525
-12.408564 -2.697936 -26.398832 -5.833396 -10.106507 -18.539412 -18.276712 14.179732 -20.090008 0.180367 -1.391093 -3.338334
-15.558489 0.945215 -29.241766 -1.182325 -10.678222 -22.088799 -21.408882 16.278824 -27.216179 -0.854548 0.789066 -8.505708
-10.031503 -5.521050 -25.094734 -6.868391 -10.690682 -16.418400 -19.641060 15.291545 -19.841169 -0.559425 -1.305094 -4.640056
-4.994736 -4.362586 -21.247890 -5.658722 -5.540129 -9.095284 -11.060645 10.569674 -17.817057 -6.068480 0.053946 -7.833709
-10.171775 0.605340 -27.329449 -4.530542 -6.377967 -16.678188 -16.409815 14.116225 -23.901108 -5.251475 -3.086320 -8.342836
-13.058140 -0.800312 -32.124214 -3.779886 -11.282928 -22.722500 -23.690002 17.831003 -27.938820 -1.214933 1.355606 -9.401379
-8.855116 2.357002 -18.823875 -1.437282 -6.269045 -17.607805 -16.213757 10.092714 -17.605759 -2.989122 -1.438449 -8.545905
-20.456547 3.127897 -28.709448 2.363806 -14.035874 -25.451019 -23.766590 17.307846 -32.545536 -1.814932 1.641756 -14.022470
-5.311138 -4.352325 -18.865471 -3.287946 -7.820808 -12.349738 -14.333054 12.607340 -16.069355 0.043774 0.611428 -4.971970
-5.666032 -1.374929 -20.617262 -4.826258 -7.177499 -12.963121 -15.502529 12.707544 -15.491331 -1.300394 -2.200236 -6.819239
-14.503259 -1.266279 -27.478674 -1.146101 -15.125045 -20.630852 -22.297829 17.284777 -25.072161 1.566910 3.300745 -10.002639
-15.181796 -2.657646 -26.706535 -0.638318 -11.851776 -20.354721 -20.201197 16.917850 -26.043255 1.541732 -0.303352 -6.124586
-10.959261 -1.434846 -28.244995 -3.506155 -11.133648 -21.449184 -23.967258 19.022346 -25.278294 -0.931524 -3.999889 -9.574515
-15.198701 -0.330245 -24.138981 0.641540 -9.044966 -19.041702 -16.693098 12.486052 -24.588776 0.694688 -0.544319 -4.314236
-9.012835 -2.604779 -22.801456 -3.252671 -8.166051 -17.869463 -19.081320 14.221904 -18.849457 0.581095 -2.900586 -5.693558
-10.014710 4.716780 -24.417408 -1.062750 -8.155207 -20.337072 -20.093170 14.158888 -23.348356 -1.759647 -2.726184 -10.815559
-9.354495 4.841793 -24.782913 -1.489217 -7.315713 -21.317036 -21.123493 14.620872 -24.539982 -2.851907 -2.286194 -10.629663
-12.929654 3.333226 -24.726545 -1.375595 -7.634197 -21.118977 -19.794474 14.914626 -23.227926 -1.284869 -3.077045 -6.645555
-12.926089 1.966571 -26.180079 -0.614861 -9.603114 -23.121904 -23.098104 17.060579 -25.575802 -1.179356 -2.329207 -9.953739
-15.523808 -4.065391 -31.234240 -3.524630 -15.022401 -25.057819 -27.946642 20.017567 -24.119066 3.881993 -2.435328 -6.920889
-12.987051 5.192599 -27.721117 -2.351194 -5.539340 -20.140772 -17.121094 13.207225 -25.581511 -4.307853 -0.695512 -7.604669
-12.835095 1.925203 -26.929482 -2.780809 -7.850861 -22.110231 -21.459700 16.051735 -24.883572 -2.014009 -3.289777 -6.653606
-11.115266 3.191969 -24.765732 -1.595072 -7.469712 -21.497030 -20.743116 15.494119 -23.646397 -2.002580 -3.754254 -8.276565
-10.845721 2.469398 -25.507206 -2.612382 -6.552097 -20.189995 -19.582550 14.033922 -23.350113 -2.040029 -0.949526 -7.144518
-11.471012 4.810215 -24.290676 0.766029 -7.347838 -21.548319 -19.686537 13.416282 -23.933676 -1.901560 0.065601 -12.035169
-14.449464 -1.582634 -28.121653 -1.619856 -10.552521 -22.214741 -22.544571 16.675861 -25.005732 0.746754 -0.005523 -7.435093
-12.466150 -3.240669 -28.821520 -3.421400 -11.604988 -21.942312 -24.780634 18.466646 -24.818653 0.817879 -0.779499 -8.467709
-12.132080 4.028304 -24.831169 0.029137 -7.645087 -20.697306 -19.343315 14.569757 -26.014181 -2.663693 -2.917630 -10.521334
-8.425515 -1.707827 -21.748262 -3.159123 -9.651723 -16.849493 -19.773932 13.981757 -19.233662 0.086049 -0.884222 -6.527200
-6.666447 -0.147542 -20.442600 -2.911130 -4.462900 -15.508121 -15.652320 10.884680 -16.960173 -1.036292 -0.509947 -5.594165
-5.238135 1.358324 -21.826979 -2.388253 -6.592537 -16.358973 -18.437738 13.293748 -19.682001 -2.077692 -1.670402 -11.054795
-5.588903 -1.168612 -22.513939 -2.542550 -10.718504 -16.864742 -21.610878 15.548444 -21.720259 -1.565008 -1.990398 -11.521151
-8.446237 -0.844426 -24.567877 -2.397224 -10.778172 -17.793707 -21.337420 16.391996 -23.512564 -1.875521 -2.179486 -12.106983
-12.137191 2.130903 -27.194242 -5.090088 -7.670777 -20.486530 -19.515343 13.268728 -23.394030 -3.214979 -0.612063 -4.306530
-8.639071 2.437626 -23.307341 -1.206023 -7.840637 -19.811792 -20.861740 14.735459 -22.261427 -1.852150 -2.824471 -10.880373
-7.209098 3.224696 -22.484501 -0.711965 -7.650049 -18.693113 -19.385893 13.856508 -21.501547 -2.116175 -1.959840 -11.980593
-11.313741 3.341856 -24.868937 0.590717 -8.610615 -22.355133 -21.992594 15.009389 -25.001549 -1.733787 -1.174420 -12.828741
-10.277382 0.308450 -27.502548 -3.872175 -9.604766 -20.953661 -22.596704 16.803236 -23.801615 -1.279597 -0.153969 -8.771493
-13.420749 2.648931 -28.253738 -0.518898 -9.796008 -25.431465 -25.180119 17.785606 -27.377338 -0.934709 -2.505237 -11.824010
-9.105354 2.255316 -23.825769 -1.159142 -8.400154 -20.341831 -21.544378 15.474993 -22.989084 -1.608563 -3.616915 -10.792262
-9.610495 1.000705 -24.473162 -1.426482 -8.845422 -20.119738 -20.891323 15.352927 -24.797871 -2.440404 -1.541677 -10.551966
-9.720034 -0.659505 -25.635620 -1.532281 -8.538591 -20.591305 -22.414087 15.505950 -24.405703 -1.520587 -0.720796 -10.744580
-10.613781 -0.122591 -25.677780 -3.011204 -7.575949 -17.768351 -18.235882 14.629021 -22.720051 -1.282422 0.353080 -6.726083
-8.170010 -0.639209 -22.386238 -3.224705 -7.461589 -17.022892 -18.361645 13.342957 -19.128618 -0.822239 0.066288 -6.931668
-13.144209 0.142995 -26.895790 -0.603778 -10.310637 -23.595747 -24.617174 17.652647 -26.131714 -0.038605 -2.739645 -10.012274
-11.382942 5.336443 -25.312620 0.659705 -6.074898 -22.839499 -20.557564 14.515996 -26.239216 -3.649897 -2.021750 -11.762085
-9.417334 0.166529 -27.948399 -2.370399 -9.825564 -21.287580 -23.635687 16.888151 -25.060057 -1.150413 -0.098290 -11.935650
-10.464675 2.059157 -24.586641 -0.306612 -7.276479 -21.419531 -20.763720 14.517683 -23.351904 -0.688854 -1.676516 -9.967247
-10.575441 1.121403 -25.807981 -0.290691 -11.010020 -23.417534 -25.269852 17.261379 -24.285748 -0.505388 -2.371654 -11.993914
-8.503001 1.500863 -26.986111 -1.834021 -8.756166 -22.347294 -23.679893 16.535492 -25.315243 -2.710324 -1.192414 -12.990327
-7.517673 -0.193620 -23.924908 -2.602536 -8.181519 -17.403851 -19.417900 14.885232 -21.735382 -2.234996 -0.784642 -9.914975
-9.955829 3.016520 -24.566549 -0.033600 -7.132124 -19.596226 -18.820360 13.809677 -25.342989 -3.756207 0.914781 -11.936032
-9.148253 -1.044973 -21.444157 0.420726 -9.734189 -18.626369 -20.374498 14.490500 -23.186590 -0.583174 -1.620446 -10.532770
-11.621928 -4.020442 -26.824093 -4.175235 -10.287078 -21.339178 -23.681824 16.396120 -21.451679 2.313087 -2.842899 -4.847491
-8.274971 0.913873 -22.632965 -2.965151 -9.374296 -18.957298 -21.205381 14.602879 -20.546503 -1.637950 -0.486553 -9.215301
-6.248127 -3.144571 -22.745962 -4.168566 -9.076872 -15.684804 -19.373344 14.424930 -19.647551 -0.852952 -0.696782 -7.665853
-3.622628 0.953281 -18.603699 -1.194017 -7.336609 -13.729922 -16.256931 12.018914 -19.305622 -3.340123 -2.705056 -12.285412
-6.773827 -0.515472 -22.667807 -2.894725 -6.895898 -17.308987 -18.681734 13.816446 -18.823223 -0.599332 -1.727532 -8.489159
-8.462573 4.190095 -24.357803 -0.988085 -5.218417 -20.406574 -18.937834 13.575437 -23.316530 -3.445841 -2.039895 -12.145764
-3.883989 2.164483 -14.695640 -0.409962 -4.399722 -12.457336 -12.511730 8.037876 -13.864285 -1.464084 0.537991 -7.994880
-9.862077 3.368749 -23.779453 -1.249937 -7.176584 -20.486437 -20.089861 14.399944 -22.326450 -1.496453 -2.468836 -8.776917
-5.230829 -19.264048 -3.314884 -11.278753 -11.449919 0.392454 -6.547375 -10.290650 6.360718 -2.826094 0.059009 -0.164554
-15.560678 -28.323191 -1.022241 -13.447601 -18.386721 -6.271831 -17.986483 -18.667419 14.729139 2.118808 -1.222363 0.954315
-12.828101 -28.561035 -0.239921 -13.827323 -17.822903 -3.856801 -15.110482 -18.302074 13.749544 0.351674 -0.975938 0.401871
-27.597954 -49.796848 2.063384 -20.598806 -33.066803 -10.424298 -27.895781 -35.410706 25.612827 4.821737 2.465896 0.267866
-25.805269 -44.656105 0.248345 -18.946739 -29.600471 -10.645316 -24.074572 -33.168888 23.416058 5.245676 2.598486 0.919026
-20.123610 -33.419102 0.175400 -12.796527 -21.980547 -8.823676 -16.558676 -25.081722 16.497583 4.623767 0.572740 0.915177
-20.169666 -35.978306 -2.781536 -17.358442 -24.036837 -9.645582 -21.864296 -24.762693 20.162079 5.367608 1.818684 0.666356
-16.305878 -34.221237 -1.841000 -16.399496 -21.947723 -4.567247 -15.685431 -23.903339 15.743643 1.108095 3.624332 0.321194
-18.988604 -34.121216 0.300985 -14.634625 -23.630291 -9.351233 -21.276810 -25.845552 18.632309 4.518182 2.567310 -1.154333
-16.632719 -31.436739 2.220843 -12.290957 -22.103643 -7.675163 -18.368652 -23.243208 16.123608 3.375377 -0.228595 -1.693885
-13.104086 -27.924334 1.413435 -11.825993 -20.049122 -6.920845 -16.081072 -21.980164 14.815285 3.095670 1.126949 -2.097091
-22.261824 -37.734554 -0.796873 -16.498693 -24.399862 -8.171180 -21.985264 -23.609510 18.548716 2.182098 -6.535543 2.978707
-20.217489 -34.891842 1.738739 -13.779792 -23.790457 -9.960341 -20.906548 -26.749153 19.144234 4.796805 -0.712018 -0.451769
-21.034660 -33.426743 0.357708 -13.451098 -22.201910 -9.605757 -20.528387 -24.519417 18.472788 4.627595 0.232908 0.749169
-13.121965 -30.498899 -0.611604 -14.621613 -18.978193 -2.247652 -13.947880 -18.961672 13.421654 -1.318795 -0.301568 0.099632
-18.159512 -36.766243 3.624253 -15.744167 -24.594501 -0.725552 -15.389830 -24.724939 15.292245 -2.600657 0.954610 -1.915601
-12.669771 -27.415237 2.509134 -11.385568 -20.506821 -4.884704 -16.206837 -21.092325 13.888863 1.043440 2.745100 -3.490867
-8.313684 -26.952253 2.622391 -12.754735 -18.785845 0.634319 -10.895116 -18.683949 11.184033 -3.061982 1.581824 -2.751715
-14.058587 -26.773211 0.878554 -11.437427 -18.233036 -6.022904 -16.671736 -17.384579 13.870658 2.362906 -2.571609 0.212381
-14.843284 -28.927078 1.662387 -11.818920 -20.451740 -7.029498 -16.815825 -21.639740 15.518471 3.499632 0.540669 -1.383774
-29.001564 -50.257919 -2.331481 -24.015038 -33.874916 -13.252345 -32.186497 -34.571991 28.731667 6.954680 1.152837 0.918156
-26.581505 -42.280853 -2.320835 -19.303534 -27.593794 -12.258160 -26.858450 -30.425062 23.819513 6.044278 2.915617 1.174276
-18.751970 -36.174088 0.289807 -16.159285 -25.084427 -7.615325 -20.451378 -25.842762 19.248198 3.949288 1.809300 -0.815160
-14.307639 -29.808786 2.373477 -12.594735 -19.478043 -2.963832 -13.864817 -20.038483 14.023342 -0.461547 -1.096610 -0.349647
-17.241213 -31.332150 -1.056536 -14.584862 -19.236914 -5.147985 -16.506575 -20.221752 15.145708 0.875429 -0.892300 2.054153
-22.840818 -40.163612 1.276196 -16.714344 -27.160078 -9.513110 -23.625381 -28.216785 20.693399 4.873683 1.578375 0.077230
-28.903513 -48.412666 -1.330169 -22.088400 -31.320187 -10.101927 -27.994394 -32.752201 24.809582 3.841661 2.783372 0.485605
-18.653395 -35.326092 -2.043335 -17.405333 -23.959410 -7.419904 -20.464647 -23.588203 19.422388 3.926291 0.625272 0.996215
-21.583261 -40.656677 1.264125 -16.406633 -27.342691 -7.484137 -19.398535 -28.965956 19.312681 3.526767 1.057567 0.443971
-20.268375 -35.638771 3.363360 -13.935056 -24.846325 -7.966709 -20.619577 -26.117268 18.166325 2.634060 0.082864 -1.104608
-18.148239 -34.614628 3.650688 -13.323358 -26.621204 -9.571347 -22.191620 -28.043114 18.835510 4.356440 3.031080 -4.672006
-20.269699 -36.560139 2.945440 -14.614324 -23.886972 -4.786573 -17.474852 -26.102518 17.717081 0.041602 0.209905 -0.707505
-18.964642 -30.966331 4.452538 -9.847571 -21.030661 -7.309767 -17.378910 -22.681534 15.269169 2.774099 -1.817746 -0.745587
-19.397797 -31.468626 -1.226263 -14.032089 -19.869213 -9.172405 -19.293352 -21.652767 17.204542 3.790647 -2.495903 2.238417
-21.870913 -30.996744 -0.389081 -12.461985 -20.471636 -7.785617 -17.258375 -20.746382 15.776901 3.149781 -0.382694 2.417967
-20.571783 -32.575325 1.556141 -12.431331 -21.494770 -9.272272 -19.672178 -22.928104 17.076561 3.993679 -3.012779 1.275359
-25.592157 -36.108131 0.242639 -14.715574 -23.366541 -9.378444 -20.280794 -23.870346 18.840931 3.904783 -4.044623 3.791145
-21.520473 -36.598053 5.109603 -12.408640 -24.771015 -7.215091 -18.266045 -27.437557 17.619360 1.683585 -1.293385 -1.030710
-18.668854 -36.359158 2.933440 -15.351755 -24.984583 -5.725152 -19.935181 -26.175730 18.838226 1.134585 -0.527334 -1.503216
-21.550184 -33.811909 2.006698 -12.589458 -22.696705 -8.772477 -19.378464 -24.167374 17.822769 3.942324 -1.712435 1.011233
-21.418173 -35.434032 2.399957 -13.477573 -23.664776 -9.049603 -20.384602 -26.090374 18.708035 3.620444 -1.389104 0.497445
-18.072208 -31.249973 1.381822 -12.285601 -20.740421 -6.549675 -17.816420 -20.756901 15.230517 2.476280 -1.960471 1.272818
-17.682507 -34.535820 2.401845 -14.464288 -24.760315 -7.249681 -18.469893 -26.587179 17.966782 2.617623 1.264489 -2.042835
-14.304408 -31.183365 -0.782960 -14.907673 -18.677607 -3.818125 -15.168808 -20.302073 14.639990 -0.016931 0.195980 0.874269
-23.772259 -35.284256 -0.437528 -14.540461 -23.227280 -10.967333 -22.066158 -24.984808 19.935484 5.724621 -0.780133 2.093049
-23.563221 -38.076412 2.006524 -15.239221 -26.344515 -11.362517 -24.071758 -28.707031 21.376495 5.485140 -1.450473 -0.210426
-15.731127 -31.875360 2.453239 -13.496498 -22.171005 -5.518429 -17.172302 -23.011690 16.184763 1.920891 0.179643 -1.235371
-16.608438 -30.914974 2.940277 -11.880751 -21.019361 -5.697406 -17.844425 -21.769283 15.234868 1.762196 -0.259751 -1.094614
-20.316769 -34.366779 1.427319 -13.789272 -24.472391 -11.157210 -22.663847 -26.581709 19.512766 6.070034 0.933305 -1.534599
-25.000479 -37.426086 0.353310 -15.214725 -24.150179 -9.742455 -22.579588 -24.718885 19.733519 4.402163 -3.390309 2.991076
-19.612974 -37.074177 -1.273507 -17.421993 -23.017418 -7.799037 -20.988583 -23.660431 18.128002 2.319566 -3.419480 2.651847
-31.612900 -55.544601 -0.935901 -25.297754 -38.160679 -13.210902 -33.840736 -39.304314 30.216991 6.756251 4.149117 -0.315555
-5.482586 -15.506779 0.390236 -6.760003 -9.762877 -1.372204 -7.523025 -9.995430 6.447088 -0.649127 -0.206227 -0.627402
-8.757579 -20.242035 1.383201 -8.858787 -14.176186 -1.544897 -10.202322 -13.215089 8.780149 -0.654704 0.229363 -1.192772
-31.783688 -44.004486 4.985126 -14.104193 -29.447641 -14.134924 -25.645355 -35.291103 23.665203 6.167928 -3.516603 1.332625
-19.266939 -32.529762 -0.330023 -14.035781 -20.899052 -9.724352 -21.212317 -21.720060 17.455936 4.265332 -3.196977 1.954231
-31.240572 -52.846024 3.343467 -19.778605 -34.781662 -4.726636 -23.653461 -33.415504 21.573742 -1.289393 -6.453485 1.843870
-27.237204 -41.444031 3.631890 -13.456753 -29.602318 -13.264671 -24.044321 -32.336201 20.910452 6.611346 2.035914 -0.007070
-23.460089 -51.179386 -1.333501 -22.923714 -28.641668 -4.494087 -25.453577 -27.917055 18.112366 -6.277341 -10.958849 3.205284
-25.559513 -42.888580 -5.829987 -21.623137 -25.660349 -9.347309 -25.286140 -25.703829 20.970892 2.251779 -4.452421 4.912467
-23.972960 -34.233906 1.570213 -11.382903 -23.713470 -11.167720 -20.526669 -23.793360 17.024267 6.321366 -2.162654 2.122451
-28.466120 -41.481232 -3.158811 -18.487404 -26.250099 -13.405854 -27.438766 -25.550070 22.348276 6.673794 -5.317021 5.293317
-19.350334 -38.991474 -4.077502 -19.156454 -23.215181 -7.206467 -23.109108 -21.566149 17.392815 -0.521178 -7.541336 3.192565
-18.754381 -32.399391 0.854627 -13.273051 -21.282696 -8.797913 -19.339441 -23.377972 17.469687 3.889024 -1.085944 0.623466
-31.074299 -43.733070 2.219619 -14.593592 -29.867975 -16.980692 -27.654509 -34.595448 24.421583 9.745798 0.609021 0.956461
-32.660969 -47.076916 0.244323 -17.369656 -28.167774 -9.965526 -22.450735 -31.378281 22.672554 4.148968 -2.020872 6.070409
-24.976801 -39.967957 3.342660 -14.263875 -27.824657 -11.369417 -24.775301 -29.394112 21.481163 6.006211 -1.921807 0.171213
-32.667179 -45.158447 -2.098706 -18.802496 -28.288349 -13.227195 -27.398264 -30.369457 24.580959 7.093259 -0.280692 4.540315
-24.757442 -39.794117 0.618511 -15.839071 -24.941229 -7.510918 -20.427143 -25.768270 18.151283 1.271150 -6.143411 3.383100
-28.349087 -40.994907 2.472915 -14.054849 -27.708225 -15.007629 -26.955374 -30.015484 21.056561 6.654246 -5.833313 1.969613
-30.032036 -44.046341 4.705373 -14.044026 -32.186455 -14.728626 -23.145306 -39.019062 21.234945 5.937658 4.031017 -2.908027
-23.551882 -36.492863 -5.102518 -16.766661 -20.678263 -11.551457 -22.141298 -21.476076 15.827657 0.956710 -8.793884 6.070599
-10.171924 -22.780237 1.736000 -9.269741 -13.302411 -1.183525 -8.566852 -14.614519 8.398715 -2.466012 -2.203220 0.644006
-14.844850 -31.220701 0.312327 -13.962282 -18.913031 -3.300179 -15.260389 -19.966738 12.575573 -2.013775 -4.630544 1.520976
-20.500240 -35.642178 4.940276 -11.385651 -23.296844 -6.364866 -17.966478 -24.125641 15.399130 1.381668 -2.382887 1.155769
-28.912115 -46.990250 3.278306 -17.723858 -32.443432 -10.747646 -26.349411 -33.815773 24.043379 5.772836 1.373072 -0.106846
-21.641485 -36.341274 -3.604448 -16.723211 -21.755287 -8.277256 -20.255890 -21.478580 16.356833 1.545772 -4.573718 4.345224
-21.649496 -41.119728 -3.027948 -19.544205 -25.387197 -7.452536 -21.676367 -23.854855 17.629934 1.687120 -6.096405 4.684100
-28.032429 -47.549427 6.490301 -15.989264 -32.355476 -8.492559 -23.068186 -32.957695 20.864691 2.250208 -3.389706 1.257044
-20.929214 -32.074619 0.764131 -11.103205 -19.752121 -11.066531 -18.636292 -23.268204 15.379798 4.871381 -2.636507 2.654271
-23.586256 -37.542576 2.250296 -13.870684 -24.838589 -9.623956 -21.640329 -25.972027 18.851080 4.006174 -4.090125 2.299547
-21.567781 -33.682980 3.378113 -11.133889 -20.974840 -7.216215 -16.252760 -24.695707 15.198992 1.073475 -2.978772 1.293722
-14.694093 -30.269110 3.177299 -11.719232 -19.105232 -1.935729 -12.212958 -20.387724 11.311270 -1.536561 -2.114625 0.466707
-25.919317 -39.947716 -2.723873 -18.206667 -23.728821 -7.992452 -21.134808 -25.308273 18.986408 1.564417 -3.378989 4.528652
-11.012527 -29.074194 -0.488484 -13.347625 -17.359831 -2.676499 -14.855157 -15.988385 10.989681 -2.436075 -5.836018 0.804004
-29.580938 -45.837353 2.086944 -17.638777 -30.933744 -13.920262 -27.430098 -35.089912 24.950996 7.156839 2.926197 -0.248989
-29.524956 -42.280659 -1.438046 -16.925564 -28.110590 -12.021455 -26.399008 -27.528313 22.530102 7.087626 0.804275 2.911193
-26.575560 -42.385399 4.696969 -14.516314 -28.644161 -6.298135 -18.697289 -29.673603 18.910860 2.192220 0.384642 1.008520
-35.701633 -54.772213 -0.806813 -21.181826 -35.817387 -14.861587 -31.672508 -38.579174 28.581465 8.591649 2.428903 3.220314
-29.318737 -42.061977 6.183695 -12.708653 -31.671967 -14.093505 -24.631634 -35.803513 20.924448 5.453631 5.114917 -3.340544
-23.186361 -36.321945 3.913738 -10.478580 -24.028975 -10.531826 -19.387058 -25.874781 16.353851 5.209945 -0.474483 2.116886
-24.036240 -42.485641 2.269014 -16.117598 -27.584576 -8.143309 -21.344736 -29.623018 20.149954 4.013577 2.514037 1.199329
-26.262043 -37.310677 -1.233520 -15.081485 -23.715378 -10.453912 -22.605324 -24.461323 18.876102 4.208898 -4.706356 4.048435
-29.475159 -42.811005 2.803155 -14.403506 -30.630821 -14.203650 -26.880360 -31.760715 23.409008 8.788800 0.101563 0.725379
-30.423616 -47.164429 0.908654 -17.788958 -30.795435 -11.439667 -25.872267 -32.376202 23.547298 6.112751 1.221888 2.918179
-10.046014 -24.017853 1.281524 -9.465792 -14.598469 -1.913172 -11.337533 -14.448258 9.264812 -1.513642 -3.599606 0.428076
-35.333496 -54.030464 -2.505772 -22.965517 -36.412792 -17.580383 -33.889290 -39.499657 29.160967 8.802121 6.429069 1.291744
-23.731850 -48.062881 4.999904 -19.026373 -34.904221 -5.969807 -22.307415 -39.469711 19.807802 -1.861899 8.210626 -5.070841
-22.594471 -50.216522 4.831170 -20.745186 -36.393356 -4.000303 -23.617048 -37.907902 20.718298 -2.952732 9.864986 -5.077902
-14.632135 -26.854195 2.494698 -9.655913 -18.179943 -1.509690 -11.508743 -19.214426 9.924819 -2.821237 -4.235342 -0.117614
-30.419586 -21.999664 -15.285684 -1.748362 -22.898813 -29.502556 -29.378300 -3.700451 -1.097601 18.629879 2.744062 3.816045
-30.918133 -18.745731 -16.930519 -0.612049 -21.594812 -26.707556 -24.684109 -0.293193 -4.871368 17.437006 3.183297 4.621131
-30.661917 -25.284651 -9.601221 -3.557448 -19.580732 -22.280325 -23.166933 -10.954553 4.845293 14.519655 0.997977 6.956489
-29.769016 -25.044737 -8.111191 -1.508968 -27.422974 -26.766750 -28.648470 -13.845110 3.450392 17.938915 6.747145 0.649397
-30.406054 -23.298910 -10.697980 -1.149965 -26.374958 -26.965023 -28.800234 -7.166548 -0.206561 17.606676 3.804031 2.920776
-29.036118 -24.133043 -9.695280 -2.529948 -24.026768 -23.698347 -25.014874 -6.783713 1.751920 17.373081 1.350699 6.063107
-38.195740 -29.499359 -11.502711 -1.748561 -30.345194 -33.358376 -34.568787 -11.221778 2.917284 22.991007 3.589251 5.585606
-40.826256 -19.795612 -13.460546 6.281123 -25.554144 -36.606045 -30.667810 -6.456481 -5.827713 22.229637 -1.174843 3.170904
-34.156223 -14.361533 -11.534465 6.855385 -22.573963 -33.242767 -25.853525 -12.640563 -5.024294 20.030012 4.743849 0.648831
-36.491646 -14.492909 -16.154173 3.931919 -27.418222 -36.374828 -27.205519 -11.649909 -7.639498 20.858360 1.690219 1.077950
-28.829128 -23.052158 -5.224810 0.088284 -26.314240 -25.650469 -26.279205 -13.540784 1.283665 16.243877 5.095014 0.734113
-36.756207 -17.972509 -17.189020 3.703167 -24.523634 -37.316303 -31.154800 -12.787031 -2.419859 23.705107 4.364577 2.070769
-30.642790 -15.795003 -10.115648 4.462964 -16.950571 -25.842289 -19.898012 -6.885205 -4.035213 15.453976 -1.961068 4.867564
-27.533144 -20.901781 -10.303109 2.485018 -22.153460 -21.930134 -24.425383 -0.655907 -6.026437 14.843785 -2.239380 2.938469
-22.472555 -19.683596 -10.873143 -2.900787 -16.673363 -21.561056 -21.193953 -5.591043 2.086278 14.586165 2.080571 3.666793
-31.235119 -21.769085 -14.125315 -0.926504 -25.995586 -28.963030 -32.617577 -0.422418 -2.838343 17.595917 -1.721377 2.748342
-34.174854 -20.566725 -14.123423 -0.384091 -21.609793 -28.780334 -26.327915 -3.128471 -3.971058 17.896513 -2.131687 8.729674
-35.806412 -22.832960 -12.031932 1.321179 -26.836061 -28.662479 -27.388716 -5.182742 -1.909932 20.656620 0.784929 5.495187
-27.986734 -18.449013 -9.097151 1.878932 -25.383030 -27.350887 -27.408527 -8.000426 -1.436136 17.798878 3.897208 -0.563093
-25.665630 -14.750875 -12.511313 -0.524072 -18.145332 -25.121124 -22.691021 -3.392998 -1.759151 15.634278 0.390139 4.532786
-39.245041 -23.935516 -14.290287 1.388912 -24.762686 -31.783791 -29.348049 -5.811850 -2.610771 21.744936 -2.575736 7.993660
-34.664352 -17.192026 -20.113735 0.203584 -20.736654 -33.577820 -28.114290 -0.117130 -8.233553 18.448362 1.890125 5.452584
-36.103088 -22.162508 -10.796552 2.848859 -23.579582 -26.553730 -23.192371 -9.242647 -2.886530 17.704144 1.904950 3.917292
-38.237160 -21.288469 -15.490212 1.177980 -28.151407 -38.083500 -34.336067 -10.645659 -3.566744 22.419359 3.451466 2.293669
-26.556030 -20.913656 -13.198951 -4.397865 -17.369148 -24.217323 -22.178282 -7.835181 2.834084 15.850889 1.749191 6.618298
-31.479679 -19.245975 -14.971697 -1.248647 -16.611607 -27.224016 -22.646324 -5.827873 -1.209763 16.582449 0.114218 8.074870
-29.874502 -18.378349 -5.735513 3.094960 -22.823345 -23.318176 -17.619900 -14.898795 -0.671875 15.168448 -0.307002 2.499762
-13.561707 -14.483283 -7.055725 0.750626 -13.895877 -11.164594 -13.975898 0.103554 -6.175431 7.126704 -1.420395 0.346406
-27.650019 -22.245539 -12.679691 -3.782750 -22.016432 -24.738916 -26.966871 -4.323252 2.259917 16.590219 1.049823 6.285851
-26.735201 -21.589989 -6.684607 0.213056 -21.193451 -20.729012 -22.685665 -6.559269 0.971859 14.838020 -0.789363 3.724807
-26.449032 -12.722266 -13.600429 5.270799 -21.325020 -28.795467 -28.274441 3.129257 -12.298405 13.547892 -4.971721 -1.762460
-30.575228 -13.443024 -16.223015 4.825278 -23.544384 -32.266544 -28.339378 -0.926812 -12.588630 15.500420 -1.123415 -3.331485
-34.139702 -28.133966 -13.479939 -7.269592 -25.536594 -26.212551 -28.845249 -10.314636 5.697570 15.899807 0.376302 8.609129
-35.778755 -18.413368 -18.470272 2.311953 -22.170752 -32.318684 -28.967972 -3.804285 -7.757209 17.880196 -5.107013 6.725963
-39.962162 -17.477589 -21.944510 1.912724 -20.991455 -37.869709 -30.668810 -4.931105 -10.604124 17.548344 1.861130 4.788748
-42.120026 -30.645351 -14.824715 -1.226169 -29.341358 -36.256401 -36.506924 -9.287070 2.210497 25.322758 0.658533 7.073517
-37.044514 -29.227259 -11.109180 -1.716331 -29.110434 -29.184769 -30.579893 -12.107434 2.886974 21.471867 5.412405 5.065658
-39.622955 -21.158997 -16.394526 2.594980 -31.461763 -39.140736 -37.286335 -8.514634 -5.916971 22.773783 2.674301 0.036396
-42.411335 -29.624218 -11.236817 1.630836 -34.937408 -34.598873 -36.477539 -9.829897 -0.534810 24.384649 6.351202 2.837981
-37.717075 -24.952379 -12.187839 3.404978 -24.279291 -33.749546 -29.672365 -6.691399 -3.125833 21.781017 1.495749 5.819153
-30.896849 -24.697525 -9.414408 -0.500779 -28.545794 -29.214550 -29.484138 -12.924395 1.735653 19.190271 4.109385 0.025014
-29.204525 -19.425232 -17.648769 -3.604122 -25.762032 -29.056198 -31.538385 -2.010683 -2.213632 17.871750 2.949775 2.245904
-37.973679 -24.603697 -12.109676 1.473085 -20.963474 -28.652304 -22.918036 -9.399279 -2.360709 18.532705 -2.078989 9.313994
-18.512489 -11.534113 -9.351762 -0.989759 -12.086806 -15.673207 -13.560060 -5.189237 -1.740200 8.849298 0.064904 2.221968
-36.507801 -19.303743 -18.478136 -1.079539 -23.365536 -36.035385 -30.764885 -8.590770 -2.905930 20.607868 0.088613 5.947711
-33.473160 -20.666681 -12.521699 0.640106 -20.181648 -28.306612 -24.825855 -5.416645 -2.112037 18.238394 0.060221 5.766500
-25.565153 -16.639780 -14.010783 -1.142833 -20.396828 -23.019447 -23.926340 1.464387 -5.280231 14.232617 1.750944 3.162838
-25.143768 -17.418158 -11.756359 -2.184504 -18.618633 -21.137163 -20.711325 -5.233537 -0.677258 13.876969 1.779457 3.040483
-38.299610 -30.207615 -12.014972 -1.220930 -31.142935 -29.749409 -32.974052 -3.782378 -1.967828 20.511024 3.766705 6.062917
-38.379314 -24.385546 -9.675197 4.620469 -31.649136 -28.812510 -30.033693 -2.885135 -6.589466 20.040319 4.837417 2.321006
-18.134872 -10.011045 -17.037872 0.581214 -12.255785 -17.284407 -15.409202 7.108843 -14.876738 8.399069 -0.510344 2.197997
-27.543123 -22.913319 -16.487757 -4.006872 -25.549938 -25.133284 -26.632252 -2.527855 -3.593080 16.260843 5.823998 2.781273
-37.609909 -31.490393 -12.294940 -3.920893 -30.296680 -29.618011 -30.228125 -9.233974 0.885074 21.375471 2.088363 7.996148
-43.243786 -26.688955 -19.300583 -3.459877 -28.655695 -38.710571 -36.616581 -8.863993 -2.806384 23.000954 3.260254 9.877374
-38.693481 -28.210407 -20.031658 -2.010090 -23.941952 -31.033485 -28.116854 -4.127966 -4.371793 20.571518 3.164135 8.293666
-32.772934 -22.430244 -15.098227 -2.509809 -23.786533 -27.891718 -27.012526 -4.922269 -4.791683 17.491274 1.227529 7.606111
-26.325560 -21.952299 -14.968500 -4.222408 -25.368080 -25.131472 -28.023840 -4.968622 -3.177775 16.466005 3.835122 2.958601
-45.101017 -21.864931 -19.602411 5.819623 -27.778393 -36.210575 -30.481730 -3.797779 -12.497638 22.116877 3.544020 4.412824
-36.901970 -23.526274 -16.242317 1.037206 -19.845579 -23.815435 -17.996740 -6.129468 -9.092744 15.383327 -0.060974 10.335439
-25.053493 -14.746566 -13.012147 1.462977 -15.397112 -24.366917 -16.639753 -9.164852 -6.499499 12.665900 0.590976 4.023530
-39.241741 -27.966421 -13.059525 -0.161958 -28.681925 -28.896292 -30.678143 -4.504201 -3.772350 20.903214 3.031904 6.546801
-29.212027 -21.796301 -11.794643 -1.596820 -20.973179 -26.594604 -23.286915 -10.551855 -1.306677 16.270969 1.167275 4.796045
-37.064987 -24.082447 -17.214422 -0.665742 -23.043203 -29.187578 -26.477970 -0.877160 -5.800530 20.252878 -0.612697 10.124648
-30.208807 -19.448839 -16.283060 -1.340711 -23.147783 -30.678816 -27.116730 -7.243617 -6.304826 16.894814 4.230693 4.175846
-27.272310 -16.105221 -12.111627 2.089817 -18.325203 -27.185949 -20.695181 -10.462415 -6.041077 14.796051 2.639838 0.848223
-29.284470 -22.828930 -11.374790 -0.230886 -24.287031 -25.083120 -22.521198 -10.190489 -3.228243 15.182187 1.354374 2.618435
-20.031078 -18.239759 -15.369355 -4.226624 -19.530819 -22.088795 -22.368134 -5.293572 -1.835282 14.033736 4.205766 0.221550
-23.173834 -18.624109 -13.389021 -3.602033 -20.071362 -25.396709 -25.493612 -9.534868 1.661638 15.669014 4.527036 0.411983
-35.762306 -27.145918 -14.658736 -0.160667 -27.515764 -27.541271 -27.120426 -4.211216 -6.742770 19.267450 5.720517 4.680723
-31.709274 -18.497578 -16.461483 -0.008914 -25.601587 -33.399372 -28.924955 -9.005639 -5.624057 19.082579 3.080818 3.180444
-26.102909 -22.015009 -12.406878 -2.986033 -26.388157 -26.288441 -28.807882 -7.934735 -0.017071 17.352098 5.775463 -0.204129
-27.806410 -24.074732 -18.172497 -5.621310 -24.555332 -25.528196 -26.730591 -2.387302 -3.389631 17.017038 3.609099 5.341583
-33.383984 -18.387257 -15.653359 1.400137 -25.765833 -33.147388 -34.127792 -2.259203 -4.710495 18.053110 2.532985 0.319220
-35.327312 -18.863398 -18.302801 -0.211520 -22.536877 -32.785583 -27.645817 -1.842690 -9.395234 18.449165 0.485372 8.686877
-27.878414 -21.924894 -11.703153 -1.519351 -26.121651 -26.466078 -28.331295 -8.116118 -0.572076 17.282177 6.072803 -0.139315
-32.756481 -24.084940 -16.716185 -2.110134 -24.819914 -28.558912 -27.755978 -2.187682 -2.801442 20.040899 1.958418 5.645795
-32.318211 -25.884089 -17.951023 -4.545670 -27.469490 -28.896441 -30.217339 -4.362576 -0.832330 20.580927 4.567734 4.475332
-30.322147 -19.423666 -16.954035 -1.253837 -23.284845 -29.563505 -28.928923 -2.273538 -3.833585 18.348652 4.433940 2.765468
-30.931482 -25.046913 -15.438440 -2.746893 -24.854197 -25.640425 -24.887461 -2.262445 -4.588431 18.400579 2.148025 6.366838
-30.511618 -24.683304 -15.125567 -2.982145 -25.351498 -23.979658 -24.851120 -1.471497 -3.780096 17.508633 1.524333 5.192466
-30.181591 -23.607374 -15.079757 -2.811365 -27.652628 -28.591105 -29.931370 -4.819172 -2.120102 18.685125 4.034329 1.517138
-36.119953 -24.285543 -14.971313 -0.477128 -26.892885 -32.629845 -29.358488 -8.933406 -2.531410 20.326546 5.671277 3.570392
-39.089729 -28.852682 -14.534120 -0.393035 -27.156647 -28.628805 -27.708843 -4.863630 -4.441915 21.349140 2.128330 7.829319
-36.329109 -21.364914 -15.507669 3.384044 -25.297953 -32.395908 -30.258259 -2.266411 -6.206598 20.977589 1.701424 2.534327
-28.085888 -19.448061 -14.366381 -1.899652 -23.842352 -28.668861 -27.318394 -8.602741 -1.833726 17.496092 4.431705 2.439960
-33.651299 -25.257265 -14.046375 -1.365571 -28.449858 -30.745386 -32.050289 -5.332711 -1.775027 20.301167 5.451304 2.968379
-37.274708 -24.756050 -18.504663 -0.915332 -25.563726 -30.965214 -29.530413 -2.989481 -5.086091 20.794401 4.343979 5.045504
-33.285374 -20.903208 -14.152115 -0.846900 -24.896549 -30.383116 -29.055771 -5.194030 -3.242116 17.845163 1.671606 3.814630
-34.496792 -26.087872 -13.717693 -1.181036 -27.922062 -28.308445 -28.254211 -6.411291 -3.352785 18.951389 6.287591 4.096366
-33.805305 -24.896603 -14.641834 -3.173069 -25.745045 -32.541115 -31.477530 -10.509587 0.746043 20.791023 3.358520 5.001080
-30.619171 -25.712591 -8.293543 -2.112856 -28.852758 -28.932703 -30.532713 -13.784114 3.155115 18.379791 4.761792 1.431406
-37.092274 -20.292774 -19.753815 1.228324 -15.819570 -31.514740 -21.513788 -8.199298 -6.404340 16.837919 1.302117 7.244562
-35.140007 -10.509775 -24.924084 0.735237 -16.020498 -35.677631 -26.695662 -0.759996 -14.764786 13.619995 2.860921 4.579549
-38.233112 -29.497431 -14.965322 -1.754481 -27.447809 -32.053066 -33.053627 -5.211125 1.492938 23.111164 -2.270581 8.406165
-37.600082 -27.419315 -18.861914 -4.291637 -23.609686 -31.288902 -28.952633 -5.396354 -0.810413 21.404894 2.709674 10.215985
-30.950594 -22.661573 -12.061118 -0.054531 -27.122120 -30.753815 -29.887674 -10.655147 -1.697801 18.460531 6.092472 1.709808
-35.253811 -23.302267 -15.321543 1.462905 -26.293497 -32.734005 -31.081949 -6.148779 -2.864706 20.563169 6.066077 0.869614
-31.374172 -18.270142 -10.570903 2.344910 -24.850124 -27.380222 -27.455963 -2.672273 -7.200797 16.647903 2.516541 1.430139
-27.907482 -23.934683 -14.046222 -3.900319 -26.808266 -27.306694 -28.639925 -8.145879 0.639959 18.978485 2.974537 2.124333
-25.860287 -14.557242 -9.223494 2.651861 -20.334385 -25.375183 -21.581642 -7.480740 -5.940463 14.255430 1.616583 2.387637
-7.230572 -16.031015 -13.176576 -5.056609 -20.787951 -12.356368 -20.800125 -5.605379 -8.228518 0.414018 14.304037 -12.496463
-5.342417 -11.244383 -8.428213 -2.815830 -16.619223 -8.953704 -15.029252 -5.428173 -6.684752 -0.614930 10.822946 -9.939114
-16.306143 -19.671560 -15.984832 -6.224602 -22.831371 -19.046038 -26.157484 -6.400092 -6.013975 6.010228 14.985607 -5.513011
-27.738358 -10.081069 -27.924330 0.590095 -18.270622 -31.709734 -28.722500 -3.577255 -17.169868 10.203040 15.931129 -7.637183
-11.336671 -31.247555 -10.380286 -11.037672 -33.426659 -14.723201 -31.189608 -19.522306 -0.906110 1.742200 23.362101 -13.239588
-2.951802 -13.914367 -3.815555 -4.602351 -14.507225 -0.849891 -8.197644 -8.396962 -4.146089 -6.460135 8.631406 -8.826103
-6.777470 -18.628674 -2.681056 -6.060601 -20.632975 -3.911694 -12.981183 -13.090876 -1.187095 -3.085331 11.399753 -8.911542
-6.842134 -12.576523 -6.923341 -2.059314 -16.796154 -11.234329 -16.043556 -9.221362 -5.591845 -0.651293 13.364680 -10.548501
-7.637571 -11.886347 -5.254855 0.530697 -17.250256 -13.129534 -16.685492 -9.907098 -7.342457 -2.389884 12.461741 -12.655566
-10.573318 -15.733425 -8.680827 -1.662964 -21.643093 -14.599202 -20.037851 -9.185188 -7.804907 1.441730 15.170999 -10.622832
-9.670277 -18.204327 -5.729703 -3.091581 -20.768620 -9.435373 -17.921028 -8.175669 -5.232069 0.380292 13.743146 -8.857763
-3.565321 -10.050646 -10.661307 -4.104253 -13.103287 -7.152989 -14.077822 0.428814 -9.085625 -2.004000 9.390778 -6.888203
-7.394366 -9.630542 -10.690523 -0.641264 -16.492846 -14.208612 -17.341208 -8.925241 -10.092794 -1.580192 15.852406 -12.436013
-6.872099 -17.172142 -8.954239 -5.415730 -21.337315 -11.547326 -21.068556 -7.408000 -4.440957 1.064545 13.860483 -8.891955
-10.740704 -11.680780 -9.763266 0.324845 -21.396772 -15.667951 -21.299782 -4.203059 -9.808798 3.477136 12.388398 -10.305953
-4.001626 -16.882706 -9.417291 -7.237378 -18.908836 -6.484426 -17.777037 -7.741241 -5.013683 -2.443416 14.940599 -10.304461
-5.272882 -16.962135 -15.171362 -8.152372 -21.431570 -7.839553 -19.862593 -3.067370 -10.997370 -3.480059 15.959773 -11.270257
-3.224317 -17.213409 -7.434514 -6.997030 -18.831665 -5.900649 -16.421804 -8.240621 -3.121055 -1.871158 13.636739 -8.967145
-4.772476 -10.908184 -14.817322 -4.594019 -17.265839 -11.846448 -18.859346 -2.109491 -11.132524 -1.060818 13.796391 -10.355118
-4.988855 -11.630743 -6.160293 -2.135264 -16.210209 -9.828444 -15.860190 -7.256521 -6.226276 -1.398167 12.416580 -9.409892
-12.993912 -7.247927 -18.351290 -4.016530 -12.704860 -17.884039 -20.755983 0.057032 -10.645402 2.773560 10.579016 -6.868003
-17.094570 -13.782933 -21.467619 -8.288637 -6.832610 -10.557441 -9.610872 -9.526175 -10.237176 -7.359157 8.871287 -3.347043
-7.028146 -13.332835 -15.783403 -9.257411 -10.932348 -7.860195 -14.452751 -2.221919 -6.732147 -3.257928 7.707766 -4.239453
-2.971737 -11.935708 -7.869385 -5.244283 -12.631889 -6.131143 -11.910381 -9.579182 -4.281818 -3.809877 12.027032 -9.293629
-3.736738 -4.930418 -10.834130 -1.959677 -9.426089 -11.655267 -13.076300 -3.529646 -8.197974 -1.634865 9.124242 -7.475954
-12.656466 -14.433398 -9.703224 -2.519135 -15.768252 -8.633786 -14.119534 -0.633617 -7.362458 2.184956 6.921078 -2.844503
-10.464429 -4.478489 -18.935640 -2.281987 -10.970965 -12.907551 -13.575171 -1.645964 -15.313121 -4.337260 11.576200 -10.826234
-9.372884 -5.597355 -15.725669 -3.740336 -8.556807 -14.159817 -14.872487 -2.623551 -11.380278 -4.722317 7.728819 -6.588610
-17.318085 -11.318070 -23.355581 -8.679400 -13.803075 -15.860332 -18.474697 -5.285912 -12.568801 -3.471482 13.401718 -6.974516
-0.556842 -17.271500 -9.123397 -8.157841 -15.875979 -1.151168 -11.979751 -8.115345 -8.208060 -10.175197 13.261871 -10.865991
-14.122280 -1.425105 -21.831118 0.188520 -8.188443 -17.715548 -12.661865 -0.009403 -19.443958 -3.486833 10.977922 -10.771020
-5.792657 -11.167854 -5.001376 -1.278973 -12.281582 -6.703079 -8.488692 -8.370395 -6.929213 -4.449479 10.066585 -6.174637
-12.296624 -18.925419 -3.337813 0.024306 -16.409098 -5.702369 -8.602145 -12.660030 -12.467374 -10.165817 13.525848 -8.268625
-6.796081 -17.985889 -9.758470 -9.140726 -13.563705 -7.521763 -14.565859 -11.779234 -1.124731 -2.518055 12.192377 -6.221150
-4.946405 -9.581695 -11.004113 -5.523986 -6.630054 -7.883877 -9.398504 -8.372178 -3.919333 -3.513361 9.164225 -6.138037
-7.868071 -10.978744 -4.153429 0.337439 -15.893156 -5.442935 -11.425943 -5.136149 -11.075503 -5.352174 10.216861 -11.091402
-17.752701 -14.014586 -22.667675 -8.862868 -1.874009 -12.605363 -5.111874 -17.878956 -11.705438 -11.737350 11.445618 -1.689631
-9.188653 -11.207759 -3.182502 1.408826 -13.850272 -5.875619 -7.280931 -11.462499 -10.858404 -8.022200 10.553359 -10.288456
-5.575898 -9.460987 -5.940055 -1.088391 -10.016486 -9.684916 -10.507736 -9.541171 -4.916306 -2.474397 9.182044 -8.648275
-3.255330 -13.593974 1.929901 -2.206990 -13.545563 -2.911097 -7.858172 -11.689050 -1.701954 -3.904368 -1.056706 -7.461598
-26.305269 -21.355209 -17.544250 -7.604898 -6.199633 -17.272524 -10.454617 -11.638459 -7.038043 0.464575 -2.370082 12.554495
-29.878756 -22.155193 -22.639193 -6.618896 -6.539199 -15.560013 -3.340419 -13.684954 -15.087680 -5.783547 -4.699210 12.928344
-33.237144 -17.592409 -23.759735 -1.692462 -0.212146 -23.542383 -6.864629 -12.923551 -19.080175 -4.219899 -5.048420 13.372513
-29.964888 -28.684933 -17.429844 -9.874022 -10.844813 -14.384638 -10.891976 -12.628752 -3.794327 0.642800 -0.490278 12.235866
-28.473124 -29.671675 -17.504303 -11.820984 -11.594678 -9.036534 -7.747375 -12.882027 -0.831239 -1.063233 -3.017925 11.822488
-31.637619 -24.696117 -19.943998 -6.813933 -5.721061 -13.995030 -4.940230 -14.878343 -8.648504 -2.596291 -0.333523 11.916634
-27.615635 -23.712038 -17.136719 -7.005089 -5.796044 -10.854666 -4.033280 -14.246701 -6.133995 -3.561802 -0.536326 10.783388
-26.693539 -24.013611 -7.393841 -1.189498 -9.187063 -12.167029 -6.927092 -15.221611 -2.028817 0.980879 1.939105 8.031768
-25.247047 -20.392151 -21.002447 -5.109178 -2.850216 -17.473013 -5.920673 -10.568067 -14.922119 -3.177289 -2.123500 11.428601
-18.381586 -20.080296 -13.813485 -7.964282 -5.731486 -11.310280 -6.228486 -12.977847 -4.875262 -3.948013 -4.317671 8.771434
-26.961697 -19.664053 -18.080378 -5.862398 -7.264276 -19.895281 -11.860420 -10.733320 -7.951670 1.093470 -3.783810 12.758832
-26.237413 -24.495201 -19.270334 -9.647703 -3.667368 -12.510238 -3.797889 -16.255785 -5.537255 -3.919493 -5.517918 13.409629
-34.903049 -37.338089 -11.433156 -2.876548 -7.062595 -3.218240 6.890426 -27.745228 -14.300470 -16.106661 0.321324 13.604029
-26.701546 -20.452000 -14.550217 -4.155685 -7.487630 -12.430822 -7.041548 -9.086141 -4.942880 1.695615 -2.031839 10.028030
-26.968271 -26.940689 -16.050537 -9.499349 -9.172522 -7.819189 -2.710568 -13.935947 -6.361175 -4.600054 -2.385993 12.021601
-24.915373 -27.279270 -17.576973 -10.614941 -8.189165 -13.317000 -7.414253 -16.423479 -3.550455 -2.574456 -1.321947 13.292212
-27.705038 -26.134367 -14.236465 -8.103812 -8.853373 -11.997002 -7.913570 -12.664241 -0.793889 1.888629 -3.508525 11.915670
-25.647427 -26.176794 -17.963173 -6.478509 -3.349487 -10.197040 0.835029 -15.207335 -9.892154 -4.720058 -5.081095 12.027409
-17.771500 -18.007023 -13.185599 -6.221756 -4.867336 -10.942878 -5.444978 -11.853392 -5.177062 -4.834055 -4.984062 7.256913
-25.401150 -22.481308 -16.186352 -7.300279 -3.096170 -13.140956 -3.644134 -17.578686 -8.883895 -7.298943 -0.487763 11.348208
-23.982771 -30.022539 -17.843727 -13.901666 -8.077778 -11.053269 -8.857076 -17.723124 -1.841076 -5.709701 -3.036325 12.816582
-17.638359 -13.626909 -14.282009 -5.118495 -4.643018 -11.153943 -7.202955 -7.755321 -5.096425 -1.898368 -0.692430 5.054948
-26.091208 -18.292370 -18.305159 -7.086846 -1.969084 -15.141705 -6.268016 -16.114159 -6.408495 -5.074521 -4.141676 10.379392
-29.407352 -27.413773 -16.361628 -9.666056 -11.416845 -5.973042 -3.051230 -13.249688 -8.240948 -10.071645 1.392712 8.021068
-18.549423 -16.314030 -15.701394 -5.381428 -6.789803 -11.028016 -5.114090 -9.329659 -9.637251 -4.526355 -2.611957 7.178671
-33.725620 -31.365320 -17.256691 -8.692307 -9.055944 -14.162889 -6.093485 -18.430676 -5.411232 -1.177268 -2.639976 15.023839
-24.535978 -26.493610 -13.131954 -7.548349 -8.997558 -7.344698 -4.279270 -13.067263 -4.692781 -2.715442 0.396659 10.585234
-24.050880 -22.172264 -16.946045 -7.389740 -4.689500 -13.552796 -5.863978 -12.909150 -8.890443 -3.185262 -4.395785 12.928765
-30.877903 -18.403313 -24.538191 -10.274979 -7.641050 -25.689362 -18.011900 -10.901267 -7.540462 2.036120 -2.784907 13.174954
-25.734232 -25.652763 -15.018312 -8.595798 -4.290259 -9.331977 -0.004018 -18.186861 -8.040711 -8.727869 -3.297838 11.455086
-22.383749 -23.662231 -16.638733 -10.026201 -7.772446 -8.463696 -6.389633 -11.667561 -2.039220 -3.333465 -0.383969 7.987739
-17.320047 -20.267509 -13.793440 -9.657664 -6.997546 -7.459661 -3.345922 -12.033825 -4.149808 -5.033458 -0.722608 8.352297
-29.367416 -32.483109 -18.253263 -12.456514 -7.311486 -9.505622 -3.517892 -18.987444 -2.620805 -4.181528 -1.625580 13.981732
-32.453075 -25.463970 -16.572054 -7.926442 -7.717762 -15.885615 -5.638794 -19.909143 -4.116615 -2.370343 -4.742617 13.084012
-26.213274 -22.118395 -15.498804 -8.327125 -7.370455 -17.911533 -11.138340 -14.237062 -3.219605 0.716258 -2.981293 13.223106
-24.194052 -23.997866 -16.428724 -8.378066 -3.211027 -12.950135 -4.940078 -16.541519 -5.246406 -3.317692 -0.398323 11.787835
-32.644966 -27.921278 -15.499146 -5.128203 -10.721851 -14.033950 -6.806097 -15.553576 -8.568520 -3.216276 1.977283 10.892573
-23.158625 -22.881161 -14.377071 -7.095170 -5.867224 -5.095620 1.033995 -13.340086 -7.023036 -6.918366 -1.958312 7.997852
-20.910856 -20.051207 -17.464825 -5.483084 -2.774744 -13.744682 -7.037469 -8.913138 -6.393343 1.276587 -3.170226 11.483769
-21.917248 -19.862606 -16.503693 -7.177102 -1.885214 -13.846438 -3.336848 -14.959721 -9.320962 -6.146408 -3.461355 10.565361
-33.233986 -27.841772 -18.552723 -7.929597 -9.667557 -9.903181 -2.727752 -15.273245 -7.849035 -4.040828 -3.123781 13.345885
-32.221531 -33.690052 -15.932217 -9.929329 -9.904423 -10.456987 -4.658775 -21.006151 -5.576377 -6.252414 3.500912 12.300691
-32.654572 -22.787588 -22.002518 -2.085284 -2.978711 -14.780929 -0.969260 -13.668783 -16.253550 -2.307845 -2.122574 13.924731
-22.265572 -25.702200 -9.920388 -7.010288 -10.326356 -12.150540 -8.548668 -13.119551 -3.577013 -1.750830 -0.331467 11.619037
-21.477669 -14.264328 -19.936768 -7.601674 -3.845768 -10.139431 -3.840579 -8.589995 -10.985160 -8.829915 -2.152669 4.988753
-18.590315 -14.800659 -14.922355 -7.091894 -5.519154 -12.054830 -6.124209 -11.083241 -7.015036 -5.227493 -3.590167 8.624321
-32.363628 -24.104336 -16.997379 -6.516769 -7.522207 -16.886276 -9.369884 -13.846043 -2.829418 2.609733 -5.629387 14.614100
-19.566265 -17.238464 -12.918079 -5.522873 -8.790009 -12.839990 -8.883111 -9.800427 -7.114074 -3.951550 1.996983 6.309091
-27.264408 -28.112827 -15.174854 -9.073160 -10.853436 -15.218369 -10.979836 -13.862013 -2.823620 0.543502 -1.599388 12.363140
-19.380163 -25.343102 -11.793623 -7.609097 -5.405606 -5.420246 0.883411 -17.216404 -5.588087 -7.725354 -1.524558 8.440355
-16.230715 -25.995131 1.833628 -2.942589 -11.352568 -0.591074 0.720532 -15.213330 -0.998532 -5.156878 -3.117748 4.921446
-27.494270 -24.269625 -16.370615 -5.551175 -8.765697 -8.199501 -2.730542 -7.813475 -10.184069 -1.362302 -5.368561 12.674967
-29.888950 -23.054447 -15.791556 -4.039844 -9.104465 -14.974217 -8.065751 -8.056600 -6.365098 4.766941 -6.536748 14.808624
-26.309677 -20.968851 -15.787743 -4.387282 -6.674132 -11.490500 -4.931261 -6.889601 -8.556781 -0.162312 -4.225160 12.530867
-25.918081 -21.295170 -11.214478 -3.059794 -8.003291 -14.554401 -7.351213 -9.070483 -3.978766 4.978930 -3.266126 13.099137
-30.861036 -23.290800 -11.488585 -0.818445 -6.693461 -10.191429 -2.354751 -12.427734 -8.972693 -2.324481 -5.788277 12.983562
-29.572027 -17.818081 -18.882475 -3.655159 -5.988718 -16.819017 -8.404899 -6.719493 -10.762542 0.879151 -4.815826 12.833669
-24.878384 -20.673763 -11.028805 -1.469199 -6.456716 -7.483935 -1.398089 -8.864690 -9.151485 -2.294931 -4.101947 11.151712
-28.185877 -22.484890 -14.674183 -3.118184 -9.946472 -4.636985 -0.580432 -9.574930 -13.826922 -6.210104 -4.838320 11.351908
-33.688522 -24.971247 -16.584347 -0.605148 -6.357252 -10.415664 0.495923 -12.333112 -16.997644 -7.384862 -2.758230 11.839267
-28.056499 -22.315573 -14.572639 -3.641615 -3.919796 -8.321489 0.428149 -11.053952 -9.058782 -3.354512 -4.935776 13.246890
-23.053371 -21.509869 -13.403086 -2.585456 -2.778935 -9.067625 1.266246 -13.452228 -10.917583 -4.821479 -4.432704 10.091971
-27.463266 -25.281794 -12.309172 -3.659679 -7.652775 -6.962902 -0.472459 -10.817853 -8.839627 -3.483464 -4.069103 12.313694
-33.504646 -29.167307 -18.141998 -6.455159 -9.605148 -6.146967 0.683661 -12.369777 -12.860522 -5.652233 -7.259359 15.130610
-26.218300 -15.924021 -15.024411 2.381905 -4.858618 -13.200930 -3.663270 -6.025196 -15.503277 0.164794 -5.521221 10.315003
-28.905865 -22.344780 -16.671886 -3.333195 -5.122142 -6.656516 1.950265 -11.442877 -14.598821 -7.137470 -6.530166 11.938405
-24.732054 -21.923677 -16.337753 -6.379844 -5.672048 -9.737620 -3.849357 -9.255115 -6.342776 -1.342937 -3.849704 11.716781
-30.387121 -18.621258 -20.076565 1.561546 -9.901692 -13.679751 -5.175385 -5.886985 -20.493547 -1.634857 -4.000787 9.075507
-28.227879 -24.430784 -14.557878 -3.164512 -8.320295 -8.275714 -1.699710 -10.439261 -11.505294 -1.908142 -5.982147 13.390215
-23.765284 -17.201267 -14.633271 -2.826826 -4.062847 -7.715060 -0.171111 -8.060654 -10.788125 -3.579279 -4.962709 10.297384
-31.833698 -19.201069 -17.254541 -0.663032 -8.722379 -19.442308 -10.246478 -7.707438 -9.016191 5.886741 -4.900391 12.846188
-29.800421 -24.908928 -9.478821 -1.005545 -11.989161 -11.313406 -5.451465 -9.264212 -7.345282 2.260176 -4.042560 12.872535
-23.912607 -18.565563 -15.757243 -3.145139 -6.394924 -12.995069 -6.765198 -4.879529 -8.559312 2.554093 -2.632262 10.752285
-29.013670 -16.446920 -14.774187 -0.041354 -1.469556 -13.301720 -1.626955 -11.904019 -11.290703 -2.806325 -6.335881 12.580058
-24.491936 -16.522482 -17.009476 -3.521731 -0.435516 -11.057815 -1.146172 -9.915546 -12.338915 -5.851429 -6.144960 11.382222
-28.404686 -18.399839 -16.438986 -2.943862 -1.913400 -13.962361 -2.662904 -12.738943 -9.147668 -2.466848 -5.407138 12.571737
-25.556526 -18.333439 -13.218001 -0.596881 -4.038052 -12.713983 -2.863615 -8.786967 -11.045827 -1.211073 -4.038638 12.265385
-31.300926 -26.196508 -13.519257 -1.832020 -8.091373 -7.902172 0.736858 -12.837024 -13.267291 -4.073800 -6.431482 13.324795
-35.914467 -31.932806 -6.702834 -1.570267 -14.707797 -8.462129 -2.141868 -16.030792 -6.669149 -2.602808 -3.481650 13.072896
-22.825464 -26.594545 -11.767129 -8.278190 -8.777866 -10.705444 -6.166499 -12.359469 -2.712829 1.360687 -2.933879 12.749590
-34.945713 -32.457394 -7.891642 -2.537059 -5.977806 -7.343214 4.738507 -21.219837 -8.416277 -9.065161 -5.047135 16.116283
-33.214912 -22.840433 -13.736892 -1.034590 -4.493774 -13.763557 -2.369015 -15.295044 -8.398849 -0.280421 -6.308974 14.214339
-38.486115 -27.457273 -13.396896 0.134145 -4.291734 -11.931632 1.532783 -17.324249 -12.529645 -7.893423 -6.799214 15.923176
-32.869667 -32.920586 -13.400406 -7.468103 -13.752675 -10.999336 -5.477080 -15.485093 -2.961501 0.901741 -1.627539 14.956105
-38.118591 -27.907660 -9.237159 2.029253 -9.049603 -7.514207 4.095547 -20.422529 -12.694467 -7.260003 -6.548233 12.788717
-37.806759 -26.480238 -18.075319 -0.071871 -4.293484 -17.226137 -2.945476 -15.090570 -12.900377 -0.176043 -7.168838 17.038599
-22.475540 -21.286406 -10.024753 -1.454921 -4.297310 -12.393060 -1.114570 -12.427609 -10.059167 -0.807376 -3.917417 11.530519
-31.972870 -25.662775 -4.397220 1.938172 -11.853012 -14.533158 -4.887614 -13.967355 -6.668540 3.474368 -5.022176 14.162983
-28.964518 -32.004372 -6.724405 -4.722520 -13.626287 -10.015495 -4.518613 -13.286810 -2.444016 2.755507 -3.519433 14.967241
-29.226307 -20.383419 -17.204250 -4.013668 -10.336737 -16.576162 -9.955235 -6.184479 -8.806299 5.855694 -2.253592 13.588849
-26.733524 -20.791605 -11.067085 -1.721614 -4.931082 -9.058031 -0.889641 -10.780425 -7.757482 -1.980093 -5.095685 12.733377
-30.119659 -29.482582 -10.949762 -5.036692 -15.360004 -6.808406 -4.436281 -11.383281 -7.255018 -0.033785 -3.115416 13.015779
-25.363411 -17.773340 -11.546935 -0.449607 -3.681568 -11.273308 -2.258403 -9.636322 -7.840292 -0.399436 -5.280485 12.490896
-23.810972 -25.353477 -10.078514 -3.473016 -9.533411 -4.171350 -0.288838 -10.372163 -9.133408 -3.665119 -4.585257 11.520412
-27.271027 -20.144688 -10.566063 -0.479734 -11.507817 -8.765702 -2.869094 -9.778112 -10.032574 -1.180714 -4.402815 9.532285
-24.458864 -20.703386 -15.293440 -3.131419 -7.334632 -11.915071 -5.985408 -5.978733 -8.463217 2.134800 -3.205830 11.911369
-30.680674 -18.439169 -16.453354 0.034059 2.655684 -9.460332 5.466288 -15.891492 -16.144938 -10.239719 -4.746000 11.604557
-25.187792 -21.868179 -12.963201 -2.413778 -9.899190 -5.343266 -1.445493 -9.400879 -12.888590 -4.609952 -3.284739 9.561038
-29.188938 -25.583296 -8.988794 -2.059277 -8.244098 -8.750733 -1.362558 -14.027754 -5.616485 -1.668785 -4.374422 13.310952
-23.591570 -19.186356 -17.800480 -5.104222 -3.595900 -10.044571 -3.477234 -6.646898 -10.259117 -2.444957 -5.237919 11.168644
-17.951664 -0.848920 -24.935534 -2.295317 12.338797 -17.853466 1.029191 -14.378102 -21.054966 -16.467690 -0.477999 -2.117092
-18.238756 -2.027617 -23.382973 -3.083385 12.361928 -13.702907 5.330887 -16.788919 -19.516441 -17.930485 -0.515491 -1.349913
-17.159391 3.068885 -25.581491 -1.415926 13.879622 -18.004545 1.673923 -11.785488 -24.493958 -20.358469 -3.810811 -4.519259
-23.652590 -0.217302 -26.394939 -0.455925 14.195603 -16.033651 7.021341 -16.989401 -26.351429 -23.596025 -2.755274 -2.486343
-15.536343 2.814413 -24.162195 -1.531063 13.227870 -17.156649 0.992145 -10.480270 -23.114021 -19.010998 -3.199665 -4.710876
-22.153578 -0.231508 -25.977358 -1.242552 10.783334 -14.585985 4.734686 -12.981560 -26.451838 -21.999239 -3.377870 -2.991443
-13.660671 2.279208 -21.688978 -1.354793 11.705477 -15.322703 1.091366 -9.657121 -20.970705 -17.209591 -3.358189 -4.127325
-39.179852 1.568884 -40.178524 1.579894 21.317932 -28.526415 6.424399 -23.531670 -43.188519 -34.570446 -4.563551 -1.366936
-14.267975 -0.213936 -22.403696 -2.625381 12.697249 -14.388801 1.917691 -10.400513 -21.399963 -19.019747 -3.800929 -3.891651
-21.573067 1.176900 -28.582884 -1.862660 13.124216 -17.997534 2.531670 -11.420999 -27.407768 -21.854118 -3.442118 -3.902358
-16.287260 2.416869 -25.750843 -3.080551 13.890471 -17.382900 1.165810 -11.906480 -23.194910 -19.041399 -3.752649 -2.566887
-23.513941 -1.614423 -29.919220 -2.919466 17.021559 -18.375147 5.695920 -18.583435 -27.614012 -25.925852 -1.457999 -3.495864
-12.464749 1.179204 -22.886572 -2.986392 11.528963 -15.621941 -0.799095 -7.816911 -20.014748 -16.207405 -2.642931 -4.008450
-20.888855 4.786915 -29.274517 -1.236808 14.446560 -21.667253 0.671431 -12.771720 -28.260639 -22.558533 -2.864130 -6.057652
-14.630074 3.458965 -22.173149 -0.714582 11.944443 -16.481014 1.420550 -10.786278 -22.369493 -17.272869 -2.584914 -4.589194
-21.259705 1.935540 -28.294378 -2.113119 15.175110 -19.999874 3.246278 -14.442894 -26.475739 -22.649851 -3.116122 -3.182261
-12.387668 -1.266510 -20.038399 -3.275470 10.337271 -12.230433 1.188507 -8.634212 -17.096956 -15.194658 -2.508854 -1.410161
-27.824057 1.540952 -35.007950 -2.333151 19.054514 -24.449398 3.492101 -17.293829 -31.833557 -26.640747 -6.383641 -1.986812
-12.955629 1.695401 -21.692255 -1.137923 11.631459 -14.073374 2.006231 -10.129148 -21.790728 -18.685690 -1.608004 -6.538240
-27.373476 2.134442 -35.291424 -2.014004 17.576941 -21.883347 4.289365 -16.405394 -34.619965 -28.965548 -3.572618 -4.690327
-17.297762 4.272907 -25.793623 0.318972 12.068089 -19.551176 -0.382746 -8.733796 -26.217686 -17.517418 -6.743079 -4.970732
-28.365461 1.759585 -34.790798 -1.933904 16.704832 -22.702299 3.383505 -16.311861 -32.391125 -26.724936 -3.911465 -2.395967
-10.974323 2.224993 -19.204660 -1.615538 9.785651 -14.100389 -0.438850 -7.047161 -17.455465 -13.738804 -2.692699 -3.672878
-32.953003 2.120545 -41.416416 -1.200541 20.562828 -28.073551 3.266024 -18.249638 -40.601528 -30.499784 -6.309453 -3.898199
-18.024492 3.713751 -25.675041 -0.861136 12.794781 -19.539764 0.209217 -9.734229 -25.434990 -18.473373 -5.347278 -3.164513
-24.986177 -1.783383 -27.741985 -0.066520 15.640772 -17.726616 6.011724 -17.323610 -29.510998 -26.065588 -4.630353 -3.171317
-16.002142 1.313006 -21.967941 -0.513706 12.653987 -16.271784 2.700743 -12.270850 -21.585035 -18.294350 -3.027802 -3.554899
-31.095934 0.088081 -34.398766 0.392661 18.716965 -21.131266 8.956202 -20.883093 -36.666672 -32.127308 -4.167095 -4.179154
-16.303476 1.660876 -24.680969 -2.166551 13.290043 -16.724766 1.350358 -11.291190 -22.673273 -19.216145 -3.271309 -4.250072
-34.966324 6.361558 -39.868671 1.204948 18.578552 -29.734436 2.828993 -18.662132 -41.045879 -30.099771 -7.284366 -5.594721
-14.724572 2.224982 -20.748917 -0.306038 11.269096 -15.624676 1.556603 -10.308453 -20.642483 -16.082928 -2.870164 -3.080159
-14.386088 -3.530168 -19.115105 -2.362875 10.972545 -11.310851 4.903330 -14.210173 -16.188066 -16.058590 -0.206116 -1.790713
-7.758222 1.935272 -14.797351 -1.179909 7.156726 -10.881560 0.226886 -6.419700 -14.359097 -11.236171 -0.174216 -3.936597
-23.333256 2.015192 -30.043592 -1.522103 15.094634 -21.977219 2.864682 -17.304316 -26.841024 -21.032618 -0.574384 -3.930576
-1.286141 1.578040 -12.356063 -2.125898 4.726024 -8.095354 -1.991229 -2.490510 -11.132550 -9.340778 0.865028 -6.086774
-19.696157 -1.070920 -28.105057 -3.325199 13.545729 -17.030262 2.896518 -13.003008 -25.363922 -23.445660 0.661994 -5.033937
-26.107733 -7.949212 -27.818670 -2.099298 16.129602 -15.970782 7.835067 -18.593475 -26.363022 -21.061005 -7.948158 2.877709
-28.018837 3.681970 -35.347862 0.097783 18.692484 -24.214270 4.302966 -18.085712 -36.675091 -28.518164 -5.411126 -5.540333
-23.032166 -0.802927 -29.320614 -2.638847 16.508997 -20.304747 3.200123 -16.633347 -25.797152 -19.063425 -3.762111 1.448146
-19.248844 3.575935 -26.975485 -1.337318 11.622715 -18.295355 0.794823 -11.653737 -26.811682 -20.812256 0.075567 -5.930135
-17.940817 -3.668454 -21.774567 -2.356197 12.657396 -14.440733 2.954550 -15.385541 -20.082401 -18.376965 -1.450980 -1.381999
-23.884382 2.060771 -28.274485 0.308173 15.791329 -19.196712 5.816984 -17.629547 -29.938105 -25.947407 -3.552500 -3.765010
-14.824273 1.252726 -22.594511 -1.691013 12.340692 -14.742357 2.551593 -11.731030 -21.266867 -18.425470 -1.137641 -4.395146
-25.582893 -0.054975 -31.080080 -1.882579 16.271063 -18.452549 6.106713 -16.696075 -30.418701 -26.836765 -3.116060 -3.599374
-12.745129 -0.239204 -19.502750 -1.566758 10.898091 -12.871202 2.342796 -10.623925 -18.441071 -16.236059 -1.135746 -3.119925
-24.835011 1.458452 -30.971445 -1.717111 17.714890 -20.703026 5.763969 -18.224768 -29.511433 -26.739428 -2.772351 -3.716809
-11.522748 1.378959 -18.611647 -1.370410 10.139688 -13.345679 0.649520 -7.642689 -18.154194 -14.829602 -3.614650 -3.358904
-20.796970 -3.202455 -27.078213 -2.871336 16.010227 -17.372007 5.275874 -18.182602 -22.949564 -21.863596 -0.864549 -3.198603
-14.243266 1.878485 -25.049215 -3.165644 12.537577 -16.531593 0.356716 -10.109255 -21.992493 -17.990498 -2.160298 -4.221421
-18.583147 1.632732 -26.832184 -3.128801 13.556320 -18.386524 2.270156 -13.205750 -22.728230 -19.140882 -1.373851 -3.830408
-14.028360 2.945833 -22.205248 -0.634232 11.813512 -15.613899 1.231749 -9.577407 -22.104033 -17.935154 -2.563323 -5.202955
-22.764990 -0.250036 -29.913050 -3.015439 15.502227 -19.688627 4.504952 -17.086533 -26.039803 -22.651253 -0.964979 -3.608682
-12.611731 1.983910 -20.170031 -1.452722 11.335178 -14.313852 1.743195 -9.736252 -19.388166 -16.277098 -2.515569 -3.563678
-20.403851 -2.569830 -26.528481 -3.201448 14.060985 -17.124287 3.536518 -14.531159 -22.338287 -19.398457 -2.707083 -0.941808
-13.559516 0.530275 -22.562971 -2.465377 11.400951 -14.471361 0.711119 -8.160833 -21.519491 -17.992239 -3.659000 -4.111022
-28.268372 0.866631 -37.094543 -1.892296 20.299831 -23.087299 5.886801 -19.943705 -36.678852 -33.233044 -3.271811 -5.896411
-18.147133 -1.064612 -26.114386 -3.916416 13.888206 -16.336744 2.307600 -12.640820 -23.085361 -20.118793 -3.773582 -1.575449
-28.360069 -1.007804 -33.070683 -1.489545 18.267801 -21.189232 7.156878 -19.959118 -33.798283 -30.660528 -3.361869 -4.771554
-14.009483 -0.455595 -23.591167 -2.154026 12.032107 -14.550805 1.722541 -9.139108 -24.558064 -20.669580 -4.974144 -5.864321
-25.072588 0.664282 -27.385729 0.464712 14.587087 -19.566326 4.013216 -18.271259 -27.820528 -22.632612 -3.216011 -2.575524
-10.782448 1.929226 -19.867842 -1.640914 10.602318 -13.982999 0.281330 -8.011549 -18.779696 -15.713681 -1.527989 -4.968554
-26.570873 -4.418692 -29.384190 -0.923442 16.716143 -15.959498 9.223677 -20.057106 -32.818691 -30.163345 -3.226950 -4.921741
-11.467276 -5.052658 -20.473051 -4.304895 10.117934 -9.950356 3.256427 -10.983158 -18.044409 -18.753286 -0.254959 -3.428914
-15.001950 2.752191 -25.513153 -1.587667 10.098933 -16.157684 0.849106 -9.766952 -22.570240 -17.556274 1.343510 -7.137910
-17.811378 -4.223646 -25.990715 -5.380109 13.203881 -13.897571 2.515364 -10.972684 -22.109535 -19.900425 -4.142910 -0.415805
-8.275133 -1.921293 -17.168182 -2.994177 8.173495 -11.159438 0.653706 -7.494205 -14.141411 -13.915387 -1.059871 -3.215965
-19.064062 0.078230 -26.309343 -2.026214 15.313517 -18.676430 2.135170 -12.911268 -23.972349 -19.820520 -4.885478 -2.210714
-14.668684 1.233677 -20.413868 -1.172053 10.795379 -14.478271 2.737259 -11.981703 -18.016115 -14.405913 -1.766471 -2.145582
-12.560281 -0.581652 -19.718344 -2.818574 8.467172 -12.316058 -0.297561 -5.248997 -16.298126 -10.720736 -3.060389 0.253112
-21.186749 -0.156914 -26.904909 -1.955258 13.518113 -17.955788 4.398493 -14.226835 -24.624329 -21.730806 -1.050404 -3.631608
-16.429756 1.447073 -23.237846 -1.468767 12.733485 -16.445229 1.981434 -12.398818 -22.562515 -18.398109 -1.832847 -3.673924
-24.119711 -2.378365 -29.455263 -2.566940 15.017066 -17.375759 6.132653 -16.944853 -26.213024 -22.196072 -2.220415 -1.756089
-13.120398 3.248902 -20.366371 -0.244424 10.374722 -15.805852 -0.043953 -7.480328 -19.935551 -14.535464 -3.356839 -3.854967
-16.509872 3.224593 -25.592932 -1.696177 10.123817 -19.138897 -0.332762 -8.703348 -22.455675 -13.682021 0.562203 -3.626848
-4.030576 0.114817 -12.695758 -2.078215 6.221027 -8.506886 -0.890421 -3.492923 -11.851765 -10.081766 -1.602583 -5.056939
-31.932030 -2.274794 -35.737309 -1.470570 20.679541 -21.633816 8.631857 -22.362123 -34.607330 -33.532059 -2.662584 -3.298893
-12.574983 1.765532 -21.241373 -1.780958 10.640816 -14.200249 0.899808 -8.586344 -20.184071 -16.132553 -1.238416 -4.563664
-26.830561 -3.999937 -28.517427 -1.523217 16.627989 -17.591030 7.232356 -20.466354 -26.954853 -25.804289 -2.946591 -0.535356
-15.912733 1.388042 -21.848421 -1.095983 12.362214 -15.996972 2.600735 -12.588437 -21.335136 -18.065187 -1.863751 -3.258666
-27.261517 -2.221270 -33.408108 -1.195904 17.738350 -18.761227 8.471814 -19.814795 -34.027721 -31.860964 -0.721330 -6.371047
-18.900682 0.339231 -24.326378 -1.154852 13.848137 -15.974319 3.500297 -13.419503 -24.277943 -20.706486 -4.526514 -3.604318
-26.622797 -7.971697 -25.954514 -1.180753 15.436629 -15.009802 8.196401 -20.885208 -26.608688 -26.606258 -2.847419 0.456152
-22.254757 1.877737 -28.709776 -1.502613 16.562662 -19.783154 4.092614 -16.430227 -27.438269 -23.985680 -5.206740 -3.070227
-25.655048 -3.963415 -25.565910 0.103213 15.029101 -16.686703 7.838149 -20.829355 -27.648169 -25.476200 -3.143891 -1.370437
-16.998871 2.641366 -23.301149 -0.731455 13.119251 -17.286032 2.421950 -12.245057 -23.020247 -18.841833 -4.096349 -3.568913
-22.025530 -0.992882 -28.836826 -2.929586 16.098059 -18.292944 4.154663 -17.539246 -26.199512 -24.922915 -0.785246 -3.748403
-7.532275 3.200021 -17.217278 -0.942510 8.023472 -12.806028 -1.455081 -4.564085 -17.208729 -12.970243 -1.107834 -6.547381
-29.084293 8.295037 -36.088383 2.047629 16.153831 -26.439974 2.418871 -14.534666 -36.883671 -25.739731 -2.910454 -6.413383
-12.080808 0.715833 -18.141699 -1.209254 9.025197 -12.819861 1.407648 -10.025100 -16.832695 -12.996143 -0.120581 -2.851138
-12.753683 -2.684681 -19.892708 -3.464349 10.042456 -11.926744 2.352456 -10.233611 -15.554744 -15.475771 -0.945949 -2.202774
-15.957878 0.766573 -24.423080 -2.819587 13.562825 -16.864492 1.968055 -13.652890 -22.842024 -20.495041 -1.160214 -4.561745
-19.206097 -3.388740 -23.135517 -1.821986 11.351625 -13.702244 5.263783 -14.323868 -19.772503 -18.185408 -0.054916 -2.119207
-16.786913 0.631788 -24.902756 -2.565139 13.744446 -16.603464 2.461018 -13.450243 -22.541058 -19.646214 -2.973787 -3.272944
-25.829956 -2.558122 -32.918613 -2.360218 17.959961 -21.417454 5.745133 -19.150978 -29.088459 -26.305544 0.379888 -4.501620
-12.501861 -0.567478 -21.263485 -2.282296 11.181242 -13.282469 1.694918 -10.182157 -20.443916 -18.098356 -0.817152 -5.020789
-25.268333 -2.316159 -28.415070 -0.749466 15.829979 -17.351664 6.695653 -17.975254 -27.106276 -25.709854 -1.212090 -2.468953
-12.715734 2.176242 -22.271830 -2.081114 11.677216 -15.615626 0.203054 -9.395688 -20.859970 -17.440001 -1.010116 -4.896274
-28.405182 -2.414540 -28.926680 0.147835 15.262712 -15.829060 8.344436 -17.272762 -32.341450 -28.049160 -4.132944 -0.926655
-13.992132 1.386790 -21.039288 -0.706795 10.090100 -14.815029 0.756461 -8.939096 -21.632912 -17.219198 -3.226990 -4.475940
-26.345669 0.165585 -34.098949 -3.262029 18.032621 -21.664551 4.211635 -19.417152 -34.118958 -30.960999 -3.172569 -5.404145
-3.524277 -23.178175 -2.334010 -11.743926 -13.510046 9.517713 -1.884580 -11.795584 -2.492105 -15.632506 -1.121273 -6.115818
-17.158247 -26.557117 -2.334272 -8.241305 -12.853572 8.296352 5.465332 -13.295880 -4.354310 -15.504331 0.732955 -0.929228
-6.319401 -29.004175 -0.148626 -12.392125 -16.430298 12.415851 -0.977456 -15.900470 -2.373942 -19.009396 -4.167153 -6.333194
-26.590652 -47.061203 4.498640 -11.746452 -28.992697 20.321846 7.543238 -30.832088 -10.110274 -32.820831 -6.666195 -7.751883
-4.277783 -24.418699 -1.740215 -12.852716 -15.090203 10.243085 -3.355437 -12.129768 -1.177543 -14.977649 1.396133 -6.391984
-18.286806 -32.668133 -1.436722 -11.386571 -19.279154 14.564286 3.990230 -18.256750 -6.753179 -24.245724 0.842615 -6.489443
-8.387681 -26.535246 3.570004 -6.827496 -17.723551 11.472178 0.261978 -17.342382 -6.570425 -19.292004 -6.029439 -8.772915
-15.758930 -35.621906 5.829119 -9.672503 -24.971294 15.832428 1.967635 -22.547096 -6.379108 -24.732101 -4.828784 -8.811131
-4.893729 -27.163931 -0.279828 -13.307144 -16.792982 10.353296 -3.155323 -14.112015 1.182565 -13.843403 0.288942 -4.850944
-5.238838 -28.980232 -4.733965 -15.572065 -16.025434 12.417103 -3.455122 -13.597379 -3.318178 -20.144102 1.764904 -6.994589
-5.912401 -24.194983 2.753636 -7.677823 -15.000571 10.247346 -0.610529 -14.528796 -3.185611 -16.313574 -3.219648 -5.605718
-31.021008 -45.580074 2.800673 -8.050796 -24.873707 17.630676 7.341377 -28.429607 -11.370361 -30.657671 -7.822133 -0.288827
-12.866242 -32.185932 2.406429 -9.133543 -19.155493 14.729352 1.738341 -20.568108 -5.781729 -22.445723 -6.885227 -5.598318
-21.665854 -42.708687 3.397508 -9.757936 -27.177629 18.603172 6.573117 -26.881044 -11.311996 -29.471342 -7.764936 -8.183034
-7.277543 -28.311228 -1.116583 -13.017594 -17.675003 11.972015 -0.497906 -14.737360 -1.845192 -16.816916 -2.411442 -5.277786
-19.138056 -34.224949 -0.558847 -9.996784 -21.101107 16.320820 6.443270 -20.401661 -9.967126 -26.663446 -1.445575 -7.604414
-8.374803 -35.459919 -2.851676 -16.846556 -21.681034 15.363066 0.044665 -17.710190 -3.133156 -21.710506 -4.100580 -6.542737
-21.929214 -31.712732 0.278476 -5.170227 -20.582346 14.609344 6.755915 -20.029261 -13.775081 -26.808558 -3.005373 -8.844227
-11.113498 -39.802036 -2.705939 -17.391432 -23.709970 17.237116 1.032231 -20.929770 -4.107780 -23.654858 -7.291415 -5.817628
-12.008598 -32.597073 1.099588 -9.308397 -21.884598 14.785625 1.511557 -19.013988 -9.573582 -25.195688 -1.046363 -11.222454
-10.607188 -34.715366 1.413963 -13.794280 -21.650692 16.102827 0.514438 -18.956129 -3.717898 -22.302502 -6.222753 -6.228043
-15.599062 -37.931309 -3.532628 -15.001652 -19.208342 14.295452 4.235614 -20.751415 -4.758296 -24.008686 -2.087053 -2.510126
-6.694385 -29.936913 -3.817764 -16.582922 -18.162514 11.643291 -2.263071 -15.124233 0.318373 -16.196342 -0.993847 -4.805665
-23.268354 -37.497330 3.079691 -6.994927 -23.478628 16.184294 5.794333 -22.061880 -10.771432 -24.992817 -2.442431 -6.239304
-10.802567 -27.406403 -0.100762 -10.994906 -16.685614 11.245161 0.392845 -15.844922 -3.502697 -18.820244 0.228137 -5.577916
-14.431607 -44.248333 -0.035996 -16.364006 -27.712820 18.229696 0.691723 -22.119316 -6.452032 -27.819405 -2.195463 -8.714967
-5.087064 -32.019493 -2.418570 -16.209837 -19.106411 13.444894 -2.192401 -15.915648 -0.942097 -18.727139 -4.808575 -5.734940
-23.302608 -45.877510 0.563924 -11.329507 -25.719187 20.626400 7.943246 -29.625158 -13.816436 -35.732098 -9.856743 -7.892202
-17.741760 -41.653088 -1.259190 -15.240691 -24.214069 17.996021 2.112720 -24.223215 -5.270913 -26.138845 -5.144741 -5.277246
-22.631563 -42.592602 1.543257 -10.656559 -27.521643 19.026142 6.828156 -26.668602 -12.525196 -31.393965 -7.860342 -9.557152
-0.674399 -20.317562 -7.102818 -14.761881 -10.927088 5.321815 -7.203001 -8.981407 1.417151 -10.262487 0.500840 -4.343893
0.291137 -19.805706 -3.683460 -11.282776 -12.228617 8.653505 -4.955372 -8.505867 -3.760422 -14.714988 0.814566 -7.899811
-5.754735 -26.357769 1.757436 -11.244224 -17.679142 11.627459 -2.250304 -14.408111 -1.385439 -16.563751 -0.911492 -6.456011
-16.708490 -30.547928 0.764893 -6.844890 -18.647694 11.813268 5.461228 -20.981377 -9.195127 -22.741573 -6.766693 -6.695092
-0.692739 -22.469837 -4.997534 -14.448029 -13.829876 8.951754 -4.152136 -11.131098 -0.639940 -14.423180 1.618458 -6.618239
-8.803692 -33.625153 -4.757794 -14.960750 -17.347342 13.723752 -0.161666 -14.844501 -3.697946 -19.913033 -7.267348 -3.153632
1.381086 -16.936396 -2.923269 -10.369699 -10.437277 7.387011 -4.649571 -8.605280 -1.846274 -12.121012 1.733316 -6.839057
-9.623271 -30.111164 -7.221116 -16.755972 -16.342966 11.480088 -0.789923 -14.314186 -1.900677 -18.660152 0.094504 -4.418724
-3.133427 -22.052874 -2.086538 -11.406096 -14.106752 9.553026 -2.833164 -12.197562 -2.869729 -16.154856 1.958130 -7.429547
-24.906912 -54.724747 -7.502697 -21.099644 -27.045712 21.094110 5.114261 -29.285051 -8.736655 -34.372940 -12.121256 -3.234851
-10.640715 -30.135012 3.004480 -9.696537 -18.130669 13.045026 0.308256 -17.954178 -3.237186 -19.288319 -3.414147 -5.199176
-0.234170 -19.333548 -6.396492 -11.445685 -10.671257 7.527682 -2.694278 -9.787260 -4.726320 -15.855316 1.883119 -7.979590
-16.436970 -34.441986 3.127374 -9.251075 -20.921150 12.545093 0.018081 -20.168633 -2.237579 -17.917238 -3.924550 -1.542567
-15.353605 -42.305309 -0.012394 -17.416067 -25.985241 16.827242 0.962683 -21.998722 -3.138398 -25.165373 -2.221307 -6.456523
-11.081084 -37.803963 -1.588783 -16.132866 -23.796095 17.385765 0.962405 -20.159477 -5.159976 -24.263325 -5.602755 -7.381685
-14.354943 -34.415279 -1.724156 -14.345405 -20.576952 13.878116 1.814045 -17.678082 -3.188351 -20.996265 -0.571444 -4.384192
-16.420626 -34.453503 2.835627 -9.121273 -21.720743 16.207144 1.695682 -21.391155 -6.337650 -23.621183 -6.458306 -5.190744
-17.627235 -37.564648 -0.726986 -11.842500 -24.457857 17.955292 4.070274 -20.600395 -9.954026 -28.369631 -0.545962 -9.574929
-9.967785 -33.157307 0.773127 -12.754723 -19.605524 14.574318 -0.161716 -18.679556 -3.411886 -21.859735 -4.662141 -6.067255
-9.875447 -30.855305 -2.762357 -13.631967 -18.619886 13.714805 0.904387 -15.423693 -4.227868 -20.872980 -1.332160 -6.249294
-13.918580 -33.786915 1.320659 -10.244376 -19.621647 15.530797 2.328794 -20.296539 -6.687242 -24.395832 -6.106235 -5.874654
-9.023308 -31.861248 -6.319306 -15.970110 -19.449133 13.115125 -2.773554 -13.949530 -5.844759 -21.104012 5.421818 -8.784895
-5.539190 -26.306055 2.305944 -9.645732 -15.462440 10.190295 -1.848224 -15.398393 -0.696707 -16.482347 -3.610383 -5.436206
-18.693752 -41.594452 0.787218 -12.201668 -25.036236 18.830805 5.298357 -27.091507 -10.638912 -32.664330 -8.269054 -9.561565
-7.758792 -24.937212 3.661608 -6.241348 -14.866715 9.696503 -0.562018 -17.337570 -3.221725 -16.987539 -4.397449 -4.883929
-11.358938 -31.016975 -2.354297 -13.584367 -18.542995 13.105316 -0.324636 -17.090517 -4.712329 -21.846603 3.184666 -7.662321
-11.551166 -36.245770 -1.196514 -14.339537 -22.886187 17.154108 1.787733 -19.194109 -6.637999 -24.354334 -6.292137 -7.652514
-18.635965 -45.015213 -0.314047 -16.253178 -28.750738 20.110640 5.375217 -25.121969 -8.009909 -29.659920 -4.895634 -8.110005
-6.912705 -29.578318 1.556715 -10.346475 -17.871122 12.441982 -1.727683 -16.239214 -3.023559 -18.514809 -6.884558 -5.702273
-23.456652 -47.333252 5.305412 -12.941104 -32.138332 19.991751 2.888820 -27.517712 -7.738954 -28.789249 -2.583277 -9.662665
-13.666415 -40.730183 0.253631 -16.703920 -26.260067 19.024071 1.481826 -21.919100 -5.074757 -26.183245 -5.585075 -7.799970
-11.619147 -38.895866 -5.661449 -19.095284 -21.640450 15.233615 0.498653 -18.142899 -2.077879 -22.197014 -2.088914 -3.691274
-16.900385 -33.223801 -1.479134 -9.674085 -18.232754 13.830153 5.999716 -18.482946 -9.133287 -23.881292 -3.756800 -4.392692
-20.261156 -46.820980 1.412560 -15.403085 -31.103708 22.166712 4.105238 -25.777479 -9.936510 -32.644833 -6.047321 -10.657758
-5.143279 -30.255154 -1.161632 -15.248421 -18.564825 12.842852 -3.279734 -16.070160 -0.899737 -18.968163 -1.822579 -6.746016
-20.715191 -47.848778 3.624081 -13.817999 -30.685551 21.408390 4.584849 -27.793545 -9.366867 -31.348419 -8.020805 -8.638060
-6.878385 -36.528797 0.414401 -16.320293 -23.119715 16.567669 -1.551205 -19.738722 -3.014928 -23.585373 -4.761225 -8.535070
-21.509968 -51.953243 -1.281173 -18.581869 -32.348045 21.635483 4.251891 -26.033615 -8.134721 -30.777369 -2.556113 -7.855228
-7.368235 -25.470135 2.501113 -10.506576 -17.077156 10.810794 -2.726448 -14.250554 -1.698871 -16.326500 1.097953 -6.958484
-15.104761 -28.887751 -2.541887 -10.001292 -17.787727 13.466061 4.478085 -16.643360 -8.778677 -23.509619 0.483021 -8.281740
-6.162757 -23.055151 -3.276534 -10.761456 -13.546905 9.683991 -1.249507 -12.015059 -4.468545 -16.697929 2.863280 -6.882573
-22.724167 -56.499939 0.377407 -19.673002 -34.968117 25.583250 5.013850 -29.784046 -9.082873 -36.391823 -6.080373 -8.215706
-8.099587 -29.254444 1.519848 -13.057040 -18.852917 12.854037 -1.945125 -15.944999 -1.026449 -18.262506 -0.367109 -6.206064
-14.577406 -27.361902 -9.115210 -9.132704 -10.771384 6.916605 3.412288 -14.884146 -11.584244 -22.051323 5.730455 -4.642815
-4.874072 -23.804419 2.320280 -9.782904 -16.515669 10.305834 -3.382415 -13.668438 -3.020715 -16.817085 0.779991 -8.109212
-13.815413 -37.380043 1.430699 -13.295013 -25.320349 17.412987 1.430315 -19.545181 -5.925708 -24.571770 -4.122791 -7.782866
-7.913994 -31.912849 -0.956987 -14.243255 -19.210012 13.657429 -0.303262 -17.165745 -2.435865 -19.525911 -3.734649 -5.954326
-21.054543 -46.825169 1.581355 -15.406301 -29.628437 20.760704 5.133397 -25.379959 -7.658978 -29.305517 -3.573206 -6.650480
-14.605651 -35.378075 0.959869 -12.486571 -21.547983 15.336595 1.971549 -20.523174 -4.421834 -22.296194 -2.541044 -5.655326
-25.211666 -44.090206 2.045594 -12.060344 -26.412088 19.077641 6.306951 -25.462292 -9.340108 -30.881287 -4.439219 -6.103720
-22.621683 -34.365154 8.848763 -3.137298 -21.145071 9.564087 2.946808 -22.071568 -4.886009 -17.897818 -2.766026 -0.344771
-9.884571 -23.874893 -1.863038 -7.908626 -13.612844 9.447448 1.363235 -10.886129 -6.293148 -16.284557 1.432516 -4.926168
-19.065046 -34.132877 1.520802 -8.108511 -20.139894 14.461434 3.329211 -21.574177 -6.961257 -22.927244 -6.287643 -1.842237
-17.790377 -49.789501 -0.075558 -16.997276 -29.535307 21.071371 4.210117 -27.083342 -8.422674 -31.543503 -6.466910 -8.419704
-10.595587 -36.612709 -3.072613 -13.695462 -18.900303 13.635404 2.660947 -19.279495 -4.526149 -21.050541 -6.748428 -4.106148
-7.727987 -30.154306 -8.240933 -16.067522 -14.689502 11.691092 0.257695 -13.405448 -3.932009 -19.337566 -3.900522 -3.053049
-8.266950 -37.009602 -4.428775 -18.102768 -22.007181 16.068846 -0.182744 -18.389565 -3.904650 -23.867964 -2.766366 -7.358640
-14.748404 -31.977800 -7.977294 -13.343436 -14.957152 11.444352 4.253655 -12.468642 -7.681639 -20.022852 1.175368 -2.464400
-7.804084 -29.206106 2.662065 -10.970269 -18.212538 12.937249 -0.840907 -16.560049 -2.812317 -19.659891 -3.765571 -6.761972
-15.799341 -41.026371 3.777330 -11.870015 -25.313990 16.891811 1.479510 -26.193422 -6.339123 -26.101614 -10.143136 -7.347952
-4.094794 -37.100491 -9.945940 -19.608030 -18.772829 14.588717 -0.421314 -14.509178 -6.553764 -23.179379 -5.511825 -6.683735
-17.428564 -47.827301 -2.431807 -18.179850 -29.513382 22.180435 4.689683 -24.198416 -9.131256 -31.520449 -6.391851 -7.807715
-16.163431 -35.389675 2.579781 -11.051549 -22.482016 15.855307 2.863555 -20.823774 -5.792562 -23.383394 -3.786701 -5.869724
-10.434221 -36.047554 0.462814 -14.021893 -22.957348 16.027412 0.973753 -18.752256 -4.407258 -22.730965 -5.345222 -7.153758
-11.914804 -35.265385 1.373465 -12.998137 -21.266388 15.079880 -0.784028 -19.898254 -1.761930 -21.411711 -4.571519 -4.510764
-17.138870 -35.941181 -0.584220 -11.574273 -22.351444 13.633730 1.427574 -20.110411 -7.892306 -25.208416 4.018273 -8.676251
-12.650887 -31.960075 1.413190 -10.525357 -19.190172 14.401550 2.906688 -19.537060 -5.672135 -22.454374 -5.102312 -5.719360
-7.217502 -29.837961 -5.823593 -15.907547 -15.413528 12.840249 -1.758061 -13.437874 -3.186537 -19.264660 -1.612000 -4.597865
-12.567996 -31.821646 0.073310 -12.293179 -18.656269 13.217838 0.455267 -17.399948 -2.959719 -19.444294 -1.906091 -4.362237
-17.818047 -42.828094 5.822673 -11.939009 -27.594522 18.253374 2.170993 -27.416828 -6.844545 -28.041651 -10.592363 -9.108806
-29.240286 -18.356773 -17.661310 -0.534855 7.044332 -4.162233 16.979563 -24.919220 -23.129808 -23.249321 -4.005620 5.338985
-33.702972 -33.891628 -17.404778 -4.844311 1.401594 2.923847 21.246979 -31.376881 -22.342598 -31.622257 0.227850 5.024165
-24.490063 -16.659706 -12.242771 0.550696 -0.299621 0.226981 14.738070 -21.500011 -20.725515 -22.072695 -1.580961 0.848457
-30.523926 -27.762461 -11.337781 -2.479432 -5.834764 8.938878 20.963509 -26.493570 -23.797871 -33.102211 -3.077287 -0.421526
-34.314896 -18.269741 -14.895137 1.570953 2.582111 -0.179822 18.755587 -27.046230 -25.547569 -29.781963 -2.920170 2.406133
-26.203730 -19.591908 -16.948025 -2.274784 -0.011496 0.169313 14.906697 -20.378954 -21.600828 -23.905012 -3.354622 2.822836
-20.477119 -15.477547 -11.887106 -0.498500 1.623917 -0.004518 13.411512 -18.041006 -18.816395 -22.030998 0.496843 -0.609490
-44.703709 -28.970287 -16.801170 0.891496 0.028240 5.082455 26.672907 -35.605263 -32.704441 -41.755287 -5.239335 3.478094
-26.845663 -15.964168 -12.524265 3.199358 4.693866 -5.413783 13.956971 -21.795296 -20.662912 -22.058241 -2.500463 2.191862
-31.296177 -21.385355 -13.353276 0.563648 -1.986166 3.013780 20.632715 -24.646875 -26.892454 -30.552086 -1.832254 -0.841380
-18.598465 -14.025845 -14.768294 -2.555945 2.304386 -2.215563 11.043552 -16.786701 -17.614042 -19.022255 2.856423 -1.756514
-25.142225 -11.621894 -20.690590 -0.510672 6.507815 -5.848962 14.603731 -19.359280 -26.022615 -24.597046 0.384687 -2.405057
-13.552129 -15.359746 -11.889435 -4.486172 -3.931685 1.500574 8.969699 -11.121754 -13.198230 -15.525745 2.104832 -2.197014
-22.787497 -16.242062 -15.317037 -1.453561 -3.082734 0.909515 14.166114 -14.514023 -19.483234 -20.538258 3.475606 -4.188128
-32.428501 -18.423189 -15.897858 2.543177 1.621209 -5.105702 15.803899 -25.549448 -26.624344 -25.524857 -1.968381 1.142102
-19.196075 -19.719795 -13.668404 -6.228487 -3.906877 3.117653 11.468098 -13.398496 -13.679499 -19.450422 2.460066 -0.359011
-39.596230 -16.832613 -22.237595 2.373811 7.529531 -3.467710 21.525490 -27.720076 -34.261662 -31.739716 -6.965497 3.919696
-42.159000 -19.157766 -20.991169 3.587117 9.728065 -7.409695 20.840578 -34.126995 -32.366558 -34.604618 -5.200719 5.174100
-31.539051 -19.376213 -12.791907 3.539699 3.084428 -1.091506 19.410091 -27.063110 -25.899218 -27.468081 -1.843230 0.951278
-43.571953 -31.450537 -16.763796 -0.009105 -3.498640 6.727130 28.949043 -33.559090 -35.100479 -41.650452 -3.521638 0.324192
-23.897335 -20.107256 -11.629567 -0.300853 -3.246619 4.014508 17.327030 -22.538080 -23.264332 -27.057184 -2.259773 -2.591393
-39.038071 -28.450045 -14.140578 0.510849 -2.154983 3.973354 24.774921 -29.866499 -28.890594 -31.456295 -5.906554 4.348989
-19.670494 -22.265503 -14.760613 -6.955221 -3.434927 2.290449 12.263410 -15.527475 -14.968222 -18.369892 1.822229 1.241621
-24.351103 -15.260593 -12.701596 2.475434 -1.304760 0.878798 15.199297 -15.859156 -24.683067 -21.955477 0.405460 -3.504233
-27.365128 -23.451090 -13.620834 -2.319540 -3.703475 3.189584 16.965237 -21.004280 -21.196093 -23.394270 -1.179346 1.512438
-37.762012 -20.722513 -21.077906 0.532173 0.013133 -1.746675 22.780010 -27.125254 -33.452030 -33.736916 1.433494 -4.365767
-20.092146 -13.806594 -13.931569 -0.733719 1.764647 -1.916282 11.589089 -15.424716 -19.263321 -19.354149 0.184550 -0.615593
-32.873657 -23.761347 -15.488972 -1.974395 -2.822860 3.053549 20.410587 -25.658842 -26.056919 -31.353754 -1.088751 0.430875
-22.596861 -17.540071 -8.349613 2.656831 -3.161743 0.659362 14.530400 -20.626463 -21.299128 -20.999784 0.157942 -3.038683
-32.004009 -21.206591 -16.601093 -1.126134 0.477699 -0.395720 17.886330 -25.300247 -24.375147 -25.914444 -0.383297 2.623599
-10.990776 -8.927207 -13.741162 -4.004704 2.669535 -2.098840 6.127061 -9.426463 -15.123046 -17.410950 2.181437 -4.023975
-34.876728 -20.124990 -21.353973 2.456074 -1.295251 -0.097610 21.573084 -20.034697 -35.566948 -29.285458 -0.680908 -2.413289
-21.672560 -12.741766 -10.611170 3.106579 1.151921 -1.757399 14.393308 -18.299772 -21.884172 -20.503345 -0.720787 -2.044116
-34.579449 -26.437908 -14.063578 -0.350814 -4.719439 6.178223 23.538027 -24.175730 -29.343058 -30.591352 -1.327519 -0.400330
-18.884315 -19.686638 -12.045616 -3.345075 -4.225242 4.009617 13.819193 -14.141357 -17.907307 -21.015072 2.443167 -2.559821
-30.340715 -19.957912 -19.761112 -0.693359 2.694758 0.059813 20.672894 -22.692307 -27.054094 -27.611673 0.146111 -1.267656
-20.809811 -16.391249 -9.056087 0.735246 -1.422582 2.304715 14.290432 -19.872217 -20.112303 -23.300859 -1.207243 -2.305764
-36.504452 -21.922773 -15.595525 2.638829 -0.608344 1.956710 23.109743 -29.380478 -33.282307 -34.423882 -5.593089 -1.088813
-24.502913 -16.652580 -9.332837 2.489484 -2.051633 -1.013607 14.062180 -20.680016 -21.187429 -21.707809 1.941437 -3.721827
-19.483828 -10.063084 -16.954580 0.524428 0.541222 -2.961647 12.197813 -11.826292 -23.062983 -18.065411 1.127390 -4.348265
-27.669134 -21.822479 -11.236912 1.007122 -2.202139 2.116606 18.101315 -23.537758 -23.497265 -24.268333 -0.469973 -0.074399
-35.887192 -25.554083 -21.572193 -4.902026 3.186390 1.419491 19.517967 -28.116901 -24.261591 -31.121506 -4.741359 5.774355
-44.277210 -21.060587 -20.175219 5.489644 9.631306 -7.494923 22.790367 -35.251812 -33.168781 -36.082447 -6.162461 5.159247
-33.484165 -29.985916 -23.500032 -6.478447 0.638364 2.761998 22.258421 -25.609894 -26.460218 -29.674299 0.219969 2.319129
-36.078518 -9.637564 -19.072412 7.849809 8.757668 -10.450689 16.549158 -27.199303 -33.991165 -28.613737 -4.267453 0.024621
-32.584789 -28.042496 -17.690130 -2.823272 -5.339507 5.949010 23.485329 -24.721539 -29.006836 -32.182037 -0.781719 -0.926242
-31.431314 -23.517384 -15.453279 -0.500275 0.580202 3.820550 22.337559 -27.950487 -27.502563 -31.957644 -2.928452 -0.314423
-40.752663 -31.046125 -16.808453 -1.417932 -0.896248 4.336824 24.577797 -31.836941 -30.104858 -36.837238 -3.222636 3.596049
-28.197092 -18.171715 -12.657935 1.549776 2.420401 1.995727 18.725645 -23.860870 -25.029785 -28.269690 -4.843039 1.623784
-40.948822 -19.560148 -16.573135 6.726857 1.052736 -4.623568 22.670729 -28.837112 -34.715210 -33.264996 -1.503860 -2.496581
-30.825003 -18.187008 -12.473915 3.486233 2.570953 1.222403 19.861526 -26.763781 -27.671127 -30.843746 -4.282069 -0.128114
-46.288120 -29.005423 -23.015305 0.579942 -2.765151 2.207397 27.548964 -31.516090 -40.023346 -40.030293 0.441136 -0.945799
-27.097929 -20.074055 -13.383073 -0.655093 -0.661367 3.147208 17.351234 -23.130819 -22.785343 -27.038488 -1.837256 0.388529
-43.432022 -29.149530 -19.554241 1.642822 0.916527 0.088478 23.570494 -32.621391 -34.058353 -37.414509 1.708741 -0.276848
-20.143253 -15.079272 -9.124573 0.846795 -0.139213 1.175611 13.768163 -18.654194 -18.885859 -21.731546 -1.931087 -0.923732
-38.257301 -25.192217 -16.858980 1.242277 -2.291757 2.270745 25.098040 -28.007565 -32.885994 -33.228100 -0.518580 -1.561829
-28.686615 -18.969221 -15.922358 -0.034209 0.762251 1.290407 17.533203 -24.129583 -25.945452 -30.187069 -2.468552 0.252528
-18.159451 -10.244655 -12.879053 -0.652295 1.287315 -1.589767 11.152532 -13.586864 -15.999031 -17.376184 1.086933 -2.129264
-22.658756 -17.244974 -10.265306 -0.932827 -1.715751 1.880397 14.207022 -18.743963 -17.900621 -20.303570 -1.273891 0.468022
-42.401733 -22.486671 -18.236485 4.413495 -0.809340 0.069579 24.911669 -30.403456 -37.622879 -35.949055 -3.900379 -0.363660
-24.618097 -19.490566 -15.889196 -3.444936 0.200193 0.458928 15.544275 -20.971348 -21.424463 -25.712835 2.789657 -1.968098
-26.518620 -21.683659 -18.188076 -3.806995 -2.952360 2.063317 16.304089 -17.684427 -21.529350 -24.326406 3.610848 -2.462405
-29.559389 -25.736124 -14.229023 -2.060141 -2.638397 5.701711 20.848368 -26.532940 -25.084522 -31.633785 -2.041869 -0.475982
-34.980862 -28.615108 -19.485901 -2.393713 -2.970019 2.981272 21.690290 -25.042210 -27.557684 -27.877474 -0.710510 1.935208
-27.428558 -17.534084 -10.247231 2.565368 0.999551 0.053777 15.659766 -22.412636 -21.655291 -24.614689 -3.176515 2.470901
-37.173176 -15.077953 -21.049568 3.835361 2.308966 -8.230284 15.135715 -23.880199 -34.130455 -30.612164 2.372001 -2.926734
-26.339071 -13.887717 -12.447778 3.585874 3.665630 -3.344090 16.232803 -23.423326 -24.178860 -25.190666 -2.029362 -0.040304
-39.862679 -23.449396 -16.961893 1.624993 -8.263027 4.531264 22.502165 -25.712736 -34.052334 -35.787308 -2.923984 -3.292944
-21.069687 -11.177202 -9.888570 2.122331 1.925454 -3.366730 10.358488 -16.928102 -16.947350 -16.902113 -1.597880 1.456024
-39.246353 -27.995489 -18.514370 -0.239428 -3.343455 2.339571 22.258915 -29.990067 -32.197086 -35.809082 0.892843 -2.060832
-24.083515 -18.984303 -11.021934 -0.561384 -2.538781 2.822652 15.572892 -20.503902 -19.841888 -22.303272 0.582840 -0.384694
-37.158901 -14.627348 -25.486273 3.659717 7.257370 -8.688787 20.016754 -26.769251 -35.295113 -29.942951 -1.672409 -1.109407
-22.635286 -21.095209 -10.559262 -1.580292 -2.535070 4.254444 15.431008 -21.475672 -19.034521 -25.380575 -1.733274 -0.472399
-39.592266 -26.017635 -16.915909 2.169739 0.418979 2.203454 24.321415 -29.551111 -32.078094 -33.053432 -1.361579 0.575673
-20.821089 -14.123623 -8.786364 3.157667 0.135541 -2.269453 12.191860 -18.128714 -19.126757 -18.833755 0.753168 -2.388399
-27.862576 -15.346632 -17.641907 0.349785 2.381655 -1.377502 17.403803 -19.941463 -24.464022 -24.930782 0.951627 -2.395700
-23.840986 -16.849831 -13.638004 -0.980318 2.241369 -0.880494 14.737719 -22.824724 -18.990316 -22.962231 -1.034091 0.695170
-38.164742 -29.734135 -20.547050 -3.579713 -4.373272 5.809772 23.564905 -30.422867 -31.969095 -40.519459 0.751614 -3.279159
-30.964336 -25.206909 -14.451314 -1.151897 -2.462412 3.390414 19.113056 -25.345894 -24.889771 -28.255322 -0.201213 0.740154
-33.213375 -25.887403 -17.391293 -1.737785 -0.328210 4.893775 21.863262 -28.695864 -29.215488 -36.304867 -0.541402 -0.880410
-25.110630 -23.279888 -10.325580 -0.778048 -3.656531 4.458817 16.678667 -21.138990 -20.286373 -23.358389 -0.374393 0.625962
-39.061584 -25.335587 -14.901110 3.711909 -1.420661 4.276645 23.496508 -31.306213 -33.443760 -38.625759 -1.264308 -2.010017
-15.756096 -14.499333 -13.112257 -3.186286 3.737425 -2.080112 10.212523 -15.985875 -13.403288 -15.558150 0.791437 1.279139
-21.897566 -11.334150 -12.576745 2.859571 -2.479656 -0.149767 14.409290 -13.893620 -22.181053 -21.254559 2.126274 -6.912285
-30.880812 -23.846432 -14.933513 -0.624952 1.883636 4.068890 21.850061 -27.983580 -26.437941 -31.599585 -3.725093 0.982541
-42.495029 -34.738148 -11.523091 -0.124848 -8.026132 8.130740 27.389324 -32.344376 -29.065804 -35.870945 0.124174 -0.896851
-32.482285 -23.577526 -17.195997 -1.374217 1.198680 2.718640 22.097221 -27.104040 -27.769051 -30.833042 -1.934544 0.587539
-32.250256 -14.597672 -24.016636 0.118460 7.829592 -4.266839 20.532946 -25.421114 -31.560667 -32.352554 -0.781555 -2.030728
-26.568590 -17.546144 -13.068487 0.238681 3.598286 -0.475770 15.271823 -23.006205 -20.639280 -26.029402 -3.107702 3.010358
-39.590923 -24.873362 -12.919272 0.990407 -1.701402 4.610647 22.604713 -31.128204 -27.077124 -34.877922 -4.464793 3.747322
-25.878738 -16.782967 -12.144671 1.139853 1.997774 -0.680384 14.810455 -21.978991 -20.533102 -24.553802 -2.762981 1.932216
-37.305092 -23.576904 -16.601597 1.422784 -0.708277 4.048776 25.811525 -28.591396 -32.762932 -35.181267 -2.806130 -1.013404
-23.736547 -14.754180 -12.355142 2.687281 1.252470 -1.008196 15.244531 -21.597189 -24.380568 -26.479628 -1.231500 -2.383510
-19.767115 -7.333800 -15.630983 -0.341356 1.585599 -2.967631 11.444139 -13.953183 -18.324404 -17.968855 2.707322 -5.443563
-32.168503 -20.379230 -15.817603 1.741766 -0.598426 2.128644 20.803673 -26.136848 -30.216372 -32.337982 -2.352163 -1.971476
-40.093460 -18.890690 -19.206102 2.504115 1.333000 -2.609241 22.193192 -27.309631 -34.593063 -34.158932 -3.655831 -0.125242
-26.726372 -15.490698 -10.562441 2.152650 0.987599 -0.957024 13.825251 -20.298616 -19.726194 -21.675608 -4.230788 3.777900
-26.524414 -17.384523 -20.770992 -2.051514 -0.740597 0.512406 17.132545 -16.489828 -27.010332 -25.790075 2.251376 -3.966720
-32.914993 -18.588100 -16.139654 2.200798 2.631402 -0.804059 19.678963 -26.822897 -29.656057 -31.675432 -1.702753 -0.545036
-36.693336 -34.524689 -21.873690 -7.164775 -1.796931 5.540427 22.567171 -29.114897 -25.820465 -33.337234 -2.786294 5.589925
-15.266534 -8.911285 -18.397129 -1.328510 -11.090080 -11.412648 -7.679656 -3.374222 -15.944189 -4.055737 9.831643 -6.131151
-6.819990 -6.876692 -14.544881 -4.687047 -3.605566 -8.839548 -8.084102 -4.363530 -9.662740 -7.971024 2.021124 -4.754548
-14.545913 -22.175486 -10.850856 -6.607262 -14.079412 -2.952520 -3.884837 -17.360855 -10.214102 -14.114078 12.576860 -6.501351
-14.051050 -7.828436 -16.911442 3.423174 -14.058734 -13.936785 -12.101071 -4.045111 -26.323584 -11.144045 11.287809 -18.024179
-6.217430 -6.396306 -13.417030 -0.574121 -16.108868 -14.934175 -18.970869 -8.699315 -17.426342 -7.149986 17.526474 -17.773067
-3.914492 -9.345872 -16.664869 -4.524845 -12.860816 -8.477493 -12.521211 -5.806316 -16.857712 -11.041434 14.042901 -14.539235
-0.651903 -11.110423 -9.247256 -5.915299 -11.658754 -5.001947 -11.754132 -6.961396 -5.994854 -5.582667 11.295403 -8.861371
-7.749087 -11.039126 -16.657370 -5.109395 -10.758763 -6.663962 -9.973831 -7.480354 -14.690161 -10.898449 12.889090 -12.849725
-8.859648 -14.702909 -12.940216 -6.611150 -11.197605 -4.780711 -6.758008 -6.955218 -6.587067 -5.591847 8.760517 -3.738381
-15.197527 -6.952892 -24.117548 -4.473042 -6.675502 -10.716155 -6.444776 -4.448022 -22.369312 -14.395085 11.011230 -10.934336
-8.205791 -13.413400 -12.707300 -3.692051 -11.867029 -7.052606 -9.237372 -5.292229 -10.079714 -4.609562 11.358525 -7.610540
-16.091663 -5.702908 -20.929052 -0.563517 -9.323376 -16.355326 -8.736117 -8.294101 -23.020655 -11.440340 13.374026 -10.959147
-7.502969 -13.714627 -5.416114 -2.271521 -13.695997 -7.974410 -12.046614 -8.225816 -4.417054 -0.840136 10.167065 -6.690553
-9.368526 -14.900349 -12.823992 -3.938829 -15.385128 -4.579660 -12.219760 1.771986 -14.234612 -4.106860 7.619692 -7.899217
-20.441448 -22.139668 -10.534145 -3.602704 -11.661886 -5.373575 -3.746653 -11.219752 -8.347157 -6.269522 8.246733 -0.232903
-6.267898 -10.502742 -19.299683 -9.079000 -5.791095 -8.216917 -9.188566 -9.448893 -9.825028 -9.842187 11.300296 -7.304356
-17.373272 -11.783384 -11.135459 1.797932 -7.475402 -14.187953 -6.482488 -11.872266 -9.172488 -1.308917 8.845395 -4.235069
-15.867199 -12.154285 -16.569864 -0.012623 -16.120457 -8.507814 -11.678054 -0.504081 -19.912737 -6.804840 12.060656 -12.755355
-11.766029 -21.718636 -12.700248 -4.666778 -16.271986 -5.090677 -10.246041 -13.032519 -14.500214 -11.346754 17.031439 -10.888185
-6.475909 -7.933953 -17.432768 -5.609519 -9.396833 -9.190993 -10.745752 -6.647832 -12.361148 -7.473905 12.908578 -11.204852
-13.646170 -13.732701 -13.069398 -3.635751 -8.053363 -9.461113 -7.703061 -11.061430 -5.879097 -2.602566 9.767485 -3.889919
-8.650251 -12.071609 -7.434711 -2.826986 -8.376007 -2.029635 -1.611676 -6.232214 -7.047675 -7.563635 2.478033 -4.109834
-2.010911 -8.404396 -12.541255 -7.723319 -5.817145 -4.275303 -7.645792 -1.944953 -5.890131 -5.320945 4.887845 -4.451617
-12.728644 -8.371374 -11.439215 0.777753 -8.882215 -8.333242 -5.291043 -5.957886 -14.831205 -7.011307 8.948970 -4.879283
-3.676177 -8.128330 -13.865382 -6.410423 -4.885600 -7.531892 -9.126851 -4.583598 -7.148324 -6.099411 7.004418 -6.161278
-21.078794 -13.403871 -20.726004 -1.064636 -9.987029 -7.938407 -3.262627 -5.960531 -22.413851 -11.886113 10.511951 -8.310196
-13.181214 -17.760530 -12.331666 -6.038425 -11.667670 -3.734182 -5.772794 -7.152029 -6.128581 -4.191152 8.846210 -3.834319
-5.866439 -12.286794 -18.339539 -7.782135 -8.924988 -9.373334 -12.068000 -4.172127 -11.286016 -6.921933 9.230280 -6.931984
-2.704127 -16.198332 -10.818215 -8.965207 -9.063483 -0.970997 -4.902636 -9.652945 -6.115259 -11.313746 7.349451 -6.203922
-10.711500 -16.160658 -17.938471 -7.548895 -13.309847 -7.187893 -13.620846 -2.421964 -11.944290 -6.013666 10.152436 -6.925755
-2.221466 -12.629339 -24.961781 -10.316009 -12.881783 -11.518598 -15.950084 -13.089141 -19.066916 -17.628719 20.106806 -17.584044
-12.570906 -13.914708 -16.358349 -2.657530 -10.125835 -3.626270 -3.697660 -7.006700 -17.837370 -13.592830 9.842021 -10.715439
-5.608768 -14.042655 -8.359622 -3.277767 -13.593042 -5.685918 -9.827199 -6.497756 -7.614805 -3.957383 8.710907 -8.404215
-6.557473 -16.476929 -16.450201 -10.856733 -7.732137 -3.227406 -6.985217 -5.458770 -9.431322 -12.165604 6.262619 -4.613820
-8.506107 -14.489292 -18.175142 -4.692794 -14.186668 -10.405242 -15.475199 -10.193322 -15.531717 -9.124500 18.448547 -14.393048
-19.866592 -12.823133 -17.556732 -5.616936 -10.152122 -12.973562 -7.684674 -10.765793 -9.327680 -7.441497 5.297529 -4.641050
-6.830812 -9.456695 -24.320337 -7.229134 -11.655083 -14.494741 -15.049605 -13.315621 -18.432907 -15.083528 18.550671 -17.596212
-16.810480 -7.114773 -16.764931 0.050328 -2.200056 -7.669557 2.720918 -12.235075 -16.563196 -12.275464 7.785413 -8.105259
-10.794189 -11.069370 -8.385804 0.079747 -9.584745 -7.752763 -6.349006 -6.737193 -9.627813 -3.544720 9.030907 -7.331705
-13.377789 -4.247758 -26.675730 -5.486015 -0.211270 -15.122960 -5.855982 -11.459785 -21.938677 -16.267321 12.687074 -10.222455
-14.307800 -14.391463 -9.571954 -0.530245 -14.083985 -7.464549 -7.469716 -9.714524 -10.181693 -5.331436 12.039554 -9.338860
-15.433567 -10.213881 -13.731472 0.564610 -7.014112 -10.104601 -7.048589 -9.767104 -15.629155 -10.193769 9.609248 -7.542922
-9.911360 -6.812021 -14.832578 0.492993 -7.797763 -13.275745 -8.666142 -9.434512 -17.826382 -9.841227 12.927146 -11.721736
-14.623729 -10.264619 -16.618887 -3.873348 -8.650558 -11.215165 -8.281385 -7.139880 -10.614729 -5.996891 8.671910 -5.933254
-4.230325 -7.562667 -15.455597 -2.913034 -5.721834 -7.594732 -5.187160 -4.016705 -14.134933 -8.394538 7.066256 -9.834217
-9.715117 -8.413681 -13.058409 -4.889057 -7.350027 -8.583124 -7.526556 -4.196963 -8.657135 -5.697490 5.488598 -3.505197
-8.116324 -13.061933 -9.839241 -2.375925 -11.533777 -4.020185 -5.912910 -7.407997 -12.144464 -8.125452 10.988807 -10.051614
-19.711065 -9.958121 -18.413851 -0.916313 -10.847538 -14.545089 -10.479673 -8.040019 -16.056158 -6.334621 10.772648 -6.982013
-7.201576 -7.044305 -15.661795 -2.074073 -6.688553 -8.974913 -6.179682 -3.162421 -13.112881 -5.575075 8.292502 -8.019884
-13.788344 -12.819941 -17.550943 -3.852054 -9.489363 -11.792119 -9.687797 -7.230106 -13.906941 -8.378478 11.097884 -6.960617
-9.221954 -14.492114 -11.936964 -5.054568 -12.415962 -7.563335 -10.382092 -3.168443 -5.933309 0.715734 8.506207 -4.067445
-5.591100 -20.341673 -11.099766 -8.043075 -16.821865 -0.339884 -13.383820 -5.734591 -9.556205 -9.138452 9.444117 -10.571739
-7.279779 -9.623480 -10.157519 -1.828251 -4.862735 -5.760150 -3.270656 -7.100934 -11.275081 -8.864019 6.791024 -6.302743
-12.312191 -0.172797 -22.278383 1.353975 -7.025799 -15.928229 -8.447681 -1.946465 -22.233971 -7.313601 10.069114 -12.753258
-11.781273 -13.082770 -12.089131 -2.147789 -8.699343 -7.147369 -4.621308 -6.521244 -9.456594 -4.122042 7.776289 -3.906904
-22.799036 -15.799180 -14.353878 1.856114 -11.851056 -4.625410 0.857538 -8.060112 -19.217150 -11.949695 9.476566 -8.929043
-16.629824 -14.914127 -8.180160 0.303863 -14.087359 -10.687928 -7.618131 -10.869721 -6.727851 0.738937 9.552192 -6.087308
-25.846117 0.363617 -32.998741 -0.640444 1.291515 -21.234659 -3.198005 -10.617453 -31.416716 -15.853422 10.270063 -9.532368
-5.810386 -11.969268 -9.473372 -2.330008 -12.229110 -5.811026 -9.235353 -2.624429 -9.810731 -4.357491 7.935954 -8.000078
-19.183285 -12.894947 -28.748451 -6.983054 -4.587914 -11.143648 -2.644862 -9.933434 -23.047720 -18.533312 10.753650 -7.888603
