10.169781 0.168671 0.808472 -7.037637 -8.333677 -10.774612 -16.206867 -0.164981 -4.976950 -9.948648 0.870683 -7.070060
10.302608 0.373275 0.676612 -7.120624 -8.297824 -11.099018 -16.452362 -0.211309 -5.212506 -10.213076 1.145772 -7.154861
10.302608 0.373275 0.676612 -7.120624 -8.297824 -11.099018 -16.452362 -0.211309 -5.212506 -10.213076 1.145772 -7.154861
10.302608 0.373275 0.676612 -7.120624 -8.297824 -11.099018 -16.452362 -0.211309 -5.212506 -10.213076 1.145772 -7.154861
10.302608 0.373275 0.676612 -7.120624 -8.297824 -11.099018 -16.452362 -0.211309 -5.212506 -10.213076 1.145772 -7.154861
10.302608 0.373275 0.676612 -7.120624 -8.297824 -11.099018 -16.452362 -0.211309 -5.212506 -10.213076 1.145772 -7.154861
10.302608 0.373275 0.676612 -7.120624 -8.297824 -11.099018 -16.452362 -0.211309 -5.212506 -10.213076 1.145772 -7.154861
9.617509 -0.426863 1.334123 -6.425069 -8.620423 -9.612692 -15.393864 -0.852486 -4.426556 -9.757129 0.798205 -6.859292
10.302608 0.373275 0.676612 -7.120624 -8.297824 -11.099018 -16.452362 -0.211309 -5.212506 -10.213076 1.145772 -7.154861
10.072853 0.129241 0.869512 -6.955297 -8.211047 -10.585789 -16.008821 -0.345252 -5.013412 -9.993025 0.957408 -7.026865
10.416085 0.334339 0.637635 -7.246851 -8.428815 -11.285077 -16.669231 -0.022074 -5.189461 -10.163423 1.068377 -7.217182
10.302608 0.373275 0.676612 -7.120624 -8.297824 -11.099018 -16.452362 -0.211309 -5.212506 -10.213076 1.145772 -7.154861
10.302608 0.373275 0.676612 -7.120624 -8.297824 -11.099018 -16.452362 -0.211309 -5.212506 -10.213076 1.145772 -7.154861
10.302608 0.373275 0.676612 -7.120624 -8.297824 -11.099018 -16.452362 -0.211309 -5.212506 -10.213076 1.145772 -7.154861
10.302608 0.373275 0.676612 -7.120624 -8.297824 -11.099018 -16.452362 -0.211309 -5.212506 -10.213076 1.145772 -7.154861
10.302608 0.373275 0.676612 -7.120624 -8.297824 -11.099018 -16.452362 -0.211309 -5.212506 -10.213076 1.145772 -7.154861
10.302608 0.373275 0.676612 -7.120624 -8.297824 -11.099018 -16.452362 -0.211309 -5.212506 -10.213076 1.145772 -7.154861
10.308875 0.630133 0.536147 -7.153913 -8.180189 -11.515577 -16.643194 0.028369 -5.539109 -10.257475 1.082008 -7.060803
8.974054 -0.999625 1.631867 -6.346586 -8.804427 -8.775618 -14.853711 -1.353756 -4.137167 -9.613954 1.056038 -6.796154
10.302608 0.373275 0.676612 -7.120624 -8.297824 -11.099018 -16.452362 -0.211309 -5.212506 -10.213076 1.145772 -7.154861
10.302608 0.373275 0.676612 -7.120624 -8.297824 -11.099018 -16.452362 -0.211309 -5.212506 -10.213076 1.145772 -7.154861
10.302608 0.373275 0.676612 -7.120624 -8.297824 -11.099018 -16.452362 -0.211309 -5.212506 -10.213076 1.145772 -7.154861
10.302608 0.373275 0.676612 -7.120624 -8.297824 -11.099018 -16.452362 -0.211309 -5.212506 -10.213076 1.145772 -7.154861
10.302608 0.373275 0.676612 -7.120624 -8.297824 -11.099018 -16.452362 -0.211309 -5.212506 -10.213076 1.145772 -7.154861
10.302608 0.373275 0.676612 -7.120624 -8.297824 -11.099018 -16.452362 -0.211309 -5.212506 -10.213076 1.145772 -7.154861
10.302608 0.373275 0.676612 -7.120624 -8.297824 -11.099018 -16.452362 -0.211309 -5.212506 -10.213076 1.145772 -7.154861
10.302608 0.373275 0.676612 -7.120624 -8.297824 -11.099018 -16.452362 -0.211309 -5.212506 -10.213076 1.145772 -7.154861
10.349634 0.406475 0.639015 -7.174094 -8.389626 -11.257577 -16.617167 -0.032701 -5.241039 -10.156860 1.065375 -7.195736
10.302608 0.373275 0.676612 -7.120624 -8.297824 -11.099018 -16.452362 -0.211309 -5.212506 -10.213076 1.145772 -7.154861
10.302608 0.373275 0.676612 -7.120624 -8.297824 -11.099018 -16.452362 -0.211309 -5.212506 -10.213076 1.145772 -7.154861
10.302608 0.373275 0.676612 -7.120624 -8.297824 -11.099018 -16.452362 -0.211309 -5.212506 -10.213076 1.145772 -7.154861
10.302608 0.373275 0.676612 -7.120624 -8.297824 -11.099018 -16.452362 -0.211309 -5.212506 -10.213076 1.145772 -7.154861
10.302608 0.373275 0.676612 -7.120624 -8.297824 -11.099018 -16.452362 -0.211309 -5.212506 -10.213076 1.145772 -7.154861
10.302608 0.373275 0.676612 -7.120624 -8.297824 -11.099018 -16.452362 -0.211309 -5.212506 -10.213076 1.145772 -7.154861
10.099117 0.166342 0.810352 -6.976664 -8.248705 -10.667303 -16.057909 -0.195302 -4.934759 -9.880152 0.871254 -7.018215
10.302608 0.373275 0.676612 -7.120624 -8.297824 -11.099018 -16.452362 -0.211309 -5.212506 -10.213076 1.145772 -7.154861
10.302608 0.373275 0.676612 -7.120624 -8.297824 -11.099018 -16.452362 -0.211309 -5.212506 -10.213076 1.145772 -7.154861
9.789351 -0.310405 1.145630 -6.889706 -8.835706 -11.246979 -16.742594 -0.694670 -4.472958 -10.413754 0.982674 -6.384396
9.793441 1.360246 0.109945 -6.696109 -8.101725 -12.219765 -16.999907 0.514669 -6.253417 -10.187094 0.950146 -6.940001
10.332611 -0.026773 0.644230 -7.451038 -7.710197 -11.393926 -16.285027 -0.013556 -5.333670 -10.231375 1.193224 -6.824007
10.135406 0.662531 0.555335 -7.047283 -8.166964 -11.615394 -16.575571 0.071833 -5.781464 -10.137250 1.312519 -7.020249
10.302608 0.373275 0.676612 -7.120624 -8.297824 -11.099018 -16.452362 -0.211309 -5.212506 -10.213076 1.145772 -7.154861
10.302608 0.373275 0.676612 -7.120624 -8.297824 -11.099018 -16.452362 -0.211309 -5.212506 -10.213076 1.145772 -7.154861
10.302608 0.373275 0.676612 -7.120624 -8.297824 -11.099018 -16.452362 -0.211309 -5.212506 -10.213076 1.145772 -7.154861
7.978146 -0.723719 1.804539 -4.941036 -8.150470 -7.650418 -13.298711 -1.149301 -4.000319 -8.595891 -0.076312 -6.091656
10.302608 0.373275 0.676612 -7.120624 -8.297824 -11.099018 -16.452362 -0.211309 -5.212506 -10.213076 1.145772 -7.154861
10.302608 0.373275 0.676612 -7.120624 -8.297824 -11.099018 -16.452362 -0.211309 -5.212506 -10.213076 1.145772 -7.154861
10.302608 0.373275 0.676612 -7.120624 -8.297824 -11.099018 -16.452362 -0.211309 -5.212506 -10.213076 1.145772 -7.154861
10.302608 0.373275 0.676612 -7.120624 -8.297824 -11.099018 -16.452362 -0.211309 -5.212506 -10.213076 1.145772 -7.154861
10.302608 0.373275 0.676612 -7.120624 -8.297824 -11.099018 -16.452362 -0.211309 -5.212506 -10.213076 1.145772 -7.154861
10.302608 0.373275 0.676612 -7.120624 -8.297824 -11.099018 -16.452362 -0.211309 -5.212506 -10.213076 1.145772 -7.154861
10.329492 0.417411 0.642568 -7.161347 -8.393798 -11.249905 -16.614658 -0.033709 -5.234208 -10.156461 1.049952 -7.183973
10.302608 0.373275 0.676612 -7.120624 -8.297824 -11.099018 -16.452362 -0.211309 -5.212506 -10.213076 1.145772 -7.154861
10.302608 0.373275 0.676612 -7.120624 -8.297824 -11.099018 -16.452362 -0.211309 -5.212506 -10.213076 1.145772 -7.154861
10.302608 0.373275 0.676612 -7.120624 -8.297824 -11.099018 -16.452362 -0.211309 -5.212506 -10.213076 1.145772 -7.154861
10.302608 0.373275 0.676612 -7.120624 -8.297824 -11.099018 -16.452362 -0.211309 -5.212506 -10.213076 1.145772 -7.154861
10.302608 0.373275 0.676612 -7.120624 -8.297824 -11.099018 -16.452362 -0.211309 -5.212506 -10.213076 1.145772 -7.154861
10.302608 0.373275 0.676612 -7.120624 -8.297824 -11.099018 -16.452362 -0.211309 -5.212506 -10.213076 1.145772 -7.154861
10.302608 0.373275 0.676612 -7.120624 -8.297824 -11.099018 -16.452362 -0.211309 -5.212506 -10.213076 1.145772 -7.154861
10.302608 0.373275 0.676612 -7.120624 -8.297824 -11.099018 -16.452362 -0.211309 -5.212506 -10.213076 1.145772 -7.154861
10.302608 0.373275 0.676612 -7.120624 -8.297824 -11.099018 -16.452362 -0.211309 -5.212506 -10.213076 1.145772 -7.154861
10.302608 0.373275 0.676612 -7.120624 -8.297824 -11.099018 -16.452362 -0.211309 -5.212506 -10.213076 1.145772 -7.154861
10.302608 0.373275 0.676612 -7.120624 -8.297824 -11.099018 -16.452362 -0.211309 -5.212506 -10.213076 1.145772 -7.154861
10.302608 0.373275 0.676612 -7.120624 -8.297824 -11.099018 -16.452362 -0.211309 -5.212506 -10.213076 1.145772 -7.154861
10.302608 0.373275 0.676612 -7.120624 -8.297824 -11.099018 -16.452362 -0.211309 -5.212506 -10.213076 1.145772 -7.154861
10.302608 0.373275 0.676612 -7.120624 -8.297824 -11.099018 -16.452362 -0.211309 -5.212506 -10.213076 1.145772 -7.154861
10.302608 0.373275 0.676612 -7.120624 -8.297824 -11.099018 -16.452362 -0.211309 -5.212506 -10.213076 1.145772 -7.154861
10.302608 0.373275 0.676612 -7.120624 -8.297824 -11.099018 -16.452362 -0.211309 -5.212506 -10.213076 1.145772 -7.154861
10.302608 0.373275 0.676612 -7.120624 -8.297824 -11.099018 -16.452362 -0.211309 -5.212506 -10.213076 1.145772 -7.154861
10.302608 0.373275 0.676612 -7.120624 -8.297824 -11.099018 -16.452362 -0.211309 -5.212506 -10.213076 1.145772 -7.154861
10.302608 0.373275 0.676612 -7.120624 -8.297824 -11.099018 -16.452362 -0.211309 -5.212506 -10.213076 1.145772 -7.154861
10.302608 0.373275 0.676612 -7.120624 -8.297824 -11.099018 -16.452362 -0.211309 -5.212506 -10.213076 1.145772 -7.154861
10.302608 0.373275 0.676612 -7.120624 -8.297824 -11.099018 -16.452362 -0.211309 -5.212506 -10.213076 1.145772 -7.154861
10.302608 0.373275 0.676612 -7.120624 -8.297824 -11.099018 -16.452362 -0.211309 -5.212506 -10.213076 1.145772 -7.154861
10.302608 0.373275 0.676612 -7.120624 -8.297824 -11.099018 -16.452362 -0.211309 -5.212506 -10.213076 1.145772 -7.154861
10.302608 0.373275 0.676612 -7.120624 -8.297824 -11.099018 -16.452362 -0.211309 -5.212506 -10.213076 1.145772 -7.154861
10.302608 0.373275 0.676612 -7.120624 -8.297824 -11.099018 -16.452362 -0.211309 -5.212506 -10.213076 1.145772 -7.154861
10.302608 0.373275 0.676612 -7.120624 -8.297824 -11.099018 -16.452362 -0.211309 -5.212506 -10.213076 1.145772 -7.154861
10.302608 0.373275 0.676612 -7.120624 -8.297824 -11.099018 -16.452362 -0.211309 -5.212506 -10.213076 1.145772 -7.154861
10.302608 0.373275 0.676612 -7.120624 -8.297824 -11.099018 -16.452362 -0.211309 -5.212506 -10.213076 1.145772 -7.154861
10.302608 0.373275 0.676612 -7.120624 -8.297824 -11.099018 -16.452362 -0.211309 -5.212506 -10.213076 1.145772 -7.154861
9.230437 1.480831 0.102700 -6.410126 -7.726010 -11.389879 -16.049301 0.557333 -5.967140 -9.484805 0.669396 -6.777544
10.302608 0.373275 0.676612 -7.120624 -8.297824 -11.099018 -16.452362 -0.211309 -5.212506 -10.213076 1.145772 -7.154861
10.302608 0.373275 0.676612 -7.120624 -8.297824 -11.099018 -16.452362 -0.211309 -5.212506 -10.213076 1.145772 -7.154861
10.302608 0.373275 0.676612 -7.120624 -8.297824 -11.099018 -16.452362 -0.211309 -5.212506 -10.213076 1.145772 -7.154861
10.302608 0.373275 0.676612 -7.120624 -8.297824 -11.099018 -16.452362 -0.211309 -5.212506 -10.213076 1.145772 -7.154861
10.302608 0.373275 0.676612 -7.120624 -8.297824 -11.099018 -16.452362 -0.211309 -5.212506 -10.213076 1.145772 -7.154861
10.302608 0.373275 0.676612 -7.120624 -8.297824 -11.099018 -16.452362 -0.211309 -5.212506 -10.213076 1.145772 -7.154861
10.302608 0.373275 0.676612 -7.120624 -8.297824 -11.099018 -16.452362 -0.211309 -5.212506 -10.213076 1.145772 -7.154861
10.302608 0.373275 0.676612 -7.120624 -8.297824 -11.099018 -16.452362 -0.211309 -5.212506 -10.213076 1.145772 -7.154861
10.302608 0.373275 0.676612 -7.120624 -8.297824 -11.099018 -16.452362 -0.211309 -5.212506 -10.213076 1.145772 -7.154861
10.302608 0.373275 0.676612 -7.120624 -8.297824 -11.099018 -16.452362 -0.211309 -5.212506 -10.213076 1.145772 -7.154861
10.302608 0.373275 0.676612 -7.120624 -8.297824 -11.099018 -16.452362 -0.211309 -5.212506 -10.213076 1.145772 -7.154861
10.302608 0.373275 0.676612 -7.120624 -8.297824 -11.099018 -16.452362 -0.211309 -5.212506 -10.213076 1.145772 -7.154861
10.302608 0.373275 0.676612 -7.120624 -8.297824 -11.099018 -16.452362 -0.211309 -5.212506 -10.213076 1.145772 -7.154861
10.302608 0.373275 0.676612 -7.120624 -8.297824 -11.099018 -16.452362 -0.211309 -5.212506 -10.213076 1.145772 -7.154861
10.302608 0.373275 0.676612 -7.120624 -8.297824 -11.099018 -16.452362 -0.211309 -5.212506 -10.213076 1.145772 -7.154861
9.859454 0.779571 0.155766 -7.078372 -7.530207 -11.650116 -16.075157 0.625686 -5.445640 -9.538209 0.881775 -6.625171
9.742135 0.623932 0.419961 -6.886789 -7.563868 -11.219293 -15.772162 0.365132 -5.739405 -9.551867 1.109580 -6.727162
10.302608 0.373275 0.676612 -7.120624 -8.297824 -11.099018 -16.452362 -0.211309 -5.212506 -10.213076 1.145772 -7.154861
-11.689759 17.747952 -16.153664 0.572512 0.689613 -22.748055 -12.290826 -3.040781 -27.945175 -11.517765 3.171244 -8.487501
-13.782516 17.168383 -14.928621 2.261469 2.158628 -24.443449 -11.135765 -4.403721 -31.596189 -12.669527 2.350621 -8.395387
-13.105434 16.201725 -14.215552 2.916821 0.175906 -20.403229 -10.002282 -4.751483 -27.482141 -11.251665 2.781775 -8.375216
-10.437860 16.749336 -14.101913 1.100849 1.535730 -22.326519 -11.690364 -3.251864 -28.574501 -12.213768 2.795288 -8.925484
-13.118529 15.342867 -14.026006 2.516451 1.526579 -21.004595 -9.740925 -5.477514 -28.606539 -11.847069 3.860683 -9.225453
-9.781754 11.052747 -10.317380 2.075720 0.062195 -15.266955 -8.243797 -3.385275 -19.017792 -9.058802 1.951465 -5.471174
-10.728906 12.629212 -12.895619 1.105609 -0.925314 -16.269323 -8.736906 -2.225337 -19.276653 -7.016356 0.952875 -4.163146
-15.871190 14.216950 -12.668083 5.719817 -2.097679 -17.454782 -7.682319 -5.912741 -24.125496 -8.882010 0.751369 -6.257904
-10.851957 14.099667 -11.433959 2.401108 -1.742207 -17.509045 -9.759269 -3.271438 -22.151787 -9.767653 1.770903 -5.783762
-11.688794 16.067743 -14.889013 0.911956 1.403298 -21.477217 -10.422700 -3.415331 -27.124725 -11.697007 2.653992 -6.812091
-7.193378 12.439636 -13.546090 -1.508617 1.572909 -17.058577 -10.099272 -1.985769 -18.821148 -8.967073 2.310572 -6.280883
-14.737020 15.313005 -15.267160 3.056643 1.290968 -20.003881 -8.705368 -6.430266 -27.775158 -11.364594 3.386013 -9.114614
-8.853337 10.071504 -8.370983 2.470977 -1.707291 -13.634124 -8.375558 -4.349820 -18.448606 -9.627505 3.585904 -6.703728
-1.307981 10.799592 -6.254987 -0.296998 -1.965851 -17.560114 -13.736476 1.677794 -17.602894 -9.340444 0.941739 -6.835933
-13.225714 13.657133 -10.760038 4.664322 2.566907 -21.062811 -9.000201 -4.858161 -29.041395 -11.930286 1.144798 -8.588634
-12.404373 12.841784 -10.662756 3.584781 -0.222608 -17.736439 -8.488294 -6.683526 -25.465429 -11.484412 3.843867 -8.685016
-9.531326 16.246731 -11.954477 1.828237 1.603282 -22.834297 -12.299374 -2.672670 -29.426489 -12.905179 1.468737 -8.819221
-10.982669 14.427608 -12.487960 2.285993 -0.584126 -18.197905 -9.800822 -3.702391 -23.316513 -10.160891 2.449535 -7.075891
-13.100022 14.953859 -12.855709 3.104587 -0.011150 -19.603594 -9.140635 -5.573586 -26.753321 -11.071774 2.927215 -8.129727
-10.953218 16.404198 -14.636082 0.757641 2.269043 -23.341843 -11.777846 -2.910286 -29.643467 -11.734348 2.092751 -9.149949
-12.342282 14.036949 -13.726799 1.402375 2.813353 -20.140724 -8.732781 -3.313616 -26.303051 -9.731838 1.200239 -7.106330
-10.347022 12.753415 -10.986279 2.129041 -0.508412 -16.251999 -8.537709 -3.957270 -21.878990 -9.804656 3.051476 -6.814523
-12.685189 10.690056 -10.312615 3.710315 -0.236893 -15.697104 -7.169144 -5.993378 -20.776384 -10.022625 3.357486 -6.619425
-14.110797 15.560646 -14.308066 2.665222 0.279088 -20.411633 -9.408915 -5.738292 -27.346054 -11.695295 3.401948 -8.258572
-14.441476 13.699352 -15.073504 1.245630 0.715096 -19.350409 -8.806772 -7.636419 -26.313633 -12.222110 6.146450 -8.954650
-15.735877 16.030663 -15.049529 3.638107 -1.474295 -20.536770 -9.616833 -6.145298 -26.920105 -10.437073 2.799622 -7.932531
-11.242828 14.176409 -12.544951 2.253417 -0.429741 -18.122046 -9.547804 -3.876689 -23.580666 -10.261632 3.379740 -7.251413
-13.518329 17.636255 -16.109194 1.760732 0.131602 -22.140617 -11.204731 -4.170566 -28.342028 -11.673200 2.517117 -8.030282
-7.038302 13.297057 -12.264978 -0.550938 0.773719 -18.746672 -11.440034 -2.630634 -22.252205 -11.401478 4.301167 -8.224396
-8.677440 12.307462 -9.761513 2.183134 -0.676556 -15.825319 -9.351939 -3.477886 -20.859573 -10.146580 3.473355 -7.286425
-11.928376 16.383400 -13.973114 2.151492 1.263404 -22.342354 -10.963625 -3.483053 -28.825197 -11.641069 2.137217 -8.410827
-7.931087 15.425050 -11.654653 1.020586 0.333434 -20.463310 -12.003916 -0.817849 -24.584675 -10.297613 1.416952 -7.692374
-10.666754 13.165481 -11.840962 1.381248 0.363182 -18.540413 -9.385436 -6.074044 -24.412302 -12.284404 3.573896 -7.893866
-10.199956 12.916338 -9.481411 3.558590 1.425601 -19.734390 -9.710050 -3.818585 -25.453478 -11.776055 1.816122 -8.145626
-8.458797 15.113317 -13.125154 -0.204235 2.409717 -21.916023 -11.744422 -3.780601 -27.702469 -13.200223 3.703076 -9.725580
-8.838049 13.246214 -11.577911 0.342690 1.416878 -20.429352 -10.704507 -4.573520 -24.939516 -12.920270 3.727415 -8.786271
-9.658621 11.245771 -9.342052 2.618308 0.904395 -17.285627 -8.345353 -5.043770 -23.137976 -10.807702 2.652490 -8.166251
-9.269301 14.653749 -11.907726 1.775546 1.472599 -20.521864 -10.828433 -4.213734 -26.723690 -12.479286 3.335970 -9.886054
-12.219031 14.732881 -13.252024 1.639212 0.613841 -20.181545 -9.737183 -4.536589 -26.147484 -10.919217 2.984640 -7.668397
-14.205264 15.913552 -15.623101 2.019217 2.561096 -22.378483 -9.849067 -4.307791 -29.312355 -10.468415 2.085166 -9.215657
-14.872437 17.939516 -15.358169 3.563224 0.125223 -23.093159 -11.211802 -4.468377 -30.275242 -11.532897 1.958698 -7.809537
-9.866130 16.351913 -13.853760 1.124870 -0.911378 -20.949392 -12.556777 -1.026160 -24.356264 -10.353968 1.457818 -6.642807
-10.054824 15.043141 -12.072760 1.759993 0.415945 -21.000978 -10.926602 -2.310599 -25.544273 -10.645869 0.736992 -6.606974
-9.090550 11.632757 -9.817951 3.506262 1.307968 -18.648846 -9.861508 -2.243934 -23.973551 -10.149215 0.370891 -6.291310
-13.395541 17.203213 -13.948839 3.046705 -0.980002 -22.445482 -11.535627 -3.201785 -27.783339 -11.073281 1.152225 -6.667299
-9.700436 13.818144 -9.611412 2.647496 -0.264268 -22.164080 -12.666140 -2.576528 -26.186647 -12.510880 -0.010270 -6.041967
-9.172645 16.558783 -12.232221 2.136470 0.375275 -21.939400 -12.520601 -1.121877 -27.220888 -10.861099 0.950504 -7.998637
-11.933132 17.796732 -14.893273 1.610557 0.497962 -24.379726 -12.733582 -1.830687 -28.968222 -11.717211 1.409800 -7.348353
-10.086396 14.834059 -11.459382 2.969798 -1.103456 -21.591606 -12.357324 -1.648031 -26.182074 -10.833425 -0.788056 -5.596252
-14.750853 15.956814 -13.471109 4.549235 -0.934502 -20.333334 -9.409915 -4.268025 -26.790253 -9.986635 0.578360 -7.317957
-12.713546 17.084732 -14.913821 2.584152 -0.092778 -21.287468 -10.963609 -3.513524 -27.398067 -10.731221 2.147052 -8.074294
-16.037443 16.871828 -15.351130 4.032569 -0.979256 -21.429880 -9.962247 -5.766481 -28.374350 -11.078059 2.041737 -7.946916
-14.167683 16.386444 -13.203716 3.655269 0.632727 -22.350124 -10.604787 -4.018892 -28.968519 -11.536274 -0.240913 -6.172401
-11.711606 16.680107 -12.368440 3.392495 0.963615 -22.150497 -11.438938 -2.251135 -28.839697 -10.942760 0.578886 -8.273615
-12.744842 17.249788 -15.573639 1.871440 -0.074769 -23.115011 -12.049718 -1.720239 -28.133358 -9.697402 1.731043 -7.385757
-8.747931 14.694326 -10.066549 2.439458 -0.935989 -22.130701 -13.310899 -1.287234 -27.998129 -12.027914 0.585720 -6.572213
-8.332926 14.714267 -10.574598 1.324583 0.826203 -20.722284 -11.610465 -2.718304 -25.906725 -12.413037 2.581643 -8.272663
-18.356394 20.733238 -18.969322 3.844985 -1.865068 -26.038290 -12.816705 -4.410187 -32.248657 -11.885768 0.665093 -6.722160
-3.891824 10.714789 -7.387185 0.505073 -2.284271 -13.953679 -10.573181 -1.043690 -16.024014 -8.833040 1.226538 -5.567136
-14.368254 15.103648 -13.313416 4.211493 -1.475330 -19.493290 -9.652817 -3.831877 -24.039162 -9.332145 0.916676 -5.806767
-12.219198 15.013508 -11.273094 3.483963 0.716687 -21.339752 -10.584472 -4.168943 -28.162083 -11.787171 1.241544 -7.511714
-13.537196 17.646534 -16.861855 1.587970 0.529461 -22.511248 -11.502891 -3.359433 -28.289515 -11.184637 2.235045 -7.823138
-13.889544 19.079500 -16.732151 2.025717 -0.166780 -24.317770 -12.716631 -2.951879 -30.161301 -11.462088 1.466327 -7.794937
-15.300588 17.893791 -16.813517 2.133967 0.580107 -23.725672 -11.400259 -5.218981 -30.811312 -12.556537 1.885346 -7.798922
-19.547306 18.186638 -17.188616 5.876202 -1.754028 -23.814863 -10.448255 -5.358486 -30.319284 -10.033791 0.164531 -6.734802
-20.567453 17.348604 -16.311001 5.965075 -1.353163 -23.495888 -9.459728 -5.809610 -30.820585 -10.523042 -0.683322 -5.319447
-15.425199 16.445578 -15.974307 2.164963 0.301752 -23.348064 -10.895907 -5.030099 -29.230045 -11.563675 2.573513 -6.913612
-12.067175 16.306334 -13.920095 2.734189 -1.501980 -21.235916 -11.766565 -2.157391 -24.554697 -9.528112 0.898280 -6.751115
-13.129848 15.969099 -13.214143 2.287948 1.060898 -23.502848 -11.283334 -3.602233 -28.987432 -12.160685 0.871056 -6.850392
-6.892253 11.070127 -7.697727 1.723600 -1.555557 -20.329609 -12.915370 -0.593922 -23.247076 -11.016533 0.550359 -4.304948
-5.378558 -18.704868 8.834640 -3.903576 -17.617174 1.200049 -9.211093 -12.921909 2.254992 -6.600754 -3.148706 -5.201965
-4.820925 -16.837877 8.059038 -3.510056 -15.545165 -0.658834 -9.262033 -10.160995 0.368220 -5.631029 -4.023890 -5.390068
-11.416889 -22.498806 9.806389 -3.326900 -18.982536 -1.525889 -8.982605 -13.277307 -5.397225 -6.287815 0.096123 -7.740993
-12.361356 -28.479862 8.787848 -5.117173 -17.175701 -1.051507 -6.865520 -18.656393 -0.393517 -7.444649 -1.701565 -6.663713
-12.838230 -17.046438 8.903055 2.880123 -17.269121 -2.368152 -8.067078 -12.795374 -6.828349 -6.310680 -2.200223 -6.822712
-5.213284 -18.792723 7.442789 -4.805561 -15.505940 -2.412625 -8.796229 -10.879574 -0.262202 -5.396255 -0.806227 -5.747780
-11.459426 -21.401026 10.499609 -1.005158 -18.228479 -0.514024 -8.379200 -13.956701 -5.296690 -7.723088 -1.971677 -6.081768
-7.162782 -14.634111 5.585946 0.300983 -15.096693 -0.396427 -6.960855 -10.450805 1.334899 -3.132114 -3.955397 -4.737194
-0.716490 -8.598958 7.009060 -0.842481 -13.842023 0.403341 -9.754306 -8.094316 -4.384896 -8.109008 0.337997 -7.411500
-12.430737 -21.112967 10.528580 -0.391535 -19.699991 0.785452 -8.668001 -15.447504 -7.874866 -8.651986 -0.954834 -8.717233
-5.907276 -15.543182 9.859526 -0.328257 -16.784813 -0.578351 -9.837182 -10.869874 -1.778864 -6.894871 -2.550228 -5.415904
-7.103790 -20.143953 10.023178 -3.450955 -18.230217 -0.412314 -9.985309 -12.997114 0.253721 -6.807221 -3.353355 -5.204391
-5.237542 -12.569975 8.405144 1.137855 -14.138286 -0.478149 -8.203206 -9.072720 -2.792488 -6.883189 -2.514071 -4.711064
-8.585769 -20.110397 6.953177 -3.668267 -16.605591 -1.035829 -7.570120 -12.881463 -0.167110 -5.062148 -1.566771 -6.600801
-4.822449 -12.025534 8.126987 1.210009 -14.853425 -0.136548 -9.085515 -9.063879 -2.365389 -6.418755 -2.670201 -5.686570
-8.086029 -21.954147 6.575526 -4.420048 -17.340042 2.329089 -7.026273 -14.579679 0.119415 -6.173097 -0.482458 -8.209227
-6.614355 -11.887344 8.026543 1.727094 -13.329768 -2.313429 -8.185535 -8.154469 -3.553975 -5.095306 -2.443477 -4.439085
-9.276282 -15.437294 10.426589 2.368762 -18.757010 0.305338 -9.259205 -13.557837 -7.718831 -9.258400 0.145283 -8.874798
-3.606879 -11.364205 8.101315 1.331219 -17.388247 -4.605040 -12.455894 -9.776570 -2.122336 -8.313416 0.112639 -6.034766
-7.129582 -17.832207 11.031954 1.289220 -20.170584 -1.415857 -11.397718 -12.575403 -0.912641 -8.180277 -1.999608 -7.070514
2.555002 -6.168903 5.687995 -3.088172 -14.317780 -3.000659 -12.890471 -6.283820 -4.083714 -9.417343 1.471825 -7.674565
-8.349206 -15.244309 8.392405 1.509490 -17.252436 -0.443991 -8.004363 -12.665670 -3.882766 -7.949471 -0.474013 -6.939532
-9.428967 -23.173670 10.709320 -3.840119 -18.451292 -0.351527 -9.082253 -12.960041 -1.976498 -6.395642 -3.247740 -5.912316
-0.013537 -14.666730 8.859458 -4.000933 -14.363823 0.015054 -10.164027 -9.038078 1.768954 -7.161662 -2.929097 -5.065347
-8.322177 -21.844398 5.808342 -4.925637 -18.753277 3.111922 -7.724603 -14.782434 1.104784 -5.666206 -1.063698 -8.323872
-11.807304 -22.084442 10.262671 -1.739351 -20.000355 0.573845 -8.778942 -15.320165 -5.680984 -7.584176 -1.018569 -8.066323
-13.502505 -24.680517 7.443189 -2.849767 -20.483686 1.084551 -7.320791 -17.839273 -1.469010 -5.735260 0.315067 -7.904306
-14.440816 -23.379562 8.868292 -0.846367 -17.808395 -2.392102 -6.915315 -13.993443 -3.682078 -4.278751 -1.837379 -6.648244
-6.018269 -20.361345 7.472642 -4.662704 -16.815010 -0.476260 -8.930106 -14.451723 -0.551625 -7.632975 -0.062707 -7.701715
-12.975945 -25.898659 5.616171 -3.469386 -13.973638 -0.960243 -5.251018 -16.560585 0.740486 -5.339946 -3.491646 -4.521958
-16.128757 -22.778362 7.572853 -0.714042 -13.643984 -4.664845 -4.363259 -13.130171 -7.842502 -4.127086 -0.384788 -5.645257
-6.171103 -13.789809 9.743324 1.309703 -15.659448 -1.371150 -9.537700 -9.532814 -4.671154 -7.192894 -2.177679 -6.303191
-14.510768 -20.821270 8.341835 1.057357 -19.210522 1.582988 -6.462596 -16.127275 -4.714081 -6.596622 -2.351574 -6.601609
-7.154093 -14.904146 8.927630 1.907851 -16.779778 -0.811203 -9.336372 -10.229018 -0.155774 -5.373743 -4.269365 -5.421583
-10.938306 -22.337873 8.727650 -2.758465 -17.977543 1.828875 -6.944581 -14.392471 -4.424815 -7.425119 0.085462 -7.615757
-3.722667 -16.313955 7.486280 -2.438350 -15.272591 -0.364212 -8.860036 -10.332154 3.236740 -5.234250 -3.901077 -4.193085
-5.628118 -12.313119 8.497469 1.954158 -15.484794 -0.863009 -9.468259 -10.038432 -1.549020 -6.807776 -3.730026 -5.099302
-10.721953 -16.200127 7.678574 1.962966 -15.630701 0.943568 -5.827429 -12.926667 -5.406347 -6.503481 -0.806819 -7.078340
-7.431187 -15.362587 8.721816 -0.166876 -16.505264 0.171054 -8.422716 -11.829793 -5.897534 -7.723733 -0.056083 -7.010439
-15.876261 -21.369074 8.388700 2.185925 -19.711748 0.154087 -6.633633 -16.729992 -4.106858 -6.564984 -2.785666 -6.103128
-3.422024 -12.992558 7.369939 -1.908498 -13.575774 -1.520072 -9.299437 -9.018152 -2.431241 -5.987908 -1.667319 -5.972779
-3.751593 -16.070774 6.254354 -3.863524 -13.551044 -1.406650 -8.686431 -10.601253 0.373767 -5.702053 -2.259210 -5.900516
-6.318358 -16.203674 9.974045 -2.637951 -15.775046 -2.006769 -9.940406 -9.615247 -7.461940 -7.105639 0.070005 -7.276102
-6.900286 -13.224532 7.055098 -0.314686 -13.138050 -2.843308 -7.575862 -9.940630 -3.629348 -5.479949 -2.374175 -4.703098
-6.477485 -16.213869 5.152286 -1.855168 -12.505343 -2.176303 -7.069203 -12.533560 0.148635 -5.239542 -2.627755 -5.488814
-1.459028 -13.624717 6.903389 -3.446529 -12.983304 -1.468841 -9.308015 -9.395263 -1.220209 -6.743494 -1.459527 -6.949526
-9.407878 -17.603369 9.262209 -0.764165 -17.383677 -0.070018 -8.684283 -13.093838 -6.911823 -7.680537 -0.483403 -8.039602
-6.974490 -15.569738 7.417354 -1.995236 -14.872602 -0.848057 -8.193568 -11.230650 -5.317986 -6.618531 -0.071494 -7.705026
-5.432076 -18.474125 7.618742 -3.188639 -12.869698 -2.722842 -8.191718 -13.089347 -0.930134 -7.294821 -2.251420 -5.443994
-8.672457 -17.348059 8.635679 -1.479703 -16.304478 0.783841 -7.856964 -12.213573 -7.206204 -7.873135 -0.043642 -8.016605
-10.354225 -18.877583 4.716391 -1.184529 -9.023794 -6.015331 -5.125972 -12.763692 -3.358645 -6.698274 -2.189948 -2.704839
-10.382661 -19.646273 4.000372 -0.846478 -13.232078 -0.854425 -4.751836 -14.312703 1.478007 -3.270620 -3.394562 -5.519984
-9.749105 -20.757477 8.681733 -1.895049 -17.223274 0.302902 -8.301083 -14.887349 -3.430336 -7.484378 -1.634100 -8.269500
-6.314799 -16.523766 8.429068 -3.038654 -10.665027 -5.118656 -7.817819 -9.406010 -5.679178 -6.550146 -2.043238 -4.954170
-9.051934 -17.802998 4.884565 -1.288287 -11.315739 -3.729256 -5.834848 -12.363324 -0.690515 -4.400180 -3.759927 -3.882141
-7.569233 -17.647192 6.616825 -1.691958 -11.641786 -4.735271 -7.372920 -12.834660 -2.117230 -6.435212 -2.403606 -5.489818
-10.122911 -22.424229 11.390456 -3.603732 -19.680693 -0.258237 -10.084038 -14.914245 -10.228803 -10.005390 2.351212 -10.624728
-4.484963 -17.318878 7.630839 -4.243016 -15.162504 -1.337148 -9.779085 -11.170867 -1.779535 -7.009591 -1.082915 -6.910173
-3.545087 -13.941875 7.707938 -2.054452 -14.023714 0.418276 -8.545086 -10.024632 -3.398992 -7.030413 -0.221624 -7.303430
-8.005557 -15.695303 8.043450 0.020402 -16.772699 4.145989 -7.041863 -13.496210 -6.280278 -8.759748 0.654750 -8.694408
-6.024704 -18.295391 9.732926 -3.364007 -16.917337 -0.037795 -9.716269 -11.703904 -5.273913 -7.945234 0.375981 -8.311141
-5.400434 -20.214306 8.417508 -4.039710 -14.092285 -1.936671 -8.729226 -13.261065 -0.757632 -7.387762 -1.841477 -6.893471
-5.680871 -16.309200 5.680586 -1.981024 -11.334882 -2.838156 -7.012759 -11.916775 0.281126 -5.782930 -2.923463 -4.612307
-5.398252 -17.369154 8.167197 -3.127616 -14.489982 -0.555566 -8.347139 -11.844975 -3.450875 -7.512288 -0.385245 -7.573704
-10.414371 -16.939379 8.125525 0.735012 -18.498873 4.250441 -7.113193 -15.861361 -9.120143 -9.438695 2.353968 -10.679882
-7.741120 -16.844948 9.497322 -2.401522 -16.200367 -2.229415 -9.493216 -11.400138 -9.076146 -8.082850 1.360897 -8.078686
-4.783003 -16.066265 9.035382 -2.648811 -16.576586 -0.267728 -9.792418 -11.298869 -3.192849 -7.537235 -0.427108 -6.746247
-7.588044 -17.841185 6.788784 -2.313853 -13.015386 -1.266496 -7.096851 -13.586266 -1.767816 -7.059137 -2.530952 -5.566945
-8.210137 -13.829188 8.330798 1.108538 -16.564213 2.327969 -7.942060 -13.386692 -9.612714 -9.816154 2.400435 -9.404494
-10.801819 -15.341764 7.137249 0.583114 -14.012659 -0.158014 -5.804567 -12.855739 -12.332468 -9.196418 2.820095 -8.831428
-27.526472 -3.654852 -6.002189 11.921260 -8.278212 -12.021289 -0.712916 -17.472088 -21.128263 -6.506789 -0.289440 -8.374188
-34.360500 -7.496520 0.534572 16.920048 -16.750406 -14.455412 -5.562119 -23.682625 -29.693859 -13.723789 5.241750 -10.322055
-19.552046 0.799590 -2.203021 11.351458 -5.269684 -10.114122 -2.386168 -13.231464 -21.796711 -8.942651 1.377101 -7.841089
-10.649372 -3.172204 -3.777608 3.923702 -4.860652 -4.953784 -2.389161 -8.830383 -6.827343 -3.990594 -0.184061 -5.596504
-19.759064 2.145100 -3.283384 11.581624 -5.027531 -11.753184 -2.701720 -11.863030 -21.414427 -7.598369 0.656467 -7.921518
-16.843319 0.919833 -1.967090 10.392526 -6.745964 -10.743673 -4.292346 -11.622524 -16.935579 -6.965080 0.889269 -8.005087
-13.604821 4.880477 -1.134530 9.749912 -5.811324 -10.490120 -5.883627 -8.537247 -21.236946 -9.653419 2.216885 -6.790108
-21.702358 -1.002988 0.630023 13.870496 -7.619602 -11.444529 -3.373788 -13.004503 -23.374390 -8.855613 1.190190 -7.986639
-31.570572 -2.344863 -5.599965 15.432322 -7.785882 -13.280931 -0.411340 -20.108864 -30.550579 -10.434502 1.930860 -10.385497
-17.607130 -1.149012 3.119619 12.940639 -10.478911 -11.464616 -7.009085 -10.655601 -19.276361 -8.541102 0.990607 -8.125023
-19.076336 1.480137 -3.961156 10.929380 -5.974071 -10.043653 -3.099939 -11.666377 -18.251989 -6.772448 2.147253 -8.731832
-18.867819 -4.560541 1.278653 12.818777 -7.938599 -10.148622 -4.950160 -11.910902 -19.113014 -11.606730 1.177624 -5.581545
-21.728790 3.057592 -1.238162 15.176423 -7.071254 -13.594787 -4.666879 -11.850787 -23.736034 -8.755474 0.751717 -8.986453
-16.835842 1.430268 -1.303116 10.573155 -5.383636 -10.625542 -3.488513 -11.250436 -20.829775 -8.541102 2.692203 -8.415112
-20.115311 1.259696 -0.266231 14.475019 -8.954179 -11.889187 -5.691625 -12.360983 -20.363705 -9.129642 0.895315 -7.821100
-16.183601 -0.874349 0.852354 12.554207 -9.713816 -13.647067 -9.674050 -10.525217 -16.305822 -10.354347 1.526410 -5.579214
-28.163809 -2.959096 -5.234944 13.660525 -9.671157 -15.170449 -2.721666 -16.672325 -21.163670 -5.262484 -1.701794 -7.895180
-25.151272 1.848824 -4.388963 15.269850 -6.543426 -12.583835 -2.044269 -14.389544 -25.184610 -8.279972 0.972509 -9.978648
-24.054178 -4.085867 -7.146969 9.916952 -6.196775 -11.504487 -0.028259 -17.296167 -14.552416 -4.494232 -1.116596 -9.163454
-20.819336 0.815027 -0.836356 14.221087 -7.955344 -14.419414 -5.230085 -11.259879 -20.112045 -7.251582 -0.230522 -8.644573
-18.311720 -3.716757 4.306143 13.857306 -17.293434 -16.875723 -14.526100 -12.560565 -14.091068 -9.670980 -0.199173 -6.785358
-18.297089 2.776302 -0.604273 13.240162 -8.694076 -12.520932 -6.704166 -9.125973 -20.622547 -7.265831 0.345910 -6.467257
-25.985168 -3.666583 -4.295130 13.490984 -9.707173 -13.372050 -2.732151 -15.940381 -18.077520 -3.956495 -2.168264 -8.273677
-22.044830 0.148522 -0.027040 14.390265 -8.864976 -13.726322 -5.304170 -13.526581 -21.530136 -8.534779 -0.479288 -8.209385
-18.779016 -0.789711 1.154826 13.971532 -10.962761 -11.578258 -7.326009 -11.682550 -17.420523 -7.952859 0.500550 -8.303816
-24.272654 -4.307364 1.875493 15.348721 -10.217150 -13.052560 -4.685988 -14.315381 -20.316008 -7.499602 -1.728268 -9.035792
-23.196735 3.307980 -3.039237 15.195788 -9.730369 -16.414150 -7.087402 -11.691296 -20.870626 -5.523472 -1.513614 -8.601770
-31.485426 -0.694112 -7.439538 15.428246 -5.767977 -15.631054 -0.279317 -19.125944 -30.572941 -9.513141 1.506723 -10.620880
-18.653702 4.347119 -2.059147 13.367028 -4.876321 -10.848649 -3.111274 -10.187912 -21.934961 -7.960636 -0.249395 -8.882340
-27.672173 -2.598920 -5.375255 12.954697 -6.177903 -12.959485 -0.116940 -16.552589 -25.334536 -7.361104 0.254766 -8.956459
-20.438255 2.247013 -4.745290 11.310186 -5.042542 -12.385576 -2.567717 -13.290613 -20.889256 -7.413786 0.803748 -8.926477
-17.861631 4.200558 -3.024520 11.778275 -6.166627 -11.356565 -4.301491 -11.204057 -20.380491 -8.349594 1.319980 -8.419084
-19.404305 -0.215267 -0.565882 13.165444 -6.207634 -8.978607 -2.289569 -11.701426 -20.047930 -7.601826 -0.278818 -7.873250
-23.209463 -0.560708 -4.115979 12.852315 -5.405156 -11.573797 -0.865987 -14.600136 -21.124512 -6.936659 -0.098206 -9.283916
-20.381826 -3.478727 -2.967314 10.345123 -4.375301 -7.466694 0.562514 -14.172236 -20.933861 -8.340088 3.306569 -10.606310
-28.171474 -0.458356 -4.491203 16.477802 -8.043924 -11.915742 -1.306566 -16.169489 -23.274817 -6.586422 -1.505168 -9.934285
-15.758994 -7.698812 -2.242329 6.418120 -4.419046 -6.486899 -0.243254 -13.851719 -9.922955 -5.902536 1.109482 -9.042885
-18.367857 0.514025 -1.945351 11.880873 -4.199947 -8.655163 -1.407356 -12.698320 -21.009102 -9.433354 2.661237 -9.925207
-15.086761 1.209388 -1.453373 9.800178 -4.173803 -9.068755 -2.780046 -11.432878 -20.815342 -9.969954 4.054689 -9.534762
-24.567217 -1.735559 -3.888095 13.093344 -5.480402 -10.263495 -0.834100 -16.728416 -25.141962 -9.619116 2.766612 -10.901817
-17.321173 -1.768576 -7.756179 6.238483 -2.566108 -9.536967 -1.289478 -11.635578 -12.176556 -4.914329 0.986033 -7.545078
-21.881289 -0.065537 -0.953907 14.345865 -6.962134 -9.973454 -2.782183 -14.110521 -22.971302 -9.415254 1.645229 -9.637536
-22.256239 1.398336 0.041564 16.116629 -10.456964 -14.303017 -7.191789 -12.603703 -22.293615 -8.861197 0.360225 -8.519919
-20.822586 -0.810415 -1.094059 13.219636 -8.062928 -10.018136 -3.505028 -14.516459 -20.179369 -8.671772 1.475416 -9.554440
-19.027285 1.490875 -1.795021 12.327119 -7.480905 -9.159486 -3.800062 -13.872690 -21.891306 -9.941811 4.374645 -10.746667
-23.361572 -0.813496 -2.064836 13.144313 -7.770855 -10.056664 -2.798586 -15.168296 -23.637026 -8.508432 0.881106 -8.955402
-24.287090 -0.865351 -5.454675 12.042502 -7.216071 -12.192371 -2.129085 -16.002680 -22.590565 -7.419900 1.250553 -9.581321
-20.377541 1.793897 -1.617671 13.461476 -8.950976 -9.046930 -4.299066 -14.399120 -23.367599 -10.278913 4.207208 -10.639502
-21.067617 3.734686 -1.579058 14.729439 -7.965707 -14.370275 -5.974242 -11.933993 -23.925255 -9.004475 0.511609 -7.820514
-20.602379 -1.652380 -3.887906 10.425133 -5.877578 -10.404707 -1.821443 -15.225052 -19.988773 -8.071857 2.314220 -9.847654
-20.634975 -0.465716 -1.308964 13.176435 -7.623618 -9.886065 -3.410491 -14.422839 -20.896605 -8.995247 2.571215 -10.430917
-25.553205 -1.782596 -5.010600 13.652534 -7.303614 -11.457961 -1.305748 -15.951198 -21.315792 -6.274885 -0.117281 -9.740970
-19.673414 1.048271 -1.513350 12.834029 -6.138125 -10.881777 -3.245036 -12.547371 -20.280394 -8.099301 0.700660 -8.889650
-18.009562 0.412131 -2.239535 9.946595 -6.420111 -10.426805 -3.574402 -11.505604 -19.497952 -7.200945 0.125895 -6.280535
-20.915333 3.336836 -4.607889 11.724135 -4.590453 -12.885420 -2.548486 -10.541996 -22.319990 -6.073981 -0.031641 -7.310964
-18.810375 -2.057441 3.484424 13.169543 -14.178206 -14.600498 -10.824676 -10.825804 -17.421661 -8.154875 -1.567191 -3.866447
-19.424978 1.699382 0.164229 13.946559 -7.373841 -11.835403 -4.793927 -10.808568 -21.202253 -7.955607 -0.008505 -7.986710
-21.918924 3.152400 -0.890917 14.195144 -7.822578 -12.540400 -5.071113 -12.339483 -26.361837 -9.552793 0.583764 -7.674649
-22.997093 -2.611767 -2.146357 12.657541 -5.189173 -10.612448 -0.735943 -14.614435 -22.738121 -8.062264 0.996799 -9.988425
-21.598360 -0.715648 -3.967318 12.072551 -4.853291 -9.849181 -0.923260 -14.977419 -22.649986 -9.078038 2.842830 -10.965242
-23.117466 -4.810124 -1.413001 12.794913 -6.224784 -7.920552 -0.212853 -16.678904 -21.694454 -9.015662 2.251346 -11.149427
-23.113468 -1.154492 -5.496311 11.581984 -5.693023 -10.356028 -0.697420 -16.070627 -22.404322 -8.219748 2.964278 -11.488231
-25.032602 2.250170 -3.404630 14.647777 -7.088011 -12.082894 -2.927682 -14.726926 -27.310335 -9.105949 -0.080616 -8.963718
-21.724802 -0.112127 0.238766 13.961382 -8.079727 -11.580139 -4.356586 -13.415244 -23.378132 -9.159658 0.990145 -8.307745
-22.348148 -1.228407 -4.718165 11.634310 -3.243920 -9.282765 0.489951 -16.102411 -24.840130 -10.261965 4.844601 -12.372568
-22.501961 0.871172 -3.782538 12.677734 -5.408538 -12.346676 -2.089578 -13.370659 -23.586458 -7.384051 0.166977 -8.632580
-24.518328 0.183879 -3.774509 13.952831 -5.613039 -12.851003 -1.647227 -14.081450 -22.871735 -6.320091 -1.296085 -8.717687
-23.695805 -1.254786 -2.298562 13.792667 -6.874433 -10.053252 -1.791140 -15.665124 -23.681662 -9.007995 2.251834 -10.450200
-17.509214 1.106346 0.776958 13.293804 -10.808693 -10.144081 -7.237794 -12.380056 -19.828398 -9.911504 3.091079 -9.629758
-25.814260 -1.597950 -3.177596 14.561750 -5.861269 -11.705639 -1.183943 -16.069441 -25.100164 -8.484842 0.545054 -9.987630
-30.699711 3.598818 -29.411724 -2.028393 22.087130 -39.745434 -4.252424 -7.714759 -52.262928 -14.705544 6.180113 -13.842327
-29.473021 -5.565699 -20.607155 -0.524489 21.966713 -30.397560 2.943569 -12.000979 -41.143837 -12.808477 1.444557 -12.095022
-23.399065 -1.473159 -21.374437 -0.605331 17.605179 -30.366207 -2.574896 -5.023621 -38.130188 -11.138100 3.148976 -10.077633
-29.531446 -3.847601 -17.627636 1.174053 22.361029 -31.549936 2.355551 -12.248313 -43.426281 -17.904734 1.108479 -11.359096
-21.551765 2.223122 -14.642000 3.057928 16.150566 -24.778608 -0.430781 -9.611136 -34.387951 -14.377963 -0.290391 -10.284497
-23.071423 -2.000121 -12.262187 4.034506 15.541374 -25.715540 -0.271188 -11.288980 -33.674110 -14.867973 0.988634 -9.764305
-29.404669 1.799924 -19.147539 4.717810 20.141113 -31.196608 1.007432 -12.962639 -42.826614 -16.203333 0.395339 -12.414228
-35.660595 -7.471219 -25.232542 -0.537447 22.774511 -32.732693 3.180537 -14.550089 -41.808300 -14.846061 1.080544 -8.207039
-34.670536 -7.614882 -20.594086 2.177063 23.503927 -31.125938 4.381826 -17.671968 -42.619839 -19.735966 1.752192 -11.036858
-34.322796 -5.341737 -23.488665 2.019996 22.260294 -34.623028 1.667201 -13.267654 -44.022129 -14.531497 0.983047 -10.254948
-25.634546 -6.349723 -18.802010 -0.222544 16.502071 -28.732130 -2.518049 -8.252491 -31.392017 -13.842626 -0.461126 -3.053788
-32.576954 -7.633167 -21.411253 0.433451 20.002632 -33.449875 0.363824 -9.970634 -38.986576 -14.072642 -2.262363 -3.103310
-29.518131 -3.221090 -21.004175 0.444230 21.505692 -30.520344 1.640529 -14.508245 -42.060280 -18.580837 3.013075 -10.910331
-24.845093 -0.487216 -19.025410 0.081661 18.955473 -32.572273 -2.465872 -5.764551 -40.711964 -14.914567 -0.279874 -7.500839
-27.060175 -1.274435 -18.510115 -0.625161 19.508690 -28.686296 1.762773 -12.125421 -40.860352 -16.436882 4.219964 -12.330496
-33.089489 -9.652491 -19.423296 -0.075524 24.517927 -30.369627 5.268097 -17.658987 -40.757572 -19.170845 2.223407 -11.462049
-34.440620 -7.751366 -23.505688 1.326730 21.538801 -36.204609 0.405464 -12.063970 -43.114101 -14.587337 1.149418 -8.088408
-21.456293 1.846512 -15.769425 3.308820 13.881949 -26.764944 -3.369566 -6.435115 -33.488117 -13.015863 -1.039766 -6.213009
-33.849106 -7.156619 -23.102156 -2.415461 25.210785 -33.606777 4.706448 -13.405035 -47.031952 -15.479213 3.937243 -15.612320
-29.823929 -7.022699 -20.773008 -0.375027 22.856256 -34.366989 0.660492 -10.698586 -40.993801 -13.343647 1.280469 -12.406484
-35.170685 -11.420962 -20.771753 0.510508 23.685415 -32.615498 4.090827 -15.698406 -42.542648 -17.763487 0.754146 -9.219320
-35.738022 -5.149204 -23.431898 1.187831 25.622585 -34.114723 3.332515 -16.400011 -48.458122 -19.886574 1.922283 -13.678549
-27.200689 -5.568684 -17.554213 -0.348614 21.721191 -29.750568 2.744426 -10.024236 -41.147022 -13.078884 0.911617 -13.380708
-32.087318 -5.121994 -23.555437 -0.144161 23.936373 -36.024498 1.220733 -10.644509 -46.002132 -14.137658 1.439261 -13.389589
-43.102764 -12.670180 -38.044819 -12.840055 31.569313 -52.032589 0.056712 -8.246281 -62.295219 -15.379944 3.294593 -7.908320
-26.628204 -1.604606 -19.427906 0.989784 18.159952 -31.944660 -1.308522 -7.551860 -37.315945 -11.365044 -0.625762 -7.392034
-26.539667 -3.888237 -20.994961 -1.745979 20.509682 -33.768238 -1.523204 -6.176519 -39.112415 -10.400531 0.364108 -11.382270
-43.800957 -12.531906 -29.428648 -1.556710 27.826826 -42.944607 4.441626 -12.911243 -52.132420 -11.426148 0.585784 -14.450929
-33.392433 -8.061423 -24.667654 0.207756 23.968264 -35.472351 0.727846 -11.087990 -42.860958 -15.568852 0.274208 -10.025163
-35.354813 -6.469856 -29.273439 -2.174676 18.973095 -39.557079 -2.389467 -4.629839 -44.308594 -5.848529 -0.853441 -6.341759
-27.993017 1.720797 -22.070036 0.026487 19.030804 -32.719040 -0.985885 -8.608909 -42.262890 -10.937023 -0.324309 -10.680706
-30.593185 -2.748872 -24.044176 -1.233780 17.484280 -31.420067 0.296468 -10.129148 -36.688694 -8.192415 -1.897488 -4.306569
-25.281565 -2.219887 -21.513033 -0.534503 18.570168 -31.217422 -2.374499 -6.738242 -37.500141 -12.273409 0.808942 -8.304571
-26.707233 -6.083888 -18.690720 -0.808081 19.860296 -33.255875 -1.219170 -9.298223 -37.691803 -14.167600 0.585022 -8.062143
-18.648619 4.069634 -18.062700 -3.300436 16.777424 -27.926868 -3.154567 -5.373013 -39.078213 -13.154344 3.775084 -11.260110
-23.210791 -1.028061 -16.476101 1.057105 18.477262 -29.486794 -0.952919 -8.839154 -38.294548 -13.898206 2.323874 -13.057435
-32.028397 -1.080047 -25.561769 -2.025093 20.858328 -35.348957 0.243971 -9.190926 -46.541470 -12.037681 2.178943 -9.270529
-25.966745 0.363284 -19.536676 0.183807 19.360931 -28.549473 -0.879584 -10.460783 -38.101288 -15.724312 1.229632 -9.184339
-26.935434 -6.403566 -19.424902 -1.024630 21.367329 -27.842945 2.104851 -11.882197 -36.553879 -13.806417 1.623090 -10.829258
-23.155411 -0.040690 -17.377810 0.515786 17.842646 -28.922998 -0.054606 -7.183016 -37.564838 -11.485295 1.850604 -9.853118
-18.861208 -3.422477 -14.711617 -1.897251 16.577131 -26.241205 -1.674651 -7.746347 -31.882227 -13.232810 3.093258 -8.303602
-26.594418 -0.388659 -22.679127 -3.369164 20.987921 -32.289673 -0.596709 -8.586752 -42.219707 -12.302384 3.082673 -11.107526
-19.296703 0.998547 -14.388046 1.774212 14.798960 -25.449606 -1.998493 -5.157525 -33.350166 -11.532193 -0.203975 -8.119737
-17.373102 -0.064531 -15.435996 -1.490679 15.862967 -23.276203 -2.018687 -6.124096 -33.051327 -12.030378 4.420785 -13.896941
-21.773050 -1.437329 -19.981722 -2.768695 14.990222 -26.220535 -2.054463 -4.090983 -30.011013 -6.216685 0.220068 -5.939288
-24.819391 -0.592716 -19.397865 -0.515364 20.226784 -29.102083 -0.187399 -8.496550 -40.997776 -14.837140 1.955007 -12.644844
-21.213200 -1.532329 -13.435399 2.229482 14.739003 -27.079350 -2.899175 -8.486136 -33.843533 -13.972272 2.056764 -9.443446
-27.653032 -4.003846 -20.519957 -2.993748 21.514645 -30.167252 3.434652 -13.368923 -41.044567 -15.761181 4.979465 -12.063338
-36.560287 -7.568733 -20.890207 3.968410 20.643028 -32.174305 3.474805 -15.247146 -40.414772 -14.619205 0.833374 -8.708051
-23.419701 -2.705127 -20.292711 -3.265996 19.764111 -30.073629 -1.186937 -5.451861 -39.300610 -11.759692 1.455048 -9.913136
-14.330826 2.321771 -10.010301 2.611667 11.611901 -20.551460 -2.777418 -6.445893 -27.993113 -11.688882 1.961556 -10.328856
-11.724936 0.590467 -7.880451 -0.067992 9.206521 -19.295536 -4.071797 -2.227323 -26.120752 -7.685356 1.872357 -8.875399
-19.489624 -0.191575 -14.580005 -1.855653 15.941434 -22.671906 0.881154 -11.222079 -31.669291 -14.330403 3.419595 -10.068390
-32.073261 -3.518937 -24.656527 0.845419 21.624830 -38.053455 -1.557353 -8.526464 -45.103378 -14.350079 -0.048157 -7.697607
-20.294254 1.118389 -10.549762 2.893246 13.393674 -21.453348 -0.197072 -8.608470 -33.282639 -13.170523 0.398623 -9.176981
-60.227211 -17.604811 -35.918484 -3.740708 36.218994 -52.310368 9.091225 -23.774815 -71.557106 -21.816648 2.314096 -11.570814
-27.739998 -0.305856 -16.388018 1.715950 17.797035 -28.587715 1.836091 -13.641588 -38.779942 -17.014135 0.199097 -7.234107
-13.525394 -4.158877 -12.610950 -3.399069 13.772716 -22.223326 -2.390958 -3.556872 -24.730309 -8.545645 1.916494 -7.613176
-31.827330 -8.765646 -22.469276 -1.817644 21.887545 -32.058372 1.086931 -12.454770 -43.627811 -16.975552 4.482994 -9.291746
-38.965775 -12.347784 -28.062567 -3.438109 27.540089 -39.254810 2.138518 -13.822700 -50.861938 -17.702612 3.415487 -10.663678
-49.804790 -25.415310 -34.254181 -7.581901 32.054089 -47.402435 5.391962 -19.701740 -50.300728 -14.419495 0.981323 -6.917059
-20.138557 5.787674 -18.063457 0.659476 14.818499 -27.758482 -3.837112 -6.691916 -35.817104 -12.857507 0.543946 -7.752789
-23.464336 2.124867 -20.433607 0.506601 17.780975 -32.267323 -3.734538 -4.906366 -40.506607 -11.039484 1.797176 -11.449329
-33.714573 6.131777 -29.217844 2.150889 20.703890 -40.177750 -3.587320 -12.290595 -50.646980 -14.733916 1.617095 -11.627668
-40.359066 -10.038127 -29.891174 -2.335374 26.931406 -43.139420 0.794810 -10.712667 -53.602245 -14.191468 3.482166 -13.747653
-44.866249 -12.963283 -30.766724 -3.214420 25.496523 -45.311813 0.181311 -13.995685 -47.902008 -14.319953 -2.815233 -4.401074
-24.582630 -1.498256 -11.528841 3.623373 16.083269 -23.460760 1.565996 -11.061888 -36.022953 -14.055891 0.047699 -10.468883
-15.159795 -7.627812 -12.997557 -5.247721 14.661260 -24.030293 -2.333655 -5.577775 -25.326084 -11.410462 1.984111 -5.973559
-24.548306 -5.771631 -23.073349 -7.396849 21.334944 -32.404984 -1.741717 -4.528780 -40.610874 -10.746181 4.794302 -11.244047
-31.476690 -7.243711 -25.266600 -2.674536 25.522211 -40.262722 -0.601612 -8.967071 -47.125408 -13.549360 3.384298 -14.955944
-25.572123 -8.408366 -17.461535 -1.003260 16.238173 -29.064560 0.265506 -6.433454 -29.198242 -7.709945 -3.318603 -4.343266
-26.370703 -7.546212 -25.809099 -6.428028 18.919138 -33.766235 -3.871200 -2.776143 -36.290981 -8.511843 1.116918 -5.396346
-20.289984 -3.999548 -13.567175 0.989008 14.990510 -23.102999 1.301564 -7.663277 -27.459988 -9.393342 -0.521871 -7.996366
-26.925415 -14.670696 -25.369644 -11.727438 20.295780 -36.329945 -3.931399 -2.862926 -39.162762 -9.144173 5.314344 -8.898851
-15.152922 0.434039 -14.871990 -1.887831 15.406887 -26.241388 -3.785333 -4.434055 -31.185137 -11.805112 1.971009 -10.686931
-19.846943 -8.798808 -10.865383 0.652853 14.667155 -20.074995 1.900230 -11.083450 -25.083725 -12.868941 1.728237 -7.444570
-21.283417 2.823254 -14.723494 4.576952 13.601065 -26.970890 -3.638295 -10.237860 -34.185997 -16.186939 2.371549 -8.276557
-17.106169 1.151743 -10.588083 2.717135 12.383246 -21.363323 -2.806020 -8.864823 -29.215183 -14.753908 1.677110 -8.301714
-19.887970 -5.737070 -16.391071 -5.390435 18.641043 -26.826609 0.234540 -6.711294 -34.146416 -11.786474 4.412837 -10.419850
-24.863525 -2.897981 -21.068399 -2.821210 21.329763 -32.035820 -0.648008 -6.205009 -41.914745 -11.301160 3.918738 -14.324982
-30.223108 0.801211 -28.667891 -4.875253 23.213911 -37.924706 -1.829684 -10.140566 -48.309063 -15.966296 4.515892 -9.921954
-47.124649 -20.486628 -24.773998 2.539417 21.499006 -35.189060 5.980322 -22.291615 -39.360443 -14.900816 -2.567488 -0.850738
-29.035473 -2.375200 -22.810215 -2.279294 21.219715 -31.845604 0.179570 -8.053613 -47.090504 -12.565781 5.232628 -14.789162
-28.946520 -5.689900 -28.747297 -6.721802 19.128630 -38.620556 -4.430374 -2.677399 -38.129757 -6.438747 -3.418257 -2.304701
-31.116661 -0.790565 -21.861460 2.507858 20.697075 -30.106997 1.429302 -15.338103 -42.383171 -18.213512 2.688112 -11.621706
-25.761261 -5.746612 -23.021057 -3.355107 21.261944 -33.899246 -1.559903 -8.349908 -36.275913 -13.145358 0.331777 -7.007936
-44.080059 -10.839911 -29.037306 1.069782 25.846306 -39.700577 5.518069 -18.730036 -50.337753 -15.567855 0.824880 -8.854169
-41.395756 -9.647342 -25.057539 0.089943 25.484606 -38.031422 5.915307 -16.868624 -44.068325 -13.307426 -3.486337 -6.048884
-28.558752 1.438095 -22.740963 -1.662659 20.833237 -30.365271 0.851476 -11.820760 -42.405556 -13.706229 0.281104 -10.520573
-22.071836 -2.266354 -15.362581 -0.711570 16.492376 -25.656939 0.322733 -8.241416 -34.548092 -10.713289 3.618544 -11.257626
-32.433559 -5.183769 -22.291395 0.631646 21.472380 -32.095146 1.702848 -10.770261 -43.703045 -13.889129 1.295319 -9.357982
-28.413528 -9.437971 -22.483458 -5.426693 24.067905 -35.881153 -0.442826 -10.602710 -45.010643 -17.534082 5.626472 -12.621587
-27.088114 -2.262452 -19.110191 -0.505462 20.407307 -29.302322 1.998191 -10.576039 -35.910915 -12.016387 -1.392259 -10.119255
-22.966808 -4.064990 -13.485199 -0.152898 17.404251 -25.242121 0.534252 -10.616982 -34.557827 -15.408386 1.407141 -7.294320
-17.524508 -6.076854 -10.614429 -2.105474 13.703710 -21.767540 -1.491094 -8.375806 -26.452082 -13.023832 1.327108 -5.417985
-37.109150 -4.696027 -26.708532 -2.191669 22.314365 -43.589905 -0.250690 -9.740836 -53.325760 -13.052634 2.336096 -7.228118
-29.497843 -0.616473 -24.672293 -0.820256 20.755079 -34.708824 -1.141294 -9.535255 -44.714527 -13.878194 2.259384 -9.647831
-27.255062 -11.351327 -18.798935 -1.549066 18.038433 -29.267807 -0.074640 -12.598090 -30.799942 -14.608365 1.152237 -4.549199
-27.345039 -3.754600 -21.863241 -0.940227 20.178272 -31.946686 -0.915895 -10.445247 -37.321629 -15.076319 -0.096211 -6.041683
-25.919809 -7.013133 -16.868546 0.916957 19.197424 -28.318018 0.376168 -10.646845 -34.303020 -15.633573 -0.325729 -8.336823
-14.405717 -13.445734 -7.139817 -4.024747 -16.903662 13.447480 -1.739146 -19.293127 -2.225804 -8.279470 0.933275 -5.800239
-24.029308 -28.329742 -5.652345 -6.937962 -25.113558 21.060673 0.627065 -29.662979 1.105729 -7.674670 -2.972091 -5.484797
-32.648369 -33.656364 -13.105967 -9.269490 -33.124153 32.120274 3.080581 -41.072453 -1.225709 -9.801346 0.828000 -11.279398
-39.101238 -39.945797 -20.302755 -12.138762 -33.342094 33.252014 7.098368 -45.918194 0.007452 -7.500344 0.829326 -10.283357
-36.408447 -41.133804 -14.005741 -13.893420 -36.503357 35.043537 4.021666 -43.988831 -1.165397 -8.348112 3.862788 -14.704087
-20.660028 -26.652464 -8.652754 -7.893304 -24.973436 20.510527 -0.034663 -27.024750 4.024953 -3.880561 -2.737614 -6.323068
-14.144605 -17.276245 -1.132685 -4.808042 -21.120283 17.400991 -2.264640 -20.450090 -2.277715 -8.243426 -1.451013 -7.498114
-17.016439 -20.087236 -2.744675 -4.828914 -22.646309 19.033175 -1.604678 -23.144077 1.342697 -6.857522 -2.750523 -7.447029
-24.614227 -30.150194 -14.705792 -10.684261 -25.777805 18.802546 -0.887100 -32.052975 4.688595 -6.770409 -0.063645 -3.911164
-20.450693 -23.176023 -4.340182 -4.727340 -22.697910 20.124672 0.415940 -26.088480 -0.982351 -8.848631 -1.895496 -6.910358
-22.155180 -24.877010 -5.271875 -4.677291 -24.529692 23.208195 1.109546 -27.752964 -1.427891 -8.124443 -1.161291 -10.410952
-21.619764 -24.597658 -6.935469 -3.021063 -22.964684 17.497559 0.573820 -27.176510 2.784387 -6.468534 -2.274762 -5.838873
-22.993042 -31.334122 -3.839752 -9.732887 -27.348890 24.547722 0.853181 -29.833965 1.280366 -8.138334 -1.148730 -9.140289
-25.632128 -29.130825 -9.411580 -7.005525 -27.722696 21.916965 0.034547 -31.476624 2.210733 -7.098128 -3.467043 -2.848614
-14.755510 -20.851826 -4.300069 -6.589413 -20.153639 16.828239 -1.586178 -19.861109 3.139049 -3.805140 -3.471809 -5.158186
-27.482086 -31.774971 -12.825418 -9.386178 -29.339237 24.283228 1.025410 -33.015995 4.162609 -4.341859 -1.605253 -6.688556
-27.467318 -30.634823 -11.982302 -8.173570 -28.522219 25.420008 2.008860 -33.175400 0.859122 -6.966885 -1.281137 -6.141870
-20.352028 -23.481335 -9.524277 -6.117791 -22.882925 19.259974 0.295017 -26.561174 2.266360 -6.153998 -1.491145 -5.068465
-13.577762 -21.701942 -3.381792 -7.547654 -21.176363 12.598401 -5.167840 -18.739037 8.012346 -0.971619 -4.946239 -3.982914
-23.570623 -27.763063 -10.297456 -5.426696 -24.227253 18.411448 0.445439 -29.297371 4.282887 -5.880696 -3.060274 -3.959043
-17.693151 -20.374531 -1.993578 -4.632883 -21.652502 20.260504 0.051010 -24.079206 -2.707301 -8.517008 -0.850857 -8.705962
-22.831804 -26.108238 -5.357703 -6.313268 -25.144094 23.005970 0.779895 -29.453478 -0.973184 -9.741701 -4.027442 -4.734638
-23.049221 -28.224312 -5.893496 -9.286666 -27.041815 24.636452 0.302062 -30.023678 0.786999 -6.729213 -1.519090 -8.427923
-31.781519 -37.521896 -9.941585 -10.911512 -33.722485 28.230059 1.666308 -38.233089 2.234641 -7.814140 0.804007 -9.556550
-24.329025 -28.538958 -10.918461 -8.856991 -26.712746 20.337904 -1.145667 -30.883369 3.462457 -7.870749 -0.964706 -4.361182
-25.077135 -30.488096 -7.584304 -8.162332 -25.666389 22.462538 2.217284 -31.174631 1.135706 -7.053947 -1.198874 -5.872765
-24.305738 -26.915792 -1.457288 -3.306578 -25.091532 21.450203 1.076784 -29.268084 -2.883652 -9.937393 -2.740512 -8.852283
-22.940369 -23.896297 -12.493300 -8.689871 -23.629799 21.173206 0.725085 -29.677633 -0.116609 -7.945008 0.814993 -6.422759
-25.947218 -26.385435 -11.220744 -6.509650 -26.495609 25.332047 1.307204 -32.698792 0.338750 -9.197220 -0.964487 -8.044386
-28.683184 -31.493759 -9.650995 -7.697700 -30.607782 26.764488 0.943371 -34.869305 3.343413 -7.473537 -1.383251 -9.654716
-32.925587 -40.612999 -12.408662 -11.381295 -33.364357 24.281004 2.207903 -40.049774 5.696907 -4.364995 1.547230 -11.657879
-28.064808 -26.139935 -11.858815 -5.359278 -27.042780 25.401566 0.676214 -33.429577 -0.978185 -10.176067 -1.663728 -8.641303
-30.358198 -36.530678 -9.785570 -8.507061 -31.251171 25.521868 2.378799 -35.075592 5.868008 -4.596937 -2.836901 -7.305386
-33.465137 -36.660519 -15.812565 -13.242861 -33.133873 31.291286 3.190809 -40.079315 0.118927 -6.917387 1.934300 -11.366526
-27.428129 -33.921997 -4.660436 -8.653545 -28.311901 21.617031 -0.689785 -31.590738 3.733117 -3.773189 -1.068304 -8.667673
-24.768887 -30.626759 -8.317822 -11.038682 -28.790428 24.321802 0.287332 -30.946178 2.720364 -6.038845 -0.103544 -8.900398
-35.222942 -38.971161 -11.078155 -11.691970 -36.250153 30.388123 -0.214331 -38.245415 4.876336 -3.964276 -5.784067 -8.992157
-33.356949 -35.785332 -13.632330 -9.874416 -31.325390 29.437996 4.446687 -38.516380 2.896923 -6.320827 -2.676736 -8.196302
-35.476887 -37.696239 -5.455463 -5.439312 -37.504986 30.635885 -0.342812 -39.508228 2.148955 -7.206380 -5.314523 -14.666121
-38.143700 -37.372746 -15.574826 -12.080837 -38.641247 35.800999 1.958076 -44.292892 1.485231 -7.747431 -1.252645 -12.974247
-17.525143 -26.299053 1.609120 -4.788003 -26.613224 20.002148 -4.195262 -24.540926 1.781056 -6.451375 -1.017426 -13.660701
-32.553223 -33.094242 -13.796144 -9.181287 -32.141941 31.944418 3.280405 -39.914768 -1.683542 -11.045961 -0.611279 -9.597802
-29.465647 -32.816116 -2.583124 -3.442279 -29.587997 25.918591 2.093229 -35.132038 -3.331844 -9.790224 0.199628 -15.344279
-30.849716 -30.975313 -11.835412 -7.338100 -31.737663 31.434956 2.400335 -37.788761 -1.806217 -10.912768 -1.386346 -10.673110
-29.055624 -31.558254 -10.503234 -8.523867 -30.874773 29.548262 1.239023 -37.360352 -1.259257 -10.895532 -0.110305 -10.172206
-26.954622 -29.519661 -8.950650 -7.132556 -25.758078 26.219797 4.347956 -33.159275 -3.907269 -9.958290 0.233774 -10.221619
-36.223072 -37.218349 0.179373 -2.366119 -40.863461 32.777618 -3.510260 -39.690781 -3.492365 -10.205813 -3.410014 -21.307816
-28.322311 -32.500847 -3.974659 -5.337639 -30.140308 29.104280 2.077437 -35.296410 -3.863674 -10.909872 1.736006 -17.203115
-33.768635 -33.139767 -11.967958 -10.282685 -36.194656 35.716187 1.766688 -41.058414 -2.035689 -10.392915 0.065327 -14.778335
-34.891678 -35.331020 -11.714489 -7.162671 -30.529421 32.307724 7.006549 -41.800106 -6.308156 -12.069530 3.143482 -13.802095
-22.846909 -29.073038 -5.408913 -8.359530 -27.272909 23.607634 0.498767 -30.922375 1.791686 -7.783332 0.698192 -9.900342
-28.902809 -29.354589 -11.781150 -7.529139 -29.555882 27.304104 2.222101 -36.128815 -2.158037 -9.111912 1.452261 -9.025051
-28.488962 -33.038376 -9.699755 -8.572650 -29.358072 27.902750 3.512559 -36.156784 0.114261 -8.440695 1.017171 -11.168883
-30.221024 -34.132629 -11.878989 -7.584299 -24.710197 23.384146 5.910160 -35.968109 -1.670597 -7.904701 3.410252 -10.885943
-27.166952 -30.246840 -12.680229 -9.078201 -30.738722 25.173403 -0.170195 -33.959827 4.314363 -6.170309 -2.664478 -7.230043
-18.788874 -25.335463 -1.451677 -4.812311 -25.446329 20.772062 -1.397524 -26.244286 0.618749 -7.857150 -0.916914 -11.061065
-20.809103 -25.608660 -5.263754 -6.035738 -25.194059 23.423346 1.027934 -30.085161 -1.029932 -8.982108 1.712823 -11.199923
-30.996748 -30.255051 -13.526840 -9.489669 -32.289894 29.209208 0.568676 -36.319248 1.676304 -8.384329 -3.426760 -6.993145
-19.926271 -27.008673 -2.768414 -6.532101 -28.255316 22.688152 -3.483579 -28.106945 2.479700 -6.933366 -2.023768 -10.313418
-28.514080 -31.846603 -8.624584 -9.088799 -30.437181 27.250061 2.208119 -34.500000 1.194676 -7.427094 -0.568014 -9.716771
-26.086662 -31.571606 -8.497757 -9.213354 -26.411861 25.426445 3.401058 -32.654243 -1.664250 -8.541355 1.260911 -7.733051
-27.116301 -34.031227 -2.163092 -7.084131 -31.882034 28.851913 0.359100 -34.339249 -3.856878 -11.546888 2.157747 -16.618559
-36.742165 -40.327690 -17.403250 -14.606417 -33.678577 33.220924 5.662800 -44.171680 -2.027611 -8.754596 4.306292 -10.153361
-28.378365 -32.704376 -11.102404 -10.281036 -29.967249 30.146481 3.649809 -36.011532 -0.874090 -8.604959 0.002361 -10.883626
-24.521450 -27.787504 -4.630141 -5.511609 -23.771101 23.298389 2.975077 -29.170082 -1.025797 -8.696696 -1.669267 -9.251120
-34.287819 -36.707706 -11.156293 -8.273503 -29.982481 28.296644 5.497890 -38.250660 -1.507004 -7.355541 1.063915 -11.242342
-22.309837 -24.362495 -4.045255 -5.887289 -24.807753 24.365429 1.055619 -29.514229 -3.809518 -10.331695 1.164290 -12.412861
-28.198799 -29.650621 -9.125309 -8.182212 -31.374844 28.821461 0.921929 -35.558025 1.133548 -9.033705 -2.101419 -10.150232
-33.179958 -37.638931 -11.219716 -11.247461 -33.270088 34.658474 4.691586 -41.682556 -2.963746 -10.748185 1.707422 -15.024565
-26.829693 -29.971966 -8.851465 -8.210480 -28.202616 26.627035 2.176403 -34.679863 0.098207 -8.449171 2.033636 -11.258831
-20.020460 -24.880993 -4.654012 -7.124759 -25.545031 23.585642 -0.398329 -28.038336 -0.538029 -7.866843 0.771237 -12.081669
-20.437925 -21.788351 -2.315850 -3.372398 -22.259686 20.706158 0.864835 -25.420996 -2.479734 -8.201382 -1.187961 -10.642746
-21.542612 -25.915480 -2.073646 -3.861059 -25.981712 22.068865 -0.926825 -27.525974 0.431193 -8.112988 -2.660270 -10.244694
-23.350927 -28.388184 -8.238910 -8.331576 -26.255066 23.786612 1.210258 -31.531433 0.081700 -8.021907 1.715968 -9.397250
-27.362150 -30.143295 -12.810247 -9.969521 -30.324768 25.324390 -0.448855 -33.400539 2.890989 -6.606081 -1.702366 -6.236952
-10.069207 -15.605062 1.344807 -2.051353 -16.623158 12.619009 -2.313396 -16.210930 -0.697843 -6.648751 -0.465445 -7.118118
-19.336664 -22.926842 -9.051371 -7.205883 -19.453093 18.244139 2.093484 -25.997673 1.124334 -6.279115 -0.672569 -5.002758
-12.544715 -19.778870 -2.699599 -5.060570 -18.791862 15.049912 -1.688578 -19.295231 4.031417 -4.591169 -2.910095 -6.168668
-21.903555 -25.607342 -10.768168 -8.089137 -22.508553 19.210772 1.013495 -27.790052 1.201450 -6.309151 0.628227 -5.086947
-19.939110 -21.589821 -11.146443 -8.016818 -20.193790 17.627075 0.827653 -24.760651 1.771912 -5.107902 0.424877 -5.416850
-18.514839 -20.994850 -2.604218 -4.666681 -22.467413 20.164028 -0.514898 -24.057072 -1.123863 -7.513576 -2.054377 -9.134007
-18.540751 -22.232609 -1.060701 -4.131548 -24.229378 21.252966 -1.663428 -24.533751 -1.329560 -8.277334 -2.739202 -10.636154
-18.181934 -25.302103 -1.445616 -6.338008 -25.059637 21.367661 -1.441950 -26.083761 1.080526 -8.095757 -0.998137 -10.024089
-20.228148 -22.928675 -5.624863 -4.058911 -21.706877 17.141605 0.009155 -23.607031 3.831995 -4.575302 -2.864437 -7.090394
-22.453341 -28.314547 -2.755971 -6.077336 -26.193972 22.059132 -0.464686 -28.465572 2.449815 -6.575253 -4.120882 -9.163748
-22.000265 -26.119186 -4.452458 -6.484286 -25.795551 22.093149 0.307382 -27.499437 1.652354 -6.716717 0.229120 -9.960371
-22.431482 -24.810955 -5.507595 -6.118516 -24.579876 24.691820 2.207087 -29.846077 -3.138189 -10.091792 2.194697 -11.007913
-18.044323 -22.888847 -5.331267 -6.323087 -24.292946 21.546804 -1.005070 -26.805262 0.050355 -7.929227 2.186159 -10.722217
-29.354252 -32.961483 -1.577865 -5.565722 -29.280386 30.019054 2.372738 -35.125725 -8.880385 -13.449526 2.526222 -16.149124
-20.022116 -24.906773 -7.651443 -7.138953 -22.655603 22.880379 1.950564 -29.708395 -2.113335 -9.517588 3.248349 -10.698720
-24.285524 -29.843472 -6.603778 -8.011109 -25.950918 25.577080 2.299048 -32.519577 0.129161 -8.707273 0.787563 -10.942490
-17.855789 -24.092255 -4.033682 -6.190455 -23.520603 21.387197 -0.869958 -27.438742 0.527618 -8.339601 0.816666 -9.501838
-23.199476 -28.278456 -5.549426 -7.264756 -25.807575 23.775101 2.046369 -29.978596 1.599735 -6.851169 1.047905 -12.468265
-23.475023 -28.487228 -7.945014 -8.522405 -27.922846 22.004040 -2.107779 -29.798008 4.683114 -7.059086 -2.880776 -5.143888
-30.471449 -35.909084 -14.829700 -11.500153 -26.780378 22.035810 2.768239 -37.080952 4.139761 -6.838558 -0.414889 -4.070490
-18.211487 -22.956043 -2.469584 -5.391928 -23.870810 21.857187 -0.512755 -25.292234 -1.851972 -8.852887 0.152458 -10.664732
-21.847158 -27.888943 -3.183626 -6.006137 -26.766726 23.357210 -0.229637 -29.240036 1.747481 -9.057393 -2.193305 -8.697279
-24.902948 -25.302151 -13.026843 -8.034477 -22.255167 21.912535 3.573834 -29.739450 -1.371465 -6.435286 0.460023 -4.929907
-24.018248 -27.390480 -2.520703 -5.374174 -26.561756 24.474558 1.058034 -29.527580 -1.041670 -9.225437 -1.375745 -11.067344
-31.950211 -35.384140 -15.214912 -10.780078 -30.657444 27.844170 2.576697 -38.555832 1.726359 -7.503718 -1.046903 -6.708352
-59.653496 -39.021271 -25.578815 2.806047 7.225350 -7.843540 25.083006 -37.604836 -29.780014 -4.398804 3.169791 -9.079061
-61.243130 -42.180588 -24.124931 3.819696 -9.292890 14.042380 26.110538 -53.555653 -25.264719 -11.670971 8.449863 -18.665918
-43.618317 -31.458254 -18.130945 0.746287 -2.061518 4.701687 18.338322 -32.016399 -17.464830 -5.176439 3.957760 -6.767155
-71.945976 -40.267315 -36.822681 6.047591 -2.586718 -5.593490 21.829046 -44.676186 -19.489998 -1.521787 -2.923486 -1.946235
-44.433327 -36.945366 -17.099115 -1.634825 -0.876847 6.578370 21.713249 -32.690521 -17.167120 -5.428847 3.852001 -8.660584
-57.674561 -36.370598 -22.505156 2.917864 -1.494705 3.617014 21.842859 -40.489449 -22.751013 -7.392987 -0.552485 -7.288929
-58.649414 -33.344021 -22.738657 7.872031 5.417471 -3.833769 23.882797 -37.509243 -32.460850 -9.313686 3.967199 -10.317616
-51.319466 -36.221268 -16.556601 3.491740 3.189108 -1.808547 21.593344 -28.894855 -28.961405 -6.703011 3.229268 -5.719916
-72.481636 -44.903473 -27.763121 4.283807 -6.731639 3.109865 25.017494 -50.291897 -26.428673 -4.281302 0.232990 -7.815547
-58.700500 -38.225002 -25.017113 -1.627555 3.519283 1.103863 25.845385 -35.270721 -36.282528 -8.527896 7.649757 -7.349964
-63.604992 -37.507324 -23.396265 6.499570 -1.165668 3.620207 26.412428 -43.641956 -28.922766 -8.474473 5.814402 -14.140308
-65.598824 -40.969013 -20.497267 5.448208 -4.062476 -0.386904 22.655504 -43.889187 -26.330561 -6.121962 1.930013 -8.710636
-75.421524 -44.983524 -29.070236 4.423301 -6.102629 3.246314 25.122156 -51.778858 -27.155878 -4.671295 -2.391596 -6.933146
-72.996368 -37.386902 -28.812384 6.286546 0.533169 3.272159 29.470177 -49.249611 -37.807709 -12.457143 6.592777 -13.379601
-46.974422 -30.107498 -19.347088 4.599126 3.132058 -1.598279 17.912220 -33.761986 -21.499962 -9.591884 1.110040 -5.309584
-55.994492 -30.194515 -21.579704 7.131753 0.463890 -3.112177 19.401457 -36.526237 -24.039236 -6.921031 -1.136206 -4.574174
-39.337376 -24.952187 -15.902680 4.957314 -3.212410 -0.136752 12.232680 -29.238178 -16.040482 -8.718296 -0.008239 -2.413137
-46.482975 -29.623957 -18.881981 5.974794 4.347099 -1.886212 19.615797 -33.339886 -22.583033 -8.490299 0.535402 -7.771655
-60.258965 -35.783897 -29.398983 0.441484 5.305902 -3.935180 23.167347 -38.392300 -30.955256 -6.681951 -0.104461 -1.945042
-64.515404 -39.480522 -29.175514 2.962008 -2.617672 4.371763 23.928549 -47.908428 -27.560602 -9.534933 4.589613 -5.520966
-48.008717 -27.348949 -20.162502 3.030593 4.142530 -0.179109 19.629440 -35.419262 -26.375648 -11.229332 0.883219 -5.936275
-57.213428 -36.503002 -22.465313 3.212577 5.191967 -2.123544 24.345158 -37.855442 -31.864569 -10.978037 4.362067 -5.437915
-42.078442 -20.096300 -21.754610 3.867243 1.388766 2.849181 16.515760 -32.386311 -23.270061 -10.155358 2.897312 -7.955063
-34.744411 -21.633797 -13.509982 2.647772 -3.893208 5.706418 14.396283 -29.720325 -17.828554 -8.798251 5.218485 -10.529294
-34.043465 -19.056366 -17.092531 2.001694 3.430758 -0.338874 14.323321 -27.207684 -18.966280 -8.810294 4.011401 -6.141507
-55.053486 -24.512135 -21.605421 7.750184 -6.068032 9.678822 20.763304 -42.188564 -31.253056 -13.223556 3.177853 -13.311416
-80.896873 -44.767162 -40.473164 4.499131 1.837060 -1.765364 32.080151 -47.575920 -43.812435 -4.879712 6.071150 -13.363777
-39.252644 -24.300232 -13.548486 3.293769 -7.324297 6.139125 13.057042 -31.023375 -14.797379 -5.675948 2.309516 -7.174961
-38.068848 -21.745441 -13.491837 4.781531 -0.243181 1.679766 14.681520 -25.526680 -21.231588 -7.579684 4.579886 -6.870353
-48.850887 -31.086226 -22.023546 2.066848 -7.278717 7.757669 16.328278 -36.141705 -14.530144 -4.849872 2.197941 -5.601860
-26.094307 -20.987799 -12.510558 -2.511644 -2.311825 3.788338 9.897262 -20.065660 -10.071943 -4.321108 2.900613 -2.255455
-38.821877 -28.279575 -22.293661 -1.397016 -3.633300 3.829847 10.448564 -31.702751 -9.925308 -10.283504 -0.676196 0.876501
-46.297050 -35.266071 -16.746664 -2.450440 7.600724 -6.278228 21.108368 -26.393570 -31.296650 -7.251794 9.491534 -11.145020
-65.125061 -45.868496 -28.201599 -3.114684 -4.728219 4.676078 25.413008 -51.580811 -24.584036 -7.928125 5.533836 -7.066208
-40.237026 -23.030096 -14.698544 5.198553 1.525983 -1.501713 16.951859 -22.738607 -23.343748 -5.780712 1.231230 -6.852099
-35.602932 -23.368052 -13.139558 1.312031 -3.304724 7.107438 14.930062 -30.335993 -17.424744 -10.067719 4.804642 -10.460393
-40.121643 -26.260397 -17.123060 0.911483 -5.626237 9.373454 16.354216 -35.323872 -17.440336 -8.428127 6.748781 -10.493307
-30.985874 -18.093067 -7.374657 7.941873 3.783960 -7.669852 11.635159 -21.802916 -18.277609 -8.889206 3.231940 -9.499759
-45.560070 -29.866419 -20.024414 4.537169 -2.354437 0.788136 15.578172 -34.285454 -15.206792 -5.222357 1.432727 -5.809300
-39.807148 -24.661446 -15.659978 2.222438 -0.874050 4.060297 17.693810 -34.323822 -23.109772 -12.886925 8.594708 -11.527308
-48.752968 -36.561882 -21.358770 2.316466 1.897781 1.773510 18.782959 -37.948181 -18.416191 -11.296437 0.868168 -3.863546
-30.049927 -16.212315 -11.015257 5.503519 -3.228594 1.336413 10.473369 -22.114380 -14.381603 -5.106644 1.594106 -6.841359
-44.720913 -30.886179 -18.844625 1.461718 -4.411875 7.953344 18.192541 -36.700760 -18.064383 -8.309327 6.313044 -8.889156
-38.977806 -23.305534 -12.271047 4.631083 1.227608 1.960878 17.241302 -27.077616 -21.014900 -9.220521 2.946605 -7.285041
-39.879017 -27.393887 -19.765354 0.017352 -1.749551 2.420657 16.012463 -27.794882 -13.484503 -3.227432 0.963199 -4.546980
-35.182453 -20.240669 -11.179702 3.374839 0.815516 2.273621 15.009395 -24.092810 -20.683277 -9.360921 2.583559 -5.426282
-44.269054 -31.867687 -21.152546 -0.959158 -6.310262 6.596331 16.956182 -33.593582 -12.359952 -2.413088 2.836101 -6.064759
-37.576385 -20.443775 -11.308014 3.599716 -2.740240 5.210378 15.427841 -28.718811 -23.361992 -11.818367 4.544159 -9.565578
-30.101603 -21.824415 -16.012539 -3.074202 -2.626054 4.356213 11.780615 -20.271481 -15.152479 -2.507542 4.786237 -4.728992
-30.895065 -17.185122 -9.373884 3.936257 -2.923344 2.506770 10.856020 -21.285089 -17.908966 -6.972764 4.641353 -5.750807
-68.096832 -40.604336 -27.941275 5.769988 3.654610 5.090022 30.002966 -50.883884 -35.849316 -16.328409 6.218016 -14.001954
-59.856079 -31.358744 -23.912033 4.155958 4.782118 3.411627 27.698751 -43.763882 -40.199230 -17.222750 8.360988 -12.343543
-49.630226 -30.081400 -19.563240 7.162922 1.658493 2.595638 20.424038 -38.603462 -25.389940 -12.364056 4.401612 -12.564687
-55.466545 -38.063263 -30.987455 -2.902183 -2.180626 6.516012 22.919041 -41.700027 -24.667368 -9.024033 8.876252 -7.998222
-57.851284 -30.445946 -35.495132 -2.903522 -3.063475 -0.715026 19.657425 -36.103561 -28.140076 -0.459300 8.672975 -9.619062
-51.461445 -28.978844 -25.580816 5.512834 1.935134 1.768953 19.474663 -38.873608 -23.904547 -9.722938 2.097647 -9.505909
-81.583351 -47.122963 -37.487995 6.944541 4.883297 -6.442360 31.529392 -55.074619 -36.891518 -6.969451 4.835573 -13.367509
-54.058426 -23.110294 -21.464258 6.504426 3.903294 -2.349427 22.320208 -37.164845 -39.332378 -11.682035 7.595907 -13.572560
-69.788170 -36.955544 -34.073677 3.812494 3.675408 0.905448 30.187721 -48.898579 -37.931583 -9.583308 6.139176 -14.136105
-54.963360 -34.128693 -21.690271 4.399087 4.343064 -4.503888 22.896978 -39.395367 -28.177599 -8.481369 7.697227 -13.508031
-37.981827 -20.453310 -16.230675 0.313956 -4.546302 3.640777 13.857044 -24.123646 -17.663395 -2.837105 1.321263 -7.341457
-53.505535 -38.456696 -25.210232 0.826202 0.353147 0.785164 21.111233 -39.724548 -21.242292 -7.555295 4.849613 -4.675333
-49.525948 -26.685617 -21.780392 2.661371 2.892458 -0.616952 20.403130 -33.174995 -28.703794 -8.591632 3.615206 -8.586680
-41.484650 -30.901566 -24.428156 -1.129371 -4.169267 2.789692 15.066127 -29.654163 -10.642231 -1.320753 -0.595355 -2.422184
-47.877743 -23.050692 -18.786959 8.185256 2.866422 1.041453 20.298405 -34.231804 -28.491543 -10.308741 3.996015 -12.588466
-58.028839 -26.940369 -24.723949 9.873526 1.269204 -0.922885 23.281689 -42.911453 -34.053879 -9.982364 5.274072 -16.262726
-45.393860 -23.757906 -25.624479 1.743413 -2.367963 6.343550 16.362553 -35.633141 -20.792147 -10.057061 3.098790 -7.498756
-51.803978 -30.676680 -26.675194 -0.119817 0.415559 4.916591 21.834879 -40.053650 -26.901512 -10.257807 3.919927 -8.006887
-72.876869 -43.865162 -42.862743 -4.184622 -2.570915 1.901052 26.021210 -51.487381 -28.248360 -3.636219 1.684957 -3.664712
-73.773338 -42.369434 -37.013706 3.810227 4.189165 -1.131383 28.871809 -49.775391 -35.783798 -8.829652 3.047920 -7.267478
-62.000359 -24.668221 -24.848442 11.394433 -3.945009 -1.096893 21.453640 -42.736401 -42.987041 -10.919982 10.652477 -19.452726
-59.763645 -35.658714 -27.621952 5.469897 6.688434 -3.854519 26.526514 -41.239437 -31.889471 -7.581068 7.115552 -18.556606
-68.422066 -37.118866 -35.922588 3.035674 -0.185023 5.354386 27.990856 -51.752609 -32.129452 -10.201322 4.529035 -14.411969
-73.481339 -47.874142 -31.772921 5.738343 9.612246 -14.171001 26.540396 -47.028400 -33.455311 -8.124991 0.235343 -6.187234
-60.600689 -38.568672 -25.466261 4.270599 5.429656 3.305034 29.726379 -44.310646 -35.273266 -11.814419 8.237123 -15.579521
-50.205837 -28.043713 -24.597761 3.983860 -1.011662 4.438732 20.561214 -37.882347 -26.547016 -8.583876 2.208913 -9.675038
-69.377594 -39.754539 -33.446480 5.589590 -0.672563 2.977532 26.566389 -50.742771 -30.301455 -11.132268 3.634940 -10.351523
-53.652210 -34.714359 -24.654572 1.173142 3.778581 -1.128836 22.714857 -39.488789 -26.347519 -7.890937 5.638007 -9.015443
-63.388336 -34.512207 -30.349773 4.673738 -0.026420 2.148947 24.329172 -47.365898 -31.315498 -11.194502 5.474659 -8.706892
-41.871670 -22.465553 -12.171945 6.960955 0.087431 3.862061 17.605043 -29.076555 -25.360811 -11.117266 0.854229 -11.336921
-59.793201 -33.366825 -25.281096 4.938492 2.182703 5.450532 25.655008 -44.472294 -31.840757 -14.080062 4.231246 -11.271482
-60.126801 -39.256363 -28.364374 1.817888 4.580584 -6.150094 23.160885 -41.251053 -24.885761 -5.024864 2.393289 -5.880045
-76.060539 -40.920658 -35.737640 6.969767 6.538865 -1.663693 29.900841 -55.948677 -36.807781 -14.500603 2.825097 -10.183189
-63.892750 -34.644135 -34.578522 0.241648 8.152682 -5.283244 27.414589 -42.124695 -41.648766 -9.294109 11.004733 -15.346977
-69.704948 -34.172520 -32.647289 7.440932 10.651407 -11.655279 27.987251 -46.444851 -47.671406 -12.064376 5.425500 -13.444940
-48.720989 -22.819038 -18.340820 11.262768 7.252918 -10.933422 17.927965 -31.537344 -33.459930 -8.791161 5.032782 -14.878147
-47.772057 -21.999210 -15.208262 11.645337 -2.505375 1.198276 18.501226 -35.848011 -27.952251 -10.254225 2.853325 -13.417566
-47.658764 -27.797758 -19.640940 6.291987 5.174777 -1.059777 20.430695 -34.903656 -26.984064 -12.162162 4.407828 -12.250751
-54.006981 -21.782944 -22.661531 12.435244 4.108155 -5.604461 20.843098 -36.699715 -35.475128 -8.425552 4.856901 -16.826019
-41.198769 -21.147268 -17.503996 5.997536 5.612632 -2.084054 17.385712 -29.622997 -23.971878 -8.978645 1.862651 -8.554039
-61.789803 -36.777493 -27.695936 2.828335 -1.981034 -2.964161 20.899004 -37.175259 -24.587530 0.770700 -4.096123 -2.453878
-58.942135 -32.063454 -21.319670 6.721113 -1.638384 -1.012004 22.039824 -35.981159 -30.695051 -2.997707 5.519875 -16.817192
-75.374863 -33.840683 -43.959774 4.059824 3.997922 -4.678978 26.726664 -49.073875 -40.426723 -7.321845 1.082741 -7.707857
-84.470161 -50.890778 -46.095352 -1.794464 8.089164 -2.679039 34.843777 -59.597603 -46.207214 -13.970002 9.043749 -10.042654
-66.718246 -42.837574 -33.208706 -0.438555 -8.880158 14.037468 25.377048 -49.833981 -23.570869 -7.497355 5.678573 -11.868482
-51.240627 -26.320826 -17.554640 8.838687 2.483627 0.646421 21.496283 -35.543674 -33.260548 -14.488926 4.340256 -12.934707
-42.368717 -26.387249 -17.082842 2.813541 -1.485312 4.532219 17.105482 -29.386650 -22.774139 -7.814439 1.399402 -9.026461
-50.894398 -28.104393 -18.724625 7.119924 -3.236469 7.303611 20.743563 -39.751175 -25.235579 -10.694626 3.505088 -13.009073
-52.854652 -30.768166 -23.636280 2.256123 -3.289817 0.233781 19.199120 -34.354538 -22.215576 -1.544572 -3.615055 -4.099062
-51.315853 -31.753662 -23.194788 2.664194 1.724021 -4.429755 14.365216 -35.979774 -24.328312 -13.438874 -0.555986 1.110040
-19.119850 -6.197438 -18.120449 -7.575983 1.109100 -30.440203 -11.246987 11.553609 -27.445387 5.528051 -0.480668 -4.641816
-15.228917 -6.296107 -17.346867 -9.175608 -0.952925 -26.465565 -11.607385 12.458514 -19.570450 6.388958 -1.689985 -3.201052
-4.403745 4.023791 -10.094580 -4.817018 -2.572123 -19.510176 -13.197036 8.527184 -18.123671 -1.877069 -0.029265 -3.138078
-19.263021 -7.599059 -27.814667 -18.025803 1.289154 -38.284443 -17.652676 16.222605 -31.991512 6.392654 2.213491 -5.405883
-20.813009 -10.596684 -27.680927 -18.946060 -1.303934 -35.929344 -16.368658 16.799036 -30.188442 9.576243 3.067548 -7.649289
-15.889475 -7.365696 -19.449041 -11.409610 -0.480661 -29.841619 -13.444469 14.322164 -24.165720 6.682218 0.826996 -5.436898
-17.534315 -6.798364 -19.839428 -10.543631 -3.437452 -31.997927 -14.912605 14.811268 -25.764921 8.898033 1.372627 -7.416883
-17.364256 -7.255280 -18.324650 -11.446709 -0.411135 -30.190954 -12.203973 14.770859 -31.550838 7.241434 4.069001 -10.003304
-4.145594 -0.380204 -5.851512 -4.754441 -2.560885 -17.361374 -9.998599 7.733090 -14.318213 0.492322 1.877354 -3.867568
-1.307983 2.871592 -7.515107 -3.818752 -0.091484 -16.888317 -10.165368 6.468686 -14.641092 -2.471603 1.699603 -4.167960
-1.506723 2.115019 -8.300972 -6.511075 -0.488923 -18.097281 -11.303783 8.421341 -16.132393 -1.314482 1.616081 -5.561803
-6.188866 0.525506 -10.075272 -5.555010 -2.041698 -18.511244 -10.253412 9.067088 -14.943789 2.632485 -0.114293 -4.215445
-9.126013 -0.737252 -13.657219 -8.148698 -1.822001 -23.209263 -12.365374 11.244865 -18.784620 3.405520 0.140077 -3.921422
-3.822582 1.055946 -10.333222 -6.785225 -0.241122 -22.727228 -12.418964 11.154869 -18.608471 -0.451868 0.399617 -5.364283
-3.810501 4.186596 -9.431661 -3.776247 -3.772500 -18.573997 -13.191853 7.654950 -16.775717 -1.876468 1.478001 -4.782835
-13.138825 -3.188887 -4.741419 -0.745039 -3.347732 -16.369118 -6.857318 4.993979 -17.316187 0.627885 -1.267913 -3.835273
-4.834492 6.103802 -13.390503 -5.661008 0.112932 -25.658590 -14.503059 10.345170 -24.208948 -1.153552 2.832737 -9.112800
-0.648752 3.544747 -9.998037 -7.503729 -1.080508 -21.653223 -14.209077 10.925056 -18.151234 -0.884525 1.974720 -8.021991
-10.583097 -1.555265 -19.466318 -12.120476 2.263096 -27.388994 -13.795928 11.809204 -21.539116 1.860335 0.560427 -3.848749
-13.844543 -4.113708 -21.600767 -14.202443 -0.440216 -33.806934 -16.863783 16.643551 -28.627073 4.651879 2.637126 -6.080026
-11.323550 -2.541282 -11.925059 -6.314940 -0.486062 -21.736904 -9.705173 8.020268 -19.751532 3.329653 0.565621 -4.492176
-3.429801 3.207053 -7.927941 -2.677217 0.408089 -17.571564 -9.593039 4.987571 -15.789745 -2.718878 1.122954 -2.870747
-4.784824 0.554436 -12.498180 -8.758422 -0.768593 -24.019688 -13.551381 12.371541 -19.173424 1.918965 2.574901 -7.518613
-12.937759 -2.640306 -22.087193 -15.025004 0.698973 -33.721382 -16.955406 14.922463 -28.264975 3.599067 2.017311 -4.859921
-15.417374 -6.215236 -21.745817 -12.794616 1.434637 -28.264908 -12.962362 13.800777 -23.222813 5.349761 -0.386870 -4.262699
-11.283606 -1.780359 -17.449665 -12.033290 1.161945 -31.208015 -15.226522 12.656893 -26.146093 2.699502 0.906202 -5.190421
-14.226410 -6.468303 -22.030497 -11.935510 5.631703 -36.113853 -16.343287 7.980408 -29.925398 -7.130546 2.300100 3.365042
-7.067624 -0.168120 -12.599120 -8.288714 0.505467 -23.568409 -11.937126 12.262435 -20.190596 2.581472 -0.124888 -6.056893
-14.405999 -6.543407 -21.343266 -13.032244 2.420213 -29.652342 -14.069015 14.436042 -23.048620 4.544218 -1.429107 -4.546489
-11.303176 -2.283003 -14.250303 -7.637371 5.522676 -26.646854 -10.455551 10.663307 -23.994017 1.424729 -1.638276 -6.778976
-12.387292 1.568365 -23.500780 -14.906460 2.667419 -39.698803 -19.611610 17.822130 -35.242355 3.013724 3.336498 -11.391006
-5.398731 -0.601473 -7.826265 -5.081657 -1.353753 -19.386873 -10.805925 9.548545 -14.662719 1.540020 -0.644131 -4.247443
-11.139250 -1.725974 -19.801275 -12.381038 -0.164677 -28.514719 -14.426175 14.491425 -23.230499 4.901315 0.602979 -5.629327
-14.629951 -3.933610 -23.117397 -15.895513 -0.377641 -35.913742 -17.997635 17.223898 -30.290997 5.264259 2.562389 -6.372968
-7.866008 -2.228660 -11.348818 -6.920599 3.201655 -21.609289 -9.892426 9.464688 -18.553745 0.522563 -1.669410 -3.532440
-8.497379 -0.007881 -12.297128 -6.622907 2.127532 -25.148691 -11.729653 11.110155 -21.476250 1.337601 -1.614738 -5.924496
-11.859753 -4.190606 -23.550783 -17.678946 -1.093039 -33.316502 -17.919800 16.222910 -27.230724 3.524436 3.265564 -4.406277
-12.365697 -2.716808 -15.418155 -8.925929 1.557516 -27.608765 -12.096350 10.750693 -23.202328 3.496803 -1.420285 -4.518778
-13.188558 -2.767633 -14.617429 -9.420379 0.622293 -30.676405 -13.865824 13.243984 -26.736984 3.945026 -0.261292 -7.291856
-16.473309 -7.337646 -22.341452 -13.520200 0.972640 -31.535843 -14.442942 15.159128 -26.968527 6.472631 0.896432 -5.929817
-13.203783 -3.941572 -22.597082 -15.880109 -0.742605 -33.987019 -17.964130 16.545370 -27.744503 4.560670 2.540239 -5.390348
-10.556166 -4.544135 -17.409346 -11.632416 0.038947 -24.105623 -12.130815 11.760979 -19.796221 3.964936 1.631688 -3.703065
-6.675896 0.962592 -12.152422 -8.388791 -0.144007 -24.860092 -12.935755 11.653296 -21.843943 1.149690 2.517896 -6.139263
-8.975084 -0.421208 -17.518147 -11.890066 1.367816 -30.841120 -15.338428 15.161168 -27.203304 2.709782 3.014572 -9.407288
-12.880108 -2.559479 -23.458662 -16.059893 1.893332 -32.778061 -15.776032 15.144591 -28.722927 4.402051 2.210201 -5.940278
-6.701602 0.676962 -10.164029 -5.980853 2.869584 -21.854183 -9.758205 6.366808 -18.825846 -1.225382 -1.230311 -2.941774
-17.397804 -7.268556 -19.660027 -11.768390 2.002340 -33.843445 -15.186720 10.563308 -28.680218 0.715612 1.875231 -1.561454
-10.853144 -2.826739 -14.624661 -7.423325 1.016380 -24.750690 -11.668719 10.520610 -20.952251 1.969883 -0.878055 -2.400700
-6.962873 -1.355431 -13.546268 -9.250864 2.225943 -24.601448 -12.372224 12.469748 -21.603756 1.326747 0.397248 -6.097403
-17.056198 -4.229709 -20.012308 -10.846591 -1.167844 -32.987598 -15.790831 13.614076 -26.649323 4.948040 -0.754768 -2.686035
-18.413965 -9.687436 -18.054871 -11.313899 1.928085 -30.523468 -10.887845 12.319412 -28.646507 6.264393 1.498248 -6.720777
-11.559343 -1.056972 -18.483562 -11.658959 2.316132 -32.348484 -15.165622 15.586303 -29.314379 3.506511 1.681132 -9.502623
-17.527847 -6.561914 -22.306711 -14.441104 0.532835 -31.360157 -13.208799 13.969815 -29.726265 7.813962 2.710158 -7.452742
-9.814624 -1.868146 -17.343880 -11.344223 0.330324 -28.189579 -14.658973 15.217692 -24.507895 2.902233 -0.414367 -4.730612
-8.398396 1.462488 -18.530970 -13.631448 1.888364 -33.807579 -17.735367 16.788473 -31.391327 1.456567 2.908170 -10.525957
-6.793922 1.690540 -19.368456 -15.438124 2.895424 -35.110950 -18.787109 18.374023 -33.095108 0.462501 3.254134 -11.193826
-6.494542 1.218253 -17.692204 -14.136717 0.808758 -32.747402 -18.387577 17.450876 -28.551628 1.667559 1.853298 -8.449256
-10.190740 -1.926002 -17.358671 -12.355587 4.094007 -32.554466 -14.532215 15.208166 -30.822739 1.936303 1.946637 -9.404249
-18.021034 -8.536923 -21.375797 -12.914948 3.705377 -32.473713 -11.659386 12.697286 -27.739109 6.313020 -0.510589 -6.314480
-10.621452 -3.345742 -21.624624 -16.926977 3.240743 -37.438114 -18.242247 18.885231 -34.512020 1.234270 3.388800 -9.612192
-8.637465 -0.814413 -19.216618 -13.963099 3.595320 -33.656532 -16.407246 16.527699 -31.140100 1.862195 3.563237 -10.514097
-9.190021 -0.422103 -20.527992 -14.394517 3.254622 -35.097881 -17.785748 17.037025 -31.516333 1.548533 2.282274 -9.324264
-6.995404 -0.876444 -17.974203 -12.672941 5.256171 -27.946983 -12.909761 12.133010 -26.504572 -0.910844 3.107063 -6.962914
-8.060610 2.492852 -13.552002 -7.749605 1.547598 -28.801535 -14.302516 13.241016 -26.172142 1.134537 -0.127589 -7.936403
-12.747730 -1.064999 -16.752825 -9.204947 4.026124 -30.803236 -12.551030 11.574755 -28.425282 2.035767 0.533025 -6.830577
-10.076942 -0.392014 -20.527180 -13.694583 1.330370 -33.349739 -17.295588 17.095068 -28.870245 3.298114 1.179698 -7.048967
-8.690082 0.489894 -18.327749 -13.791500 4.284312 -33.268711 -15.973500 16.303772 -32.620708 0.541323 3.266688 -10.647482
-7.040843 2.170990 -18.243010 -12.912436 4.369767 -30.813959 -15.188962 13.430045 -28.374050 0.194239 3.271568 -9.532382
-3.753663 5.316850 -10.268832 -3.829675 0.503843 -21.201733 -11.892509 7.952679 -19.529514 -2.052992 0.119272 -4.474887
-5.976604 4.176972 -12.889860 -5.161986 4.975454 -22.123154 -9.373357 8.113322 -23.199408 -1.980889 1.038079 -7.594792
-7.308963 2.349509 -16.361715 -11.197874 0.194493 -30.769587 -17.337343 15.318867 -26.882677 1.914734 1.441264 -9.447078
-6.160072 1.711990 -12.587261 -8.353857 0.917268 -26.542166 -14.026887 12.266457 -23.060225 0.504262 0.662500 -7.812546
-9.719121 -0.998046 -24.110220 -17.114717 3.752423 -36.510941 -17.834896 16.109236 -30.986742 1.371646 4.671820 -8.802460
-7.078951 2.493382 -14.388595 -8.665339 5.203824 -27.081316 -11.695495 10.628327 -26.585691 -0.568313 1.832905 -9.647610
-7.115570 1.931223 -14.181833 -8.929925 3.158669 -26.975050 -12.966212 12.213944 -24.823935 0.562091 0.513888 -8.126387
-9.116613 2.412777 -15.082133 -7.883591 4.429873 -29.382347 -13.437023 11.702479 -28.180473 -1.043361 -0.447230 -6.603598
-8.830095 -1.678107 -17.210903 -12.095947 2.952032 -29.212608 -14.778153 15.086007 -26.234980 1.943001 1.400292 -8.122051
-8.887418 -0.442937 -15.738107 -11.327498 2.439640 -30.816828 -14.985195 13.305363 -28.087669 0.450662 1.306386 -6.207378
-7.442929 1.136378 -16.319349 -11.767921 2.648722 -30.361311 -15.588406 14.952228 -28.433601 0.975280 1.660330 -8.853344
-10.167856 0.522721 -15.692419 -8.810382 4.630902 -28.722347 -11.793369 11.103424 -29.573671 0.061899 2.074970 -7.612174
-7.482045 3.841399 -14.446458 -7.895490 2.618725 -27.645042 -13.536251 11.599116 -26.864422 -0.522429 0.897040 -6.782028
-7.795914 2.503775 -15.704957 -9.733099 -0.057618 -29.776634 -15.801490 13.382713 -26.759012 0.764084 1.734814 -6.284064
-5.224369 3.053828 -14.766126 -9.807121 3.419239 -27.608156 -13.539182 12.667719 -26.086111 -0.739871 1.608477 -7.424732
-8.454866 1.542011 -17.099813 -11.936861 2.312917 -32.941929 -16.402569 15.949656 -30.415909 1.536134 1.449395 -8.959677
-9.422744 -0.896124 -16.514172 -10.482010 6.269807 -29.618317 -12.263737 11.641579 -27.737499 0.365090 1.537591 -9.008585
-8.998599 2.744627 -14.393284 -6.775643 5.350103 -26.596777 -10.397435 9.111755 -26.867311 -1.137655 0.875438 -6.521812
-9.447234 4.289746 -13.138916 -6.367340 2.137219 -28.771280 -14.058615 10.100270 -27.450550 -1.133010 -1.214282 -4.260561
-12.666788 -0.237534 -17.975466 -10.212857 3.911330 -32.338516 -14.155770 13.889276 -29.436558 2.788513 -0.518021 -7.965892
-7.965735 2.089973 -16.205862 -10.314418 2.957118 -29.281973 -14.473010 13.470928 -27.240570 1.016871 1.442037 -8.542504
-7.472569 1.910345 -13.992394 -8.218826 5.007075 -26.007008 -11.308366 10.659161 -24.995226 -0.431528 1.249969 -8.437678
-8.255622 -0.341070 -13.726457 -8.844723 4.902527 -25.662096 -10.988708 9.760136 -24.078516 -0.263889 1.158159 -6.992335
-6.070018 3.887027 -11.632345 -6.494431 1.581141 -23.797459 -12.132881 9.492283 -23.983837 -0.969363 1.277921 -7.143765
-7.456269 2.078980 -15.476773 -10.172027 -0.382595 -29.397371 -16.043989 15.127840 -25.297676 2.452462 0.608509 -7.592785
-7.338168 2.165852 -12.746255 -5.628475 1.734530 -25.266991 -12.070460 9.681715 -23.051823 -0.291709 1.490612 -5.489423
-7.585510 0.169556 -15.801082 -10.350341 3.445375 -27.387764 -13.656436 12.792634 -24.621241 0.398094 1.523405 -6.645993
-4.586717 1.281054 -11.520716 -7.927671 -0.524929 -23.425106 -13.603349 11.372825 -21.622236 0.309962 2.793623 -8.541676
-6.330980 2.100661 -11.765672 -7.144233 1.834245 -23.128136 -11.058265 10.376038 -20.889555 1.320601 0.218803 -6.905351
-7.234050 3.355230 -11.624310 -5.093055 6.459243 -23.438736 -8.523594 7.141691 -25.278139 -2.716468 1.133962 -8.236750
-1.671311 5.015688 -7.550547 -4.582174 0.426925 -20.836126 -12.160251 8.504554 -18.955070 -2.415271 0.446652 -6.512116
-9.188311 0.713909 -19.361305 -13.287777 3.987115 -32.699333 -16.129286 14.719185 -29.780560 0.858125 1.714835 -8.274487
-2.898842 -13.488512 1.119702 -5.608894 -14.470089 -2.997273 -11.189883 -8.463847 5.676141 -5.968720 -3.910920 2.198997
-8.739161 -18.254293 -0.895772 -3.358450 -19.661785 2.411375 -8.994146 -16.116903 9.728127 -4.313731 -2.305785 -2.130571
-10.344563 -19.912560 -0.574457 -4.027157 -19.036356 5.654830 -6.468618 -16.734400 9.909420 -2.862733 -4.632854 -2.653986
-14.716402 -30.577251 0.411162 -5.785050 -26.533960 2.566369 -10.862400 -24.518026 11.433042 -7.343176 -2.974648 0.479805
-16.301922 -29.464619 0.678279 -4.774134 -28.450228 4.297540 -10.573231 -24.391459 13.623392 -5.711298 -5.194922 -0.911705
-16.285660 -28.474184 -4.929580 -6.911793 -24.708828 4.668518 -8.485458 -23.470137 14.314581 -1.815256 -5.580885 -0.297993
-15.730007 -29.235971 -3.080881 -5.554217 -23.886118 2.178304 -8.645761 -22.395288 14.359659 -1.935100 -7.076354 1.259252
-10.922182 -23.862291 0.554239 -4.853755 -23.340586 3.179385 -10.222137 -19.739510 12.008248 -5.330732 -4.220468 0.147271
-12.164302 -28.672102 -1.266310 -6.988756 -24.224659 0.711492 -10.302318 -21.571024 15.438863 -0.922309 -5.249988 -2.710963
-11.273991 -26.461559 -1.143449 -6.755550 -21.780645 1.733176 -8.219560 -20.109512 13.443604 -1.012571 -4.388234 -3.557637
-13.320624 -25.430574 -0.595858 -6.342721 -22.011553 6.016030 -6.003818 -20.886692 10.539677 -1.640755 -3.458726 -5.569328
-14.862983 -23.204414 -5.597844 -4.693799 -23.506601 3.033648 -9.951328 -19.648733 12.129759 -1.463728 -5.114194 -0.554633
-16.893448 -29.070910 -3.282229 -4.962687 -23.546980 3.140144 -6.698680 -22.927691 14.106486 0.143324 -7.278378 -2.332477
-11.365513 -24.125774 2.990770 -1.550441 -22.272423 -1.849364 -10.644513 -18.467379 11.628079 -3.724161 -4.774578 -2.904002
-9.479198 -20.248404 0.124534 -2.603714 -19.058830 -1.231628 -10.371161 -14.531539 11.473535 -2.155810 -6.051812 -0.219110
-14.928919 -26.207857 -3.040101 -4.148084 -25.278921 1.498522 -11.031823 -21.109959 15.409366 -1.168051 -9.033386 0.497090
-9.155012 -21.646412 1.548951 -3.638481 -19.916826 3.401983 -7.017510 -18.455929 9.627393 -4.374804 -3.121281 -4.004399
-8.595862 -21.557207 1.640394 -5.469270 -18.665754 4.142919 -6.779016 -17.098221 9.451719 -3.152308 -3.615471 -4.070179
-9.923804 -21.524139 -1.244294 -4.963980 -17.800175 3.666297 -6.252497 -17.826620 9.930362 -3.735078 -2.474053 -1.887859
-10.464494 -25.075912 0.865465 -5.948020 -19.799454 1.722777 -7.000478 -19.170727 10.566889 -2.763286 -2.320798 -4.902522
-15.449720 -32.792580 -2.290092 -6.473153 -28.837820 -0.068626 -12.776021 -25.675831 17.081366 -2.828175 -4.518199 -1.133975
-13.480083 -29.046949 0.132590 -3.500739 -26.938402 -1.782934 -13.354304 -21.873812 16.205624 -3.880605 -6.199715 0.799703
-16.923513 -29.414555 -4.547460 -6.100316 -25.703957 2.536922 -8.898816 -23.907412 16.082998 -0.118185 -8.011750 -0.754654
-8.872316 -20.545021 0.752357 -3.751286 -18.575312 2.824254 -7.806352 -15.617830 10.159985 -2.637223 -4.853991 -1.580561
-12.119074 -20.958414 0.373979 -0.585364 -19.020489 -0.325001 -8.776467 -15.645236 8.934007 -3.657380 -5.279389 -0.394167
-11.650961 -29.105242 1.445962 -5.224034 -28.423805 -3.022196 -15.556706 -21.738838 16.485989 -3.648731 -6.501347 0.066599
-13.992768 -31.425028 1.243491 -3.820056 -30.088829 -2.288756 -15.941850 -23.561993 17.814468 -4.277027 -6.044799 0.706195
-16.649420 -29.169552 -3.500844 -4.655376 -25.886026 1.471224 -9.758896 -23.892166 15.566104 -2.181513 -7.237845 1.040212
-13.077967 -24.885160 -1.737243 -5.339663 -24.730453 2.468285 -9.863157 -20.726524 13.665209 -1.147024 -5.829457 -2.009461
-14.330268 -26.599451 -2.471344 -5.027281 -24.661552 2.813858 -8.983003 -22.546831 14.117765 -1.825425 -4.677257 -2.535795
-14.474188 -30.864157 1.415364 -7.694499 -24.910728 2.692167 -7.715835 -24.868483 10.406358 -4.174650 1.276801 -9.460075
-12.615840 -25.146898 -2.041715 -5.309618 -22.844469 1.327420 -9.346925 -20.622892 13.513679 -2.080445 -3.128678 -2.224249
-11.160572 -24.189606 -1.140072 -5.258809 -21.648027 1.652416 -9.029737 -19.741049 12.878288 -2.749037 -3.469833 -1.613373
-13.957128 -22.823259 -5.183877 -4.312466 -21.600090 3.357618 -7.697604 -20.112564 12.026575 -1.587116 -4.491903 -0.921906
-10.337477 -20.348553 1.098050 -1.185073 -20.283195 0.541042 -10.218505 -16.929893 8.647245 -5.837275 -2.040802 -2.028421
-13.967625 -22.530140 -0.885698 -1.995590 -22.904444 3.764495 -8.298792 -18.888767 10.679711 -1.568791 -6.348800 -3.559832
-15.276028 -19.838846 -3.177206 -1.473887 -21.639706 3.714222 -8.004302 -17.944761 8.264437 -2.440809 -3.684188 -2.597703
-11.441071 -26.655180 0.820108 -4.557912 -24.403332 -2.150357 -11.969075 -19.525518 15.122068 -1.261256 -5.393503 -2.120852
-14.875914 -28.072464 1.023268 -3.772100 -24.303946 2.500000 -8.938865 -20.753073 12.545914 -0.897577 -7.205044 -2.990358
-14.089014 -24.963152 -2.051511 -2.935647 -22.991892 1.027709 -9.146038 -19.871990 13.266829 -0.929308 -6.541429 -1.620823
-13.118328 -25.842745 -1.823726 -3.945349 -24.455669 0.309044 -10.531806 -20.934549 14.867698 -1.169659 -6.059693 -1.765097
-9.971986 -21.413681 0.174301 -2.611255 -20.296347 0.641998 -9.217816 -18.161280 10.884710 -4.608031 -3.351127 -2.048941
-14.350131 -27.432411 -2.063506 -7.230044 -21.153172 5.059537 -5.134944 -21.715092 11.334724 -0.749389 -3.634072 -4.587673
-9.508427 -21.145836 0.380136 -2.826651 -21.139183 -0.653719 -10.985238 -16.401251 12.016634 -2.806035 -5.172514 -0.339922
-14.769774 -26.152342 0.401245 -1.548506 -23.138657 -1.209717 -9.911174 -20.097952 13.309324 -2.342437 -6.034724 -1.493017
-13.964765 -28.555668 -1.717433 -5.489456 -23.505728 1.048912 -8.804058 -22.228436 14.439217 -1.717000 -4.340091 -2.640353
-14.772330 -26.443104 -4.190548 -7.751682 -21.011446 7.350354 -4.446024 -22.149120 11.146894 -1.545625 -3.123714 -3.152280
-11.317606 -22.426855 -1.556486 -4.572941 -20.800114 3.857141 -7.448779 -19.789204 11.572791 -3.482997 -3.626144 -2.257148
-12.788570 -30.070354 0.748522 -5.977810 -23.674301 0.541281 -8.669896 -23.348570 13.746018 -3.648658 -2.588123 -4.492272
-13.341384 -22.072151 -1.764228 -3.764904 -25.222221 3.932042 -11.258109 -20.213001 11.509440 -3.814029 -3.877812 -2.295727
-20.792034 -29.154453 -9.784206 -7.399163 -25.019949 6.056264 -5.792904 -24.813911 14.542383 2.363682 -8.700345 0.302641
-14.434650 -31.200117 4.976599 -3.276548 -32.917664 -1.088372 -16.686834 -23.494532 15.398006 -7.836487 -8.236710 2.618556
-6.051023 -13.285702 -1.322459 -3.894810 -13.334785 4.623541 -4.716601 -11.657457 5.440902 -3.953170 -2.371098 -1.904393
-5.428437 -17.355059 1.996597 -3.429458 -17.069532 2.613636 -7.928036 -14.640772 8.516303 -5.401704 -2.837530 -2.532420
-19.899984 -32.430984 -4.935311 -5.744918 -29.160288 2.258250 -10.571230 -26.092587 17.429501 0.439734 -10.115403 -0.135676
-11.495495 -23.295153 1.141155 -2.003529 -22.882370 -1.496636 -11.669609 -17.020449 13.156102 -1.492481 -7.036058 -1.566686
-22.884523 -28.499893 -13.041979 -6.307400 -27.875069 0.219114 -14.566257 -23.140991 14.839914 -1.008657 -9.655286 4.893468
-18.910978 -35.184860 -2.218078 -6.545289 -27.465052 4.158829 -8.404623 -27.915165 15.809965 -3.348503 -5.726464 -1.097320
-13.621160 -21.905626 -11.055000 -11.765771 -22.029095 -4.735386 -15.838590 -15.627152 9.393035 -6.188088 -6.079366 5.872134
-16.132919 -25.029821 -9.992339 -7.496486 -22.753632 -3.295349 -14.813213 -18.125761 12.589341 -1.690473 -5.978744 3.351633
-20.394213 -27.044374 -9.633924 -6.695524 -22.855112 4.588936 -4.882434 -22.936832 13.451418 3.218866 -7.475271 0.835899
-18.069328 -24.583178 -6.103656 -2.774820 -21.027430 -0.451752 -8.309368 -18.025116 10.981437 0.849292 -6.781274 0.076036
-14.679461 -19.835316 -8.161050 -6.465742 -19.710844 0.663173 -9.650970 -16.631393 7.651715 -3.424964 -3.281521 0.659725
-15.210065 -26.521278 -4.714581 -5.496561 -21.997957 2.979738 -6.974051 -21.722813 13.256345 -0.876508 -5.205541 -1.425765
-18.121941 -30.529331 -3.334634 -5.228395 -26.868732 3.717522 -8.649912 -24.370821 15.436719 -1.995715 -7.718068 0.145610
-13.896568 -26.052073 -3.422329 -4.287042 -25.068604 1.254143 -11.864326 -20.698040 13.648935 -3.525995 -5.463700 0.690339
-11.947524 -25.408581 -1.549224 -5.037608 -24.537748 2.385392 -10.551855 -21.109737 13.960399 -3.441984 -5.969103 -0.425015
-12.116611 -23.182339 -0.651621 -3.009159 -25.508638 0.214418 -14.558431 -18.682014 12.494617 -6.985672 -6.755577 3.193357
-16.363855 -24.527668 -7.925695 -5.895425 -23.280216 -0.997983 -12.743232 -19.027363 13.129661 -1.164207 -6.535940 3.089760
-18.178446 -28.682138 -5.754982 -4.430423 -26.952017 0.452620 -10.875053 -23.386499 16.355379 0.192993 -9.259018 0.334690
-15.711263 -29.364714 2.794558 -4.606831 -27.130566 4.292379 -9.750856 -21.740662 10.531095 -6.833377 -5.674635 0.112364
-19.312271 -21.335234 -9.848840 -4.216290 -18.953514 1.471259 -7.403468 -17.710514 7.321106 -1.896785 -5.549870 1.520744
-6.709416 -13.893172 -0.906496 -2.873002 -14.752365 2.112687 -7.292797 -11.837598 6.245496 -4.610300 -3.898340 -0.268105
-10.545039 -20.446823 -3.830249 -5.178737 -21.431164 0.775273 -11.591571 -16.506899 12.486306 -1.903812 -6.283559 0.671223
-15.846907 -23.905312 -6.927445 -6.641589 -19.740620 4.987501 -4.264231 -20.591494 10.642363 0.085222 -3.811231 -0.158873
-11.875882 -26.231079 2.397105 -3.947671 -27.167564 1.709340 -13.015635 -20.830311 13.546905 -6.298538 -6.863310 1.283793
-16.836781 -25.503662 -5.795257 -4.822038 -23.324051 -0.503197 -12.177441 -18.974680 13.912534 -0.658377 -9.287563 2.392179
-14.874468 -22.847301 -5.124787 -3.198423 -25.076180 -0.366644 -12.773966 -18.778858 13.699450 -1.607583 -8.848956 3.008542
-12.630926 -25.684052 -5.371436 -7.856846 -22.936438 3.752132 -9.684289 -20.781872 13.440860 -1.896512 -5.494719 -0.486726
-14.537431 -25.259523 -3.490692 -4.023140 -24.387289 0.410304 -10.333227 -20.414150 13.909418 -0.940610 -8.252995 0.993966
-13.289589 -26.204723 -2.843436 -5.035247 -23.522215 2.066954 -9.318643 -21.613655 13.288218 -2.782420 -5.419011 -0.643472
-13.353501 -23.960756 -3.178063 -4.987519 -19.815062 2.958336 -6.871386 -18.771101 11.633856 -1.445474 -6.733884 0.433925
-9.035652 -20.716309 -0.666988 -4.225327 -20.560953 1.004342 -9.535266 -16.679193 12.474968 -1.893317 -6.205629 -1.482537
-14.248260 -23.073231 -6.803943 -5.116639 -22.511349 -3.652220 -15.121061 -16.678558 11.994404 -3.573275 -5.820855 4.680891
-9.807514 -15.162741 -6.706913 -6.060286 -16.437147 0.386327 -9.546959 -12.677621 7.038169 -3.641993 -3.962023 0.454038
-13.903575 -28.095842 2.268682 -3.418140 -27.906008 1.926802 -12.893703 -21.789497 13.426716 -7.821025 -7.755379 2.903370
-14.573910 -24.922369 -2.983028 -3.120924 -25.681202 -2.181605 -13.824110 -18.793880 15.340714 -1.107379 -8.722749 1.423452
-13.566806 -25.132910 2.035095 -2.283411 -25.777388 1.795254 -11.927849 -19.606518 10.910950 -7.426973 -6.294170 3.449524
-17.164705 -31.390881 -0.273628 -6.507994 -30.917997 -1.248872 -14.905499 -24.052437 11.662627 -6.615216 -4.886666 4.404381
-16.919363 -31.058424 1.898937 -7.062292 -27.389214 5.367407 -9.294044 -22.205057 10.183069 -5.849080 -5.534114 -0.092622
-10.191958 -22.527899 -1.029331 -5.186116 -21.065434 0.161756 -9.568693 -17.178654 11.706911 -2.667596 -4.355960 0.151839
-15.870524 -27.818361 -0.994638 -4.830754 -25.879507 3.955383 -9.475612 -22.785702 13.192367 -4.740777 -6.624340 1.805674
-14.916652 -23.298080 -6.655560 -4.841049 -21.326889 -0.729721 -11.167428 -18.437124 11.499228 -2.719208 -4.563579 1.909920
-16.323854 -29.656916 -1.664834 -5.410696 -25.953962 5.779730 -8.493526 -24.356407 14.001336 -4.706757 -7.196303 0.317224
-12.126398 -26.647566 -0.938602 -4.806600 -24.961292 -0.939896 -13.005691 -19.954420 12.347933 -4.430578 -3.905864 0.981015
-8.157155 -15.492118 -3.320969 -4.909804 -17.046190 -0.473522 -10.753757 -12.407503 7.802800 -4.168291 -3.975226 -0.301316
-12.385195 -30.715801 7.609523 -3.591466 -31.680397 -6.588592 -19.158169 -20.294477 14.779067 -6.926683 -7.843405 2.962176
-11.654576 -27.325869 5.431813 -4.772335 -25.929197 -0.635274 -13.024845 -18.414307 11.587038 -6.049485 -7.209974 -0.016687
-14.847459 -34.920155 8.906527 -5.664421 -31.737593 -2.957599 -16.886230 -23.022430 11.435455 -10.279071 -5.082076 0.123963
-7.260073 -15.264091 -1.196631 -2.115116 -18.227871 -0.746113 -11.048042 -12.566926 8.317170 -4.170444 -3.059647 -1.806278
-28.422886 -16.817625 -11.939156 -0.669971 -13.790767 -17.133762 -4.030573 -6.222893 -5.998917 14.735641 -5.416957 -1.571009
-31.035305 -19.007507 -15.539364 -0.470265 -8.667954 -18.084415 -0.395733 -6.910787 -6.013330 13.971680 -6.901771 -0.611418
-32.665890 -20.918806 -23.247208 -5.152951 -11.467011 -21.037857 -9.226604 -4.583181 -3.779455 12.202353 -8.195763 4.364170
-26.457188 -18.482773 -18.384377 -8.175218 -9.889396 -15.528465 -5.422044 -1.969315 -6.589823 10.612791 -3.108976 1.656359
-30.467916 -19.118443 -23.505014 -7.669528 -11.284605 -10.720284 -1.809956 -6.462659 -4.659410 15.410324 -4.302253 -1.067140
-32.634129 -23.849064 -20.178051 -7.072424 -11.674885 -16.129707 -2.212805 -5.452849 -4.059744 16.459568 -5.290023 -0.325514
-32.729012 -22.887680 -22.261173 -10.009370 -13.163030 -20.273378 -7.120935 -2.569784 -8.617333 14.582803 -2.861001 0.872579
-39.150742 -20.640371 -26.029293 -4.605114 -12.088394 -27.199295 -8.644704 -5.941950 -10.253318 16.096754 -9.792030 4.063598
-34.948170 -25.886988 -17.952820 -8.142389 -8.680930 -24.972216 -4.462969 -1.443293 -16.846413 12.512328 -0.978071 -1.821402
-53.638630 -30.178585 -22.070436 -2.587600 -14.410583 -37.889282 -2.970781 -4.678814 -27.823042 22.770958 -0.896216 -8.584578
-30.027311 -18.834524 -19.497162 -7.249075 -9.626662 -14.212097 -2.688550 -2.380265 -8.909754 13.319794 -1.740132 -2.606680
-40.295906 -30.277351 -18.257010 -3.826424 -9.995610 -25.498993 -3.252841 -9.409554 -11.569948 10.297613 -3.292497 3.130104
-36.386795 -20.398638 -18.675547 -0.401465 -14.327427 -18.657152 -3.166374 -9.620936 -5.869943 15.704027 -8.719836 2.585802
-31.354721 -16.597492 -21.405355 -4.454577 -13.409551 -4.954947 -1.188138 -13.709950 -5.259161 8.433492 -2.407024 2.623467
-21.215845 -17.581619 -9.269490 -1.651024 -11.898448 -8.818770 -1.418755 -8.723958 1.668982 11.082896 -6.164530 -1.925151
-33.677711 -16.176537 -19.007854 -0.083864 -9.104010 -18.864290 -1.651032 -8.038470 -12.173012 11.743228 -3.543705 0.683626
-26.808125 -16.912315 -20.473755 -7.600684 -11.694271 -16.147253 -5.029736 -3.668406 -6.371416 14.720278 -1.904007 -1.319228
-31.742744 -26.163551 -18.936071 -7.120062 -11.663686 -18.481632 -2.736728 -3.855006 -4.629113 16.871523 -4.603925 -3.143947
-24.470503 -23.393173 -11.877086 -4.742833 -7.542229 -11.994916 1.197547 -9.596159 -3.741380 9.307837 1.728101 -8.335587
-27.933857 -22.271189 -18.495743 -6.726441 -7.826750 -13.523026 -0.201310 -5.698044 -4.388902 13.677522 -2.914732 -3.269620
-34.143353 -19.486546 -19.505121 -2.299440 -11.765417 -22.577862 -5.885152 -6.128142 -8.487372 14.600382 -5.893867 1.581109
-30.367434 -21.716246 -17.188368 -4.058701 -9.681842 -15.880180 -2.216813 -7.472281 -4.606745 12.143209 -4.895765 0.753844
-39.919338 -23.128651 -21.067574 -1.541384 -12.021879 -22.357090 -2.701258 -9.041297 -9.795929 15.910654 -6.842684 0.756094
-35.568062 -21.442831 -27.470133 -12.525099 -9.658184 -15.889189 -2.451558 -2.956442 -16.213139 14.751741 1.016501 -2.363249
-32.954876 -25.193716 -19.049316 -4.006387 -11.175732 -12.188897 -0.945732 -12.483582 0.085824 11.909188 -5.751209 2.031617
-25.839437 -14.971540 -13.376426 -1.805501 -12.781782 -25.854507 -11.034898 0.639781 -9.588902 12.473046 -3.074526 0.175808
-31.977501 -22.547808 -17.565331 -6.933632 -10.312738 -9.750518 1.514681 -5.942369 -8.527802 13.204881 -1.706784 -2.607742
-19.998325 -11.674219 -15.991282 -4.657110 -8.249990 -5.762931 -1.016701 -7.248295 -5.580706 7.358875 -0.869453 0.435319
-29.035549 -20.050177 -17.980633 -4.628569 -12.632717 -14.015339 -1.853643 -7.802943 -3.003303 15.659509 -4.603730 -1.643054
-26.153322 -16.787636 -14.437391 -0.370307 -14.308236 -8.458433 -3.016201 -11.965875 -0.583004 9.369111 -2.729282 -0.500642
-30.662313 -12.088094 -22.927259 -4.491736 -6.041282 -23.317421 -5.910220 -1.628298 -15.792028 9.558002 -2.647573 1.779794
-35.688419 -24.935673 -27.308207 -12.861179 -12.753375 -21.701183 -5.978221 -3.721781 -11.311633 20.720966 1.063742 -7.306767
-33.993557 -23.756247 -19.634989 -1.051175 -16.642632 -13.876252 -5.490741 -17.331367 3.598031 10.013504 -9.439709 5.788264
-39.972801 -22.854471 -30.186029 -6.892938 -12.314516 -25.536789 -8.676706 -7.317600 -9.063250 15.760671 -4.207573 2.647947
-31.012016 -17.721912 -24.977850 -9.684868 -13.196603 -23.524412 -10.597710 -1.428427 -10.987308 14.313883 -2.019108 2.126949
-33.044540 -19.142624 -18.812693 -1.915568 -12.732156 -18.346426 -3.488501 -7.362750 -5.768611 14.857488 -7.293445 0.509194
-37.685097 -30.535824 -19.543921 -8.896463 -14.758579 -22.272343 -6.500852 -4.027533 -6.600541 15.262033 -3.037125 0.291586
-36.122311 -20.368235 -24.318863 -10.300160 -15.257088 -23.526093 -8.887553 0.818134 -16.875559 18.844456 1.141000 -6.028697
-35.182941 -22.332481 -18.065929 -8.346345 -12.272756 -15.200242 -2.367263 -1.769802 -11.402856 13.883848 -3.339149 -0.749215
-39.399895 -27.222395 -25.724760 -7.815996 -13.550238 -21.450214 -3.093443 -7.136592 -7.078781 19.614401 -5.026838 -0.677633
-36.526031 -21.328096 -23.673445 -7.332817 -12.213369 -12.204756 -0.461422 -7.030180 -6.257236 16.281456 -4.278118 -0.295196
-29.971914 -23.550657 -19.970556 -9.123492 -6.699146 -15.473212 -1.242136 -3.721121 -8.501993 13.201656 -0.812495 -3.694881
-36.637230 -26.746672 -21.265411 -4.298007 -14.575949 -16.977415 -2.159290 -10.206575 -2.917751 16.496523 -6.667714 -0.385436
-25.234005 -19.006371 -16.812698 -5.418920 -9.038359 -6.898810 0.201145 -9.288729 -1.164222 10.833219 -5.348914 -0.422239
-28.702877 -19.518730 -21.470026 -11.356591 -8.458779 -19.072117 -5.824115 1.633643 -14.092504 13.518163 2.283550 -4.450419
-31.954533 -22.138422 -17.102577 -2.482264 -13.670958 -19.419004 -5.620108 -7.701434 -2.688250 14.713782 -6.717977 0.463021
-30.457668 -17.456745 -22.456776 -7.864385 -9.522582 -19.989573 -5.921029 -0.362735 -10.486389 14.978167 -3.766821 -0.119225
-32.140633 -21.375343 -20.557823 -3.916787 -9.993551 -10.470822 1.782215 -11.517276 -3.329186 13.485792 -6.831989 -0.020482
-32.068745 -23.087278 -25.293781 -11.539536 -10.141184 -23.376631 -8.086080 -0.404766 -11.713243 12.917536 -1.104791 1.447885
-36.845619 -32.207668 -25.703571 -13.972531 -13.335230 -22.058134 -5.302695 -4.133275 -9.311282 18.520920 0.077190 -4.298436
-21.856737 -10.736811 -14.086985 -5.121580 -3.523494 -20.021114 -4.112411 2.499382 -17.957809 9.949108 -0.698442 -2.958635
-25.615206 -19.706902 -13.605180 -2.876328 -6.620271 -14.684715 0.673778 -7.432471 -4.016321 12.130072 -1.463874 -4.807405
-35.765270 -26.189428 -24.723209 -8.138177 -12.518024 -9.360105 1.516476 -11.142150 -3.737580 15.902215 -2.731839 -1.172127
-27.283644 -22.435646 -17.975822 -8.239095 -14.459476 -26.836639 -12.464675 2.275543 -10.186682 14.332289 0.178873 -2.030693
-29.395590 -19.097662 -18.107639 -4.178885 -16.728395 -18.044638 -8.682675 -6.955510 -2.992260 13.590897 -3.107399 1.913852
-25.459894 -17.267410 -17.005598 -7.468389 -8.251088 -13.099060 -2.676018 -1.986257 -11.024544 9.460873 -0.563339 -0.959402
-29.639952 -19.367001 -22.438692 -7.595128 -8.676366 -10.644547 -0.008260 -5.366679 -7.083793 13.920356 0.187601 -4.228996
-34.222809 -21.109617 -23.898081 -7.723522 -15.047246 -16.235373 -5.670305 -6.418342 -8.227095 15.810117 -2.586829 -0.292304
-32.572922 -20.302427 -18.034472 -5.350051 -12.778266 -8.981081 0.002692 -11.117469 -5.697951 11.453421 -2.806847 2.494498
-32.740284 -20.523464 -19.231686 -4.043548 -8.102118 -14.588585 0.315556 -4.598576 -12.313139 10.187551 -3.441627 0.104010
-30.428146 -22.293556 -19.223143 -6.959859 -13.643916 -17.104456 -5.886076 -5.612473 -6.669513 11.881726 -2.364081 1.960784
-33.908459 -21.278233 -22.919001 -7.247889 -12.752307 -15.240849 -2.433267 -4.985796 -11.054089 14.889599 -1.870057 -1.662683
-35.682110 -22.498167 -24.570711 -8.607993 -13.515424 -23.716557 -7.760056 -2.004665 -12.031123 16.270428 -3.306282 2.257777
-38.133163 -26.146677 -24.832405 -9.106406 -9.536179 -18.738256 0.514975 -5.625208 -15.904023 13.826304 2.980346 -4.392948
-28.369930 -19.355820 -17.268417 -4.876662 -11.181411 -11.089249 -2.141340 -6.432911 -4.741801 10.478842 -1.822353 -0.873943
-36.364735 -25.470076 -21.589680 -8.567558 -14.562005 -19.006323 -4.156806 -4.002455 -12.109284 14.763369 2.421984 -5.863722
-23.839619 -19.873083 -16.279518 -5.939958 -13.855717 -18.842470 -9.874393 -1.100273 -4.042961 14.407103 -2.226839 -4.430649
-26.217392 -22.080790 -17.293585 -7.504577 -13.588830 -20.019917 -7.986531 -1.983589 -4.737879 16.259752 0.637338 -6.979345
-34.844292 -25.643524 -23.308540 -8.008141 -15.944880 -17.516754 -5.248441 -8.275953 -1.807522 18.824469 -4.305477 -0.864004
-40.145927 -26.651743 -26.632048 -7.667061 -11.027888 -17.172564 0.321330 -4.175178 -11.044101 17.660776 -1.289670 -3.366325
-25.137827 -18.388382 -16.932844 -3.913224 -9.613445 -12.672453 -1.156335 -8.001453 -2.027046 13.077346 -0.268330 -5.861120
-29.384413 -21.981409 -18.145962 -5.052383 -8.299728 -12.572762 1.573331 -7.544647 -4.865988 14.015141 -1.238970 -3.918122
-26.631840 -15.708151 -13.516770 -0.470118 -8.858387 -20.499710 -4.843301 -5.631277 -12.091711 9.327682 1.652712 -3.241893
-29.248238 -19.035036 -21.018665 -12.372943 -10.433701 -28.491739 -11.108382 4.615095 -18.958275 14.203834 1.886425 -4.086015
-27.879194 -19.692263 -15.785759 -2.760540 -9.740994 -10.450237 1.517492 -8.906477 -3.333344 12.816731 -1.886830 -3.752565
-34.936134 -23.125059 -22.314848 -4.895585 -12.946377 -10.987605 1.047589 -13.115599 -2.532105 16.841124 -5.396443 -1.219913
-36.298618 -20.648027 -21.996189 -3.528277 -10.615867 -17.596035 -0.003592 -8.887933 -9.091351 16.936203 -3.730765 -1.445576
-25.793709 -17.577070 -9.150548 0.246854 -7.687761 -17.598663 -0.945378 -5.694497 -9.608723 10.734785 -0.456154 -5.688718
-28.786959 -22.171598 -17.708021 -6.101918 -10.693557 -12.903796 -0.356039 -7.678967 -3.804408 14.313149 -2.013265 -1.915219
-31.804802 -18.962654 -17.360731 -1.642769 -10.344823 -20.636688 -2.875662 -4.220970 -7.117829 16.809441 -6.313996 -1.522574
-27.584826 -22.620636 -14.009514 -5.260401 -9.859975 -19.063002 -2.809274 -2.908712 -7.361942 15.174744 0.093888 -6.947801
-31.277544 -22.827517 -18.906429 -6.755764 -13.006153 -13.304093 -2.091041 -7.056664 -5.147502 15.903212 -0.990351 -3.109292
-33.315769 -23.583233 -20.919136 -6.515417 -15.357769 -14.413527 -2.708223 -9.983063 -2.583694 17.801582 -3.493847 -2.808140
-26.175518 -16.001919 -10.300974 -0.587807 -12.357352 -20.516029 -6.553777 -4.373644 -7.233451 12.131248 -2.162525 -1.637197
-32.058517 -22.670412 -19.002960 -4.570087 -8.731228 -11.407275 2.347483 -9.148193 -4.820718 14.593739 -1.740692 -5.285354
-31.561979 -24.258869 -19.133623 -6.686568 -10.988791 -18.510225 -1.989823 -4.774971 -6.415518 17.336597 -1.955380 -3.642730
-25.312450 -19.058350 -12.659026 -4.053211 -10.774873 -16.462521 -2.728663 -6.807973 -5.742070 12.031046 0.330493 -3.968210
-26.847717 -17.102085 -13.274752 -1.683971 -10.795574 -18.458002 -3.826289 -3.316534 -6.261219 13.574005 -3.515317 -1.966306
-34.257183 -24.578140 -23.808100 -7.942181 -11.246762 -16.233200 -1.058916 -7.096357 -5.730219 18.008986 -2.640541 -2.842743
-30.950233 -22.349655 -20.411791 -9.209030 -13.428533 -15.435171 -3.974752 -6.030124 -7.518688 14.657167 2.712853 -5.125605
-35.884041 -28.811325 -24.090651 -11.265261 -10.265134 -16.627289 -0.832094 -7.361121 -4.567951 17.444944 -1.672665 -2.792841
-27.749767 -25.124155 -12.511592 -4.728328 -14.082822 -21.842375 -7.213792 -5.381408 -3.750939 12.360649 -0.203212 -1.882747
-28.976440 -19.191204 -24.656851 -8.838457 -7.281381 -21.688887 -6.888758 -0.757885 -11.417765 11.726789 -0.711673 1.194460
-28.603327 -19.452551 -21.438765 -8.957709 -17.084949 -23.030876 -13.485872 -2.810942 -3.867300 14.152375 -3.025321 2.840655
-31.460211 -22.035986 -18.315567 -6.171463 -13.721925 -25.125534 -7.860274 -2.292976 -8.761027 16.497667 -0.818185 -3.945349
-34.649509 -23.669218 -20.732761 -5.153860 -9.546971 -11.010733 2.944892 -8.965729 -7.778407 13.161275 -1.307197 -1.509358
-32.344368 -19.559010 -16.185472 -2.233555 -16.561605 -22.154705 -6.827889 -6.195921 -5.882101 17.461824 -3.800692 -1.761550
-24.909691 -15.922048 -17.263493 -6.367903 -7.013502 -14.377522 -2.340105 -2.694679 -10.478788 9.983812 0.515703 -2.508424
-35.539162 -24.453844 -25.723099 -7.433185 -14.229075 -17.324739 -4.362356 -6.886596 -2.722248 20.003794 -5.398135 -3.185432
-30.720684 -19.373955 -19.401169 -5.805447 -10.477483 -17.405846 -4.648317 -1.508973 -10.164327 12.305753 -1.227668 -2.263743
-22.241234 -16.648262 -9.028989 -3.332747 -12.948480 -10.320842 -3.680120 -12.346805 -11.548813 0.527522 11.419651 -11.266747
-14.972529 -10.631625 -5.309306 -2.115975 -10.725454 -7.790547 -5.128487 -8.798928 -13.681126 -3.734507 11.832316 -12.335442
-17.481140 -14.925454 -8.814187 -3.262172 -6.264051 -10.800864 -0.832117 -11.599176 -10.216820 0.124662 10.671876 -12.240548
-29.922382 -23.228319 -12.444180 -0.562226 -5.136441 -16.787144 2.220972 -16.931353 -14.937263 -0.664879 8.564905 -8.197953
-30.264641 -29.097572 -11.701928 -8.020007 -19.259426 -14.319652 -4.680548 -19.212774 -9.540732 1.989968 18.213873 -17.369501
-13.713248 -13.265248 -1.431177 -2.773154 -16.344204 -1.674476 -6.707829 -15.687574 -11.497643 -8.775059 13.511005 -14.939981
-23.405697 -15.377930 -3.270749 0.664429 -16.781876 0.231563 -4.032195 -23.442926 -18.689220 -13.170825 16.624771 -17.436155
-17.833891 -9.405385 -5.723490 2.222526 -7.991499 -6.962160 -1.982494 -14.730990 -16.866823 -7.557112 11.864129 -12.507602
-21.709349 -12.325764 -8.800674 -0.284359 -9.747410 -5.279524 -0.743522 -15.035304 -16.379025 -5.196540 12.438455 -14.135984
-25.210104 -18.277996 -13.750834 -5.237134 -10.006336 -6.224465 0.660699 -14.462366 -13.523300 0.972691 13.629628 -14.385911
-14.982960 -15.965716 -6.087820 -6.030347 -10.800179 -8.811602 -4.495799 -15.860605 -12.584595 -6.976494 17.416330 -16.912149
-9.487716 -7.846497 -4.700367 -1.981978 -5.383038 -6.633123 -2.656902 -7.432186 -8.510349 -2.456344 8.139164 -9.858837
-15.457081 -11.931048 -5.332649 -1.697100 -9.747725 -7.739347 -3.498714 -14.599028 -14.121798 -7.245840 14.462158 -14.033617
-20.559820 -7.320835 -9.604370 3.328814 -4.569579 -11.808682 -0.048437 -10.541308 -15.074584 -1.982483 6.589958 -7.698699
-16.991423 -13.394300 -9.834202 -6.500622 -9.068454 -11.599643 -4.694932 -7.419238 -16.280174 -0.384999 14.737466 -13.141845
-10.881377 -9.801071 -3.338372 -1.973753 -7.407787 -9.007439 -4.120481 -8.164243 -9.691586 -3.190948 8.957850 -7.981386
-11.528835 -10.725668 -7.000247 -5.555213 -6.853678 -6.716465 -3.508792 -8.021789 -10.988123 -2.037763 10.148855 -8.167494
-18.361023 -8.401827 -8.227292 -0.186870 -10.838136 -7.802356 -4.049980 -15.848792 -11.953376 -5.424944 13.224347 -12.154178
-23.490181 -9.404955 -10.980299 0.138758 -10.345412 -9.048262 -2.488511 -19.039948 -17.453726 -6.613490 14.987640 -12.934121
-16.910883 -11.446137 -7.369713 -0.362256 -7.806411 -6.860764 -1.409445 -16.129951 -12.998637 -5.741876 13.072942 -14.840666
-16.738110 -16.256159 -6.521342 -5.580314 -11.592790 -9.280128 -4.461409 -13.444380 -11.163846 -3.198569 15.378298 -14.742741
-9.328957 -3.637008 -1.201061 0.796472 -13.353009 -11.152913 -11.282166 -10.204118 -14.097633 -8.379597 11.572868 -11.276917
-13.327457 -9.830529 -5.197214 -0.907793 -8.378148 -4.189660 -2.157599 -13.618245 -10.580880 -6.394798 10.991974 -11.717246
-14.767399 -9.579610 -7.264287 -1.745845 -11.123566 -2.499161 -3.399163 -14.356782 -10.314906 -5.878732 12.800862 -11.534665
-7.788349 -8.882050 -3.302595 -3.051260 -4.320688 -8.509835 -3.581223 -6.517580 -8.112520 -3.692800 8.298978 -8.023486
-26.817751 -11.737221 -11.830536 1.282394 -8.568770 -4.180229 2.035171 -20.971331 -16.570284 -7.962790 12.203453 -11.636447
-14.093858 -14.166352 -6.020770 -4.120988 -10.431292 -4.773743 -2.335078 -12.802167 -7.677762 -3.547860 11.133197 -11.636448
-13.855680 -7.738852 -4.693909 1.579592 -9.024133 -2.605586 -2.332197 -14.729312 -12.248877 -7.689018 10.313543 -12.716143
-13.132151 -8.874566 -4.583628 -0.337186 -10.482406 -2.278805 -3.041477 -13.768219 -11.484243 -7.732898 11.264122 -12.269300
-11.818909 -12.567696 -4.467637 -3.454207 -6.987169 -5.372943 -2.167711 -12.096247 -11.091673 -5.567759 13.087919 -13.834308
-21.438307 -12.971266 -10.250222 -0.675839 -7.968107 -11.244269 -1.808707 -18.498339 -18.024488 -8.050000 17.911728 -17.430552
-15.122633 -7.438769 -2.785748 2.992140 -10.064612 -4.735826 -4.208583 -12.676937 -16.572380 -8.063941 9.272499 -11.797746
-14.444092 -7.613550 -2.649519 1.500104 -10.174987 -1.473366 -3.368874 -14.516278 -15.625730 -9.549273 10.284424 -11.962960
-16.121008 -12.548376 -0.295396 0.712424 -11.939707 0.087038 -3.505212 -17.482861 -16.513855 -11.766602 11.757320 -13.110541
-12.657854 -4.591987 -4.630518 1.588032 -8.399778 -5.379936 -4.172142 -12.611957 -13.903111 -8.278451 11.297215 -12.187588
-12.126180 -8.959628 -3.061825 -1.994426 -9.233717 -4.413019 -4.344464 -8.343555 -13.606853 -5.413249 9.585736 -9.321192
-17.286247 -14.978748 -9.204884 -6.582219 -11.268299 -10.531889 -5.183101 -12.238108 -13.158818 -1.891546 16.273348 -14.921749
-14.012694 -12.675216 -6.287351 -4.450184 -7.415067 -13.639458 -4.659755 -8.053370 -12.759006 -1.812747 13.058855 -12.619591
-15.223162 -10.929420 -5.506427 -1.895994 -11.010146 -1.062646 -2.187593 -16.747498 -14.076733 -9.029956 13.940381 -13.486431
-16.884798 -15.390515 -5.026206 -2.815869 -12.668605 -1.379757 -2.602744 -16.613811 -13.183883 -7.490099 14.688558 -15.477990
-14.859215 -0.429879 -8.146957 1.930426 -8.316458 -5.042507 -4.360160 -14.516852 -15.359338 -10.300370 9.791611 -10.065489
-9.768830 -8.130575 -2.444508 -1.023813 -9.445646 -2.114226 -3.970649 -11.474874 -12.315177 -7.609476 10.393202 -11.324263
-33.625668 -18.509676 -4.715714 2.206862 -9.071653 -11.966513 -0.653146 -22.849367 -34.794693 -13.395616 14.328645 -14.065715
-20.657681 -13.470513 -5.931899 0.705692 -12.656736 -2.478428 -1.814390 -18.452652 -14.741252 -7.639875 12.980372 -15.099557
-14.705135 -7.919293 -3.085845 0.650231 -8.890568 -5.226852 -3.594145 -13.105095 -19.592859 -9.550165 12.389116 -12.003697
-12.218479 -7.360641 -3.840762 0.497757 -8.538306 -5.912657 -4.156467 -11.465579 -14.072593 -7.385115 11.580199 -11.964684
-13.498009 -11.198406 -1.571771 -0.278842 -10.989566 -0.539838 -3.437086 -15.073829 -14.176597 -9.534173 11.639756 -12.902993
-16.179867 -10.873829 -1.934354 1.329636 -11.199075 -1.775200 -3.343851 -17.572971 -18.565329 -12.201356 13.510816 -15.054500
-32.791374 -26.922344 -1.346409 0.928312 -16.757236 4.004298 2.543417 -27.996925 -25.554466 -13.706883 16.016371 -17.685593
-9.215755 -9.011353 -4.333161 -2.197292 -7.926938 -3.743282 -3.514972 -15.606025 -8.612743 -8.989026 12.050730 -13.972115
-10.282623 -1.791571 -5.650575 2.175449 -5.285766 -11.940641 -6.651896 -2.839724 -14.077312 -4.010847 5.437809 -4.062912
-6.171358 -4.273894 -4.398795 -4.195402 -9.066435 -8.004557 -8.214291 -3.913814 -9.826769 -2.502273 8.649143 -9.440830
-14.321852 -7.150888 -6.136870 0.458603 -2.043411 -8.828006 0.064767 -16.751604 -17.564749 -12.974220 12.043864 -11.650645
-9.586077 -11.558858 -3.157069 -3.935694 -10.178299 -4.822402 -5.344209 -16.438725 -11.008010 -11.503104 13.616067 -13.275182
-11.007031 -8.407000 -3.595457 -1.399926 -10.144979 -5.428665 -5.019709 -12.705716 -11.527560 -7.196709 11.875657 -12.036949
-13.720320 -9.521303 -6.648602 -2.588016 -8.191598 -8.835975 -4.797535 -16.202888 -16.728004 -11.004445 17.345188 -17.537271
-13.221564 -2.339737 -4.291860 3.329937 -4.483274 -7.491793 -2.472806 -13.187432 -18.887632 -10.749580 9.955691 -11.500098
-16.596788 -12.701261 -4.253714 -1.465847 -11.290736 -5.661233 -3.419267 -17.235411 -16.087185 -9.397505 15.790985 -17.300812
-14.282739 -4.529883 -5.269059 3.921070 -3.610123 -9.044747 -1.486935 -16.432909 -16.866238 -11.271443 10.485639 -14.659891
-21.138540 -9.018855 -7.028748 1.823766 -9.392160 -5.142898 -1.971511 -18.983795 -20.955223 -10.850266 14.793269 -15.580659
-19.025202 -17.679531 -3.959738 -2.279230 -11.847445 -10.614728 -4.111025 -21.049973 -14.691837 -12.125931 16.048048 -12.612049
-20.819429 -11.825103 -3.879712 0.749164 -12.615763 -2.965794 -3.664774 -18.379759 -19.663013 -10.607878 14.958765 -15.077381
-24.465155 -16.006941 -2.147993 2.650246 -13.376113 -2.545438 -1.200784 -19.025820 -19.546549 -8.504682 9.033459 -12.226007
-25.216621 -8.249431 -9.977152 2.982003 -5.616448 -12.518631 -0.301272 -24.090250 -29.096876 -15.717838 19.051420 -19.720467
-22.203716 -2.429240 -9.136699 2.539709 -7.463240 -7.984053 -2.655926 -17.672865 -23.102966 -11.469432 13.930824 -11.568650
-10.096026 -10.438169 0.254763 -0.083781 -7.098835 -2.158122 -2.138663 -11.373306 -10.703670 -7.304453 6.390237 -8.957585
-15.483343 -1.491627 -7.656985 2.043984 -5.551833 -8.076378 -3.224095 -12.968832 -15.296117 -7.887137 8.821687 -8.793494
-6.455815 -9.749939 -0.010812 -4.612999 -13.135450 -7.318624 -9.764899 -8.900120 -11.446063 -6.562524 10.717714 -11.584193
-10.088365 -6.781584 -0.666664 -0.050954 -14.896696 -10.608275 -11.755449 -14.570817 -11.503249 -12.027941 12.116642 -11.132611
-14.275314 -11.939072 -3.597143 -1.809550 -13.339443 -4.012790 -4.952320 -19.075014 -11.422067 -10.675829 14.779534 -15.653118
-7.518968 -2.187448 -3.088260 1.162151 -4.617317 -6.793884 -3.414722 -8.403966 -13.441015 -6.551526 7.506935 -10.802947
-12.855963 -14.853255 -4.007733 -4.545684 -11.696785 -5.308606 -4.470397 -17.026558 -11.358828 -9.660826 14.177999 -14.059810
-4.674637 -0.365439 -0.737694 0.820840 -9.411117 -5.903019 -8.333598 -8.849119 -12.355218 -9.589095 7.211013 -8.932528
-11.299505 -10.706656 -3.650074 -3.240946 -10.819477 -5.857226 -5.762771 -17.095781 -13.289330 -12.048738 15.721128 -16.615396
-11.053582 -4.671006 -3.073788 1.518370 -9.880169 -1.709927 -4.434223 -14.023670 -8.706333 -8.943601 7.326897 -8.741646
-9.310438 -11.759087 -2.467396 -4.497718 -16.779409 -9.431029 -12.048341 -16.401461 -11.141627 -11.417851 14.677654 -15.355807
-4.762318 -5.123941 -0.817648 0.437123 -11.942023 -9.727499 -11.775621 -9.993451 -8.622038 -8.944250 8.653412 -13.087611
-19.645149 -22.496300 -13.589622 -6.720995 -10.090201 -5.157064 -3.926775 -20.729731 -5.442876 -10.025512 10.839277 -3.383996
-9.336920 -4.643576 -9.566609 0.284121 -2.643460 -11.771021 -7.072602 -7.256116 -12.936369 -7.208246 7.762424 -10.144471
-13.714981 -7.614431 -17.009701 -4.360986 -6.604578 -5.242429 -5.597241 -13.621819 -8.967236 -10.010763 7.646467 -3.872776
-6.935133 -6.389275 -4.060131 -0.985971 -6.535959 -10.826433 -8.973255 -5.050148 -11.157562 -5.697500 9.091520 -10.902150
-12.962561 -17.170452 -9.072021 -4.068851 -3.451771 -7.596373 -4.960027 -14.974898 -9.500275 -13.192956 9.368993 -1.986435
-6.742606 -5.044366 -10.240995 -4.778197 -5.456160 -3.826086 -4.536589 -8.431599 -6.748869 -5.241265 6.127542 -4.572850
-14.836641 -6.391890 -5.951876 2.348431 -3.861570 -8.459230 -0.555757 -15.794598 -13.215415 -8.250102 9.103905 -11.544916
-10.578114 0.197391 -5.174341 3.439553 -1.480120 -11.534227 -3.226476 -10.453720 -17.206015 -9.262216 7.516684 -9.331201
-6.992879 -4.701892 -6.125501 -5.050867 -8.311289 -6.182183 -6.300024 -4.826294 -11.986382 -2.842568 8.183959 -8.509157
-13.566330 -5.293189 -5.101489 1.998045 -3.510391 -7.587315 -1.874213 -9.992890 -14.409522 -5.687900 7.900217 -8.634836
-9.957361 -5.748801 -13.309101 -3.766423 -2.504790 -7.091010 -5.587065 -9.298761 -9.110300 -8.577028 4.945165 -3.353666
-7.898702 -8.852084 -4.915339 -1.948625 -6.091075 -13.659426 -9.261868 -4.955670 -8.622787 -3.689643 7.444302 -8.694495
-12.335246 -16.056610 -1.853711 -5.318431 -10.151282 0.938643 -0.897934 -13.640389 -9.008154 -6.614319 9.197961 -8.246333
-14.240351 -6.405435 -4.747958 2.372787 1.181973 -9.838364 1.074339 -7.801533 -16.159801 -4.888054 6.482048 -8.987074
-14.638855 -16.388729 -1.105194 -3.873800 -9.805312 -10.330544 -4.746206 -10.178483 -16.775122 -6.282671 13.772617 -11.053087
-19.841463 -22.432714 -3.606172 -6.595006 -9.207799 -8.976545 -0.494950 -15.600554 -17.144770 -6.019495 15.207581 -11.930017
-16.109615 -11.471484 -7.789449 -2.517357 -8.339485 -11.194380 -3.690907 -18.382969 -10.416502 -6.948898 13.332605 -12.852829
-10.559641 -2.878245 -4.859198 0.717021 -2.008555 -12.368489 -3.520717 -10.778107 -12.300670 -7.945361 6.455698 -6.664087
-11.492631 -5.617530 -4.856955 -0.206362 -7.523232 -3.785923 -3.250807 -10.051986 -16.511625 -6.845379 10.544712 -12.936046
-19.349911 -16.057663 -9.889626 -3.675358 -4.045275 -12.005648 -2.268062 -19.943285 -15.134058 -13.279871 11.258790 -5.118192
-19.607613 -13.266118 -3.093433 -0.705093 -15.417486 -6.140802 -6.610878 -17.861982 -24.536213 -10.920585 18.045771 -17.465340
-19.254276 -11.188151 -7.713512 -0.000599 -11.842905 -2.369951 -2.857940 -23.787889 -16.542589 -13.635201 17.036303 -18.706696
-10.431499 -4.795432 -3.146136 0.491826 -10.029160 -3.056796 -5.558799 -10.153468 -13.698634 -7.933930 7.174132 -10.490568
-28.015654 -18.232124 -25.272335 -6.987314 -5.096869 -18.408922 -9.417069 -11.774856 -8.868340 -5.228179 -2.693716 15.971324
-37.711449 -25.958126 -31.943439 -11.274414 -6.708935 -18.949051 -8.851987 -17.649679 -8.196438 -4.277785 -7.901286 21.267466
-46.637482 -28.278318 -31.231958 -3.525702 -5.676317 -21.133457 -4.612390 -22.778381 -14.364724 -5.506744 -7.874380 19.876894
-28.483789 -18.538073 -22.428505 -6.129281 -9.072433 -16.129677 -9.598104 -13.400810 -10.973756 -7.757719 0.178242 15.627410
-18.995024 -12.041598 -14.459107 -5.909845 -11.563970 -16.736738 -13.208221 -7.669456 -8.521248 -5.678904 1.159463 10.974256
-33.146755 -17.040756 -24.749104 -2.730744 -11.652026 -17.786839 -11.298853 -16.147655 -11.920189 -8.496945 0.792637 15.117993
-35.093464 -17.311634 -18.531073 0.650106 -10.808248 -16.270596 -6.450510 -18.199192 -16.288746 -9.220483 0.850472 13.136395
-27.738998 -19.502651 -8.980017 -3.971267 -13.564347 -13.831805 -8.097744 -11.467376 -14.708344 -5.630849 -3.330514 13.301603
-36.447445 -19.276478 -30.573338 -5.635547 -7.546958 -14.563293 -6.755520 -16.534748 -5.304480 3.812880 -7.226582 11.544184
-23.923483 -14.551328 -22.261396 -8.576695 -6.354224 -15.672980 -10.379931 -8.079585 -3.946419 -0.663223 -6.630104 12.986636
-34.547482 -23.389254 -27.073795 -6.588429 -7.386877 -20.407291 -9.722983 -14.747347 -7.756558 -3.976786 -5.583182 18.884514
-25.466631 -17.498413 -19.798758 -8.165750 -10.542388 -11.958538 -9.979086 -13.019151 -3.571039 -3.797978 -4.977334 15.013994
-32.435417 -20.551174 -21.106541 -5.942001 -7.005599 -15.273403 -7.022394 -20.782722 -11.590626 -6.154857 -0.041393 9.597902
-18.688889 -12.485466 -8.834373 -3.436530 -10.663478 -18.205833 -12.298807 -5.436889 -10.855838 -4.697600 -0.768852 9.610268
-28.560719 -18.801876 -21.433702 -3.995024 -10.580091 -17.105911 -12.586986 -14.508609 -5.265012 -7.204616 -3.544582 16.469397
-31.036421 -24.121002 -27.317392 -10.877986 -7.189659 -16.589138 -9.282841 -14.503370 -3.316569 -2.047711 -7.348302 17.006041
-23.712706 -15.773397 -16.657068 -4.797574 -12.783130 -15.679584 -11.453396 -9.626258 -8.326992 -4.863243 -0.958212 12.827061
-39.820042 -22.603109 -32.455067 -10.191158 -9.126445 -15.943346 -7.592535 -14.118591 -6.044904 4.037259 -9.303828 14.420856
-23.997925 -18.538248 -19.879147 -8.338930 -3.924765 -12.433538 -5.818628 -9.963351 -4.503235 -1.917192 -6.785367 11.923968
-32.199703 -25.475313 -24.587650 -6.526370 -6.721945 -16.281878 -8.987957 -17.710007 -7.048532 -8.263195 -4.230829 18.120085
-23.609068 -20.355896 -20.025057 -8.654593 -8.182631 -10.602773 -7.255677 -12.846885 -1.616945 -2.819089 -4.892617 14.022910
-13.085375 -15.452832 -8.992592 -5.677213 -4.044496 -7.265059 -5.018595 -7.300723 -5.125019 -5.596120 -0.985567 6.417873
-28.992979 -22.738287 -18.753073 -3.516301 -1.808711 -19.502430 -6.461014 -12.906999 -8.575079 -6.463824 -6.430108 14.580184
-27.698683 -28.200811 -11.977026 -2.764282 -12.209781 -16.164495 -10.490186 -17.028448 -8.000292 -12.429611 -0.772976 16.445311
-30.247313 -24.004524 -26.281549 -12.481629 -6.769601 -12.566754 -6.336392 -14.775751 -4.322477 -1.535977 -6.603097 15.816935
-30.834455 -22.151711 -23.148067 -6.721434 -10.765730 -22.235651 -15.173070 -13.806972 -8.560187 -9.655105 -2.440967 19.989986
-27.340858 -13.438851 -17.460577 -0.982770 -7.895248 -13.987004 -6.380538 -13.204107 -9.851515 -3.529234 -1.247058 10.451949
-31.778591 -19.685030 -27.435917 -10.478436 -8.177197 -21.909008 -13.687247 -9.683289 -8.354636 -1.692172 -6.945484 18.782324
-28.262690 -18.754589 -24.978035 -8.066450 -1.983858 -18.945795 -7.208801 -10.466862 -9.244480 -4.805846 -4.760008 15.633555
-35.508621 -26.326103 -30.029570 -8.636955 -11.798323 -11.831327 -8.023679 -20.209824 -2.923536 -2.609938 -5.525155 16.616711
-20.062941 -16.255510 -14.787632 -5.307703 0.634067 -13.365415 -4.135818 -8.064894 -7.796917 -3.872308 -5.125068 9.143662
-23.128462 -16.775679 -19.598873 -7.319878 -6.188910 -17.110649 -10.567307 -8.960966 -4.437183 -3.737554 -5.590003 14.590680
-27.229406 -17.141178 -20.373156 -6.276375 -12.424098 -10.482649 -8.657633 -13.143541 -4.047634 -1.024815 -5.193283 12.581861
-36.802231 -30.360104 -26.267580 -8.049297 -6.877816 -11.774241 -2.588782 -22.053993 -6.022343 -6.972182 -6.169612 16.024256
-26.643120 -23.300892 -19.496881 -5.121186 -8.356984 -12.257124 -6.863308 -16.062147 -2.585367 -4.975435 -3.732721 13.520807
-24.921846 -18.978395 -21.606005 -7.638951 -6.209136 -17.380987 -10.676732 -11.286263 -7.151455 -5.538460 -1.035743 14.453238
-33.835945 -20.052193 -26.211489 -6.566960 -12.015255 -18.926308 -14.380553 -14.998831 -11.594490 -9.707974 -3.051503 19.258776
-30.097809 -17.260483 -14.811289 1.560728 -12.828646 -9.131988 -5.418725 -16.544477 -7.660992 -4.263358 -3.628190 9.496965
-21.401926 -8.754813 -22.017130 -7.917387 -4.482553 -19.076065 -11.860342 -4.957994 -11.843747 -4.209931 -3.052656 12.783291
-34.199467 -25.570835 -27.411715 -7.510516 -7.030749 -18.423382 -9.928860 -17.480907 -5.834617 -5.855340 -6.501735 19.169952
-33.005444 -22.753805 -19.770046 -2.580395 -14.491671 -16.222572 -10.919816 -17.472647 -5.738966 -6.842534 -3.758575 16.934069
-29.189337 -19.428825 -17.318985 -0.973679 -12.584306 -17.595789 -12.742164 -14.155127 -6.912014 -6.470163 -3.056203 15.141532
-33.829124 -25.317587 -24.392649 -8.213867 -12.120876 -21.723557 -13.605053 -15.140500 -7.488214 -5.860847 -2.327852 20.390648
-20.635717 -17.759506 -19.262470 -8.106493 -6.218432 -14.701995 -9.875307 -9.427325 -3.777716 -4.706382 -3.642375 13.978635
-13.962371 -17.562880 -11.868737 -8.558963 -3.358088 -10.263987 -6.893147 -9.007814 -5.681365 -7.765152 0.077597 6.477947
-25.054462 -19.620426 -21.685932 -7.067498 -9.452648 -14.265893 -11.096650 -13.741841 -1.680465 -5.052904 -5.097806 15.972716
-30.209862 -19.968922 -19.333191 -3.458753 -14.420088 -14.850198 -10.271534 -15.067406 -7.446127 -5.761401 -2.424766 15.466263
-22.889524 -17.772297 -17.625183 -5.810774 -6.981093 -17.234243 -10.216619 -9.104499 -5.940691 -3.935619 -4.840386 13.648003
-33.851402 -21.946842 -27.885740 -5.678483 -9.585703 -16.025537 -9.622327 -17.925331 -4.994368 -4.390934 -5.511945 16.526855
-30.308065 -18.618265 -25.282282 -6.278160 -8.632797 -12.532857 -7.205565 -13.663688 -3.240574 1.469263 -6.695825 12.791225
-25.124739 -22.388659 -13.723912 -5.038277 -14.766793 -11.037946 -7.895715 -11.381284 -1.503976 -1.022472 -7.047131 11.930889
-29.237164 -21.868275 -17.656057 -4.656441 -14.317984 -13.769965 -8.846468 -13.138259 -3.093640 -1.254998 -5.255488 14.370059
-25.178165 -19.006157 -13.162126 -2.654385 -14.050406 -16.829641 -10.805113 -9.280827 -2.936431 0.868977 -4.695282 11.821645
-25.433800 -18.699547 -17.078819 -6.734695 -10.852589 -19.028627 -11.815106 -6.971645 -7.270434 -1.702650 -3.319439 13.642479
-21.432360 -21.954430 -10.449312 -7.850399 -10.777439 -15.819178 -9.777390 -8.101254 -7.494902 -2.930505 -3.653625 11.763053
-22.660648 -17.568106 -8.695967 -3.554745 -15.844440 -11.401800 -11.071769 -10.487341 -5.816762 -4.287044 -3.588405 10.836156
-27.554764 -22.632748 -16.083838 -4.958485 -11.420393 -20.183834 -12.088370 -12.305346 -8.189464 -6.893423 -1.719055 16.560080
-22.411232 -16.190374 -11.427495 -1.786418 -15.178491 -19.651033 -15.293348 -7.069529 -4.344022 -1.678994 -3.579859 12.456799
-25.436457 -19.403082 -17.164427 -4.092612 -14.701160 -14.323524 -11.853391 -12.318640 -2.856934 -4.627355 -4.836641 15.289693
-36.891018 -28.516491 -24.292004 -6.394639 -9.768764 -21.204651 -9.936829 -17.354542 -9.035250 -7.216864 -4.803033 20.581457
-23.898457 -16.587046 -15.725760 -3.811419 -12.366743 -20.109135 -13.658113 -5.582496 -6.809306 -1.418763 -3.549206 13.048798
-29.054930 -23.891085 -20.359550 -7.901567 -9.945729 -13.463554 -7.999122 -13.113306 -2.819090 -0.244656 -7.640634 14.155582
-21.947760 -17.415987 -13.381887 -4.493432 -12.259168 -12.609377 -8.978024 -8.491782 -3.653428 -0.678703 -2.654971 11.056787
-36.253922 -23.172974 -28.380449 -5.983953 -14.367735 -14.446144 -9.388583 -19.263308 -5.887793 -4.591706 -4.545547 17.750229
-28.930506 -20.406067 -19.460003 -3.770509 -11.602757 -18.849556 -10.238514 -10.703959 -4.161325 0.485043 -5.135593 13.425745
-32.310596 -25.113344 -21.911524 -5.840870 -13.271015 -16.234020 -10.197325 -17.006472 -6.701232 -7.549534 -3.101361 18.559509
-22.643820 -21.912352 -12.053934 -2.721638 -11.966756 -15.278179 -10.772367 -11.399631 -1.825981 -4.690444 -3.458240 13.462840
-35.298397 -28.452293 -21.746130 -4.714255 -14.018106 -16.091742 -8.833888 -19.365866 -1.059965 -1.851608 -8.871847 16.971500
-27.650209 -22.900444 -23.288195 -7.322461 -11.453308 -17.801083 -11.869454 -11.428576 -4.060495 -3.266723 -4.335758 17.066420
-20.395157 -15.673049 -12.790048 -1.617117 -10.434259 -14.325877 -10.037796 -8.753114 -3.309820 -2.930491 -3.279225 11.624247
-24.879681 -18.139921 -13.003656 -6.104438 -11.971272 -14.436499 -8.302670 -6.983200 -5.219996 2.309324 -7.155197 11.152129
-22.684252 -18.518412 -10.373086 -5.258641 -14.083343 -15.833150 -11.781902 -6.571497 -4.890472 -0.335947 -5.529769 11.928961
-25.585293 -20.035904 -11.905500 -2.027106 -13.494635 -14.336776 -8.612519 -11.476027 -2.209918 -0.742413 -4.818737 11.363391
-17.303375 -13.510784 -6.383556 -4.080884 -9.672154 -20.249945 -14.234669 -3.743012 -13.868604 -6.969017 -1.768196 9.500139
-25.326065 -19.407026 -10.187362 -3.377702 -9.666172 -12.604018 -5.041304 -11.845546 -7.655974 -2.055055 -3.984841 9.928373
-25.193153 -22.637146 -11.342185 -2.529329 -14.822701 -18.720667 -14.048047 -13.975670 -2.030835 -7.155815 -4.016743 16.099516
-18.411100 -15.300271 -8.002779 -4.682233 -10.890552 -10.374543 -8.045579 -6.647465 -6.393456 -1.883119 -3.043400 8.675891
-25.013288 -20.563620 -18.589115 -5.128961 -13.151361 -16.237160 -12.194914 -11.188506 -2.199361 -2.411221 -4.776207 15.224339
-21.137173 -14.640248 -12.442982 -4.542943 -11.956917 -18.602905 -12.839657 -3.834426 -11.801516 -2.862680 -1.299094 9.816363
-27.083097 -19.519920 -16.371531 -5.134175 -13.919896 -14.314129 -7.858644 -11.834388 -6.034580 0.317353 -5.419700 11.842302
-21.096752 -19.733671 -6.815741 -4.206079 -16.783476 -13.509214 -12.740881 -11.079894 -7.447127 -5.897697 -2.840578 11.247324
-24.273457 -20.790800 -12.411357 -6.277749 -16.399158 -20.191717 -15.994449 -7.316405 -5.684055 -0.740026 -4.396868 13.011636
-23.920410 -24.808105 -15.257269 -10.830184 -9.233203 -18.520756 -11.342052 -8.202567 -10.370700 -4.139492 0.328414 11.883744
-29.475626 -21.641092 -14.763733 -5.861431 -14.480853 -15.918242 -8.689981 -13.784836 -6.944493 -1.477197 -5.010945 14.082898
-19.880480 -21.044729 -6.890710 -3.561511 -14.688128 -16.435699 -14.896889 -10.026816 -4.818918 -8.051292 -3.174000 12.952744
-28.241442 -22.492439 -12.298891 -6.557024 -14.626820 -12.046548 -7.954505 -11.123726 -7.587767 -1.466214 -6.304628 14.529221
-27.741840 -23.387918 -12.523065 -6.749366 -10.458762 -23.248190 -9.818135 -9.820549 -9.735291 -1.589013 -5.097268 11.315244
-21.849739 -20.154501 -10.793001 -6.316674 -13.255877 -16.941811 -11.655747 -9.489807 -4.889590 -1.571285 -3.897913 10.634843
-23.244453 -21.183784 -9.501016 -6.478946 -16.816671 -14.335747 -12.381583 -9.031402 -3.698475 -1.324013 -5.383732 12.377971
-26.109901 -22.248356 -15.525072 -8.373033 -11.887026 -14.196665 -7.863541 -9.365140 -8.052573 0.313611 -2.881252 11.078390
-21.702869 -20.063919 -9.967530 -4.772865 -16.628981 -14.254973 -13.681717 -12.033301 -2.791647 -5.814682 -3.101005 14.180262
-24.321695 -21.097330 -11.873667 -1.206318 -16.336935 -16.320423 -14.227201 -12.255653 -0.040723 -4.553066 -3.974842 14.469090
-19.404528 -18.278072 -8.572803 -4.395994 -15.070621 -14.503651 -13.166270 -9.360306 -3.578205 -4.976870 -3.015730 12.819541
-20.792246 -15.682646 -21.612940 -9.439564 -10.425204 -15.171573 -13.025824 -8.180377 -3.672944 -2.454978 -3.502497 13.242449
-19.401030 -20.692152 -9.856894 -2.190068 -15.938895 -11.024396 -11.419783 -12.373689 2.113182 -4.048049 -4.916333 12.352924
-25.949961 -20.036636 -13.043670 -4.517070 -15.056523 -12.454222 -9.395259 -11.898128 -1.846919 -0.927009 -6.229259 12.872994
-19.953714 -20.417200 -9.297558 -5.348507 -18.583141 -14.880157 -15.739935 -9.448011 -1.615431 -4.572835 -3.385516 12.725453
-25.173683 -18.192900 -22.498981 -8.963247 -12.249068 -12.616985 -10.573616 -11.691159 -3.969587 -2.740998 -4.533382 15.288490
-20.699308 -18.304716 -5.766955 -1.622835 -17.285696 -16.354500 -14.097850 -6.657806 -4.723933 -3.072322 -5.305057 11.904771
-20.897444 -17.187469 -10.128801 -3.252989 -15.853467 -20.465918 -16.934368 -6.595663 -3.630569 -4.029355 -4.478855 13.679824
-3.625516 9.741872 -9.195023 -2.630024 4.073630 -20.217001 -10.361069 1.223867 -23.460936 -7.923965 1.939437 -11.023161
-2.539597 7.966212 -10.709361 -4.070350 2.036422 -19.402710 -11.098584 3.862003 -19.203354 -4.343385 2.211084 -9.171866
-3.014613 9.205910 -11.987333 -4.086706 3.486637 -24.057890 -13.003175 6.684947 -25.714476 -6.104846 3.667355 -11.881568
-6.117833 10.580607 -9.822888 0.646439 1.052397 -23.676821 -14.545411 0.675149 -26.052517 -11.435454 1.619441 -8.037946
-10.096157 14.780590 -14.366478 1.242107 2.576041 -20.877769 -10.648747 -2.302434 -26.273733 -10.831511 2.145397 -10.028625
-1.952216 8.689930 -7.892523 -1.996234 3.444511 -17.818598 -9.634952 1.843922 -20.036951 -6.988553 1.340774 -8.899130
-6.080159 11.687928 -8.202001 1.297951 1.116635 -19.602194 -11.535387 -1.459379 -23.955067 -11.440119 1.733072 -7.818333
-5.959719 10.215466 -8.888001 1.518596 0.438202 -19.894857 -12.474039 0.569820 -22.598820 -9.740328 2.054045 -8.458490
-6.950073 8.990975 -9.597538 -0.878121 -2.552820 -24.994686 -16.801817 0.290965 -23.691093 -11.250213 1.059381 -1.908400
-8.248505 12.168765 -13.125804 -0.306343 2.018105 -24.066523 -11.296485 3.531120 -28.040522 -5.949817 2.144529 -8.438512
-12.821037 6.443158 -10.818549 3.277047 1.257164 -26.336372 -13.782243 -3.579379 -25.898602 -13.501372 2.683893 -3.286603
-16.420765 15.494920 -11.030241 5.647800 -2.423154 -29.064598 -15.332917 -3.965073 -31.987114 -12.104840 -0.665291 -4.838627
-7.987906 7.780528 -5.867666 2.844457 2.630255 -10.769084 -5.037539 -5.138390 -19.264992 -10.530925 -1.543671 -5.780298
-4.461685 11.251446 -10.616573 -0.403280 1.423640 -19.486032 -11.852958 2.141537 -23.774229 -9.635362 2.050948 -6.859080
-7.065347 12.015220 -8.937638 2.328808 2.289146 -20.419861 -11.105203 -1.907172 -26.130520 -12.135468 2.378727 -9.889982
-13.725349 12.764837 -14.047166 3.169145 2.400286 -26.661098 -11.446641 0.856745 -31.966660 -6.745914 1.339860 -8.674850
-9.894410 12.206097 -12.630002 2.423987 4.185252 -22.525965 -10.529691 -0.664029 -29.049051 -10.764328 1.718071 -9.139761
-10.260432 12.514058 -8.997687 3.779930 1.536551 -19.379145 -9.700591 -3.952960 -26.209682 -11.534003 1.972419 -9.267819
-4.942904 8.731698 -5.761507 1.119940 1.321288 -16.321466 -9.858702 -2.802317 -19.663647 -10.575974 0.146242 -7.821752
-8.444324 13.666449 -10.396066 2.142146 2.514437 -20.361326 -10.534835 -2.713317 -28.313189 -12.310025 2.851466 -9.641504
-11.626220 13.797636 -13.103348 2.233577 5.322277 -22.328560 -9.294818 -3.788344 -30.594065 -12.233143 3.221098 -11.421506
-13.296491 14.049393 -13.770778 4.218761 3.869731 -25.559523 -11.934339 -2.391613 -33.258026 -12.074579 2.277539 -11.043421
-15.230221 15.769917 -12.918569 5.986562 1.849373 -23.460690 -10.663321 -4.458292 -32.348999 -12.019386 0.147796 -9.258310
-10.351381 13.437261 -12.535506 1.986936 4.382565 -23.251810 -10.129153 -2.291474 -29.916901 -10.560575 3.101183 -11.880627
-14.978434 13.122563 -9.846008 5.748409 -0.306467 -22.382481 -9.593416 -5.644300 -28.616016 -11.560257 2.719311 -7.117146
-14.460772 10.136256 -10.800729 6.092709 1.514327 -22.570919 -9.363717 -4.297789 -27.203735 -10.478983 2.695535 -7.421938
-17.283689 13.276888 -14.158351 6.800999 6.138660 -23.841360 -7.976969 -7.011717 -34.634598 -14.795783 1.781653 -11.501491
-10.046908 17.257830 -13.663499 1.065921 1.648868 -25.396149 -13.518091 -2.038368 -31.163813 -13.575098 1.652742 -7.662252
-7.333975 11.598629 -10.350780 0.033333 2.325178 -21.544397 -11.484437 -2.749315 -25.731667 -12.145976 4.565330 -9.171376
-9.500072 14.151233 -11.415858 1.340405 1.624504 -20.952057 -10.657374 -3.487374 -27.012634 -12.461851 3.577314 -7.943385
-3.801449 -11.052942 7.213585 1.530018 -19.248594 -1.067742 -13.708062 -10.477417 1.896672 -7.707045 -3.731051 -6.542265
2.093335 -6.241473 6.542752 -1.814528 -12.496076 -4.837467 -13.119706 -4.990762 -1.877890 -8.571297 -2.405493 -4.969909
-6.071834 -14.790363 7.324436 0.591351 -19.948776 2.773726 -11.121849 -12.899256 3.164021 -7.871517 -4.603004 -5.094869
-12.328218 -13.558956 10.117870 5.999842 -20.053183 -15.743378 -15.922369 -9.183185 -4.312656 -4.383953 -4.760227 -4.960075
-4.451909 -17.119904 11.134896 0.394733 -22.919945 -4.380010 -16.734358 -12.007275 3.966007 -8.477908 -3.903452 -4.717690
-4.456281 -18.109879 12.346046 -0.171447 -24.923120 -10.450118 -19.841190 -11.087045 1.932618 -8.019805 -1.986290 -7.983325
-2.469911 -9.012858 5.719965 -0.572560 -15.367344 0.577647 -10.120636 -8.251187 -0.126064 -7.004816 -3.117357 -5.405422
-12.826150 -19.793308 9.351911 -0.225796 -24.830290 0.764268 -11.140820 -15.640155 -0.421571 -8.309728 -2.257270 -3.998161
-5.915570 -13.914733 6.894171 1.098998 -17.105122 -1.454325 -9.628511 -10.223419 1.754994 -4.891029 -3.926669 -5.597479
-4.805010 -13.594265 6.243992 -2.017626 -19.959782 2.555082 -11.227624 -13.519655 -0.961083 -11.465672 -0.028874 -4.954051
-7.068960 -8.568281 7.457932 4.159551 -18.910469 -13.147867 -17.478138 -8.953539 -3.703598 -7.601553 -2.371199 -2.292510
-6.364937 -16.756866 10.957925 0.841098 -22.799053 -10.533561 -16.788275 -10.165786 1.353265 -5.705904 -2.824467 -6.460553
-6.823808 -15.270597 6.438145 -2.162758 -25.030502 0.395628 -14.759346 -14.898495 -1.763367 -14.340710 -1.971966 -4.691747
-4.075533 -14.150267 10.998196 1.778007 -19.811680 -6.066907 -15.678663 -9.913995 1.016895 -7.765214 -5.503774 -5.147620
-5.174462 -10.901627 5.957637 -0.441404 -23.147943 -6.374123 -18.449993 -11.246422 -2.690060 -11.986640 -1.817317 -2.211519
-3.776212 -10.268670 5.467927 0.680495 -17.738476 -5.528479 -14.674129 -9.421084 -1.987966 -9.980955 -0.800035 -3.381028
-5.666255 -17.502111 7.719812 -0.337609 -20.919800 -1.214452 -12.087362 -13.443044 4.264491 -5.193561 -3.210179 -7.477618
-5.951603 -19.988722 9.596994 -1.125264 -20.076841 -1.005369 -10.844706 -12.617686 3.646581 -6.022263 -2.714196 -6.761276
-8.149757 -16.010666 7.794091 1.563303 -25.052588 1.481755 -15.441822 -16.130007 0.724237 -10.435184 -1.622376 -7.766311
-4.482904 -19.249285 9.823053 -1.993791 -28.211145 -2.264238 -19.715664 -16.081858 5.605197 -11.320539 -1.544881 -5.775502
-7.192997 -14.841028 5.849458 -2.068055 -17.052122 4.037241 -7.337458 -13.540440 -3.774428 -8.270669 0.845631 -7.343712
-3.057889 -13.320171 10.747931 0.874309 -21.165918 -7.289886 -17.794067 -10.390328 0.375993 -10.225537 -2.318966 -3.080740
-3.891673 -17.422523 11.515115 0.385862 -22.231905 -9.112926 -18.685564 -11.223437 2.764279 -9.936036 -2.649216 -4.608801
-2.154419 -11.666037 7.855521 -0.818604 -21.956768 -3.079093 -17.329424 -12.130569 0.726862 -11.084637 -2.624448 -4.009139
-2.126285 -12.921673 11.155576 0.256807 -23.735588 -9.749037 -20.741249 -9.225269 0.919692 -9.237616 -3.775543 -6.385663
-10.595738 -18.148968 7.998790 0.216410 -25.495132 4.117776 -13.481431 -17.676403 1.280565 -11.137583 -3.044440 -4.657433
-1.496727 -11.557244 8.969224 0.078105 -20.993576 -8.184719 -19.178110 -10.081390 1.291135 -11.002245 -2.982573 -2.235960
-4.945536 -19.277008 10.292259 -0.180251 -25.319000 -6.560991 -17.704163 -14.225830 6.474207 -7.642320 -4.138751 -6.430998
-4.927084 -17.130363 10.421711 -0.754166 -24.154272 -0.817403 -15.496600 -13.756243 2.821781 -9.695520 -1.755651 -4.949111
-6.561703 -14.809025 10.986446 1.707174 -21.569550 -12.578518 -17.404724 -9.269938 -0.503587 -7.100356 -2.608681 -4.776548
-16.551828 -0.220918 -5.019505 8.909616 -4.730511 -8.381819 -1.352922 -10.699325 -13.888315 -5.237446 1.180322 -10.665901
-22.964016 -2.397184 -4.125483 11.757414 -7.115231 -11.203755 -1.753021 -16.697283 -18.876526 -6.764030 2.961824 -10.639898
-26.351162 -8.286586 -5.578383 15.816647 -1.919952 -16.344664 -2.349058 -15.874803 -19.796518 -13.536565 1.160984 -4.842669
-18.854319 -1.766513 -2.362030 14.087400 -7.608392 -12.544694 -7.168688 -11.853239 -14.522474 -9.886509 -0.305146 -6.310513
-21.981478 -0.710050 0.688651 16.248264 -11.727169 -22.941814 -11.032691 -10.503758 -19.272158 -6.029493 -2.231455 -11.316164
-21.605984 -11.604381 -8.629045 4.169471 -10.969228 -4.973865 -0.305437 -11.839417 -8.661681 2.943994 3.039129 -12.186615
-19.883642 -6.419775 -2.010273 13.572831 -6.081794 -12.875971 -4.331826 -14.117156 -15.017107 -8.732615 0.602228 -8.249989
-20.996716 0.843334 -7.043075 11.108804 -6.284602 -7.874020 -0.985775 -13.695187 -19.516680 -6.641891 3.608494 -11.266485
-22.897604 -2.739328 -3.348223 13.881075 -4.953395 -11.881111 -0.763987 -13.811488 -17.401855 -7.129052 -0.138420 -7.726507
-22.880344 2.431248 -6.671939 13.417846 -1.774622 -15.525083 -3.432522 -12.929072 -28.252317 -14.167917 3.353246 -7.020264
-22.489212 4.887298 -4.560979 14.437876 -3.496144 -13.982260 -2.181612 -12.776177 -26.165714 -9.808713 1.339962 -9.091634
-17.424925 -3.105576 -4.088850 7.967917 -5.954766 -5.003117 -0.064471 -11.948429 -12.208531 -2.600806 -0.348290 -8.507388
-21.705795 1.259747 -8.130348 11.229039 -3.618723 -7.065171 1.093793 -15.032360 -20.814768 -7.311575 2.911142 -12.571946
-17.374552 3.462931 -5.501562 11.135078 -0.001839 -10.950954 -0.770494 -12.594187 -21.633509 -10.574117 2.363413 -11.619585
-14.320831 -2.166857 -2.556866 8.163675 -4.191598 -7.874983 -4.073776 -8.544079 -14.144566 -9.654737 -1.387896 -1.493689
-12.489861 2.568431 -2.399906 8.836639 -3.018224 -9.184175 -3.665666 -9.353208 -18.681427 -10.928791 3.386229 -8.476432
-17.520195 2.167452 -4.562620 11.833183 -0.312811 -12.702985 -2.810788 -8.590112 -22.947865 -11.322010 0.458928 -6.171841
-23.737356 -3.629150 -2.919971 14.671937 -6.248185 -16.179821 -5.776025 -11.851506 -21.635653 -11.660111 -0.319607 -3.025153
-28.262157 -5.594972 -6.864553 13.859579 -0.264728 -14.846445 1.205251 -14.185447 -23.802162 -10.882160 -1.649677 -2.688479
-24.833046 -3.030866 -5.895382 13.705204 -0.452578 -12.415837 0.795324 -14.086287 -25.606918 -12.800683 2.727541 -7.429058
-27.401760 -0.121110 -2.614391 17.938572 -9.617372 -18.000341 -7.829141 -15.428514 -26.197397 -11.736459 2.098409 -8.234382
-16.025587 -4.303873 0.200827 11.461658 -5.663327 -12.142402 -6.046699 -9.567420 -13.753312 -10.127207 -1.571717 -2.459304
-23.112062 3.254517 -7.366070 12.256404 -5.183189 -16.188295 -6.492420 -11.666298 -26.738003 -13.422120 1.590435 -1.930563
-24.243307 0.737365 -5.985016 13.447426 -2.096935 -9.358918 1.858986 -16.990189 -26.737469 -10.987528 4.634919 -12.949447
-30.979834 -6.245812 -7.445840 14.867890 -4.210150 -19.082603 -4.096387 -19.219685 -29.711817 -16.818579 4.973997 -5.690181
-19.260345 -2.929783 -3.250240 10.837741 -10.594568 -18.321163 -12.499041 -11.442043 -18.860022 -14.141575 1.823358 -1.612185
-19.818762 -12.691010 -4.411020 8.326478 -3.177500 -5.363486 -1.542053 -14.959001 -10.879532 -13.539892 0.125940 -1.910861
-16.373178 -1.941985 -4.351074 11.932603 -1.841698 -8.408691 -2.824004 -12.397527 -17.381174 -13.170892 0.931098 -7.372901
-21.153734 0.848576 -5.613433 12.425076 0.649375 -11.471776 0.484844 -13.320887 -26.138216 -13.088816 3.342805 -10.402368
-24.476528 1.002031 -3.883680 13.639006 -7.157505 -17.229284 -3.878623 -16.215698 -24.216911 -8.862805 3.115752 -9.588669
